exercise_name,educational_list,parser_list
ae_adl_arithmetics2,"[Addition, ArithmeticOperation, AssigningVariable, CallingFunctionLibrary, CallingStandardFunction, CreatingString, Division, HandlingFloat, HandlingFunction, HandlingStandardFunction, HandlingString, ManagingVariable, Multiplication, Printing, Python, Substraction, TransformingToFloatType]","[*, +, -, /, =, ArithmeticExpression, ArtithmeticOperator, AssignmentStatement, BinaryOperation, BuiltInFunction, Call, FloatLiteral, FunctionCall, IntegerLiteral, Literal, NumericLiteral, Operator, SimpleAssignmentStatement, StringLiteral, print()]"
ae_adl_comparison,"[ArithmeticOperation, AssigningVariable, BooleanEvaluating, CallingFunctionLibrary, CallingStandardFunction, CheckingCondition, FindMaximum, FindMinimum, HandlingFunction, HandlingStandardFunction, ManagingVariable, Printing, Python]","[=, ==, ArithmeticExpression, AssignmentStatement, BinaryOperation, BooleanExpression, BooleanLiteral, BuiltInFunction, Call, ComparisonExpression, ComparisonOperator, ExpressionStatement, FunctionCall, IntegerLiteral, Larger, Less, Literal, LogicalExpression, NotEqual, NumericLiteral, Operator, SimpleAssignmentStatement, Statement, StringLiteral, print()]"
ae_adl_dict1,"[AccessingDictionary, AddingItemToDictionary, AssigningVariable, BooleanEvaluating, CallingFunctionLibrary, CallingStandardFunction, CheckingCondition, CheckingForItem, CreatingDictionary, DefiningStandardFunction, FindingLength, HandlingDictionary, HandlingFunction, HandlingStandardFunction, IfElseChecking, ManagingVariable, Printing, Python, ReplacingDictionaryElement, UpdatingVariable]","[=, AssignmentStatement, BooleanExpression, BuiltInFunction, Call, ComparisonExpression, ConditionalStatement, DefinitionStatement, DictLiteral, ExpressionStatement, FunctionCall, FunctionDefinition, IfElseStatement, IndexingExpression, Literal, LiteralCollection, LogicalExpression, MembershipOperator, Operator, SimpleAssignmentStatement, Statement, StringLiteral, SubscriptExpression, dict(), in, len(), print()]"
ae_adl_dict2,"[AccessingDictionary, AddingItemToDictionary, Addition, ArithmeticOperation, AssigningVariable, CallingFunctionLibrary, CallingStandardFunction, CreatingDictionary, CreatingString, DefiningStandardFunction, FormattingString, HandlingDictionary, HandlingFunction, HandlingStandardFunction, HandlingString, IndexingString, ManagingVariable, Printing, Python, ReplacingDictionaryElement, UpdatingVariable]","[+, =, ArithmeticExpression, ArtithmeticOperator, AssignmentStatement, AugmentedAssignmentStatement, BinaryOperation, BuiltInFunction, Call, DefinitionStatement, DictLiteral, ExpressionStatement, FunctionCall, FunctionDefinition, IndexingExpression, IntegerLiteral, Literal, LiteralCollection, NumericLiteral, Operator, SimpleAssignmentStatement, Statement, StringLiteral, SubscriptExpression, dict(), print()]"
ae_adl_dict3,"[AccessingDictionary, AddingItemToDictionary, ArithmeticOperation, AssigningVariable, CallingFunctionLibrary, CallingStandardFunction, CheckingInForLoop, CreatingDictionary, CreatingString, DefiningStandardFunction, FindMaximum, HandlingDictionary, HandlingFunction, HandlingStandardFunction, HandlingString, IfCheckingInForLoop, IndexingDictionary, ManagingVariable, NonNestedIteration, Printing, Python, SingleForLoopIteration, UpdatingVariable]","[=, ==, ArithmeticExpression, AssignmentStatement, BinaryOperation, BooleanExpression, BuiltInFunction, Call, ComparisonExpression, ComparisonOperator, ConditionalStatement, DefinitionStatement, DictLiteral, DictionaryMethod, ExpressionStatement, ForStatement, FunctionCall, FunctionDefinition, IfStatement, IndexingExpression, IntegerLiteral, IterationStatement, Larger, Literal, LiteralCollection, LogicalExpression, LogicalOperator, MembershipOperator, NoneLiteral, NumericLiteral, Operator, SimpleAssignmentStatement, Statement, StringLiteral, SubscriptExpression, dict(), in, keys(), or, print()]"
ae_adl_file1,"[Addition, ArithmeticOperation, AssigningVariable, CallingFunctionLibrary, CallingStandardFunction, ClosingFile, DefiningStandardFunction, Division, ForLoopWith+=, ForLoopWithUpdate, HandlingFile, HandlingFunction, HandlingInput, HandlingInteger, HandlingStandardFunction, ManagingVariable, NonNestedIteration, OpeningFile, Printing, Python, ReadingLine, SingleForLoopIteration, TransformingToIntType, UpdatingVariable]","[+, /, =, ArithmeticExpression, ArtithmeticOperator, AssignmentStatement, BinaryOperation, BuiltInFunction, Call, DefinitionStatement, ExpressionStatement, FileMethod, ForStatement, FunctionCall, FunctionDefinition, IntegerLiteral, IterationStatement, Literal, MembershipOperator, NumericLiteral, Operator, SimpleAssignmentStatement, Statement, StringLiteral, close(), in, int(), open(), print()]"
ae_adl_file2,"[AssigningVariable, CallingFunctionLibrary, CallingOOPMethod, CallingStandardFunction, CheckingCondition, CheckingInForLoop, ClosingFile, CreatingList, CreatingString, DefiningStandardFunction, HandlingFile, HandlingFunction, HandlingInput, HandlingList, HandlingObjectOrientedProgramming, HandlingStandardFunction, HandlingString, IfChecking, IfCheckingInForLoop, IndexingList, IndexingString, ManagingVariable, NonNestedIteration, OpeningFile, Printing, Python, ReadingLine, ReplacingStringContent, SingleForLoopIteration, SplittingString, TrimmingString, UpdatingVariable]","[=, ==, AssignmentStatement, BooleanExpression, BuiltInFunction, Call, ComparisonExpression, ComparisonOperator, ConditionalStatement, DefinitionStatement, ExpressionStatement, FileMethod, ForStatement, FunctionCall, FunctionDefinition, IfStatement, IndexingExpression, IterationStatement, ListLiteral, Literal, LiteralCollection, LogicalExpression, MembershipOperator, Operator, SimpleAssignmentStatement, Statement, StringLiteral, StringMethod, SubscriptExpression, close(), in, open(), print(), rstrip(), split()]"
ae_adl_findmax,"[ArithmeticOperation, AssigningVariable, BooleanEvaluating, CallingFunctionLibrary, CallingStandardFunction, CheckingCondition, CheckingInForLoop, CreatingList, CreatingString, FindMaximum, HandlingFunction, HandlingList, HandlingStandardFunction, HandlingString, IfCheckingInForLoop, IndexingList, IndexingString, ManagingVariable, NonNestedIteration, Printing, Python, SingleForLoopIteration, UpdatingVariable]","[=, ArithmeticExpression, AssignmentStatement, BinaryOperation, BooleanExpression, BuiltInFunction, Call, ComparisonExpression, ComparisonOperator, ConditionalStatement, ExpressionStatement, ForStatement, FunctionCall, IfStatement, IndexingExpression, IntegerLiteral, IterationStatement, Larger, ListLiteral, Literal, LiteralCollection, LogicalExpression, NumericLiteral, Operator, SimpleAssignmentStatement, Statement, StringLiteral, SubscriptExpression, list(), print()]"
ae_adl_for,"[ArithmeticOperation, CallingFunctionLibrary, CallingStandardFunction, ForLoopWith*=, ForLoopWithUpdate, HandlingFunction, HandlingStandardFunction, Multiplication, NonNestedIteration, Printing, Python, SingleForLoopIteration]","[*, ArithmeticExpression, ArtithmeticOperator, BinaryOperation, BuiltInFunction, Call, ExpressionStatement, ForStatement, FunctionCall, IntegerLiteral, IterationStatement, Literal, MembershipOperator, NumericLiteral, Statement, StringLiteral, in, print(), range()]"
ae_adl_format1,"[AssigningVariable, CallingFunctionCallingFunction, CallingFunctionLibrary, CallingOOPMethod, CallingStandardFunction, FormattingString, HandlingFunction, HandlingFunctionCallingFunction, HandlingObjectOrientedProgramming, HandlingStandardFunction, HandlingString, ManagingVariable, NestedFunctionCall, Printing, Python]","[=, AssignmentStatement, BuiltInFunction, Call, ExpressionStatement, FunctionCall, IntegerLiteral, Literal, NumericLiteral, Operator, SimpleAssignmentStatement, Statement, StringLiteral, StringMethod, format(), print()]"
ae_adl_format2,"[AssigningVariable, CallingFunctionLibrary, CallingOOPMethod, CallingStandardFunction, FormattingString, HandlingFunction, HandlingObjectOrientedProgramming, HandlingStandardFunction, HandlingString, ManagingVariable, Printing, Python]","[=, AssignmentStatement, BuiltInFunction, Call, ExpressionStatement, FloatLiteral, FunctionCall, Literal, NumericLiteral, Operator, SimpleAssignmentStatement, Statement, StringLiteral, StringMethod, format(), print()]"
ae_adl_functions1,"[CallingFunctionCallingFunction, CallingFunctionLibrary, CallingStandardFunction, CreatingString, HandlingFunction, HandlingFunctionCallingFunction, HandlingStandardFunction, HandlingString, Printing, Python]","[BuiltInFunction, Call, DefinitionStatement, ExpressionStatement, FunctionCall, FunctionDefinition, Literal, Statement, StringLiteral, print()]"
ae_adl_functions2,"[Addition, ArithmeticOperation, AssigningVariable, CallingFunctionLibrary, CallingStandardFunction, CreatingString, DefiningStandardFunction, Division, HandlingFunction, HandlingStandardFunction, HandlingString, ManagingVariable, Printing, Python]","[+, /, =, ArithmeticExpression, ArtithmeticOperator, AssignmentStatement, BinaryOperation, BuiltInFunction, Call, DefinitionStatement, FunctionCall, FunctionDefinition, IntegerLiteral, JumpStatement, Literal, NumericLiteral, Operator, ReturnStatement, SimpleAssignmentStatement, StringLiteral, print()]"
ae_adl_functions3,"[Addition, ArithmeticOperation, AssigningVariable, CallingFunctionCallingFunction, CallingFunctionLibrary, CallingStandardFunction, DefiningStandardFunction, HandlingFloat, HandlingFunction, HandlingFunctionCallingFunction, HandlingStandardFunction, ManagingVariable, Multiplication, NestedFunctionCall, Printing, Python, Substraction, TransformingToFloatType]","[*, +, -, =, ArithmeticExpression, ArtithmeticOperator, AssignmentStatement, BinaryOperation, BuiltInFunction, Call, DefinitionStatement, ExpressionStatement, FloatLiteral, FunctionCall, FunctionDefinition, JumpStatement, Literal, NumericLiteral, Operator, ReturnStatement, SimpleAssignmentStatement, Statement, StringLiteral, float(), print()]"
ae_adl_greet,"[AssigningVariable, CallingFunctionLibrary, CallingStandardFunction, CreatingString, HandlingFunction, HandlingInput, HandlingStandardFunction, HandlingString, ManagingVariable, Printing, Python]","[=, AssignmentStatement, BuiltInFunction, Call, ExpressionStatement, FunctionCall, Literal, Operator, SimpleAssignmentStatement, Statement, StringLiteral, input(), print()]"
ae_adl_hello,"[CallingFunctionLibrary, CallingStandardFunction, CreatingString, HandlingFunction, HandlingStandardFunction, HandlingString, Printing, Python]","[BuiltInFunction, Call, ExpressionStatement, FunctionCall, Literal, Statement, StringLiteral, print()]"
ae_adl_hiscore1,"[ArithmeticOperation, AssigningVariable, BooleanEvaluating, CallingFunctionLibrary, CallingStandardFunction, CheckingCondition, CreatingString, FindMaximum, HandlingFunction, HandlingStandardFunction, HandlingString, IfChecking, ManagingVariable, Printing, Python, UpdatingVariable]","[=, ArithmeticExpression, AssignmentStatement, BinaryOperation, BooleanExpression, BuiltInFunction, Call, ComparisonExpression, ComparisonOperator, ConditionalStatement, ExpressionStatement, FunctionCall, IfStatement, IntegerLiteral, Larger, Literal, LogicalExpression, NumericLiteral, Operator, SimpleAssignmentStatement, Statement, StringLiteral, print()]"
ae_adl_hiscore2,"[ArithmeticOperation, AssigningVariable, BooleanEvaluating, CallingFunctionLibrary, CallingStandardFunction, CheckingCondition, FindMaximum, HandlingFunction, HandlingStandardFunction, IfChecking, ManagingVariable, Printing, Python, UpdatingVariable]","[=, ArithmeticExpression, AssignmentStatement, BinaryOperation, BooleanExpression, BuiltInFunction, Call, ComparisonExpression, ComparisonOperator, ConditionalStatement, ExpressionStatement, FunctionCall, IfStatement, IntegerLiteral, Larger, Literal, LogicalExpression, NumericLiteral, Operator, SimpleAssignmentStatement, Statement, StringLiteral, print()]"
ae_adl_ifelifelse,"[AssigningVariable, CallingFunctionLibrary, CallingStandardFunction, CheckingCondition, CreatingString, HandlingFunction, HandlingStandardFunction, HandlingString, IfElifElseChecking, ManagingVariable, Printing, Python]","[=, ArithmeticExpression, AssignmentStatement, BinaryOperation, BooleanExpression, BuiltInFunction, Call, ComparisonExpression, ComparisonOperator, ConditionalStatement, ExpressionStatement, FunctionCall, IfElifElseStatement, IfElifStatement, IntegerLiteral, Larger, Literal, LogicalExpression, NumericLiteral, Operator, SimpleAssignmentStatement, Statement, StringLiteral, print()]"
ae_adl_ifelse,"[ArithmeticOperation, AssigningVariable, BooleanEvaluating, CallingFunctionLibrary, CallingStandardFunction, CheckingCondition, CreatingString, FindRemainder, HandlingFunction, HandlingStandardFunction, HandlingString, IfElseChecking, ManagingVariable, Printing, Python]","[=, ==, ArithmeticExpression, ArtithmeticOperator, AssignmentStatement, BinaryOperation, BooleanExpression, BuiltInFunction, Call, ComparisonExpression, ComparisonOperator, ConditionalStatement, ExpressionStatement, FunctionCall, IfElseStatement, IntegerLiteral, Literal, LogicalExpression, Modulus, NumericLiteral, Operator, SimpleAssignmentStatement, Statement, StringLiteral, print()]"
ae_adl_input1,"[Addition, ArithmeticOperation, AssigningVariable, CallingFunctionLibrary, CallingStandardFunction, HandlingFunction, HandlingInput, HandlingInteger, HandlingStandardFunction, ManagingVariable, Multiplication, NestedFunctionCall, Printing, Python, TransformingToIntType]","[*, +, =, ArithmeticExpression, ArtithmeticOperator, AssignmentStatement, BinaryOperation, BuiltInFunction, Call, FunctionCall, Literal, Operator, SimpleAssignmentStatement, StringLiteral, input(), int(), print()]"
ae_adl_input2,"[ArithmeticOperation, AssigningVariable, CallingFunctionLibrary, CallingStandardFunction, CreatingString, HandlingFloat, HandlingFunction, HandlingInput, HandlingStandardFunction, HandlingString, ManagingVariable, Multiplication, Printing, Python, TransformingToFloatType]","[*, =, ArithmeticExpression, ArtithmeticOperator, AssignmentStatement, BinaryOperation, BuiltInFunction, Call, ExpressionStatement, FloatLiteral, FunctionCall, Literal, NumericLiteral, Operator, SimpleAssignmentStatement, Statement, StringLiteral, float(), input(), print()]"
ae_adl_lists1,"[AddingListElement, AddingListElementWithAppend, AssigningVariable, CallingFunctionLibrary, CallingOOPMethod, CallingStandardFunction, CreatingList, FindingLength, HandlingFunction, HandlingList, HandlingObjectOrientedProgramming, HandlingStandardFunction, HandlingString, IndexingList, IndexingString, ManagingVariable, Printing, Python, UpdatingVariable]","[=, AssignmentStatement, BuiltInFunction, Call, ExpressionStatement, FunctionCall, IndexingExpression, IntegerLiteral, ListLiteral, ListMethod, Literal, LiteralCollection, NumericLiteral, Operator, SimpleAssignmentStatement, Statement, StringLiteral, SubscriptExpression, append(), len(), print()]"
ae_adl_lists2,"[AssigningVariable, CallingFunctionLibrary, CallingStandardFunction, CreatingList, CreatingString, HandlingFunction, HandlingList, HandlingStandardFunction, HandlingString, ManagingVariable, NonNestedIteration, Printing, Python, SingleForLoopIteration]","[=, AssignmentStatement, BuiltInFunction, Call, ExpressionStatement, ForStatement, FunctionCall, IntegerLiteral, IterationStatement, ListLiteral, Literal, LiteralCollection, MembershipOperator, NumericLiteral, Operator, SimpleAssignmentStatement, Statement, StringLiteral, in, list(), print()]"
ae_adl_lists3,"[ArithmeticOperation, AssigningVariable, CallingFunctionLibrary, CallingStandardFunction, CreatingList, CreatingString, FindingLength, ForLoopWith*=, ForLoopWithUpdate, HandlingFunction, HandlingList, HandlingStandardFunction, HandlingString, IndexingList, IndexingString, ManagingVariable, Multiplication, NonNestedIteration, Printing, Python, ReplacingListElement, SingleForLoopIteration, UpdatingVariable]","[*, =, ArithmeticExpression, ArtithmeticOperator, AssignmentStatement, BinaryOperation, BuiltInFunction, Call, ExpressionStatement, ForStatement, FunctionCall, IndexingExpression, IntegerLiteral, IterationStatement, ListLiteral, Literal, LiteralCollection, MembershipOperator, NumericLiteral, Operator, SimpleAssignmentStatement, Statement, StringLiteral, SubscriptExpression, in, len(), print(), range()]"
ae_adl_logic,"[ArithmeticOperation, AssigningVariable, BooleanEvaluating, CheckingCondition, ManagingVariable, Substraction, UpdatingVariable]","[-, =, ArithmeticExpression, ArtithmeticOperator, AssignmentStatement, BinaryOperation, BooleanExpression, BooleanLiteral, ComparisonExpression, ComparisonOperator, ExpressionStatement, IntegerLiteral, Larger, LargerOrEqual, Less, Literal, LogicalExpression, LogicalOperator, NumericLiteral, Operator, SimpleAssignmentStatement, Statement, and, or]"
ae_adl_nested_if,"[CallingFunctionLibrary, CallingStandardFunction, CheckingCondition, HandlingFunction, HandlingStandardFunction, IfChecking, IfElseChecking, NestedIfChecking, Printing, Python]","[=, ArithmeticExpression, AssignmentStatement, BinaryOperation, BooleanExpression, BuiltInFunction, Call, ComparisonExpression, ComparisonOperator, ConditionalStatement, ExpressionStatement, FunctionCall, IfElseStatement, IfStatement, IntegerLiteral, LargerOrEqual, Less, Literal, LogicalExpression, NumericLiteral, Operator, SimpleAssignmentStatement, Statement, StringLiteral, print()]"
ae_adl_objects1,"[AssigningVariable, CallingFunctionLibrary, CallingOOPMethod, CallingStandardFunction, CreatingObject, HandlingFunction, HandlingObjectOrientedProgramming, HandlingStandardFunction, ManagingVariable, Printing, Python]","[=, AssignmentStatement, BuiltInFunction, Call, ClassMethod, ExpressionStatement, FunctionCall, IntegerLiteral, NumericLiteral, Operator, SimpleAssignmentStatement, Statement, __init()__, print()]"
ae_adl_objects2,"[Addition, ArithmeticOperation, AssigningVariable, BooleanEvaluating, CallingFunctionCallingFunction, CallingFunctionLibrary, CallingOOPMethod, CallingStandardFunction, CheckingCondition, CreatingObject, DefiningClass, DefiningOOPMethod, DefiningStandardFunction, FindMinimum, HandlingFunction, HandlingFunctionCallingFunction, HandlingObjectOrientedProgramming, HandlingStandardFunction, IfChecking, ManagingVariable, Printing, Python, Substraction, UpdatingVariable]","[+, -, =, ArithmeticExpression, ArtithmeticOperator, AssignmentStatement, BinaryOperation, BooleanExpression, BooleanLiteral, BuiltInFunction, Call, ClassDefinition, ClassMethod, ComparisonExpression, ComparisonOperator, ConditionalStatement, DefinitionStatement, ExpressionStatement, FunctionCall, FunctionDefinition, IfStatement, IntegerLiteral, JumpStatement, Larger, Less, Literal, LogicalExpression, NumericLiteral, Operator, ReturnStatement, SimpleAssignmentStatement, Statement, __init()__, min(), print()]"
ae_adl_objects3,"[AccessingDictionary, AddingItemToDictionary, Addition, ArithmeticOperation, AssigningVariable, CallingFunctionLibrary, CallingOOPMethod, CreatingDictionary, CreatingObject, DefiningClass, DefiningOOPMethod, DefiningStandardFunction, HandlingDictionary, HandlingFunction, HandlingObjectOrientedProgramming, HandlingStandardFunction, HandlingString, IndexingString, ManagingVariable, Printing, Python, Substraction, UpdatingVariable]","[+, -, =, ArithmeticExpression, ArtithmeticOperator, AssignmentStatement, AugmentedAssignmentStatement, BinaryOperation, BuiltInFunction, Call, ClassDefinition, DefinitionStatement, DictLiteral, ExpressionStatement, FunctionCall, FunctionDefinition, IndexingExpression, IntegerLiteral, JumpStatement, LiteralCollection, NumericLiteral, Operator, ReturnStatement, SimpleAssignmentStatement, Statement, SubscriptExpression, dict(), print()]"
ae_adl_recursion,"[ArithmeticOperation, BooleanEvaluating, CallingFunctionLibrary, CallingRecursiveFunction, CallingStandardFunction, CheckingCondition, CreatingString, DefiningRecursiveFunction, HandlingFunction, HandlingRecursiveFunction, HandlingStandardFunction, HandlingString, IfElseChecking, Multiplication, Printing, Python, Substraction]","[*, -, =, ArithmeticExpression, ArtithmeticOperator, BinaryOperation, BooleanExpression, BuiltInFunction, Call, ComparisonExpression, ComparisonOperator, ConditionalStatement, DefinitionStatement, ExpressionStatement, FunctionCall, FunctionDefinition, IfElseStatement, IfStatement, IntegerLiteral, JumpStatement, Less, Literal, LogicalExpression, NumericLiteral, Operator, ReturnStatement, Statement, StringLiteral, print()]"
ae_adl_returnvalue,"[ArithmeticOperation, AssigningVariable, CallingFunctionLibrary, CallingStandardFunction, CreatingString, DefiningStandardFunction, FormattingString, HandlingFloat, HandlingFunction, HandlingInput, HandlingStandardFunction, HandlingString, ManagingVariable, Multiplication, NestedFunctionCall, Printing, Python, TransformingToFloatType]","[*, =, ArithmeticExpression, ArtithmeticOperator, AssignmentStatement, BinaryOperation, BuiltInFunction, Call, DefinitionStatement, ExpressionStatement, FloatLiteral, FunctionCall, FunctionDefinition, JumpStatement, Literal, NumericLiteral, Operator, ReturnStatement, SimpleAssignmentStatement, Statement, StringLiteral, StringMethod, float(), format(), input(), print()]"
ae_adl_simple_arithmetics,"[Addition, ArithmeticOperation, AssigningVariable, CallingFunctionLibrary, CallingStandardFunction, CreatingString, HandlingFunction, HandlingStandardFunction, HandlingString, ManagingVariable, Multiplication, Printing, Python]","[*, +, =, ArithmeticExpression, ArtithmeticOperator, AssignmentStatement, BinaryOperation, BuiltInFunction, Call, FunctionCall, IntegerLiteral, Literal, NumericLiteral, Operator, SimpleAssignmentStatement, StringLiteral, print()]"
ae_adl_strings,"[Addition, ArithmeticOperation, AssigningVariable, CallingFunctionLibrary, CallingStandardFunction, Concatenation, CreatingString, FindingLength, HandlingFunction, HandlingStandardFunction, HandlingString, ManagingVariable, Printing, Python]","[+, =, ArithmeticExpression, ArtithmeticOperator, AssignmentStatement, BinaryOperation, BuiltInFunction, Call, FunctionCall, Literal, Operator, SimpleAssignmentStatement, StringLiteral, len(), print()]"
ae_adl_swap,"[AssigningVariable, CallingFunctionLibrary, CallingStandardFunction, HandlingFunction, HandlingStandardFunction, ManagingVariable, Printing, Python, SwappingVariablesValue]","[=, AssignmentStatement, BuiltInFunction, Call, FunctionCall, IntegerLiteral, Literal, NumericLiteral, Operator, SimpleAssignmentStatement, StringLiteral, print()]"
ae_adl_tryexcept1,"[Addition, ArithmeticOperation, AssigningVariable, CallingFunctionLibrary, CallingStandardFunction, HandlingError, HandlingFunction, HandlingInteger, HandlingSpecificError, HandlingStandardFunction, ManagingVariable, Printing, Python, TransformingToIntType]","[+, =, ArithmeticExpression, ArtithmeticOperator, AssignmentStatement, BinaryOperation, BuiltInFunction, Call, Error, ExceptionHandlingStatement, FunctionCall, Literal, Operator, SimpleAssignmentStatement, StringLiteral, TryStatement, ValueError, int(), print()]"
ae_adl_tryexcept2,"[Addition, ArithmeticOperation, CallingFunctionLibrary, CallingStandardFunction, CreatingString, DefiningStandardFunction, Division, HandlingError, HandlingFunction, HandlingInteger, HandlingSpecificError, HandlingStandardFunction, HandlingString, Printing, Python, TransformingToIntType]","[+, /, =, ArithmeticExpression, ArtithmeticOperator, AssignmentStatement, BinaryOperation, BuiltInFunction, Call, DefinitionStatement, Error, ExceptionHandlingStatement, ExpressionStatement, FunctionCall, FunctionDefinition, IntegerLiteral, JumpStatement, Literal, NumericLiteral, Operator, ReturnStatement, SimpleAssignmentStatement, Statement, StringLiteral, TryStatement, ValueError, int(), print()]"
ae_adl_vals_refs1,"[AssigningVariable, CallingFunctionLibrary, CallingStandardFunction, DefiningStandardFunction, HandlingFunction, HandlingStandardFunction, ManagingVariable, Printing, Python, UpdatingVariable]","[=, AssignmentStatement, BuiltInFunction, Call, DefinitionStatement, ExpressionStatement, FunctionCall, FunctionDefinition, IntegerLiteral, Literal, NumericLiteral, Operator, SimpleAssignmentStatement, Statement, StringLiteral, print()]"
ae_adl_vals_refs2,"[CallingFunctionCallingFunction, CallingFunctionLibrary, CallingStandardFunction, CreatingList, DefiningFunctionCallingFunction, DefiningStandardFunction, HandlingFunction, HandlingFunctionCallingFunction, HandlingList, HandlingStandardFunction, HandlingString, IndexingList, IndexingString, ListReferencing, ManagingVariable, Printing, Python, ReplacingListElement, UpdatingVariable]","[=, AssignmentStatement, BuiltInFunction, Call, DefinitionStatement, ExpressionStatement, FunctionCall, FunctionDefinition, IndexingExpression, IntegerLiteral, ListLiteral, LiteralCollection, NumericLiteral, Operator, SimpleAssignmentStatement, Statement, SubscriptExpression, list(), print()]"
ae_adl_vals_refs3,"[AssigningVariable, CallingFunctionLibrary, CallingStandardFunction, CreatingList, DefiningStandardFunction, HandlingFunction, HandlingList, HandlingStandardFunction, HandlingString, IndexingList, IndexingString, ListReferencing, ManagingVariable, Printing, Python, ReplacingListElement, UpdatingVariable]","[=, AssignmentStatement, BuiltInFunction, Call, DefinitionStatement, ExpressionStatement, FunctionCall, FunctionDefinition, IndexingExpression, IntegerLiteral, ListLiteral, Literal, LiteralCollection, NumericLiteral, Operator, SimpleAssignmentStatement, Statement, StringLiteral, SubscriptExpression, list(), print()]"
ae_adl_variables,"[Addition, ArithmeticOperation, AssigningVariable, CallingFunctionLibrary, CallingStandardFunction, CreatingString, HandlingFunction, HandlingStandardFunction, HandlingString, ManagingVariable, Printing, Python, UpdatingVariable]","[+, =, ArithmeticExpression, ArtithmeticOperator, AssignmentStatement, BinaryOperation, BuiltInFunction, Call, FunctionCall, IntegerLiteral, Literal, NumericLiteral, Operator, SimpleAssignmentStatement, StringLiteral, print()]"
ae_adl_while,"[ArithmeticOperation, AssigningVariable, BooleanEvaluating, CallingFunctionLibrary, CallingStandardFunction, CheckingCondition, HandlingFunction, HandlingStandardFunction, ManagingVariable, Multiplication, NonNestedIteration, Printing, Python, SingleWhileLoopIteration, UpdatingVariable, WhileLoopWith*=, WhileLoopWithUpdate]","[*, =, ArithmeticExpression, ArtithmeticOperator, AssignmentStatement, BinaryOperation, BooleanExpression, BuiltInFunction, Call, ComparisonExpression, ComparisonOperator, ExpressionStatement, FunctionCall, IntegerLiteral, IterationStatement, Less, Literal, LogicalExpression, NumericLiteral, Operator, SimpleAssignmentStatement, Statement, StringLiteral, WhileStatement, print()]"
ae_python_assignment,"[Addition, ArithmeticOperation, AssigningVariable, ManagingVariable, UpdatingVariable]","[+, =, ArithmeticExpression, ArtithmeticOperator, AssignmentStatement, BinaryOperation, IntegerLiteral, NumericLiteral, Operator, SimpleAssignmentStatement]"
ae_python_class1,"[AssigningVariable, CallingFunctionLibrary, CallingOOPMethod, CallingStandardFunction, CreatingObject, HandlingFunction, HandlingObjectOrientedProgramming, HandlingStandardFunction, ManagingVariable, Printing, Python]","[=, AssignmentStatement, BuiltInFunction, Call, ClassDefinition, ClassMethod, DefinitionStatement, ExpressionStatement, FunctionCall, FunctionDefinition, IntegerLiteral, NumericLiteral, Operator, SimpleAssignmentStatement, Statement, __init()__, print()]"
ae_python_class2,"[Addition, ArithmeticOperation, AssigningVariable, BooleanEvaluating, CallingFunctionLibrary, CallingOOPMethod, CallingStandardFunction, CheckingCondition, CreatingObject, DefiningClass, DefiningOOPMethod, DefiningStandardFunction, FindMinimum, HandlingFunction, HandlingObjectOrientedProgramming, HandlingStandardFunction, IfChecking, ManagingVariable, Printing, Python, Substraction, UpdatingVariable]","[+, -, =, ArithmeticExpression, ArtithmeticOperator, AssignmentStatement, AugmentedAssignmentStatement, BinaryOperation, BooleanExpression, BooleanLiteral, BuiltInFunction, Call, ClassDefinition, ClassMethod, ComparisonExpression, ComparisonOperator, ConditionalStatement, DefinitionStatement, FunctionCall, FunctionDefinition, IfStatement, IntegerLiteral, JumpStatement, Larger, Less, Literal, LogicalExpression, NumericLiteral, Operator, ReturnStatement, SimpleAssignmentStatement, __init()__, min(), print()]"
ae_python_file,"[AssigningVariable, BooleanEvaluating, CallingFunctionLibrary, CallingOOPMethod, CallingStandardFunction, CheckingCondition, CheckingInForLoop, ClosingFile, DefiningStandardFunction, HandlingFile, HandlingFunction, HandlingInput, HandlingInteger, HandlingList, HandlingObjectOrientedProgramming, HandlingStandardFunction, HandlingString, IfCheckingInForLoop, IndexingList, IndexingString, ManagingVariable, NonNestedIteration, OpeningFile, Printing, Python, ReadingLine, ReplacingStringContent, SingleForLoopIteration, SplittingString, TransformingToIntType, TransformingToStringType, TrimmingString, UpdatingVariable]","[=, ArithmeticExpression, AssignmentStatement, BinaryOperation, BooleanExpression, BuiltInFunction, Call, ComparisonExpression, ComparisonOperator, ConditionalStatement, DefinitionStatement, ExpressionStatement, FileMethod, ForStatement, FunctionCall, FunctionDefinition, IfStatement, IndexingExpression, IntegerLiteral, IterationStatement, Less, Literal, LogicalExpression, MembershipOperator, NumericLiteral, Operator, SimpleAssignmentStatement, Statement, StringLiteral, StringMethod, SubscriptExpression, close(), in, int(), open(), print(), rstrip(), split()]"
ae_python_float,"[Addition, ArithmeticOperation, AssigningVariable, CallingFunctionLibrary, CallingStandardFunction, CreatingString, HandlingFloat, HandlingFunction, HandlingInput, HandlingStandardFunction, HandlingString, ManagingVariable, Multiplication, Printing, Python, TransformingToFloatType, TransformingToStringType]","[*, +, =, ArithmeticExpression, ArtithmeticOperator, AssignmentStatement, BinaryOperation, BuiltInFunction, Call, ExpressionStatement, FloatLiteral, FunctionCall, IntegerLiteral, Literal, NumericLiteral, Operator, SimpleAssignmentStatement, Statement, StringLiteral, float(), input(), print()]"
ae_python_for,"[ArithmeticOperation, CallingFunctionLibrary, CallingStandardFunction, CreatingString, ForLoopWith*=, ForLoopWithUpdate, HandlingFunction, HandlingStandardFunction, HandlingString, Multiplication, NonNestedIteration, Printing, Python, SingleForLoopIteration]","[*, ArithmeticExpression, ArtithmeticOperator, BinaryOperation, BuiltInFunction, Call, ExpressionStatement, ForStatement, FunctionCall, IntegerLiteral, IterationStatement, Literal, MembershipOperator, NumericLiteral, Statement, StringLiteral, in, print(), range()]"
ae_python_function,"[Addition, ArithmeticOperation, AssigningVariable, CallingFunctionCallingFunction, CallingFunctionLibrary, CallingStandardFunction, CreatingString, DefiningStandardFunction, HandlingFunction, HandlingFunctionCallingFunction, HandlingStandardFunction, HandlingString, ManagingVariable, Multiplication, NestedFunctionCall, Printing, Python]","[*, +, =, ArithmeticExpression, ArtithmeticOperator, AssignmentStatement, BinaryOperation, BuiltInFunction, Call, DefinitionStatement, ExpressionStatement, FunctionCall, FunctionDefinition, IntegerLiteral, JumpStatement, Literal, NumericLiteral, Operator, ReturnStatement, SimpleAssignmentStatement, Statement, StringLiteral, print()]"
ae_python_if,"[AssigningVariable, BooleanEvaluating, CallingFunctionLibrary, CallingStandardFunction, CheckingCondition, CreatingString, HandlingFloat, HandlingFunction, HandlingInput, HandlingStandardFunction, HandlingString, IfElseChecking, ManagingVariable, Printing, Python, TransformingToFloatType]","[=, ArithmeticExpression, AssignmentStatement, BinaryOperation, BooleanExpression, BuiltInFunction, Call, ComparisonExpression, ComparisonOperator, ConditionalStatement, ExpressionStatement, FunctionCall, IfElseStatement, IfStatement, IntegerLiteral, Larger, Literal, LogicalExpression, NumericLiteral, Operator, SimpleAssignmentStatement, Statement, StringLiteral, float(), input(), print()]"
ae_python_input,"[AssigningVariable, CallingFunctionLibrary, CallingStandardFunction, CreatingString, HandlingFunction, HandlingInput, HandlingStandardFunction, HandlingString, ManagingVariable, Printing, Python, TransformingToStringType]","[=, AssignmentStatement, BuiltInFunction, Call, ExpressionStatement, FunctionCall, Literal, Operator, SimpleAssignmentStatement, Statement, StringLiteral, input(), print()]"
ae_python_intro,"[Addition, ArithmeticOperation, AssigningVariable, ManagingVariable, Multiplication]","[*, +, =, ArithmeticExpression, ArtithmeticOperator, AssignmentStatement, BinaryOperation, ExpressionStatement, FloatLiteral, IntegerLiteral, NumericLiteral, Operator, SimpleAssignmentStatement, Statement]"
ae_python_list,"[AssigningVariable, BooleanEvaluating, CallingFunctionLibrary, CallingOOPMethod, CallingStandardFunction, CheckingCondition, CheckingInForLoop, CreatingList, DefiningStandardFunction, FindingLength, HandlingFunction, HandlingList, HandlingObjectOrientedProgramming, HandlingStandardFunction, IfCheckingInForLoop, IfElseChecking, IndexingList, ManagingVariable, NonNestedIteration, Printing, Python, ReplacingListElement, SingleForLoopIteration, UpdatingVariable]","[=, ArithmeticExpression, AssignmentStatement, BinaryOperation, BooleanExpression, BuiltInFunction, Call, ComparisonExpression, ComparisonOperator, ConditionalStatement, DefinitionStatement, ExpressionStatement, ForStatement, FunctionCall, FunctionDefinition, IfElseStatement, IfStatement, IndexingExpression, IntegerLiteral, IterationStatement, JumpStatement, Larger, ListLiteral, ListMethod, Literal, LiteralCollection, LogicalExpression, NumericLiteral, Operator, ReturnStatement, SimpleAssignmentStatement, Statement, StringLiteral, SubscriptExpression, append(), len(), list(), print()]"
ae_python_split,"[Addition, ArithmeticOperation, AssigningVariable, BooleanEvaluating, CallingFunctionLibrary, CallingOOPMethod, CallingStandardFunction, CheckingCondition, CheckingInForLoop, CreatingList, CreatingString, DefiningStandardFunction, FindMaximum, FindingLength, ForLoopWith+=, ForLoopWithUpdate, HandlingFunction, HandlingInteger, HandlingList, HandlingObjectOrientedProgramming, HandlingStandardFunction, HandlingString, IfChecking, IfCheckingInForLoop, IfElseChecking, IndexingList, IndexingString, ManagingVariable, NonNestedIteration, Printing, Python, SingleForLoopIteration, SplittingString, TransformingToIntType, UpdatingVariable]","[+, =, ArithmeticExpression, ArtithmeticOperator, AssignmentStatement, BinaryOperation, BooleanExpression, BuiltInFunction, Call, ComparisonExpression, ComparisonOperator, ConditionalStatement, DefinitionStatement, ExpressionStatement, ForStatement, FunctionCall, FunctionDefinition, IfElseStatement, IndexingExpression, IntegerLiteral, IterationStatement, Larger, Literal, LogicalExpression, NumericLiteral, Operator, SimpleAssignmentStatement, Statement, StringLiteral, StringMethod, SubscriptExpression, int(), len(), print(), split()]"
ae_python_while,"[Addition, ArithmeticOperation, AssigningVariable, BooleanEvaluating, CallingFunctionLibrary, CallingStandardFunction, CheckingCondition, CheckingInWhileLoop, HandlingFunction, HandlingInput, HandlingInteger, HandlingStandardFunction, IfCheckingInWhileLoop, ManagingVariable, NestedFunctionCall, NonNestedIteration, Printing, Python, SingleWhileLoopIteration, TransformingToIntType, UpdatingVariable, WhileLoopWith+=, WhileLoopWithUpdate]","[+, =, ArithmeticExpression, ArtithmeticOperator, AssignmentStatement, BinaryOperation, BooleanExpression, BuiltInFunction, Call, ComparisonExpression, ComparisonOperator, ConditionalStatement, ExpressionStatement, FunctionCall, IfStatement, IntegerLiteral, IterationStatement, Larger, Literal, LogicalExpression, NotEqual, NumericLiteral, Operator, SimpleAssignmentStatement, Statement, StringLiteral, WhileStatement, input(), int(), print()]"
objects_classes_loan,[],[]
objects_classes_point,"[Addition, ArithmeticOperation, AssigningVariable, CallingFunctionLibrary, CallingOOPMethod, CallingStandardFunction, CreatingObject, DefiningClass, DefiningOOPMethod, DefiningStandardFunction, HandlingFunction, HandlingObjectOrientedProgramming, HandlingStandardFunction, ManagingVariable, NestedFunctionCall, Printing, Python, UpdatingVariable]","[+, =, ArithmeticExpression, ArtithmeticOperator, AssignmentStatement, AugmentedAssignmentStatement, BinaryOperation, BuiltInFunction, Call, ClassDefinition, DefinitionStatement, ExpressionStatement, FunctionCall, FunctionDefinition, IntegerLiteral, Literal, NumericLiteral, Operator, SimpleAssignmentStatement, Statement, StringLiteral, print(), str()]"
objects_classes_tv,[],[]
ps_hello,"[CallingFunctionLibrary, CallingStandardFunction, CreatingString, HandlingFunction, HandlingStandardFunction, HandlingString, Printing, Python]","[BuiltInFunction, Call, ExpressionStatement, FunctionCall, Literal, Statement, StringLiteral, print()]"
ps_python_2d_list,"[Addition, ArithmeticOperation, AssigningVariable, CallingFunctionLibrary, CallingStandardFunction, Create2DArray, CreatingList, HandlingFunction, HandlingList, HandlingStandardFunction, HandlingString, Indexing2DArray, IndexingList, IndexingString, ManagingVariable, Multiplication, NestedForLoopIteration, NestedLoopIteration, Printing, Python, ReplacingElement2DArray, ReplacingListElement, TwoDimensionalArrayTask, UpdatingVariable]","[*, +, =, ArithmeticExpression, ArtithmeticOperator, AssignmentStatement, BinaryOperation, BuiltInFunction, Call, ExpressionStatement, ForStatement, FunctionCall, IndexingExpression, IntegerLiteral, IterationStatement, ListLiteral, ListMethod, LiteralCollection, MembershipOperator, NumericLiteral, Operator, SimpleAssignmentStatement, Statement, SubscriptExpression, append(), in, print(), range()]"
ps_python_add_to_list,"[Addition, ArithmeticOperation, CallingFunctionLibrary, CallingStandardFunction, DefiningStandardFunction, FindingLength, ForLoopWith+=, ForLoopWithUpdate, HandlingFunction, HandlingList, HandlingStandardFunction, HandlingString, IndexingList, IndexingString, ManagingVariable, NestedFunctionCall, NonNestedIteration, Python, ReplacingListElement, SingleForLoopIteration, UpdatingVariable]","[+, =, ArithmeticExpression, ArtithmeticOperator, AssignmentStatement, AugmentedAssignmentStatement, BinaryOperation, BuiltInFunction, Call, DefinitionStatement, ExpressionStatement, ForStatement, FunctionCall, FunctionDefinition, IndexingExpression, IntegerLiteral, IterationStatement, MembershipOperator, NumericLiteral, Operator, Statement, SubscriptExpression, in, len(), range()]"
ps_python_addition,"[Addition, ArithmeticOperation, AssigningVariable, CallingFunctionLibrary, CallingStandardFunction, HandlingFunction, HandlingStandardFunction, ManagingVariable, Printing, Python, UpdatingVariable]","[+, =, ArithmeticExpression, ArtithmeticOperator, AssignmentStatement, BinaryOperation, BuiltInFunction, Call, ExpressionStatement, FunctionCall, IntegerLiteral, NumericLiteral, Operator, SimpleAssignmentStatement, Statement, print()]"
ps_python_bigger_than,"[ArithmeticOperation, BooleanEvaluating, CallingFunctionLibrary, CallingStandardFunction, CheckingCondition, CreatingString, FindMaximum, HandlingFunction, HandlingStandardFunction, HandlingString, Printing, Python]","[BooleanExpression, BuiltInFunction, Call, ComparisonExpression, ComparisonOperator, ExpressionStatement, FunctionCall, Larger, Literal, LogicalExpression, Statement, StringLiteral, print()]"
ps_python_calculate_function,"[Addition, ArithmeticOperation, AssigningVariable, CallingFunctionCallingFunction, CallingFunctionLibrary, CallingStandardFunction, DefiningStandardFunction, HandlingFunction, HandlingFunctionCallingFunction, HandlingStandardFunction, ManagingVariable, Multiplication, NestedFunctionCall, Printing, Python]","[*, +, =, ArithmeticExpression, ArtithmeticOperator, AssignmentStatement, BinaryOperation, BuiltInFunction, Call, DefinitionStatement, ExpressionStatement, FunctionCall, FunctionDefinition, IntegerLiteral, JumpStatement, NumericLiteral, Operator, ReturnStatement, SimpleAssignmentStatement, Statement, print()]"
ps_python_class_person,"[AssigningVariable, CallingFunctionLibrary, CallingOOPMethod, CallingStandardFunction, Concatenation, CreatingObject, CreatingString, DefiningClass, DefiningStandardFunction, HandlingFunction, HandlingObjectOrientedProgramming, HandlingStandardFunction, HandlingString, ManagingVariable, Printing, Python]","[+, =, ArithmeticExpression, ArtithmeticOperator, AssignmentStatement, BinaryOperation, BuiltInFunction, Call, ClassDefinition, ClassMethod, DefinitionStatement, ExpressionStatement, FunctionCall, FunctionDefinition, JumpStatement, Literal, Operator, ReturnStatement, SimpleAssignmentStatement, Statement, StringLiteral, __init()__, print()]"
ps_python_class_point,"[Addition, ArithmeticOperation, AssigningVariable, CallingFunctionLibrary, CallingStandardFunction, DefiningClass, DefiningOOPMethod, DefiningStandardFunction, HandlingFloat, HandlingFunction, HandlingObjectOrientedProgramming, HandlingStandardFunction, Importing, ManagingVariable, Multiplication, Python, Substraction, TransformingToFloatType]","[*, +, -, =, ArithmeticExpression, ArtithmeticOperator, AssignmentStatement, BinaryOperation, Call, ClassDefinition, ClassMethod, DefinitionStatement, FunctionCall, FunctionDefinition, Import, ImportFrom, ImportStatement, IntegerLiteral, JumpStatement, NumericLiteral, Operator, ReturnStatement, SimpleAssignmentStatement, __init()__]"
ps_python_comparisons,"[ArithmeticOperation, AssigningVariable, BooleanEvaluating, CallingFunctionLibrary, CallingStandardFunction, CheckingCondition, FindMaximum, HandlingFunction, HandlingStandardFunction, ManagingVariable, Printing, Python]","[=, AssignmentStatement, BooleanExpression, BooleanLiteral, BuiltInFunction, Call, ComparisonExpression, ComparisonOperator, ExpressionStatement, FunctionCall, Larger, Literal, LogicalExpression, Operator, SimpleAssignmentStatement, Statement, print()]"
ps_python_conditionals_temperature,"[BooleanEvaluating, CallingFunctionLibrary, CallingStandardFunction, CheckingCondition, CreatingString, HandlingFunction, HandlingStandardFunction, HandlingString, IfChecking, IfElseChecking, NestedIfChecking, Printing, Python]","[ArithmeticExpression, BinaryOperation, BooleanExpression, BuiltInFunction, Call, ComparisonExpression, ComparisonOperator, ConditionalStatement, ExpressionStatement, FunctionCall, IfElifElseStatement, IfElifStatement, IfElseStatement, IfStatement, IntegerLiteral, Larger, LessOrEqual, Literal, LogicalExpression, NumericLiteral, Statement, StringLiteral, print()]"
ps_python_dict_filter,"[AccessingDictionary, BooleanEvaluating, CallingFunctionLibrary, CallingStandardFunction, CheckingCondition, CheckingInForLoop, CreatingDictionary, CreatingTuple, HandlingDictionary, HandlingFunction, HandlingList, HandlingStandardFunction, HandlingString, HandlingTuple, IfCheckingInForLoop, IndexingList, IndexingString, IndexingTuple, NonNestedIteration, Printing, Python, SingleForLoopIteration]","[=, ArithmeticExpression, AssignmentStatement, BinaryOperation, BooleanExpression, BuiltInFunction, Call, ComparisonExpression, ComparisonOperator, ConditionalStatement, DictLiteral, DictionaryMethod, ExpressionStatement, ForStatement, FunctionCall, IfStatement, IndexingExpression, IntegerLiteral, IterationStatement, Larger, Literal, LiteralCollection, LogicalExpression, NumericLiteral, Operator, SimpleAssignmentStatement, Statement, StringLiteral, SubscriptExpression, TupleLiteral, items(), print()]"
ps_python_dict_keys,"[AccessingDictionary, CallingFunctionLibrary, CallingStandardFunction, CheckingInForLoop, CreatingDictionary, HandlingDictionary, HandlingFunction, HandlingStandardFunction, IfCheckingInForLoop, IndexingDictionary, NonNestedIteration, Printing, Python, SingleForLoopIteration]","[=, AssignmentStatement, BooleanExpression, BuiltInFunction, Call, ComparisonExpression, ComparisonOperator, ConditionalStatement, DictLiteral, DictionaryMethod, ExpressionStatement, ForStatement, FunctionCall, IfStatement, IndexingExpression, IntegerLiteral, IterationStatement, Larger, Literal, LiteralCollection, LogicalExpression, MembershipOperator, NumericLiteral, Operator, SimpleAssignmentStatement, Statement, StringLiteral, SubscriptExpression, in, keys(), print()]"
ps_python_dict_values,"[AccessingDictionary, Addition, ArithmeticOperation, CallingFunctionLibrary, CallingStandardFunction, ForLoopWith+=, ForLoopWithUpdate, HandlingDictionary, HandlingFunction, HandlingStandardFunction, ManagingVariable, NonNestedIteration, Printing, Python, SingleForLoopIteration, UpdatingVariable]","[+, =, ArithmeticExpression, ArtithmeticOperator, AssignmentStatement, AugmentedAssignmentStatement, BinaryOperation, BuiltInFunction, Call, DictionaryMethod, ExpressionStatement, ForStatement, FunctionCall, IntegerLiteral, IterationStatement, MembershipOperator, NumericLiteral, Operator, SimpleAssignmentStatement, Statement, dict(), in, print(), values()]"
ps_python_for_odd_or_even,"[ArithmeticOperation, BooleanEvaluating, CallingFunctionLibrary, CallingStandardFunction, CheckingCondition, CheckingInForLoop, FindRemainder, HandlingFunction, HandlingList, HandlingStandardFunction, IfElseCheckingInForLoop, IndexingList, NonNestedIteration, Printing, Python, SingleForLoopIteration]","[==, ArithmeticExpression, ArtithmeticOperator, BinaryOperation, BooleanExpression, BuiltInFunction, Call, ComparisonExpression, ComparisonOperator, ConditionalStatement, ForStatement, FunctionCall, IfElseStatement, IntegerLiteral, IterationStatement, ListLiteral, Literal, LiteralCollection, LogicalExpression, MembershipOperator, Modulus, NumericLiteral, StringLiteral, in, print()]"
ps_python_iteration_addition,"[Addition, ArithmeticOperation, AssigningVariable, BooleanEvaluating, CallingFunctionLibrary, CallingStandardFunction, CheckingCondition, HandlingFunction, HandlingStandardFunction, ManagingVariable, NonNestedIteration, Printing, Python, SingleWhileLoopIteration, UpdatingVariable, WhileLoopWith+=, WhileLoopWithUpdate]","[+, =, ArithmeticExpression, ArtithmeticOperator, AssignmentStatement, BinaryOperation, BooleanExpression, BuiltInFunction, Call, ComparisonExpression, ComparisonOperator, FunctionCall, IntegerLiteral, IterationStatement, Less, LogicalExpression, NumericLiteral, Operator, SimpleAssignmentStatement, WhileStatement, print()]"
ps_python_iteration_multiplication,"[ArithmeticOperation, AssigningVariable, BooleanEvaluating, CallingFunctionLibrary, CallingStandardFunction, CheckingCondition, CreatingString, HandlingFunction, HandlingStandardFunction, HandlingString, ManagingVariable, Multiplication, NonNestedIteration, Printing, Python, SingleWhileLoopIteration, UpdatingVariable, WhileLoopWith*=, WhileLoopWithUpdate]","[*, =, ArithmeticExpression, ArtithmeticOperator, AssignmentStatement, BinaryOperation, BooleanExpression, BuiltInFunction, Call, ComparisonExpression, ComparisonOperator, ExpressionStatement, FunctionCall, IntegerLiteral, IterationStatement, Less, Literal, LogicalExpression, NumericLiteral, Operator, SimpleAssignmentStatement, Statement, StringLiteral, WhileStatement, print()]"
ps_python_list_iteration_zoo,"[AssigningVariable, CallingFunctionLibrary, CallingStandardFunction, CreatingList, CreatingString, HandlingFunction, HandlingList, HandlingStandardFunction, HandlingString, IndexingList, ManagingVariable, NonNestedIteration, Printing, Python, SingleForLoopIteration]","[=, AssignmentStatement, BuiltInFunction, Call, ExpressionStatement, ForStatement, FunctionCall, IterationStatement, ListLiteral, Literal, LiteralCollection, MembershipOperator, Operator, SimpleAssignmentStatement, Statement, StringLiteral, in, print()]"
ps_python_list_to_dict,"[AccessingDictionary, AssigningVariable, CallingFunctionLibrary, CallingOOPMethod, CallingStandardFunction, CreatingDictionary, CreatingList, CreatingObject, CreatingString, CreatingTuple, HandlingDictionary, HandlingFunction, HandlingList, HandlingObjectOrientedProgramming, HandlingStandardFunction, HandlingString, HandlingTuple, ManagingVariable, Printing, Python]","[=, AssignmentStatement, BuiltInFunction, Call, DictLiteral, DictionaryMethod, ExpressionStatement, FunctionCall, ListLiteral, Literal, LiteralCollection, Operator, SimpleAssignmentStatement, Statement, StringLiteral, TupleLiteral, dict(), get(), print()]"
ps_python_modulo_is_even,"[ArithmeticOperation, BooleanEvaluating, CheckingCondition, DefiningStandardFunction, FindRemainder, HandlingStandardFunction, IfElseChecking]","[==, ArithmeticExpression, ArtithmeticOperator, BinaryOperation, BooleanExpression, BooleanLiteral, ComparisonExpression, ComparisonOperator, ConditionalStatement, DefinitionStatement, ExpressionStatement, FunctionDefinition, IfElseStatement, IfStatement, IntegerLiteral, JumpStatement, Literal, LogicalExpression, Modulus, NumericLiteral, ReturnStatement, Statement]"
ps_python_nested_calls,"[Addition, ArithmeticOperation, CallingFunctionLibrary, DefiningStandardFunction, HandlingFunction, HandlingStandardFunction, Multiplication, NestedFunctionCall, Printing, Python]","[*, +, =, ArithmeticExpression, ArtithmeticOperator, BinaryOperation, BuiltInFunction, Call, DefinitionStatement, ExpressionStatement, FunctionCall, FunctionDefinition, IntegerLiteral, JumpStatement, NumericLiteral, Operator, ReturnStatement, Statement, print()]"
ps_python_nested_ifs,"[CallingFunctionLibrary, CallingStandardFunction, CheckingCondition, HandlingFunction, HandlingStandardFunction, IfChecking, IfElifChecking, IfElseChecking, NestedIfChecking, Printing, Python]","[==, BooleanExpression, BuiltInFunction, Call, ComparisonExpression, ComparisonOperator, ConditionalStatement, ExpressionStatement, FunctionCall, IfElifElseStatement, IfElifStatement, IfElseStatement, IfStatement, IntegerLiteral, Less, LessOrEqual, Literal, LogicalExpression, NumericLiteral, Statement, StringLiteral, print()]"
ps_python_nested_lists_indexing,"[AssigningVariable, CallingFunctionLibrary, CallingStandardFunction, Create2DArray, CreatingList, HandlingFunction, HandlingList, HandlingStandardFunction, HandlingString, Indexing2DArray, IndexingList, IndexingString, ManagingVariable, Printing, Python, TwoDimensionalArrayTask]","[=, AssignmentStatement, BuiltInFunction, Call, ExpressionStatement, FunctionCall, IndexingExpression, IntegerLiteral, ListLiteral, LiteralCollection, NumericLiteral, Operator, SimpleAssignmentStatement, Statement, SubscriptExpression, print()]"
ps_python_nested_loops,"[Addition, ArithmeticOperation, AssigningVariable, BooleanEvaluating, CallingFunctionLibrary, CallingStandardFunction, CheckingCondition, HandlingFunction, HandlingStandardFunction, ManagingVariable, NestedLoopIteration, NestedWhileLoopIteration, Printing, Python, Substraction, UpdatingVariable, WhileLoopWith+=, WhileLoopWithUpdate]","[+, -, =, ArithmeticExpression, ArtithmeticOperator, AssignmentStatement, AugmentedAssignmentStatement, BinaryOperation, BooleanExpression, BuiltInFunction, Call, ComparisonExpression, ComparisonOperator, FunctionCall, IntegerLiteral, IterationStatement, Larger, Less, LogicalExpression, NumericLiteral, Operator, SimpleAssignmentStatement, WhileStatement, print()]"
ps_python_printing_file_contents,"[AssigningVariable, BooleanEvaluating, CallingFunctionLibrary, CallingOOPMethod, CallingStandardFunction, CheckingCondition, ClosingFile, CreatingObject, HandlingError, HandlingFile, HandlingFunction, HandlingInput, HandlingObjectOrientedProgramming, HandlingSpecificError, HandlingStandardFunction, ManagingVariable, NonNestedIteration, OpeningFile, Printing, Python, ReadingLine, SingleWhileLoopIteration, UpdatingVariable]","[=, AssignmentStatement, BuiltInFunction, Call, ComparisonExpression, ComparisonOperator, Error, ExceptionHandlingStatement, ExpressionStatement, FileMethod, FunctionCall, IterationStatement, Literal, LogicalExpression, NotEqual, OSError, Operator, SimpleAssignmentStatement, Statement, StringLiteral, TryStatement, WhileStatement, close(), open(), print(), readline()]"
ps_python_recursive_factorial,"[ArithmeticOperation, CallingRecursiveFunction, CheckingCondition, DefiningRecursiveFunction, HandlingRecursiveFunction, IfChecking, IfElseChecking, Multiplication, Substraction]","[*, -, =, ArithmeticExpression, ArtithmeticOperator, BinaryOperation, Call, ComparisonExpression, ComparisonOperator, ConditionalStatement, DefinitionStatement, ExpressionStatement, FunctionCall, FunctionDefinition, IfElseStatement, IntegerLiteral, JumpStatement, Less, LogicalExpression, NumericLiteral, Operator, ReturnStatement, Statement]"
ps_python_string_indexing,"[AssigningVariable, CallingFunctionLibrary, CallingStandardFunction, CreatingString, HandlingFunction, HandlingStandardFunction, HandlingString, IndexingString, ManagingVariable, Printing, Python, SlicingString]","[-, =, ArtithmeticOperator, AssignmentStatement, BuiltInFunction, Call, ExpressionStatement, FunctionCall, IndexingExpression, IntegerLiteral, Literal, NumericLiteral, Operator, SimpleAssignmentStatement, SlicingExpression, Statement, StringLiteral, SubscriptExpression, print()]"
ps_python_string_join,"[AssigningVariable, CallingFunctionLibrary, CallingOOPMethod, CallingStandardFunction, CapitalizeString, Concatenation, CreatingList, CreatingString, FormattingString, HandlingFunction, HandlingList, HandlingObjectOrientedProgramming, HandlingStandardFunction, HandlingString, ManagingVariable, ModifyingStringCase, NestedFunctionCall, Printing, Python]","[+, =, ArtithmeticOperator, AssignmentStatement, BuiltInFunction, Call, ExpressionStatement, FunctionCall, ListLiteral, Literal, LiteralCollection, Operator, SimpleAssignmentStatement, Statement, StringLiteral, StringMethod, capitalize(), join(), print()]"
ps_python_swap,"[AssigningVariable, ManagingVariable, SwappingVariablesValue, UpdatingVariable]","[=, AssignmentStatement, Operator, SimpleAssignmentStatement]"
ps_python_try_adding,"[Addition, ArithmeticOperation, CallingFunctionLibrary, CallingStandardFunction, DefiningStandardFunction, HandlingError, HandlingFunction, HandlingSpecificError, HandlingStandardFunction, Printing, Python]","[+, ArithmeticExpression, ArtithmeticOperator, BinaryOperation, BuiltInFunction, Call, DefinitionStatement, Error, ExceptionHandlingStatement, ExpressionStatement, FunctionCall, FunctionDefinition, JumpStatement, Literal, ReturnStatement, Statement, StringLiteral, TryStatement, TypeError, print()]"
ps_python_try_except,"[Addition, ArithmeticOperation, BooleanEvaluating, CallingFunctionLibrary, CheckingCondition, DefiningStandardFunction, HandlingError, HandlingFunction, HandlingSpecificError, HandlingStandardFunction, IfChecking, Multiplication, Printing, Python]","[*, +, =, ArithmeticExpression, ArtithmeticOperator, BinaryOperation, BooleanExpression, BuiltInFunction, Call, ComparisonExpression, ComparisonOperator, ConditionalStatement, DefinitionStatement, Error, ExceptionHandlingStatement, ExpressionStatement, FloatLiteral, FunctionCall, FunctionDefinition, IfStatement, JumpStatement, Less, Literal, LogicalExpression, NumericLiteral, Operator, RaiseStatement, ReturnStatement, Statement, StringLiteral, TryStatement, ValueError, print()]"
ps_python_xor,"[BooleanEvaluating, CallingFunctionLibrary, CallingStandardFunction, CheckingCondition, HandlingFunction, HandlingStandardFunction, IfElifElseChecking, Printing, Python]","[==, BooleanExpression, BuiltInFunction, Call, ComparisonExpression, ComparisonOperator, ConditionalStatement, ExpressionStatement, FunctionCall, IfElifElseStatement, IntegerLiteral, LogicalExpression, LogicalOperator, NumericLiteral, Statement, and, print()]"
ps_return_bigger_or_none,"[ArithmeticOperation, CheckingCondition, DefiningStandardFunction, FindMaximum, HandlingStandardFunction, IfElifElseChecking]","[ArithmeticExpression, BinaryOperation, BooleanExpression, ComparisonExpression, ComparisonOperator, ConditionalStatement, DefinitionStatement, FunctionDefinition, IfElifElseStatement, IfElifStatement, IfStatement, JumpStatement, Larger, Less, Literal, LogicalExpression, NoneLiteral, ReturnStatement]"
ps_simple_function,"[CallingFunctionLibrary, CallingStandardFunction, CreatingString, HandlingFunction, HandlingStandardFunction, HandlingString, Printing, Python]","[=, BuiltInFunction, Call, DefinitionStatement, ExpressionStatement, FunctionCall, FunctionDefinition, Literal, Operator, Statement, StringLiteral, print()]"
ps_simple_params,"[Addition, ArithmeticOperation, CallingFunctionLibrary, CallingStandardFunction, DefiningStandardFunction, HandlingFunction, HandlingStandardFunction, Printing, Python]","[+, ArithmeticExpression, ArtithmeticOperator, BinaryOperation, BuiltInFunction, Call, DefinitionStatement, ExpressionStatement, FunctionCall, FunctionDefinition, IntegerLiteral, JumpStatement, NumericLiteral, ReturnStatement, Statement, print()]"
py_account2,"[Addition, ArithmeticOperation, AssigningVariable, BooleanEvaluating, CallingFunctionLibrary, CallingOOPMethod, CallingStandardFunction, CheckingCondition, CreatingObject, CreatingString, DefiningClass, DefiningOOPMethod, DefiningStandardFunction, FormattingString, HandlingFunction, HandlingObjectOrientedProgramming, HandlingStandardFunction, HandlingString, IfChecking, ManagingVariable, Multiplication, Printing, Python, Substraction, UpdatingVariable]","[*, +, -, =, ArithmeticExpression, ArtithmeticOperator, AssignmentStatement, AugmentedAssignmentStatement, BinaryOperation, BooleanExpression, BuiltInFunction, Call, ClassDefinition, ClassMethod, ComparisonExpression, ComparisonOperator, ConditionalStatement, DefinitionStatement, ExpressionStatement, FloatLiteral, FunctionCall, FunctionDefinition, IfStatement, IntegerLiteral, JumpStatement, Larger, LargerOrEqual, Less, Literal, LogicalExpression, LogicalOperator, NumericLiteral, Operator, ReturnStatement, SimpleAssignmentStatement, Statement, StringLiteral, StringMethod, __init()__, and, format(), print(), str()]"
py_adjacent_consecutive,"[ArithmeticOperation, AssigningVariable, BooleanEvaluating, CallingFunctionLibrary, CallingStandardFunction, CheckingCondition, CheckingInWhileLoop, CreatingString, HandlingFunction, HandlingInput, HandlingInteger, HandlingStandardFunction, HandlingString, IfChecking, IfCheckingInWhileLoop, ManagingVariable, NonNestedIteration, Printing, Python, SingleWhileLoopIteration, Substraction, TransformingToIntType, UpdatingVariable]","[-, =, ==, ArithmeticExpression, ArtithmeticOperator, AssignmentStatement, BinaryOperation, BooleanExpression, BuiltInFunction, Call, ComparisonExpression, ComparisonOperator, ConditionalStatement, ExpressionStatement, FunctionCall, IfStatement, IntegerLiteral, IterationStatement, Literal, LogicalExpression, LogicalOperator, NotEqual, NumericLiteral, Operator, SimpleAssignmentStatement, Statement, StringLiteral, WhileStatement, and, input(), int(), print()]"
py_adjacent_greater,"[AssigningVariable, BooleanEvaluating, CallingFunctionLibrary, CallingStandardFunction, CheckingCondition, CheckingInWhileLoop, HandlingFloat, HandlingFunction, HandlingInput, HandlingStandardFunction, IfCheckingInWhileLoop, ManagingVariable, NonNestedIteration, Printing, Python, SingleWhileLoopIteration, TransformingToFloatType, UpdatingVariable]","[=, ArithmeticExpression, AssignmentStatement, BinaryOperation, BooleanExpression, BuiltInFunction, Call, ComparisonExpression, ComparisonOperator, ConditionalStatement, ExpressionStatement, FunctionCall, IfStatement, IntegerLiteral, IterationStatement, Larger, Literal, LogicalExpression, LogicalOperator, NotEqual, NumericLiteral, Operator, SimpleAssignmentStatement, Statement, StringLiteral, WhileStatement, and, float(), input(), print()]"
py_average_even_nums,"[Addition, ArithmeticOperation, AssigningVariable, BooleanEvaluating, CallingFunctionLibrary, CallingStandardFunction, CheckingCondition, CheckingInWhileLoop, CreatingString, Division, FindRemainder, HandlingFunction, HandlingInput, HandlingInteger, HandlingStandardFunction, HandlingString, IfChecking, IfCheckingInWhileLoop, IfElseChecking, ManagingVariable, NonNestedIteration, Printing, Python, SingleWhileLoopIteration, TransformingToIntType, UpdatingVariable, WhileLoopWith+=, WhileLoopWithUpdate]","[+, /, =, ==, ArithmeticExpression, ArtithmeticOperator, AssignmentStatement, AugmentedAssignmentStatement, BinaryOperation, BooleanExpression, BuiltInFunction, Call, ComparisonExpression, ComparisonOperator, ConditionalStatement, ExpressionStatement, FunctionCall, IfElseStatement, IfStatement, IntegerLiteral, IterationStatement, Literal, LogicalExpression, Modulus, NotEqual, NumericLiteral, Operator, SimpleAssignmentStatement, Statement, StringLiteral, WhileStatement, input(), int(), print()]"
py_average_float,"[Addition, ArithmeticOperation, AssigningVariable, BooleanEvaluating, CallingFunctionLibrary, CallingStandardFunction, CheckingCondition, CreatingString, Division, HandlingFloat, HandlingFunction, HandlingInput, HandlingStandardFunction, HandlingString, IfChecking, IfElseChecking, ManagingVariable, NonNestedIteration, Printing, Python, SingleWhileLoopIteration, TransformingToFloatType, TransformingToStringType, UpdatingVariable, WhileLoopWith+=, WhileLoopWithUpdate]","[+, /, =, ==, ArithmeticExpression, ArtithmeticOperator, AssignmentStatement, AugmentedAssignmentStatement, BinaryOperation, BooleanExpression, BuiltInFunction, Call, ComparisonExpression, ComparisonOperator, ConditionalStatement, ExpressionStatement, FloatLiteral, FunctionCall, IfElseStatement, IfStatement, IntegerLiteral, IterationStatement, LargerOrEqual, Literal, LogicalExpression, NumericLiteral, Operator, SimpleAssignmentStatement, Statement, StringLiteral, WhileStatement, float(), input(), print()]"
py_average_list_elements,"[Addition, ArithmeticOperation, AssigningVariable, BooleanEvaluating, CallingFunctionLibrary, CallingStandardFunction, CheckingCondition, CreatingList, CreatingString, DefiningStandardFunction, Division, FindingLength, ForLoopWith+=, ForLoopWithUpdate, HandlingFunction, HandlingList, HandlingStandardFunction, HandlingString, IfElseChecking, IndexingList, ManagingVariable, NonNestedIteration, Printing, Python, SingleForLoopIteration, UpdatingVariable]","[+, /, =, ==, ArithmeticExpression, ArtithmeticOperator, AssignmentStatement, AugmentedAssignmentStatement, BinaryOperation, BooleanExpression, BuiltInFunction, Call, ComparisonExpression, ComparisonOperator, ConditionalStatement, DefinitionStatement, FloatLiteral, ForStatement, FunctionCall, FunctionDefinition, IfElseStatement, IntegerLiteral, IterationStatement, ListLiteral, Literal, LiteralCollection, LogicalExpression, MembershipOperator, NumericLiteral, Operator, SimpleAssignmentStatement, StringLiteral, in, len(), print()]"
py_bmi_calculator,"[ArithmeticOperation, AssigningVariable, CallingFunctionLibrary, CallingStandardFunction, CreatingString, Division, FormattingString, HandlingFloat, HandlingFunction, HandlingInput, HandlingStandardFunction, HandlingString, ManagingVariable, Multiplication, Power, Printing, Python, TransformingToFloatType]","[*, **, /, =, ArithmeticExpression, ArtithmeticOperator, AssignmentStatement, BinaryOperation, BuiltInFunction, Call, ExpressionStatement, FunctionCall, IntegerLiteral, Literal, NumericLiteral, Operator, SimpleAssignmentStatement, Statement, StringLiteral, float(), input(), print()]"
py_bmi_calculator2,"[ArithmeticOperation, AssigningVariable, CallingFunctionLibrary, CallingStandardFunction, CreatingString, Division, HandlingFloat, HandlingFunction, HandlingInput, HandlingStandardFunction, HandlingString, ManagingVariable, Multiplication, Power, Printing, Python, Round, TransformingToFloatType, UpdatingVariable]","[*, **, /, =, ArithmeticExpression, ArtithmeticOperator, AssignmentStatement, BinaryOperation, BuiltInFunction, Call, ExpressionStatement, FloatLiteral, FunctionCall, IntegerLiteral, Literal, NumericLiteral, Operator, SimpleAssignmentStatement, Statement, StringLiteral, float(), input(), print(), round()]"
py_boolean_dry_hot,"[AssigningVariable, BooleanEvaluating, CallingFunctionLibrary, CallingStandardFunction, CheckingCondition, CreatingString, HandlingFunction, HandlingInput, HandlingInteger, HandlingStandardFunction, HandlingString, IfElseChecking, ManagingVariable, Printing, Python, TransformingToIntType]","[=, ==, AssignmentStatement, BooleanExpression, BooleanLiteral, BuiltInFunction, Call, ComparisonExpression, ComparisonOperator, ConditionalStatement, ExpressionStatement, FunctionCall, IfElseStatement, IntegerLiteral, Literal, LogicalExpression, LogicalOperator, NumericLiteral, Operator, SimpleAssignmentStatement, Statement, StringLiteral, and, input(), int(), print()]"
py_boolean_dry_hot2,"[AssigningVariable, BooleanEvaluating, CallingFunctionLibrary, CallingStandardFunction, CheckingCondition, CreatingString, HandlingFunction, HandlingInput, HandlingInteger, HandlingStandardFunction, HandlingString, IfElseChecking, ManagingVariable, Printing, Python, TransformingToIntType]","[=, ==, AssignmentStatement, BooleanExpression, BooleanLiteral, BuiltInFunction, Call, ComparisonExpression, ComparisonOperator, ConditionalStatement, ExpressionStatement, FunctionCall, IfElseStatement, IntegerLiteral, Literal, LogicalExpression, LogicalOperator, NumericLiteral, Operator, SimpleAssignmentStatement, Statement, StringLiteral, input(), int(), or, print()]"
py_boolean_dry_hot3,"[AssigningVariable, BooleanEvaluating, CallingFunctionLibrary, CallingStandardFunction, CheckingCondition, CreatingString, HandlingFunction, HandlingInput, HandlingInteger, HandlingStandardFunction, HandlingString, IfElseChecking, ManagingVariable, Printing, Python, TransformingToIntType]","[=, ==, AssignmentStatement, BooleanExpression, BooleanLiteral, BuiltInFunction, Call, ComparisonExpression, ComparisonOperator, ConditionalStatement, ExpressionStatement, FunctionCall, IfElseStatement, IntegerLiteral, Literal, LogicalExpression, LogicalOperator, NumericLiteral, Operator, SimpleAssignmentStatement, Statement, StringLiteral, and, input(), int(), not, print()]"
py_boolean_dry_hot4,"[AssigningVariable, BooleanEvaluating, CallingFunctionLibrary, CallingStandardFunction, CheckingCondition, CreatingString, HandlingFunction, HandlingInput, HandlingInteger, HandlingStandardFunction, HandlingString, IfElseChecking, ManagingVariable, Printing, Python, TransformingToIntType]","[=, ==, AssignmentStatement, BooleanExpression, BooleanLiteral, BuiltInFunction, Call, ComparisonExpression, ComparisonOperator, ConditionalStatement, ExpressionStatement, FunctionCall, IfElseStatement, IntegerLiteral, Literal, LogicalExpression, LogicalOperator, NumericLiteral, Operator, SimpleAssignmentStatement, Statement, StringLiteral, and, input(), int(), not, or, print()]"
py_char_dict,"[AccessingDictionary, AddingItemToDictionary, Addition, ArithmeticOperation, AssigningVariable, CallingFunctionLibrary, CallingStandardFunction, CheckingCondition, CheckingForItem, CheckingInForLoop, CreatingDictionary, CreatingString, DefiningStandardFunction, HandlingDictionary, HandlingFunction, HandlingInput, HandlingStandardFunction, HandlingString, IfElseChecking, IfElseCheckingInForLoop, IndexingString, ManagingVariable, NonNestedIteration, Printing, Python, ReplacingDictionaryElement, SingleForLoopIteration, UpdatingVariable]","[+, =, ArithmeticExpression, ArtithmeticOperator, AssignmentStatement, AugmentedAssignmentStatement, BinaryOperation, BooleanExpression, BuiltInFunction, Call, ConditionalStatement, DefinitionStatement, DictLiteral, ExpressionStatement, ForStatement, FunctionCall, FunctionDefinition, IfElseStatement, IfStatement, IndexingExpression, IntegerLiteral, IterationStatement, Literal, LiteralCollection, LogicalExpression, MembershipOperator, NumericLiteral, Operator, SimpleAssignmentStatement, Statement, StringLiteral, SubscriptExpression, dict(), in, input(), print()]"
py_check_adjacent,"[AssigningVariable, BooleanEvaluating, CallingFunctionLibrary, CallingStandardFunction, CheckingCondition, CheckingInWhileLoop, CreatingString, HandlingFloat, HandlingFunction, HandlingInput, HandlingStandardFunction, HandlingString, IfChecking, IfCheckingInWhileLoop, ManagingVariable, NonNestedIteration, Printing, Python, SingleWhileLoopIteration, TransformingToFloatType, TransformingToStringType, UpdatingVariable]","[=, ==, ArithmeticExpression, AssignmentStatement, BinaryOperation, BooleanExpression, BuiltInFunction, Call, ComparisonExpression, ComparisonOperator, ConditionalStatement, ExpressionStatement, FloatLiteral, FunctionCall, IfStatement, IntegerLiteral, IterationStatement, Literal, LogicalExpression, NotEqual, NumericLiteral, Operator, SimpleAssignmentStatement, Statement, StringLiteral, WhileStatement, float(), input(), print()]"
py_check_age,"[AssigningVariable, BooleanEvaluating, CallingFunctionLibrary, CallingStandardFunction, CheckingCondition, Concatenation, CreatingList, CreatingString, DefiningStandardFunction, HandlingError, HandlingFunction, HandlingInput, HandlingInteger, HandlingList, HandlingSpecificError, HandlingStandardFunction, HandlingString, IfElseChecking, IndexingList, IndexingString, ManagingVariable, Printing, Python, SplittingString, TransformingToIntType]","[+, =, ArithmeticExpression, ArtithmeticOperator, AssignmentStatement, BinaryOperation, BooleanExpression, BuiltInFunction, Call, ComparisonExpression, ComparisonOperator, ConditionalStatement, DefinitionStatement, Error, ExceptionHandlingStatement, ExpressionStatement, FunctionCall, FunctionDefinition, IfElseStatement, IndexError, IndexingExpression, IntegerLiteral, LargerOrEqual, LessOrEqual, ListLiteral, Literal, LiteralCollection, LogicalExpression, LogicalOperator, NumericLiteral, Operator, SimpleAssignmentStatement, Statement, StringLiteral, StringMethod, SubscriptExpression, TryStatement, ValueError, and, input(), int(), print(), split()]"
py_check_age2,"[AssigningVariable, BooleanEvaluating, CallingFunctionLibrary, CallingStandardFunction, CheckingCondition, CheckingInWhileLoop, Concatenation, CreatingList, CreatingString, DefiningStandardFunction, HandlingError, HandlingFunction, HandlingInput, HandlingInteger, HandlingList, HandlingSpecificError, HandlingStandardFunction, HandlingString, IfElseChecking, IfElseCheckingInWhileLoop, IndexingList, IndexingString, ManagingVariable, NonNestedIteration, Printing, Python, SingleWhileLoopIteration, SplittingString, TransformingToIntType, UpdatingVariable, WhileLoopWithListIndexing, WhileLoopWithUpdate]","[+, =, ArithmeticExpression, ArtithmeticOperator, AssignmentStatement, BinaryOperation, BooleanExpression, BooleanLiteral, BuiltInFunction, Call, ComparisonExpression, ComparisonOperator, ConditionalStatement, DefinitionStatement, Error, ExceptionHandlingStatement, ExpressionStatement, FunctionCall, FunctionDefinition, IfElseStatement, IndexError, IndexingExpression, IntegerLiteral, IterationStatement, LargerOrEqual, LessOrEqual, ListLiteral, Literal, LiteralCollection, LogicalExpression, LogicalOperator, NumericLiteral, Operator, SimpleAssignmentStatement, Statement, StringLiteral, StringMethod, SubscriptExpression, TryStatement, ValueError, WhileStatement, and, input(), int(), print(), split()]"
py_check_product_code,"[Addition, ArithmeticOperation, AssigningVariable, BooleanEvaluating, CallingFunctionLibrary, CallingStandardFunction, CheckingCondition, CheckingInWhileLoop, CreatingString, DefiningStandardFunction, HandlingError, HandlingFunction, HandlingInput, HandlingSpecificError, HandlingStandardFunction, HandlingString, IfChecking, IfCheckingInWhileLoop, IfElseChecking, Indexing2DArray, IndexingString, ManagingVariable, NonNestedIteration, Printing, Python, SingleWhileLoopIteration, TwoDimensionalArrayTask, UpdatingVariable, WhileLoopWith+=, WhileLoopWithListIndexing, WhileLoopWithUpdate]","[+, =, ==, ArithmeticExpression, ArtithmeticOperator, AssignmentStatement, AugmentedAssignmentStatement, BinaryOperation, BooleanExpression, BuiltInFunction, Call, ComparisonExpression, ComparisonOperator, ConditionalStatement, DefinitionStatement, Error, ExceptionHandlingStatement, ExpressionStatement, FunctionCall, FunctionDefinition, IfStatement, IndexError, IndexingExpression, IntegerLiteral, IterationStatement, Literal, LogicalExpression, NotEqual, NumericLiteral, Operator, SimpleAssignmentStatement, Statement, StringLiteral, SubscriptExpression, TryStatement, WhileStatement, input(), print()]"
py_check_product_code2,"[Addition, ArithmeticOperation, AssigningVariable, BooleanEvaluating, CallingFunctionLibrary, CallingStandardFunction, CheckingCondition, CheckingInWhileLoop, DefiningStandardFunction, HandlingError, HandlingFunction, HandlingInput, HandlingInteger, HandlingList, HandlingSpecificError, HandlingStandardFunction, HandlingString, IfChecking, IfCheckingInWhileLoop, IfElseChecking, IndexingString, ManagingVariable, NonNestedIteration, Printing, Python, SingleWhileLoopIteration, SlicingList, SlicingString, TransformingToIntType, UpdatingVariable, WhileLoopWith+=, WhileLoopWithListIndexing, WhileLoopWithUpdate]","[+, =, ==, ArithmeticExpression, ArtithmeticOperator, AssignmentStatement, AugmentedAssignmentStatement, BinaryOperation, BooleanExpression, BuiltInFunction, Call, ComparisonExpression, ComparisonOperator, ConditionalStatement, DefinitionStatement, Error, ExceptionHandlingStatement, ExpressionStatement, FunctionCall, FunctionDefinition, IfStatement, IndexError, IndexingExpression, IntegerLiteral, IterationStatement, LargerOrEqual, Literal, LogicalExpression, LogicalOperator, NotEqual, NumericLiteral, Operator, SimpleAssignmentStatement, SlicingExpression, Statement, StringLiteral, SubscriptExpression, TryStatement, ValueError, WhileStatement, and, input(), int(), print()]"
py_concat_char_two_str,"[Addition, ArithmeticOperation, CallingFunctionLibrary, CallingStandardFunction, Concatenation, CreatingString, DefiningStandardFunction, HandlingFunction, HandlingStandardFunction, HandlingString, Printing, Python, SlicingString, TrimmingString]","[+, =, ArithmeticExpression, ArtithmeticOperator, BinaryOperation, BuiltInFunction, Call, DefinitionStatement, ExpressionStatement, FunctionCall, FunctionDefinition, JumpStatement, Literal, Operator, ReturnStatement, SlicingExpression, Statement, StringLiteral, SubscriptExpression, print(), str()]"
py_concat_char_two_str2,"[Addition, ArithmeticOperation, AssigningVariable, CallingFunctionLibrary, CallingStandardFunction, Concatenation, CreatingString, DefiningStandardFunction, FormattingString, HandlingFunction, HandlingList, HandlingStandardFunction, HandlingString, IndexingString, ManagingVariable, Printing, Python, ReplacingStringContent, SlicingList, SlicingString, SwappingVariablesValue]","[+, =, ArithmeticExpression, ArtithmeticOperator, AssignmentStatement, BinaryOperation, BuiltInFunction, Call, DefinitionStatement, ExpressionStatement, FunctionCall, FunctionDefinition, JumpStatement, Literal, Operator, ReturnStatement, SimpleAssignmentStatement, SlicingExpression, Statement, StringLiteral, SubscriptExpression, print(), str()]"
py_concat_str_num,"[Addition, ArithmeticOperation, AssigningVariable, CallingFunctionLibrary, CallingStandardFunction, Concatenation, CreatingString, FormattingString, HandlingFunction, HandlingStandardFunction, HandlingString, ManagingVariable, NestedFunctionCall, Printing, Python, TransformingToStringType]","[+, =, ArithmeticExpression, ArtithmeticOperator, AssignmentStatement, BinaryOperation, BuiltInFunction, Call, ExpressionStatement, FunctionCall, IntegerLiteral, Literal, NumericLiteral, Operator, SimpleAssignmentStatement, Statement, StringLiteral, print(), str()]"
py_concat_str_num2,"[ArithmeticOperation, AssigningVariable, CallingFunctionLibrary, CallingStandardFunction, Concatenation, CreatingString, HandlingFunction, HandlingStandardFunction, HandlingString, ManagingVariable, Multiplication, NestedFunctionCall, Printing, Python, TransformingToStringType]","[*, +, =, ArithmeticExpression, ArtithmeticOperator, AssignmentStatement, BinaryOperation, BuiltInFunction, Call, ExpressionStatement, FunctionCall, IntegerLiteral, Literal, NumericLiteral, Operator, SimpleAssignmentStatement, Statement, StringLiteral, print(), str()]"
py_concat_string_num3,"[Addition, ArithmeticOperation, AssigningVariable, CallingFunctionLibrary, CallingStandardFunction, Concatenation, CreatingString, HandlingFunction, HandlingStandardFunction, HandlingString, ManagingVariable, NestedFunctionCall, Printing, Python, TransformingToStringType]","[+, =, ArithmeticExpression, ArtithmeticOperator, AssignmentStatement, BinaryOperation, BuiltInFunction, Call, FunctionCall, IntegerLiteral, Literal, NumericLiteral, Operator, SimpleAssignmentStatement, StringLiteral, print(), str()]"
py_digits,"[ArithmeticOperation, AssigningVariable, CallingFunctionLibrary, CallingStandardFunction, Division, FindRemainder, HandlingFunction, HandlingStandardFunction, ManagingVariable, NonNestedIteration, Printing, Python, SingleWhileLoopIteration, UpdatingVariable]","[//, =, ArithmeticExpression, ArtithmeticOperator, AssignmentStatement, BinaryOperation, BooleanExpression, BuiltInFunction, Call, ComparisonExpression, ComparisonOperator, ExpressionStatement, FunctionCall, IntegerLiteral, IterationStatement, Larger, LogicalExpression, Modulus, NumericLiteral, Operator, SimpleAssignmentStatement, Statement, WhileStatement, print()]"
py_display_time2,"[ArithmeticOperation, AssigningVariable, CallingFunctionLibrary, CallingStandardFunction, CreatingString, Division, FindRemainder, HandlingFunction, HandlingInput, HandlingInteger, HandlingStandardFunction, HandlingString, ManagingVariable, Printing, Python, TransformingToIntType]","[//, =, ArithmeticExpression, ArtithmeticOperator, AssignmentStatement, BinaryOperation, BuiltInFunction, Call, ExpressionStatement, FunctionCall, IntegerLiteral, Literal, Modulus, NumericLiteral, Operator, SimpleAssignmentStatement, Statement, StringLiteral, input(), int(), print()]"
py_divisor,"[Addition, ArithmeticOperation, AssigningVariable, BooleanEvaluating, CallingFunctionLibrary, CallingStandardFunction, CheckingCondition, FindRemainder, HandlingFunction, HandlingStandardFunction, ManagingVariable, NonNestedIteration, Printing, Python, SingleWhileLoopIteration, UpdatingVariable, WhileLoopWith+=, WhileLoopWithUpdate]","[+, =, ArithmeticExpression, ArtithmeticOperator, AssignmentStatement, AugmentedAssignmentStatement, BinaryOperation, BooleanExpression, BuiltInFunction, Call, ComparisonExpression, ComparisonOperator, FunctionCall, IntegerLiteral, IterationStatement, Literal, LogicalExpression, Modulus, NotEqual, NumericLiteral, Operator, SimpleAssignmentStatement, StringLiteral, WhileStatement, print()]"
py_f_to_c_conversion,"[Addition, ArithmeticOperation, AssigningVariable, CallingFunctionLibrary, CallingStandardFunction, CreatingString, Division, HandlingFunction, HandlingInput, HandlingInteger, HandlingStandardFunction, HandlingString, ManagingVariable, Multiplication, Printing, Python, TransformingToIntType, TransformingToStringType]","[*, +, /, =, ArithmeticExpression, ArtithmeticOperator, AssignmentStatement, BinaryOperation, BuiltInFunction, Call, FloatLiteral, FunctionCall, IntegerLiteral, Literal, NumericLiteral, Operator, SimpleAssignmentStatement, StringLiteral, input(), int(), print()]"
py_fahrenheit_to_celsius,"[ArithmeticOperation, AssigningVariable, CallingFunctionLibrary, CallingStandardFunction, CreatingString, Division, HandlingFunction, HandlingInput, HandlingInteger, HandlingStandardFunction, HandlingString, ManagingVariable, Multiplication, Printing, Python, Substraction, TransformingToIntType, TransformingToStringType]","[*, -, /, =, ArithmeticExpression, ArtithmeticOperator, AssignmentStatement, BinaryOperation, BuiltInFunction, Call, ExpressionStatement, FloatLiteral, FunctionCall, IntegerLiteral, Literal, NumericLiteral, Operator, SimpleAssignmentStatement, Statement, StringLiteral, input(), int(), print()]"
py_fail_course,"[AssigningVariable, BooleanEvaluating, CallingFunctionLibrary, CallingStandardFunction, CheckingCondition, CreatingString, HandlingFunction, HandlingInput, HandlingInteger, HandlingStandardFunction, HandlingString, IfElseChecking, ManagingVariable, Printing, Python, TransformingToIntType]","[=, ==, ArithmeticExpression, AssignmentStatement, BinaryOperation, BooleanExpression, BooleanLiteral, BuiltInFunction, Call, ComparisonExpression, ComparisonOperator, ConditionalStatement, ExpressionStatement, FunctionCall, IfElseStatement, IntegerLiteral, Larger, Less, Literal, LogicalExpression, LogicalOperator, NumericLiteral, Operator, SimpleAssignmentStatement, Statement, StringLiteral, input(), int(), or, print()]"
py_fail_course2,"[AssigningVariable, BooleanEvaluating, CallingFunctionLibrary, CallingStandardFunction, CheckingCondition, CreatingString, HandlingFunction, HandlingInput, HandlingInteger, HandlingStandardFunction, HandlingString, IfElseChecking, ManagingVariable, Printing, Python, TransformingToIntType, TransformingToStringType]","[=, ==, ArithmeticExpression, AssignmentStatement, BinaryOperation, BooleanExpression, BooleanLiteral, BuiltInFunction, Call, ComparisonExpression, ComparisonOperator, ConditionalStatement, ExpressionStatement, FunctionCall, IfElseStatement, IntegerLiteral, Less, Literal, LogicalExpression, LogicalOperator, NumericLiteral, Operator, SimpleAssignmentStatement, Statement, StringLiteral, input(), int(), or, print()]"
py_fail_course3,"[AssigningVariable, BooleanEvaluating, CallingFunctionLibrary, CallingStandardFunction, CheckingCondition, CreatingString, HandlingFunction, HandlingInput, HandlingInteger, HandlingStandardFunction, HandlingString, IfElseChecking, ManagingVariable, Printing, Python, TransformingToIntType]","[=, ==, ArithmeticExpression, AssignmentStatement, BinaryOperation, BooleanExpression, BooleanLiteral, BuiltInFunction, Call, ComparisonExpression, ComparisonOperator, ConditionalStatement, ExpressionStatement, FunctionCall, IfElseStatement, IntegerLiteral, Larger, Literal, LogicalExpression, LogicalOperator, NumericLiteral, Operator, SimpleAssignmentStatement, Statement, StringLiteral, UnaryOperation, input(), int(), not, print()]"
py_file_input_stat,"[Addition, ArithmeticOperation, AssigningVariable, BooleanEvaluating, CallingFunctionLibrary, CallingStandardFunction, CheckingCondition, CheckingInForLoop, ClosingFile, Concatenation, CreatingString, DefiningStandardFunction, FindMaximum, FindingLength, ForLoopWith+=, ForLoopWithUpdate, HandlingError, HandlingFile, HandlingFunction, HandlingSpecificError, HandlingStandardFunction, HandlingString, IfChecking, IfCheckingInForLoop, IfElseChecking, ManagingVariable, NestedForLoopIteration, NestedFunctionCall, NestedLoopIteration, NonNestedIteration, OpeningFile, Printing, Python, ReadingLine, SingleForLoopIteration, SplittingString, TransformingToStringType, UpdatingVariable]","[+, =, ArithmeticExpression, ArtithmeticOperator, AssignmentStatement, AugmentedAssignmentStatement, BinaryOperation, BooleanExpression, BuiltInFunction, Call, ComparisonExpression, ComparisonOperator, ConditionalStatement, DefinitionStatement, Error, ExceptionHandlingStatement, ExpressionStatement, FileMethod, FileNotFoundError, ForStatement, FunctionCall, FunctionDefinition, IOError, IfStatement, IntegerLiteral, IterationStatement, Larger, Literal, LogicalExpression, MembershipOperator, NumericLiteral, Operator, SimpleAssignmentStatement, Statement, StringLiteral, StringMethod, TryStatement, close(), in, len(), open(), print(), split(), str()]"
py_find_average,"[Addition, ArithmeticOperation, AssigningVariable, BooleanEvaluating, CallingFunctionLibrary, CallingStandardFunction, CheckingCondition, CreatingString, Division, HandlingFunction, HandlingInput, HandlingInteger, HandlingStandardFunction, HandlingString, IfChecking, IfElseChecking, ManagingVariable, NonNestedIteration, Printing, Python, SingleWhileLoopIteration, TransformingToIntType, UpdatingVariable, WhileLoopWith+=, WhileLoopWithUpdate]","[+, /, =, ==, ArithmeticExpression, ArtithmeticOperator, AssignmentStatement, AugmentedAssignmentStatement, BinaryOperation, BooleanExpression, BuiltInFunction, Call, ComparisonExpression, ComparisonOperator, ConditionalStatement, ExpressionStatement, FunctionCall, IfElseStatement, IfStatement, IntegerLiteral, IterationStatement, Literal, LogicalExpression, NotEqual, NumericLiteral, Operator, SimpleAssignmentStatement, Statement, StringLiteral, WhileStatement, input(), int(), print()]"
py_first_char_words_dict,"[AccessingDictionary, AddingItemToDictionary, AssigningVariable, BooleanEvaluating, CallingFunctionLibrary, CallingStandardFunction, CheckingCondition, CheckingForItem, CheckingInForLoop, ConvertStringToLowerCase, CreatingDictionary, CreatingList, CreatingString, DefiningStandardFunction, HandlingDictionary, HandlingFunction, HandlingInput, HandlingList, HandlingStandardFunction, HandlingString, IfElseChecking, IfElseCheckingInForLoop, IndexingList, IndexingString, ManagingVariable, ModifyingStringCase, NestedIfChecking, NonNestedIteration, Printing, Python, ReplacingDictionaryElement, SingleForLoopIteration, SplittingString, TransformingToStringType, UpdatingVariable]","[=, AssignmentStatement, BooleanExpression, BuiltInFunction, Call, ComparisonExpression, ConditionalStatement, DefinitionStatement, DictLiteral, ExpressionStatement, ForStatement, FunctionCall, FunctionDefinition, IfElseStatement, IfStatement, IndexingExpression, IntegerLiteral, IterationStatement, ListLiteral, ListMethod, Literal, LiteralCollection, LogicalExpression, MembershipOperator, NumericLiteral, Operator, SimpleAssignmentStatement, Statement, StringLiteral, StringMethod, SubscriptExpression, append(), in, input(), lower(), print(), split(), str()]"
py_if_else_grade,"[AssigningVariable, BooleanEvaluating, CallingFunctionLibrary, CallingStandardFunction, CheckingCondition, CreatingString, HandlingFunction, HandlingInput, HandlingInteger, HandlingStandardFunction, HandlingString, IfElifElseChecking, ManagingVariable, Printing, Python, TransformingToIntType, TransformingToStringType]","[=, AssignmentStatement, BooleanExpression, BuiltInFunction, Call, ComparisonExpression, ComparisonOperator, ConditionalStatement, ExpressionStatement, FunctionCall, IfElifElseStatement, IntegerLiteral, LargerOrEqual, Literal, LogicalExpression, NumericLiteral, Operator, SimpleAssignmentStatement, Statement, StringLiteral, input(), int(), print()]"
py_if_else_num,"[AssigningVariable, BooleanEvaluating, CallingFunctionLibrary, CallingStandardFunction, CheckingCondition, CreatingString, HandlingFunction, HandlingInput, HandlingInteger, HandlingStandardFunction, HandlingString, IfElifElseChecking, ManagingVariable, Printing, Python, TransformingToIntType]","[=, AssignmentStatement, BooleanExpression, BuiltInFunction, Call, ComparisonExpression, ComparisonOperator, ConditionalStatement, ExpressionStatement, FunctionCall, IfElifElseStatement, IntegerLiteral, Larger, Less, Literal, LogicalExpression, NumericLiteral, Operator, SimpleAssignmentStatement, Statement, StringLiteral, input(), int(), print()]"
py_if_else_wage,"[Addition, ArithmeticOperation, AssigningVariable, BooleanEvaluating, CallingFunctionLibrary, CallingStandardFunction, CheckingCondition, HandlingFunction, HandlingInput, HandlingInteger, HandlingStandardFunction, IfElseChecking, ManagingVariable, Multiplication, Printing, Python, Substraction, TransformingToIntType]","[*, +, -, =, ArithmeticExpression, ArtithmeticOperator, AssignmentStatement, BinaryOperation, BooleanExpression, BuiltInFunction, Call, ComparisonExpression, ComparisonOperator, ConditionalStatement, ExpressionStatement, FloatLiteral, FunctionCall, IfElseStatement, IntegerLiteral, Larger, Literal, LogicalExpression, NumericLiteral, Operator, SimpleAssignmentStatement, Statement, StringLiteral, input(), int(), print()]"
py_if_else_wage2,"[Addition, ArithmeticOperation, AssigningVariable, BooleanEvaluating, CallingFunctionLibrary, CallingStandardFunction, CheckingCondition, CreatingString, HandlingFunction, HandlingInput, HandlingInteger, HandlingStandardFunction, HandlingString, IfElseChecking, ManagingVariable, Multiplication, Printing, Python, Substraction, TransformingToIntType, UpdatingVariable]","[*, +, -, =, ArithmeticExpression, ArtithmeticOperator, AssignmentStatement, AugmentedAssignmentStatement, BinaryOperation, BooleanExpression, BuiltInFunction, Call, ComparisonExpression, ComparisonOperator, ConditionalStatement, ExpressionStatement, FloatLiteral, FunctionCall, IfElseStatement, IntegerLiteral, Larger, Less, Literal, LogicalExpression, NumericLiteral, Operator, SimpleAssignmentStatement, Statement, StringLiteral, input(), int(), print()]"
py_ifelse_odd_even,"[ArithmeticOperation, AssigningVariable, BooleanEvaluating, CallingFunctionLibrary, CallingStandardFunction, CheckingCondition, FindRemainder, HandlingFunction, HandlingInput, HandlingInteger, HandlingStandardFunction, IfElseChecking, ManagingVariable, Printing, Python, TransformingToIntType]","[=, ==, ArithmeticExpression, ArtithmeticOperator, AssignmentStatement, BinaryOperation, BooleanExpression, BuiltInFunction, Call, ComparisonExpression, ComparisonOperator, ConditionalStatement, FunctionCall, IfElseStatement, IntegerLiteral, Literal, LogicalExpression, Modulus, NumericLiteral, Operator, SimpleAssignmentStatement, StringLiteral, input(), int(), print()]"
py_ifelseif_grade2,"[AssigningVariable, BooleanEvaluating, CallingFunctionLibrary, CallingStandardFunction, CheckingCondition, CreatingString, HandlingFunction, HandlingInput, HandlingStandardFunction, HandlingString, IfElifElseChecking, ManagingVariable, Printing, Python, TransformingToStringType]","[=, ==, AssignmentStatement, BooleanExpression, BuiltInFunction, Call, ComparisonExpression, ComparisonOperator, ConditionalStatement, ExpressionStatement, FunctionCall, IfElifElseStatement, IfElifStatement, Literal, LogicalExpression, Operator, SimpleAssignmentStatement, Statement, StringLiteral, input(), print()]"
py_input,"[AssigningVariable, BooleanEvaluating, CallingFunctionLibrary, CallingStandardFunction, CheckingCondition, CreatingString, HandlingFunction, HandlingInput, HandlingInteger, HandlingStandardFunction, HandlingString, ManagingVariable, NonNestedIteration, Printing, Python, SingleWhileLoopIteration, TransformingToIntType]","[=, ArithmeticExpression, AssignmentStatement, BinaryOperation, BooleanExpression, BuiltInFunction, Call, ComparisonExpression, ComparisonOperator, ExpressionStatement, FunctionCall, IntegerLiteral, IterationStatement, LargerOrEqual, Literal, LogicalExpression, NumericLiteral, Operator, SimpleAssignmentStatement, Statement, StringLiteral, WhileStatement, input(), int(), print()]"
py_input2,"[AssigningVariable, BooleanEvaluating, CallingFunctionLibrary, CallingStandardFunction, CheckingCondition, CreatingString, HandlingFunction, HandlingInput, HandlingInteger, HandlingStandardFunction, HandlingString, ManagingVariable, NonNestedIteration, Printing, Python, SingleWhileLoopIteration, TransformingToIntType]","[=, ArithmeticExpression, AssignmentStatement, BinaryOperation, BooleanExpression, BuiltInFunction, Call, ComparisonExpression, ComparisonOperator, ExpressionStatement, FunctionCall, IntegerLiteral, IterationStatement, LargerOrEqual, LessOrEqual, Literal, LogicalExpression, LogicalOperator, NumericLiteral, Operator, SimpleAssignmentStatement, Statement, StringLiteral, WhileStatement, and, input(), int(), print()]"
py_input3,"[AssigningVariable, BooleanEvaluating, CallingFunctionLibrary, CallingStandardFunction, CheckingCondition, CreatingString, HandlingFunction, HandlingInput, HandlingInteger, HandlingStandardFunction, HandlingString, ManagingVariable, NonNestedIteration, Printing, Python, SingleWhileLoopIteration, TransformingToIntType]","[=, ArithmeticExpression, AssignmentStatement, BinaryOperation, BooleanExpression, BuiltInFunction, Call, ComparisonExpression, ComparisonOperator, ExpressionStatement, FunctionCall, IntegerLiteral, IterationStatement, LargerOrEqual, LessOrEqual, Literal, LogicalExpression, LogicalOperator, NumericLiteral, Operator, SimpleAssignmentStatement, Statement, StringLiteral, WhileStatement, and, input(), int(), print()]"
py_input4,"[ArithmeticOperation, AssigningVariable, BooleanEvaluating, CallingFunctionLibrary, CallingStandardFunction, CheckingCondition, CreatingString, FindRemainder, HandlingFunction, HandlingInput, HandlingInteger, HandlingStandardFunction, HandlingString, ManagingVariable, NonNestedIteration, Printing, Python, SingleWhileLoopIteration, TransformingToIntType, TransformingToStringType]","[=, ArithmeticExpression, ArtithmeticOperator, AssignmentStatement, BinaryOperation, BooleanExpression, BuiltInFunction, Call, ComparisonExpression, ComparisonOperator, ExpressionStatement, FunctionCall, IntegerLiteral, IterationStatement, LargerOrEqual, Literal, LogicalExpression, LogicalOperator, Modulus, NotEqual, NumericLiteral, Operator, SimpleAssignmentStatement, Statement, StringLiteral, WhileStatement, input(), int(), or, print()]"
py_input_stat2,"[Addition, ArithmeticOperation, AssigningVariable, BooleanEvaluating, CallingFunctionLibrary, CallingStandardFunction, CheckingCondition, CheckingInForLoop, ClosingFile, Concatenation, CreatingList, DefiningStandardFunction, FindMaximum, FindingLength, ForLoopWith+=, ForLoopWithUpdate, HandlingError, HandlingFile, HandlingFunction, HandlingInput, HandlingList, HandlingSpecificError, HandlingStandardFunction, HandlingString, IfChecking, IfCheckingInForLoop, ManagingVariable, NestedForLoopIteration, NestedFunctionCall, NestedLoopIteration, NonNestedIteration, OpeningFile, Printing, Python, ReadingLine, SingleForLoopIteration, SingleWhileLoopIteration, SplittingString, TransformingToStringType, UpdatingVariable]","[+, =, ArithmeticExpression, ArtithmeticOperator, AssignmentStatement, AugmentedAssignmentStatement, BinaryOperation, BooleanExpression, BooleanLiteral, BuiltInFunction, Call, ComparisonExpression, ComparisonOperator, ConditionalStatement, DefinitionStatement, Error, ExceptionHandlingStatement, ExpressionStatement, FileMethod, FileNotFoundError, ForStatement, FunctionCall, FunctionDefinition, IOError, IfStatement, IntegerLiteral, IterationStatement, JumpStatement, Larger, Literal, LogicalExpression, LogicalOperator, MembershipOperator, NumericLiteral, Operator, ReturnStatement, SimpleAssignmentStatement, Statement, StringLiteral, StringMethod, TryStatement, WhileStatement, close(), in, input(), len(), not, open(), print(), split(), str()]"
py_largest_divisor,"[ArithmeticOperation, AssigningVariable, BooleanEvaluating, CallingFunctionLibrary, CallingStandardFunction, CheckingCondition, FindRemainder, HandlingFunction, HandlingStandardFunction, ManagingVariable, NonNestedIteration, Printing, Python, SingleWhileLoopIteration, Substraction, UpdatingVariable]","[-, =, ArithmeticExpression, ArtithmeticOperator, AssignmentStatement, AugmentedAssignmentStatement, BinaryOperation, BooleanExpression, BuiltInFunction, Call, ComparisonExpression, ComparisonOperator, ExpressionStatement, FunctionCall, IntegerLiteral, IterationStatement, Literal, LogicalExpression, Modulus, NotEqual, NumericLiteral, Operator, SimpleAssignmentStatement, Statement, StringLiteral, WhileStatement, print()]"
py_list2d_basic,"[CallingFunctionLibrary, CallingStandardFunction, Create2DArray, CreatingList, HandlingFunction, HandlingList, HandlingStandardFunction, HandlingString, Indexing2DArray, IndexingList, IndexingString, ManagingVariable, Printing, Python, ReplacingElement2DArray, ReplacingListElement, TwoDimensionalArrayTask, UpdatingVariable]","[=, AssignmentStatement, BuiltInFunction, Call, ExpressionStatement, FunctionCall, IndexingExpression, IntegerLiteral, ListLiteral, LiteralCollection, NumericLiteral, Operator, SimpleAssignmentStatement, Statement, SubscriptExpression, list(), print()]"
py_list2d_basic2,"[AssigningVariable, CallingFunctionLibrary, CallingStandardFunction, Create2DArray, CreatingList, HandlingFunction, HandlingList, HandlingStandardFunction, HandlingString, Indexing2DArray, IndexingList, IndexingString, ManagingVariable, Printing, Python, ReplacingElement2DArray, ReplacingListElement, TwoDimensionalArrayTask, UpdatingVariable]","[=, AssignmentStatement, BuiltInFunction, Call, ExpressionStatement, FunctionCall, IndexingExpression, IntegerLiteral, ListLiteral, LiteralCollection, NumericLiteral, Operator, SimpleAssignmentStatement, Statement, SubscriptExpression, print()]"
py_list2d_basic3,"[AssigningVariable, CallingFunctionLibrary, CallingStandardFunction, Create2DArray, CreatingList, HandlingFunction, HandlingList, HandlingStandardFunction, HandlingString, Indexing2DArray, IndexingList, IndexingString, ManagingVariable, Printing, Python, ReplacingElement2DArray, ReplacingListElement, TwoDimensionalArrayTask, UpdatingVariable]","[=, AssignmentStatement, BuiltInFunction, Call, ExpressionStatement, FunctionCall, IndexingExpression, IntegerLiteral, ListLiteral, LiteralCollection, NumericLiteral, Operator, SimpleAssignmentStatement, Statement, SubscriptExpression, list(), print()]"
py_list_basic,"[AssigningVariable, CallingFunctionLibrary, CallingStandardFunction, CreatingList, HandlingFunction, HandlingList, HandlingStandardFunction, HandlingString, IndexingList, IndexingString, ManagingVariable, Printing, Python, ReplacingListElement, UpdatingVariable]","[=, AssignmentStatement, BuiltInFunction, Call, ExpressionStatement, FunctionCall, IndexingExpression, IntegerLiteral, ListLiteral, LiteralCollection, NumericLiteral, Operator, SimpleAssignmentStatement, Statement, SubscriptExpression, print()]"
py_list_basic2,"[AssigningVariable, CallingFunctionLibrary, CallingStandardFunction, CreatingList, HandlingFunction, HandlingList, HandlingStandardFunction, HandlingString, IndexingList, IndexingString, ManagingVariable, Printing, Python, ReplacingListElement, UpdatingVariable]","[=, AssignmentStatement, BuiltInFunction, Call, FloatLiteral, FunctionCall, IndexingExpression, ListLiteral, LiteralCollection, NumericLiteral, Operator, SimpleAssignmentStatement, SubscriptExpression, print()]"
py_list_basic3,"[AssigningVariable, CallingFunctionLibrary, CallingStandardFunction, CreatingList, HandlingFunction, HandlingList, HandlingStandardFunction, HandlingString, IndexingList, IndexingString, ManagingVariable, Printing, Python, ReplacingListElement, UpdatingVariable]","[=, AssignmentStatement, BuiltInFunction, Call, ExpressionStatement, FunctionCall, IndexingExpression, IntegerLiteral, ListLiteral, Literal, LiteralCollection, NumericLiteral, Operator, SimpleAssignmentStatement, Statement, StringLiteral, SubscriptExpression, print()]"
py_list_change,"[Addition, ArithmeticOperation, AssigningVariable, CallingFunctionLibrary, CallingStandardFunction, CreatingList, FindingLength, ForLoopWith+=, ForLoopWithUpdate, HandlingFunction, HandlingList, HandlingStandardFunction, Indexing2DArray, IndexingList, ManagingVariable, NonNestedIteration, Printing, Python, ReplacingListElement, SingleForLoopIteration, TwoDimensionalArrayTask, UpdatingVariable]","[+, =, ArithmeticExpression, ArtithmeticOperator, AssignmentStatement, AugmentedAssignmentStatement, BinaryOperation, BuiltInFunction, Call, ExpressionStatement, ForStatement, FunctionCall, IndexingExpression, IntegerLiteral, IterationStatement, ListLiteral, LiteralCollection, NumericLiteral, Operator, SimpleAssignmentStatement, Statement, SubscriptExpression, len(), print(), range()]"
py_list_fill,"[AddingListElement, AddingListElementWithAppend, Addition, ArithmeticOperation, AssigningVariable, CallingFunctionLibrary, CallingOOPMethod, CallingStandardFunction, CreatingList, HandlingFunction, HandlingList, HandlingObjectOrientedProgramming, HandlingStandardFunction, ManagingVariable, Multiplication, NonNestedIteration, Printing, Python, SingleForLoopIteration, UpdatingVariable]","[*, +, =, ArithmeticExpression, ArtithmeticOperator, AssignmentStatement, BinaryOperation, BuiltInFunction, Call, ExpressionStatement, ForStatement, FunctionCall, IntegerLiteral, IterationStatement, ListLiteral, ListMethod, LiteralCollection, NumericLiteral, Operator, SimpleAssignmentStatement, Statement, append(), print(), range()]"
py_list_fill_user_input,"[AddingListElement, AddingListElementWithAppend, AssigningVariable, CallingFunctionLibrary, CallingOOPMethod, CallingStandardFunction, CreatingList, CreatingString, HandlingFunction, HandlingInput, HandlingList, HandlingObjectOrientedProgramming, HandlingStandardFunction, HandlingString, ManagingVariable, NonNestedIteration, Printing, Python, SingleForLoopIteration, UpdatingVariable]","[=, AssignmentStatement, BuiltInFunction, Call, ExpressionStatement, ForStatement, FunctionCall, IntegerLiteral, IterationStatement, ListLiteral, ListMethod, Literal, LiteralCollection, NumericLiteral, Operator, SimpleAssignmentStatement, Statement, StringLiteral, append(), input(), print(), range()]"
py_list_min,"[ArithmeticOperation, AssigningVariable, BooleanEvaluating, CallingFunctionLibrary, CallingStandardFunction, CheckingCondition, CheckingInForLoop, CreatingList, FindMinimum, FindingLength, ForLoopWithListIndexing, ForLoopWithUpdate, HandlingFunction, HandlingList, HandlingStandardFunction, HandlingString, IfCheckingInForLoop, IndexingList, IndexingString, ManagingVariable, NonNestedIteration, Printing, Python, SingleForLoopIteration, UpdatingVariable]","[=, AssignmentStatement, BooleanExpression, BuiltInFunction, Call, ComparisonExpression, ComparisonOperator, ConditionalStatement, ExpressionStatement, ForStatement, FunctionCall, IfStatement, IndexingExpression, IntegerLiteral, IterationStatement, Less, ListLiteral, Literal, LiteralCollection, LogicalExpression, NumericLiteral, Operator, SimpleAssignmentStatement, Statement, StringLiteral, SubscriptExpression, len(), print(), range()]"
py_list_min_max,"[ArithmeticOperation, AssigningVariable, BooleanEvaluating, CallingFunctionLibrary, CallingStandardFunction, CheckingCondition, CheckingInForLoop, CreatingList, FindMaximum, FindingLength, ForLoopWith+=, ForLoopWithListIndexing, ForLoopWithUpdate, HandlingFunction, HandlingList, HandlingStandardFunction, HandlingString, IfCheckingInForLoop, IndexingList, IndexingString, ManagingVariable, NonNestedIteration, Printing, Python, SingleForLoopIteration, UpdatingVariable]","[=, ArithmeticExpression, AssignmentStatement, BinaryOperation, BooleanExpression, BuiltInFunction, Call, ComparisonExpression, ComparisonOperator, ConditionalStatement, ExpressionStatement, ForStatement, FunctionCall, IfStatement, IndexingExpression, IntegerLiteral, IterationStatement, Larger, ListLiteral, Literal, LiteralCollection, LogicalExpression, NumericLiteral, Operator, SimpleAssignmentStatement, Statement, StringLiteral, SubscriptExpression, len(), print(), range()]"
py_list_process_elements,"[Addition, ArithmeticOperation, AssigningVariable, CallingFunctionLibrary, CallingStandardFunction, CreatingList, CreatingString, DefiningStandardFunction, ForLoopWith+=, ForLoopWithUpdate, HandlingFunction, HandlingList, HandlingStandardFunction, HandlingString, IndexingList, ManagingVariable, NonNestedIteration, Printing, Python, SingleForLoopIteration, UpdatingVariable]","[+, =, ArithmeticExpression, ArtithmeticOperator, AssignmentStatement, AugmentedAssignmentStatement, BinaryOperation, BuiltInFunction, Call, DefinitionStatement, ExpressionStatement, ForStatement, FunctionCall, FunctionDefinition, IntegerLiteral, IterationStatement, ListLiteral, Literal, LiteralCollection, MembershipOperator, NumericLiteral, Operator, SimpleAssignmentStatement, Statement, StringLiteral, in, list(), print()]"
py_list_rotate,"[Addition, ArithmeticOperation, AssigningVariable, CallingFunctionLibrary, CallingStandardFunction, CreatingList, DefiningStandardFunction, FindingLength, ForLoopWithListIndexing, ForLoopWithUpdate, HandlingFunction, HandlingList, HandlingStandardFunction, HandlingString, IndexingList, IndexingString, ManagingVariable, NonNestedIteration, Printing, Python, ReplacingListElement, SingleForLoopIteration, Substraction, UpdatingVariable]","[+, =, ArithmeticExpression, ArtithmeticOperator, AssignmentStatement, BinaryOperation, BuiltInFunction, Call, DefinitionStatement, ExpressionStatement, ForStatement, FunctionCall, FunctionDefinition, IndexingExpression, IntegerLiteral, IterationStatement, JumpStatement, ListLiteral, Literal, LiteralCollection, NumericLiteral, Operator, ReturnStatement, SimpleAssignmentStatement, Statement, StringLiteral, SubscriptExpression, len(), print(), range()]"
py_list_rotate_left_twice,"[Addition, ArithmeticOperation, AssigningVariable, CallingFunctionLibrary, CallingStandardFunction, CreatingList, DefiningStandardFunction, FindingLength, ForLoopWith+=, ForLoopWithUpdate, HandlingFunction, HandlingList, HandlingStandardFunction, HandlingString, IndexingList, IndexingString, ManagingVariable, NonNestedIteration, Printing, Python, ReplacingListElement, SingleForLoopIteration, Substraction, UpdatingVariable]","[+, -, =, ArithmeticExpression, ArtithmeticOperator, AssignmentStatement, BinaryOperation, BuiltInFunction, Call, DefinitionStatement, ExpressionStatement, ForStatement, FunctionCall, FunctionDefinition, IndexingExpression, IntegerLiteral, IterationStatement, JumpStatement, ListLiteral, Literal, LiteralCollection, NumericLiteral, Operator, ReturnStatement, SimpleAssignmentStatement, Statement, StringLiteral, SubscriptExpression, len(), print(), range()]"
py_list_rotate_right,"[ArithmeticOperation, AssigningVariable, CallingFunctionLibrary, CallingStandardFunction, CreatingList, DefiningStandardFunction, FindingLength, HandlingFunction, HandlingList, HandlingStandardFunction, HandlingString, IndexingList, IndexingString, ManagingVariable, NonNestedIteration, Printing, Python, ReplacingListElement, SingleForLoopIteration, Substraction, UpdatingVariable]","[-, =, ArithmeticExpression, ArtithmeticOperator, AssignmentStatement, BinaryOperation, BuiltInFunction, Call, DefinitionStatement, ExpressionStatement, ForStatement, FunctionCall, FunctionDefinition, IndexingExpression, IntegerLiteral, IterationStatement, JumpStatement, ListLiteral, Literal, LiteralCollection, NumericLiteral, Operator, ReturnStatement, SimpleAssignmentStatement, Statement, StringLiteral, SubscriptExpression, len(), print(), range()]"
py_list_rotate_right_twice,"[ArithmeticOperation, AssigningVariable, CallingFunctionLibrary, CallingStandardFunction, CreatingList, DefiningStandardFunction, FindingLength, HandlingFunction, HandlingList, HandlingStandardFunction, HandlingString, IndexingList, IndexingString, ManagingVariable, NonNestedIteration, Printing, Python, ReplacingListElement, SingleForLoopIteration, Substraction, UpdatingVariable]","[-, =, ArithmeticExpression, ArtithmeticOperator, AssignmentStatement, BinaryOperation, BuiltInFunction, Call, DefinitionStatement, ExpressionStatement, ForStatement, FunctionCall, FunctionDefinition, IndexingExpression, IntegerLiteral, IterationStatement, JumpStatement, ListLiteral, Literal, LiteralCollection, NumericLiteral, Operator, ReturnStatement, SimpleAssignmentStatement, Statement, StringLiteral, SubscriptExpression, len(), print(), range()]"
py_list_swap_adjacent_elements,"[Addition, ArithmeticOperation, AssigningVariable, CallingFunctionLibrary, CallingStandardFunction, CreatingList, FindingLength, HandlingFunction, HandlingList, HandlingStandardFunction, HandlingString, IndexingList, IndexingString, ManagingVariable, NonNestedIteration, Printing, Python, ReplacingListElement, SingleForLoopIteration, SwappingVariablesValue, UpdatingVariable]","[+, =, ArithmeticExpression, ArtithmeticOperator, AssignmentStatement, BinaryOperation, BuiltInFunction, Call, ExpressionStatement, ForStatement, FunctionCall, IndexingExpression, IntegerLiteral, IterationStatement, ListLiteral, LiteralCollection, MembershipOperator, NumericLiteral, Operator, SimpleAssignmentStatement, Statement, SubscriptExpression, in, len(), print(), range()]"
py_loan2,"[Addition, ArithmeticOperation, AssigningVariable, CallingFunctionCallingFunction, CallingFunctionLibrary, CallingOOPMethod, CallingStandardFunction, CreatingObject, CreatingString, DefiningClass, DefiningFunctionCallingFunction, DefiningOOPMethod, DefiningStandardFunction, Division, FormattingString, HandlingFloat, HandlingFunction, HandlingFunctionCallingFunction, HandlingInput, HandlingInteger, HandlingObjectOrientedProgramming, HandlingStandardFunction, HandlingString, ManagingVariable, Multiplication, NestedFunctionCall, Power, Printing, Python, Substraction, TransformingToFloatType, TransformingToIntType, TransformingToStringType]","[*, **, /, =, ArithmeticExpression, ArtithmeticOperator, AssignmentStatement, BinaryOperation, BuiltInFunction, Call, ClassDefinition, ClassMethod, DefinitionStatement, ExpressionStatement, FloatLiteral, FunctionCall, FunctionDefinition, IntegerLiteral, JumpStatement, Literal, NumericLiteral, Operator, ReturnStatement, SimpleAssignmentStatement, Statement, StringLiteral, StringMethod, __init()__, float(), format(), input(), int(), print()]"
py_nested_if_max_of_three,"[ArithmeticOperation, AssigningVariable, BooleanEvaluating, CallingFunctionLibrary, CallingStandardFunction, CheckingCondition, CreatingString, FindMaximum, HandlingFunction, HandlingInput, HandlingInteger, HandlingStandardFunction, HandlingString, IfElseChecking, ManagingVariable, NestedIfChecking, Printing, Python, TransformingToIntType]","[=, ArithmeticExpression, AssignmentStatement, BinaryOperation, BooleanExpression, BuiltInFunction, Call, ComparisonExpression, ComparisonOperator, ConditionalStatement, ExpressionStatement, FunctionCall, IfElseStatement, Larger, Literal, LogicalExpression, Operator, SimpleAssignmentStatement, Statement, StringLiteral, input(), int(), print()]"
py_nested_if_min_max,"[ArithmeticOperation, AssigningVariable, BooleanEvaluating, CallingFunctionLibrary, CallingStandardFunction, CheckingCondition, CreatingString, FindMinimum, HandlingFunction, HandlingInput, HandlingInteger, HandlingStandardFunction, HandlingString, IfElseChecking, ManagingVariable, NestedIfChecking, Printing, Python, TransformingToIntType]","[=, ArithmeticExpression, AssignmentStatement, BinaryOperation, BooleanExpression, BuiltInFunction, Call, ComparisonExpression, ComparisonOperator, ConditionalStatement, FunctionCall, IfElseStatement, IntegerLiteral, Less, Literal, LogicalExpression, NumericLiteral, Operator, SimpleAssignmentStatement, StringLiteral, input(), int(), print()]"
py_nested_if_temperature,"[ArithmeticOperation, AssigningVariable, BooleanEvaluating, CallingFunctionLibrary, CallingStandardFunction, CheckingCondition, CreatingString, FindMaximum, FindMinimum, HandlingFloat, HandlingFunction, HandlingInput, HandlingStandardFunction, HandlingString, IfElseChecking, ManagingVariable, NestedIfChecking, Printing, Python, TransformingToFloatType]","[=, ArithmeticExpression, AssignmentStatement, BinaryOperation, BooleanExpression, BuiltInFunction, Call, ComparisonExpression, ComparisonOperator, ConditionalStatement, ExpressionStatement, FunctionCall, IfElseStatement, Larger, Less, Literal, LogicalExpression, Operator, SimpleAssignmentStatement, Statement, StringLiteral, float(), input(), print()]"
py_nested_if_temperature2,"[AssigningVariable, BooleanEvaluating, CallingFunctionLibrary, CallingStandardFunction, CheckingCondition, CreatingString, HandlingFloat, HandlingFunction, HandlingInput, HandlingStandardFunction, HandlingString, IfChecking, IfElifElseChecking, IfElseChecking, ManagingVariable, NestedIfChecking, Printing, Python, TransformingToFloatType]","[=, ArithmeticExpression, AssignmentStatement, BinaryOperation, BooleanExpression, BuiltInFunction, Call, ComparisonExpression, ComparisonOperator, ConditionalStatement, ExpressionStatement, FloatLiteral, FunctionCall, IfElifElseStatement, IfElifStatement, IfElseStatement, IfStatement, Larger, Less, Literal, LogicalExpression, NumericLiteral, Operator, SimpleAssignmentStatement, Statement, StringLiteral, float(), input(), print()]"
objects_classes_account,"[Addition, ArithmeticOperation, AssigningVariable, BooleanEvaluating, CallingFunctionLibrary, CallingOOPMethod, CallingStandardFunction, CheckingCondition, CreatingObject, CreatingString, DefiningClass, DefiningOOPMethod, DefiningStandardFunction, FormattingString, HandlingFunction, HandlingObjectOrientedProgramming, HandlingStandardFunction, HandlingString, IfChecking, IfElseChecking, ManagingVariable, Multiplication, Printing, Python, Substraction, UpdatingVariable]","[*, +, -, =, ArithmeticExpression, ArtithmeticOperator, AssignmentStatement, AugmentedAssignmentStatement, BinaryOperation, BooleanExpression, BuiltInFunction, Call, ClassDefinition, ClassMethod, ComparisonExpression, ComparisonOperator, ConditionalStatement, DefinitionStatement, ExpressionStatement, FloatLiteral, FunctionCall, FunctionDefinition, IfStatement, IntegerLiteral, JumpStatement, Larger, LargerOrEqual, Literal, LogicalExpression, LogicalOperator, NumericLiteral, Operator, ReturnStatement, SimpleAssignmentStatement, Statement, StringLiteral, StringMethod, __init()__, and, format(), print()]"
py_phone_age,"[AssigningVariable, BooleanEvaluating, CallingFunctionLibrary, CallingStandardFunction, CheckingCondition, CreatingString, HandlingFunction, HandlingInput, HandlingInteger, HandlingStandardFunction, HandlingString, IfElseChecking, ManagingVariable, Printing, Python, TransformingToIntType]","[=, ==, ArithmeticExpression, AssignmentStatement, BinaryOperation, BooleanExpression, BooleanLiteral, BuiltInFunction, Call, ComparisonExpression, ComparisonOperator, ConditionalStatement, ExpressionStatement, FunctionCall, IfElseStatement, IfStatement, IntegerLiteral, LargerOrEqual, Literal, LogicalExpression, LogicalOperator, NumericLiteral, Operator, SimpleAssignmentStatement, Statement, StringLiteral, input(), int(), or, print()]"
py_phone_age2,"[AssigningVariable, BooleanEvaluating, CallingFunctionLibrary, CallingStandardFunction, CheckingCondition, CreatingString, HandlingFunction, HandlingInput, HandlingInteger, HandlingStandardFunction, HandlingString, IfElseChecking, ManagingVariable, Printing, Python, TransformingToIntType]","[=, ==, AssignmentStatement, BooleanExpression, BooleanLiteral, BuiltInFunction, Call, ComparisonExpression, ComparisonOperator, ConditionalStatement, ExpressionStatement, FunctionCall, IfElseStatement, IntegerLiteral, Literal, LogicalExpression, LogicalOperator, NumericLiteral, Operator, SimpleAssignmentStatement, Statement, StringLiteral, input(), int(), not, or, print()]"
py_point2,"[ArithmeticOperation, AssigningVariable, CallingFunctionLibrary, CallingOOPMethod, CallingStandardFunction, Concatenation, CreatingObject, CreatingString, DefiningClass, DefiningOOPMethod, DefiningStandardFunction, HandlingFunction, HandlingObjectOrientedProgramming, HandlingStandardFunction, HandlingString, ManagingVariable, Multiplication, NestedFunctionCall, Power, Printing, Python, TransformingToStringType, UpdatingVariable]","[*, **, +, =, ArithmeticExpression, ArtithmeticOperator, AssignmentStatement, BinaryOperation, BuiltInFunction, Call, ClassDefinition, DefinitionStatement, ExpressionStatement, FloatLiteral, FunctionCall, FunctionDefinition, IntegerLiteral, JumpStatement, Literal, NumericLiteral, Operator, ReturnStatement, SimpleAssignmentStatement, Statement, StringLiteral, print(), str()]"
py_print_medals,"[Addition, ArithmeticOperation, AssigningVariable, CallingFunctionLibrary, CallingStandardFunction, Concatenation, Create2DArray, CreatingList, CreatingString, FindingLength, ForLoopWith+=, ForLoopWithListIndexing, ForLoopWithUpdate, FormattingString, HandlingFunction, HandlingList, HandlingStandardFunction, HandlingString, Indexing2DArray, IndexingList, IndexingString, ManagingVariable, NestedForLoopIteration, NestedFunctionCall, NestedLoopIteration, Printing, Python, TwoDimensionalArrayTask, UpdatingVariable]","[+, =, ArithmeticExpression, ArtithmeticOperator, AssignmentStatement, AugmentedAssignmentStatement, BinaryOperation, BuiltInFunction, Call, ExpressionStatement, ForStatement, FunctionCall, IndexingExpression, IntegerLiteral, IterationStatement, ListLiteral, Literal, LiteralCollection, MembershipOperator, NumericLiteral, Operator, SimpleAssignmentStatement, Statement, StringLiteral, StringMethod, SubscriptExpression, format(), in, len(), print(), range()]"
py_print_medals_row_column_total,"[Addition, ArithmeticOperation, AssigningVariable, CallingFunctionLibrary, CallingStandardFunction, Concatenation, Create2DArray, CreatingList, CreatingString, FindingLength, ForLoopWith+=, ForLoopWithListIndexing, ForLoopWithUpdate, FormattingString, HandlingFunction, HandlingList, HandlingStandardFunction, HandlingString, Indexing2DArray, IndexingList, IndexingString, ManagingVariable, NestedForLoopIteration, NestedFunctionCall, NestedLoopIteration, Printing, Python, ReplacingListElement, TwoDimensionalArrayTask, UpdatingVariable]","[+, =, ArithmeticExpression, ArtithmeticOperator, AssignmentStatement, AugmentedAssignmentStatement, BinaryOperation, BuiltInFunction, Call, ExpressionStatement, ForStatement, FunctionCall, IndexingExpression, IntegerLiteral, IterationStatement, ListLiteral, Literal, LiteralCollection, NumericLiteral, Operator, SimpleAssignmentStatement, Statement, StringLiteral, StringMethod, SubscriptExpression, format(), len(), list(), print(), range()]"
py_pythagorean_theorem,"[Addition, ArithmeticOperation, AssigningVariable, CallingFunctionLibrary, CallingStandardFunction, CreatingString, HandlingFloat, HandlingFunction, HandlingInput, HandlingStandardFunction, HandlingString, ManagingVariable, Power, Printing, Python, TransformingToFloatType]","[**, +, =, ArithmeticExpression, ArtithmeticOperator, AssignmentStatement, BinaryOperation, BuiltInFunction, Call, ExpressionStatement, FloatLiteral, FunctionCall, IntegerLiteral, Literal, NumericLiteral, Operator, SimpleAssignmentStatement, Statement, StringLiteral, float(), input(), print()]"
py_pythagorean_theorem2,"[ArithmeticOperation, AssigningVariable, CallingFunctionLibrary, CallingStandardFunction, CreatingString, FormattingString, HandlingFloat, HandlingFunction, HandlingInput, HandlingStandardFunction, HandlingString, ManagingVariable, Power, Printing, Python, Substraction, TransformingToFloatType]","[**, -, =, ArithmeticExpression, ArtithmeticOperator, AssignmentStatement, BinaryOperation, BuiltInFunction, Call, ExpressionStatement, FloatLiteral, FunctionCall, IntegerLiteral, Literal, NumericLiteral, Operator, SimpleAssignmentStatement, Statement, StringLiteral, UnaryOperation, float(), input(), print()]"
py_range1_2,"[CallingFunctionLibrary, CallingStandardFunction, HandlingFunction, HandlingStandardFunction, NonNestedIteration, Printing, Python, SingleForLoopIteration]","[BuiltInFunction, Call, ExpressionStatement, ForStatement, FunctionCall, IntegerLiteral, IterationStatement, MembershipOperator, NumericLiteral, Statement, in, print(), range()]"
py_range2_2,"[CallingFunctionLibrary, CallingStandardFunction, HandlingFunction, HandlingStandardFunction, NonNestedIteration, Printing, Python, SingleForLoopIteration]","[BuiltInFunction, Call, ExpressionStatement, ForStatement, FunctionCall, IntegerLiteral, IterationStatement, MembershipOperator, NumericLiteral, Statement, in, print(), range()]"
py_range3_2,"[CallingFunctionLibrary, CallingStandardFunction, HandlingFunction, HandlingStandardFunction, NonNestedIteration, Printing, Python, SingleForLoopIteration]","[BuiltInFunction, Call, ExpressionStatement, ForStatement, FunctionCall, IntegerLiteral, IterationStatement, MembershipOperator, NumericLiteral, Statement, in, print(), range()]"
py_range_one,"[CallingFunctionLibrary, CallingStandardFunction, HandlingFunction, HandlingStandardFunction, NonNestedIteration, Printing, Python, SingleForLoopIteration]","[BuiltInFunction, Call, ExpressionStatement, ForStatement, FunctionCall, IntegerLiteral, IterationStatement, MembershipOperator, NumericLiteral, Statement, in, print(), range()]"
py_range_three,"[CallingFunctionLibrary, CallingStandardFunction, HandlingFunction, HandlingStandardFunction, NonNestedIteration, Printing, Python, SingleForLoopIteration]","[BuiltInFunction, Call, ExpressionStatement, ForStatement, FunctionCall, IntegerLiteral, IterationStatement, MembershipOperator, NumericLiteral, Statement, in, print(), range()]"
py_range_two,"[CallingFunctionLibrary, CallingStandardFunction, HandlingFunction, HandlingStandardFunction, NonNestedIteration, Printing, Python, SingleForLoopIteration]","[BuiltInFunction, Call, ExpressionStatement, ForStatement, FunctionCall, IntegerLiteral, IterationStatement, MembershipOperator, NumericLiteral, Statement, in, print(), range()]"
py_rent_car,"[AssigningVariable, BooleanEvaluating, CallingFunctionLibrary, CallingStandardFunction, CheckingCondition, CreatingString, HandlingFunction, HandlingInput, HandlingInteger, HandlingStandardFunction, HandlingString, IfElseChecking, ManagingVariable, Printing, Python, TransformingToIntType]","[=, ==, ArithmeticExpression, AssignmentStatement, BinaryOperation, BooleanExpression, BooleanLiteral, BuiltInFunction, Call, ComparisonExpression, ComparisonOperator, ConditionalStatement, ExpressionStatement, FunctionCall, IfElseStatement, IntegerLiteral, LargerOrEqual, Literal, LogicalExpression, LogicalOperator, NumericLiteral, Operator, SimpleAssignmentStatement, Statement, StringLiteral, and, input(), int(), print()]"
py_rent_car2,"[AssigningVariable, BooleanEvaluating, CallingFunctionLibrary, CallingStandardFunction, CheckingCondition, CreatingString, HandlingFunction, HandlingInput, HandlingInteger, HandlingStandardFunction, HandlingString, IfElseChecking, ManagingVariable, Printing, Python, TransformingToIntType]","[=, ==, ArithmeticExpression, AssignmentStatement, BinaryOperation, BooleanExpression, BooleanLiteral, BuiltInFunction, Call, ComparisonExpression, ComparisonOperator, ConditionalStatement, ExpressionStatement, FunctionCall, IfElseStatement, IntegerLiteral, LargerOrEqual, Literal, LogicalExpression, LogicalOperator, NumericLiteral, Operator, SimpleAssignmentStatement, Statement, StringLiteral, UnaryOperation, and, input(), int(), not, print()]"
py_rent_car3,"[AssigningVariable, BooleanEvaluating, CallingFunctionLibrary, CallingStandardFunction, CheckingCondition, CreatingString, HandlingFunction, HandlingInput, HandlingInteger, HandlingStandardFunction, HandlingString, IfChecking, IfElseChecking, ManagingVariable, Printing, Python, TransformingToIntType]","[=, ==, ArithmeticExpression, AssignmentStatement, BinaryOperation, BooleanExpression, BooleanLiteral, BuiltInFunction, Call, ComparisonExpression, ComparisonOperator, ConditionalStatement, ExpressionStatement, FunctionCall, IfElseStatement, IfStatement, IntegerLiteral, LargerOrEqual, Literal, LogicalExpression, LogicalOperator, NumericLiteral, Operator, SimpleAssignmentStatement, Statement, StringLiteral, and, input(), int(), or, print()]"
py_repeated_sequence,"[Addition, ArithmeticOperation, AssigningVariable, CallingFunctionLibrary, CallingStandardFunction, HandlingFunction, HandlingInput, HandlingInteger, HandlingStandardFunction, ManagingVariable, NestedForLoopIteration, NestedLoopIteration, Printing, Python, TransformingToIntType]","[+, =, ArithmeticExpression, ArtithmeticOperator, AssignmentStatement, BinaryOperation, BuiltInFunction, Call, ExpressionStatement, ForStatement, FunctionCall, IntegerLiteral, IterationStatement, Literal, MembershipOperator, NumericLiteral, Operator, SimpleAssignmentStatement, Statement, StringLiteral, in, input(), int(), print(), range()]"
py_repeated_sequence2,"[Addition, ArithmeticOperation, AssigningVariable, CallingFunctionLibrary, CallingStandardFunction, HandlingFunction, HandlingInput, HandlingInteger, HandlingStandardFunction, ManagingVariable, NestedForLoopIteration, NestedLoopIteration, Printing, Python, TransformingToIntType]","[+, =, ArithmeticExpression, ArtithmeticOperator, AssignmentStatement, BinaryOperation, BuiltInFunction, Call, ExpressionStatement, ForStatement, FunctionCall, IntegerLiteral, IterationStatement, Literal, NumericLiteral, Operator, SimpleAssignmentStatement, Statement, StringLiteral, input(), int(), print(), range()]"
py_reverse_number,"[Addition, ArithmeticOperation, AssigningVariable, CallingFunctionLibrary, CallingStandardFunction, Division, FindRemainder, HandlingFunction, HandlingStandardFunction, ManagingVariable, Multiplication, NonNestedIteration, Printing, Python, SingleWhileLoopIteration, UpdatingVariable, WhileLoopWith*=, WhileLoopWith+=, WhileLoopWithUpdate]","[*, +, //, =, ArithmeticExpression, ArtithmeticOperator, AssignmentStatement, BinaryOperation, BooleanExpression, BuiltInFunction, Call, ComparisonExpression, ComparisonOperator, ExpressionStatement, FunctionCall, IntegerLiteral, IterationStatement, Larger, Literal, LogicalExpression, Modulus, NumericLiteral, Operator, SimpleAssignmentStatement, Statement, StringLiteral, WhileStatement, print()]"
py_score_dict2,"[AccessingDictionary, AddingItemToDictionary, Addition, ArithmeticOperation, AssigningVariable, BooleanEvaluating, CallingFunctionLibrary, CallingStandardFunction, CheckingCondition, CheckingForItem, CheckingInForLoop, CreatingDictionary, CreatingList, DefiningStandardFunction, Division, FindingLength, ForLoopWith+=, ForLoopWithListIndexing, ForLoopWithUpdate, HandlingDictionary, HandlingFunction, HandlingList, HandlingStandardFunction, HandlingString, IfElseChecking, IfElseCheckingInForLoop, IndexingDictionary, IndexingList, IndexingString, ManagingVariable, NestedFunctionCall, NonNestedIteration, Printing, Python, ReplacingDictionaryElement, SingleForLoopIteration, UpdatingVariable]","[+, /, =, ArithmeticExpression, ArtithmeticOperator, AssignmentStatement, AugmentedAssignmentStatement, BinaryOperation, BooleanExpression, BuiltInFunction, Call, ComparisonExpression, ConditionalStatement, DefinitionStatement, DictLiteral, ExpressionStatement, FloatLiteral, ForStatement, FunctionCall, FunctionDefinition, IfElseStatement, IfStatement, IndexingExpression, IntegerLiteral, IterationStatement, JumpStatement, ListLiteral, ListMethod, Literal, LiteralCollection, LogicalExpression, MembershipOperator, NumericLiteral, Operator, ReturnStatement, SimpleAssignmentStatement, Statement, StringLiteral, SubscriptExpression, append(), dict(), in, len(), print(), range()]"
py_search_list,"[BooleanEvaluating, CallingFunctionLibrary, CallingStandardFunction, CheckingCondition, CheckingForItem, CheckingInForLoop, CreatingList, DefiningStandardFunction, HandlingFunction, HandlingList, HandlingStandardFunction, IfCheckingInForLoop, IndexingList, NonNestedIteration, Printing, Python, SingleForLoopIteration]","[=, AssignmentStatement, BooleanExpression, BuiltInFunction, Call, ComparisonExpression, ConditionalStatement, DefinitionStatement, ExpressionStatement, FloatLiteral, ForStatement, FunctionCall, FunctionDefinition, IfStatement, IntegerLiteral, IterationStatement, ListLiteral, Literal, LiteralCollection, LogicalExpression, MembershipOperator, NumericLiteral, Operator, SimpleAssignmentStatement, Statement, StringLiteral, in, print()]"
py_search_list_count_each,"[Addition, ArithmeticOperation, AssigningVariable, BooleanEvaluating, CallingFunctionLibrary, CallingStandardFunction, CheckingCondition, CheckingForItem, CheckingInForLoop, CreatingList, DefiningStandardFunction, FindingLength, ForLoopWith+=, ForLoopWithUpdate, HandlingFunction, HandlingList, HandlingStandardFunction, HandlingString, IfCheckingInForLoop, IndexingList, IndexingString, ManagingVariable, Multiplication, NestedForLoopIteration, NestedFunctionCall, NestedLoopIteration, Printing, Python, ReplacingListElement, UpdatingVariable]","[*, +, =, ==, ArithmeticExpression, ArtithmeticOperator, AssignmentStatement, AugmentedAssignmentStatement, BinaryOperation, BooleanExpression, BuiltInFunction, Call, ComparisonExpression, ComparisonOperator, ConditionalStatement, DefinitionStatement, FloatLiteral, ForStatement, FunctionCall, FunctionDefinition, IfStatement, IndexingExpression, IntegerLiteral, IterationStatement, ListLiteral, Literal, LiteralCollection, LogicalExpression, MembershipOperator, NumericLiteral, Operator, SimpleAssignmentStatement, StringLiteral, SubscriptExpression, in, len(), print()]"
py_search_list_total_count,"[Addition, ArithmeticOperation, AssigningVariable, CallingFunctionLibrary, CallingStandardFunction, CheckingInForLoop, CreatingList, DefiningStandardFunction, ForLoopWith+=, ForLoopWithUpdate, HandlingFunction, HandlingList, HandlingStandardFunction, IfCheckingInForLoop, ManagingVariable, NestedForLoopIteration, NestedLoopIteration, Printing, Python, UpdatingVariable]","[+, =, ==, ArithmeticExpression, ArtithmeticOperator, AssignmentStatement, AugmentedAssignmentStatement, BinaryOperation, BooleanExpression, BuiltInFunction, Call, ComparisonExpression, ComparisonOperator, ConditionalStatement, DefinitionStatement, ExpressionStatement, FloatLiteral, ForStatement, FunctionCall, FunctionDefinition, IfStatement, IntegerLiteral, IterationStatement, ListLiteral, Literal, LiteralCollection, LogicalExpression, MembershipOperator, NumericLiteral, Operator, SimpleAssignmentStatement, Statement, StringLiteral, in, list(), print()]"
py_soda_survey,"[ArithmeticOperation, AssigningVariable, BooleanEvaluating, CallingFunctionLibrary, CallingStandardFunction, CheckingCondition, CheckingInForLoop, Create2DArray, CreatingList, FindMaximum, FindingLength, FormattingString, HandlingFunction, HandlingList, HandlingStandardFunction, HandlingString, IfCheckingInForLoop, Indexing2DArray, IndexingList, IndexingString, ManagingVariable, NestedForLoopIteration, NestedLoopIteration, Printing, Python, ReplacingListElement, TwoDimensionalArrayTask, UpdatingVariable]","[=, ArithmeticExpression, AssignmentStatement, BinaryOperation, BooleanExpression, BuiltInFunction, Call, ComparisonExpression, ComparisonOperator, ConditionalStatement, ExpressionStatement, ForStatement, FunctionCall, IfStatement, IndexingExpression, IntegerLiteral, IterationStatement, Larger, ListLiteral, Literal, LiteralCollection, LogicalExpression, NumericLiteral, Operator, SimpleAssignmentStatement, Statement, StringLiteral, StringMethod, SubscriptExpression, format(), len(), print(), range()]"
py_soda_survey_soda_avg,"[Addition, ArithmeticOperation, AssigningVariable, CallingFunctionLibrary, CallingStandardFunction, Create2DArray, CreatingList, Division, FindingLength, ForLoopWith+=, ForLoopWithUpdate, FormattingString, HandlingFunction, HandlingList, HandlingStandardFunction, HandlingString, Indexing2DArray, IndexingList, IndexingString, ManagingVariable, NestedForLoopIteration, NestedFunctionCall, NestedLoopIteration, Printing, Python, ReplacingListElement, TwoDimensionalArrayTask, UpdatingVariable]","[+, /, =, ArithmeticExpression, ArtithmeticOperator, AssignmentStatement, AugmentedAssignmentStatement, BinaryOperation, BuiltInFunction, Call, ExpressionStatement, FloatLiteral, ForStatement, FunctionCall, IndexingExpression, IntegerLiteral, IterationStatement, ListLiteral, Literal, LiteralCollection, NumericLiteral, Operator, SimpleAssignmentStatement, Statement, StringLiteral, StringMethod, SubscriptExpression, format(), len(), print(), range()]"
py_soda_survey_soda_respondent_avg,"[Addition, ArithmeticOperation, AssigningVariable, CallingFunctionLibrary, CallingStandardFunction, Create2DArray, CreatingList, Division, FindingLength, ForLoopWith+=, ForLoopWithUpdate, FormattingString, HandlingFunction, HandlingList, HandlingStandardFunction, HandlingString, Indexing2DArray, IndexingList, IndexingString, ManagingVariable, NestedForLoopIteration, NestedFunctionCall, NestedLoopIteration, Printing, Python, ReplacingListElement, TwoDimensionalArrayTask, UpdatingVariable]","[+, /, =, ArithmeticExpression, ArtithmeticOperator, AssignmentStatement, AugmentedAssignmentStatement, BinaryOperation, BuiltInFunction, Call, ExpressionStatement, FloatLiteral, ForStatement, FunctionCall, IndexingExpression, IntegerLiteral, IterationStatement, ListLiteral, Literal, LiteralCollection, MembershipOperator, NumericLiteral, Operator, SimpleAssignmentStatement, Statement, StringLiteral, StringMethod, SubscriptExpression, format(), in, len(), print(), range()]"
py_squares,"[ArithmeticOperation, CallingFunctionLibrary, CallingStandardFunction, HandlingFunction, HandlingStandardFunction, Multiplication, NonNestedIteration, Printing, Python, SingleForLoopIteration]","[*, ArithmeticExpression, ArtithmeticOperator, BinaryOperation, BuiltInFunction, Call, ExpressionStatement, ForStatement, FunctionCall, IntegerLiteral, IterationStatement, Literal, MembershipOperator, NumericLiteral, Statement, StringLiteral, in, print(), range()]"
py_star_patterns,"[AssigningVariable, CallingFunctionLibrary, CallingStandardFunction, Concatenation, CreatingString, ForLoopWith+=, ForLoopWithUpdate, HandlingFunction, HandlingInput, HandlingInteger, HandlingStandardFunction, HandlingString, ManagingVariable, NestedForLoopIteration, NestedLoopIteration, Printing, Python, ReplacingStringContent, TransformingToIntType, UpdatingVariable]","[+, =, ArithmeticExpression, ArtithmeticOperator, AssignmentStatement, BinaryOperation, BuiltInFunction, Call, ExpressionStatement, ForStatement, FunctionCall, IntegerLiteral, IterationStatement, Literal, MembershipOperator, NumericLiteral, Operator, SimpleAssignmentStatement, Statement, StringLiteral, in, input(), int(), print(), range()]"
py_stars_2,"[Addition, ArithmeticOperation, AssigningVariable, CallingFunctionLibrary, CallingStandardFunction, Concatenation, CreatingString, HandlingFunction, HandlingInput, HandlingInteger, HandlingStandardFunction, HandlingString, ManagingVariable, NestedForLoopIteration, NestedLoopIteration, Printing, Python, ReplacingStringContent, Substraction, TransformingToIntType, UpdatingVariable]","[+, -, =, ArithmeticExpression, ArtithmeticOperator, AssignmentStatement, BinaryOperation, BuiltInFunction, Call, ExpressionStatement, ForStatement, FunctionCall, IntegerLiteral, IterationStatement, Literal, NumericLiteral, Operator, SimpleAssignmentStatement, Statement, StringLiteral, input(), int(), print(), range()]"
py_str_count,"[Addition, ArithmeticOperation, AssigningVariable, BooleanEvaluating, CallingFunctionLibrary, CallingStandardFunction, CheckingCondition, CheckingInForLoop, ConvertStringToLowerCase, CreatingString, DefiningStandardFunction, FindingLength, ForLoopWith+=, ForLoopWithUpdate, HandlingFunction, HandlingInteger, HandlingList, HandlingStandardFunction, HandlingString, IfCheckingInForLoop, IndexingList, IndexingString, ManagingVariable, ModifyingStringCase, NestedFunctionCall, NonNestedIteration, Printing, Python, SingleForLoopIteration, SlicingString, Substraction, TransformingToIntType, TransformingToStringType, UpdatingVariable]","[+, -, =, ==, ArithmeticExpression, ArtithmeticOperator, AssignmentStatement, AugmentedAssignmentStatement, BinaryOperation, BuiltInFunction, Call, ComparisonExpression, ComparisonOperator, ConditionalStatement, DefinitionStatement, ExpressionStatement, ForStatement, FunctionCall, FunctionDefinition, IfStatement, IntegerLiteral, IterationStatement, JumpStatement, Literal, LogicalExpression, NumericLiteral, Operator, ReturnStatement, SimpleAssignmentStatement, SlicingExpression, Statement, StringLiteral, StringMethod, SubscriptExpression, len(), lower(), print(), range(), str()]"
py_str_count2,"[Addition, ArithmeticOperation, AssigningVariable, BooleanEvaluating, CallingFunctionLibrary, CallingStandardFunction, CheckingCondition, CheckingInForLoop, ConvertStringToLowerCase, CreatingString, DefiningStandardFunction, FindingLength, ForLoopWith+=, ForLoopWithListIndexing, ForLoopWithUpdate, HandlingFunction, HandlingList, HandlingStandardFunction, HandlingString, IfCheckingInForLoop, IfElseChecking, IndexingList, IndexingString, ManagingVariable, ModifyingStringCase, NestedFunctionCall, NonNestedIteration, Printing, Python, SingleForLoopIteration, SlicingList, SlicingString, UpdatingVariable]","[+, -, =, ==, ArithmeticExpression, ArtithmeticOperator, AssignmentStatement, AugmentedAssignmentStatement, BinaryOperation, BooleanExpression, BuiltInFunction, Call, ComparisonExpression, ComparisonOperator, ConditionalStatement, DefinitionStatement, ExpressionStatement, ForStatement, FunctionCall, FunctionDefinition, IfStatement, IndexingExpression, IntegerLiteral, IterationStatement, JumpStatement, Literal, LogicalExpression, LogicalOperator, NumericLiteral, Operator, ReturnStatement, SimpleAssignmentStatement, SlicingExpression, Statement, StringLiteral, StringMethod, SubscriptExpression, and, len(), lower(), print(), range()]"
py_str_repeat2,"[Addition, ArithmeticOperation, AssigningVariable, CallingFunctionLibrary, CallingStandardFunction, Concatenation, CreatingString, DefiningStandardFunction, FindingLength, ForLoopWith+=, ForLoopWithListIndexing, ForLoopWithUpdate, HandlingFunction, HandlingList, HandlingStandardFunction, HandlingString, IndexingList, IndexingString, ManagingVariable, Multiplication, NonNestedIteration, Printing, Python, ReplacingStringContent, SingleForLoopIteration, UpdatingVariable]","[*, **, +, =, ArithmeticExpression, ArtithmeticOperator, AssignmentStatement, AugmentedAssignmentStatement, BinaryOperation, BuiltInFunction, Call, DefinitionStatement, ExpressionStatement, ForStatement, FunctionCall, FunctionDefinition, IndexingExpression, IntegerLiteral, IterationStatement, Literal, MembershipOperator, NumericLiteral, Operator, SimpleAssignmentStatement, Statement, StringLiteral, SubscriptExpression, in, len(), print(), range()]"
py_str_repeat_chars,"[Addition, ArithmeticOperation, AssigningVariable, CallingFunctionLibrary, CallingStandardFunction, Concatenation, CreatingString, DefiningStandardFunction, ForLoopWith+=, ForLoopWithUpdate, FormattingString, HandlingFunction, HandlingStandardFunction, HandlingString, ManagingVariable, Multiplication, NonNestedIteration, Printing, Python, ReplacingStringContent, SingleForLoopIteration, UpdatingVariable]","[*, +, =, ArithmeticExpression, ArtithmeticOperator, AssignmentStatement, AugmentedAssignmentStatement, BinaryOperation, BuiltInFunction, Call, DefinitionStatement, ExpressionStatement, ForStatement, FunctionCall, FunctionDefinition, IntegerLiteral, IterationStatement, Literal, MembershipOperator, NumericLiteral, Operator, SimpleAssignmentStatement, Statement, StringLiteral, in, print(), str()]"
py_student_score,"[AccessingDictionary, AddingItemToDictionary, BooleanEvaluating, CallingFunctionLibrary, CallingStandardFunction, CheckingCondition, CheckingForItem, CheckingInForLoop, CreatingDictionary, CreatingList, DefiningStandardFunction, FindingLength, ForLoopWith+=, ForLoopWithUpdate, HandlingDictionary, HandlingFunction, HandlingList, HandlingStandardFunction, HandlingString, IfElseCheckingInForLoop, IndexingList, IndexingString, ManagingVariable, NonNestedIteration, Printing, Python, SingleForLoopIteration, UpdatingVariable]","[=, AssignmentStatement, BooleanExpression, BuiltInFunction, Call, ConditionalStatement, DefinitionStatement, DictLiteral, ExpressionStatement, ForStatement, FunctionCall, FunctionDefinition, IfElseStatement, IndexingExpression, IntegerLiteral, IterationStatement, JumpStatement, ListLiteral, ListMethod, Literal, LiteralCollection, LogicalExpression, MembershipOperator, NumericLiteral, Operator, ReturnStatement, SimpleAssignmentStatement, Statement, StringLiteral, SubscriptExpression, append(), in, len(), print(), range()]"
py_sum_digits,"[Addition, ArithmeticOperation, AssigningVariable, CallingFunctionLibrary, CallingStandardFunction, Division, FindRemainder, HandlingFunction, HandlingInteger, HandlingStandardFunction, ManagingVariable, NonNestedIteration, Printing, Python, SingleWhileLoopIteration, TransformingToIntType, UpdatingVariable, WhileLoopWith+=, WhileLoopWithUpdate]","[+, //, =, ArithmeticExpression, ArtithmeticOperator, AssignmentStatement, BinaryOperation, BooleanExpression, BuiltInFunction, Call, ComparisonExpression, ComparisonOperator, ExpressionStatement, FunctionCall, IntegerLiteral, IterationStatement, Larger, Literal, LogicalExpression, Modulus, NumericLiteral, Operator, SimpleAssignmentStatement, Statement, StringLiteral, WhileStatement, print()]"
py_temperature,"[Addition, ArithmeticOperation, AssigningVariable, BooleanEvaluating, CallingFunctionLibrary, CallingStandardFunction, CheckingCondition, CheckingInForLoop, CreatingList, CreatingString, Division, ForLoopWith+=, ForLoopWithUpdate, FormattingString, HandlingFloat, HandlingFunction, HandlingInput, HandlingInteger, HandlingList, HandlingStandardFunction, HandlingString, IfChecking, IfCheckingInForLoop, IfElseChecking, IndexingList, ManagingVariable, NonNestedIteration, Printing, Python, SingleForLoopIteration, TransformingToFloatType, TransformingToIntType, UpdatingVariable]","[+, /, =, ==, ArithmeticExpression, ArtithmeticOperator, AssignmentStatement, AugmentedAssignmentStatement, BinaryOperation, BooleanExpression, BuiltInFunction, Call, ComparisonExpression, ComparisonOperator, ConditionalStatement, ExpressionStatement, ForStatement, FunctionCall, IfElseStatement, IfStatement, IntegerLiteral, IterationStatement, Larger, ListLiteral, ListMethod, Literal, LiteralCollection, LogicalExpression, MembershipOperator, NumericLiteral, Operator, SimpleAssignmentStatement, Statement, StringLiteral, append(), float(), in, input(), int(), list(), print(), range()]"
py_temperature_list_days_above_threshold,"[Addition, ArithmeticOperation, AssigningVariable, BooleanEvaluating, CallingFunctionLibrary, CallingStandardFunction, CheckingCondition, CheckingInForLoop, Concatenation, CreatingList, CreatingString, FindingLength, ForLoopWith+=, ForLoopWithListIndexing, ForLoopWithUpdate, HandlingFloat, HandlingFunction, HandlingInput, HandlingInteger, HandlingList, HandlingStandardFunction, HandlingString, IfCheckingInForLoop, IndexingList, IndexingString, ManagingVariable, NestedFunctionCall, NonNestedIteration, Printing, Python, SingleForLoopIteration, TransformingToFloatType, TransformingToIntType, TransformingToStringType, UpdatingVariable]","[+, =, ArithmeticExpression, ArtithmeticOperator, AssignmentStatement, BinaryOperation, BooleanExpression, BuiltInFunction, Call, ComparisonExpression, ComparisonOperator, ConditionalStatement, ExpressionStatement, ForStatement, FunctionCall, IfStatement, IndexingExpression, IntegerLiteral, IterationStatement, Larger, ListLiteral, ListMethod, Literal, LiteralCollection, LogicalExpression, MembershipOperator, NumericLiteral, Operator, SimpleAssignmentStatement, Statement, StringLiteral, SubscriptExpression, append(), float(), in, input(), int(), len(), list(), print(), range(), str()]"
py_three_boolean,"[AssigningVariable, BooleanEvaluating, CallingFunctionLibrary, CallingStandardFunction, CheckingCondition, CreatingString, HandlingFunction, HandlingInput, HandlingInteger, HandlingStandardFunction, HandlingString, IfElseChecking, ManagingVariable, Printing, Python, TransformingToIntType]","[=, ==, AssignmentStatement, BooleanExpression, BooleanLiteral, BuiltInFunction, Call, ComparisonExpression, ComparisonOperator, ConditionalStatement, ExpressionStatement, FunctionCall, IfElseStatement, IntegerLiteral, Literal, LogicalExpression, LogicalOperator, NumericLiteral, Operator, SimpleAssignmentStatement, Statement, StringLiteral, input(), int(), or, print()]"
py_three_boolean2,"[AssigningVariable, BooleanEvaluating, CallingFunctionLibrary, CallingStandardFunction, CheckingCondition, CreatingString, HandlingFunction, HandlingInput, HandlingInteger, HandlingStandardFunction, HandlingString, IfElseChecking, ManagingVariable, Printing, Python, TransformingToIntType, TransformingToStringType]","[=, ==, AssignmentStatement, BooleanExpression, BooleanLiteral, BuiltInFunction, Call, ComparisonExpression, ComparisonOperator, ConditionalStatement, ExpressionStatement, FunctionCall, IfElseStatement, IntegerLiteral, Literal, LogicalExpression, LogicalOperator, NumericLiteral, Operator, SimpleAssignmentStatement, Statement, StringLiteral, and, input(), int(), not, print()]"
py_three_boolean3,"[AssigningVariable, BooleanEvaluating, CallingFunctionLibrary, CallingStandardFunction, CheckingCondition, CreatingString, HandlingFunction, HandlingInput, HandlingInteger, HandlingStandardFunction, HandlingString, IfElseChecking, ManagingVariable, Printing, Python, TransformingToIntType]","[=, ==, AssignmentStatement, BooleanExpression, BooleanLiteral, BuiltInFunction, Call, ComparisonExpression, ComparisonOperator, ConditionalStatement, ExpressionStatement, FunctionCall, IfElseStatement, IntegerLiteral, Literal, LogicalExpression, LogicalOperator, NumericLiteral, Operator, SimpleAssignmentStatement, Statement, StringLiteral, and, input(), int(), print()]"
py_time_conversion,"[ArithmeticOperation, AssigningVariable, CallingFunctionLibrary, CallingStandardFunction, Division, FindRemainder, HandlingFunction, HandlingInput, HandlingInteger, HandlingStandardFunction, ManagingVariable, Printing, Python, TransformingToIntType]","[//, =, ArithmeticExpression, ArtithmeticOperator, AssignmentStatement, BinaryOperation, BuiltInFunction, Call, ExpressionStatement, FunctionCall, IntegerLiteral, Literal, Modulus, NumericLiteral, Operator, SimpleAssignmentStatement, Statement, StringLiteral, input(), int(), print()]"
py_tv2,"[Addition, ArithmeticOperation, AssigningVariable, BooleanEvaluating, CallingFunctionLibrary, CallingOOPMethod, CallingStandardFunction, CheckingCondition, CreatingObject, DefiningClass, DefiningOOPMethod, DefiningStandardFunction, HandlingFunction, HandlingInteger, HandlingObjectOrientedProgramming, HandlingStandardFunction, HandlingString, IfChecking, ManagingVariable, NestedFunctionCall, Printing, Python, Substraction, TransformingToIntType, TransformingToStringType, UpdatingVariable]","[+, -, =, ArithmeticExpression, ArtithmeticOperator, AssignmentStatement, AugmentedAssignmentStatement, BinaryOperation, BooleanExpression, BooleanLiteral, BuiltInFunction, Call, ClassDefinition, ClassMethod, ComparisonExpression, ComparisonOperator, ConditionalStatement, DefinitionStatement, FunctionCall, FunctionDefinition, IfStatement, IntegerLiteral, JumpStatement, Larger, LargerOrEqual, Less, LessOrEqual, Literal, LogicalExpression, LogicalOperator, NumericLiteral, Operator, ReturnStatement, SimpleAssignmentStatement, StringLiteral, __init()__, and, print(), str()]"
py_vending_machine,"[ArithmeticOperation, AssigningVariable, CallingFunctionLibrary, CallingStandardFunction, CreatingString, Division, FindRemainder, HandlingFunction, HandlingInput, HandlingInteger, HandlingStandardFunction, HandlingString, ManagingVariable, Multiplication, Printing, Python, Substraction, TransformingToIntType, UpdatingVariable]","[*, -, //, =, ArithmeticExpression, ArtithmeticOperator, AssignmentStatement, BinaryOperation, BuiltInFunction, Call, ExpressionStatement, FunctionCall, IntegerLiteral, Literal, Modulus, NumericLiteral, Operator, SimpleAssignmentStatement, Statement, StringLiteral, input(), int(), print()]"
py_vending_machine2,"[ArithmeticOperation, AssigningVariable, CallingFunctionLibrary, CallingStandardFunction, CreatingString, Division, FindRemainder, HandlingFunction, HandlingInput, HandlingInteger, HandlingStandardFunction, HandlingString, ManagingVariable, Multiplication, Printing, Python, Substraction, TransformingToIntType, TransformingToStringType, UpdatingVariable]","[*, -, //, =, ArithmeticExpression, ArtithmeticOperator, AssignmentStatement, BinaryOperation, BuiltInFunction, Call, ExpressionStatement, FunctionCall, IntegerLiteral, Literal, Modulus, NumericLiteral, Operator, SimpleAssignmentStatement, Statement, StringLiteral, input(), int(), print()]"
py_win_percentage,"[ArithmeticOperation, AssigningVariable, BooleanEvaluating, CallingFunctionLibrary, CallingStandardFunction, CheckingCondition, CreatingString, Division, HandlingFunction, HandlingInput, HandlingInteger, HandlingStandardFunction, HandlingString, ManagingVariable, NonNestedIteration, Printing, Python, SingleWhileLoopIteration, TransformingToIntType, UpdatingVariable]","[/, =, ArithmeticExpression, ArtithmeticOperator, AssignmentStatement, BinaryOperation, BooleanExpression, BuiltInFunction, Call, ComparisonExpression, ComparisonOperator, ExpressionStatement, FunctionCall, IntegerLiteral, IterationStatement, Larger, Less, Literal, LogicalExpression, LogicalOperator, NumericLiteral, Operator, SimpleAssignmentStatement, Statement, StringLiteral, WhileStatement, input(), int(), or, print()]"
py_win_percentage_input,"[ArithmeticOperation, AssigningVariable, BooleanEvaluating, CallingFunctionLibrary, CallingStandardFunction, CheckingCondition, CreatingString, Division, HandlingFunction, HandlingInput, HandlingInteger, HandlingStandardFunction, HandlingString, ManagingVariable, NonNestedIteration, Printing, Python, SingleWhileLoopIteration, TransformingToIntType, UpdatingVariable]","[/, =, ArithmeticExpression, ArtithmeticOperator, AssignmentStatement, BinaryOperation, BooleanExpression, BuiltInFunction, Call, ComparisonExpression, ComparisonOperator, ExpressionStatement, FunctionCall, IntegerLiteral, IterationStatement, Larger, Less, LessOrEqual, Literal, LogicalExpression, LogicalOperator, NumericLiteral, Operator, SimpleAssignmentStatement, Statement, StringLiteral, WhileStatement, input(), int(), or, print()]"
py_win_percentage_won_equal,"[Addition, ArithmeticOperation, AssigningVariable, BooleanEvaluating, CallingFunctionLibrary, CallingStandardFunction, CheckingCondition, CreatingString, Division, HandlingFunction, HandlingInput, HandlingInteger, HandlingStandardFunction, HandlingString, ManagingVariable, NonNestedIteration, Printing, Python, SingleWhileLoopIteration, TransformingToIntType, UpdatingVariable]","[+, /, //, =, ArithmeticExpression, ArtithmeticOperator, AssignmentStatement, BinaryOperation, BooleanExpression, BuiltInFunction, Call, ComparisonExpression, ComparisonOperator, ExpressionStatement, FunctionCall, IntegerLiteral, IterationStatement, Larger, Less, Literal, LogicalExpression, LogicalOperator, NumericLiteral, Operator, SimpleAssignmentStatement, Statement, StringLiteral, WhileStatement, input(), int(), or, print()]"
py_work_hours,"[Addition, ArithmeticOperation, AssigningVariable, CallingFunctionLibrary, CallingStandardFunction, ClosingFile, Concatenation, DefiningStandardFunction, FindingLength, ForLoopWith+=, ForLoopWithListIndexing, ForLoopWithUpdate, HandlingError, HandlingFile, HandlingFloat, HandlingFunction, HandlingInput, HandlingList, HandlingSpecificError, HandlingStandardFunction, HandlingString, IndexingList, IndexingString, ManagingVariable, NonNestedIteration, OpeningFile, Printing, Python, ReadingLine, SingleForLoopIteration, SplittingString, TransformingToFloatType, TransformingToStringType, UpdatingVariable]","[+, =, ArithmeticExpression, ArtithmeticOperator, AssignmentStatement, AugmentedAssignmentStatement, BinaryOperation, BuiltInFunction, Call, DefinitionStatement, Error, ExceptionHandlingStatement, ExpressionStatement, FileMethod, FileNotFoundError, FloatLiteral, ForStatement, FunctionCall, FunctionDefinition, IOError, IndexingExpression, IntegerLiteral, IterationStatement, Literal, MembershipOperator, NumericLiteral, Operator, SimpleAssignmentStatement, Statement, StringLiteral, StringMethod, SubscriptExpression, TryStatement, ValueError, close(), float(), in, input(), len(), open(), print(), range(), split(), str()]"
py_work_hours2,"[Addition, ArithmeticOperation, AssigningVariable, CallingFunctionLibrary, CallingStandardFunction, ClosingFile, Concatenation, CreatingList, CreatingString, DefiningStandardFunction, FindingLength, ForLoopWith+=, ForLoopWithListIndexing, ForLoopWithUpdate, HandlingError, HandlingFile, HandlingFloat, HandlingFunction, HandlingInput, HandlingInteger, HandlingList, HandlingSpecificError, HandlingStandardFunction, HandlingString, IndexingList, IndexingString, ManagingVariable, NonNestedIteration, OpeningFile, Printing, Python, ReadingLine, SingleForLoopIteration, SlicingList, SplittingString, TransformingToFloatType, TransformingToIntType, TransformingToStringType, UpdatingVariable]","[+, =, ArithmeticExpression, ArtithmeticOperator, AssignmentStatement, AugmentedAssignmentStatement, BinaryOperation, BuiltInFunction, Call, DefinitionStatement, Error, ExceptionHandlingStatement, ExpressionStatement, FileMethod, FileNotFoundError, FloatLiteral, ForStatement, FunctionCall, FunctionDefinition, IOError, IndexingExpression, IntegerLiteral, IterationStatement, Literal, MembershipOperator, NumericLiteral, Operator, SimpleAssignmentStatement, Statement, StringLiteral, StringMethod, SubscriptExpression, TryStatement, ValueError, close(), float(), in, input(), int(), len(), open(), print(), range(), split(), str()]"
py_write_squares_odd,"[ArithmeticOperation, CallingFunctionLibrary, CallingStandardFunction, HandlingFunction, HandlingStandardFunction, Multiplication, NonNestedIteration, Printing, Python, SingleForLoopIteration]","[*, ArithmeticExpression, ArtithmeticOperator, BinaryOperation, BuiltInFunction, Call, ExpressionStatement, ForStatement, FunctionCall, IntegerLiteral, IterationStatement, Literal, MembershipOperator, NumericLiteral, Statement, StringLiteral, in, print(), range()]"
py_write_squares_range,"[ArithmeticOperation, CallingFunctionLibrary, CallingStandardFunction, HandlingFunction, HandlingStandardFunction, Multiplication, NonNestedIteration, Printing, Python, SingleForLoopIteration]","[*, ArithmeticExpression, ArtithmeticOperator, BinaryOperation, BuiltInFunction, Call, ExpressionStatement, ForStatement, FunctionCall, IntegerLiteral, IterationStatement, Literal, MembershipOperator, NumericLiteral, Statement, StringLiteral, in, print(), range()]"
q_py_topic_dictionary:q_py_dict_access1,"[AccessingDictionary, CallingFunctionLibrary, CallingStandardFunction, CreatingDictionary, HandlingDictionary, HandlingFunction, HandlingStandardFunction, IndexingDictionary, Printing, Python]","[=, Call, DictLiteral, FunctionCall, IndexingExpression, IntegerLiteral, Literal, LiteralCollection, NumericLiteral, Operator, StringLiteral, SubscriptExpression]"
q_py_topic_dictionary:q_py_dict_access2,"[AccessingDictionary, AddingItemToDictionary, Addition, ArithmeticOperation, AssigningVariable, CallingFunctionLibrary, CallingStandardFunction, CreatingDictionary, FindingLength, HandlingDictionary, HandlingFunction, HandlingStandardFunction, HandlingString, IndexingDictionary, IndexingString, ManagingVariable, Printing, Python, ReplacingDictionaryElement, Substraction, UpdatingVariable]","[+, -, =, ArithmeticExpression, ArtithmeticOperator, AssignmentStatement, BinaryOperation, BuiltInFunction, Call, DictLiteral, ExpressionStatement, FunctionCall, IndexingExpression, IntegerLiteral, Literal, LiteralCollection, NumericLiteral, Operator, SimpleAssignmentStatement, Statement, StringLiteral, SubscriptExpression, dict(), len(), print()]"
q_py_topic_exceptions:q_py_exception_assertion,"[Addition, ArithmeticOperation, AssertChecking, CallingFunctionLibrary, CallingStandardFunction, CheckingCondition, CreatingList, DefiningStandardFunction, ForLoopWith+=, ForLoopWithUpdate, HandlingError, HandlingFunction, HandlingList, HandlingSpecificError, HandlingStandardFunction, IndexingList, ManagingVariable, NonNestedIteration, Printing, Python, SingleForLoopIteration, UpdatingVariable]","[+, =, ArtithmeticOperator, AssertStatement, AssertionError, AssignmentStatement, AugmentedAssignmentStatement, BuiltInFunction, Call, DefinitionStatement, Error, ExceptionHandlingStatement, ExpressionStatement, ForStatement, FunctionCall, FunctionDefinition, IntegerLiteral, IterationStatement, ListLiteral, ListMethod, Literal, LiteralCollection, MembershipOperator, NumericLiteral, Operator, SimpleAssignmentStatement, Statement, StringLiteral, TryStatement, append(), in, list(), print()]"
q_py_topic_exceptions:q_py_exceptions_addarr,"[Addition, ArithmeticOperation, AssigningVariable, CallingFunctionLibrary, CallingStandardFunction, CreatingList, CreatingString, DefiningStandardFunction, Division, FindingLength, ForLoopWith+=, ForLoopWithUpdate, HandlingError, HandlingFunction, HandlingList, HandlingSpecificError, HandlingStandardFunction, HandlingString, IndexingList, ManagingVariable, NonNestedIteration, Printing, Python, SingleForLoopIteration, UpdatingVariable]","[+, //, =, ArithmeticExpression, ArtithmeticOperator, AssignmentStatement, AugmentedAssignmentStatement, BinaryOperation, BuiltInFunction, Call, DefinitionStatement, Error, ExceptionHandlingStatement, ExpressionStatement, ForStatement, FunctionCall, FunctionDefinition, IntegerLiteral, IterationStatement, JumpStatement, ListLiteral, Literal, LiteralCollection, MembershipOperator, NumericLiteral, Operator, ReturnStatement, SimpleAssignmentStatement, Statement, StringLiteral, TryStatement, TypeError, in, len(), list(), print()]"
q_py_topic_exceptions:q_py_list_except1,"[Addition, ArithmeticOperation, AssigningVariable, CallingFunctionLibrary, CallingStandardFunction, CreatingTuple, ForLoopWith+=, ForLoopWithListIndexing, ForLoopWithUpdate, HandlingError, HandlingFunction, HandlingGeneralError, HandlingStandardFunction, HandlingString, HandlingTuple, IndexingString, IndexingTuple, ManagingVariable, NonNestedIteration, Printing, Python, SingleForLoopIteration, UpdatingVariable]","[+, =, ArithmeticExpression, ArtithmeticOperator, AssignmentStatement, AugmentedAssignmentStatement, BinaryOperation, BuiltInFunction, Call, Error, ExceptionHandlingStatement, ExpressionStatement, ForStatement, FunctionCall, IndexError, IndexingExpression, IntegerLiteral, IterationStatement, LiteralCollection, NumericLiteral, Operator, SimpleAssignmentStatement, Statement, SubscriptExpression, TryStatement, TupleLiteral, print(), range(), tuple()]"
q_py_topic_exceptions:q_py_value_except1,"[CallingFunctionLibrary, CallingStandardFunction, CreatingList, DefiningStandardFunction, HandlingError, HandlingFunction, HandlingInteger, HandlingList, HandlingSpecificError, HandlingStandardFunction, HandlingString, IndexingList, IndexingString, Printing, Python, TransformingToIntType, TransformingToStringType]","[=, AssignmentStatement, BuiltInFunction, Call, DefinitionStatement, Error, ExceptionHandlingStatement, FunctionCall, FunctionDefinition, IndexingExpression, IntegerLiteral, ListLiteral, Literal, LiteralCollection, NumericLiteral, Operator, SimpleAssignmentStatement, StringLiteral, SubscriptExpression, TryStatement, ValueError, int(), print()]"
q_py_topic_file_processing:q_py_file1,"[AssigningVariable, CallingFunctionLibrary, CallingOOPMethod, CallingStandardFunction, CreatingObject, HandlingFile, HandlingFunction, HandlingInput, HandlingObjectOrientedProgramming, HandlingStandardFunction, Importing, ManagingVariable, OpeningFile, Printing, Python, ReadingLine]","[=, AssignmentStatement, BuiltInFunction, Call, ExpressionStatement, FileMethod, FunctionCall, Import, ImportStatement, IntegerLiteral, Literal, NumericLiteral, Operator, SimpleAssignmentStatement, Statement, StringLiteral, open(), print(), read()]"
q_py_topic_functions:q_py_fun_car1,"[Addition, ArithmeticOperation, CallingFunctionLibrary, CallingStandardFunction, DefiningStandardFunction, FindMinimum, HandlingFunction, HandlingStandardFunction, ManagingVariable, Printing, Python, Substraction, UpdatingVariable]","[+, -, =, ArithmeticExpression, ArtithmeticOperator, AssignmentStatement, BinaryOperation, BuiltInFunction, Call, DefinitionStatement, ExpressionStatement, FunctionCall, FunctionDefinition, IntegerLiteral, JumpStatement, NumericLiteral, Operator, ReturnStatement, SimpleAssignmentStatement, Statement, min(), print()]"
q_py_topic_functions:q_py_fun_car2,"[Addition, ArithmeticOperation, AssigningVariable, BooleanEvaluating, CallingFunctionLibrary, CallingStandardFunction, CheckingCondition, DefiningStandardFunction, FindMinimum, HandlingFunction, HandlingStandardFunction, IfElseChecking, ManagingVariable, Printing, Python, Substraction, UpdatingVariable]","[+, -, =, ArithmeticExpression, ArtithmeticOperator, AssignmentStatement, BinaryOperation, BooleanExpression, BuiltInFunction, Call, ComparisonExpression, ComparisonOperator, ConditionalStatement, DefinitionStatement, FunctionCall, FunctionDefinition, IfElseStatement, IfStatement, IntegerLiteral, JumpStatement, Less, LogicalExpression, NumericLiteral, Operator, ReturnStatement, SimpleAssignmentStatement, min(), print()]"
q_py_topic_if_statement:q_py_if_elif1,"[ArithmeticOperation, BooleanEvaluating, CallingFunctionLibrary, CallingStandardFunction, CheckingCondition, CreatingString, FindRemainder, HandlingFunction, HandlingStandardFunction, HandlingString, IfElifElseChecking, Printing, Python]","[-, =, ==, ArithmeticExpression, ArtithmeticOperator, AssignmentStatement, BinaryOperation, BooleanExpression, BuiltInFunction, Call, ComparisonExpression, ComparisonOperator, ConditionalStatement, ExpressionStatement, FunctionCall, IfElifElseStatement, IntegerLiteral, Literal, LogicalExpression, Modulus, NumericLiteral, Operator, SimpleAssignmentStatement, Statement, StringLiteral, UnaryOperation, print()]"
q_py_topic_if_statement:q_py_nested_if1,"[AssigningVariable, CallingFunctionLibrary, CallingStandardFunction, CheckingCondition, CreatingTuple, HandlingFunction, HandlingStandardFunction, HandlingTuple, ManagingVariable, NestedIfChecking, Printing, Python]","[=, ArithmeticExpression, AssignmentStatement, BinaryOperation, BooleanExpression, BuiltInFunction, Call, ComparisonExpression, ComparisonOperator, ConditionalStatement, ExpressionStatement, FunctionCall, IfElseStatement, IfStatement, IntegerLiteral, Larger, Less, LiteralCollection, LogicalExpression, NumericLiteral, Operator, SimpleAssignmentStatement, Statement, TupleLiteral, print()]"
q_py_topic_if_statement:q_py_nested_if_elif1,"[ArithmeticOperation, BooleanEvaluating, CallingFunctionLibrary, CallingStandardFunction, CheckingCondition, CreatingString, FindMaximum, FindRemainder, HandlingFunction, HandlingStandardFunction, HandlingString, IfElseChecking, NestedIfChecking, Printing, Python]","[=, ==, ArithmeticExpression, ArtithmeticOperator, AssignmentStatement, BinaryOperation, BooleanExpression, BuiltInFunction, Call, ComparisonExpression, ComparisonOperator, ConditionalStatement, ExpressionStatement, FunctionCall, IfElseStatement, IfStatement, IntegerLiteral, LargerOrEqual, Literal, LogicalExpression, Modulus, NumericLiteral, Operator, SimpleAssignmentStatement, Statement, StringLiteral, print()]"
q_py_topic_if_statement:q_py_nested_if_elif2,"[Addition, ArithmeticOperation, AssigningVariable, BooleanEvaluating, CallingFunctionLibrary, CallingStandardFunction, CheckingCondition, HandlingFunction, HandlingStandardFunction, IfChecking, IfElifChecking, IfElifElseChecking, IfElseChecking, ManagingVariable, NestedIfChecking, Printing, Python]","[+, =, ==, ArithmeticExpression, ArtithmeticOperator, AssignmentStatement, BinaryOperation, BooleanExpression, BuiltInFunction, Call, ComparisonExpression, ComparisonOperator, ConditionalStatement, ExpressionStatement, FunctionCall, IfElifElseStatement, IfElifStatement, IfElseStatement, IfStatement, IntegerLiteral, Larger, Literal, LogicalExpression, LogicalOperator, NotEqual, NumericLiteral, Operator, SimpleAssignmentStatement, Statement, StringLiteral, and, or, print()]"
q_py_topic_lists:q_py_add_two_lists1,"[AddingListElement, AddingListElementWithAppend, Addition, ArithmeticOperation, AssigningVariable, CallingFunctionLibrary, CallingOOPMethod, CallingStandardFunction, Concatenation, CreatingList, FindingLength, ForLoopWithListIndexing, ForLoopWithUpdate, HandlingFunction, HandlingList, HandlingObjectOrientedProgramming, HandlingStandardFunction, HandlingString, IndexingList, IndexingString, ManagingVariable, NestedFunctionCall, NonNestedIteration, Printing, Python, SingleForLoopIteration, UpdatingVariable]","[+, =, ArithmeticExpression, ArtithmeticOperator, AssignmentStatement, BinaryOperation, BuiltInFunction, Call, ExpressionStatement, ForStatement, FunctionCall, IndexingExpression, IntegerLiteral, IterationStatement, ListLiteral, ListMethod, LiteralCollection, NumericLiteral, Operator, SimpleAssignmentStatement, Statement, SubscriptExpression, append(), len(), print(), range()]"
q_py_topic_lists:q_py_list_access1,"[CallingFunctionLibrary, CallingStandardFunction, CreatingList, HandlingFunction, HandlingList, HandlingStandardFunction, HandlingString, IndexingList, IndexingString, ManagingVariable, Printing, Python, ReplacingListElement, UpdatingVariable]","[=, AssignmentStatement, BuiltInFunction, Call, ExpressionStatement, FunctionCall, IndexingExpression, IntegerLiteral, ListLiteral, LiteralCollection, NumericLiteral, Operator, SimpleAssignmentStatement, Statement, SubscriptExpression, print()]"
q_py_topic_lists:q_py_list_access2,"[ArithmeticOperation, AssigningVariable, CallingFunctionLibrary, CallingStandardFunction, CreatingList, FindingLength, ForLoopWith*=, ForLoopWithUpdate, HandlingFunction, HandlingList, HandlingStandardFunction, HandlingString, IndexingList, IndexingString, ManagingVariable, Multiplication, NestedFunctionCall, NonNestedIteration, Printing, Python, ReplacingListElement, SingleForLoopIteration, UpdatingVariable]","[*, =, ArithmeticExpression, ArtithmeticOperator, AssignmentStatement, BinaryOperation, BuiltInFunction, Call, ExpressionStatement, ForStatement, FunctionCall, IndexingExpression, IntegerLiteral, IterationStatement, ListLiteral, LiteralCollection, MembershipOperator, NumericLiteral, Operator, SimpleAssignmentStatement, Statement, SubscriptExpression, in, len(), print(), range()]"
q_py_topic_lists:q_py_list_append1,"[AddingListElement, AddingListElementWithAppend, Addition, ArithmeticOperation, AssigningVariable, CallingFunctionLibrary, CallingOOPMethod, CallingStandardFunction, CreatingList, FindingLength, HandlingFunction, HandlingList, HandlingObjectOrientedProgramming, HandlingStandardFunction, HandlingString, IndexingList, IndexingString, ManagingVariable, NonNestedIteration, Printing, Python, SingleForLoopIteration, UpdatingVariable]","[+, -, =, ArithmeticExpression, ArtithmeticOperator, AssignmentStatement, BinaryOperation, BuiltInFunction, Call, ExpressionStatement, ForStatement, FunctionCall, IndexingExpression, IntegerLiteral, IterationStatement, ListLiteral, ListMethod, LiteralCollection, MembershipOperator, NumericLiteral, Operator, SimpleAssignmentStatement, Statement, SubscriptExpression, append(), in, len(), list(), print(), range()]"
q_py_topic_lists:q_py_list_remove1,"[CallingFunctionLibrary, CallingOOPMethod, CallingStandardFunction, CreatingList, DeletingListElement, HandlingFunction, HandlingList, HandlingObjectOrientedProgramming, HandlingStandardFunction, HandlingString, IndexingList, IndexingString, ManagingVariable, Printing, Python, UpdatingVariable]","[-, =, ArtithmeticOperator, AssignmentStatement, BuiltInFunction, Call, ExpressionStatement, FunctionCall, IndexingExpression, IntegerLiteral, ListLiteral, ListMethod, LiteralCollection, NumericLiteral, Operator, SimpleAssignmentStatement, Statement, SubscriptExpression, pop(), print()]"
q_py_topic_logical_operators:q_py_account_logic1,"[Addition, ArithmeticOperation, AssigningVariable, BooleanEvaluating, CheckingCondition, ManagingVariable, Substraction, UpdatingVariable]","[+, -, =, ArithmeticExpression, ArtithmeticOperator, AssignmentStatement, BinaryOperation, BooleanExpression, ComparisonExpression, ComparisonOperator, ExpressionStatement, IntegerLiteral, Larger, LargerOrEqual, LogicalExpression, LogicalOperator, NumericLiteral, Operator, SimpleAssignmentStatement, Statement, or]"
q_py_topic_logical_operators:q_py_comparison_logic1,"[Printing, Python]","[=, AssignmentStatement, BooleanExpression, BuiltInFunction, Call, ComparisonExpression, ComparisonOperator, ExpressionStatement, FunctionCall, IntegerLiteral, Less, LogicalExpression, NotEqual, NumericLiteral, Operator, SimpleAssignmentStatement, Statement, print()]"
q_py_topic_loops:q_py_for_loop1,"[Addition, ArithmeticOperation, AssigningVariable, CallingFunctionLibrary, CallingStandardFunction, HandlingFunction, HandlingStandardFunction, ManagingVariable, NonNestedIteration, Printing, Python, SingleForLoopIteration]","[+, =, ArithmeticExpression, ArtithmeticOperator, AssignmentStatement, BinaryOperation, BuiltInFunction, Call, ExpressionStatement, ForStatement, FunctionCall, IntegerLiteral, IterationStatement, MembershipOperator, NumericLiteral, Operator, SimpleAssignmentStatement, Statement, in, print(), range()]"
q_py_topic_loops:q_py_nested_while1,"[Addition, ArithmeticOperation, AssigningVariable, CallingFunctionLibrary, CallingStandardFunction, HandlingFunction, HandlingStandardFunction, ManagingVariable, NestedLoopIteration, NestedWhileLoopIteration, Printing, Python, UpdatingVariable, WhileLoopWith+=, WhileLoopWithUpdate]","[+, =, ArithmeticExpression, ArtithmeticOperator, AssignmentStatement, AugmentedAssignmentStatement, BinaryOperation, BooleanExpression, BuiltInFunction, Call, ComparisonExpression, ComparisonOperator, ExpressionStatement, FunctionCall, IntegerLiteral, IterationStatement, Less, LogicalExpression, NumericLiteral, Operator, SimpleAssignmentStatement, Statement, WhileStatement, print()]"
q_py_topic_loops:q_py_while_loop1,"[Addition, ArithmeticOperation, AssigningVariable, CallingFunctionLibrary, CallingStandardFunction, HandlingFunction, HandlingStandardFunction, ManagingVariable, NonNestedIteration, Printing, Python, SingleWhileLoopIteration, UpdatingVariable, WhileLoopWith+=, WhileLoopWithUpdate]","[+, =, ArithmeticExpression, ArtithmeticOperator, AssignmentStatement, BinaryOperation, BooleanExpression, BuiltInFunction, Call, ComparisonExpression, ComparisonOperator, ExpressionStatement, FunctionCall, IntegerLiteral, IterationStatement, Less, LogicalExpression, NumericLiteral, Operator, SimpleAssignmentStatement, Statement, WhileStatement, print()]"
q_py_topic_loops:q_py_while_loop2,"[Addition, ArithmeticOperation, AssigningVariable, BooleanEvaluating, CallingFunctionLibrary, CallingStandardFunction, CheckingCondition, CheckingInWhileLoop, HandlingFunction, HandlingStandardFunction, IfCheckingInWhileLoop, ManagingVariable, NonNestedIteration, Printing, Python, SingleWhileLoopIteration, UpdatingVariable, WhileLoopWith+=, WhileLoopWithUpdate]","[+, =, ArithmeticExpression, ArtithmeticOperator, AssignmentStatement, AugmentedAssignmentStatement, BinaryOperation, BooleanExpression, BuiltInFunction, Call, ComparisonExpression, ComparisonOperator, ExpressionStatement, FunctionCall, IntegerLiteral, IterationStatement, Less, LogicalExpression, NumericLiteral, Operator, SimpleAssignmentStatement, Statement, WhileStatement, print()]"
q_py_topic_output_formatting:q_py_output1,"[CallingFunctionLibrary, CreatingString, FormattingString, HandlingFunction, HandlingString, NestedFunctionCall, Printing, Python]","[BuiltInFunction, Call, ExpressionStatement, FloatLiteral, FunctionCall, IndexingExpression, Literal, NumericLiteral, Statement, StringLiteral, StringMethod, SubscriptExpression, format(), print(), str()]"
q_py_topic_output_formatting:q_py_output2,"[CallingFunctionLibrary, FormattingString, HandlingFunction, HandlingString, NestedFunctionCall, Printing, Python]","[BuiltInFunction, Call, ExpressionStatement, FloatLiteral, FunctionCall, IndexingExpression, Literal, NumericLiteral, Statement, StringLiteral, StringMethod, SubscriptExpression, format(), print()]"
q_py_topic_output_formatting:q_py_output3,"[Addition, ArithmeticOperation, AssigningVariable, CallingFunctionLibrary, CallingStandardFunction, FormattingString, HandlingFunction, HandlingStandardFunction, HandlingString, ManagingVariable, Multiplication, NestedFunctionCall, Printing, Python]","[*, +, -, =, ArithmeticExpression, ArtithmeticOperator, AssignmentStatement, BinaryOperation, BuiltInFunction, Call, ExpressionStatement, FunctionCall, IndexingExpression, Literal, Operator, SimpleAssignmentStatement, Statement, StringLiteral, StringMethod, SubscriptExpression, UnaryOperation, format(), print()]"
q_py_topic_output_formatting:q_py_output4,"[CallingFunctionCallingFunction, CallingFunctionLibrary, CallingOOPMethod, CallingStandardFunction, FormattingString, HandlingFunction, HandlingFunctionCallingFunction, HandlingObjectOrientedProgramming, HandlingStandardFunction, HandlingString, NestedFunctionCall, Printing, Python]","[BuiltInFunction, Call, ExpressionStatement, FloatLiteral, FunctionCall, IndexingExpression, IntegerLiteral, Literal, NumericLiteral, Statement, StringLiteral, StringMethod, SubscriptExpression, format(), print(), str()]"
q_py_topic_references:q_py_int_ref1,"[ArithmeticOperation, AssigningVariable, CallingFunctionLibrary, CallingStandardFunction, DefiningStandardFunction, HandlingFunction, HandlingInteger, HandlingStandardFunction, ManagingVariable, Multiplication, Printing, Python, TransformingToIntType]","[*, =, ArithmeticExpression, ArtithmeticOperator, AssignmentStatement, BinaryOperation, BuiltInFunction, Call, DefinitionStatement, ExpressionStatement, FunctionCall, FunctionDefinition, IntegerLiteral, JumpStatement, NumericLiteral, Operator, ReturnStatement, SimpleAssignmentStatement, Statement, print()]"
q_py_topic_references:q_py_list_int_ref1,"[CallingFunctionLibrary, CallingStandardFunction, CreatingList, DefiningStandardFunction, HandlingFunction, HandlingList, HandlingStandardFunction, HandlingString, IndexingList, IndexingString, ListReferencing, ManagingVariable, Printing, Python, ReplacingListElement, UpdatingVariable]","[+, =, ArithmeticExpression, ArtithmeticOperator, AssignmentStatement, BinaryOperation, BuiltInFunction, Call, DefinitionStatement, ExpressionStatement, FunctionCall, FunctionDefinition, IndexingExpression, IntegerLiteral, ListLiteral, LiteralCollection, NumericLiteral, Operator, SimpleAssignmentStatement, Statement, SubscriptExpression, print()]"
q_py_topic_references:q_py_list_str_ref1,"[CallingFunctionLibrary, CallingOOPMethod, CallingStandardFunction, CreatingList, CreatingString, DefiningStandardFunction, HandlingFunction, HandlingList, HandlingObjectOrientedProgramming, HandlingStandardFunction, HandlingString, IndexingList, IndexingString, ListReferencing, ManagingVariable, Printing, Python, ReplacingListElement, ReplacingStringContent, UpdatingVariable]","[=, AssignmentStatement, BuiltInFunction, Call, DefinitionStatement, ExpressionStatement, FunctionCall, FunctionDefinition, IndexingExpression, JumpStatement, ListLiteral, Literal, LiteralCollection, Operator, ReturnStatement, SimpleAssignmentStatement, Statement, StringLiteral, StringMethod, SubscriptExpression, list(), print(), replace()]"
q_py_topic_references:q_py_str_ref1,"[AssigningVariable, CallingFunctionLibrary, CallingOOPMethod, CallingStandardFunction, CreatingString, DefiningStandardFunction, HandlingFunction, HandlingObjectOrientedProgramming, HandlingStandardFunction, HandlingString, ManagingVariable, Printing, Python, ReplacingStringContent]","[=, AssignmentStatement, BuiltInFunction, Call, DefinitionStatement, ExpressionStatement, FunctionCall, FunctionDefinition, JumpStatement, Literal, Operator, ReturnStatement, SimpleAssignmentStatement, Statement, StringLiteral, StringMethod, print(), replace(), str()]"
q_py_topic_strings:q_py_concat_strings1,"[Addition, ArithmeticOperation, AssigningVariable, BooleanEvaluating, CallingFunctionLibrary, CallingStandardFunction, CheckingCondition, Concatenation, CreatingString, FormattingString, HandlingFunction, HandlingStandardFunction, HandlingString, ManagingVariable, NonNestedIteration, Printing, Python, ReplacingStringContent, SingleWhileLoopIteration, UpdatingVariable, WhileLoopWith+=, WhileLoopWithUpdate]","[+, =, ArithmeticExpression, ArtithmeticOperator, AssignmentStatement, AugmentedAssignmentStatement, BinaryOperation, BooleanExpression, BuiltInFunction, Call, ComparisonExpression, ComparisonOperator, ExpressionStatement, FunctionCall, IntegerLiteral, IterationStatement, Less, Literal, LogicalExpression, NumericLiteral, Operator, SimpleAssignmentStatement, Statement, StringLiteral, WhileStatement, print()]"
q_py_topic_strings:q_py_substring1,"[Addition, ArithmeticOperation, AssigningVariable, CallingFunctionLibrary, CallingStandardFunction, CreatingString, HandlingFunction, HandlingStandardFunction, HandlingString, ManagingVariable, Printing, Python, SlicingString]","[+, =, ArithmeticExpression, ArtithmeticOperator, AssignmentStatement, BinaryOperation, BuiltInFunction, Call, ExpressionStatement, FunctionCall, IntegerLiteral, Literal, NumericLiteral, Operator, SimpleAssignmentStatement, SlicingExpression, Statement, StringLiteral, SubscriptExpression, print()]"
q_py_topic_two_dimensional_array:q_py_2d_arrays1,"[Addition, ArithmeticOperation, AssigningVariable, Create2DArray, CreatingList, HandlingList, HandlingString, Indexing2DArray, IndexingList, IndexingString, ManagingVariable, TwoDimensionalArrayTask]","[+, =, ArithmeticExpression, ArtithmeticOperator, AssignmentStatement, BinaryOperation, BuiltInFunction, ExpressionStatement, IndexingExpression, IntegerLiteral, ListLiteral, LiteralCollection, NumericLiteral, Operator, SimpleAssignmentStatement, Statement, SubscriptExpression, list()]"
q_py_topic_two_dimensional_array:q_py_2d_arrays2,"[Addition, ArithmeticOperation, AssigningVariable, CallingFunctionLibrary, CallingStandardFunction, Create2DArray, CreatingList, FindingLength, ForLoopWithListIndexing, ForLoopWithUpdate, HandlingFunction, HandlingList, HandlingStandardFunction, HandlingString, Indexing2DArray, IndexingList, IndexingString, ManagingVariable, NestedForLoopIteration, NestedFunctionCall, NestedLoopIteration, Python, ReplacingElement2DArray, ReplacingListElement, Substraction, TwoDimensionalArrayTask, UpdatingVariable]","[*, +, -, =, ArithmeticExpression, ArtithmeticOperator, AssignmentStatement, BinaryOperation, BuiltInFunction, Call, ExpressionStatement, ForStatement, FunctionCall, IndexingExpression, IntegerLiteral, IterationStatement, ListLiteral, LiteralCollection, MembershipOperator, NumericLiteral, Operator, SimpleAssignmentStatement, Statement, SubscriptExpression, in, len(), list(), range()]"
q_py_topic_two_dimensional_array:q_py_2d_arrays3,"[Addition, ArithmeticOperation, CallingFunctionLibrary, CallingStandardFunction, Create2DArray, CreatingList, HandlingFunction, HandlingList, HandlingStandardFunction, HandlingString, Indexing2DArray, IndexingList, IndexingString, ManagingVariable, NestedForLoopIteration, NestedLoopIteration, Printing, Python, ReplacingElement2DArray, ReplacingListElement, Substraction, TwoDimensionalArrayTask, UpdatingVariable]","[=, ArithmeticExpression, BinaryOperation, Call, FunctionCall, IndexingExpression, IntegerLiteral, ListLiteral, LiteralCollection, NumericLiteral, Operator, SubscriptExpression]"
q_py_topic_two_dimensional_array:q_py_2d_arrays4,"[Addition, ArithmeticOperation, AssigningVariable, BooleanEvaluating, CallingFunctionCallingFunction, CallingFunctionLibrary, CallingStandardFunction, CheckingCondition, CheckingInForLoop, Create2DArray, CreatingList, FindingLength, ForLoopWith+=, ForLoopWithUpdate, HandlingFunction, HandlingFunctionCallingFunction, HandlingList, HandlingStandardFunction, HandlingString, IfChecking, IfCheckingInForLoop, Indexing2DArray, IndexingList, IndexingString, ManagingVariable, NestedForLoopIteration, NestedFunctionCall, NestedLoopIteration, Python, TwoDimensionalArrayTask, UpdatingVariable]","[+, -, =, ArithmeticExpression, ArtithmeticOperator, AssignmentStatement, AugmentedAssignmentStatement, BinaryOperation, BooleanExpression, BuiltInFunction, Call, ComparisonExpression, ComparisonOperator, ConditionalStatement, ForStatement, FunctionCall, IfStatement, IndexingExpression, IntegerLiteral, IterationStatement, Larger, ListLiteral, LiteralCollection, LogicalExpression, MembershipOperator, NumericLiteral, Operator, SimpleAssignmentStatement, SubscriptExpression, in, len(), list(), range()]"
q_py_topic_variables:q_py_arithmetic1,"[ArithmeticOperation, AssigningVariable, CallingFunctionLibrary, CallingStandardFunction, Division, HandlingFunction, HandlingInteger, HandlingStandardFunction, ManagingVariable, Printing, Python, Substraction, TransformingToIntType]","[-, //, =, ArithmeticExpression, ArtithmeticOperator, AssignmentStatement, BinaryOperation, BuiltInFunction, Call, FunctionCall, IntegerLiteral, NumericLiteral, Operator, SimpleAssignmentStatement, print()]"
q_py_topic_variables:q_py_arithmetic2,"[Addition, ArithmeticOperation, AssigningVariable, ManagingVariable, Multiplication, Power]","[*, **, +, =, ArithmeticExpression, ArtithmeticOperator, AssignmentStatement, BinaryOperation, IntegerLiteral, NumericLiteral, Operator, SimpleAssignmentStatement]"
q_py_topic_variables:q_py_exchange1,"[ArithmeticOperation, AssigningVariable, HandlingFloat, HandlingInteger, ManagingVariable, Multiplication, Substraction, TransformingToFloatType, TransformingToIntType]","[*, -, =, ArithmeticExpression, ArtithmeticOperator, AssignmentStatement, BinaryOperation, FloatLiteral, IntegerLiteral, NumericLiteral, Operator, SimpleAssignmentStatement]"
q_py_topic_variables:q_py_exchange2,"[ArithmeticOperation, AssigningVariable, CallingFunctionLibrary, CallingStandardFunction, Division, HandlingFunction, HandlingInteger, HandlingStandardFunction, ManagingVariable, Substraction, TransformingToIntType]","[-, /, =, ArithmeticExpression, ArtithmeticOperator, AssignmentStatement, BinaryOperation, BuiltInFunction, Call, ExpressionStatement, FloatLiteral, FunctionCall, IntegerLiteral, NumericLiteral, Operator, SimpleAssignmentStatement, Statement, int()]"
q_py_topic_variables:q_py_swap1,"[Addition, ArithmeticOperation, AssigningVariable, CallingFunctionLibrary, CallingStandardFunction, HandlingFunction, HandlingStandardFunction, ManagingVariable, Printing, Python, SwappingVariablesValue, UpdatingVariable]","[+, =, ArithmeticExpression, ArtithmeticOperator, AssignmentStatement, BinaryOperation, BuiltInFunction, Call, FunctionCall, IntegerLiteral, NumericLiteral, Operator, SimpleAssignmentStatement, print()]"
q_topic_classes_objects:q_py_inheritance_animal1,"[ArithmeticOperation, AssigningVariable, CallingFunctionLibrary, CallingOOPMethod, CallingStandardFunction, CreatingObject, CreatingString, DefiningClass, DefiningOOPMethod, DefiningStandardFunction, HandlingFunction, HandlingObjectOrientedProgramming, HandlingStandardFunction, HandlingString, ManagingVariable, Multiplication, Printing, Python]","[*, =, ArithmeticExpression, ArtithmeticOperator, AssignmentStatement, BinaryOperation, BuiltInFunction, Call, ClassDefinition, DefinitionStatement, ExpressionStatement, FunctionCall, FunctionDefinition, IntegerLiteral, JumpStatement, Literal, NumericLiteral, Operator, ReturnStatement, SimpleAssignmentStatement, Statement, StringLiteral, print()]"
q_topic_classes_objects:q_py_obj_account1,"[AccessingDictionary, AddingItemToDictionary, Addition, ArithmeticOperation, AssigningVariable, CallingFunctionLibrary, CallingOOPMethod, CallingStandardFunction, CreatingDictionary, CreatingObject, DefiningClass, DefiningOOPMethod, DefiningStandardFunction, HandlingDictionary, HandlingFunction, HandlingObjectOrientedProgramming, HandlingStandardFunction, HandlingString, IndexingString, ManagingVariable, Printing, Python, Substraction, UpdatingVariable]","[+, -, =, ArithmeticExpression, ArtithmeticOperator, AssignmentStatement, AugmentedAssignmentStatement, BinaryOperation, BuiltInFunction, Call, ClassDefinition, DefinitionStatement, DictLiteral, ExpressionStatement, FunctionCall, FunctionDefinition, IndexingExpression, IntegerLiteral, LiteralCollection, NumericLiteral, Operator, SimpleAssignmentStatement, Statement, SubscriptExpression, dict(), print()]"
q_topic_classes_objects:q_py_obj_bus1,"[Addition, ArithmeticOperation, AssigningVariable, BooleanEvaluating, CallingFunctionLibrary, CallingOOPMethod, CheckingCondition, CreatingObject, DefiningClass, DefiningOOPMethod, DefiningStandardFunction, FindMinimum, HandlingFunction, HandlingObjectOrientedProgramming, HandlingStandardFunction, IfChecking, ManagingVariable, Printing, Python, Substraction, UpdatingVariable]","[+, -, =, ArithmeticExpression, ArtithmeticOperator, AssignmentStatement, BinaryOperation, BooleanExpression, BooleanLiteral, BuiltInFunction, Call, ClassDefinition, ClassMethod, ComparisonExpression, ComparisonOperator, ConditionalStatement, DefinitionStatement, ExpressionStatement, FunctionCall, FunctionDefinition, IfStatement, IntegerLiteral, JumpStatement, Larger, Less, Literal, LogicalExpression, NumericLiteral, Operator, ReturnStatement, SimpleAssignmentStatement, Statement, __init()__, min(), print()]"
q_topic_classes_objects:q_py_obj_car1,"[Addition, ArithmeticOperation, AssigningVariable, BooleanEvaluating, CallingFunctionLibrary, CallingOOPMethod, CallingStandardFunction, CheckingCondition, CreatingObject, DefiningClass, DefiningOOPMethod, FindMinimum, HandlingFunction, HandlingObjectOrientedProgramming, HandlingStandardFunction, IfChecking, ManagingVariable, Printing, Python, Substraction, UpdatingVariable]","[+, -, =, ArithmeticExpression, ArtithmeticOperator, AssignmentStatement, BinaryOperation, BooleanExpression, BooleanLiteral, BuiltInFunction, Call, ClassDefinition, ComparisonExpression, ComparisonOperator, ConditionalStatement, DefinitionStatement, ExpressionStatement, FunctionCall, FunctionDefinition, IfStatement, IntegerLiteral, JumpStatement, Less, Literal, LogicalExpression, NumericLiteral, Operator, ReturnStatement, SimpleAssignmentStatement, Statement, min(), print()]"
q_topic_classes_objects:q_py_obj_car2,"[Addition, ArithmeticOperation, CallingOOPMethod, CreatingObject, DefiningClass, DefiningOOPMethod, FindMinimum, HandlingObjectOrientedProgramming, Substraction]","[+, -, =, ArithmeticExpression, ArtithmeticOperator, AssignmentStatement, AugmentedAssignmentStatement, BinaryOperation, BooleanExpression, BooleanLiteral, BuiltInFunction, Call, ClassDefinition, ClassMethod, ComparisonExpression, ComparisonOperator, ConditionalStatement, DefinitionStatement, ExpressionStatement, FunctionCall, FunctionDefinition, IfStatement, IntegerLiteral, JumpStatement, Larger, Less, Literal, LogicalExpression, NumericLiteral, Operator, ReturnStatement, SimpleAssignmentStatement, Statement, __init()__, min(), print()]"
q_topic_classes_objects:q_py_obj_point1,"[ArithmeticOperation, CallingOOPMethod, CreatingObject, DefiningClass, DefiningOOPMethod, HandlingObjectOrientedProgramming, Substraction]","[-, =, ArithmeticExpression, ArtithmeticOperator, AssignmentStatement, BinaryOperation, BooleanExpression, BuiltInFunction, Call, ClassDefinition, ClassMethod, ComparisonExpression, ComparisonOperator, ConditionalStatement, DefinitionStatement, ExpressionStatement, FunctionCall, FunctionDefinition, IfElifElseStatement, IfElifStatement, IfElseStatement, IfStatement, IntegerLiteral, JumpStatement, Larger, Literal, LogicalExpression, NumericLiteral, Operator, ReturnStatement, SimpleAssignmentStatement, Statement, StringLiteral, __init()__, print()]"
q_topic_classes_objects:q_py_obj_student1,"[AddingListElement, AddingListElementWithAppend, Addition, ArithmeticOperation, AssigningVariable, BooleanEvaluating, CallingFunctionCallingFunction, CallingFunctionLibrary, CallingOOPMethod, CallingStandardFunction, CheckingCondition, CheckingInForLoop, CreatingList, CreatingObject, CreatingString, DefiningClass, DefiningOOPMethod, DefiningStandardFunction, Division, FindingLength, ForLoopWithListIndexing, ForLoopWithUpdate, HandlingFloat, HandlingFunction, HandlingFunctionCallingFunction, HandlingInteger, HandlingList, HandlingObjectOrientedProgramming, HandlingStandardFunction, HandlingString, IfChecking, IfCheckingInForLoop, IndexingList, IndexingString, ManagingVariable, NestedFunctionCall, NonNestedIteration, Printing, Python, SingleForLoopIteration, Substraction, TransformingToFloatType, TransformingToIntType, UpdatingVariable]","[+, -, /, =, ArithmeticExpression, ArtithmeticOperator, AssignmentStatement, BinaryOperation, BooleanExpression, BuiltInFunction, Call, ClassDefinition, ComparisonExpression, ComparisonOperator, ConditionalStatement, DefinitionStatement, FloatLiteral, ForStatement, FunctionCall, FunctionDefinition, IfStatement, IndexingExpression, IntegerLiteral, IterationStatement, JumpStatement, Larger, ListLiteral, ListMethod, Literal, LiteralCollection, LogicalExpression, MembershipOperator, NumericLiteral, Operator, ReturnStatement, SimpleAssignmentStatement, StringLiteral, SubscriptExpression, append(), float(), in, int(), len(), list(), print(), range()]"
