exercise_name,parent,leaf_class
py_fail_course,ArithmeticOperation,FindAbsolute
py_fail_course,HandlingFloat,TransformingToFloatType
py_fail_course,HandlingDictionary,IndexingDictionary
py_fail_course,HandlingList,SlicingList
py_fail_course,AddingListElement,AddingListElementWithInsert
py_fail_course,AddingListElement,AddingListElementWithAppend
py_fail_course,HandlingString,SplittingString
py_fail_course2,HandlingTuple,CreatingTuple
py_fail_course2,HandlingTuple,SlicingTuple
py_fail_course2,HandlingTuple,IndexingTuple
py_fail_course2,HandlingFloat,TransformingToFloatType
py_fail_course2,HandlingDictionary,IndexingDictionary
py_fail_course2,HandlingList,SlicingList
py_fail_course2,AddingListElement,AddingListElementWithInsert
py_fail_course2,AddingListElement,AddingListElementWithAppend
py_fail_course2,HandlingFile,ClosingFile
py_fail_course2,HandlingFile,ReadingLine
py_fail_course2,HandlingFile,OpeningFile
py_fail_course2,HandlingString,ReplacingStringContent
py_fail_course3,NonNestedIteration,SingleWhileLoopIteration
py_fail_course3,ArithmeticOperation,FindAbsolute
py_fail_course3,HandlingTuple,CreatingTuple
py_fail_course3,HandlingTuple,SlicingTuple
py_fail_course3,HandlingTuple,IndexingTuple
py_fail_course3,HandlingFloat,TransformingToFloatType
py_fail_course3,HandlingDictionary,IndexingDictionary
py_fail_course3,HandlingList,SlicingList
py_fail_course3,AddingListElement,AddingListElementWithInsert
py_fail_course3,AddingListElement,AddingListElementWithAppend
py_fail_course3,HandlingFile,ClosingFile
py_fail_course3,HandlingFile,ReadingLine
py_fail_course3,HandlingFile,OpeningFile
py_fail_course3,HandlingString,TransformingToStringType
py_phone_age,NonNestedIteration,SingleWhileLoopIteration
py_phone_age,ArithmeticOperation,FindAbsolute
py_phone_age,ArithmeticOperation,FindRemainder
py_phone_age,ArithmeticOperation,Round
py_phone_age,ArithmeticOperation,Power
py_phone_age,ArithmeticOperation,FindMinimum
py_phone_age,HandlingDictionary,IndexingDictionary
py_phone_age,HandlingList,SlicingList
py_phone_age,AddingListElement,AddingListElementWithInsert
py_phone_age,AddingListElement,AddingListElementWithAppend
py_phone_age,HandlingFile,ClosingFile
py_phone_age,HandlingFile,ReadingLine
py_phone_age,HandlingFile,OpeningFile
py_phone_age2,NonNestedIteration,SingleWhileLoopIteration
py_phone_age2,NestedLoopIteration,MixedNestedLoopIteration
py_phone_age2,NestedLoopIteration,NestedForLoopIteration
py_phone_age2,NestedLoopIteration,NestedWhileLoopIteration
py_phone_age2,ArithmeticOperation,FindAbsolute
py_phone_age2,HandlingFloat,TransformingToFloatType
py_phone_age2,HandlingDictionary,IndexingDictionary
py_phone_age2,HandlingList,SlicingList
py_phone_age2,AddingListElement,AddingListElementWithInsert
py_phone_age2,AddingListElement,AddingListElementWithAppend
py_phone_age2,HandlingString,SplittingString
py_rent_car,HandlingTuple,CreatingTuple
py_rent_car,HandlingTuple,SlicingTuple
py_rent_car,HandlingTuple,IndexingTuple
py_rent_car,HandlingFloat,TransformingToFloatType
py_rent_car,HandlingDictionary,ReplacingDictionaryElement
py_rent_car,HandlingDictionary,IndexingDictionary
py_rent_car,HandlingDictionary,AddingItemToDictionary
py_rent_car,HandlingList,SlicingList
py_rent_car,HandlingList,ReversingList
py_rent_car,AddingListElement,AddingListElementWithInsert
py_rent_car,AddingListElement,AddingListElementWithAppend
py_rent_car,HandlingFile,ClosingFile
py_rent_car,HandlingFile,ReadingLine
py_rent_car,HandlingFile,OpeningFile
py_rent_car,HandlingString,ReplacingStringContent
py_rent_car2,ArithmeticOperation,FindAbsolute
py_rent_car2,HandlingDictionary,IndexingDictionary
py_rent_car2,HandlingList,ReversingList
py_rent_car2,HandlingString,TransformingToStringType
py_rent_car3,CheckingCondition,AssertChecking
py_rent_car3,HandlingFloat,TransformingToFloatType
py_rent_car3,HandlingList,SlicingList
py_rent_car3,HandlingList,ReversingList
py_rent_car3,HandlingFile,ClosingFile
py_rent_car3,HandlingFile,ReadingLine
py_rent_car3,HandlingFile,OpeningFile
py_rent_car3,HandlingString,ReplacingStringContent
py_check_age,WhileLoopWithUpdate,WhileLoopWith*=
py_check_age,WhileLoopWithUpdate,WhileLoopWith+=
py_check_age,ForLoopWithUpdate,ForLoopWith+=
py_check_age,ForLoopWithUpdate,ForLoopWith*=
py_check_age,ArithmeticOperation,FindAbsolute
py_check_age,HandlingFloat,TransformingToFloatType
py_check_age,HandlingDictionary,ReplacingDictionaryElement
py_check_age,HandlingDictionary,IndexingDictionary
py_check_age,HandlingDictionary,AddingItemToDictionary
py_check_age,HandlingList,DeletingListElement
py_check_age,HandlingList,ListReferencing
py_check_age,HandlingList,ReversingList
py_check_age,AddingListElement,AddingListElementWithInsert
py_check_age,AddingListElement,AddingListElementWithAppend
py_check_age,HandlingString,ReplacingStringContent
py_check_age,HandlingString,TransformingToStringType
py_check_age2,WhileLoopWithUpdate,WhileLoopWithListIndexing
py_check_age2,ForLoopWithUpdate,ForLoopWithListIndexing
py_check_age2,NestedLoopIteration,NestedForLoopIteration
py_check_age2,NestedLoopIteration,NestedWhileLoopIteration
py_check_age2,ArithmeticOperation,FindAbsolute
py_check_age2,ArithmeticOperation,FindRemainder
py_check_age2,ArithmeticOperation,FindMaximum
py_check_age2,ArithmeticOperation,Addition
py_check_age2,ArithmeticOperation,Round
py_check_age2,ArithmeticOperation,Power
py_check_age2,ArithmeticOperation,FindMinimum
py_check_age2,ArithmeticOperation,Substraction
py_check_age2,ArithmeticOperation,Division
py_check_age2,ArithmeticOperation,Multiplication
py_check_age2,HandlingTuple,CreatingTuple
py_check_age2,HandlingTuple,SlicingTuple
py_check_age2,HandlingTuple,IndexingTuple
py_check_age2,HandlingFloat,TransformingToFloatType
py_check_age2,HandlingDictionary,ReplacingDictionaryElement
py_check_age2,HandlingDictionary,IndexingDictionary
py_check_age2,HandlingDictionary,AddingItemToDictionary
py_check_age2,HandlingDictionary,AccessingDictionary
py_check_age2,HandlingDictionary,CreatingDictionary
py_check_age2,HandlingList,SlicingList
py_check_age2,HandlingList,ReversingList
py_check_age2,AddingListElement,AddingListElementWithInsert
py_check_age2,AddingListElement,AddingListElementWithAppend
py_check_age2,HandlingString,TransformingToStringType
py_three_boolean,Python,Concatenation
py_three_boolean,CheckingCondition,AssertChecking
py_three_boolean,ArithmeticOperation,FindAbsolute
py_three_boolean,ArithmeticOperation,FindRemainder
py_three_boolean,ArithmeticOperation,Round
py_three_boolean,ArithmeticOperation,Power
py_three_boolean,ArithmeticOperation,FindMinimum
py_three_boolean,HandlingTuple,SlicingTuple
py_three_boolean,HandlingFloat,TransformingToFloatType
py_three_boolean,HandlingDictionary,ReplacingDictionaryElement
py_three_boolean,HandlingDictionary,IndexingDictionary
py_three_boolean,HandlingDictionary,AddingItemToDictionary
py_three_boolean,HandlingList,DeletingListElement
py_three_boolean,HandlingList,SlicingList
py_three_boolean,HandlingList,ReplacingListElement
py_three_boolean,HandlingList,ListReferencing
py_three_boolean,HandlingList,ReversingList
py_three_boolean,AddingListElement,AddingListElementWithInsert
py_three_boolean,AddingListElement,AddingListElementWithAppend
py_three_boolean2,NonNestedIteration,SingleWhileLoopIteration
py_three_boolean2,HandlingDictionary,IndexingDictionary
py_three_boolean2,HandlingList,ReversingList
py_three_boolean2,HandlingFile,ClosingFile
py_three_boolean2,HandlingFile,ReadingLine
py_three_boolean2,HandlingFile,OpeningFile
py_three_boolean3,Python,Concatenation
py_three_boolean3,ArithmeticOperation,FindAbsolute
py_three_boolean3,ArithmeticOperation,Round
py_three_boolean3,ArithmeticOperation,Power
py_three_boolean3,ArithmeticOperation,FindMinimum
py_three_boolean3,HandlingDictionary,IndexingDictionary
py_three_boolean3,HandlingList,SlicingList
py_three_boolean3,AddingListElement,AddingListElementWithInsert
py_three_boolean3,AddingListElement,AddingListElementWithAppend
py_boolean_dry_hot,HandlingFloat,TransformingToFloatType
py_boolean_dry_hot,HandlingDictionary,IndexingDictionary
py_boolean_dry_hot,HandlingList,SlicingList
py_boolean_dry_hot,AddingListElement,AddingListElementWithInsert
py_boolean_dry_hot,AddingListElement,AddingListElementWithAppend
py_boolean_dry_hot2,HandlingDictionary,IndexingDictionary
py_boolean_dry_hot2,HandlingList,SlicingList
py_boolean_dry_hot3,HandlingFloat,TransformingToFloatType
py_boolean_dry_hot3,HandlingDictionary,IndexingDictionary
py_boolean_dry_hot3,HandlingList,ReversingList
py_boolean_dry_hot4,HandlingDictionary,IndexingDictionary
py_boolean_dry_hot4,HandlingList,ReversingList
py_str_repeat_chars,ArithmeticOperation,Round
py_str_repeat_chars,HandlingDictionary,IndexingDictionary
py_str_repeat_chars,HandlingList,SlicingList
py_str_repeat_chars,HandlingString,ReplacingStringContent
py_str_repeat_chars,HandlingString,SplittingString
py_str_repeat2,WhileLoopWithUpdate,WhileLoopWithListIndexing
py_str_repeat2,WhileLoopWithUpdate,WhileLoopWith*=
py_str_repeat2,WhileLoopWithUpdate,WhileLoopWith+=
py_str_repeat2,ForLoopWithUpdate,ForLoopWith*=
py_str_repeat2,ForLoopWithUpdate,ForLoopWithListIndexing
py_str_repeat2,ArithmeticOperation,FindAbsolute
py_str_repeat2,ArithmeticOperation,FindRemainder
py_str_repeat2,ArithmeticOperation,FindMaximum
py_str_repeat2,ArithmeticOperation,Addition
py_str_repeat2,ArithmeticOperation,Round
py_str_repeat2,ArithmeticOperation,Power
py_str_repeat2,ArithmeticOperation,FindMinimum
py_str_repeat2,ArithmeticOperation,Substraction
py_str_repeat2,ArithmeticOperation,Division
py_str_repeat2,HandlingInteger,TransformingToIntType
py_str_repeat2,HandlingTuple,CreatingTuple
py_str_repeat2,HandlingTuple,SlicingTuple
py_str_repeat2,HandlingTuple,IndexingTuple
py_str_repeat2,HandlingFloat,TransformingToFloatType
py_str_repeat2,HandlingDictionary,ReplacingDictionaryElement
py_str_repeat2,HandlingDictionary,IndexingDictionary
py_str_repeat2,HandlingDictionary,AddingItemToDictionary
py_str_repeat2,HandlingDictionary,AccessingDictionary
py_str_repeat2,HandlingDictionary,CreatingDictionary
py_str_repeat2,HandlingList,DeletingListElement
py_str_repeat2,HandlingList,CreatingList
py_str_repeat2,HandlingList,ReplacingListElement
py_str_repeat2,HandlingList,ListReferencing
py_str_repeat2,HandlingList,ReversingList
py_str_repeat2,AddingListElement,AddingListElementWithInsert
py_str_repeat2,AddingListElement,AddingListElementWithAppend
py_str_repeat2,HandlingFile,ClosingFile
py_str_repeat2,HandlingFile,ReadingLine
py_str_repeat2,HandlingFile,OpeningFile
py_str_repeat2,HandlingString,TransformingToStringType
py_file_input_stat,NonNestedIteration,SingleWhileLoopIteration
py_file_input_stat,WhileLoopWithUpdate,WhileLoopWithListIndexing
py_file_input_stat,WhileLoopWithUpdate,WhileLoopWith*=
py_file_input_stat,WhileLoopWithUpdate,WhileLoopWith+=
py_file_input_stat,ForLoopWithUpdate,ForLoopWith+=
py_file_input_stat,ForLoopWithUpdate,ForLoopWith*=
py_file_input_stat,ForLoopWithUpdate,ForLoopWithListIndexing
py_file_input_stat,NestedLoopIteration,MixedNestedLoopIteration
py_file_input_stat,NestedLoopIteration,NestedWhileLoopIteration
py_file_input_stat,ArithmeticOperation,FindAbsolute
py_file_input_stat,ArithmeticOperation,FindMinimum
py_file_input_stat,HandlingTuple,CreatingTuple
py_file_input_stat,HandlingTuple,SlicingTuple
py_file_input_stat,HandlingTuple,IndexingTuple
py_file_input_stat,HandlingFloat,TransformingToFloatType
py_file_input_stat,HandlingDictionary,ReplacingDictionaryElement
py_file_input_stat,HandlingDictionary,IndexingDictionary
py_file_input_stat,HandlingDictionary,AddingItemToDictionary
py_file_input_stat,HandlingDictionary,AccessingDictionary
py_file_input_stat,HandlingDictionary,CreatingDictionary
py_file_input_stat,HandlingList,DeletingListElement
py_file_input_stat,HandlingList,SlicingList
py_file_input_stat,HandlingList,ReversingList
py_file_input_stat,AddingListElement,AddingListElementWithInsert
py_file_input_stat,AddingListElement,AddingListElementWithAppend
py_input_stat2,Python,Concatenation
py_input_stat2,HandlingDictionary,IndexingDictionary
py_input_stat2,HandlingList,SlicingList
py_input_stat2,HandlingList,ReversingList
py_input_stat2,AddingListElement,AddingListElementWithInsert
py_input_stat2,AddingListElement,AddingListElementWithAppend
py_student_score,CheckingCondition,IfElseChecking
py_student_score,WhileLoopWithUpdate,WhileLoopWithListIndexing
py_student_score,WhileLoopWithUpdate,WhileLoopWith*=
py_student_score,WhileLoopWithUpdate,WhileLoopWith+=
py_student_score,ForLoopWithUpdate,ForLoopWith*=
py_student_score,ForLoopWithUpdate,ForLoopWithListIndexing
py_student_score,NestedLoopIteration,NestedForLoopIteration
py_student_score,NestedLoopIteration,NestedWhileLoopIteration
py_student_score,ArithmeticOperation,FindAbsolute
py_student_score,ArithmeticOperation,FindRemainder
py_student_score,ArithmeticOperation,FindMaximum
py_student_score,ArithmeticOperation,Round
py_student_score,ArithmeticOperation,Power
py_student_score,ArithmeticOperation,FindMinimum
py_student_score,ArithmeticOperation,Substraction
py_student_score,ArithmeticOperation,Division
py_student_score,ArithmeticOperation,Multiplication
py_student_score,HandlingTuple,SlicingTuple
py_student_score,HandlingTuple,IndexingTuple
py_student_score,HandlingFloat,TransformingToFloatType
py_student_score,HandlingDictionary,ReplacingDictionaryElement
py_student_score,HandlingDictionary,IndexingDictionary
py_student_score,HandlingList,DeletingListElement
py_student_score,HandlingList,SlicingList
py_student_score,HandlingList,ReplacingListElement
py_student_score,HandlingList,ListReferencing
py_student_score,HandlingList,ReversingList
py_student_score,AddingListElement,AddingListElementWithInsert
py_student_score,AddingListElement,AddingListElementWithAppend
py_student_score,HandlingFile,ClosingFile
py_student_score,HandlingFile,ReadingLine
py_student_score,HandlingString,ReplacingStringContent
py_student_score,HandlingString,TransformingToStringType
py_student_score,HandlingString,SplittingString
py_score_dict2,ArithmeticOperation,FindAbsolute
py_score_dict2,HandlingDictionary,IndexingDictionary
py_score_dict2,HandlingList,DeletingListElement
py_score_dict2,HandlingList,ReversingList
py_score_dict2,AddingListElement,AddingListElementWithInsert
py_score_dict2,AddingListElement,AddingListElementWithAppend
py_score_dict2,HandlingString,TransformingToStringType
bjects_classes_loan,HandlingObjectOrientedProgramming,DefiningOOPMethod
bjects_classes_loan,WhileLoopWithUpdate,WhileLoopWithListIndexing
bjects_classes_loan,WhileLoopWithUpdate,WhileLoopWith*=
bjects_classes_loan,WhileLoopWithUpdate,WhileLoopWith+=
bjects_classes_loan,ForLoopWithUpdate,ForLoopWith+=
bjects_classes_loan,ForLoopWithUpdate,ForLoopWith*=
bjects_classes_loan,ForLoopWithUpdate,ForLoopWithListIndexing
bjects_classes_loan,NestedLoopIteration,MixedNestedLoopIteration
bjects_classes_loan,NestedLoopIteration,NestedForLoopIteration
bjects_classes_loan,NestedLoopIteration,NestedWhileLoopIteration
bjects_classes_loan,ArithmeticOperation,FindAbsolute
bjects_classes_loan,ArithmeticOperation,FindRemainder
bjects_classes_loan,ArithmeticOperation,FindMaximum
bjects_classes_loan,ArithmeticOperation,Addition
bjects_classes_loan,ArithmeticOperation,Round
bjects_classes_loan,ArithmeticOperation,FindMinimum
bjects_classes_loan,ArithmeticOperation,Substraction
bjects_classes_loan,HandlingTuple,CreatingTuple
bjects_classes_loan,HandlingTuple,SlicingTuple
bjects_classes_loan,HandlingTuple,IndexingTuple
bjects_classes_loan,HandlingDictionary,ReplacingDictionaryElement
bjects_classes_loan,HandlingDictionary,IndexingDictionary
bjects_classes_loan,HandlingDictionary,AddingItemToDictionary
bjects_classes_loan,HandlingDictionary,AccessingDictionary
bjects_classes_loan,HandlingDictionary,CreatingDictionary
bjects_classes_loan,HandlingList,DeletingListElement
bjects_classes_loan,HandlingList,IndexingList
bjects_classes_loan,HandlingList,CreatingList
bjects_classes_loan,HandlingList,SlicingList
bjects_classes_loan,HandlingList,ReplacingListElement
bjects_classes_loan,HandlingList,ListReferencing
bjects_classes_loan,HandlingList,ReversingList
bjects_classes_loan,AddingListElement,AddingListElementWithInsert
bjects_classes_loan,AddingListElement,AddingListElementWithAppend
bjects_classes_loan,HandlingFile,ClosingFile
bjects_classes_loan,HandlingFile,ReadingLine
bjects_classes_loan,HandlingFile,OpeningFile
bjects_classes_loan,HandlingString,ReplacingStringContent
bjects_classes_loan,HandlingString,SplittingString
py_loan2,HandlingObjectOrientedProgramming,CallingOOPMethod
py_loan2,NonNestedIteration,SingleWhileLoopIteration
py_loan2,WhileLoopWithUpdate,WhileLoopWithListIndexing
py_loan2,WhileLoopWithUpdate,WhileLoopWith*=
py_loan2,WhileLoopWithUpdate,WhileLoopWith+=
py_loan2,ForLoopWithUpdate,ForLoopWith+=
py_loan2,ForLoopWithUpdate,ForLoopWith*=
py_loan2,ForLoopWithUpdate,ForLoopWithListIndexing
py_loan2,NestedLoopIteration,MixedNestedLoopIteration
py_loan2,NestedLoopIteration,NestedForLoopIteration
py_loan2,NestedLoopIteration,NestedWhileLoopIteration
py_loan2,ArithmeticOperation,FindAbsolute
py_loan2,ArithmeticOperation,FindRemainder
py_loan2,ArithmeticOperation,FindMaximum
py_loan2,ArithmeticOperation,Addition
py_loan2,ArithmeticOperation,Round
py_loan2,ArithmeticOperation,FindMinimum
py_loan2,ArithmeticOperation,Substraction
py_loan2,HandlingTuple,CreatingTuple
py_loan2,HandlingTuple,SlicingTuple
py_loan2,HandlingTuple,IndexingTuple
py_loan2,HandlingDictionary,ReplacingDictionaryElement
py_loan2,HandlingDictionary,IndexingDictionary
py_loan2,HandlingDictionary,AddingItemToDictionary
py_loan2,HandlingDictionary,AccessingDictionary
py_loan2,HandlingDictionary,CreatingDictionary
py_loan2,HandlingList,DeletingListElement
py_loan2,HandlingList,IndexingList
py_loan2,HandlingList,CreatingList
py_loan2,HandlingList,SlicingList
py_loan2,HandlingList,ReplacingListElement
py_loan2,HandlingList,ListReferencing
py_loan2,HandlingList,ReversingList
py_loan2,AddingListElement,AddingListElementWithInsert
py_loan2,AddingListElement,AddingListElementWithAppend
py_loan2,HandlingFile,ClosingFile
py_loan2,HandlingFile,ReadingLine
py_loan2,HandlingFile,OpeningFile
py_loan2,HandlingString,ReplacingStringContent
py_loan2,HandlingString,TransformingToStringType
py_loan2,HandlingString,SplittingString
py_tv2,WhileLoopWithUpdate,WhileLoopWithListIndexing
py_tv2,WhileLoopWithUpdate,WhileLoopWith*=
py_tv2,ForLoopWithUpdate,ForLoopWith*=
py_tv2,ForLoopWithUpdate,ForLoopWithListIndexing
py_tv2,ArithmeticOperation,FindAbsolute
py_tv2,ArithmeticOperation,FindRemainder
py_tv2,ArithmeticOperation,Round
py_tv2,ArithmeticOperation,Power
py_tv2,ArithmeticOperation,Division
py_tv2,ArithmeticOperation,Multiplication
py_tv2,HandlingFloat,TransformingToFloatType
py_tv2,HandlingDictionary,IndexingDictionary
py_tv2,HandlingList,DeletingListElement
py_tv2,HandlingList,SlicingList
py_tv2,HandlingList,ReversingList
py_tv2,AddingListElement,AddingListElementWithInsert
py_tv2,AddingListElement,AddingListElementWithAppend
py_tv2,HandlingString,ReplacingStringContent
objects_classes_point,WhileLoopWithUpdate,WhileLoopWithListIndexing
objects_classes_point,WhileLoopWithUpdate,WhileLoopWith*=
objects_classes_point,WhileLoopWithUpdate,WhileLoopWith+=
objects_classes_point,ForLoopWithUpdate,ForLoopWith+=
objects_classes_point,ForLoopWithUpdate,ForLoopWith*=
objects_classes_point,ForLoopWithUpdate,ForLoopWithListIndexing
objects_classes_point,NestedLoopIteration,NestedForLoopIteration
objects_classes_point,NestedLoopIteration,NestedWhileLoopIteration
objects_classes_point,ArithmeticOperation,FindAbsolute
objects_classes_point,ArithmeticOperation,FindRemainder
objects_classes_point,ArithmeticOperation,FindMaximum
objects_classes_point,ArithmeticOperation,Round
objects_classes_point,ArithmeticOperation,Power
objects_classes_point,ArithmeticOperation,FindMinimum
objects_classes_point,ArithmeticOperation,Division
objects_classes_point,ArithmeticOperation,Multiplication
objects_classes_point,HandlingFloat,TransformingToFloatType
objects_classes_point,HandlingList,SlicingList
objects_classes_point,AddingListElement,AddingListElementWithInsert
objects_classes_point,AddingListElement,AddingListElementWithAppend
objects_classes_point,HandlingString,ReplacingStringContent
objects_classes_point,HandlingString,SplittingString
py_point2,Python,Importing
py_point2,CheckingCondition,AssertChecking
py_point2,CheckingCondition,IfElifChecking
py_point2,CheckingCondition,BooleanEvaluating
py_point2,HandlingObjectOrientedProgramming,CallingOOPMethod
py_point2,HandlingFunctionCallingFunction,DefiningFunctionCallingFunction
py_point2,HandlingStandardFunction,CallingStandardFunction
py_point2,HandlingStandardFunction,DefiningStandardFunction
py_point2,NonNestedIteration,SingleForLoopIteration
py_point2,WhileLoopWithUpdate,WhileLoopWithListIndexing
py_point2,WhileLoopWithUpdate,WhileLoopWith*=
py_point2,ForLoopWithUpdate,ForLoopWith*=
py_point2,ForLoopWithUpdate,ForLoopWithListIndexing
py_point2,NestedLoopIteration,NestedForLoopIteration
py_point2,NestedLoopIteration,NestedWhileLoopIteration
py_point2,ArithmeticOperation,FindAbsolute
py_point2,ArithmeticOperation,FindRemainder
py_point2,ArithmeticOperation,FindMaximum
py_point2,ArithmeticOperation,Addition
py_point2,ArithmeticOperation,Round
py_point2,ArithmeticOperation,FindMinimum
py_point2,ArithmeticOperation,Substraction
py_point2,ArithmeticOperation,Division
py_point2,HandlingDictionary,IndexingDictionary
py_point2,HandlingList,SlicingList
py_point2,HandlingList,ReversingList
py_point2,HandlingString,ReplacingStringContent
objects_classes_account,ArithmeticOperation,FindAbsolute
objects_classes_account,ArithmeticOperation,FindRemainder
objects_classes_account,ArithmeticOperation,FindMaximum
objects_classes_account,ArithmeticOperation,Round
objects_classes_account,ArithmeticOperation,Power
objects_classes_account,ArithmeticOperation,FindMinimum
objects_classes_account,ArithmeticOperation,Division
objects_classes_account,HandlingDictionary,IndexingDictionary
objects_classes_account,HandlingList,DeletingListElement
objects_classes_account,HandlingList,SlicingList
objects_classes_account,HandlingList,ListReferencing
objects_classes_account,HandlingList,ReversingList
objects_classes_account,AddingListElement,AddingListElementWithInsert
objects_classes_account,AddingListElement,AddingListElementWithAppend
objects_classes_account,HandlingString,TransformingToStringType
py_account2,ArithmeticOperation,Division
py_account2,HandlingDictionary,IndexingDictionary
py_account2,HandlingDictionary,CreatingDictionary
py_account2,HandlingList,SlicingList
py_char_dict,NonNestedIteration,SingleWhileLoopIteration
py_char_dict,WhileLoopWithUpdate,WhileLoopWith*=
py_char_dict,ForLoopWithUpdate,ForLoopWith*=
py_char_dict,ArithmeticOperation,FindAbsolute
py_char_dict,ArithmeticOperation,FindRemainder
py_char_dict,ArithmeticOperation,FindMaximum
py_char_dict,ArithmeticOperation,Round
py_char_dict,ArithmeticOperation,Power
py_char_dict,ArithmeticOperation,FindMinimum
py_char_dict,ArithmeticOperation,Substraction
py_char_dict,ArithmeticOperation,Division
py_char_dict,ArithmeticOperation,Multiplication
py_char_dict,HandlingDictionary,IndexingDictionary
py_char_dict,HandlingList,DeletingListElement
py_char_dict,HandlingList,CreatingList
py_char_dict,HandlingList,SlicingList
py_char_dict,HandlingList,ReplacingListElement
py_char_dict,HandlingList,ListReferencing
py_char_dict,HandlingList,ReversingList
py_char_dict,AddingListElement,AddingListElementWithInsert
py_char_dict,AddingListElement,AddingListElementWithAppend
py_char_dict,HandlingString,ReplacingStringContent
py_char_dict,HandlingString,TransformingToStringType
py_first_char_words_dict,NonNestedIteration,SingleWhileLoopIteration
py_first_char_words_dict,WhileLoopWithUpdate,WhileLoopWithListIndexing
py_first_char_words_dict,WhileLoopWithUpdate,WhileLoopWith*=
py_first_char_words_dict,WhileLoopWithUpdate,WhileLoopWith+=
py_first_char_words_dict,ForLoopWithUpdate,ForLoopWith+=
py_first_char_words_dict,ForLoopWithUpdate,ForLoopWith*=
py_first_char_words_dict,ForLoopWithUpdate,ForLoopWithListIndexing
py_first_char_words_dict,NestedLoopIteration,MixedNestedLoopIteration
py_first_char_words_dict,NestedLoopIteration,NestedForLoopIteration
py_first_char_words_dict,NestedLoopIteration,NestedWhileLoopIteration
py_first_char_words_dict,ArithmeticOperation,FindAbsolute
py_first_char_words_dict,ArithmeticOperation,FindRemainder
py_first_char_words_dict,ArithmeticOperation,FindMaximum
py_first_char_words_dict,ArithmeticOperation,Addition
py_first_char_words_dict,ArithmeticOperation,Round
py_first_char_words_dict,ArithmeticOperation,Power
py_first_char_words_dict,ArithmeticOperation,FindMinimum
py_first_char_words_dict,ArithmeticOperation,Substraction
py_first_char_words_dict,ArithmeticOperation,Division
py_first_char_words_dict,ArithmeticOperation,Multiplication
py_first_char_words_dict,HandlingInteger,TransformingToIntType
py_first_char_words_dict,HandlingTuple,CreatingTuple
py_first_char_words_dict,HandlingTuple,SlicingTuple
py_first_char_words_dict,HandlingTuple,IndexingTuple
py_first_char_words_dict,HandlingFloat,TransformingToFloatType
py_first_char_words_dict,HandlingDictionary,IndexingDictionary
py_first_char_words_dict,HandlingList,DeletingListElement
py_first_char_words_dict,HandlingList,SlicingList
py_first_char_words_dict,HandlingList,ReplacingListElement
py_first_char_words_dict,HandlingList,ListReferencing
py_first_char_words_dict,HandlingList,ReversingList
py_first_char_words_dict,AddingListElement,AddingListElementWithInsert
py_first_char_words_dict,AddingListElement,AddingListElementWithAppend
py_first_char_words_dict,HandlingFile,ClosingFile
py_first_char_words_dict,HandlingFile,ReadingLine
py_first_char_words_dict,HandlingFile,OpeningFile
py_first_char_words_dict,HandlingString,FormattingString
ae_adl_hello,HandlingList,SlicingList
ae_adl_hello,HandlingList,ReversingList
ae_adl_hello,HandlingFile,ClosingFile
ae_adl_hello,HandlingFile,ReadingLine
ae_adl_hello,HandlingFile,OpeningFile
ae_adl_hello,HandlingString,SplittingString
ae_adl_variables,NonNestedIteration,SingleWhileLoopIteration
ae_adl_variables,WhileLoopWithUpdate,WhileLoopWithListIndexing
ae_adl_variables,WhileLoopWithUpdate,WhileLoopWith*=
ae_adl_variables,ForLoopWithUpdate,ForLoopWith*=
ae_adl_variables,ForLoopWithUpdate,ForLoopWithListIndexing
ae_adl_variables,NestedLoopIteration,NestedForLoopIteration
ae_adl_variables,NestedLoopIteration,NestedWhileLoopIteration
ae_adl_variables,ArithmeticOperation,FindAbsolute
ae_adl_variables,ArithmeticOperation,Round
ae_adl_variables,HandlingTuple,CreatingTuple
ae_adl_variables,HandlingTuple,SlicingTuple
ae_adl_variables,HandlingTuple,IndexingTuple
ae_adl_variables,HandlingFloat,TransformingToFloatType
ae_adl_variables,HandlingDictionary,ReplacingDictionaryElement
ae_adl_variables,HandlingDictionary,IndexingDictionary
ae_adl_variables,HandlingDictionary,AddingItemToDictionary
ae_adl_variables,HandlingList,DeletingListElement
ae_adl_variables,HandlingList,IndexingList
ae_adl_variables,HandlingList,SlicingList
ae_adl_variables,HandlingList,ListReferencing
ae_adl_variables,HandlingList,ReversingList
ae_adl_variables,AddingListElement,AddingListElementWithInsert
ae_adl_variables,AddingListElement,AddingListElementWithAppend
ae_adl_simple_arithmetics,WhileLoopWithUpdate,WhileLoopWithListIndexing
ae_adl_simple_arithmetics,WhileLoopWithUpdate,WhileLoopWith*=
ae_adl_simple_arithmetics,WhileLoopWithUpdate,WhileLoopWith+=
ae_adl_simple_arithmetics,ForLoopWithUpdate,ForLoopWith+=
ae_adl_simple_arithmetics,ForLoopWithUpdate,ForLoopWith*=
ae_adl_simple_arithmetics,ForLoopWithUpdate,ForLoopWithListIndexing
ae_adl_simple_arithmetics,NestedLoopIteration,NestedWhileLoopIteration
ae_adl_simple_arithmetics,ArithmeticOperation,FindAbsolute
ae_adl_simple_arithmetics,ArithmeticOperation,FindRemainder
ae_adl_simple_arithmetics,ArithmeticOperation,FindMaximum
ae_adl_simple_arithmetics,ArithmeticOperation,Round
ae_adl_simple_arithmetics,ArithmeticOperation,Power
ae_adl_simple_arithmetics,ArithmeticOperation,FindMinimum
ae_adl_simple_arithmetics,ArithmeticOperation,Substraction
ae_adl_simple_arithmetics,ArithmeticOperation,Division
ae_adl_simple_arithmetics,HandlingTuple,CreatingTuple
ae_adl_simple_arithmetics,HandlingTuple,SlicingTuple
ae_adl_simple_arithmetics,HandlingTuple,IndexingTuple
ae_adl_simple_arithmetics,HandlingDictionary,ReplacingDictionaryElement
ae_adl_simple_arithmetics,HandlingDictionary,IndexingDictionary
ae_adl_simple_arithmetics,HandlingDictionary,AddingItemToDictionary
ae_adl_simple_arithmetics,HandlingDictionary,AccessingDictionary
ae_adl_simple_arithmetics,HandlingList,DeletingListElement
ae_adl_simple_arithmetics,HandlingList,IndexingList
ae_adl_simple_arithmetics,HandlingList,SlicingList
ae_adl_simple_arithmetics,HandlingList,ReplacingListElement
ae_adl_simple_arithmetics,HandlingList,ListReferencing
ae_adl_simple_arithmetics,HandlingList,ReversingList
ae_adl_simple_arithmetics,AddingListElement,AddingListElementWithInsert
ae_adl_simple_arithmetics,AddingListElement,AddingListElementWithAppend
ae_adl_simple_arithmetics,HandlingFile,ClosingFile
ae_adl_simple_arithmetics,HandlingFile,ReadingLine
ae_adl_simple_arithmetics,HandlingFile,OpeningFile
ae_adl_simple_arithmetics,HandlingString,ReplacingStringContent
ae_adl_simple_arithmetics,HandlingString,TransformingToStringType
ae_adl_simple_arithmetics,HandlingString,SplittingString
ae_adl_arithmetics2,NonNestedIteration,SingleWhileLoopIteration
ae_adl_arithmetics2,WhileLoopWithUpdate,WhileLoopWithListIndexing
ae_adl_arithmetics2,WhileLoopWithUpdate,WhileLoopWith*=
ae_adl_arithmetics2,WhileLoopWithUpdate,WhileLoopWith+=
ae_adl_arithmetics2,ForLoopWithUpdate,ForLoopWith+=
ae_adl_arithmetics2,ForLoopWithUpdate,ForLoopWith*=
ae_adl_arithmetics2,ForLoopWithUpdate,ForLoopWithListIndexing
ae_adl_arithmetics2,NestedLoopIteration,MixedNestedLoopIteration
ae_adl_arithmetics2,NestedLoopIteration,NestedForLoopIteration
ae_adl_arithmetics2,NestedLoopIteration,NestedWhileLoopIteration
ae_adl_arithmetics2,ArithmeticOperation,FindAbsolute
ae_adl_arithmetics2,ArithmeticOperation,FindRemainder
ae_adl_arithmetics2,ArithmeticOperation,FindMaximum
ae_adl_arithmetics2,ArithmeticOperation,Round
ae_adl_arithmetics2,ArithmeticOperation,Power
ae_adl_arithmetics2,ArithmeticOperation,FindMinimum
ae_adl_arithmetics2,HandlingInteger,TransformingToIntType
ae_adl_arithmetics2,HandlingTuple,CreatingTuple
ae_adl_arithmetics2,HandlingTuple,SlicingTuple
ae_adl_arithmetics2,HandlingTuple,IndexingTuple
ae_adl_arithmetics2,HandlingDictionary,ReplacingDictionaryElement
ae_adl_arithmetics2,HandlingDictionary,IndexingDictionary
ae_adl_arithmetics2,HandlingDictionary,AddingItemToDictionary
ae_adl_arithmetics2,HandlingDictionary,AccessingDictionary
ae_adl_arithmetics2,HandlingDictionary,CreatingDictionary
ae_adl_arithmetics2,HandlingList,DeletingListElement
ae_adl_arithmetics2,HandlingList,IndexingList
ae_adl_arithmetics2,HandlingList,CreatingList
ae_adl_arithmetics2,HandlingList,SlicingList
ae_adl_arithmetics2,HandlingList,ReplacingListElement
ae_adl_arithmetics2,HandlingList,ListReferencing
ae_adl_arithmetics2,HandlingList,ReversingList
ae_adl_arithmetics2,AddingListElement,AddingListElementWithInsert
ae_adl_arithmetics2,AddingListElement,AddingListElementWithAppend
ae_adl_arithmetics2,HandlingFile,ClosingFile
ae_adl_arithmetics2,HandlingFile,ReadingLine
ae_adl_arithmetics2,HandlingFile,OpeningFile
ae_adl_arithmetics2,HandlingString,ReplacingStringContent
ae_adl_arithmetics2,HandlingString,TransformingToStringType
ae_adl_arithmetics2,HandlingString,SplittingString
ae_adl_swap,WhileLoopWithUpdate,WhileLoopWithListIndexing
ae_adl_swap,WhileLoopWithUpdate,WhileLoopWith*=
ae_adl_swap,ForLoopWithUpdate,ForLoopWith*=
ae_adl_swap,ForLoopWithUpdate,ForLoopWithListIndexing
ae_adl_swap,NestedLoopIteration,NestedForLoopIteration
ae_adl_swap,NestedLoopIteration,NestedWhileLoopIteration
ae_adl_swap,ArithmeticOperation,FindAbsolute
ae_adl_swap,ArithmeticOperation,FindRemainder
ae_adl_swap,ArithmeticOperation,FindMaximum
ae_adl_swap,ArithmeticOperation,Round
ae_adl_swap,ArithmeticOperation,Power
ae_adl_swap,ArithmeticOperation,FindMinimum
ae_adl_swap,ArithmeticOperation,Substraction
ae_adl_swap,ArithmeticOperation,Division
ae_adl_swap,ArithmeticOperation,Multiplication
ae_adl_swap,HandlingTuple,SlicingTuple
ae_adl_swap,HandlingTuple,IndexingTuple
ae_adl_swap,HandlingFloat,TransformingToFloatType
ae_adl_swap,HandlingDictionary,ReplacingDictionaryElement
ae_adl_swap,HandlingDictionary,IndexingDictionary
ae_adl_swap,HandlingDictionary,AddingItemToDictionary
ae_adl_swap,HandlingDictionary,CreatingDictionary
ae_adl_swap,HandlingList,DeletingListElement
ae_adl_swap,HandlingList,CreatingList
ae_adl_swap,HandlingList,SlicingList
ae_adl_swap,HandlingList,ReplacingListElement
ae_adl_swap,HandlingList,ListReferencing
ae_adl_swap,HandlingList,ReversingList
ae_adl_swap,AddingListElement,AddingListElementWithInsert
ae_adl_swap,AddingListElement,AddingListElementWithAppend
ae_adl_swap,HandlingFile,ClosingFile
ae_adl_swap,HandlingFile,ReadingLine
ae_adl_swap,HandlingString,ReplacingStringContent
ae_adl_swap,HandlingString,FormattingString
ae_adl_swap,HandlingString,TransformingToStringType
ae_adl_swap,HandlingString,SplittingString
ae_adl_comparison,ArithmeticOperation,FindAbsolute
ae_adl_comparison,HandlingTuple,CreatingTuple
ae_adl_comparison,HandlingTuple,SlicingTuple
ae_adl_comparison,HandlingTuple,IndexingTuple
ae_adl_comparison,HandlingDictionary,IndexingDictionary
ae_adl_comparison,HandlingList,SlicingList
ae_adl_comparison,AddingListElement,AddingListElementWithInsert
ae_adl_comparison,AddingListElement,AddingListElementWithAppend
ae_adl_comparison,HandlingString,TransformingToStringType
ae_adl_logic,WhileLoopWithUpdate,WhileLoopWithListIndexing
ae_adl_logic,WhileLoopWithUpdate,WhileLoopWith*=
ae_adl_logic,WhileLoopWithUpdate,WhileLoopWith+=
ae_adl_logic,ForLoopWithUpdate,ForLoopWith+=
ae_adl_logic,ForLoopWithUpdate,ForLoopWith*=
ae_adl_logic,ForLoopWithUpdate,ForLoopWithListIndexing
ae_adl_logic,NestedLoopIteration,NestedForLoopIteration
ae_adl_logic,NestedLoopIteration,NestedWhileLoopIteration
ae_adl_logic,HandlingTuple,CreatingTuple
ae_adl_logic,HandlingTuple,SlicingTuple
ae_adl_logic,HandlingTuple,IndexingTuple
ae_adl_logic,HandlingFloat,TransformingToFloatType
ae_adl_logic,HandlingDictionary,ReplacingDictionaryElement
ae_adl_logic,HandlingDictionary,IndexingDictionary
ae_adl_logic,HandlingDictionary,AddingItemToDictionary
ae_adl_logic,HandlingDictionary,CreatingDictionary
ae_adl_logic,HandlingList,DeletingListElement
ae_adl_logic,HandlingList,SlicingList
ae_adl_logic,HandlingList,ReplacingListElement
ae_adl_logic,HandlingList,ListReferencing
ae_adl_logic,HandlingList,ReversingList
ae_adl_logic,AddingListElement,AddingListElementWithInsert
ae_adl_logic,AddingListElement,AddingListElementWithAppend
ae_adl_logic,HandlingFile,ClosingFile
ae_adl_logic,HandlingFile,ReadingLine
ae_adl_logic,HandlingFile,OpeningFile
ae_adl_logic,HandlingString,ReplacingStringContent
ae_adl_logic,HandlingString,TransformingToStringType
ae_adl_logic,HandlingString,SplittingString
ae_adl_greet,WhileLoopWithUpdate,WhileLoopWithListIndexing
ae_adl_greet,WhileLoopWithUpdate,WhileLoopWith*=
ae_adl_greet,WhileLoopWithUpdate,WhileLoopWith+=
ae_adl_greet,ForLoopWithUpdate,ForLoopWith+=
ae_adl_greet,ForLoopWithUpdate,ForLoopWith*=
ae_adl_greet,ForLoopWithUpdate,ForLoopWithListIndexing
ae_adl_greet,NestedLoopIteration,NestedForLoopIteration
ae_adl_greet,NestedLoopIteration,NestedWhileLoopIteration
ae_adl_greet,ArithmeticOperation,FindAbsolute
ae_adl_greet,ArithmeticOperation,FindRemainder
ae_adl_greet,ArithmeticOperation,FindMaximum
ae_adl_greet,ArithmeticOperation,Round
ae_adl_greet,ArithmeticOperation,Power
ae_adl_greet,ArithmeticOperation,FindMinimum
ae_adl_greet,ArithmeticOperation,Substraction
ae_adl_greet,ArithmeticOperation,Division
ae_adl_greet,ArithmeticOperation,Multiplication
ae_adl_greet,HandlingTuple,CreatingTuple
ae_adl_greet,HandlingTuple,SlicingTuple
ae_adl_greet,HandlingTuple,IndexingTuple
ae_adl_greet,HandlingFloat,TransformingToFloatType
ae_adl_greet,HandlingDictionary,ReplacingDictionaryElement
ae_adl_greet,HandlingDictionary,IndexingDictionary
ae_adl_greet,HandlingDictionary,AddingItemToDictionary
ae_adl_greet,HandlingDictionary,AccessingDictionary
ae_adl_greet,HandlingList,DeletingListElement
ae_adl_greet,HandlingList,IndexingList
ae_adl_greet,HandlingList,SlicingList
ae_adl_greet,HandlingList,ReplacingListElement
ae_adl_greet,HandlingList,ListReferencing
ae_adl_greet,HandlingList,ReversingList
ae_adl_greet,AddingListElement,AddingListElementWithInsert
ae_adl_greet,AddingListElement,AddingListElementWithAppend
ae_adl_greet,HandlingFile,ClosingFile
ae_adl_greet,HandlingFile,ReadingLine
ae_adl_greet,HandlingFile,OpeningFile
ae_adl_greet,HandlingString,ReplacingStringContent
ae_adl_input1,NonNestedIteration,SingleWhileLoopIteration
ae_adl_input1,WhileLoopWithUpdate,WhileLoopWithListIndexing
ae_adl_input1,WhileLoopWithUpdate,WhileLoopWith*=
ae_adl_input1,WhileLoopWithUpdate,WhileLoopWith+=
ae_adl_input1,ForLoopWithUpdate,ForLoopWith+=
ae_adl_input1,ForLoopWithUpdate,ForLoopWith*=
ae_adl_input1,ForLoopWithUpdate,ForLoopWithListIndexing
ae_adl_input1,NestedLoopIteration,MixedNestedLoopIteration
ae_adl_input1,NestedLoopIteration,NestedForLoopIteration
ae_adl_input1,NestedLoopIteration,NestedWhileLoopIteration
ae_adl_input1,ArithmeticOperation,FindAbsolute
ae_adl_input1,ArithmeticOperation,FindRemainder
ae_adl_input1,ArithmeticOperation,FindMaximum
ae_adl_input1,ArithmeticOperation,Round
ae_adl_input1,ArithmeticOperation,Power
ae_adl_input1,ArithmeticOperation,FindMinimum
ae_adl_input1,ArithmeticOperation,Substraction
ae_adl_input1,ArithmeticOperation,Division
ae_adl_input1,HandlingTuple,CreatingTuple
ae_adl_input1,HandlingTuple,SlicingTuple
ae_adl_input1,HandlingTuple,IndexingTuple
ae_adl_input1,HandlingFloat,TransformingToFloatType
ae_adl_input1,HandlingDictionary,ReplacingDictionaryElement
ae_adl_input1,HandlingDictionary,IndexingDictionary
ae_adl_input1,HandlingDictionary,AddingItemToDictionary
ae_adl_input1,HandlingDictionary,AccessingDictionary
ae_adl_input1,HandlingDictionary,CreatingDictionary
ae_adl_input1,HandlingList,DeletingListElement
ae_adl_input1,HandlingList,IndexingList
ae_adl_input1,HandlingList,CreatingList
ae_adl_input1,HandlingList,SlicingList
ae_adl_input1,HandlingList,ReplacingListElement
ae_adl_input1,HandlingList,ListReferencing
ae_adl_input1,HandlingList,ReversingList
ae_adl_input1,AddingListElement,AddingListElementWithInsert
ae_adl_input1,AddingListElement,AddingListElementWithAppend
ae_adl_input1,HandlingFile,ClosingFile
ae_adl_input1,HandlingFile,ReadingLine
ae_adl_input1,HandlingFile,OpeningFile
ae_adl_input1,HandlingString,ReplacingStringContent
ae_adl_input1,HandlingString,SplittingString
ae_adl_input2,Python,Importing
ae_adl_input2,WhileLoopWithUpdate,WhileLoopWithListIndexing
ae_adl_input2,WhileLoopWithUpdate,WhileLoopWith*=
ae_adl_input2,WhileLoopWithUpdate,WhileLoopWith+=
ae_adl_input2,ForLoopWithUpdate,ForLoopWith+=
ae_adl_input2,ForLoopWithUpdate,ForLoopWith*=
ae_adl_input2,ForLoopWithUpdate,ForLoopWithListIndexing
ae_adl_input2,NestedLoopIteration,NestedForLoopIteration
ae_adl_input2,NestedLoopIteration,NestedWhileLoopIteration
ae_adl_input2,ArithmeticOperation,FindAbsolute
ae_adl_input2,ArithmeticOperation,FindRemainder
ae_adl_input2,ArithmeticOperation,FindMaximum
ae_adl_input2,ArithmeticOperation,Round
ae_adl_input2,ArithmeticOperation,Power
ae_adl_input2,ArithmeticOperation,FindMinimum
ae_adl_input2,HandlingInteger,TransformingToIntType
ae_adl_input2,HandlingTuple,CreatingTuple
ae_adl_input2,HandlingTuple,SlicingTuple
ae_adl_input2,HandlingTuple,IndexingTuple
ae_adl_input2,HandlingDictionary,ReplacingDictionaryElement
ae_adl_input2,HandlingDictionary,IndexingDictionary
ae_adl_input2,HandlingDictionary,AddingItemToDictionary
ae_adl_input2,HandlingDictionary,AccessingDictionary
ae_adl_input2,HandlingList,DeletingListElement
ae_adl_input2,HandlingList,IndexingList
ae_adl_input2,HandlingList,SlicingList
ae_adl_input2,HandlingList,ReplacingListElement
ae_adl_input2,HandlingList,ListReferencing
ae_adl_input2,HandlingList,ReversingList
ae_adl_input2,AddingListElement,AddingListElementWithInsert
ae_adl_input2,AddingListElement,AddingListElementWithAppend
ae_adl_input2,HandlingFile,ClosingFile
ae_adl_input2,HandlingFile,ReadingLine
ae_adl_input2,HandlingString,ReplacingStringContent
ae_adl_input2,HandlingString,TransformingToStringType
ae_adl_hiscore1,WhileLoopWithUpdate,WhileLoopWithListIndexing
ae_adl_hiscore1,WhileLoopWithUpdate,WhileLoopWith*=
ae_adl_hiscore1,WhileLoopWithUpdate,WhileLoopWith+=
ae_adl_hiscore1,ForLoopWithUpdate,ForLoopWith+=
ae_adl_hiscore1,ForLoopWithUpdate,ForLoopWith*=
ae_adl_hiscore1,ForLoopWithUpdate,ForLoopWithListIndexing
ae_adl_hiscore1,NestedLoopIteration,MixedNestedLoopIteration
ae_adl_hiscore1,NestedLoopIteration,NestedForLoopIteration
ae_adl_hiscore1,NestedLoopIteration,NestedWhileLoopIteration
ae_adl_hiscore1,ArithmeticOperation,FindAbsolute
ae_adl_hiscore1,ArithmeticOperation,FindMinimum
ae_adl_hiscore1,HandlingTuple,CreatingTuple
ae_adl_hiscore1,HandlingTuple,SlicingTuple
ae_adl_hiscore1,HandlingTuple,IndexingTuple
ae_adl_hiscore1,HandlingDictionary,IndexingDictionary
ae_adl_hiscore1,HandlingList,SlicingList
ae_adl_hiscore1,AddingListElement,AddingListElementWithInsert
ae_adl_hiscore1,AddingListElement,AddingListElementWithAppend
ae_adl_hiscore1,HandlingString,TransformingToStringType
ae_adl_hiscore2,WhileLoopWithUpdate,WhileLoopWithListIndexing
ae_adl_hiscore2,WhileLoopWithUpdate,WhileLoopWith*=
ae_adl_hiscore2,WhileLoopWithUpdate,WhileLoopWith+=
ae_adl_hiscore2,ForLoopWithUpdate,ForLoopWith+=
ae_adl_hiscore2,ForLoopWithUpdate,ForLoopWith*=
ae_adl_hiscore2,ForLoopWithUpdate,ForLoopWithListIndexing
ae_adl_hiscore2,NestedLoopIteration,NestedForLoopIteration
ae_adl_hiscore2,NestedLoopIteration,NestedWhileLoopIteration
ae_adl_hiscore2,ArithmeticOperation,FindAbsolute
ae_adl_hiscore2,ArithmeticOperation,Round
ae_adl_hiscore2,ArithmeticOperation,Power
ae_adl_hiscore2,ArithmeticOperation,FindMinimum
ae_adl_hiscore2,HandlingTuple,CreatingTuple
ae_adl_hiscore2,HandlingTuple,SlicingTuple
ae_adl_hiscore2,HandlingTuple,IndexingTuple
ae_adl_hiscore2,HandlingFloat,TransformingToFloatType
ae_adl_hiscore2,HandlingDictionary,ReplacingDictionaryElement
ae_adl_hiscore2,HandlingDictionary,IndexingDictionary
ae_adl_hiscore2,HandlingDictionary,AddingItemToDictionary
ae_adl_hiscore2,HandlingDictionary,AccessingDictionary
ae_adl_hiscore2,HandlingList,DeletingListElement
ae_adl_hiscore2,HandlingList,IndexingList
ae_adl_hiscore2,HandlingList,SlicingList
ae_adl_hiscore2,HandlingList,ReplacingListElement
ae_adl_hiscore2,HandlingList,ListReferencing
ae_adl_hiscore2,HandlingList,ReversingList
ae_adl_hiscore2,AddingListElement,AddingListElementWithInsert
ae_adl_hiscore2,AddingListElement,AddingListElementWithAppend
ae_adl_hiscore2,HandlingFile,ClosingFile
ae_adl_hiscore2,HandlingFile,ReadingLine
ae_adl_hiscore2,HandlingFile,OpeningFile
ae_adl_hiscore2,HandlingString,ReplacingStringContent
ae_adl_hiscore2,HandlingString,TransformingToStringType
ae_adl_ifelse,NonNestedIteration,SingleWhileLoopIteration
ae_adl_ifelse,WhileLoopWithUpdate,WhileLoopWithListIndexing
ae_adl_ifelse,WhileLoopWithUpdate,WhileLoopWith*=
ae_adl_ifelse,WhileLoopWithUpdate,WhileLoopWith+=
ae_adl_ifelse,ForLoopWithUpdate,ForLoopWith+=
ae_adl_ifelse,ForLoopWithUpdate,ForLoopWith*=
ae_adl_ifelse,ForLoopWithUpdate,ForLoopWithListIndexing
ae_adl_ifelse,NestedLoopIteration,MixedNestedLoopIteration
ae_adl_ifelse,NestedLoopIteration,NestedForLoopIteration
ae_adl_ifelse,NestedLoopIteration,NestedWhileLoopIteration
ae_adl_ifelse,ArithmeticOperation,FindAbsolute
ae_adl_ifelse,HandlingDictionary,IndexingDictionary
ae_adl_ifelse,HandlingList,SlicingList
ae_adl_ifelse,AddingListElement,AddingListElementWithInsert
ae_adl_ifelse,AddingListElement,AddingListElementWithAppend
ae_adl_ifelse,HandlingFile,ClosingFile
ae_adl_ifelse,HandlingFile,ReadingLine
ae_adl_ifelse,HandlingFile,OpeningFile
ae_adl_ifelse,HandlingString,TransformingToStringType
ae_adl_ifelifelse,Python,Importing
ae_adl_ifelifelse,CheckingCondition,AssertChecking
ae_adl_ifelifelse,CheckingCondition,BooleanEvaluating
ae_adl_ifelifelse,CheckingInForLoop,IfElseCheckingInForLoop
ae_adl_ifelifelse,CheckingInForLoop,IfElifCheckingInForLoop
ae_adl_ifelifelse,CheckingInForLoop,IfCheckingInForLoop
ae_adl_ifelifelse,CheckingInForLoop,IfElifElseCheckingInForLoop
ae_adl_ifelifelse,CheckingInWhileLoop,IfElifElseCheckingInWhileLoop
ae_adl_ifelifelse,CheckingInWhileLoop,IfCheckingInWhileLoop
ae_adl_ifelifelse,CheckingInWhileLoop,IfElseCheckingInWhileLoop
ae_adl_ifelifelse,CheckingInWhileLoop,IfElifCheckingInWhileLoop
ae_adl_ifelifelse,ManagingVariable,SwappingVariablesValue
ae_adl_ifelifelse,HandlingAdvancedDataStructure,BinaryTreeTask
ae_adl_ifelifelse,HandlingAdvancedDataStructure,LinkedListTask
ae_adl_ifelifelse,HandlingAdvancedDataStructure,QueueTask
ae_adl_ifelifelse,HandlingAdvancedDataStructure,StackTask
ae_adl_ifelifelse,TwoDimensionalArrayTask,ReplacingElement2DArray
ae_adl_ifelifelse,TwoDimensionalArrayTask,Indexing2DArray
ae_adl_ifelifelse,TwoDimensionalArrayTask,Create2DArray
ae_adl_ifelifelse,HandlingObjectOrientedProgramming,CallingOOPMethod
ae_adl_ifelifelse,HandlingObjectOrientedProgramming,CreatingObject
ae_adl_ifelifelse,HandlingObjectOrientedProgramming,DefiningClass
ae_adl_ifelifelse,HandlingObjectOrientedProgramming,DefiningOOPMethod
ae_adl_nested_if,Python,Concatenation
ae_adl_nested_if,Python,Importing
ae_adl_nested_if,Python,FindingLength
ae_adl_nested_if,Python,CheckingForItem
ae_adl_nested_if,Python,HandlingInput
ae_adl_nested_if,CheckingCondition,AssertChecking
ae_adl_nested_if,CheckingCondition,IfElifElseChecking
ae_adl_nested_if,CheckingCondition,IfElifChecking
ae_adl_nested_if,CheckingCondition,BooleanEvaluating
ae_adl_nested_if,CheckingInForLoop,IfElseCheckingInForLoop
ae_adl_nested_if,CheckingInForLoop,IfElifCheckingInForLoop
ae_adl_nested_if,CheckingInForLoop,IfCheckingInForLoop
ae_adl_nested_if,CheckingInForLoop,IfElifElseCheckingInForLoop
ae_adl_nested_if,CheckingInWhileLoop,IfElifElseCheckingInWhileLoop
ae_adl_nested_if,CheckingInWhileLoop,IfCheckingInWhileLoop
ae_adl_nested_if,CheckingInWhileLoop,IfElseCheckingInWhileLoop
ae_adl_nested_if,CheckingInWhileLoop,IfElifCheckingInWhileLoop
ae_adl_nested_if,ManagingVariable,SwappingVariablesValue
ae_adl_nested_if,ManagingVariable,AssigningVariable
ae_adl_nested_if,ManagingVariable,UpdatingVariable
ae_adl_nested_if,HandlingAdvancedDataStructure,BinaryTreeTask
ae_adl_nested_if,HandlingAdvancedDataStructure,LinkedListTask
ae_adl_nested_if,HandlingAdvancedDataStructure,QueueTask
ae_adl_nested_if,HandlingAdvancedDataStructure,StackTask
ae_adl_nested_if,TwoDimensionalArrayTask,ReplacingElement2DArray
ae_adl_nested_if,TwoDimensionalArrayTask,Indexing2DArray
ae_adl_nested_if,TwoDimensionalArrayTask,Create2DArray
ae_adl_nested_if,HandlingObjectOrientedProgramming,CallingOOPMethod
ae_adl_nested_if,HandlingObjectOrientedProgramming,CreatingObject
ae_adl_nested_if,HandlingObjectOrientedProgramming,DefiningClass
ae_adl_nested_if,HandlingObjectOrientedProgramming,DefiningOOPMethod
ae_adl_nested_if,HandlingFunction,NestedFunctionCall
ae_adl_nested_if,HandlingFunctionCallingFunction,CallingFunctionCallingFunction
ae_adl_nested_if,HandlingFunctionCallingFunction,DefiningFunctionCallingFunction
ae_adl_nested_if,HandlingRecursiveFunction,CallingRecursiveFunction
ae_adl_nested_if,HandlingRecursiveFunction,DefiningRecursiveFunction
ae_adl_nested_if,HandlingNestedFunction,CallingNestedFunction
ae_adl_nested_if,HandlingNestedFunction,DefiningNestedFunction
ae_adl_nested_if,HandlingStandardFunction,CallingStandardFunction
ae_adl_nested_if,HandlingStandardFunction,DefiningStandardFunction
ae_adl_nested_if,NonNestedIteration,SingleForLoopIteration
ae_adl_while,CheckingInForLoop,IfElseCheckingInForLoop
ae_adl_while,CheckingInForLoop,IfElifCheckingInForLoop
ae_adl_while,CheckingInForLoop,IfCheckingInForLoop
ae_adl_while,CheckingInForLoop,IfElifElseCheckingInForLoop
ae_adl_while,WhileLoopWithUpdate,WhileLoopWithListIndexing
ae_adl_while,WhileLoopWithUpdate,WhileLoopWith+=
ae_adl_while,ForLoopWithUpdate,ForLoopWith+=
ae_adl_while,ForLoopWithUpdate,ForLoopWith*=
ae_adl_while,ForLoopWithUpdate,ForLoopWithListIndexing
ae_adl_while,ArithmeticOperation,FindAbsolute
ae_adl_while,ArithmeticOperation,FindRemainder
ae_adl_while,ArithmeticOperation,FindMaximum
ae_adl_while,ArithmeticOperation,Round
ae_adl_while,ArithmeticOperation,Power
ae_adl_while,ArithmeticOperation,FindMinimum
ae_adl_while,ArithmeticOperation,Substraction
ae_adl_while,ArithmeticOperation,Division
ae_adl_while,HandlingTuple,CreatingTuple
ae_adl_while,HandlingTuple,SlicingTuple
ae_adl_while,HandlingTuple,IndexingTuple
ae_adl_while,HandlingFloat,TransformingToFloatType
ae_adl_while,HandlingDictionary,ReplacingDictionaryElement
ae_adl_while,HandlingDictionary,IndexingDictionary
ae_adl_while,HandlingDictionary,AddingItemToDictionary
ae_adl_while,HandlingDictionary,CreatingDictionary
ae_adl_while,HandlingList,DeletingListElement
ae_adl_while,HandlingList,SlicingList
ae_adl_while,HandlingList,ListReferencing
ae_adl_while,HandlingList,ReversingList
ae_adl_while,AddingListElement,AddingListElementWithInsert
ae_adl_while,AddingListElement,AddingListElementWithAppend
ae_adl_while,HandlingFile,ClosingFile
ae_adl_while,HandlingFile,ReadingLine
ae_adl_while,HandlingString,ReplacingStringContent
ae_adl_while,HandlingString,FormattingString
ae_adl_while,HandlingString,TransformingToStringType
ae_adl_while,HandlingString,SplittingString
ae_adl_for,WhileLoopWithUpdate,WhileLoopWithListIndexing
ae_adl_for,WhileLoopWithUpdate,WhileLoopWith*=
ae_adl_for,WhileLoopWithUpdate,WhileLoopWith+=
ae_adl_for,ForLoopWithUpdate,ForLoopWith+=
ae_adl_for,ForLoopWithUpdate,ForLoopWithListIndexing
ae_adl_for,NestedLoopIteration,MixedNestedLoopIteration
ae_adl_for,NestedLoopIteration,NestedWhileLoopIteration
ae_adl_for,ArithmeticOperation,FindAbsolute
ae_adl_for,ArithmeticOperation,Round
ae_adl_for,HandlingDictionary,IndexingDictionary
ae_adl_for,HandlingList,SlicingList
ae_adl_for,HandlingString,ReplacingStringContent
ae_adl_for,HandlingString,TransformingToStringType
ae_adl_for,HandlingString,SplittingString
ae_adl_strings,NonNestedIteration,SingleWhileLoopIteration
ae_adl_strings,WhileLoopWithUpdate,WhileLoopWithListIndexing
ae_adl_strings,WhileLoopWithUpdate,WhileLoopWith*=
ae_adl_strings,WhileLoopWithUpdate,WhileLoopWith+=
ae_adl_strings,ForLoopWithUpdate,ForLoopWith+=
ae_adl_strings,ForLoopWithUpdate,ForLoopWith*=
ae_adl_strings,ForLoopWithUpdate,ForLoopWithListIndexing
ae_adl_strings,NestedLoopIteration,MixedNestedLoopIteration
ae_adl_strings,NestedLoopIteration,NestedForLoopIteration
ae_adl_strings,NestedLoopIteration,NestedWhileLoopIteration
ae_adl_strings,ArithmeticOperation,FindAbsolute
ae_adl_strings,ArithmeticOperation,FindRemainder
ae_adl_strings,ArithmeticOperation,Round
ae_adl_strings,ArithmeticOperation,Power
ae_adl_strings,ArithmeticOperation,FindMinimum
ae_adl_strings,ArithmeticOperation,Substraction
ae_adl_strings,ArithmeticOperation,Division
ae_adl_strings,ArithmeticOperation,Multiplication
ae_adl_strings,HandlingTuple,CreatingTuple
ae_adl_strings,HandlingTuple,SlicingTuple
ae_adl_strings,HandlingTuple,IndexingTuple
ae_adl_strings,HandlingFloat,TransformingToFloatType
ae_adl_strings,HandlingDictionary,ReplacingDictionaryElement
ae_adl_strings,HandlingDictionary,IndexingDictionary
ae_adl_strings,HandlingDictionary,AddingItemToDictionary
ae_adl_strings,HandlingDictionary,AccessingDictionary
ae_adl_strings,HandlingList,DeletingListElement
ae_adl_strings,HandlingList,SlicingList
ae_adl_strings,HandlingList,ReplacingListElement
ae_adl_strings,HandlingList,ListReferencing
ae_adl_strings,HandlingList,ReversingList
ae_adl_strings,AddingListElement,AddingListElementWithInsert
ae_adl_strings,AddingListElement,AddingListElementWithAppend
ae_adl_strings,HandlingString,ReplacingStringContent
ae_adl_strings,HandlingString,SplittingString
ae_adl_lists1,WhileLoopWithUpdate,WhileLoopWithListIndexing
ae_adl_lists1,WhileLoopWithUpdate,WhileLoopWith*=
ae_adl_lists1,WhileLoopWithUpdate,WhileLoopWith+=
ae_adl_lists1,ForLoopWithUpdate,ForLoopWith+=
ae_adl_lists1,ForLoopWithUpdate,ForLoopWith*=
ae_adl_lists1,ForLoopWithUpdate,ForLoopWithListIndexing
ae_adl_lists1,NestedLoopIteration,NestedForLoopIteration
ae_adl_lists1,NestedLoopIteration,NestedWhileLoopIteration
ae_adl_lists1,ArithmeticOperation,FindAbsolute
ae_adl_lists1,HandlingTuple,CreatingTuple
ae_adl_lists1,HandlingTuple,SlicingTuple
ae_adl_lists1,HandlingTuple,IndexingTuple
ae_adl_lists1,HandlingFloat,TransformingToFloatType
ae_adl_lists1,HandlingDictionary,IndexingDictionary
ae_adl_lists1,HandlingList,ReversingList
ae_adl_lists1,AddingListElement,AddingListElementWithInsert
ae_adl_lists1,HandlingFile,ClosingFile
ae_adl_lists1,HandlingFile,ReadingLine
ae_adl_lists1,HandlingFile,OpeningFile
ae_adl_lists1,HandlingString,TransformingToStringType
ae_adl_lists2,NonNestedIteration,SingleWhileLoopIteration
ae_adl_lists2,WhileLoopWithUpdate,WhileLoopWithListIndexing
ae_adl_lists2,WhileLoopWithUpdate,WhileLoopWith*=
ae_adl_lists2,WhileLoopWithUpdate,WhileLoopWith+=
ae_adl_lists2,ForLoopWithUpdate,ForLoopWith+=
ae_adl_lists2,ForLoopWithUpdate,ForLoopWith*=
ae_adl_lists2,ForLoopWithUpdate,ForLoopWithListIndexing
ae_adl_lists2,NestedLoopIteration,NestedWhileLoopIteration
ae_adl_lists2,ArithmeticOperation,FindAbsolute
ae_adl_lists2,ArithmeticOperation,FindRemainder
ae_adl_lists2,ArithmeticOperation,FindMaximum
ae_adl_lists2,ArithmeticOperation,Round
ae_adl_lists2,ArithmeticOperation,Power
ae_adl_lists2,ArithmeticOperation,FindMinimum
ae_adl_lists2,ArithmeticOperation,Substraction
ae_adl_lists2,ArithmeticOperation,Division
ae_adl_lists2,ArithmeticOperation,Multiplication
ae_adl_lists2,HandlingInteger,TransformingToIntType
ae_adl_lists2,HandlingTuple,CreatingTuple
ae_adl_lists2,HandlingTuple,SlicingTuple
ae_adl_lists2,HandlingTuple,IndexingTuple
ae_adl_lists2,HandlingFloat,TransformingToFloatType
ae_adl_lists2,HandlingDictionary,ReplacingDictionaryElement
ae_adl_lists2,HandlingDictionary,IndexingDictionary
ae_adl_lists2,HandlingDictionary,AddingItemToDictionary
ae_adl_lists2,HandlingList,DeletingListElement
ae_adl_lists2,HandlingList,SlicingList
ae_adl_lists2,HandlingList,ReversingList
ae_adl_lists2,AddingListElement,AddingListElementWithInsert
ae_adl_lists2,HandlingFile,ClosingFile
ae_adl_lists2,HandlingFile,ReadingLine
ae_adl_lists2,HandlingFile,OpeningFile
ae_adl_lists2,HandlingString,ReplacingStringContent
ae_adl_lists2,HandlingString,TransformingToStringType
ae_adl_lists2,HandlingString,SplittingString
ae_adl_lists3,NonNestedIteration,SingleWhileLoopIteration
ae_adl_lists3,WhileLoopWithUpdate,WhileLoopWithListIndexing
ae_adl_lists3,WhileLoopWithUpdate,WhileLoopWith*=
ae_adl_lists3,WhileLoopWithUpdate,WhileLoopWith+=
ae_adl_lists3,ForLoopWithUpdate,ForLoopWith+=
ae_adl_lists3,ForLoopWithUpdate,ForLoopWithListIndexing
ae_adl_lists3,NestedLoopIteration,MixedNestedLoopIteration
ae_adl_lists3,NestedLoopIteration,NestedWhileLoopIteration
ae_adl_lists3,HandlingInteger,TransformingToIntType
ae_adl_lists3,HandlingTuple,CreatingTuple
ae_adl_lists3,HandlingTuple,SlicingTuple
ae_adl_lists3,HandlingTuple,IndexingTuple
ae_adl_lists3,HandlingFloat,TransformingToFloatType
ae_adl_lists3,HandlingDictionary,ReplacingDictionaryElement
ae_adl_lists3,HandlingDictionary,IndexingDictionary
ae_adl_lists3,HandlingDictionary,AddingItemToDictionary
ae_adl_lists3,HandlingDictionary,AccessingDictionary
ae_adl_lists3,HandlingDictionary,CreatingDictionary
ae_adl_lists3,HandlingFile,ClosingFile
ae_adl_lists3,HandlingFile,ReadingLine
ae_adl_lists3,HandlingFile,OpeningFile
ae_adl_lists3,HandlingString,ReplacingStringContent
ae_adl_lists3,HandlingString,TransformingToStringType
ae_adl_format1,WhileLoopWithUpdate,WhileLoopWithListIndexing
ae_adl_format1,WhileLoopWithUpdate,WhileLoopWith*=
ae_adl_format1,WhileLoopWithUpdate,WhileLoopWith+=
ae_adl_format1,ForLoopWithUpdate,ForLoopWith+=
ae_adl_format1,ForLoopWithUpdate,ForLoopWith*=
ae_adl_format1,ForLoopWithUpdate,ForLoopWithListIndexing
ae_adl_format1,NestedLoopIteration,NestedForLoopIteration
ae_adl_format1,NestedLoopIteration,NestedWhileLoopIteration
ae_adl_format1,ArithmeticOperation,FindAbsolute
ae_adl_format1,ArithmeticOperation,FindRemainder
ae_adl_format1,ArithmeticOperation,FindMaximum
ae_adl_format1,ArithmeticOperation,Round
ae_adl_format1,ArithmeticOperation,Power
ae_adl_format1,ArithmeticOperation,FindMinimum
ae_adl_format1,ArithmeticOperation,Substraction
ae_adl_format1,ArithmeticOperation,Division
ae_adl_format1,ArithmeticOperation,Multiplication
ae_adl_format1,HandlingTuple,CreatingTuple
ae_adl_format1,HandlingTuple,SlicingTuple
ae_adl_format1,HandlingTuple,IndexingTuple
ae_adl_format1,HandlingFloat,TransformingToFloatType
ae_adl_format1,HandlingDictionary,ReplacingDictionaryElement
ae_adl_format1,HandlingDictionary,IndexingDictionary
ae_adl_format1,HandlingDictionary,AddingItemToDictionary
ae_adl_format1,HandlingDictionary,AccessingDictionary
ae_adl_format1,HandlingList,DeletingListElement
ae_adl_format1,HandlingList,IndexingList
ae_adl_format1,HandlingList,SlicingList
ae_adl_format1,HandlingList,ReplacingListElement
ae_adl_format1,HandlingList,ListReferencing
ae_adl_format1,HandlingList,ReversingList
ae_adl_format1,AddingListElement,AddingListElementWithInsert
ae_adl_format1,AddingListElement,AddingListElementWithAppend
ae_adl_format1,HandlingFile,ClosingFile
ae_adl_format1,HandlingFile,ReadingLine
ae_adl_format1,HandlingFile,OpeningFile
ae_adl_format1,HandlingString,ReplacingStringContent
ae_adl_format1,HandlingString,TransformingToStringType
ae_adl_format1,HandlingString,SplittingString
ae_adl_format2,WhileLoopWithUpdate,WhileLoopWithListIndexing
ae_adl_format2,WhileLoopWithUpdate,WhileLoopWith*=
ae_adl_format2,WhileLoopWithUpdate,WhileLoopWith+=
ae_adl_format2,ForLoopWithUpdate,ForLoopWith+=
ae_adl_format2,ForLoopWithUpdate,ForLoopWith*=
ae_adl_format2,ForLoopWithUpdate,ForLoopWithListIndexing
ae_adl_format2,NestedLoopIteration,MixedNestedLoopIteration
ae_adl_format2,NestedLoopIteration,NestedForLoopIteration
ae_adl_format2,NestedLoopIteration,NestedWhileLoopIteration
ae_adl_format2,ArithmeticOperation,FindAbsolute
ae_adl_format2,ArithmeticOperation,FindRemainder
ae_adl_format2,ArithmeticOperation,FindMaximum
ae_adl_format2,ArithmeticOperation,Power
ae_adl_format2,ArithmeticOperation,FindMinimum
ae_adl_format2,ArithmeticOperation,Substraction
ae_adl_format2,ArithmeticOperation,Division
ae_adl_format2,HandlingInteger,TransformingToIntType
ae_adl_format2,HandlingTuple,CreatingTuple
ae_adl_format2,HandlingTuple,SlicingTuple
ae_adl_format2,HandlingTuple,IndexingTuple
ae_adl_format2,HandlingDictionary,ReplacingDictionaryElement
ae_adl_format2,HandlingDictionary,IndexingDictionary
ae_adl_format2,HandlingDictionary,AddingItemToDictionary
ae_adl_format2,HandlingDictionary,AccessingDictionary
ae_adl_format2,HandlingList,DeletingListElement
ae_adl_format2,HandlingList,IndexingList
ae_adl_format2,HandlingList,SlicingList
ae_adl_format2,HandlingList,ReplacingListElement
ae_adl_format2,HandlingList,ListReferencing
ae_adl_format2,HandlingList,ReversingList
ae_adl_format2,AddingListElement,AddingListElementWithInsert
ae_adl_format2,AddingListElement,AddingListElementWithAppend
ae_adl_format2,HandlingFile,ClosingFile
ae_adl_format2,HandlingFile,ReadingLine
ae_adl_format2,HandlingFile,OpeningFile
ae_adl_format2,HandlingString,TransformingToStringType
ae_adl_format2,HandlingString,SplittingString
ae_adl_findmax,NonNestedIteration,SingleWhileLoopIteration
ae_adl_findmax,WhileLoopWithUpdate,WhileLoopWithListIndexing
ae_adl_findmax,WhileLoopWithUpdate,WhileLoopWith*=
ae_adl_findmax,WhileLoopWithUpdate,WhileLoopWith+=
ae_adl_findmax,ForLoopWithUpdate,ForLoopWith+=
ae_adl_findmax,ForLoopWithUpdate,ForLoopWith*=
ae_adl_findmax,ForLoopWithUpdate,ForLoopWithListIndexing
ae_adl_findmax,NestedLoopIteration,MixedNestedLoopIteration
ae_adl_findmax,NestedLoopIteration,NestedForLoopIteration
ae_adl_findmax,NestedLoopIteration,NestedWhileLoopIteration
ae_adl_findmax,ArithmeticOperation,FindAbsolute
ae_adl_findmax,ArithmeticOperation,Round
ae_adl_findmax,ArithmeticOperation,Power
ae_adl_findmax,ArithmeticOperation,FindMinimum
ae_adl_findmax,HandlingTuple,SlicingTuple
ae_adl_findmax,HandlingTuple,IndexingTuple
ae_adl_findmax,HandlingDictionary,ReplacingDictionaryElement
ae_adl_findmax,HandlingDictionary,IndexingDictionary
ae_adl_findmax,HandlingDictionary,AddingItemToDictionary
ae_adl_findmax,HandlingDictionary,AccessingDictionary
ae_adl_findmax,HandlingList,DeletingListElement
ae_adl_findmax,HandlingList,SlicingList
ae_adl_findmax,HandlingList,ReversingList
ae_adl_findmax,AddingListElement,AddingListElementWithInsert
ae_adl_findmax,AddingListElement,AddingListElementWithAppend
ae_adl_findmax,HandlingFile,ClosingFile
ae_adl_findmax,HandlingFile,ReadingLine
ae_adl_findmax,HandlingFile,OpeningFile
ae_adl_findmax,HandlingString,ReplacingStringContent
ae_adl_findmax,HandlingString,TransformingToStringType
ae_adl_findmax,HandlingString,SplittingString
ae_adl_functions1,HandlingStandardFunction,DefiningStandardFunction
ae_adl_functions1,WhileLoopWithUpdate,WhileLoopWithListIndexing
ae_adl_functions1,WhileLoopWithUpdate,WhileLoopWith*=
ae_adl_functions1,WhileLoopWithUpdate,WhileLoopWith+=
ae_adl_functions1,ForLoopWithUpdate,ForLoopWith+=
ae_adl_functions1,ForLoopWithUpdate,ForLoopWith*=
ae_adl_functions1,ForLoopWithUpdate,ForLoopWithListIndexing
ae_adl_functions1,NestedLoopIteration,MixedNestedLoopIteration
ae_adl_functions1,NestedLoopIteration,NestedForLoopIteration
ae_adl_functions1,NestedLoopIteration,NestedWhileLoopIteration
ae_adl_functions1,ArithmeticOperation,FindAbsolute
ae_adl_functions1,ArithmeticOperation,FindRemainder
ae_adl_functions1,ArithmeticOperation,FindMaximum
ae_adl_functions1,ArithmeticOperation,Round
ae_adl_functions1,ArithmeticOperation,Power
ae_adl_functions1,ArithmeticOperation,FindMinimum
ae_adl_functions1,ArithmeticOperation,Substraction
ae_adl_functions1,ArithmeticOperation,Division
ae_adl_functions1,ArithmeticOperation,Multiplication
ae_adl_functions1,HandlingTuple,SlicingTuple
ae_adl_functions1,HandlingDictionary,ReplacingDictionaryElement
ae_adl_functions1,HandlingDictionary,IndexingDictionary
ae_adl_functions1,HandlingDictionary,AddingItemToDictionary
ae_adl_functions1,HandlingList,DeletingListElement
ae_adl_functions1,HandlingList,SlicingList
ae_adl_functions1,HandlingList,ReplacingListElement
ae_adl_functions1,HandlingList,ListReferencing
ae_adl_functions1,HandlingList,ReversingList
ae_adl_functions1,AddingListElement,AddingListElementWithInsert
ae_adl_functions1,AddingListElement,AddingListElementWithAppend
ae_adl_functions1,HandlingString,TransformingToStringType
ae_adl_functions1,HandlingString,SplittingString
ae_adl_returnvalue,WhileLoopWithUpdate,WhileLoopWithListIndexing
ae_adl_returnvalue,WhileLoopWithUpdate,WhileLoopWith*=
ae_adl_returnvalue,ForLoopWithUpdate,ForLoopWith*=
ae_adl_returnvalue,ForLoopWithUpdate,ForLoopWithListIndexing
ae_adl_returnvalue,NestedLoopIteration,NestedForLoopIteration
ae_adl_returnvalue,NestedLoopIteration,NestedWhileLoopIteration
ae_adl_returnvalue,ArithmeticOperation,FindAbsolute
ae_adl_returnvalue,ArithmeticOperation,FindRemainder
ae_adl_returnvalue,ArithmeticOperation,FindMaximum
ae_adl_returnvalue,ArithmeticOperation,Addition
ae_adl_returnvalue,ArithmeticOperation,Round
ae_adl_returnvalue,ArithmeticOperation,Power
ae_adl_returnvalue,ArithmeticOperation,FindMinimum
ae_adl_returnvalue,ArithmeticOperation,Substraction
ae_adl_returnvalue,ArithmeticOperation,Division
ae_adl_returnvalue,HandlingInteger,TransformingToIntType
ae_adl_returnvalue,HandlingTuple,CreatingTuple
ae_adl_returnvalue,HandlingTuple,SlicingTuple
ae_adl_returnvalue,HandlingTuple,IndexingTuple
ae_adl_returnvalue,HandlingDictionary,ReplacingDictionaryElement
ae_adl_returnvalue,HandlingDictionary,IndexingDictionary
ae_adl_returnvalue,HandlingDictionary,AddingItemToDictionary
ae_adl_returnvalue,HandlingDictionary,AccessingDictionary
ae_adl_returnvalue,HandlingList,DeletingListElement
ae_adl_returnvalue,HandlingList,IndexingList
ae_adl_returnvalue,HandlingList,SlicingList
ae_adl_returnvalue,HandlingList,ReplacingListElement
ae_adl_returnvalue,HandlingList,ListReferencing
ae_adl_returnvalue,HandlingList,ReversingList
ae_adl_returnvalue,AddingListElement,AddingListElementWithInsert
ae_adl_returnvalue,AddingListElement,AddingListElementWithAppend
ae_adl_returnvalue,HandlingFile,ClosingFile
ae_adl_returnvalue,HandlingFile,ReadingLine
ae_adl_returnvalue,HandlingFile,OpeningFile
ae_adl_returnvalue,HandlingString,ReplacingStringContent
ae_adl_returnvalue,HandlingString,SplittingString
ae_adl_functions2,WhileLoopWithUpdate,WhileLoopWithListIndexing
ae_adl_functions2,WhileLoopWithUpdate,WhileLoopWith*=
ae_adl_functions2,ForLoopWithUpdate,ForLoopWith*=
ae_adl_functions2,ForLoopWithUpdate,ForLoopWithListIndexing
ae_adl_functions2,NestedLoopIteration,NestedForLoopIteration
ae_adl_functions2,NestedLoopIteration,NestedWhileLoopIteration
ae_adl_functions2,ArithmeticOperation,FindAbsolute
ae_adl_functions2,ArithmeticOperation,FindRemainder
ae_adl_functions2,ArithmeticOperation,FindMaximum
ae_adl_functions2,ArithmeticOperation,Round
ae_adl_functions2,ArithmeticOperation,Power
ae_adl_functions2,ArithmeticOperation,FindMinimum
ae_adl_functions2,ArithmeticOperation,Substraction
ae_adl_functions2,ArithmeticOperation,Multiplication
ae_adl_functions2,HandlingTuple,CreatingTuple
ae_adl_functions2,HandlingTuple,SlicingTuple
ae_adl_functions2,HandlingTuple,IndexingTuple
ae_adl_functions2,HandlingFloat,TransformingToFloatType
ae_adl_functions2,HandlingDictionary,ReplacingDictionaryElement
ae_adl_functions2,HandlingDictionary,IndexingDictionary
ae_adl_functions2,HandlingDictionary,AddingItemToDictionary
ae_adl_functions2,HandlingDictionary,AccessingDictionary
ae_adl_functions2,HandlingList,DeletingListElement
ae_adl_functions2,HandlingList,SlicingList
ae_adl_functions2,HandlingList,ReplacingListElement
ae_adl_functions2,HandlingList,ListReferencing
ae_adl_functions2,HandlingList,ReversingList
ae_adl_functions2,AddingListElement,AddingListElementWithInsert
ae_adl_functions2,AddingListElement,AddingListElementWithAppend
ae_adl_functions2,HandlingString,ReplacingStringContent
ae_adl_functions3,WhileLoopWithUpdate,WhileLoopWithListIndexing
ae_adl_functions3,WhileLoopWithUpdate,WhileLoopWith*=
ae_adl_functions3,WhileLoopWithUpdate,WhileLoopWith+=
ae_adl_functions3,ForLoopWithUpdate,ForLoopWith+=
ae_adl_functions3,ForLoopWithUpdate,ForLoopWith*=
ae_adl_functions3,ForLoopWithUpdate,ForLoopWithListIndexing
ae_adl_functions3,NestedLoopIteration,NestedForLoopIteration
ae_adl_functions3,NestedLoopIteration,NestedWhileLoopIteration
ae_adl_functions3,ArithmeticOperation,FindAbsolute
ae_adl_functions3,ArithmeticOperation,FindRemainder
ae_adl_functions3,ArithmeticOperation,FindMaximum
ae_adl_functions3,ArithmeticOperation,Round
ae_adl_functions3,ArithmeticOperation,Power
ae_adl_functions3,ArithmeticOperation,FindMinimum
ae_adl_functions3,ArithmeticOperation,Division
ae_adl_functions3,HandlingInteger,TransformingToIntType
ae_adl_functions3,HandlingTuple,CreatingTuple
ae_adl_functions3,HandlingTuple,SlicingTuple
ae_adl_functions3,HandlingTuple,IndexingTuple
ae_adl_functions3,HandlingDictionary,ReplacingDictionaryElement
ae_adl_functions3,HandlingDictionary,IndexingDictionary
ae_adl_functions3,HandlingDictionary,AddingItemToDictionary
ae_adl_functions3,HandlingDictionary,AccessingDictionary
ae_adl_functions3,HandlingList,DeletingListElement
ae_adl_functions3,HandlingList,IndexingList
ae_adl_functions3,HandlingList,SlicingList
ae_adl_functions3,HandlingList,ReplacingListElement
ae_adl_functions3,HandlingList,ListReferencing
ae_adl_functions3,HandlingList,ReversingList
ae_adl_functions3,AddingListElement,AddingListElementWithInsert
ae_adl_functions3,AddingListElement,AddingListElementWithAppend
ae_adl_functions3,HandlingFile,ClosingFile
ae_adl_functions3,HandlingFile,ReadingLine
ae_adl_functions3,HandlingFile,OpeningFile
ae_adl_functions3,HandlingString,ReplacingStringContent
ae_adl_functions3,HandlingString,TransformingToStringType
ae_adl_functions3,HandlingString,SplittingString
ae_adl_recursion,CheckingCondition,AssertChecking
ae_adl_recursion,HandlingStandardFunction,CallingStandardFunction
ae_adl_recursion,WhileLoopWithUpdate,WhileLoopWithListIndexing
ae_adl_recursion,WhileLoopWithUpdate,WhileLoopWith*=
ae_adl_recursion,WhileLoopWithUpdate,WhileLoopWith+=
ae_adl_recursion,ForLoopWithUpdate,ForLoopWith+=
ae_adl_recursion,ForLoopWithUpdate,ForLoopWith*=
ae_adl_recursion,ForLoopWithUpdate,ForLoopWithListIndexing
ae_adl_recursion,NestedLoopIteration,NestedForLoopIteration
ae_adl_recursion,NestedLoopIteration,NestedWhileLoopIteration
ae_adl_recursion,ArithmeticOperation,FindAbsolute
ae_adl_recursion,ArithmeticOperation,FindRemainder
ae_adl_recursion,ArithmeticOperation,Round
ae_adl_recursion,ArithmeticOperation,Power
ae_adl_recursion,HandlingTuple,SlicingTuple
ae_adl_recursion,HandlingTuple,IndexingTuple
ae_adl_recursion,HandlingFloat,TransformingToFloatType
ae_adl_recursion,HandlingDictionary,ReplacingDictionaryElement
ae_adl_recursion,HandlingDictionary,IndexingDictionary
ae_adl_recursion,HandlingDictionary,AddingItemToDictionary
ae_adl_recursion,HandlingDictionary,AccessingDictionary
ae_adl_recursion,HandlingList,DeletingListElement
ae_adl_recursion,HandlingList,IndexingList
ae_adl_recursion,HandlingList,SlicingList
ae_adl_recursion,HandlingList,ReplacingListElement
ae_adl_recursion,HandlingList,ListReferencing
ae_adl_recursion,HandlingList,ReversingList
ae_adl_recursion,AddingListElement,AddingListElementWithInsert
ae_adl_recursion,AddingListElement,AddingListElementWithAppend
ae_adl_recursion,HandlingString,ReplacingStringContent
ae_adl_recursion,HandlingString,TransformingToStringType
ae_adl_recursion,HandlingString,SplittingString
ae_adl_dict1,WhileLoopWithUpdate,WhileLoopWithListIndexing
ae_adl_dict1,WhileLoopWithUpdate,WhileLoopWith*=
ae_adl_dict1,WhileLoopWithUpdate,WhileLoopWith+=
ae_adl_dict1,ForLoopWithUpdate,ForLoopWith+=
ae_adl_dict1,ForLoopWithUpdate,ForLoopWith*=
ae_adl_dict1,ForLoopWithUpdate,ForLoopWithListIndexing
ae_adl_dict1,NestedLoopIteration,MixedNestedLoopIteration
ae_adl_dict1,NestedLoopIteration,NestedForLoopIteration
ae_adl_dict1,NestedLoopIteration,NestedWhileLoopIteration
ae_adl_dict1,ArithmeticOperation,FindAbsolute
ae_adl_dict1,ArithmeticOperation,FindRemainder
ae_adl_dict1,ArithmeticOperation,Round
ae_adl_dict1,ArithmeticOperation,Power
ae_adl_dict1,ArithmeticOperation,FindMinimum
ae_adl_dict1,ArithmeticOperation,Substraction
ae_adl_dict1,ArithmeticOperation,Division
ae_adl_dict1,ArithmeticOperation,Multiplication
ae_adl_dict1,HandlingTuple,CreatingTuple
ae_adl_dict1,HandlingTuple,SlicingTuple
ae_adl_dict1,HandlingTuple,IndexingTuple
ae_adl_dict1,HandlingFloat,TransformingToFloatType
ae_adl_dict1,HandlingDictionary,IndexingDictionary
ae_adl_dict1,HandlingList,DeletingListElement
ae_adl_dict1,HandlingList,SlicingList
ae_adl_dict1,HandlingList,ReplacingListElement
ae_adl_dict1,HandlingList,ListReferencing
ae_adl_dict1,HandlingList,ReversingList
ae_adl_dict1,AddingListElement,AddingListElementWithInsert
ae_adl_dict1,AddingListElement,AddingListElementWithAppend
ae_adl_dict1,HandlingFile,ClosingFile
ae_adl_dict1,HandlingString,ReplacingStringContent
ae_adl_dict1,HandlingString,TransformingToStringType
ae_adl_dict1,HandlingString,SplittingString
ae_adl_dict2,WhileLoopWithUpdate,WhileLoopWithListIndexing
ae_adl_dict2,WhileLoopWithUpdate,WhileLoopWith*=
ae_adl_dict2,WhileLoopWithUpdate,WhileLoopWith+=
ae_adl_dict2,ForLoopWithUpdate,ForLoopWith+=
ae_adl_dict2,ForLoopWithUpdate,ForLoopWith*=
ae_adl_dict2,ForLoopWithUpdate,ForLoopWithListIndexing
ae_adl_dict2,NestedLoopIteration,NestedForLoopIteration
ae_adl_dict2,NestedLoopIteration,NestedWhileLoopIteration
ae_adl_dict2,ArithmeticOperation,FindAbsolute
ae_adl_dict2,ArithmeticOperation,FindRemainder
ae_adl_dict2,ArithmeticOperation,FindMaximum
ae_adl_dict2,ArithmeticOperation,Round
ae_adl_dict2,ArithmeticOperation,Power
ae_adl_dict2,ArithmeticOperation,FindMinimum
ae_adl_dict2,ArithmeticOperation,Substraction
ae_adl_dict2,ArithmeticOperation,Division
ae_adl_dict2,ArithmeticOperation,Multiplication
ae_adl_dict2,HandlingTuple,CreatingTuple
ae_adl_dict2,HandlingTuple,SlicingTuple
ae_adl_dict2,HandlingTuple,IndexingTuple
ae_adl_dict2,HandlingFloat,TransformingToFloatType
ae_adl_dict2,HandlingDictionary,IndexingDictionary
ae_adl_dict2,HandlingList,DeletingListElement
ae_adl_dict2,HandlingList,SlicingList
ae_adl_dict2,HandlingList,ReplacingListElement
ae_adl_dict2,HandlingList,ListReferencing
ae_adl_dict2,HandlingList,ReversingList
ae_adl_dict2,AddingListElement,AddingListElementWithInsert
ae_adl_dict2,AddingListElement,AddingListElementWithAppend
ae_adl_dict2,HandlingFile,ClosingFile
ae_adl_dict2,HandlingFile,ReadingLine
ae_adl_dict2,HandlingFile,OpeningFile
ae_adl_dict2,HandlingString,ReplacingStringContent
ae_adl_dict2,HandlingString,TransformingToStringType
ae_adl_dict2,HandlingString,SplittingString
ae_adl_dict3,WhileLoopWithUpdate,WhileLoopWithListIndexing
ae_adl_dict3,WhileLoopWithUpdate,WhileLoopWith*=
ae_adl_dict3,WhileLoopWithUpdate,WhileLoopWith+=
ae_adl_dict3,ArithmeticOperation,FindAbsolute
ae_adl_dict3,ArithmeticOperation,FindRemainder
ae_adl_dict3,ArithmeticOperation,Round
ae_adl_dict3,ArithmeticOperation,Power
ae_adl_dict3,ArithmeticOperation,FindMinimum
ae_adl_dict3,HandlingDictionary,ReplacingDictionaryElement
ae_adl_dict3,HandlingList,DeletingListElement
ae_adl_dict3,HandlingList,SlicingList
ae_adl_dict3,HandlingList,ListReferencing
ae_adl_dict3,HandlingList,ReversingList
ae_adl_dict3,AddingListElement,AddingListElementWithInsert
ae_adl_dict3,AddingListElement,AddingListElementWithAppend
ae_adl_dict3,HandlingString,ReplacingStringContent
ae_adl_dict3,HandlingString,TransformingToStringType
ae_adl_dict3,HandlingString,SplittingString
ae_adl_objects1,HandlingDictionary,IndexingDictionary
ae_adl_objects1,HandlingList,DeletingListElement
ae_adl_objects1,HandlingList,SlicingList
ae_adl_objects1,AddingListElement,AddingListElementWithInsert
ae_adl_objects1,AddingListElement,AddingListElementWithAppend
ae_adl_objects2,Python,Concatenation
ae_adl_objects2,Python,Importing
ae_adl_objects2,Python,FindingLength
ae_adl_objects2,Python,CheckingForItem
ae_adl_objects2,Python,HandlingInput
ae_adl_objects2,CheckingCondition,IfElseChecking
ae_adl_objects2,CheckingCondition,AssertChecking
ae_adl_objects2,CheckingCondition,IfElifElseChecking
ae_adl_objects2,CheckingCondition,NestedIfChecking
ae_adl_objects2,CheckingCondition,IfElifChecking
ae_adl_objects2,CheckingInForLoop,IfElseCheckingInForLoop
ae_adl_objects2,CheckingInForLoop,IfElifCheckingInForLoop
ae_adl_objects2,CheckingInForLoop,IfCheckingInForLoop
ae_adl_objects2,CheckingInForLoop,IfElifElseCheckingInForLoop
ae_adl_objects2,CheckingInWhileLoop,IfElifElseCheckingInWhileLoop
ae_adl_objects2,CheckingInWhileLoop,IfCheckingInWhileLoop
ae_adl_objects2,CheckingInWhileLoop,IfElseCheckingInWhileLoop
ae_adl_objects2,CheckingInWhileLoop,IfElifCheckingInWhileLoop
ae_adl_objects2,ManagingVariable,SwappingVariablesValue
ae_adl_objects2,HandlingAdvancedDataStructure,BinaryTreeTask
ae_adl_objects2,HandlingAdvancedDataStructure,LinkedListTask
ae_adl_objects2,HandlingAdvancedDataStructure,QueueTask
ae_adl_objects2,HandlingAdvancedDataStructure,StackTask
ae_adl_objects2,TwoDimensionalArrayTask,ReplacingElement2DArray
ae_adl_objects2,TwoDimensionalArrayTask,Indexing2DArray
ae_adl_objects2,TwoDimensionalArrayTask,Create2DArray
ae_adl_objects2,HandlingObjectOrientedProgramming,CallingOOPMethod
ae_adl_objects2,HandlingFunctionCallingFunction,CallingFunctionCallingFunction
ae_adl_objects2,HandlingFunctionCallingFunction,DefiningFunctionCallingFunction
ae_adl_objects2,HandlingRecursiveFunction,CallingRecursiveFunction
ae_adl_objects2,HandlingRecursiveFunction,DefiningRecursiveFunction
ae_adl_objects2,HandlingNestedFunction,CallingNestedFunction
ae_adl_objects2,HandlingNestedFunction,DefiningNestedFunction
ae_adl_objects2,HandlingStandardFunction,CallingStandardFunction
ae_adl_objects2,HandlingStandardFunction,DefiningStandardFunction
ae_adl_objects2,NonNestedIteration,SingleForLoopIteration
ae_adl_objects2,ArithmeticOperation,FindAbsolute
ae_adl_objects2,ArithmeticOperation,FindRemainder
ae_adl_objects2,ArithmeticOperation,FindMaximum
ae_adl_objects2,ArithmeticOperation,Round
ae_adl_objects2,ArithmeticOperation,Power
ae_adl_objects2,ArithmeticOperation,Division
ae_adl_objects2,ArithmeticOperation,Multiplication
ae_adl_objects2,HandlingDictionary,IndexingDictionary
ae_adl_objects2,HandlingList,SlicingList
ae_adl_objects2,AddingListElement,AddingListElementWithInsert
ae_adl_objects2,AddingListElement,AddingListElementWithAppend
ae_adl_objects2,HandlingString,TransformingToStringType
py_concat_str_num,WhileLoopWithUpdate,WhileLoopWithListIndexing
py_concat_str_num,WhileLoopWithUpdate,WhileLoopWith*=
py_concat_str_num,WhileLoopWithUpdate,WhileLoopWith+=
py_concat_str_num,ForLoopWithUpdate,ForLoopWith+=
py_concat_str_num,ForLoopWithUpdate,ForLoopWith*=
py_concat_str_num,ForLoopWithUpdate,ForLoopWithListIndexing
py_concat_str_num,NestedLoopIteration,NestedForLoopIteration
py_concat_str_num,NestedLoopIteration,NestedWhileLoopIteration
py_concat_str_num,ArithmeticOperation,FindAbsolute
py_concat_str_num,ArithmeticOperation,FindRemainder
py_concat_str_num,ArithmeticOperation,FindMaximum
py_concat_str_num,ArithmeticOperation,Round
py_concat_str_num,ArithmeticOperation,Power
py_concat_str_num,ArithmeticOperation,FindMinimum
py_concat_str_num,ArithmeticOperation,Substraction
py_concat_str_num,ArithmeticOperation,Division
py_concat_str_num,ArithmeticOperation,Multiplication
py_concat_str_num,HandlingTuple,CreatingTuple
py_concat_str_num,HandlingTuple,SlicingTuple
py_concat_str_num,HandlingTuple,IndexingTuple
py_concat_str_num,HandlingFloat,TransformingToFloatType
py_concat_str_num,HandlingDictionary,ReplacingDictionaryElement
py_concat_str_num,HandlingDictionary,IndexingDictionary
py_concat_str_num,HandlingDictionary,AddingItemToDictionary
py_concat_str_num,HandlingDictionary,AccessingDictionary
py_concat_str_num,HandlingList,DeletingListElement
py_concat_str_num,HandlingList,IndexingList
py_concat_str_num,HandlingList,SlicingList
py_concat_str_num,HandlingList,ReplacingListElement
py_concat_str_num,HandlingList,ListReferencing
py_concat_str_num,HandlingList,ReversingList
py_concat_str_num,AddingListElement,AddingListElementWithInsert
py_concat_str_num,AddingListElement,AddingListElementWithAppend
py_concat_str_num,HandlingFile,ClosingFile
py_concat_str_num,HandlingFile,ReadingLine
py_concat_str_num,HandlingFile,OpeningFile
py_concat_str_num,HandlingString,SplittingString
py_concat_str_num2,WhileLoopWithUpdate,WhileLoopWithListIndexing
py_concat_str_num2,WhileLoopWithUpdate,WhileLoopWith*=
py_concat_str_num2,WhileLoopWithUpdate,WhileLoopWith+=
py_concat_str_num2,ForLoopWithUpdate,ForLoopWith+=
py_concat_str_num2,ForLoopWithUpdate,ForLoopWith*=
py_concat_str_num2,ForLoopWithUpdate,ForLoopWithListIndexing
py_concat_str_num2,NestedLoopIteration,NestedForLoopIteration
py_concat_str_num2,NestedLoopIteration,NestedWhileLoopIteration
py_concat_str_num2,ArithmeticOperation,FindAbsolute
py_concat_str_num2,ArithmeticOperation,FindRemainder
py_concat_str_num2,ArithmeticOperation,FindMaximum
py_concat_str_num2,ArithmeticOperation,Addition
py_concat_str_num2,ArithmeticOperation,Round
py_concat_str_num2,ArithmeticOperation,Power
py_concat_str_num2,ArithmeticOperation,FindMinimum
py_concat_str_num2,ArithmeticOperation,Substraction
py_concat_str_num2,ArithmeticOperation,Division
py_concat_str_num2,HandlingTuple,CreatingTuple
py_concat_str_num2,HandlingTuple,SlicingTuple
py_concat_str_num2,HandlingTuple,IndexingTuple
py_concat_str_num2,HandlingDictionary,ReplacingDictionaryElement
py_concat_str_num2,HandlingDictionary,IndexingDictionary
py_concat_str_num2,HandlingDictionary,AddingItemToDictionary
py_concat_str_num2,HandlingDictionary,AccessingDictionary
py_concat_str_num2,HandlingList,DeletingListElement
py_concat_str_num2,HandlingList,IndexingList
py_concat_str_num2,HandlingList,SlicingList
py_concat_str_num2,HandlingList,ReplacingListElement
py_concat_str_num2,HandlingList,ListReferencing
py_concat_str_num2,HandlingList,ReversingList
py_concat_str_num2,AddingListElement,AddingListElementWithInsert
py_concat_str_num2,AddingListElement,AddingListElementWithAppend
py_concat_str_num2,HandlingFile,ClosingFile
py_concat_str_num2,HandlingFile,ReadingLine
py_concat_str_num2,HandlingFile,OpeningFile
py_concat_str_num2,HandlingString,ReplacingStringContent
py_concat_str_num2,HandlingString,SplittingString
py_concat_string_num3,WhileLoopWithUpdate,WhileLoopWithListIndexing
py_concat_string_num3,WhileLoopWithUpdate,WhileLoopWith*=
py_concat_string_num3,WhileLoopWithUpdate,WhileLoopWith+=
py_concat_string_num3,ForLoopWithUpdate,ForLoopWith+=
py_concat_string_num3,ForLoopWithUpdate,ForLoopWith*=
py_concat_string_num3,ForLoopWithUpdate,ForLoopWithListIndexing
py_concat_string_num3,NestedLoopIteration,NestedForLoopIteration
py_concat_string_num3,NestedLoopIteration,NestedWhileLoopIteration
py_concat_string_num3,ArithmeticOperation,FindAbsolute
py_concat_string_num3,ArithmeticOperation,FindRemainder
py_concat_string_num3,ArithmeticOperation,FindMaximum
py_concat_string_num3,ArithmeticOperation,Round
py_concat_string_num3,ArithmeticOperation,Power
py_concat_string_num3,ArithmeticOperation,FindMinimum
py_concat_string_num3,ArithmeticOperation,Substraction
py_concat_string_num3,ArithmeticOperation,Division
py_concat_string_num3,ArithmeticOperation,Multiplication
py_concat_string_num3,HandlingTuple,CreatingTuple
py_concat_string_num3,HandlingTuple,SlicingTuple
py_concat_string_num3,HandlingTuple,IndexingTuple
py_concat_string_num3,HandlingFloat,TransformingToFloatType
py_concat_string_num3,HandlingDictionary,ReplacingDictionaryElement
py_concat_string_num3,HandlingDictionary,IndexingDictionary
py_concat_string_num3,HandlingDictionary,AddingItemToDictionary
py_concat_string_num3,HandlingDictionary,AccessingDictionary
py_concat_string_num3,HandlingList,DeletingListElement
py_concat_string_num3,HandlingList,IndexingList
py_concat_string_num3,HandlingList,SlicingList
py_concat_string_num3,HandlingList,ReplacingListElement
py_concat_string_num3,HandlingList,ListReferencing
py_concat_string_num3,HandlingList,ReversingList
py_concat_string_num3,AddingListElement,AddingListElementWithInsert
py_concat_string_num3,AddingListElement,AddingListElementWithAppend
py_concat_string_num3,HandlingFile,ClosingFile
py_concat_string_num3,HandlingFile,ReadingLine
py_concat_string_num3,HandlingFile,OpeningFile
py_concat_string_num3,HandlingString,ReplacingStringContent
py_concat_string_num3,HandlingString,SplittingString
py_time_conversion,WhileLoopWithUpdate,WhileLoopWithListIndexing
py_time_conversion,WhileLoopWithUpdate,WhileLoopWith*=
py_time_conversion,WhileLoopWithUpdate,WhileLoopWith+=
py_time_conversion,ForLoopWithUpdate,ForLoopWith+=
py_time_conversion,ForLoopWithUpdate,ForLoopWith*=
py_time_conversion,ForLoopWithUpdate,ForLoopWithListIndexing
py_time_conversion,NestedLoopIteration,NestedForLoopIteration
py_time_conversion,NestedLoopIteration,NestedWhileLoopIteration
py_time_conversion,ArithmeticOperation,FindAbsolute
py_time_conversion,ArithmeticOperation,FindMaximum
py_time_conversion,ArithmeticOperation,Round
py_time_conversion,ArithmeticOperation,Power
py_time_conversion,ArithmeticOperation,FindMinimum
py_time_conversion,HandlingDictionary,ReplacingDictionaryElement
py_time_conversion,HandlingDictionary,IndexingDictionary
py_time_conversion,HandlingDictionary,AddingItemToDictionary
py_time_conversion,HandlingList,DeletingListElement
py_time_conversion,HandlingList,SlicingList
py_time_conversion,HandlingList,ReplacingListElement
py_time_conversion,HandlingList,ListReferencing
py_time_conversion,HandlingList,ReversingList
py_time_conversion,AddingListElement,AddingListElementWithInsert
py_time_conversion,AddingListElement,AddingListElementWithAppend
py_time_conversion,HandlingFile,ClosingFile
py_time_conversion,HandlingFile,ReadingLine
py_time_conversion,HandlingFile,OpeningFile
py_time_conversion,HandlingString,ReplacingStringContent
py_time_conversion,HandlingString,TransformingToStringType
py_time_conversion,HandlingString,SplittingString
py_display_time2,WhileLoopWithUpdate,WhileLoopWithListIndexing
py_display_time2,WhileLoopWithUpdate,WhileLoopWith*=
py_display_time2,WhileLoopWithUpdate,WhileLoopWith+=
py_display_time2,ForLoopWithUpdate,ForLoopWith+=
py_display_time2,ForLoopWithUpdate,ForLoopWith*=
py_display_time2,ForLoopWithUpdate,ForLoopWithListIndexing
py_display_time2,NestedLoopIteration,NestedForLoopIteration
py_display_time2,NestedLoopIteration,NestedWhileLoopIteration
py_display_time2,ArithmeticOperation,FindAbsolute
py_display_time2,ArithmeticOperation,FindMaximum
py_display_time2,ArithmeticOperation,Addition
py_display_time2,ArithmeticOperation,Round
py_display_time2,ArithmeticOperation,Power
py_display_time2,ArithmeticOperation,FindMinimum
py_display_time2,ArithmeticOperation,Substraction
py_display_time2,ArithmeticOperation,Multiplication
py_display_time2,HandlingTuple,CreatingTuple
py_display_time2,HandlingTuple,SlicingTuple
py_display_time2,HandlingTuple,IndexingTuple
py_display_time2,HandlingFloat,TransformingToFloatType
py_display_time2,HandlingDictionary,ReplacingDictionaryElement
py_display_time2,HandlingDictionary,IndexingDictionary
py_display_time2,HandlingDictionary,AddingItemToDictionary
py_display_time2,HandlingDictionary,AccessingDictionary
py_display_time2,HandlingDictionary,CreatingDictionary
py_display_time2,HandlingList,DeletingListElement
py_display_time2,HandlingList,IndexingList
py_display_time2,HandlingList,CreatingList
py_display_time2,HandlingList,SlicingList
py_display_time2,HandlingList,ReplacingListElement
py_display_time2,HandlingList,ListReferencing
py_display_time2,HandlingList,ReversingList
py_display_time2,AddingListElement,AddingListElementWithInsert
py_display_time2,AddingListElement,AddingListElementWithAppend
py_display_time2,HandlingFile,ClosingFile
py_display_time2,HandlingFile,ReadingLine
py_display_time2,HandlingFile,OpeningFile
py_display_time2,HandlingString,ReplacingStringContent
py_display_time2,HandlingString,TransformingToStringType
py_display_time2,HandlingString,SplittingString
py_bmi_calculator,ArithmeticOperation,FindAbsolute
py_bmi_calculator,ArithmeticOperation,FindRemainder
py_bmi_calculator,ArithmeticOperation,FindMaximum
py_bmi_calculator,ArithmeticOperation,Addition
py_bmi_calculator,ArithmeticOperation,Round
py_bmi_calculator,ArithmeticOperation,FindMinimum
py_bmi_calculator,ArithmeticOperation,Substraction
py_bmi_calculator,HandlingString,ReplacingStringContent
py_bmi_calculator,HandlingString,SplittingString
py_bmi_calculator2,Python,Concatenation
py_bmi_calculator2,WhileLoopWithUpdate,WhileLoopWithListIndexing
py_bmi_calculator2,WhileLoopWithUpdate,WhileLoopWith*=
py_bmi_calculator2,WhileLoopWithUpdate,WhileLoopWith+=
py_bmi_calculator2,ForLoopWithUpdate,ForLoopWith+=
py_bmi_calculator2,ForLoopWithUpdate,ForLoopWith*=
py_bmi_calculator2,ForLoopWithUpdate,ForLoopWithListIndexing
py_bmi_calculator2,NestedLoopIteration,NestedForLoopIteration
py_bmi_calculator2,NestedLoopIteration,NestedWhileLoopIteration
py_bmi_calculator2,ArithmeticOperation,FindAbsolute
py_bmi_calculator2,ArithmeticOperation,FindRemainder
py_bmi_calculator2,ArithmeticOperation,FindMaximum
py_bmi_calculator2,ArithmeticOperation,Addition
py_bmi_calculator2,ArithmeticOperation,FindMinimum
py_bmi_calculator2,ArithmeticOperation,Substraction
py_bmi_calculator2,HandlingInteger,TransformingToIntType
py_bmi_calculator2,HandlingTuple,CreatingTuple
py_bmi_calculator2,HandlingTuple,SlicingTuple
py_bmi_calculator2,HandlingTuple,IndexingTuple
py_bmi_calculator2,HandlingDictionary,ReplacingDictionaryElement
py_bmi_calculator2,HandlingDictionary,IndexingDictionary
py_bmi_calculator2,HandlingDictionary,AddingItemToDictionary
py_bmi_calculator2,HandlingDictionary,AccessingDictionary
py_bmi_calculator2,HandlingList,DeletingListElement
py_bmi_calculator2,HandlingList,IndexingList
py_bmi_calculator2,HandlingList,SlicingList
py_bmi_calculator2,HandlingList,ReplacingListElement
py_bmi_calculator2,HandlingList,ListReferencing
py_bmi_calculator2,HandlingList,ReversingList
py_bmi_calculator2,AddingListElement,AddingListElementWithInsert
py_bmi_calculator2,AddingListElement,AddingListElementWithAppend
py_bmi_calculator2,HandlingFile,ClosingFile
py_bmi_calculator2,HandlingFile,ReadingLine
py_bmi_calculator2,HandlingFile,OpeningFile
py_bmi_calculator2,HandlingString,ReplacingStringContent
py_bmi_calculator2,HandlingString,TransformingToStringType
py_bmi_calculator2,HandlingString,SplittingString
py_pythagorean_theorem,Python,CheckingForItem
py_pythagorean_theorem,WhileLoopWithUpdate,WhileLoopWithListIndexing
py_pythagorean_theorem,WhileLoopWithUpdate,WhileLoopWith*=
py_pythagorean_theorem,WhileLoopWithUpdate,WhileLoopWith+=
py_pythagorean_theorem,ForLoopWithUpdate,ForLoopWith+=
py_pythagorean_theorem,ForLoopWithUpdate,ForLoopWith*=
py_pythagorean_theorem,ForLoopWithUpdate,ForLoopWithListIndexing
py_pythagorean_theorem,NestedLoopIteration,NestedForLoopIteration
py_pythagorean_theorem,NestedLoopIteration,NestedWhileLoopIteration
py_pythagorean_theorem,ArithmeticOperation,FindAbsolute
py_pythagorean_theorem,ArithmeticOperation,FindRemainder
py_pythagorean_theorem,ArithmeticOperation,FindMaximum
py_pythagorean_theorem,ArithmeticOperation,Round
py_pythagorean_theorem,ArithmeticOperation,FindMinimum
py_pythagorean_theorem,ArithmeticOperation,Substraction
py_pythagorean_theorem,ArithmeticOperation,Division
py_pythagorean_theorem,ArithmeticOperation,Multiplication
py_pythagorean_theorem,HandlingTuple,CreatingTuple
py_pythagorean_theorem,HandlingTuple,SlicingTuple
py_pythagorean_theorem,HandlingTuple,IndexingTuple
py_pythagorean_theorem,HandlingDictionary,ReplacingDictionaryElement
py_pythagorean_theorem,HandlingDictionary,IndexingDictionary
py_pythagorean_theorem,HandlingDictionary,AddingItemToDictionary
py_pythagorean_theorem,HandlingList,DeletingListElement
py_pythagorean_theorem,HandlingList,SlicingList
py_pythagorean_theorem,HandlingList,ReplacingListElement
py_pythagorean_theorem,HandlingList,ListReferencing
py_pythagorean_theorem,HandlingList,ReversingList
py_pythagorean_theorem,AddingListElement,AddingListElementWithInsert
py_pythagorean_theorem,AddingListElement,AddingListElementWithAppend
py_pythagorean_theorem,HandlingFile,ClosingFile
py_pythagorean_theorem,HandlingFile,ReadingLine
py_pythagorean_theorem,HandlingFile,OpeningFile
py_pythagorean_theorem,HandlingString,ReplacingStringContent
py_pythagorean_theorem,HandlingString,SplittingString
py_pythagorean_theorem2,WhileLoopWithUpdate,WhileLoopWithListIndexing
py_pythagorean_theorem2,WhileLoopWithUpdate,WhileLoopWith*=
py_pythagorean_theorem2,WhileLoopWithUpdate,WhileLoopWith+=
py_pythagorean_theorem2,ForLoopWithUpdate,ForLoopWith+=
py_pythagorean_theorem2,ForLoopWithUpdate,ForLoopWith*=
py_pythagorean_theorem2,ForLoopWithUpdate,ForLoopWithListIndexing
py_pythagorean_theorem2,NestedLoopIteration,MixedNestedLoopIteration
py_pythagorean_theorem2,NestedLoopIteration,NestedForLoopIteration
py_pythagorean_theorem2,NestedLoopIteration,NestedWhileLoopIteration
py_pythagorean_theorem2,ArithmeticOperation,FindAbsolute
py_pythagorean_theorem2,ArithmeticOperation,FindRemainder
py_pythagorean_theorem2,ArithmeticOperation,FindMaximum
py_pythagorean_theorem2,ArithmeticOperation,Addition
py_pythagorean_theorem2,ArithmeticOperation,Round
py_pythagorean_theorem2,ArithmeticOperation,FindMinimum
py_pythagorean_theorem2,ArithmeticOperation,Division
py_pythagorean_theorem2,ArithmeticOperation,Multiplication
py_pythagorean_theorem2,HandlingInteger,TransformingToIntType
py_pythagorean_theorem2,HandlingTuple,CreatingTuple
py_pythagorean_theorem2,HandlingTuple,SlicingTuple
py_pythagorean_theorem2,HandlingTuple,IndexingTuple
py_pythagorean_theorem2,HandlingDictionary,ReplacingDictionaryElement
py_pythagorean_theorem2,HandlingDictionary,IndexingDictionary
py_pythagorean_theorem2,HandlingDictionary,AddingItemToDictionary
py_pythagorean_theorem2,HandlingDictionary,AccessingDictionary
py_pythagorean_theorem2,HandlingDictionary,CreatingDictionary
py_pythagorean_theorem2,HandlingList,DeletingListElement
py_pythagorean_theorem2,HandlingList,IndexingList
py_pythagorean_theorem2,HandlingList,CreatingList
py_pythagorean_theorem2,HandlingList,SlicingList
py_pythagorean_theorem2,HandlingList,ReplacingListElement
py_pythagorean_theorem2,HandlingList,ListReferencing
py_pythagorean_theorem2,HandlingList,ReversingList
py_pythagorean_theorem2,AddingListElement,AddingListElementWithInsert
py_pythagorean_theorem2,AddingListElement,AddingListElementWithAppend
py_pythagorean_theorem2,HandlingFile,ClosingFile
py_pythagorean_theorem2,HandlingFile,ReadingLine
py_pythagorean_theorem2,HandlingFile,OpeningFile
py_pythagorean_theorem2,HandlingString,ReplacingStringContent
py_pythagorean_theorem2,HandlingString,SplittingString
py_f_to_c_conversion,WhileLoopWithUpdate,WhileLoopWithListIndexing
py_f_to_c_conversion,WhileLoopWithUpdate,WhileLoopWith*=
py_f_to_c_conversion,WhileLoopWithUpdate,WhileLoopWith+=
py_f_to_c_conversion,ForLoopWithUpdate,ForLoopWith*=
py_f_to_c_conversion,ForLoopWithUpdate,ForLoopWithListIndexing
py_f_to_c_conversion,NestedLoopIteration,NestedForLoopIteration
py_f_to_c_conversion,NestedLoopIteration,NestedWhileLoopIteration
py_f_to_c_conversion,ArithmeticOperation,FindAbsolute
py_f_to_c_conversion,ArithmeticOperation,FindRemainder
py_f_to_c_conversion,ArithmeticOperation,FindMaximum
py_f_to_c_conversion,ArithmeticOperation,Round
py_f_to_c_conversion,ArithmeticOperation,Power
py_f_to_c_conversion,ArithmeticOperation,FindMinimum
py_f_to_c_conversion,ArithmeticOperation,Substraction
py_f_to_c_conversion,HandlingTuple,CreatingTuple
py_f_to_c_conversion,HandlingTuple,SlicingTuple
py_f_to_c_conversion,HandlingTuple,IndexingTuple
py_f_to_c_conversion,HandlingFloat,TransformingToFloatType
py_f_to_c_conversion,HandlingDictionary,ReplacingDictionaryElement
py_f_to_c_conversion,HandlingDictionary,IndexingDictionary
py_f_to_c_conversion,HandlingDictionary,AddingItemToDictionary
py_f_to_c_conversion,HandlingList,DeletingListElement
py_f_to_c_conversion,HandlingList,SlicingList
py_f_to_c_conversion,HandlingList,ListReferencing
py_f_to_c_conversion,HandlingList,ReversingList
py_f_to_c_conversion,AddingListElement,AddingListElementWithInsert
py_f_to_c_conversion,AddingListElement,AddingListElementWithAppend
py_f_to_c_conversion,HandlingString,ReplacingStringContent
py_f_to_c_conversion,HandlingString,SplittingString
py_fahrenheit_to_celsius,Python,CheckingForItem
py_fahrenheit_to_celsius,ManagingVariable,AssigningVariable
py_fahrenheit_to_celsius,ManagingVariable,UpdatingVariable
py_fahrenheit_to_celsius,WhileLoopWithUpdate,WhileLoopWithListIndexing
py_fahrenheit_to_celsius,WhileLoopWithUpdate,WhileLoopWith*=
py_fahrenheit_to_celsius,WhileLoopWithUpdate,WhileLoopWith+=
py_fahrenheit_to_celsius,ForLoopWithUpdate,ForLoopWith+=
py_fahrenheit_to_celsius,ForLoopWithUpdate,ForLoopWith*=
py_fahrenheit_to_celsius,ForLoopWithUpdate,ForLoopWithListIndexing
py_fahrenheit_to_celsius,ArithmeticOperation,FindAbsolute
py_fahrenheit_to_celsius,ArithmeticOperation,FindRemainder
py_fahrenheit_to_celsius,ArithmeticOperation,FindMaximum
py_fahrenheit_to_celsius,ArithmeticOperation,Addition
py_fahrenheit_to_celsius,ArithmeticOperation,Round
py_fahrenheit_to_celsius,ArithmeticOperation,Power
py_fahrenheit_to_celsius,ArithmeticOperation,FindMinimum
py_fahrenheit_to_celsius,ArithmeticOperation,Division
py_fahrenheit_to_celsius,HandlingTuple,CreatingTuple
py_fahrenheit_to_celsius,HandlingTuple,SlicingTuple
py_fahrenheit_to_celsius,HandlingTuple,IndexingTuple
py_fahrenheit_to_celsius,HandlingFloat,TransformingToFloatType
py_fahrenheit_to_celsius,HandlingDictionary,ReplacingDictionaryElement
py_fahrenheit_to_celsius,HandlingDictionary,IndexingDictionary
py_fahrenheit_to_celsius,HandlingDictionary,AddingItemToDictionary
py_fahrenheit_to_celsius,HandlingDictionary,AccessingDictionary
py_fahrenheit_to_celsius,HandlingDictionary,CreatingDictionary
py_fahrenheit_to_celsius,HandlingList,DeletingListElement
py_fahrenheit_to_celsius,HandlingList,IndexingList
py_fahrenheit_to_celsius,HandlingList,CreatingList
py_fahrenheit_to_celsius,HandlingList,SlicingList
py_fahrenheit_to_celsius,HandlingList,ReplacingListElement
py_fahrenheit_to_celsius,HandlingList,ListReferencing
py_fahrenheit_to_celsius,HandlingList,ReversingList
py_fahrenheit_to_celsius,AddingListElement,AddingListElementWithInsert
py_fahrenheit_to_celsius,AddingListElement,AddingListElementWithAppend
py_fahrenheit_to_celsius,HandlingFile,ClosingFile
py_fahrenheit_to_celsius,HandlingFile,ReadingLine
py_fahrenheit_to_celsius,HandlingFile,OpeningFile
py_fahrenheit_to_celsius,HandlingString,ReplacingStringContent
py_fahrenheit_to_celsius,HandlingString,SplittingString
py_vending_machine,ArithmeticOperation,FindAbsolute
py_vending_machine,ArithmeticOperation,FindMaximum
py_vending_machine,ArithmeticOperation,Addition
py_vending_machine,ArithmeticOperation,Round
py_vending_machine,ArithmeticOperation,Power
py_vending_machine,ArithmeticOperation,FindMinimum
py_vending_machine,ArithmeticOperation,Substraction
py_vending_machine,HandlingDictionary,ReplacingDictionaryElement
py_vending_machine,HandlingDictionary,IndexingDictionary
py_vending_machine,HandlingDictionary,AddingItemToDictionary
py_vending_machine,HandlingList,SlicingList
py_vending_machine,HandlingList,ListReferencing
py_vending_machine,HandlingString,ReplacingStringContent
py_vending_machine,HandlingString,SplittingString
py_vending_machine2,WhileLoopWithUpdate,WhileLoopWithListIndexing
py_vending_machine2,WhileLoopWithUpdate,WhileLoopWith*=
py_vending_machine2,WhileLoopWithUpdate,WhileLoopWith+=
py_vending_machine2,ForLoopWithUpdate,ForLoopWith+=
py_vending_machine2,ForLoopWithUpdate,ForLoopWith*=
py_vending_machine2,ForLoopWithUpdate,ForLoopWithListIndexing
py_vending_machine2,NestedLoopIteration,NestedForLoopIteration
py_vending_machine2,NestedLoopIteration,NestedWhileLoopIteration
py_vending_machine2,ArithmeticOperation,FindAbsolute
py_vending_machine2,ArithmeticOperation,FindMaximum
py_vending_machine2,ArithmeticOperation,Round
py_vending_machine2,ArithmeticOperation,Power
py_vending_machine2,ArithmeticOperation,FindMinimum
py_vending_machine2,HandlingTuple,SlicingTuple
py_vending_machine2,HandlingDictionary,ReplacingDictionaryElement
py_vending_machine2,HandlingDictionary,IndexingDictionary
py_vending_machine2,HandlingDictionary,AddingItemToDictionary
py_vending_machine2,HandlingList,DeletingListElement
py_vending_machine2,HandlingList,SlicingList
py_vending_machine2,HandlingList,ReplacingListElement
py_vending_machine2,HandlingList,ListReferencing
py_vending_machine2,HandlingList,ReversingList
py_vending_machine2,AddingListElement,AddingListElementWithInsert
py_vending_machine2,AddingListElement,AddingListElementWithAppend
py_vending_machine2,HandlingString,TransformingToStringType
py_nested_if_min_max,WhileLoopWithUpdate,WhileLoopWithListIndexing
py_nested_if_min_max,WhileLoopWithUpdate,WhileLoopWith*=
py_nested_if_min_max,WhileLoopWithUpdate,WhileLoopWith+=
py_nested_if_min_max,ForLoopWithUpdate,ForLoopWith+=
py_nested_if_min_max,ForLoopWithUpdate,ForLoopWith*=
py_nested_if_min_max,ForLoopWithUpdate,ForLoopWithListIndexing
py_nested_if_min_max,ArithmeticOperation,FindAbsolute
py_nested_if_min_max,ArithmeticOperation,FindRemainder
py_nested_if_min_max,ArithmeticOperation,Round
py_nested_if_min_max,ArithmeticOperation,Power
py_nested_if_min_max,HandlingFloat,TransformingToFloatType
py_nested_if_min_max,HandlingDictionary,ReplacingDictionaryElement
py_nested_if_min_max,HandlingDictionary,IndexingDictionary
py_nested_if_min_max,HandlingDictionary,AddingItemToDictionary
py_nested_if_min_max,HandlingList,DeletingListElement
py_nested_if_min_max,HandlingList,SlicingList
py_nested_if_min_max,HandlingList,ReplacingListElement
py_nested_if_min_max,HandlingList,ListReferencing
py_nested_if_min_max,HandlingList,ReversingList
py_nested_if_min_max,AddingListElement,AddingListElementWithInsert
py_nested_if_min_max,AddingListElement,AddingListElementWithAppend
py_nested_if_min_max,HandlingString,ReplacingStringContent
py_nested_if_min_max,HandlingString,SplittingString
py_nested_if_max_of_three,WhileLoopWithUpdate,WhileLoopWithListIndexing
py_nested_if_max_of_three,WhileLoopWithUpdate,WhileLoopWith*=
py_nested_if_max_of_three,WhileLoopWithUpdate,WhileLoopWith+=
py_nested_if_max_of_three,ForLoopWithUpdate,ForLoopWith+=
py_nested_if_max_of_three,ForLoopWithUpdate,ForLoopWith*=
py_nested_if_max_of_three,ForLoopWithUpdate,ForLoopWithListIndexing
py_nested_if_max_of_three,ArithmeticOperation,FindAbsolute
py_nested_if_max_of_three,ArithmeticOperation,Round
py_nested_if_max_of_three,ArithmeticOperation,Power
py_nested_if_max_of_three,ArithmeticOperation,FindMinimum
py_nested_if_max_of_three,HandlingFloat,TransformingToFloatType
py_nested_if_max_of_three,HandlingDictionary,ReplacingDictionaryElement
py_nested_if_max_of_three,HandlingDictionary,IndexingDictionary
py_nested_if_max_of_three,HandlingDictionary,AddingItemToDictionary
py_nested_if_max_of_three,HandlingList,SlicingList
py_nested_if_max_of_three,HandlingList,ListReferencing
py_nested_if_max_of_three,HandlingList,ReversingList
py_nested_if_max_of_three,HandlingString,ReplacingStringContent
py_nested_if_max_of_three,HandlingString,SplittingString
py_nested_if_temperature,WhileLoopWithUpdate,WhileLoopWithListIndexing
py_nested_if_temperature,WhileLoopWithUpdate,WhileLoopWith*=
py_nested_if_temperature,WhileLoopWithUpdate,WhileLoopWith+=
py_nested_if_temperature,ForLoopWithUpdate,ForLoopWith+=
py_nested_if_temperature,ForLoopWithUpdate,ForLoopWith*=
py_nested_if_temperature,ForLoopWithUpdate,ForLoopWithListIndexing
py_nested_if_temperature,NestedLoopIteration,NestedForLoopIteration
py_nested_if_temperature,NestedLoopIteration,NestedWhileLoopIteration
py_nested_if_temperature,ArithmeticOperation,FindAbsolute
py_nested_if_temperature,ArithmeticOperation,FindRemainder
py_nested_if_temperature,ArithmeticOperation,Addition
py_nested_if_temperature,ArithmeticOperation,Round
py_nested_if_temperature,ArithmeticOperation,Power
py_nested_if_temperature,ArithmeticOperation,Substraction
py_nested_if_temperature,ArithmeticOperation,Division
py_nested_if_temperature,ArithmeticOperation,Multiplication
py_nested_if_temperature,HandlingTuple,CreatingTuple
py_nested_if_temperature,HandlingTuple,SlicingTuple
py_nested_if_temperature,HandlingTuple,IndexingTuple
py_nested_if_temperature,HandlingDictionary,IndexingDictionary
py_nested_if_temperature,HandlingList,SlicingList
py_nested_if_temperature,AddingListElement,AddingListElementWithInsert
py_nested_if_temperature,AddingListElement,AddingListElementWithAppend
py_nested_if_temperature,HandlingString,TransformingToStringType
py_nested_if_temperature2,WhileLoopWithUpdate,WhileLoopWithListIndexing
py_nested_if_temperature2,WhileLoopWithUpdate,WhileLoopWith*=
py_nested_if_temperature2,WhileLoopWithUpdate,WhileLoopWith+=
py_nested_if_temperature2,ForLoopWithUpdate,ForLoopWith+=
py_nested_if_temperature2,ForLoopWithUpdate,ForLoopWith*=
py_nested_if_temperature2,ForLoopWithUpdate,ForLoopWithListIndexing
py_nested_if_temperature2,NestedLoopIteration,NestedForLoopIteration
py_nested_if_temperature2,NestedLoopIteration,NestedWhileLoopIteration
py_nested_if_temperature2,ArithmeticOperation,FindAbsolute
py_nested_if_temperature2,ArithmeticOperation,FindRemainder
py_nested_if_temperature2,ArithmeticOperation,Round
py_nested_if_temperature2,ArithmeticOperation,Power
py_nested_if_temperature2,HandlingInteger,TransformingToIntType
py_nested_if_temperature2,HandlingTuple,SlicingTuple
py_nested_if_temperature2,HandlingDictionary,ReplacingDictionaryElement
py_nested_if_temperature2,HandlingDictionary,IndexingDictionary
py_nested_if_temperature2,HandlingDictionary,AddingItemToDictionary
py_nested_if_temperature2,HandlingList,DeletingListElement
py_nested_if_temperature2,HandlingList,SlicingList
py_nested_if_temperature2,HandlingList,ReplacingListElement
py_nested_if_temperature2,HandlingList,ListReferencing
py_nested_if_temperature2,HandlingList,ReversingList
py_nested_if_temperature2,AddingListElement,AddingListElementWithInsert
py_nested_if_temperature2,AddingListElement,AddingListElementWithAppend
py_nested_if_temperature2,HandlingString,TransformingToStringType
py_if_else_grade,CheckingCondition,AssertChecking
py_if_else_grade,WhileLoopWithUpdate,WhileLoopWithListIndexing
py_if_else_grade,WhileLoopWithUpdate,WhileLoopWith*=
py_if_else_grade,WhileLoopWithUpdate,WhileLoopWith+=
py_if_else_grade,ForLoopWithUpdate,ForLoopWith+=
py_if_else_grade,ForLoopWithUpdate,ForLoopWith*=
py_if_else_grade,ForLoopWithUpdate,ForLoopWithListIndexing
py_if_else_grade,NestedLoopIteration,NestedForLoopIteration
py_if_else_grade,NestedLoopIteration,NestedWhileLoopIteration
py_if_else_grade,ArithmeticOperation,FindAbsolute
py_if_else_grade,ArithmeticOperation,FindRemainder
py_if_else_grade,ArithmeticOperation,Round
py_if_else_grade,ArithmeticOperation,Power
py_if_else_grade,ArithmeticOperation,FindMinimum
py_if_else_grade,HandlingTuple,CreatingTuple
py_if_else_grade,HandlingTuple,SlicingTuple
py_if_else_grade,HandlingTuple,IndexingTuple
py_if_else_grade,HandlingFloat,TransformingToFloatType
py_if_else_grade,HandlingDictionary,ReplacingDictionaryElement
py_if_else_grade,HandlingDictionary,IndexingDictionary
py_if_else_grade,HandlingDictionary,AddingItemToDictionary
py_if_else_grade,HandlingDictionary,AccessingDictionary
py_if_else_grade,HandlingList,DeletingListElement
py_if_else_grade,HandlingList,IndexingList
py_if_else_grade,HandlingList,SlicingList
py_if_else_grade,HandlingList,ReplacingListElement
py_if_else_grade,HandlingList,ListReferencing
py_if_else_grade,HandlingList,ReversingList
py_if_else_grade,AddingListElement,AddingListElementWithInsert
py_if_else_grade,AddingListElement,AddingListElementWithAppend
py_if_else_grade,HandlingString,ReplacingStringContent
py_if_else_grade,HandlingString,SplittingString
py_ifelseif_grade2,NestedLoopIteration,NestedForLoopIteration
py_ifelseif_grade2,NestedLoopIteration,NestedWhileLoopIteration
py_ifelseif_grade2,ArithmeticOperation,FindAbsolute
py_ifelseif_grade2,HandlingDictionary,IndexingDictionary
py_ifelseif_grade2,HandlingList,SlicingList
py_ifelseif_grade2,HandlingList,ListReferencing
py_ifelseif_grade2,HandlingString,ReplacingStringContent
py_ifelseif_grade2,HandlingString,SplittingString
q_py_topic_dictionary:q_py_dict_access1,WhileLoopWithUpdate,WhileLoopWithListIndexing
q_py_topic_dictionary:q_py_dict_access1,WhileLoopWithUpdate,WhileLoopWith*=
q_py_topic_dictionary:q_py_dict_access1,WhileLoopWithUpdate,WhileLoopWith+=
q_py_topic_dictionary:q_py_dict_access1,ForLoopWithUpdate,ForLoopWith+=
q_py_topic_dictionary:q_py_dict_access1,ForLoopWithUpdate,ForLoopWith*=
q_py_topic_dictionary:q_py_dict_access1,ForLoopWithUpdate,ForLoopWithListIndexing
q_py_topic_dictionary:q_py_dict_access1,NestedLoopIteration,NestedForLoopIteration
q_py_topic_dictionary:q_py_dict_access1,NestedLoopIteration,NestedWhileLoopIteration
q_py_topic_dictionary:q_py_dict_access1,ArithmeticOperation,FindAbsolute
q_py_topic_dictionary:q_py_dict_access1,ArithmeticOperation,FindRemainder
q_py_topic_dictionary:q_py_dict_access1,ArithmeticOperation,FindMaximum
q_py_topic_dictionary:q_py_dict_access1,ArithmeticOperation,Round
q_py_topic_dictionary:q_py_dict_access1,ArithmeticOperation,Power
q_py_topic_dictionary:q_py_dict_access1,ArithmeticOperation,FindMinimum
q_py_topic_dictionary:q_py_dict_access1,ArithmeticOperation,Substraction
q_py_topic_dictionary:q_py_dict_access1,ArithmeticOperation,Division
q_py_topic_dictionary:q_py_dict_access1,ArithmeticOperation,Multiplication
q_py_topic_dictionary:q_py_dict_access1,HandlingInteger,TransformingToIntType
q_py_topic_dictionary:q_py_dict_access1,HandlingTuple,CreatingTuple
q_py_topic_dictionary:q_py_dict_access1,HandlingTuple,SlicingTuple
q_py_topic_dictionary:q_py_dict_access1,HandlingTuple,IndexingTuple
q_py_topic_dictionary:q_py_dict_access1,HandlingFloat,TransformingToFloatType
q_py_topic_dictionary:q_py_dict_access1,HandlingDictionary,ReplacingDictionaryElement
q_py_topic_dictionary:q_py_dict_access1,HandlingDictionary,AddingItemToDictionary
q_py_topic_dictionary:q_py_dict_access1,HandlingList,DeletingListElement
q_py_topic_dictionary:q_py_dict_access1,HandlingList,CreatingList
q_py_topic_dictionary:q_py_dict_access1,HandlingList,SlicingList
q_py_topic_dictionary:q_py_dict_access1,HandlingList,ReplacingListElement
q_py_topic_dictionary:q_py_dict_access1,HandlingList,ListReferencing
q_py_topic_dictionary:q_py_dict_access1,HandlingList,ReversingList
q_py_topic_dictionary:q_py_dict_access1,AddingListElement,AddingListElementWithInsert
q_py_topic_dictionary:q_py_dict_access1,AddingListElement,AddingListElementWithAppend
q_py_topic_dictionary:q_py_dict_access1,HandlingFile,ClosingFile
q_py_topic_dictionary:q_py_dict_access1,HandlingFile,ReadingLine
q_py_topic_dictionary:q_py_dict_access1,HandlingFile,OpeningFile
q_py_topic_dictionary:q_py_dict_access1,HandlingString,ReplacingStringContent
q_py_topic_dictionary:q_py_dict_access1,HandlingString,FormattingString
q_py_topic_dictionary:q_py_dict_access1,HandlingString,TransformingToStringType
q_py_topic_dictionary:q_py_dict_access1,HandlingString,SplittingString
q_py_topic_dictionary:q_py_dict_access2,NonNestedIteration,SingleWhileLoopIteration
q_py_topic_dictionary:q_py_dict_access2,WhileLoopWithUpdate,WhileLoopWithListIndexing
q_py_topic_dictionary:q_py_dict_access2,WhileLoopWithUpdate,WhileLoopWith*=
q_py_topic_dictionary:q_py_dict_access2,WhileLoopWithUpdate,WhileLoopWith+=
q_py_topic_dictionary:q_py_dict_access2,ForLoopWithUpdate,ForLoopWith+=
q_py_topic_dictionary:q_py_dict_access2,ForLoopWithUpdate,ForLoopWith*=
q_py_topic_dictionary:q_py_dict_access2,ForLoopWithUpdate,ForLoopWithListIndexing
q_py_topic_dictionary:q_py_dict_access2,NestedLoopIteration,MixedNestedLoopIteration
q_py_topic_dictionary:q_py_dict_access2,NestedLoopIteration,NestedForLoopIteration
q_py_topic_dictionary:q_py_dict_access2,NestedLoopIteration,NestedWhileLoopIteration
q_py_topic_dictionary:q_py_dict_access2,ArithmeticOperation,FindAbsolute
q_py_topic_dictionary:q_py_dict_access2,ArithmeticOperation,FindRemainder
q_py_topic_dictionary:q_py_dict_access2,ArithmeticOperation,FindMaximum
q_py_topic_dictionary:q_py_dict_access2,ArithmeticOperation,Round
q_py_topic_dictionary:q_py_dict_access2,ArithmeticOperation,Power
q_py_topic_dictionary:q_py_dict_access2,ArithmeticOperation,FindMinimum
q_py_topic_dictionary:q_py_dict_access2,ArithmeticOperation,Division
q_py_topic_dictionary:q_py_dict_access2,ArithmeticOperation,Multiplication
q_py_topic_dictionary:q_py_dict_access2,HandlingInteger,TransformingToIntType
q_py_topic_dictionary:q_py_dict_access2,HandlingTuple,CreatingTuple
q_py_topic_dictionary:q_py_dict_access2,HandlingTuple,SlicingTuple
q_py_topic_dictionary:q_py_dict_access2,HandlingTuple,IndexingTuple
q_py_topic_dictionary:q_py_dict_access2,HandlingFloat,TransformingToFloatType
q_py_topic_dictionary:q_py_dict_access2,HandlingDictionary,IndexingDictionary
q_py_topic_dictionary:q_py_dict_access2,HandlingDictionary,CreatingDictionary
q_py_topic_dictionary:q_py_dict_access2,HandlingList,DeletingListElement
q_py_topic_dictionary:q_py_dict_access2,HandlingList,IndexingList
q_py_topic_dictionary:q_py_dict_access2,HandlingList,CreatingList
q_py_topic_dictionary:q_py_dict_access2,HandlingList,SlicingList
q_py_topic_dictionary:q_py_dict_access2,HandlingList,ReplacingListElement
q_py_topic_dictionary:q_py_dict_access2,HandlingList,ListReferencing
q_py_topic_dictionary:q_py_dict_access2,HandlingList,ReversingList
q_py_topic_dictionary:q_py_dict_access2,AddingListElement,AddingListElementWithInsert
q_py_topic_dictionary:q_py_dict_access2,AddingListElement,AddingListElementWithAppend
q_py_topic_dictionary:q_py_dict_access2,HandlingFile,ClosingFile
q_py_topic_dictionary:q_py_dict_access2,HandlingFile,ReadingLine
q_py_topic_dictionary:q_py_dict_access2,HandlingFile,OpeningFile
q_py_topic_dictionary:q_py_dict_access2,HandlingString,CreatingString
q_py_topic_dictionary:q_py_dict_access2,HandlingString,ReplacingStringContent
q_py_topic_dictionary:q_py_dict_access2,HandlingString,FormattingString
q_py_topic_dictionary:q_py_dict_access2,HandlingString,TransformingToStringType
q_py_topic_dictionary:q_py_dict_access2,HandlingString,SplittingString
q_py_topic_exceptions:q_py_exception_assertion,NonNestedIteration,SingleWhileLoopIteration
q_py_topic_exceptions:q_py_exception_assertion,HandlingFloat,TransformingToFloatType
q_py_topic_exceptions:q_py_exception_assertion,HandlingDictionary,ReplacingDictionaryElement
q_py_topic_exceptions:q_py_exception_assertion,HandlingDictionary,IndexingDictionary
q_py_topic_exceptions:q_py_exception_assertion,HandlingDictionary,AddingItemToDictionary
q_py_topic_exceptions:q_py_exception_assertion,HandlingDictionary,AccessingDictionary
q_py_topic_exceptions:q_py_exception_assertion,HandlingList,SlicingList
q_py_topic_exceptions:q_py_exception_assertion,HandlingList,ReversingList
q_py_topic_exceptions:q_py_exception_assertion,AddingListElement,AddingListElementWithInsert
q_py_topic_exceptions:q_py_exception_assertion,AddingListElement,AddingListElementWithAppend
q_py_topic_exceptions:q_py_exception_assertion,HandlingString,TransformingToStringType
q_py_topic_exceptions:q_py_exceptions_addarr,NonNestedIteration,SingleWhileLoopIteration
q_py_topic_exceptions:q_py_exceptions_addarr,HandlingTuple,SlicingTuple
q_py_topic_exceptions:q_py_exceptions_addarr,HandlingTuple,IndexingTuple
q_py_topic_exceptions:q_py_exceptions_addarr,HandlingFloat,TransformingToFloatType
q_py_topic_exceptions:q_py_exceptions_addarr,HandlingDictionary,IndexingDictionary
q_py_topic_exceptions:q_py_exceptions_addarr,HandlingList,SlicingList
q_py_topic_exceptions:q_py_exceptions_addarr,AddingListElement,AddingListElementWithInsert
q_py_topic_exceptions:q_py_exceptions_addarr,AddingListElement,AddingListElementWithAppend
q_py_topic_exceptions:q_py_exceptions_addarr,HandlingString,CreatingString
q_py_topic_exceptions:q_py_exceptions_addarr,HandlingString,ReplacingStringContent
q_py_topic_exceptions:q_py_list_except1,ForLoopWithUpdate,ForLoopWithListIndexing
q_py_topic_exceptions:q_py_list_except1,ArithmeticOperation,FindAbsolute
q_py_topic_exceptions:q_py_list_except1,ArithmeticOperation,FindRemainder
q_py_topic_exceptions:q_py_list_except1,ArithmeticOperation,FindMaximum
q_py_topic_exceptions:q_py_list_except1,ArithmeticOperation,Round
q_py_topic_exceptions:q_py_list_except1,ArithmeticOperation,Power
q_py_topic_exceptions:q_py_list_except1,ArithmeticOperation,FindMinimum
q_py_topic_exceptions:q_py_list_except1,ArithmeticOperation,Substraction
q_py_topic_exceptions:q_py_list_except1,ArithmeticOperation,Division
q_py_topic_exceptions:q_py_list_except1,ArithmeticOperation,Multiplication
q_py_topic_exceptions:q_py_list_except1,HandlingFloat,TransformingToFloatType
q_py_topic_exceptions:q_py_list_except1,HandlingDictionary,CreatingDictionary
q_py_topic_exceptions:q_py_list_except1,HandlingList,SlicingList
q_py_topic_exceptions:q_py_list_except1,HandlingList,ReversingList
q_py_topic_exceptions:q_py_list_except1,AddingListElement,AddingListElementWithInsert
q_py_topic_exceptions:q_py_list_except1,AddingListElement,AddingListElementWithAppend
q_py_topic_exceptions:q_py_value_except1,NestedLoopIteration,NestedForLoopIteration
q_py_topic_exceptions:q_py_value_except1,NestedLoopIteration,NestedWhileLoopIteration
q_py_topic_exceptions:q_py_value_except1,ArithmeticOperation,FindAbsolute
q_py_topic_exceptions:q_py_value_except1,HandlingTuple,CreatingTuple
q_py_topic_exceptions:q_py_value_except1,HandlingTuple,SlicingTuple
q_py_topic_exceptions:q_py_value_except1,HandlingTuple,IndexingTuple
q_py_topic_exceptions:q_py_value_except1,HandlingFloat,TransformingToFloatType
q_py_topic_exceptions:q_py_value_except1,HandlingDictionary,IndexingDictionary
q_py_topic_exceptions:q_py_value_except1,HandlingList,SlicingList
q_py_topic_exceptions:q_py_value_except1,HandlingList,ReversingList
q_py_topic_exceptions:q_py_value_except1,AddingListElement,AddingListElementWithInsert
q_py_topic_exceptions:q_py_value_except1,AddingListElement,AddingListElementWithAppend
q_py_topic_exceptions:q_py_value_except1,HandlingString,ReplacingStringContent
q_py_topic_exceptions:q_py_value_except1,HandlingString,SplittingString
q_py_topic_file_processing:q_py_file1,Python,HandlingInput
q_py_topic_file_processing:q_py_file1,WhileLoopWithUpdate,WhileLoopWithListIndexing
q_py_topic_file_processing:q_py_file1,WhileLoopWithUpdate,WhileLoopWith*=
q_py_topic_file_processing:q_py_file1,WhileLoopWithUpdate,WhileLoopWith+=
q_py_topic_file_processing:q_py_file1,ForLoopWithUpdate,ForLoopWith+=
q_py_topic_file_processing:q_py_file1,ForLoopWithUpdate,ForLoopWith*=
q_py_topic_file_processing:q_py_file1,ForLoopWithUpdate,ForLoopWithListIndexing
q_py_topic_file_processing:q_py_file1,NestedLoopIteration,MixedNestedLoopIteration
q_py_topic_file_processing:q_py_file1,NestedLoopIteration,NestedForLoopIteration
q_py_topic_file_processing:q_py_file1,NestedLoopIteration,NestedWhileLoopIteration
q_py_topic_file_processing:q_py_file1,ArithmeticOperation,FindAbsolute
q_py_topic_file_processing:q_py_file1,ArithmeticOperation,FindRemainder
q_py_topic_file_processing:q_py_file1,ArithmeticOperation,FindMaximum
q_py_topic_file_processing:q_py_file1,ArithmeticOperation,Round
q_py_topic_file_processing:q_py_file1,ArithmeticOperation,Power
q_py_topic_file_processing:q_py_file1,ArithmeticOperation,FindMinimum
q_py_topic_file_processing:q_py_file1,ArithmeticOperation,Substraction
q_py_topic_file_processing:q_py_file1,ArithmeticOperation,Division
q_py_topic_file_processing:q_py_file1,ArithmeticOperation,Multiplication
q_py_topic_file_processing:q_py_file1,HandlingInteger,TransformingToIntType
q_py_topic_file_processing:q_py_file1,HandlingTuple,CreatingTuple
q_py_topic_file_processing:q_py_file1,HandlingTuple,SlicingTuple
q_py_topic_file_processing:q_py_file1,HandlingTuple,IndexingTuple
q_py_topic_file_processing:q_py_file1,HandlingFloat,TransformingToFloatType
q_py_topic_file_processing:q_py_file1,HandlingDictionary,ReplacingDictionaryElement
q_py_topic_file_processing:q_py_file1,HandlingDictionary,IndexingDictionary
q_py_topic_file_processing:q_py_file1,HandlingDictionary,AddingItemToDictionary
q_py_topic_file_processing:q_py_file1,HandlingDictionary,AccessingDictionary
q_py_topic_file_processing:q_py_file1,HandlingList,DeletingListElement
q_py_topic_file_processing:q_py_file1,HandlingList,IndexingList
q_py_topic_file_processing:q_py_file1,HandlingList,SlicingList
q_py_topic_file_processing:q_py_file1,HandlingList,ReplacingListElement
q_py_topic_file_processing:q_py_file1,HandlingList,ListReferencing
q_py_topic_file_processing:q_py_file1,HandlingList,ReversingList
q_py_topic_file_processing:q_py_file1,AddingListElement,AddingListElementWithInsert
q_py_topic_file_processing:q_py_file1,AddingListElement,AddingListElementWithAppend
q_py_topic_file_processing:q_py_file1,HandlingString,ReplacingStringContent
q_py_topic_file_processing:q_py_file1,HandlingString,FormattingString
q_py_topic_file_processing:q_py_file1,HandlingString,TransformingToStringType
q_py_topic_file_processing:q_py_file1,HandlingString,SplittingString
q_py_topic_functions:q_py_fun_car1,WhileLoopWithUpdate,WhileLoopWithListIndexing
q_py_topic_functions:q_py_fun_car1,WhileLoopWithUpdate,WhileLoopWith*=
q_py_topic_functions:q_py_fun_car1,ForLoopWithUpdate,ForLoopWith*=
q_py_topic_functions:q_py_fun_car1,ForLoopWithUpdate,ForLoopWithListIndexing
q_py_topic_functions:q_py_fun_car1,NestedLoopIteration,MixedNestedLoopIteration
q_py_topic_functions:q_py_fun_car1,NestedLoopIteration,NestedForLoopIteration
q_py_topic_functions:q_py_fun_car1,NestedLoopIteration,NestedWhileLoopIteration
q_py_topic_functions:q_py_fun_car1,ArithmeticOperation,FindAbsolute
q_py_topic_functions:q_py_fun_car1,ArithmeticOperation,FindRemainder
q_py_topic_functions:q_py_fun_car1,ArithmeticOperation,FindMaximum
q_py_topic_functions:q_py_fun_car1,ArithmeticOperation,Round
q_py_topic_functions:q_py_fun_car1,ArithmeticOperation,Power
q_py_topic_functions:q_py_fun_car1,ArithmeticOperation,Division
q_py_topic_functions:q_py_fun_car1,ArithmeticOperation,Multiplication
q_py_topic_functions:q_py_fun_car1,HandlingTuple,CreatingTuple
q_py_topic_functions:q_py_fun_car1,HandlingTuple,SlicingTuple
q_py_topic_functions:q_py_fun_car1,HandlingTuple,IndexingTuple
q_py_topic_functions:q_py_fun_car1,HandlingFloat,TransformingToFloatType
q_py_topic_functions:q_py_fun_car1,HandlingDictionary,IndexingDictionary
q_py_topic_functions:q_py_fun_car1,HandlingList,DeletingListElement
q_py_topic_functions:q_py_fun_car1,HandlingList,SlicingList
q_py_topic_functions:q_py_fun_car1,HandlingList,ReversingList
q_py_topic_functions:q_py_fun_car1,AddingListElement,AddingListElementWithInsert
q_py_topic_functions:q_py_fun_car1,AddingListElement,AddingListElementWithAppend
q_py_topic_functions:q_py_fun_car1,HandlingFile,ClosingFile
q_py_topic_functions:q_py_fun_car1,HandlingFile,ReadingLine
q_py_topic_functions:q_py_fun_car1,HandlingFile,OpeningFile
q_py_topic_functions:q_py_fun_car1,HandlingString,ReplacingStringContent
q_py_topic_functions:q_py_fun_car1,HandlingString,TransformingToStringType
q_py_topic_functions:q_py_fun_car2,ArithmeticOperation,FindAbsolute
q_py_topic_functions:q_py_fun_car2,HandlingDictionary,IndexingDictionary
q_py_topic_functions:q_py_fun_car2,HandlingDictionary,CreatingDictionary
q_py_topic_functions:q_py_fun_car2,HandlingList,DeletingListElement
q_py_topic_functions:q_py_fun_car2,HandlingList,SlicingList
q_py_topic_if_statement:q_py_if_elif1,Python,CheckingForItem
q_py_topic_if_statement:q_py_if_elif1,CheckingCondition,AssertChecking
q_py_topic_if_statement:q_py_if_elif1,CheckingInForLoop,IfElseCheckingInForLoop
q_py_topic_if_statement:q_py_if_elif1,CheckingInForLoop,IfElifCheckingInForLoop
q_py_topic_if_statement:q_py_if_elif1,CheckingInForLoop,IfCheckingInForLoop
q_py_topic_if_statement:q_py_if_elif1,CheckingInForLoop,IfElifElseCheckingInForLoop
q_py_topic_if_statement:q_py_if_elif1,CheckingInWhileLoop,IfElifElseCheckingInWhileLoop
q_py_topic_if_statement:q_py_if_elif1,CheckingInWhileLoop,IfCheckingInWhileLoop
q_py_topic_if_statement:q_py_if_elif1,CheckingInWhileLoop,IfElseCheckingInWhileLoop
q_py_topic_if_statement:q_py_if_elif1,CheckingInWhileLoop,IfElifCheckingInWhileLoop
q_py_topic_if_statement:q_py_if_elif1,ManagingVariable,SwappingVariablesValue
q_py_topic_if_statement:q_py_if_elif1,HandlingAdvancedDataStructure,BinaryTreeTask
q_py_topic_if_statement:q_py_if_elif1,HandlingAdvancedDataStructure,LinkedListTask
q_py_topic_if_statement:q_py_if_elif1,HandlingAdvancedDataStructure,QueueTask
q_py_topic_if_statement:q_py_if_elif1,HandlingAdvancedDataStructure,StackTask
q_py_topic_if_statement:q_py_if_elif1,TwoDimensionalArrayTask,ReplacingElement2DArray
q_py_topic_if_statement:q_py_if_elif1,TwoDimensionalArrayTask,Indexing2DArray
q_py_topic_if_statement:q_py_if_elif1,TwoDimensionalArrayTask,Create2DArray
q_py_topic_if_statement:q_py_if_elif1,HandlingObjectOrientedProgramming,CallingOOPMethod
q_py_topic_if_statement:q_py_if_elif1,HandlingObjectOrientedProgramming,CreatingObject
q_py_topic_if_statement:q_py_if_elif1,HandlingObjectOrientedProgramming,DefiningClass
q_py_topic_if_statement:q_py_if_elif1,HandlingObjectOrientedProgramming,DefiningOOPMethod
q_py_topic_if_statement:q_py_if_elif1,WhileLoopWithUpdate,WhileLoopWithListIndexing
q_py_topic_if_statement:q_py_if_elif1,WhileLoopWithUpdate,WhileLoopWith*=
q_py_topic_if_statement:q_py_if_elif1,WhileLoopWithUpdate,WhileLoopWith+=
q_py_topic_if_statement:q_py_if_elif1,ForLoopWithUpdate,ForLoopWith+=
q_py_topic_if_statement:q_py_if_elif1,ForLoopWithUpdate,ForLoopWith*=
q_py_topic_if_statement:q_py_if_elif1,ForLoopWithUpdate,ForLoopWithListIndexing
q_py_topic_if_statement:q_py_if_elif1,NestedLoopIteration,NestedForLoopIteration
q_py_topic_if_statement:q_py_if_elif1,NestedLoopIteration,NestedWhileLoopIteration
q_py_topic_if_statement:q_py_if_elif1,ArithmeticOperation,FindAbsolute
q_py_topic_if_statement:q_py_if_elif1,ArithmeticOperation,FindMaximum
q_py_topic_if_statement:q_py_if_elif1,ArithmeticOperation,Round
q_py_topic_if_statement:q_py_if_elif1,ArithmeticOperation,Power
q_py_topic_if_statement:q_py_if_elif1,ArithmeticOperation,FindMinimum
q_py_topic_if_statement:q_py_if_elif1,HandlingTuple,CreatingTuple
q_py_topic_if_statement:q_py_if_elif1,HandlingTuple,SlicingTuple
q_py_topic_if_statement:q_py_if_elif1,HandlingTuple,IndexingTuple
q_py_topic_if_statement:q_py_if_elif1,HandlingFloat,TransformingToFloatType
q_py_topic_if_statement:q_py_if_elif1,HandlingDictionary,ReplacingDictionaryElement
q_py_topic_if_statement:q_py_if_elif1,HandlingDictionary,IndexingDictionary
q_py_topic_if_statement:q_py_if_elif1,HandlingDictionary,AddingItemToDictionary
q_py_topic_if_statement:q_py_if_elif1,HandlingDictionary,AccessingDictionary
q_py_topic_if_statement:q_py_if_elif1,HandlingList,DeletingListElement
q_py_topic_if_statement:q_py_if_elif1,HandlingList,IndexingList
q_py_topic_if_statement:q_py_if_elif1,HandlingList,SlicingList
q_py_topic_if_statement:q_py_if_elif1,HandlingList,ReplacingListElement
q_py_topic_if_statement:q_py_if_elif1,HandlingList,ListReferencing
q_py_topic_if_statement:q_py_if_elif1,HandlingList,ReversingList
q_py_topic_if_statement:q_py_if_elif1,AddingListElement,AddingListElementWithInsert
q_py_topic_if_statement:q_py_if_elif1,AddingListElement,AddingListElementWithAppend
q_py_topic_if_statement:q_py_if_elif1,HandlingFile,ClosingFile
q_py_topic_if_statement:q_py_if_elif1,HandlingFile,ReadingLine
q_py_topic_if_statement:q_py_if_elif1,HandlingFile,OpeningFile
q_py_topic_if_statement:q_py_if_elif1,HandlingString,TransformingToStringType
q_py_topic_if_statement:q_py_nested_if1,ModifyingStringCase,ConvertStringToUpperCase
q_py_topic_if_statement:q_py_nested_if_elif1,Python,Concatenation
q_py_topic_if_statement:q_py_nested_if_elif1,Python,Importing
q_py_topic_if_statement:q_py_nested_if_elif1,Python,FindingLength
q_py_topic_if_statement:q_py_nested_if_elif1,Python,CheckingForItem
q_py_topic_if_statement:q_py_nested_if_elif1,Python,HandlingInput
q_py_topic_if_statement:q_py_nested_if_elif1,CheckingCondition,AssertChecking
q_py_topic_if_statement:q_py_nested_if_elif1,CheckingCondition,IfElifElseChecking
q_py_topic_if_statement:q_py_nested_if_elif1,CheckingCondition,IfElifChecking
q_py_topic_if_statement:q_py_nested_if_elif1,CheckingCondition,BooleanEvaluating
q_py_topic_if_statement:q_py_nested_if_elif1,CheckingInForLoop,IfElseCheckingInForLoop
q_py_topic_if_statement:q_py_nested_if_elif1,CheckingInForLoop,IfElifCheckingInForLoop
q_py_topic_if_statement:q_py_nested_if_elif1,CheckingInForLoop,IfCheckingInForLoop
q_py_topic_if_statement:q_py_nested_if_elif1,CheckingInForLoop,IfElifElseCheckingInForLoop
q_py_topic_if_statement:q_py_nested_if_elif1,CheckingInWhileLoop,IfElifElseCheckingInWhileLoop
q_py_topic_if_statement:q_py_nested_if_elif1,CheckingInWhileLoop,IfCheckingInWhileLoop
q_py_topic_if_statement:q_py_nested_if_elif1,CheckingInWhileLoop,IfElseCheckingInWhileLoop
q_py_topic_if_statement:q_py_nested_if_elif1,CheckingInWhileLoop,IfElifCheckingInWhileLoop
q_py_topic_if_statement:q_py_nested_if_elif1,ManagingVariable,SwappingVariablesValue
q_py_topic_if_statement:q_py_nested_if_elif1,ManagingVariable,AssigningVariable
q_py_topic_if_statement:q_py_nested_if_elif1,ManagingVariable,UpdatingVariable
q_py_topic_if_statement:q_py_nested_if_elif1,HandlingAdvancedDataStructure,BinaryTreeTask
q_py_topic_if_statement:q_py_nested_if_elif1,HandlingAdvancedDataStructure,LinkedListTask
q_py_topic_if_statement:q_py_nested_if_elif1,HandlingAdvancedDataStructure,QueueTask
q_py_topic_if_statement:q_py_nested_if_elif1,HandlingAdvancedDataStructure,StackTask
q_py_topic_if_statement:q_py_nested_if_elif1,TwoDimensionalArrayTask,ReplacingElement2DArray
q_py_topic_if_statement:q_py_nested_if_elif1,TwoDimensionalArrayTask,Indexing2DArray
q_py_topic_if_statement:q_py_nested_if_elif1,TwoDimensionalArrayTask,Create2DArray
q_py_topic_if_statement:q_py_nested_if_elif1,HandlingObjectOrientedProgramming,CallingOOPMethod
q_py_topic_if_statement:q_py_nested_if_elif1,HandlingObjectOrientedProgramming,CreatingObject
q_py_topic_if_statement:q_py_nested_if_elif1,HandlingObjectOrientedProgramming,DefiningClass
q_py_topic_if_statement:q_py_nested_if_elif1,HandlingObjectOrientedProgramming,DefiningOOPMethod
q_py_topic_if_statement:q_py_nested_if_elif1,HandlingFunction,CallingFunctionLibrary
q_py_topic_if_statement:q_py_nested_if_elif1,HandlingFunction,NestedFunctionCall
q_py_topic_if_statement:q_py_nested_if_elif1,HandlingFunctionCallingFunction,CallingFunctionCallingFunction
q_py_topic_if_statement:q_py_nested_if_elif1,HandlingFunctionCallingFunction,DefiningFunctionCallingFunction
q_py_topic_if_statement:q_py_nested_if_elif1,HandlingRecursiveFunction,CallingRecursiveFunction
q_py_topic_if_statement:q_py_nested_if_elif1,HandlingRecursiveFunction,DefiningRecursiveFunction
q_py_topic_if_statement:q_py_nested_if_elif1,HandlingNestedFunction,CallingNestedFunction
q_py_topic_if_statement:q_py_nested_if_elif1,HandlingNestedFunction,DefiningNestedFunction
q_py_topic_if_statement:q_py_nested_if_elif1,HandlingStandardFunction,CallingStandardFunction
q_py_topic_if_statement:q_py_nested_if_elif1,HandlingStandardFunction,DefiningStandardFunction
q_py_topic_if_statement:q_py_nested_if_elif1,NonNestedIteration,SingleForLoopIteration
q_py_topic_if_statement:q_py_nested_if_elif1,WhileLoopWithUpdate,WhileLoopWithListIndexing
q_py_topic_if_statement:q_py_nested_if_elif1,WhileLoopWithUpdate,WhileLoopWith*=
q_py_topic_if_statement:q_py_nested_if_elif1,WhileLoopWithUpdate,WhileLoopWith+=
q_py_topic_if_statement:q_py_nested_if_elif1,ForLoopWithUpdate,ForLoopWith+=
q_py_topic_if_statement:q_py_nested_if_elif1,ForLoopWithUpdate,ForLoopWith*=
q_py_topic_if_statement:q_py_nested_if_elif1,ForLoopWithUpdate,ForLoopWithListIndexing
q_py_topic_if_statement:q_py_nested_if_elif1,NestedLoopIteration,NestedForLoopIteration
q_py_topic_if_statement:q_py_nested_if_elif1,NestedLoopIteration,NestedWhileLoopIteration
q_py_topic_if_statement:q_py_nested_if_elif1,ArithmeticOperation,FindAbsolute
q_py_topic_if_statement:q_py_nested_if_elif1,ArithmeticOperation,Round
q_py_topic_if_statement:q_py_nested_if_elif1,ArithmeticOperation,Power
q_py_topic_if_statement:q_py_nested_if_elif1,ArithmeticOperation,FindMinimum
q_py_topic_if_statement:q_py_nested_if_elif1,HandlingTuple,CreatingTuple
q_py_topic_if_statement:q_py_nested_if_elif1,HandlingTuple,SlicingTuple
q_py_topic_if_statement:q_py_nested_if_elif1,HandlingTuple,IndexingTuple
q_py_topic_if_statement:q_py_nested_if_elif1,HandlingFloat,TransformingToFloatType
q_py_topic_if_statement:q_py_nested_if_elif1,HandlingDictionary,ReplacingDictionaryElement
q_py_topic_if_statement:q_py_nested_if_elif1,HandlingDictionary,IndexingDictionary
q_py_topic_if_statement:q_py_nested_if_elif1,HandlingDictionary,AddingItemToDictionary
q_py_topic_if_statement:q_py_nested_if_elif1,HandlingDictionary,AccessingDictionary
q_py_topic_if_statement:q_py_nested_if_elif1,HandlingList,DeletingListElement
q_py_topic_if_statement:q_py_nested_if_elif1,HandlingList,IndexingList
q_py_topic_if_statement:q_py_nested_if_elif1,HandlingList,SlicingList
q_py_topic_if_statement:q_py_nested_if_elif1,HandlingList,ReplacingListElement
q_py_topic_if_statement:q_py_nested_if_elif1,HandlingList,ListReferencing
q_py_topic_if_statement:q_py_nested_if_elif1,HandlingList,ReversingList
q_py_topic_if_statement:q_py_nested_if_elif1,AddingListElement,AddingListElementWithInsert
q_py_topic_if_statement:q_py_nested_if_elif1,AddingListElement,AddingListElementWithAppend
q_py_topic_if_statement:q_py_nested_if_elif1,HandlingFile,ClosingFile
q_py_topic_if_statement:q_py_nested_if_elif1,HandlingFile,ReadingLine
q_py_topic_if_statement:q_py_nested_if_elif1,HandlingFile,OpeningFile
q_py_topic_if_statement:q_py_nested_if_elif1,HandlingString,ReplacingStringContent
q_py_topic_if_statement:q_py_nested_if_elif1,HandlingString,TransformingToStringType
q_py_topic_if_statement:q_py_nested_if_elif2,CheckingCondition,AssertChecking
q_py_topic_lists:q_py_add_two_lists1,WhileLoopWithUpdate,WhileLoopWithListIndexing
q_py_topic_lists:q_py_add_two_lists1,WhileLoopWithUpdate,WhileLoopWith*=
q_py_topic_lists:q_py_add_two_lists1,WhileLoopWithUpdate,WhileLoopWith+=
q_py_topic_lists:q_py_add_two_lists1,ForLoopWithUpdate,ForLoopWithListIndexing
q_py_topic_lists:q_py_add_two_lists1,ArithmeticOperation,FindAbsolute
q_py_topic_lists:q_py_add_two_lists1,ArithmeticOperation,FindRemainder
q_py_topic_lists:q_py_add_two_lists1,ArithmeticOperation,FindMaximum
q_py_topic_lists:q_py_add_two_lists1,ArithmeticOperation,Round
q_py_topic_lists:q_py_add_two_lists1,ArithmeticOperation,Power
q_py_topic_lists:q_py_add_two_lists1,ArithmeticOperation,FindMinimum
q_py_topic_lists:q_py_add_two_lists1,ArithmeticOperation,Substraction
q_py_topic_lists:q_py_add_two_lists1,ArithmeticOperation,Division
q_py_topic_lists:q_py_add_two_lists1,ArithmeticOperation,Multiplication
q_py_topic_lists:q_py_add_two_lists1,HandlingInteger,TransformingToIntType
q_py_topic_lists:q_py_add_two_lists1,HandlingTuple,CreatingTuple
q_py_topic_lists:q_py_add_two_lists1,HandlingTuple,SlicingTuple
q_py_topic_lists:q_py_add_two_lists1,HandlingTuple,IndexingTuple
q_py_topic_lists:q_py_add_two_lists1,HandlingFloat,TransformingToFloatType
q_py_topic_lists:q_py_add_two_lists1,HandlingDictionary,ReplacingDictionaryElement
q_py_topic_lists:q_py_add_two_lists1,HandlingDictionary,IndexingDictionary
q_py_topic_lists:q_py_add_two_lists1,HandlingDictionary,AddingItemToDictionary
q_py_topic_lists:q_py_add_two_lists1,HandlingDictionary,AccessingDictionary
q_py_topic_lists:q_py_add_two_lists1,HandlingList,DeletingListElement
q_py_topic_lists:q_py_add_two_lists1,HandlingList,SlicingList
q_py_topic_lists:q_py_add_two_lists1,HandlingList,ReplacingListElement
q_py_topic_lists:q_py_add_two_lists1,HandlingList,ReversingList
q_py_topic_lists:q_py_add_two_lists1,AddingListElement,AddingListElementWithInsert
q_py_topic_lists:q_py_add_two_lists1,AddingListElement,AddingListElementWithAppend
q_py_topic_lists:q_py_add_two_lists1,HandlingFile,ClosingFile
q_py_topic_lists:q_py_add_two_lists1,HandlingFile,ReadingLine
q_py_topic_lists:q_py_add_two_lists1,HandlingFile,OpeningFile
q_py_topic_lists:q_py_add_two_lists1,HandlingString,ReplacingStringContent
q_py_topic_lists:q_py_add_two_lists1,HandlingString,FormattingString
q_py_topic_lists:q_py_add_two_lists1,HandlingString,TransformingToStringType
q_py_topic_lists:q_py_add_two_lists1,HandlingString,SplittingString
q_py_topic_lists:q_py_list_access1,NonNestedIteration,SingleWhileLoopIteration
q_py_topic_lists:q_py_list_access1,HandlingDictionary,IndexingDictionary
q_py_topic_lists:q_py_list_access1,HandlingList,DeletingListElement
q_py_topic_lists:q_py_list_access1,HandlingList,SlicingList
q_py_topic_lists:q_py_list_access1,HandlingList,ReversingList
q_py_topic_lists:q_py_list_access1,AddingListElement,AddingListElementWithInsert
q_py_topic_lists:q_py_list_access1,AddingListElement,AddingListElementWithAppend
q_py_topic_lists:q_py_list_access1,HandlingFile,ClosingFile
q_py_topic_lists:q_py_list_access1,HandlingFile,ReadingLine
q_py_topic_lists:q_py_list_access1,HandlingFile,OpeningFile
q_py_topic_lists:q_py_list_access1,HandlingString,ReplacingStringContent
q_py_topic_lists:q_py_list_access2,NonNestedIteration,SingleWhileLoopIteration
q_py_topic_lists:q_py_list_access2,WhileLoopWithUpdate,WhileLoopWithListIndexing
q_py_topic_lists:q_py_list_access2,WhileLoopWithUpdate,WhileLoopWith*=
q_py_topic_lists:q_py_list_access2,WhileLoopWithUpdate,WhileLoopWith+=
q_py_topic_lists:q_py_list_access2,ForLoopWithUpdate,ForLoopWith+=
q_py_topic_lists:q_py_list_access2,ForLoopWithUpdate,ForLoopWithListIndexing
q_py_topic_lists:q_py_list_access2,NestedLoopIteration,MixedNestedLoopIteration
q_py_topic_lists:q_py_list_access2,NestedLoopIteration,NestedForLoopIteration
q_py_topic_lists:q_py_list_access2,NestedLoopIteration,NestedWhileLoopIteration
q_py_topic_lists:q_py_list_access2,ArithmeticOperation,FindAbsolute
q_py_topic_lists:q_py_list_access2,ArithmeticOperation,FindRemainder
q_py_topic_lists:q_py_list_access2,ArithmeticOperation,FindMaximum
q_py_topic_lists:q_py_list_access2,ArithmeticOperation,Addition
q_py_topic_lists:q_py_list_access2,ArithmeticOperation,Round
q_py_topic_lists:q_py_list_access2,ArithmeticOperation,Power
q_py_topic_lists:q_py_list_access2,ArithmeticOperation,FindMinimum
q_py_topic_lists:q_py_list_access2,ArithmeticOperation,Substraction
q_py_topic_lists:q_py_list_access2,ArithmeticOperation,Division
q_py_topic_lists:q_py_list_access2,ArithmeticOperation,Multiplication
q_py_topic_lists:q_py_list_access2,HandlingInteger,TransformingToIntType
q_py_topic_lists:q_py_list_access2,HandlingTuple,CreatingTuple
q_py_topic_lists:q_py_list_access2,HandlingTuple,SlicingTuple
q_py_topic_lists:q_py_list_access2,HandlingTuple,IndexingTuple
q_py_topic_lists:q_py_list_access2,HandlingFloat,TransformingToFloatType
q_py_topic_lists:q_py_list_access2,HandlingDictionary,ReplacingDictionaryElement
q_py_topic_lists:q_py_list_access2,HandlingDictionary,IndexingDictionary
q_py_topic_lists:q_py_list_access2,HandlingDictionary,AddingItemToDictionary
q_py_topic_lists:q_py_list_access2,HandlingDictionary,AccessingDictionary
q_py_topic_lists:q_py_list_access2,HandlingDictionary,CreatingDictionary
q_py_topic_lists:q_py_list_access2,HandlingList,DeletingListElement
q_py_topic_lists:q_py_list_access2,HandlingList,SlicingList
q_py_topic_lists:q_py_list_access2,HandlingList,ListReferencing
q_py_topic_lists:q_py_list_access2,HandlingList,ReversingList
q_py_topic_lists:q_py_list_access2,AddingListElement,AddingListElementWithInsert
q_py_topic_lists:q_py_list_access2,AddingListElement,AddingListElementWithAppend
q_py_topic_lists:q_py_list_access2,HandlingFile,ClosingFile
q_py_topic_lists:q_py_list_access2,HandlingFile,ReadingLine
q_py_topic_lists:q_py_list_access2,HandlingFile,OpeningFile
q_py_topic_lists:q_py_list_access2,HandlingString,CreatingString
q_py_topic_lists:q_py_list_access2,HandlingString,ReplacingStringContent
q_py_topic_lists:q_py_list_access2,HandlingString,FormattingString
q_py_topic_lists:q_py_list_access2,HandlingString,TransformingToStringType
q_py_topic_lists:q_py_list_access2,HandlingString,SplittingString
q_py_topic_lists:q_py_list_append1,NonNestedIteration,SingleWhileLoopIteration
q_py_topic_lists:q_py_list_append1,WhileLoopWithUpdate,WhileLoopWithListIndexing
q_py_topic_lists:q_py_list_append1,WhileLoopWithUpdate,WhileLoopWith*=
q_py_topic_lists:q_py_list_append1,ForLoopWithUpdate,ForLoopWith+=
q_py_topic_lists:q_py_list_append1,ForLoopWithUpdate,ForLoopWith*=
q_py_topic_lists:q_py_list_append1,ForLoopWithUpdate,ForLoopWithListIndexing
q_py_topic_lists:q_py_list_append1,NestedLoopIteration,MixedNestedLoopIteration
q_py_topic_lists:q_py_list_append1,NestedLoopIteration,NestedWhileLoopIteration
q_py_topic_lists:q_py_list_append1,ArithmeticOperation,FindAbsolute
q_py_topic_lists:q_py_list_append1,ArithmeticOperation,FindRemainder
q_py_topic_lists:q_py_list_append1,ArithmeticOperation,FindMaximum
q_py_topic_lists:q_py_list_append1,ArithmeticOperation,Round
q_py_topic_lists:q_py_list_append1,ArithmeticOperation,Power
q_py_topic_lists:q_py_list_append1,ArithmeticOperation,FindMinimum
q_py_topic_lists:q_py_list_append1,ArithmeticOperation,Substraction
q_py_topic_lists:q_py_list_append1,ArithmeticOperation,Division
q_py_topic_lists:q_py_list_append1,ArithmeticOperation,Multiplication
q_py_topic_lists:q_py_list_append1,HandlingInteger,TransformingToIntType
q_py_topic_lists:q_py_list_append1,HandlingTuple,CreatingTuple
q_py_topic_lists:q_py_list_append1,HandlingTuple,SlicingTuple
q_py_topic_lists:q_py_list_append1,HandlingTuple,IndexingTuple
q_py_topic_lists:q_py_list_append1,HandlingFloat,TransformingToFloatType
q_py_topic_lists:q_py_list_append1,HandlingDictionary,ReplacingDictionaryElement
q_py_topic_lists:q_py_list_append1,HandlingDictionary,IndexingDictionary
q_py_topic_lists:q_py_list_append1,HandlingDictionary,AddingItemToDictionary
q_py_topic_lists:q_py_list_append1,HandlingDictionary,AccessingDictionary
q_py_topic_lists:q_py_list_append1,HandlingList,DeletingListElement
q_py_topic_lists:q_py_list_append1,HandlingList,SlicingList
q_py_topic_lists:q_py_list_append1,HandlingList,ReplacingListElement
q_py_topic_lists:q_py_list_append1,HandlingList,ReversingList
q_py_topic_lists:q_py_list_append1,AddingListElement,AddingListElementWithInsert
q_py_topic_lists:q_py_list_append1,HandlingFile,ClosingFile
q_py_topic_lists:q_py_list_append1,HandlingFile,ReadingLine
q_py_topic_lists:q_py_list_append1,HandlingFile,OpeningFile
q_py_topic_lists:q_py_list_append1,HandlingString,ReplacingStringContent
q_py_topic_lists:q_py_list_append1,HandlingString,FormattingString
q_py_topic_lists:q_py_list_append1,HandlingString,TransformingToStringType
q_py_topic_lists:q_py_list_append1,HandlingString,SplittingString
q_py_topic_lists:q_py_list_remove1,WhileLoopWithUpdate,WhileLoopWithListIndexing
q_py_topic_lists:q_py_list_remove1,WhileLoopWithUpdate,WhileLoopWith*=
q_py_topic_lists:q_py_list_remove1,WhileLoopWithUpdate,WhileLoopWith+=
q_py_topic_lists:q_py_list_remove1,ForLoopWithUpdate,ForLoopWith+=
q_py_topic_lists:q_py_list_remove1,ForLoopWithUpdate,ForLoopWith*=
q_py_topic_lists:q_py_list_remove1,ForLoopWithUpdate,ForLoopWithListIndexing
q_py_topic_lists:q_py_list_remove1,NestedLoopIteration,NestedForLoopIteration
q_py_topic_lists:q_py_list_remove1,NestedLoopIteration,NestedWhileLoopIteration
q_py_topic_lists:q_py_list_remove1,ArithmeticOperation,FindAbsolute
q_py_topic_lists:q_py_list_remove1,ArithmeticOperation,FindRemainder
q_py_topic_lists:q_py_list_remove1,ArithmeticOperation,FindMaximum
q_py_topic_lists:q_py_list_remove1,ArithmeticOperation,Round
q_py_topic_lists:q_py_list_remove1,ArithmeticOperation,Power
q_py_topic_lists:q_py_list_remove1,ArithmeticOperation,FindMinimum
q_py_topic_lists:q_py_list_remove1,ArithmeticOperation,Substraction
q_py_topic_lists:q_py_list_remove1,ArithmeticOperation,Division
q_py_topic_lists:q_py_list_remove1,ArithmeticOperation,Multiplication
q_py_topic_lists:q_py_list_remove1,HandlingInteger,TransformingToIntType
q_py_topic_lists:q_py_list_remove1,HandlingTuple,CreatingTuple
q_py_topic_lists:q_py_list_remove1,HandlingTuple,SlicingTuple
q_py_topic_lists:q_py_list_remove1,HandlingTuple,IndexingTuple
q_py_topic_lists:q_py_list_remove1,HandlingFloat,TransformingToFloatType
q_py_topic_lists:q_py_list_remove1,HandlingDictionary,ReplacingDictionaryElement
q_py_topic_lists:q_py_list_remove1,HandlingDictionary,IndexingDictionary
q_py_topic_lists:q_py_list_remove1,HandlingDictionary,AddingItemToDictionary
q_py_topic_lists:q_py_list_remove1,HandlingDictionary,AccessingDictionary
q_py_topic_lists:q_py_list_remove1,HandlingList,SlicingList
q_py_topic_lists:q_py_list_remove1,HandlingList,ReversingList
q_py_topic_lists:q_py_list_remove1,AddingListElement,AddingListElementWithInsert
q_py_topic_lists:q_py_list_remove1,AddingListElement,AddingListElementWithAppend
q_py_topic_lists:q_py_list_remove1,HandlingFile,ClosingFile
q_py_topic_lists:q_py_list_remove1,HandlingFile,ReadingLine
q_py_topic_lists:q_py_list_remove1,HandlingFile,OpeningFile
q_py_topic_lists:q_py_list_remove1,HandlingString,ReplacingStringContent
q_py_topic_lists:q_py_list_remove1,HandlingString,TransformingToStringType
q_py_topic_lists:q_py_list_remove1,HandlingString,SplittingString
q_py_topic_logical_operators:q_py_account_logic1,HandlingAdvancedDataStructure,BinaryTreeTask
q_py_topic_logical_operators:q_py_account_logic1,WhileLoopWithUpdate,WhileLoopWithListIndexing
q_py_topic_logical_operators:q_py_account_logic1,WhileLoopWithUpdate,WhileLoopWith*=
q_py_topic_logical_operators:q_py_account_logic1,WhileLoopWithUpdate,WhileLoopWith+=
q_py_topic_logical_operators:q_py_account_logic1,ForLoopWithUpdate,ForLoopWith+=
q_py_topic_logical_operators:q_py_account_logic1,ForLoopWithUpdate,ForLoopWith*=
q_py_topic_logical_operators:q_py_account_logic1,ForLoopWithUpdate,ForLoopWithListIndexing
q_py_topic_logical_operators:q_py_account_logic1,NestedLoopIteration,NestedForLoopIteration
q_py_topic_logical_operators:q_py_account_logic1,NestedLoopIteration,NestedWhileLoopIteration
q_py_topic_logical_operators:q_py_account_logic1,ArithmeticOperation,FindAbsolute
q_py_topic_logical_operators:q_py_account_logic1,ArithmeticOperation,FindRemainder
q_py_topic_logical_operators:q_py_account_logic1,ArithmeticOperation,Round
q_py_topic_logical_operators:q_py_account_logic1,ArithmeticOperation,Power
q_py_topic_logical_operators:q_py_account_logic1,ArithmeticOperation,FindMinimum
q_py_topic_logical_operators:q_py_account_logic1,HandlingDictionary,ReplacingDictionaryElement
q_py_topic_logical_operators:q_py_account_logic1,HandlingDictionary,IndexingDictionary
q_py_topic_logical_operators:q_py_account_logic1,HandlingDictionary,AddingItemToDictionary
q_py_topic_logical_operators:q_py_account_logic1,HandlingList,SlicingList
q_py_topic_logical_operators:q_py_account_logic1,HandlingList,ListReferencing
q_py_topic_logical_operators:q_py_account_logic1,HandlingList,ReversingList
q_py_topic_logical_operators:q_py_account_logic1,AddingListElement,AddingListElementWithInsert
q_py_topic_logical_operators:q_py_account_logic1,AddingListElement,AddingListElementWithAppend
q_py_topic_logical_operators:q_py_account_logic1,HandlingString,ReplacingStringContent
q_py_topic_logical_operators:q_py_account_logic1,HandlingString,TransformingToStringType
q_py_topic_logical_operators:q_py_account_logic1,ModifyingStringCase,CapitalizeString
q_py_topic_logical_operators:q_py_comparison_logic1,Python,Concatenation
q_py_topic_logical_operators:q_py_comparison_logic1,Python,Importing
q_py_topic_logical_operators:q_py_comparison_logic1,Python,FindingLength
q_py_topic_logical_operators:q_py_comparison_logic1,Python,HandlingInput
q_py_topic_logical_operators:q_py_comparison_logic1,CheckingCondition,IfElseChecking
q_py_topic_logical_operators:q_py_comparison_logic1,CheckingCondition,AssertChecking
q_py_topic_logical_operators:q_py_comparison_logic1,CheckingCondition,IfElifElseChecking
q_py_topic_logical_operators:q_py_comparison_logic1,CheckingCondition,NestedIfChecking
q_py_topic_logical_operators:q_py_comparison_logic1,CheckingCondition,IfChecking
q_py_topic_logical_operators:q_py_comparison_logic1,CheckingCondition,IfElifChecking
q_py_topic_logical_operators:q_py_comparison_logic1,CheckingCondition,BooleanEvaluating
q_py_topic_logical_operators:q_py_comparison_logic1,CheckingInForLoop,IfElseCheckingInForLoop
q_py_topic_logical_operators:q_py_comparison_logic1,CheckingInForLoop,IfElifCheckingInForLoop
q_py_topic_logical_operators:q_py_comparison_logic1,CheckingInForLoop,IfCheckingInForLoop
q_py_topic_logical_operators:q_py_comparison_logic1,CheckingInForLoop,IfElifElseCheckingInForLoop
q_py_topic_logical_operators:q_py_comparison_logic1,CheckingInWhileLoop,IfElifElseCheckingInWhileLoop
q_py_topic_logical_operators:q_py_comparison_logic1,CheckingInWhileLoop,IfCheckingInWhileLoop
q_py_topic_logical_operators:q_py_comparison_logic1,CheckingInWhileLoop,IfElseCheckingInWhileLoop
q_py_topic_logical_operators:q_py_comparison_logic1,CheckingInWhileLoop,IfElifCheckingInWhileLoop
q_py_topic_logical_operators:q_py_comparison_logic1,ManagingVariable,SwappingVariablesValue
q_py_topic_logical_operators:q_py_comparison_logic1,ManagingVariable,AssigningVariable
q_py_topic_logical_operators:q_py_comparison_logic1,ManagingVariable,UpdatingVariable
q_py_topic_logical_operators:q_py_comparison_logic1,HandlingAdvancedDataStructure,BinaryTreeTask
q_py_topic_logical_operators:q_py_comparison_logic1,HandlingAdvancedDataStructure,LinkedListTask
q_py_topic_logical_operators:q_py_comparison_logic1,HandlingAdvancedDataStructure,QueueTask
q_py_topic_logical_operators:q_py_comparison_logic1,HandlingAdvancedDataStructure,StackTask
q_py_topic_logical_operators:q_py_comparison_logic1,TwoDimensionalArrayTask,ReplacingElement2DArray
q_py_topic_logical_operators:q_py_comparison_logic1,TwoDimensionalArrayTask,Indexing2DArray
q_py_topic_logical_operators:q_py_comparison_logic1,TwoDimensionalArrayTask,Create2DArray
q_py_topic_logical_operators:q_py_comparison_logic1,HandlingObjectOrientedProgramming,CallingOOPMethod
q_py_topic_logical_operators:q_py_comparison_logic1,HandlingObjectOrientedProgramming,CreatingObject
q_py_topic_logical_operators:q_py_comparison_logic1,HandlingObjectOrientedProgramming,DefiningClass
q_py_topic_logical_operators:q_py_comparison_logic1,HandlingObjectOrientedProgramming,DefiningOOPMethod
q_py_topic_logical_operators:q_py_comparison_logic1,HandlingFunction,CallingFunctionLibrary
q_py_topic_logical_operators:q_py_comparison_logic1,HandlingFunction,NestedFunctionCall
q_py_topic_logical_operators:q_py_comparison_logic1,HandlingFunctionCallingFunction,CallingFunctionCallingFunction
q_py_topic_logical_operators:q_py_comparison_logic1,HandlingFunctionCallingFunction,DefiningFunctionCallingFunction
q_py_topic_logical_operators:q_py_comparison_logic1,HandlingRecursiveFunction,CallingRecursiveFunction
q_py_topic_logical_operators:q_py_comparison_logic1,HandlingRecursiveFunction,DefiningRecursiveFunction
q_py_topic_logical_operators:q_py_comparison_logic1,HandlingNestedFunction,CallingNestedFunction
q_py_topic_logical_operators:q_py_comparison_logic1,HandlingNestedFunction,DefiningNestedFunction
q_py_topic_logical_operators:q_py_comparison_logic1,HandlingStandardFunction,CallingStandardFunction
q_py_topic_logical_operators:q_py_comparison_logic1,HandlingStandardFunction,DefiningStandardFunction
q_py_topic_logical_operators:q_py_comparison_logic1,NonNestedIteration,SingleForLoopIteration
q_py_topic_logical_operators:q_py_comparison_logic1,WhileLoopWithUpdate,WhileLoopWithListIndexing
q_py_topic_logical_operators:q_py_comparison_logic1,WhileLoopWithUpdate,WhileLoopWith*=
q_py_topic_logical_operators:q_py_comparison_logic1,WhileLoopWithUpdate,WhileLoopWith+=
q_py_topic_logical_operators:q_py_comparison_logic1,ForLoopWithUpdate,ForLoopWith+=
q_py_topic_logical_operators:q_py_comparison_logic1,ForLoopWithUpdate,ForLoopWith*=
q_py_topic_logical_operators:q_py_comparison_logic1,ForLoopWithUpdate,ForLoopWithListIndexing
q_py_topic_logical_operators:q_py_comparison_logic1,HandlingDictionary,IndexingDictionary
q_py_topic_logical_operators:q_py_comparison_logic1,HandlingList,DeletingListElement
q_py_topic_logical_operators:q_py_comparison_logic1,HandlingList,SlicingList
q_py_topic_logical_operators:q_py_comparison_logic1,HandlingList,ReversingList
q_py_topic_loops:q_py_for_loop1,Python,FindingLength
q_py_topic_loops:q_py_for_loop1,Python,CheckingForItem
q_py_topic_loops:q_py_for_loop1,Python,HandlingInput
q_py_topic_loops:q_py_for_loop1,CheckingCondition,IfElseChecking
q_py_topic_loops:q_py_for_loop1,CheckingCondition,AssertChecking
q_py_topic_loops:q_py_for_loop1,CheckingCondition,IfElifElseChecking
q_py_topic_loops:q_py_for_loop1,CheckingCondition,NestedIfChecking
q_py_topic_loops:q_py_for_loop1,CheckingCondition,IfChecking
q_py_topic_loops:q_py_for_loop1,CheckingCondition,IfElifChecking
q_py_topic_loops:q_py_for_loop1,CheckingCondition,BooleanEvaluating
q_py_topic_loops:q_py_for_loop1,CheckingInForLoop,IfElseCheckingInForLoop
q_py_topic_loops:q_py_for_loop1,CheckingInForLoop,IfElifCheckingInForLoop
q_py_topic_loops:q_py_for_loop1,CheckingInForLoop,IfCheckingInForLoop
q_py_topic_loops:q_py_for_loop1,CheckingInForLoop,IfElifElseCheckingInForLoop
q_py_topic_loops:q_py_for_loop1,CheckingInWhileLoop,IfElifElseCheckingInWhileLoop
q_py_topic_loops:q_py_for_loop1,CheckingInWhileLoop,IfCheckingInWhileLoop
q_py_topic_loops:q_py_for_loop1,CheckingInWhileLoop,IfElseCheckingInWhileLoop
q_py_topic_loops:q_py_for_loop1,CheckingInWhileLoop,IfElifCheckingInWhileLoop
q_py_topic_loops:q_py_for_loop1,ManagingVariable,SwappingVariablesValue
q_py_topic_loops:q_py_for_loop1,ManagingVariable,AssigningVariable
q_py_topic_loops:q_py_for_loop1,ManagingVariable,UpdatingVariable
q_py_topic_loops:q_py_for_loop1,HandlingAdvancedDataStructure,BinaryTreeTask
q_py_topic_loops:q_py_for_loop1,HandlingAdvancedDataStructure,LinkedListTask
q_py_topic_loops:q_py_for_loop1,HandlingAdvancedDataStructure,QueueTask
q_py_topic_loops:q_py_for_loop1,HandlingAdvancedDataStructure,StackTask
q_py_topic_loops:q_py_for_loop1,TwoDimensionalArrayTask,ReplacingElement2DArray
q_py_topic_loops:q_py_for_loop1,TwoDimensionalArrayTask,Indexing2DArray
q_py_topic_loops:q_py_for_loop1,TwoDimensionalArrayTask,Create2DArray
q_py_topic_loops:q_py_for_loop1,HandlingObjectOrientedProgramming,CallingOOPMethod
q_py_topic_loops:q_py_for_loop1,HandlingObjectOrientedProgramming,CreatingObject
q_py_topic_loops:q_py_for_loop1,HandlingObjectOrientedProgramming,DefiningClass
q_py_topic_loops:q_py_for_loop1,HandlingObjectOrientedProgramming,DefiningOOPMethod
q_py_topic_loops:q_py_for_loop1,HandlingFunction,CallingFunctionLibrary
q_py_topic_loops:q_py_for_loop1,HandlingFunction,NestedFunctionCall
q_py_topic_loops:q_py_for_loop1,HandlingFunctionCallingFunction,CallingFunctionCallingFunction
q_py_topic_loops:q_py_for_loop1,HandlingFunctionCallingFunction,DefiningFunctionCallingFunction
q_py_topic_loops:q_py_for_loop1,HandlingRecursiveFunction,CallingRecursiveFunction
q_py_topic_loops:q_py_for_loop1,HandlingRecursiveFunction,DefiningRecursiveFunction
q_py_topic_loops:q_py_for_loop1,HandlingNestedFunction,CallingNestedFunction
q_py_topic_loops:q_py_for_loop1,HandlingNestedFunction,DefiningNestedFunction
q_py_topic_loops:q_py_for_loop1,HandlingStandardFunction,CallingStandardFunction
q_py_topic_loops:q_py_for_loop1,HandlingStandardFunction,DefiningStandardFunction
q_py_topic_loops:q_py_for_loop1,NonNestedIteration,SingleWhileLoopIteration
q_py_topic_loops:q_py_for_loop1,WhileLoopWithUpdate,WhileLoopWithListIndexing
q_py_topic_loops:q_py_for_loop1,WhileLoopWithUpdate,WhileLoopWith*=
q_py_topic_loops:q_py_for_loop1,WhileLoopWithUpdate,WhileLoopWith+=
q_py_topic_loops:q_py_for_loop1,NestedLoopIteration,NestedWhileLoopIteration
q_py_topic_loops:q_py_for_loop1,ArithmeticOperation,FindAbsolute
q_py_topic_loops:q_py_for_loop1,ArithmeticOperation,FindRemainder
q_py_topic_loops:q_py_for_loop1,ArithmeticOperation,FindMaximum
q_py_topic_loops:q_py_for_loop1,ArithmeticOperation,Round
q_py_topic_loops:q_py_for_loop1,ArithmeticOperation,Power
q_py_topic_loops:q_py_for_loop1,ArithmeticOperation,FindMinimum
q_py_topic_loops:q_py_for_loop1,ArithmeticOperation,Substraction
q_py_topic_loops:q_py_for_loop1,ArithmeticOperation,Division
q_py_topic_loops:q_py_for_loop1,ArithmeticOperation,Multiplication
q_py_topic_loops:q_py_for_loop1,HandlingInteger,TransformingToIntType
q_py_topic_loops:q_py_for_loop1,HandlingTuple,CreatingTuple
q_py_topic_loops:q_py_for_loop1,HandlingTuple,SlicingTuple
q_py_topic_loops:q_py_for_loop1,HandlingTuple,IndexingTuple
q_py_topic_loops:q_py_for_loop1,HandlingFloat,TransformingToFloatType
q_py_topic_loops:q_py_for_loop1,HandlingDictionary,ReplacingDictionaryElement
q_py_topic_loops:q_py_for_loop1,HandlingDictionary,IndexingDictionary
q_py_topic_loops:q_py_for_loop1,HandlingDictionary,AddingItemToDictionary
q_py_topic_loops:q_py_for_loop1,HandlingDictionary,AccessingDictionary
q_py_topic_loops:q_py_for_loop1,HandlingDictionary,CreatingDictionary
q_py_topic_loops:q_py_for_loop1,HandlingList,DeletingListElement
q_py_topic_loops:q_py_for_loop1,HandlingList,SlicingList
q_py_topic_loops:q_py_for_loop1,HandlingList,ReplacingListElement
q_py_topic_loops:q_py_for_loop1,HandlingList,ListReferencing
q_py_topic_loops:q_py_for_loop1,HandlingList,ReversingList
q_py_topic_loops:q_py_for_loop1,AddingListElement,AddingListElementWithInsert
q_py_topic_loops:q_py_for_loop1,AddingListElement,AddingListElementWithAppend
q_py_topic_loops:q_py_for_loop1,HandlingFile,ClosingFile
q_py_topic_loops:q_py_for_loop1,HandlingFile,ReadingLine
q_py_topic_loops:q_py_for_loop1,HandlingFile,OpeningFile
q_py_topic_loops:q_py_for_loop1,HandlingString,ReplacingStringContent
q_py_topic_loops:q_py_for_loop1,HandlingString,TransformingToStringType
q_py_topic_loops:q_py_for_loop1,HandlingString,SplittingString
q_py_topic_loops:q_py_nested_while1,Python,Concatenation
q_py_topic_loops:q_py_nested_while1,Python,Importing
q_py_topic_loops:q_py_nested_while1,Python,FindingLength
q_py_topic_loops:q_py_nested_while1,Python,CheckingForItem
q_py_topic_loops:q_py_nested_while1,CheckingCondition,IfElseChecking
q_py_topic_loops:q_py_nested_while1,CheckingCondition,AssertChecking
q_py_topic_loops:q_py_nested_while1,CheckingCondition,IfElifElseChecking
q_py_topic_loops:q_py_nested_while1,CheckingCondition,NestedIfChecking
q_py_topic_loops:q_py_nested_while1,CheckingCondition,IfChecking
q_py_topic_loops:q_py_nested_while1,CheckingCondition,IfElifChecking
q_py_topic_loops:q_py_nested_while1,CheckingCondition,BooleanEvaluating
q_py_topic_loops:q_py_nested_while1,CheckingInForLoop,IfElseCheckingInForLoop
q_py_topic_loops:q_py_nested_while1,CheckingInForLoop,IfElifCheckingInForLoop
q_py_topic_loops:q_py_nested_while1,CheckingInForLoop,IfCheckingInForLoop
q_py_topic_loops:q_py_nested_while1,CheckingInForLoop,IfElifElseCheckingInForLoop
q_py_topic_loops:q_py_nested_while1,CheckingInWhileLoop,IfElifElseCheckingInWhileLoop
q_py_topic_loops:q_py_nested_while1,CheckingInWhileLoop,IfCheckingInWhileLoop
q_py_topic_loops:q_py_nested_while1,CheckingInWhileLoop,IfElseCheckingInWhileLoop
q_py_topic_loops:q_py_nested_while1,CheckingInWhileLoop,IfElifCheckingInWhileLoop
q_py_topic_loops:q_py_nested_while1,ManagingVariable,SwappingVariablesValue
q_py_topic_loops:q_py_nested_while1,ManagingVariable,AssigningVariable
q_py_topic_loops:q_py_nested_while1,ManagingVariable,UpdatingVariable
q_py_topic_loops:q_py_nested_while1,HandlingAdvancedDataStructure,BinaryTreeTask
q_py_topic_loops:q_py_nested_while1,HandlingAdvancedDataStructure,LinkedListTask
q_py_topic_loops:q_py_nested_while1,HandlingAdvancedDataStructure,QueueTask
q_py_topic_loops:q_py_nested_while1,HandlingAdvancedDataStructure,StackTask
q_py_topic_loops:q_py_nested_while1,TwoDimensionalArrayTask,ReplacingElement2DArray
q_py_topic_loops:q_py_nested_while1,TwoDimensionalArrayTask,Indexing2DArray
q_py_topic_loops:q_py_nested_while1,TwoDimensionalArrayTask,Create2DArray
q_py_topic_loops:q_py_nested_while1,HandlingObjectOrientedProgramming,CallingOOPMethod
q_py_topic_loops:q_py_nested_while1,HandlingObjectOrientedProgramming,CreatingObject
q_py_topic_loops:q_py_nested_while1,HandlingObjectOrientedProgramming,DefiningClass
q_py_topic_loops:q_py_nested_while1,HandlingObjectOrientedProgramming,DefiningOOPMethod
q_py_topic_loops:q_py_nested_while1,HandlingFunction,CallingFunctionLibrary
q_py_topic_loops:q_py_nested_while1,HandlingFunction,NestedFunctionCall
q_py_topic_loops:q_py_nested_while1,HandlingFunctionCallingFunction,CallingFunctionCallingFunction
q_py_topic_loops:q_py_nested_while1,HandlingFunctionCallingFunction,DefiningFunctionCallingFunction
q_py_topic_loops:q_py_nested_while1,HandlingRecursiveFunction,CallingRecursiveFunction
q_py_topic_loops:q_py_nested_while1,HandlingRecursiveFunction,DefiningRecursiveFunction
q_py_topic_loops:q_py_nested_while1,HandlingNestedFunction,CallingNestedFunction
q_py_topic_loops:q_py_nested_while1,HandlingNestedFunction,DefiningNestedFunction
q_py_topic_loops:q_py_nested_while1,HandlingStandardFunction,CallingStandardFunction
q_py_topic_loops:q_py_nested_while1,HandlingStandardFunction,DefiningStandardFunction
q_py_topic_loops:q_py_nested_while1,NonNestedIteration,SingleForLoopIteration
q_py_topic_loops:q_py_nested_while1,ForLoopWithUpdate,ForLoopWith+=
q_py_topic_loops:q_py_nested_while1,ForLoopWithUpdate,ForLoopWith*=
q_py_topic_loops:q_py_nested_while1,ForLoopWithUpdate,ForLoopWithListIndexing
q_py_topic_loops:q_py_nested_while1,ArithmeticOperation,FindAbsolute
q_py_topic_loops:q_py_nested_while1,HandlingTuple,SlicingTuple
q_py_topic_loops:q_py_nested_while1,HandlingTuple,IndexingTuple
q_py_topic_loops:q_py_nested_while1,HandlingFloat,TransformingToFloatType
q_py_topic_loops:q_py_nested_while1,HandlingList,ReversingList
q_py_topic_loops:q_py_while_loop1,WhileLoopWithUpdate,WhileLoopWithListIndexing
q_py_topic_loops:q_py_while_loop1,WhileLoopWithUpdate,WhileLoopWith*=
q_py_topic_loops:q_py_while_loop1,ForLoopWithUpdate,ForLoopWith+=
q_py_topic_loops:q_py_while_loop1,ForLoopWithUpdate,ForLoopWith*=
q_py_topic_loops:q_py_while_loop1,ForLoopWithUpdate,ForLoopWithListIndexing
q_py_topic_loops:q_py_while_loop1,HandlingTuple,CreatingTuple
q_py_topic_loops:q_py_while_loop1,HandlingTuple,SlicingTuple
q_py_topic_loops:q_py_while_loop1,HandlingTuple,IndexingTuple
q_py_topic_loops:q_py_while_loop1,HandlingFloat,TransformingToFloatType
q_py_topic_loops:q_py_while_loop1,HandlingDictionary,ReplacingDictionaryElement
q_py_topic_loops:q_py_while_loop1,HandlingDictionary,IndexingDictionary
q_py_topic_loops:q_py_while_loop1,HandlingDictionary,AddingItemToDictionary
q_py_topic_loops:q_py_while_loop1,HandlingDictionary,AccessingDictionary
q_py_topic_loops:q_py_while_loop1,HandlingDictionary,CreatingDictionary
q_py_topic_loops:q_py_while_loop1,HandlingList,DeletingListElement
q_py_topic_loops:q_py_while_loop1,HandlingList,IndexingList
q_py_topic_loops:q_py_while_loop1,HandlingList,SlicingList
q_py_topic_loops:q_py_while_loop1,HandlingList,ReplacingListElement
q_py_topic_loops:q_py_while_loop1,HandlingList,ListReferencing
q_py_topic_loops:q_py_while_loop1,HandlingList,ReversingList
q_py_topic_loops:q_py_while_loop1,AddingListElement,AddingListElementWithInsert
q_py_topic_loops:q_py_while_loop1,AddingListElement,AddingListElementWithAppend
q_py_topic_loops:q_py_while_loop1,HandlingFile,ClosingFile
q_py_topic_loops:q_py_while_loop1,HandlingFile,ReadingLine
q_py_topic_loops:q_py_while_loop1,HandlingFile,OpeningFile
q_py_topic_loops:q_py_while_loop1,HandlingString,ReplacingStringContent
q_py_topic_loops:q_py_while_loop1,HandlingString,FormattingString
q_py_topic_loops:q_py_while_loop1,HandlingString,TransformingToStringType
q_py_topic_loops:q_py_while_loop1,HandlingString,SplittingString
q_py_topic_loops:q_py_while_loop2,CheckingInWhileLoop,IfElifCheckingInWhileLoop
q_py_topic_loops:q_py_while_loop2,ManagingVariable,SwappingVariablesValue
q_py_topic_loops:q_py_while_loop2,WhileLoopWithUpdate,WhileLoopWithListIndexing
q_py_topic_loops:q_py_while_loop2,WhileLoopWithUpdate,WhileLoopWith*=
q_py_topic_loops:q_py_while_loop2,ForLoopWithUpdate,ForLoopWith+=
q_py_topic_loops:q_py_while_loop2,ForLoopWithUpdate,ForLoopWith*=
q_py_topic_loops:q_py_while_loop2,ForLoopWithUpdate,ForLoopWithListIndexing
q_py_topic_loops:q_py_while_loop2,ArithmeticOperation,FindAbsolute
q_py_topic_loops:q_py_while_loop2,ArithmeticOperation,FindRemainder
q_py_topic_loops:q_py_while_loop2,ArithmeticOperation,FindMaximum
q_py_topic_loops:q_py_while_loop2,ArithmeticOperation,Round
q_py_topic_loops:q_py_while_loop2,ArithmeticOperation,Power
q_py_topic_loops:q_py_while_loop2,ArithmeticOperation,FindMinimum
q_py_topic_loops:q_py_while_loop2,ArithmeticOperation,Substraction
q_py_topic_loops:q_py_while_loop2,ArithmeticOperation,Division
q_py_topic_loops:q_py_while_loop2,ArithmeticOperation,Multiplication
q_py_topic_loops:q_py_while_loop2,HandlingTuple,CreatingTuple
q_py_topic_loops:q_py_while_loop2,HandlingTuple,SlicingTuple
q_py_topic_loops:q_py_while_loop2,HandlingTuple,IndexingTuple
q_py_topic_loops:q_py_while_loop2,HandlingFloat,TransformingToFloatType
q_py_topic_loops:q_py_while_loop2,HandlingDictionary,ReplacingDictionaryElement
q_py_topic_loops:q_py_while_loop2,HandlingDictionary,IndexingDictionary
q_py_topic_loops:q_py_while_loop2,HandlingDictionary,AddingItemToDictionary
q_py_topic_loops:q_py_while_loop2,HandlingDictionary,AccessingDictionary
q_py_topic_loops:q_py_while_loop2,HandlingDictionary,CreatingDictionary
q_py_topic_loops:q_py_while_loop2,HandlingList,DeletingListElement
q_py_topic_loops:q_py_while_loop2,HandlingList,CreatingList
q_py_topic_loops:q_py_while_loop2,HandlingList,SlicingList
q_py_topic_loops:q_py_while_loop2,HandlingList,ListReferencing
q_py_topic_loops:q_py_while_loop2,HandlingList,ReversingList
q_py_topic_loops:q_py_while_loop2,AddingListElement,AddingListElementWithInsert
q_py_topic_loops:q_py_while_loop2,AddingListElement,AddingListElementWithAppend
q_py_topic_loops:q_py_while_loop2,HandlingFile,ClosingFile
q_py_topic_loops:q_py_while_loop2,HandlingFile,ReadingLine
q_py_topic_loops:q_py_while_loop2,HandlingFile,OpeningFile
q_py_topic_loops:q_py_while_loop2,HandlingString,ReplacingStringContent
q_py_topic_loops:q_py_while_loop2,HandlingString,FormattingString
q_py_topic_loops:q_py_while_loop2,HandlingString,TransformingToStringType
q_py_topic_loops:q_py_while_loop2,HandlingString,SplittingString
q_py_topic_output_formatting:q_py_output1,Python,Concatenation
q_py_topic_output_formatting:q_py_output1,Python,Importing
q_py_topic_output_formatting:q_py_output1,Python,FindingLength
q_py_topic_output_formatting:q_py_output1,Python,CheckingForItem
q_py_topic_output_formatting:q_py_output1,Python,HandlingInput
q_py_topic_output_formatting:q_py_output1,CheckingCondition,IfElseChecking
q_py_topic_output_formatting:q_py_output1,CheckingCondition,AssertChecking
q_py_topic_output_formatting:q_py_output1,CheckingCondition,IfElifElseChecking
q_py_topic_output_formatting:q_py_output1,CheckingCondition,NestedIfChecking
q_py_topic_output_formatting:q_py_output1,CheckingCondition,IfChecking
q_py_topic_output_formatting:q_py_output1,CheckingCondition,IfElifChecking
q_py_topic_output_formatting:q_py_output1,CheckingCondition,BooleanEvaluating
q_py_topic_output_formatting:q_py_output1,CheckingInForLoop,IfElseCheckingInForLoop
q_py_topic_output_formatting:q_py_output1,CheckingInForLoop,IfElifCheckingInForLoop
q_py_topic_output_formatting:q_py_output1,CheckingInForLoop,IfCheckingInForLoop
q_py_topic_output_formatting:q_py_output1,CheckingInForLoop,IfElifElseCheckingInForLoop
q_py_topic_output_formatting:q_py_output1,CheckingInWhileLoop,IfElifElseCheckingInWhileLoop
q_py_topic_output_formatting:q_py_output1,CheckingInWhileLoop,IfCheckingInWhileLoop
q_py_topic_output_formatting:q_py_output1,CheckingInWhileLoop,IfElseCheckingInWhileLoop
q_py_topic_output_formatting:q_py_output1,CheckingInWhileLoop,IfElifCheckingInWhileLoop
q_py_topic_output_formatting:q_py_output1,ManagingVariable,SwappingVariablesValue
q_py_topic_output_formatting:q_py_output1,ManagingVariable,AssigningVariable
q_py_topic_output_formatting:q_py_output1,ManagingVariable,UpdatingVariable
q_py_topic_output_formatting:q_py_output1,HandlingAdvancedDataStructure,BinaryTreeTask
q_py_topic_output_formatting:q_py_output1,HandlingAdvancedDataStructure,LinkedListTask
q_py_topic_output_formatting:q_py_output1,HandlingAdvancedDataStructure,QueueTask
q_py_topic_output_formatting:q_py_output1,HandlingAdvancedDataStructure,StackTask
q_py_topic_output_formatting:q_py_output1,TwoDimensionalArrayTask,ReplacingElement2DArray
q_py_topic_output_formatting:q_py_output1,TwoDimensionalArrayTask,Indexing2DArray
q_py_topic_output_formatting:q_py_output1,TwoDimensionalArrayTask,Create2DArray
q_py_topic_output_formatting:q_py_output1,HandlingObjectOrientedProgramming,CallingOOPMethod
q_py_topic_output_formatting:q_py_output1,HandlingObjectOrientedProgramming,CreatingObject
q_py_topic_output_formatting:q_py_output1,HandlingObjectOrientedProgramming,DefiningClass
q_py_topic_output_formatting:q_py_output1,HandlingObjectOrientedProgramming,DefiningOOPMethod
q_py_topic_output_formatting:q_py_output1,HandlingFunctionCallingFunction,CallingFunctionCallingFunction
q_py_topic_output_formatting:q_py_output1,HandlingFunctionCallingFunction,DefiningFunctionCallingFunction
q_py_topic_output_formatting:q_py_output1,HandlingRecursiveFunction,CallingRecursiveFunction
q_py_topic_output_formatting:q_py_output1,HandlingRecursiveFunction,DefiningRecursiveFunction
q_py_topic_output_formatting:q_py_output1,HandlingNestedFunction,CallingNestedFunction
q_py_topic_output_formatting:q_py_output1,HandlingNestedFunction,DefiningNestedFunction
q_py_topic_output_formatting:q_py_output1,HandlingStandardFunction,CallingStandardFunction
q_py_topic_output_formatting:q_py_output1,HandlingStandardFunction,DefiningStandardFunction
q_py_topic_output_formatting:q_py_output1,NonNestedIteration,SingleForLoopIteration
q_py_topic_output_formatting:q_py_output1,NonNestedIteration,SingleWhileLoopIteration
q_py_topic_output_formatting:q_py_output1,WhileLoopWithUpdate,WhileLoopWithListIndexing
q_py_topic_output_formatting:q_py_output1,WhileLoopWithUpdate,WhileLoopWith*=
q_py_topic_output_formatting:q_py_output1,WhileLoopWithUpdate,WhileLoopWith+=
q_py_topic_output_formatting:q_py_output1,ForLoopWithUpdate,ForLoopWith+=
q_py_topic_output_formatting:q_py_output1,ForLoopWithUpdate,ForLoopWith*=
q_py_topic_output_formatting:q_py_output1,ForLoopWithUpdate,ForLoopWithListIndexing
q_py_topic_output_formatting:q_py_output1,NestedLoopIteration,MixedNestedLoopIteration
q_py_topic_output_formatting:q_py_output1,NestedLoopIteration,NestedForLoopIteration
q_py_topic_output_formatting:q_py_output1,NestedLoopIteration,NestedWhileLoopIteration
q_py_topic_output_formatting:q_py_output1,ArithmeticOperation,FindAbsolute
q_py_topic_output_formatting:q_py_output1,ArithmeticOperation,FindRemainder
q_py_topic_output_formatting:q_py_output1,ArithmeticOperation,FindMaximum
q_py_topic_output_formatting:q_py_output1,ArithmeticOperation,Addition
q_py_topic_output_formatting:q_py_output1,ArithmeticOperation,Power
q_py_topic_output_formatting:q_py_output1,ArithmeticOperation,FindMinimum
q_py_topic_output_formatting:q_py_output1,ArithmeticOperation,Substraction
q_py_topic_output_formatting:q_py_output1,ArithmeticOperation,Division
q_py_topic_output_formatting:q_py_output1,ArithmeticOperation,Multiplication
q_py_topic_output_formatting:q_py_output1,HandlingInteger,TransformingToIntType
q_py_topic_output_formatting:q_py_output1,HandlingTuple,CreatingTuple
q_py_topic_output_formatting:q_py_output1,HandlingTuple,SlicingTuple
q_py_topic_output_formatting:q_py_output1,HandlingTuple,IndexingTuple
q_py_topic_output_formatting:q_py_output1,HandlingDictionary,ReplacingDictionaryElement
q_py_topic_output_formatting:q_py_output1,HandlingDictionary,IndexingDictionary
q_py_topic_output_formatting:q_py_output1,HandlingDictionary,AddingItemToDictionary
q_py_topic_output_formatting:q_py_output1,HandlingDictionary,AccessingDictionary
q_py_topic_output_formatting:q_py_output1,HandlingDictionary,CreatingDictionary
q_py_topic_output_formatting:q_py_output1,HandlingList,DeletingListElement
q_py_topic_output_formatting:q_py_output1,HandlingList,IndexingList
q_py_topic_output_formatting:q_py_output1,HandlingList,CreatingList
q_py_topic_output_formatting:q_py_output1,HandlingList,SlicingList
q_py_topic_output_formatting:q_py_output1,HandlingList,ReplacingListElement
q_py_topic_output_formatting:q_py_output1,HandlingList,ListReferencing
q_py_topic_output_formatting:q_py_output1,HandlingList,ReversingList
q_py_topic_output_formatting:q_py_output1,AddingListElement,AddingListElementWithInsert
q_py_topic_output_formatting:q_py_output1,AddingListElement,AddingListElementWithAppend
q_py_topic_output_formatting:q_py_output1,HandlingFile,ClosingFile
q_py_topic_output_formatting:q_py_output1,HandlingFile,ReadingLine
q_py_topic_output_formatting:q_py_output1,HandlingFile,OpeningFile
q_py_topic_output_formatting:q_py_output1,HandlingString,ReplacingStringContent
q_py_topic_output_formatting:q_py_output1,HandlingString,TransformingToStringType
q_py_topic_output_formatting:q_py_output1,HandlingString,SplittingString
q_py_topic_output_formatting:q_py_output1,ModifyingStringCase,CapitalizeString
q_py_topic_output_formatting:q_py_output2,Python,Concatenation
q_py_topic_output_formatting:q_py_output2,Python,Importing
q_py_topic_output_formatting:q_py_output2,Python,FindingLength
q_py_topic_output_formatting:q_py_output2,Python,CheckingForItem
q_py_topic_output_formatting:q_py_output2,Python,HandlingInput
q_py_topic_output_formatting:q_py_output2,CheckingCondition,IfElseChecking
q_py_topic_output_formatting:q_py_output2,CheckingCondition,AssertChecking
q_py_topic_output_formatting:q_py_output2,CheckingCondition,IfElifElseChecking
q_py_topic_output_formatting:q_py_output2,CheckingCondition,NestedIfChecking
q_py_topic_output_formatting:q_py_output2,CheckingCondition,IfChecking
q_py_topic_output_formatting:q_py_output2,CheckingCondition,IfElifChecking
q_py_topic_output_formatting:q_py_output2,CheckingCondition,BooleanEvaluating
q_py_topic_output_formatting:q_py_output2,CheckingInForLoop,IfElseCheckingInForLoop
q_py_topic_output_formatting:q_py_output2,CheckingInForLoop,IfElifCheckingInForLoop
q_py_topic_output_formatting:q_py_output2,CheckingInForLoop,IfCheckingInForLoop
q_py_topic_output_formatting:q_py_output2,CheckingInForLoop,IfElifElseCheckingInForLoop
q_py_topic_output_formatting:q_py_output2,CheckingInWhileLoop,IfElifElseCheckingInWhileLoop
q_py_topic_output_formatting:q_py_output2,CheckingInWhileLoop,IfCheckingInWhileLoop
q_py_topic_output_formatting:q_py_output2,CheckingInWhileLoop,IfElseCheckingInWhileLoop
q_py_topic_output_formatting:q_py_output2,CheckingInWhileLoop,IfElifCheckingInWhileLoop
q_py_topic_output_formatting:q_py_output2,ManagingVariable,SwappingVariablesValue
q_py_topic_output_formatting:q_py_output2,ManagingVariable,AssigningVariable
q_py_topic_output_formatting:q_py_output2,ManagingVariable,UpdatingVariable
q_py_topic_output_formatting:q_py_output2,HandlingAdvancedDataStructure,BinaryTreeTask
q_py_topic_output_formatting:q_py_output2,HandlingAdvancedDataStructure,LinkedListTask
q_py_topic_output_formatting:q_py_output2,HandlingAdvancedDataStructure,QueueTask
q_py_topic_output_formatting:q_py_output2,HandlingAdvancedDataStructure,StackTask
q_py_topic_output_formatting:q_py_output2,TwoDimensionalArrayTask,ReplacingElement2DArray
q_py_topic_output_formatting:q_py_output2,TwoDimensionalArrayTask,Indexing2DArray
q_py_topic_output_formatting:q_py_output2,TwoDimensionalArrayTask,Create2DArray
q_py_topic_output_formatting:q_py_output2,HandlingObjectOrientedProgramming,CallingOOPMethod
q_py_topic_output_formatting:q_py_output2,HandlingObjectOrientedProgramming,CreatingObject
q_py_topic_output_formatting:q_py_output2,HandlingObjectOrientedProgramming,DefiningClass
q_py_topic_output_formatting:q_py_output2,HandlingObjectOrientedProgramming,DefiningOOPMethod
q_py_topic_output_formatting:q_py_output2,HandlingFunctionCallingFunction,CallingFunctionCallingFunction
q_py_topic_output_formatting:q_py_output2,HandlingFunctionCallingFunction,DefiningFunctionCallingFunction
q_py_topic_output_formatting:q_py_output2,HandlingRecursiveFunction,CallingRecursiveFunction
q_py_topic_output_formatting:q_py_output2,HandlingRecursiveFunction,DefiningRecursiveFunction
q_py_topic_output_formatting:q_py_output2,HandlingNestedFunction,CallingNestedFunction
q_py_topic_output_formatting:q_py_output2,HandlingNestedFunction,DefiningNestedFunction
q_py_topic_output_formatting:q_py_output2,HandlingStandardFunction,CallingStandardFunction
q_py_topic_output_formatting:q_py_output2,HandlingStandardFunction,DefiningStandardFunction
q_py_topic_output_formatting:q_py_output2,NonNestedIteration,SingleForLoopIteration
q_py_topic_output_formatting:q_py_output2,NonNestedIteration,SingleWhileLoopIteration
q_py_topic_output_formatting:q_py_output2,WhileLoopWithUpdate,WhileLoopWithListIndexing
q_py_topic_output_formatting:q_py_output2,WhileLoopWithUpdate,WhileLoopWith*=
q_py_topic_output_formatting:q_py_output2,WhileLoopWithUpdate,WhileLoopWith+=
q_py_topic_output_formatting:q_py_output2,ForLoopWithUpdate,ForLoopWith+=
q_py_topic_output_formatting:q_py_output2,ForLoopWithUpdate,ForLoopWith*=
q_py_topic_output_formatting:q_py_output2,ForLoopWithUpdate,ForLoopWithListIndexing
q_py_topic_output_formatting:q_py_output2,NestedLoopIteration,MixedNestedLoopIteration
q_py_topic_output_formatting:q_py_output2,NestedLoopIteration,NestedForLoopIteration
q_py_topic_output_formatting:q_py_output2,NestedLoopIteration,NestedWhileLoopIteration
q_py_topic_output_formatting:q_py_output2,ArithmeticOperation,FindAbsolute
q_py_topic_output_formatting:q_py_output2,ArithmeticOperation,FindRemainder
q_py_topic_output_formatting:q_py_output2,ArithmeticOperation,FindMaximum
q_py_topic_output_formatting:q_py_output2,ArithmeticOperation,Addition
q_py_topic_output_formatting:q_py_output2,ArithmeticOperation,Power
q_py_topic_output_formatting:q_py_output2,ArithmeticOperation,FindMinimum
q_py_topic_output_formatting:q_py_output2,ArithmeticOperation,Substraction
q_py_topic_output_formatting:q_py_output2,ArithmeticOperation,Division
q_py_topic_output_formatting:q_py_output2,ArithmeticOperation,Multiplication
q_py_topic_output_formatting:q_py_output2,HandlingInteger,TransformingToIntType
q_py_topic_output_formatting:q_py_output2,HandlingTuple,CreatingTuple
q_py_topic_output_formatting:q_py_output2,HandlingTuple,SlicingTuple
q_py_topic_output_formatting:q_py_output2,HandlingTuple,IndexingTuple
q_py_topic_output_formatting:q_py_output2,HandlingDictionary,ReplacingDictionaryElement
q_py_topic_output_formatting:q_py_output2,HandlingDictionary,IndexingDictionary
q_py_topic_output_formatting:q_py_output2,HandlingDictionary,AddingItemToDictionary
q_py_topic_output_formatting:q_py_output2,HandlingDictionary,AccessingDictionary
q_py_topic_output_formatting:q_py_output2,HandlingDictionary,CreatingDictionary
q_py_topic_output_formatting:q_py_output2,HandlingList,DeletingListElement
q_py_topic_output_formatting:q_py_output2,HandlingList,IndexingList
q_py_topic_output_formatting:q_py_output2,HandlingList,CreatingList
q_py_topic_output_formatting:q_py_output2,HandlingList,SlicingList
q_py_topic_output_formatting:q_py_output2,HandlingList,ReplacingListElement
q_py_topic_output_formatting:q_py_output2,HandlingList,ListReferencing
q_py_topic_output_formatting:q_py_output2,HandlingList,ReversingList
q_py_topic_output_formatting:q_py_output2,AddingListElement,AddingListElementWithInsert
q_py_topic_output_formatting:q_py_output2,AddingListElement,AddingListElementWithAppend
q_py_topic_output_formatting:q_py_output2,HandlingFile,ClosingFile
q_py_topic_output_formatting:q_py_output2,HandlingFile,ReadingLine
q_py_topic_output_formatting:q_py_output2,HandlingFile,OpeningFile
q_py_topic_output_formatting:q_py_output2,HandlingString,TransformingToStringType
q_py_topic_output_formatting:q_py_output2,HandlingString,SplittingString
q_py_topic_output_formatting:q_py_output3,HandlingAdvancedDataStructure,BinaryTreeTask
q_py_topic_output_formatting:q_py_output3,HandlingAdvancedDataStructure,LinkedListTask
q_py_topic_output_formatting:q_py_output3,HandlingAdvancedDataStructure,QueueTask
q_py_topic_output_formatting:q_py_output3,HandlingAdvancedDataStructure,StackTask
q_py_topic_output_formatting:q_py_output3,TwoDimensionalArrayTask,ReplacingElement2DArray
q_py_topic_output_formatting:q_py_output3,TwoDimensionalArrayTask,Indexing2DArray
q_py_topic_output_formatting:q_py_output3,TwoDimensionalArrayTask,Create2DArray
q_py_topic_output_formatting:q_py_output3,HandlingObjectOrientedProgramming,CallingOOPMethod
q_py_topic_output_formatting:q_py_output3,HandlingObjectOrientedProgramming,CreatingObject
q_py_topic_output_formatting:q_py_output3,HandlingObjectOrientedProgramming,DefiningClass
q_py_topic_output_formatting:q_py_output3,HandlingObjectOrientedProgramming,DefiningOOPMethod
q_py_topic_output_formatting:q_py_output3,HandlingFunction,CallingFunctionLibrary
q_py_topic_output_formatting:q_py_output3,HandlingFunction,NestedFunctionCall
q_py_topic_output_formatting:q_py_output3,HandlingFunctionCallingFunction,CallingFunctionCallingFunction
q_py_topic_output_formatting:q_py_output3,HandlingFunctionCallingFunction,DefiningFunctionCallingFunction
q_py_topic_output_formatting:q_py_output3,HandlingRecursiveFunction,CallingRecursiveFunction
q_py_topic_output_formatting:q_py_output3,HandlingRecursiveFunction,DefiningRecursiveFunction
q_py_topic_output_formatting:q_py_output3,HandlingNestedFunction,CallingNestedFunction
q_py_topic_output_formatting:q_py_output3,HandlingNestedFunction,DefiningNestedFunction
q_py_topic_output_formatting:q_py_output3,HandlingStandardFunction,CallingStandardFunction
q_py_topic_output_formatting:q_py_output3,HandlingStandardFunction,DefiningStandardFunction
q_py_topic_output_formatting:q_py_output3,NonNestedIteration,SingleForLoopIteration
q_py_topic_output_formatting:q_py_output3,NonNestedIteration,SingleWhileLoopIteration
q_py_topic_output_formatting:q_py_output3,WhileLoopWithUpdate,WhileLoopWithListIndexing
q_py_topic_output_formatting:q_py_output3,WhileLoopWithUpdate,WhileLoopWith*=
q_py_topic_output_formatting:q_py_output3,WhileLoopWithUpdate,WhileLoopWith+=
q_py_topic_output_formatting:q_py_output3,ForLoopWithUpdate,ForLoopWith+=
q_py_topic_output_formatting:q_py_output3,ForLoopWithUpdate,ForLoopWith*=
q_py_topic_output_formatting:q_py_output3,ForLoopWithUpdate,ForLoopWithListIndexing
q_py_topic_output_formatting:q_py_output3,NestedLoopIteration,MixedNestedLoopIteration
q_py_topic_output_formatting:q_py_output3,NestedLoopIteration,NestedForLoopIteration
q_py_topic_output_formatting:q_py_output3,NestedLoopIteration,NestedWhileLoopIteration
q_py_topic_output_formatting:q_py_output3,ArithmeticOperation,FindAbsolute
q_py_topic_output_formatting:q_py_output3,ArithmeticOperation,FindRemainder
q_py_topic_output_formatting:q_py_output3,ArithmeticOperation,FindMaximum
q_py_topic_output_formatting:q_py_output3,ArithmeticOperation,Round
q_py_topic_output_formatting:q_py_output3,ArithmeticOperation,Power
q_py_topic_output_formatting:q_py_output3,ArithmeticOperation,FindMinimum
q_py_topic_output_formatting:q_py_output3,ArithmeticOperation,Substraction
q_py_topic_output_formatting:q_py_output3,ArithmeticOperation,Division
q_py_topic_output_formatting:q_py_output3,HandlingInteger,TransformingToIntType
q_py_topic_output_formatting:q_py_output3,HandlingTuple,CreatingTuple
q_py_topic_output_formatting:q_py_output3,HandlingTuple,SlicingTuple
q_py_topic_output_formatting:q_py_output3,HandlingTuple,IndexingTuple
q_py_topic_output_formatting:q_py_output3,HandlingFloat,TransformingToFloatType
q_py_topic_output_formatting:q_py_output3,HandlingDictionary,ReplacingDictionaryElement
q_py_topic_output_formatting:q_py_output3,HandlingDictionary,IndexingDictionary
q_py_topic_output_formatting:q_py_output3,HandlingDictionary,AddingItemToDictionary
q_py_topic_output_formatting:q_py_output3,HandlingDictionary,AccessingDictionary
q_py_topic_output_formatting:q_py_output3,HandlingDictionary,CreatingDictionary
q_py_topic_output_formatting:q_py_output3,HandlingList,DeletingListElement
q_py_topic_output_formatting:q_py_output3,HandlingList,IndexingList
q_py_topic_output_formatting:q_py_output3,HandlingList,CreatingList
q_py_topic_output_formatting:q_py_output3,HandlingList,SlicingList
q_py_topic_output_formatting:q_py_output3,HandlingList,ReplacingListElement
q_py_topic_output_formatting:q_py_output3,HandlingList,ListReferencing
q_py_topic_output_formatting:q_py_output3,HandlingList,ReversingList
q_py_topic_output_formatting:q_py_output3,AddingListElement,AddingListElementWithInsert
q_py_topic_output_formatting:q_py_output3,AddingListElement,AddingListElementWithAppend
q_py_topic_output_formatting:q_py_output3,HandlingFile,ClosingFile
q_py_topic_output_formatting:q_py_output3,HandlingFile,ReadingLine
q_py_topic_output_formatting:q_py_output3,HandlingFile,OpeningFile
q_py_topic_output_formatting:q_py_output3,HandlingString,CreatingString
q_py_topic_output_formatting:q_py_output3,HandlingString,ReplacingStringContent
q_py_topic_output_formatting:q_py_output3,HandlingString,FormattingString
q_py_topic_output_formatting:q_py_output3,HandlingString,TransformingToStringType
q_py_topic_output_formatting:q_py_output3,HandlingString,SplittingString
q_py_topic_output_formatting:q_py_output4,CheckingInForLoop,IfElseCheckingInForLoop
q_py_topic_output_formatting:q_py_output4,HandlingFunctionCallingFunction,DefiningFunctionCallingFunction
q_py_topic_output_formatting:q_py_output4,WhileLoopWithUpdate,WhileLoopWithListIndexing
q_py_topic_output_formatting:q_py_output4,WhileLoopWithUpdate,WhileLoopWith*=
q_py_topic_output_formatting:q_py_output4,WhileLoopWithUpdate,WhileLoopWith+=
q_py_topic_output_formatting:q_py_output4,ForLoopWithUpdate,ForLoopWith+=
q_py_topic_output_formatting:q_py_output4,ForLoopWithUpdate,ForLoopWith*=
q_py_topic_output_formatting:q_py_output4,ForLoopWithUpdate,ForLoopWithListIndexing
q_py_topic_output_formatting:q_py_output4,NestedLoopIteration,NestedForLoopIteration
q_py_topic_output_formatting:q_py_output4,NestedLoopIteration,NestedWhileLoopIteration
q_py_topic_output_formatting:q_py_output4,ArithmeticOperation,FindAbsolute
q_py_topic_output_formatting:q_py_output4,ArithmeticOperation,FindRemainder
q_py_topic_output_formatting:q_py_output4,ArithmeticOperation,Addition
q_py_topic_output_formatting:q_py_output4,ArithmeticOperation,Power
q_py_topic_output_formatting:q_py_output4,ArithmeticOperation,FindMinimum
q_py_topic_output_formatting:q_py_output4,ArithmeticOperation,Substraction
q_py_topic_output_formatting:q_py_output4,ArithmeticOperation,Division
q_py_topic_output_formatting:q_py_output4,ArithmeticOperation,Multiplication
q_py_topic_output_formatting:q_py_output4,HandlingTuple,CreatingTuple
q_py_topic_output_formatting:q_py_output4,HandlingTuple,SlicingTuple
q_py_topic_output_formatting:q_py_output4,HandlingTuple,IndexingTuple
q_py_topic_output_formatting:q_py_output4,HandlingDictionary,ReplacingDictionaryElement
q_py_topic_output_formatting:q_py_output4,HandlingDictionary,IndexingDictionary
q_py_topic_output_formatting:q_py_output4,HandlingDictionary,AddingItemToDictionary
q_py_topic_output_formatting:q_py_output4,HandlingDictionary,CreatingDictionary
q_py_topic_output_formatting:q_py_output4,HandlingList,DeletingListElement
q_py_topic_output_formatting:q_py_output4,HandlingList,CreatingList
q_py_topic_output_formatting:q_py_output4,HandlingList,SlicingList
q_py_topic_output_formatting:q_py_output4,HandlingList,ReplacingListElement
q_py_topic_output_formatting:q_py_output4,HandlingList,ListReferencing
q_py_topic_output_formatting:q_py_output4,HandlingList,ReversingList
q_py_topic_output_formatting:q_py_output4,AddingListElement,AddingListElementWithInsert
q_py_topic_output_formatting:q_py_output4,AddingListElement,AddingListElementWithAppend
q_py_topic_output_formatting:q_py_output4,HandlingFile,ClosingFile
q_py_topic_output_formatting:q_py_output4,HandlingFile,ReadingLine
q_py_topic_output_formatting:q_py_output4,HandlingFile,OpeningFile
q_py_topic_output_formatting:q_py_output4,HandlingString,ReplacingStringContent
q_py_topic_output_formatting:q_py_output4,HandlingString,TransformingToStringType
q_py_topic_output_formatting:q_py_output4,HandlingString,SplittingString
q_py_topic_references:q_py_int_ref1,WhileLoopWithUpdate,WhileLoopWithListIndexing
q_py_topic_references:q_py_int_ref1,WhileLoopWithUpdate,WhileLoopWith*=
q_py_topic_references:q_py_int_ref1,WhileLoopWithUpdate,WhileLoopWith+=
q_py_topic_references:q_py_int_ref1,ForLoopWithUpdate,ForLoopWith+=
q_py_topic_references:q_py_int_ref1,ForLoopWithUpdate,ForLoopWith*=
q_py_topic_references:q_py_int_ref1,ForLoopWithUpdate,ForLoopWithListIndexing
q_py_topic_references:q_py_int_ref1,NestedLoopIteration,NestedForLoopIteration
q_py_topic_references:q_py_int_ref1,NestedLoopIteration,NestedWhileLoopIteration
q_py_topic_references:q_py_int_ref1,ArithmeticOperation,FindAbsolute
q_py_topic_references:q_py_int_ref1,ArithmeticOperation,FindRemainder
q_py_topic_references:q_py_int_ref1,ArithmeticOperation,FindMaximum
q_py_topic_references:q_py_int_ref1,ArithmeticOperation,Addition
q_py_topic_references:q_py_int_ref1,ArithmeticOperation,Round
q_py_topic_references:q_py_int_ref1,ArithmeticOperation,Power
q_py_topic_references:q_py_int_ref1,ArithmeticOperation,FindMinimum
q_py_topic_references:q_py_int_ref1,ArithmeticOperation,Substraction
q_py_topic_references:q_py_int_ref1,ArithmeticOperation,Division
q_py_topic_references:q_py_int_ref1,HandlingTuple,CreatingTuple
q_py_topic_references:q_py_int_ref1,HandlingTuple,SlicingTuple
q_py_topic_references:q_py_int_ref1,HandlingTuple,IndexingTuple
q_py_topic_references:q_py_int_ref1,HandlingFloat,TransformingToFloatType
q_py_topic_references:q_py_int_ref1,HandlingDictionary,ReplacingDictionaryElement
q_py_topic_references:q_py_int_ref1,HandlingDictionary,IndexingDictionary
q_py_topic_references:q_py_int_ref1,HandlingDictionary,AddingItemToDictionary
q_py_topic_references:q_py_int_ref1,HandlingDictionary,AccessingDictionary
q_py_topic_references:q_py_int_ref1,HandlingList,DeletingListElement
q_py_topic_references:q_py_int_ref1,HandlingList,SlicingList
q_py_topic_references:q_py_int_ref1,HandlingList,ReplacingListElement
q_py_topic_references:q_py_int_ref1,HandlingList,ListReferencing
q_py_topic_references:q_py_int_ref1,HandlingList,ReversingList
q_py_topic_references:q_py_int_ref1,AddingListElement,AddingListElementWithInsert
q_py_topic_references:q_py_int_ref1,AddingListElement,AddingListElementWithAppend
q_py_topic_references:q_py_int_ref1,HandlingFile,ClosingFile
q_py_topic_references:q_py_int_ref1,HandlingFile,ReadingLine
q_py_topic_references:q_py_int_ref1,HandlingFile,OpeningFile
q_py_topic_references:q_py_int_ref1,HandlingString,ReplacingStringContent
q_py_topic_references:q_py_int_ref1,HandlingString,FormattingString
q_py_topic_references:q_py_int_ref1,HandlingString,TransformingToStringType
q_py_topic_references:q_py_int_ref1,HandlingString,SplittingString
q_py_topic_references:q_py_list_int_ref1,WhileLoopWithUpdate,WhileLoopWithListIndexing
q_py_topic_references:q_py_list_int_ref1,WhileLoopWithUpdate,WhileLoopWith*=
q_py_topic_references:q_py_list_int_ref1,WhileLoopWithUpdate,WhileLoopWith+=
q_py_topic_references:q_py_list_int_ref1,ForLoopWithUpdate,ForLoopWith*=
q_py_topic_references:q_py_list_int_ref1,ForLoopWithUpdate,ForLoopWithListIndexing
q_py_topic_references:q_py_list_int_ref1,NestedLoopIteration,NestedForLoopIteration
q_py_topic_references:q_py_list_int_ref1,NestedLoopIteration,NestedWhileLoopIteration
q_py_topic_references:q_py_list_int_ref1,ArithmeticOperation,FindAbsolute
q_py_topic_references:q_py_list_int_ref1,ArithmeticOperation,FindRemainder
q_py_topic_references:q_py_list_int_ref1,ArithmeticOperation,FindMaximum
q_py_topic_references:q_py_list_int_ref1,ArithmeticOperation,Round
q_py_topic_references:q_py_list_int_ref1,ArithmeticOperation,Power
q_py_topic_references:q_py_list_int_ref1,ArithmeticOperation,FindMinimum
q_py_topic_references:q_py_list_int_ref1,ArithmeticOperation,Division
q_py_topic_references:q_py_list_int_ref1,ArithmeticOperation,Multiplication
q_py_topic_references:q_py_list_int_ref1,HandlingTuple,CreatingTuple
q_py_topic_references:q_py_list_int_ref1,HandlingTuple,SlicingTuple
q_py_topic_references:q_py_list_int_ref1,HandlingTuple,IndexingTuple
q_py_topic_references:q_py_list_int_ref1,HandlingFloat,TransformingToFloatType
q_py_topic_references:q_py_list_int_ref1,HandlingDictionary,ReplacingDictionaryElement
q_py_topic_references:q_py_list_int_ref1,HandlingDictionary,IndexingDictionary
q_py_topic_references:q_py_list_int_ref1,HandlingDictionary,AddingItemToDictionary
q_py_topic_references:q_py_list_int_ref1,HandlingDictionary,CreatingDictionary
q_py_topic_references:q_py_list_int_ref1,HandlingList,DeletingListElement
q_py_topic_references:q_py_list_int_ref1,HandlingList,SlicingList
q_py_topic_references:q_py_list_int_ref1,HandlingList,ReversingList
q_py_topic_references:q_py_list_int_ref1,AddingListElement,AddingListElementWithInsert
q_py_topic_references:q_py_list_int_ref1,AddingListElement,AddingListElementWithAppend
q_py_topic_references:q_py_list_int_ref1,HandlingFile,ClosingFile
q_py_topic_references:q_py_list_int_ref1,HandlingFile,ReadingLine
q_py_topic_references:q_py_list_int_ref1,HandlingFile,OpeningFile
q_py_topic_references:q_py_list_int_ref1,HandlingString,ReplacingStringContent
q_py_topic_references:q_py_list_int_ref1,HandlingString,TransformingToStringType
q_py_topic_references:q_py_list_int_ref1,HandlingString,SplittingString
q_py_topic_references:q_py_list_str_ref1,NonNestedIteration,SingleWhileLoopIteration
q_py_topic_references:q_py_list_str_ref1,WhileLoopWithUpdate,WhileLoopWithListIndexing
q_py_topic_references:q_py_list_str_ref1,WhileLoopWithUpdate,WhileLoopWith*=
q_py_topic_references:q_py_list_str_ref1,WhileLoopWithUpdate,WhileLoopWith+=
q_py_topic_references:q_py_list_str_ref1,ForLoopWithUpdate,ForLoopWith+=
q_py_topic_references:q_py_list_str_ref1,ForLoopWithUpdate,ForLoopWith*=
q_py_topic_references:q_py_list_str_ref1,ForLoopWithUpdate,ForLoopWithListIndexing
q_py_topic_references:q_py_list_str_ref1,NestedLoopIteration,MixedNestedLoopIteration
q_py_topic_references:q_py_list_str_ref1,NestedLoopIteration,NestedForLoopIteration
q_py_topic_references:q_py_list_str_ref1,NestedLoopIteration,NestedWhileLoopIteration
q_py_topic_references:q_py_list_str_ref1,ArithmeticOperation,FindAbsolute
q_py_topic_references:q_py_list_str_ref1,ArithmeticOperation,FindRemainder
q_py_topic_references:q_py_list_str_ref1,ArithmeticOperation,FindMaximum
q_py_topic_references:q_py_list_str_ref1,ArithmeticOperation,Addition
q_py_topic_references:q_py_list_str_ref1,ArithmeticOperation,Round
q_py_topic_references:q_py_list_str_ref1,ArithmeticOperation,Power
q_py_topic_references:q_py_list_str_ref1,ArithmeticOperation,FindMinimum
q_py_topic_references:q_py_list_str_ref1,ArithmeticOperation,Substraction
q_py_topic_references:q_py_list_str_ref1,ArithmeticOperation,Division
q_py_topic_references:q_py_list_str_ref1,ArithmeticOperation,Multiplication
q_py_topic_references:q_py_list_str_ref1,HandlingInteger,TransformingToIntType
q_py_topic_references:q_py_list_str_ref1,HandlingTuple,CreatingTuple
q_py_topic_references:q_py_list_str_ref1,HandlingTuple,SlicingTuple
q_py_topic_references:q_py_list_str_ref1,HandlingTuple,IndexingTuple
q_py_topic_references:q_py_list_str_ref1,HandlingFloat,TransformingToFloatType
q_py_topic_references:q_py_list_str_ref1,HandlingDictionary,ReplacingDictionaryElement
q_py_topic_references:q_py_list_str_ref1,HandlingDictionary,IndexingDictionary
q_py_topic_references:q_py_list_str_ref1,HandlingDictionary,AddingItemToDictionary
q_py_topic_references:q_py_list_str_ref1,HandlingDictionary,AccessingDictionary
q_py_topic_references:q_py_list_str_ref1,HandlingDictionary,CreatingDictionary
q_py_topic_references:q_py_list_str_ref1,HandlingList,DeletingListElement
q_py_topic_references:q_py_list_str_ref1,HandlingList,SlicingList
q_py_topic_references:q_py_list_str_ref1,HandlingList,ReversingList
q_py_topic_references:q_py_list_str_ref1,AddingListElement,AddingListElementWithInsert
q_py_topic_references:q_py_list_str_ref1,AddingListElement,AddingListElementWithAppend
q_py_topic_references:q_py_list_str_ref1,HandlingFile,ClosingFile
q_py_topic_references:q_py_list_str_ref1,HandlingFile,ReadingLine
q_py_topic_references:q_py_list_str_ref1,HandlingFile,OpeningFile
q_py_topic_references:q_py_list_str_ref1,HandlingString,FormattingString
q_py_topic_references:q_py_list_str_ref1,HandlingString,TransformingToStringType
q_py_topic_references:q_py_list_str_ref1,HandlingString,SplittingString
q_py_topic_references:q_py_str_ref1,WhileLoopWithUpdate,WhileLoopWithListIndexing
q_py_topic_references:q_py_str_ref1,WhileLoopWithUpdate,WhileLoopWith*=
q_py_topic_references:q_py_str_ref1,WhileLoopWithUpdate,WhileLoopWith+=
q_py_topic_references:q_py_str_ref1,ForLoopWithUpdate,ForLoopWith*=
q_py_topic_references:q_py_str_ref1,ForLoopWithUpdate,ForLoopWithListIndexing
q_py_topic_references:q_py_str_ref1,NestedLoopIteration,MixedNestedLoopIteration
q_py_topic_references:q_py_str_ref1,NestedLoopIteration,NestedForLoopIteration
q_py_topic_references:q_py_str_ref1,NestedLoopIteration,NestedWhileLoopIteration
q_py_topic_references:q_py_str_ref1,ArithmeticOperation,FindAbsolute
q_py_topic_references:q_py_str_ref1,ArithmeticOperation,FindRemainder
q_py_topic_references:q_py_str_ref1,ArithmeticOperation,FindMaximum
q_py_topic_references:q_py_str_ref1,ArithmeticOperation,Round
q_py_topic_references:q_py_str_ref1,ArithmeticOperation,Power
q_py_topic_references:q_py_str_ref1,ArithmeticOperation,FindMinimum
q_py_topic_references:q_py_str_ref1,ArithmeticOperation,Substraction
q_py_topic_references:q_py_str_ref1,ArithmeticOperation,Division
q_py_topic_references:q_py_str_ref1,ArithmeticOperation,Multiplication
q_py_topic_references:q_py_str_ref1,HandlingTuple,SlicingTuple
q_py_topic_references:q_py_str_ref1,HandlingDictionary,ReplacingDictionaryElement
q_py_topic_references:q_py_str_ref1,HandlingDictionary,IndexingDictionary
q_py_topic_references:q_py_str_ref1,HandlingDictionary,AddingItemToDictionary
q_py_topic_references:q_py_str_ref1,HandlingList,DeletingListElement
q_py_topic_references:q_py_str_ref1,HandlingList,SlicingList
q_py_topic_references:q_py_str_ref1,HandlingList,ReplacingListElement
q_py_topic_references:q_py_str_ref1,HandlingList,ListReferencing
q_py_topic_references:q_py_str_ref1,HandlingList,ReversingList
q_py_topic_references:q_py_str_ref1,AddingListElement,AddingListElementWithInsert
q_py_topic_references:q_py_str_ref1,AddingListElement,AddingListElementWithAppend
q_py_topic_references:q_py_str_ref1,HandlingString,FormattingString
q_py_topic_references:q_py_str_ref1,HandlingString,SplittingString
q_py_topic_strings:q_py_concat_strings1,NonNestedIteration,SingleForLoopIteration
q_py_topic_strings:q_py_concat_strings1,WhileLoopWithUpdate,WhileLoopWithListIndexing
q_py_topic_strings:q_py_concat_strings1,WhileLoopWithUpdate,WhileLoopWith*=
q_py_topic_strings:q_py_concat_strings1,ForLoopWithUpdate,ForLoopWith+=
q_py_topic_strings:q_py_concat_strings1,ForLoopWithUpdate,ForLoopWith*=
q_py_topic_strings:q_py_concat_strings1,ForLoopWithUpdate,ForLoopWithListIndexing
q_py_topic_strings:q_py_concat_strings1,ArithmeticOperation,FindAbsolute
q_py_topic_strings:q_py_concat_strings1,ArithmeticOperation,FindRemainder
q_py_topic_strings:q_py_concat_strings1,ArithmeticOperation,FindMaximum
q_py_topic_strings:q_py_concat_strings1,ArithmeticOperation,Round
q_py_topic_strings:q_py_concat_strings1,ArithmeticOperation,Power
q_py_topic_strings:q_py_concat_strings1,ArithmeticOperation,FindMinimum
q_py_topic_strings:q_py_concat_strings1,ArithmeticOperation,Substraction
q_py_topic_strings:q_py_concat_strings1,ArithmeticOperation,Division
q_py_topic_strings:q_py_concat_strings1,ArithmeticOperation,Multiplication
q_py_topic_strings:q_py_concat_strings1,HandlingInteger,TransformingToIntType
q_py_topic_strings:q_py_concat_strings1,HandlingTuple,CreatingTuple
q_py_topic_strings:q_py_concat_strings1,HandlingTuple,SlicingTuple
q_py_topic_strings:q_py_concat_strings1,HandlingTuple,IndexingTuple
q_py_topic_strings:q_py_concat_strings1,HandlingFloat,TransformingToFloatType
q_py_topic_strings:q_py_concat_strings1,HandlingDictionary,ReplacingDictionaryElement
q_py_topic_strings:q_py_concat_strings1,HandlingDictionary,IndexingDictionary
q_py_topic_strings:q_py_concat_strings1,HandlingDictionary,AddingItemToDictionary
q_py_topic_strings:q_py_concat_strings1,HandlingDictionary,AccessingDictionary
q_py_topic_strings:q_py_concat_strings1,HandlingDictionary,CreatingDictionary
q_py_topic_strings:q_py_concat_strings1,HandlingList,DeletingListElement
q_py_topic_strings:q_py_concat_strings1,HandlingList,CreatingList
q_py_topic_strings:q_py_concat_strings1,HandlingList,SlicingList
q_py_topic_strings:q_py_concat_strings1,HandlingList,ReplacingListElement
q_py_topic_strings:q_py_concat_strings1,HandlingList,ListReferencing
q_py_topic_strings:q_py_concat_strings1,HandlingList,ReversingList
q_py_topic_strings:q_py_concat_strings1,AddingListElement,AddingListElementWithInsert
q_py_topic_strings:q_py_concat_strings1,AddingListElement,AddingListElementWithAppend
q_py_topic_strings:q_py_concat_strings1,HandlingFile,ClosingFile
q_py_topic_strings:q_py_concat_strings1,HandlingFile,ReadingLine
q_py_topic_strings:q_py_concat_strings1,HandlingFile,OpeningFile
q_py_topic_strings:q_py_concat_strings1,HandlingString,ReplacingStringContent
q_py_topic_strings:q_py_concat_strings1,HandlingString,TransformingToStringType
q_py_topic_strings:q_py_concat_strings1,HandlingString,SplittingString
ae_adl_objects3,WhileLoopWithUpdate,WhileLoopWithListIndexing
ae_adl_objects3,WhileLoopWithUpdate,WhileLoopWith*=
ae_adl_objects3,WhileLoopWithUpdate,WhileLoopWith+=
ae_adl_objects3,ForLoopWithUpdate,ForLoopWith+=
ae_adl_objects3,ForLoopWithUpdate,ForLoopWith*=
ae_adl_objects3,ForLoopWithUpdate,ForLoopWithListIndexing
ae_adl_objects3,ArithmeticOperation,FindAbsolute
ae_adl_objects3,ArithmeticOperation,FindRemainder
ae_adl_objects3,ArithmeticOperation,FindMaximum
ae_adl_objects3,ArithmeticOperation,Round
ae_adl_objects3,ArithmeticOperation,Power
ae_adl_objects3,ArithmeticOperation,FindMinimum
ae_adl_objects3,ArithmeticOperation,Division
ae_adl_objects3,ArithmeticOperation,Multiplication
ae_adl_objects3,HandlingTuple,CreatingTuple
ae_adl_objects3,HandlingTuple,SlicingTuple
ae_adl_objects3,HandlingTuple,IndexingTuple
ae_adl_objects3,HandlingFloat,TransformingToFloatType
ae_adl_objects3,HandlingDictionary,ReplacingDictionaryElement
ae_adl_objects3,HandlingDictionary,IndexingDictionary
ae_adl_objects3,HandlingList,SlicingList
ae_adl_objects3,HandlingList,ListReferencing
ae_adl_objects3,HandlingList,ReversingList
ae_adl_objects3,AddingListElement,AddingListElementWithInsert
ae_adl_objects3,AddingListElement,AddingListElementWithAppend
ae_adl_objects3,HandlingString,ReplacingStringContent
ae_adl_objects3,HandlingString,TransformingToStringType
ae_adl_objects3,HandlingString,SplittingString
ae_python_intro,WhileLoopWithUpdate,WhileLoopWithListIndexing
ae_python_intro,WhileLoopWithUpdate,WhileLoopWith*=
ae_python_intro,WhileLoopWithUpdate,WhileLoopWith+=
ae_python_intro,ForLoopWithUpdate,ForLoopWith+=
ae_python_intro,ForLoopWithUpdate,ForLoopWith*=
ae_python_intro,ForLoopWithUpdate,ForLoopWithListIndexing
ae_python_intro,NestedLoopIteration,NestedForLoopIteration
ae_python_intro,NestedLoopIteration,NestedWhileLoopIteration
ae_python_intro,ArithmeticOperation,FindAbsolute
ae_python_intro,ArithmeticOperation,FindRemainder
ae_python_intro,ArithmeticOperation,FindMaximum
ae_python_intro,ArithmeticOperation,Round
ae_python_intro,ArithmeticOperation,Power
ae_python_intro,ArithmeticOperation,FindMinimum
ae_python_intro,ArithmeticOperation,Substraction
ae_python_intro,ArithmeticOperation,Division
ae_python_intro,HandlingTuple,CreatingTuple
ae_python_intro,HandlingTuple,SlicingTuple
ae_python_intro,HandlingTuple,IndexingTuple
ae_python_intro,HandlingDictionary,ReplacingDictionaryElement
ae_python_intro,HandlingDictionary,IndexingDictionary
ae_python_intro,HandlingDictionary,AddingItemToDictionary
ae_python_intro,HandlingDictionary,AccessingDictionary
ae_python_intro,HandlingList,DeletingListElement
ae_python_intro,HandlingList,IndexingList
ae_python_intro,HandlingList,SlicingList
ae_python_intro,HandlingList,ReplacingListElement
ae_python_intro,HandlingList,ListReferencing
ae_python_intro,HandlingList,ReversingList
ae_python_intro,AddingListElement,AddingListElementWithInsert
ae_python_intro,AddingListElement,AddingListElementWithAppend
ae_python_intro,HandlingFile,ClosingFile
ae_python_intro,HandlingFile,ReadingLine
ae_python_intro,HandlingFile,OpeningFile
ae_python_intro,HandlingString,ReplacingStringContent
ae_python_intro,HandlingString,FormattingString
ae_python_intro,HandlingString,TransformingToStringType
ae_python_intro,HandlingString,SplittingString
ae_python_assignment,NonNestedIteration,SingleWhileLoopIteration
ae_python_assignment,WhileLoopWithUpdate,WhileLoopWithListIndexing
ae_python_assignment,WhileLoopWithUpdate,WhileLoopWith*=
ae_python_assignment,ForLoopWithUpdate,ForLoopWith*=
ae_python_assignment,ForLoopWithUpdate,ForLoopWithListIndexing
ae_python_assignment,NestedLoopIteration,NestedForLoopIteration
ae_python_assignment,NestedLoopIteration,NestedWhileLoopIteration
ae_python_assignment,ArithmeticOperation,FindAbsolute
ae_python_assignment,ArithmeticOperation,Round
ae_python_assignment,HandlingList,ReversingList
ae_python_input,WhileLoopWithUpdate,WhileLoopWithListIndexing
ae_python_input,WhileLoopWithUpdate,WhileLoopWith*=
ae_python_input,WhileLoopWithUpdate,WhileLoopWith+=
ae_python_input,ForLoopWithUpdate,ForLoopWith+=
ae_python_input,ForLoopWithUpdate,ForLoopWith*=
ae_python_input,ForLoopWithUpdate,ForLoopWithListIndexing
ae_python_input,NestedLoopIteration,MixedNestedLoopIteration
ae_python_input,NestedLoopIteration,NestedForLoopIteration
ae_python_input,NestedLoopIteration,NestedWhileLoopIteration
ae_python_input,ArithmeticOperation,FindAbsolute
ae_python_input,ArithmeticOperation,FindRemainder
ae_python_input,ArithmeticOperation,FindMaximum
ae_python_input,ArithmeticOperation,Round
ae_python_input,ArithmeticOperation,Power
ae_python_input,ArithmeticOperation,FindMinimum
ae_python_input,ArithmeticOperation,Substraction
ae_python_input,ArithmeticOperation,Division
ae_python_input,ArithmeticOperation,Multiplication
ae_python_input,HandlingTuple,CreatingTuple
ae_python_input,HandlingTuple,SlicingTuple
ae_python_input,HandlingTuple,IndexingTuple
ae_python_input,HandlingDictionary,ReplacingDictionaryElement
ae_python_input,HandlingDictionary,IndexingDictionary
ae_python_input,HandlingDictionary,AddingItemToDictionary
ae_python_input,HandlingList,DeletingListElement
ae_python_input,HandlingList,SlicingList
ae_python_input,HandlingList,ReplacingListElement
ae_python_input,HandlingList,ListReferencing
ae_python_input,HandlingList,ReversingList
ae_python_input,AddingListElement,AddingListElementWithInsert
ae_python_input,AddingListElement,AddingListElementWithAppend
ae_python_input,HandlingFile,ClosingFile
ae_python_input,HandlingFile,ReadingLine
ae_python_input,HandlingFile,OpeningFile
ae_python_input,HandlingString,SplittingString
ae_python_float,WhileLoopWithUpdate,WhileLoopWithListIndexing
ae_python_float,WhileLoopWithUpdate,WhileLoopWith*=
ae_python_float,WhileLoopWithUpdate,WhileLoopWith+=
ae_python_float,ForLoopWithUpdate,ForLoopWith+=
ae_python_float,ForLoopWithUpdate,ForLoopWith*=
ae_python_float,ForLoopWithUpdate,ForLoopWithListIndexing
ae_python_float,NestedLoopIteration,NestedForLoopIteration
ae_python_float,NestedLoopIteration,NestedWhileLoopIteration
ae_python_float,ArithmeticOperation,FindAbsolute
ae_python_float,ArithmeticOperation,FindRemainder
ae_python_float,ArithmeticOperation,FindMaximum
ae_python_float,ArithmeticOperation,Round
ae_python_float,ArithmeticOperation,Power
ae_python_float,ArithmeticOperation,FindMinimum
ae_python_float,ArithmeticOperation,Substraction
ae_python_float,ArithmeticOperation,Division
ae_python_float,HandlingInteger,TransformingToIntType
ae_python_float,HandlingTuple,CreatingTuple
ae_python_float,HandlingTuple,SlicingTuple
ae_python_float,HandlingTuple,IndexingTuple
ae_python_float,HandlingDictionary,ReplacingDictionaryElement
ae_python_float,HandlingDictionary,IndexingDictionary
ae_python_float,HandlingDictionary,AddingItemToDictionary
ae_python_float,HandlingDictionary,AccessingDictionary
ae_python_float,HandlingList,DeletingListElement
ae_python_float,HandlingList,IndexingList
ae_python_float,HandlingList,SlicingList
ae_python_float,HandlingList,ReplacingListElement
ae_python_float,HandlingList,ListReferencing
ae_python_float,HandlingList,ReversingList
ae_python_float,AddingListElement,AddingListElementWithInsert
ae_python_float,AddingListElement,AddingListElementWithAppend
ae_python_float,HandlingFile,ClosingFile
ae_python_float,HandlingFile,ReadingLine
ae_python_float,HandlingFile,OpeningFile
ae_python_float,HandlingString,ReplacingStringContent
ae_python_float,HandlingString,SplittingString
ae_python_if,WhileLoopWithUpdate,WhileLoopWithListIndexing
ae_python_if,WhileLoopWithUpdate,WhileLoopWith*=
ae_python_if,WhileLoopWithUpdate,WhileLoopWith+=
ae_python_if,ForLoopWithUpdate,ForLoopWith+=
ae_python_if,ForLoopWithUpdate,ForLoopWith*=
ae_python_if,ForLoopWithUpdate,ForLoopWithListIndexing
ae_python_if,NestedLoopIteration,NestedForLoopIteration
ae_python_if,NestedLoopIteration,NestedWhileLoopIteration
ae_python_if,ArithmeticOperation,FindAbsolute
ae_python_if,ArithmeticOperation,Round
ae_python_if,ArithmeticOperation,Power
ae_python_if,ArithmeticOperation,FindMinimum
ae_python_if,HandlingTuple,CreatingTuple
ae_python_if,HandlingTuple,SlicingTuple
ae_python_if,HandlingTuple,IndexingTuple
ae_python_if,HandlingDictionary,ReplacingDictionaryElement
ae_python_if,HandlingDictionary,IndexingDictionary
ae_python_if,HandlingDictionary,AddingItemToDictionary
ae_python_if,HandlingDictionary,AccessingDictionary
ae_python_if,HandlingList,DeletingListElement
ae_python_if,HandlingList,IndexingList
ae_python_if,HandlingList,SlicingList
ae_python_if,HandlingList,ReplacingListElement
ae_python_if,HandlingList,ListReferencing
ae_python_if,HandlingList,ReversingList
ae_python_if,AddingListElement,AddingListElementWithInsert
ae_python_if,AddingListElement,AddingListElementWithAppend
ae_python_if,HandlingString,TransformingToStringType
ae_python_if,HandlingString,SplittingString
ae_python_while,CheckingInForLoop,IfElseCheckingInForLoop
ae_python_while,CheckingInForLoop,IfElifCheckingInForLoop
ae_python_while,CheckingInForLoop,IfCheckingInForLoop
ae_python_while,CheckingInForLoop,IfElifElseCheckingInForLoop
ae_python_while,HandlingObjectOrientedProgramming,CallingOOPMethod
ae_python_while,HandlingObjectOrientedProgramming,CreatingObject
ae_python_while,HandlingObjectOrientedProgramming,DefiningClass
ae_python_while,HandlingObjectOrientedProgramming,DefiningOOPMethod
ae_python_while,WhileLoopWithUpdate,WhileLoopWithListIndexing
ae_python_while,WhileLoopWithUpdate,WhileLoopWith*=
ae_python_while,ForLoopWithUpdate,ForLoopWith+=
ae_python_while,ForLoopWithUpdate,ForLoopWith*=
ae_python_while,ForLoopWithUpdate,ForLoopWithListIndexing
ae_python_while,NestedLoopIteration,MixedNestedLoopIteration
ae_python_while,NestedLoopIteration,NestedForLoopIteration
ae_python_while,NestedLoopIteration,NestedWhileLoopIteration
ae_python_while,ArithmeticOperation,FindAbsolute
ae_python_while,HandlingFloat,TransformingToFloatType
ae_python_while,HandlingList,SlicingList
ae_python_while,HandlingString,ReplacingStringContent
ae_python_while,HandlingString,TransformingToStringType
ae_python_while,HandlingString,SplittingString
ae_python_for,WhileLoopWithUpdate,WhileLoopWithListIndexing
ae_python_for,WhileLoopWithUpdate,WhileLoopWith*=
ae_python_for,WhileLoopWithUpdate,WhileLoopWith+=
ae_python_for,ForLoopWithUpdate,ForLoopWith+=
ae_python_for,ForLoopWithUpdate,ForLoopWithListIndexing
ae_python_for,NestedLoopIteration,MixedNestedLoopIteration
ae_python_for,NestedLoopIteration,NestedWhileLoopIteration
ae_python_for,ArithmeticOperation,FindAbsolute
ae_python_for,ArithmeticOperation,FindRemainder
ae_python_for,ArithmeticOperation,FindMaximum
ae_python_for,ArithmeticOperation,Addition
ae_python_for,ArithmeticOperation,Round
ae_python_for,ArithmeticOperation,Power
ae_python_for,ArithmeticOperation,FindMinimum
ae_python_for,ArithmeticOperation,Substraction
ae_python_for,ArithmeticOperation,Division
ae_python_for,HandlingInteger,TransformingToIntType
ae_python_for,HandlingTuple,CreatingTuple
ae_python_for,HandlingTuple,SlicingTuple
ae_python_for,HandlingTuple,IndexingTuple
ae_python_for,HandlingFloat,TransformingToFloatType
ae_python_for,HandlingDictionary,ReplacingDictionaryElement
ae_python_for,HandlingDictionary,IndexingDictionary
ae_python_for,HandlingDictionary,AddingItemToDictionary
ae_python_for,HandlingList,DeletingListElement
ae_python_for,HandlingList,SlicingList
ae_python_for,HandlingList,ReversingList
ae_python_for,AddingListElement,AddingListElementWithInsert
ae_python_for,AddingListElement,AddingListElementWithAppend
ae_python_for,HandlingFile,ClosingFile
ae_python_for,HandlingFile,ReadingLine
ae_python_for,HandlingFile,OpeningFile
ae_python_for,HandlingString,ReplacingStringContent
ae_python_for,HandlingString,TransformingToStringType
ae_python_for,HandlingString,SplittingString
ae_python_function,Python,CheckingForItem
ae_python_function,Python,HandlingInput
ae_python_function,CheckingCondition,AssertChecking
ae_python_function,CheckingCondition,IfElifChecking
ae_python_function,CheckingCondition,BooleanEvaluating
ae_python_function,CheckingInForLoop,IfElseCheckingInForLoop
ae_python_function,CheckingInForLoop,IfElifCheckingInForLoop
ae_python_function,CheckingInForLoop,IfCheckingInForLoop
ae_python_function,CheckingInForLoop,IfElifElseCheckingInForLoop
ae_python_function,CheckingInWhileLoop,IfElifElseCheckingInWhileLoop
ae_python_function,CheckingInWhileLoop,IfCheckingInWhileLoop
ae_python_function,CheckingInWhileLoop,IfElseCheckingInWhileLoop
ae_python_function,CheckingInWhileLoop,IfElifCheckingInWhileLoop
ae_python_function,ManagingVariable,SwappingVariablesValue
ae_python_function,HandlingAdvancedDataStructure,BinaryTreeTask
ae_python_function,HandlingAdvancedDataStructure,LinkedListTask
ae_python_function,HandlingAdvancedDataStructure,QueueTask
ae_python_function,HandlingAdvancedDataStructure,StackTask
ae_python_function,TwoDimensionalArrayTask,ReplacingElement2DArray
ae_python_function,TwoDimensionalArrayTask,Indexing2DArray
ae_python_function,TwoDimensionalArrayTask,Create2DArray
ae_python_function,HandlingObjectOrientedProgramming,CallingOOPMethod
ae_python_function,HandlingObjectOrientedProgramming,CreatingObject
ae_python_function,HandlingObjectOrientedProgramming,DefiningClass
ae_python_function,HandlingObjectOrientedProgramming,DefiningOOPMethod
ae_python_function,HandlingFunctionCallingFunction,CallingFunctionCallingFunction
ae_python_function,HandlingFunctionCallingFunction,DefiningFunctionCallingFunction
ae_python_function,HandlingRecursiveFunction,CallingRecursiveFunction
ae_python_function,HandlingRecursiveFunction,DefiningRecursiveFunction
ae_python_function,HandlingNestedFunction,CallingNestedFunction
ae_python_function,HandlingNestedFunction,DefiningNestedFunction
ae_python_function,HandlingStandardFunction,CallingStandardFunction
ae_python_function,HandlingStandardFunction,DefiningStandardFunction
ae_python_function,NonNestedIteration,SingleForLoopIteration
ae_python_function,ForLoopWithUpdate,ForLoopWith*=
ae_python_function,ForLoopWithUpdate,ForLoopWithListIndexing
ae_python_function,ArithmeticOperation,FindAbsolute
ae_python_function,HandlingFloat,TransformingToFloatType
ae_python_function,HandlingDictionary,ReplacingDictionaryElement
ae_python_function,HandlingDictionary,IndexingDictionary
ae_python_function,HandlingDictionary,AddingItemToDictionary
ae_python_function,HandlingDictionary,AccessingDictionary
ae_python_function,HandlingList,SlicingList
ae_python_function,AddingListElement,AddingListElementWithInsert
ae_python_function,AddingListElement,AddingListElementWithAppend
ae_python_function,HandlingString,ReplacingStringContent
ae_python_list,WhileLoopWithUpdate,WhileLoopWithListIndexing
ae_python_list,WhileLoopWithUpdate,WhileLoopWith*=
ae_python_list,WhileLoopWithUpdate,WhileLoopWith+=
ae_python_list,ForLoopWithUpdate,ForLoopWith+=
ae_python_list,ForLoopWithUpdate,ForLoopWith*=
ae_python_list,ForLoopWithUpdate,ForLoopWithListIndexing
ae_python_list,ArithmeticOperation,FindAbsolute
ae_python_list,HandlingFloat,TransformingToFloatType
ae_python_list,HandlingDictionary,IndexingDictionary
ae_python_list,HandlingList,DeletingListElement
ae_python_list,HandlingList,SlicingList
ae_python_list,HandlingList,ReversingList
ae_python_list,AddingListElement,AddingListElementWithInsert
ae_python_list,AddingListElement,AddingListElementWithAppend
ae_python_list,HandlingString,ReplacingStringContent
ae_python_list,HandlingString,TransformingToStringType
ae_python_list,HandlingString,SplittingString
ae_python_split,WhileLoopWithUpdate,WhileLoopWithListIndexing
ae_python_split,WhileLoopWithUpdate,WhileLoopWith*=
ae_python_split,WhileLoopWithUpdate,WhileLoopWith+=
ae_python_split,ForLoopWithUpdate,ForLoopWith+=
ae_python_split,ForLoopWithUpdate,ForLoopWith*=
ae_python_split,ForLoopWithUpdate,ForLoopWithListIndexing
ae_python_split,NestedLoopIteration,MixedNestedLoopIteration
ae_python_split,NestedLoopIteration,NestedForLoopIteration
ae_python_split,NestedLoopIteration,NestedWhileLoopIteration
ae_python_split,ArithmeticOperation,FindAbsolute
ae_python_split,ArithmeticOperation,FindRemainder
ae_python_split,ArithmeticOperation,Round
ae_python_split,ArithmeticOperation,Power
ae_python_split,ArithmeticOperation,FindMinimum
ae_python_split,ArithmeticOperation,Substraction
ae_python_split,ArithmeticOperation,Division
ae_python_split,ArithmeticOperation,Multiplication
ae_python_split,HandlingTuple,CreatingTuple
ae_python_split,HandlingTuple,SlicingTuple
ae_python_split,HandlingTuple,IndexingTuple
ae_python_split,HandlingFloat,TransformingToFloatType
ae_python_split,HandlingDictionary,ReplacingDictionaryElement
ae_python_split,HandlingDictionary,IndexingDictionary
ae_python_split,HandlingDictionary,AddingItemToDictionary
ae_python_split,HandlingDictionary,AccessingDictionary
ae_python_split,HandlingList,ReversingList
ae_python_split,AddingListElement,AddingListElementWithInsert
ae_python_split,AddingListElement,AddingListElementWithAppend
ae_python_split,HandlingFile,ClosingFile
ae_python_split,HandlingFile,ReadingLine
ae_python_split,HandlingString,ReplacingStringContent
ae_python_split,HandlingString,TransformingToStringType
ae_python_file,ArithmeticOperation,FindAbsolute
ae_python_file,ArithmeticOperation,Round
ae_python_file,HandlingFloat,TransformingToFloatType
ae_python_file,HandlingDictionary,IndexingDictionary
ae_python_file,HandlingList,ReversingList
ae_python_class1,WhileLoopWithUpdate,WhileLoopWithListIndexing
ae_python_class1,WhileLoopWithUpdate,WhileLoopWith*=
ae_python_class1,WhileLoopWithUpdate,WhileLoopWith+=
ae_python_class1,ForLoopWithUpdate,ForLoopWith*=
ae_python_class1,ForLoopWithUpdate,ForLoopWithListIndexing
ae_python_class1,NestedLoopIteration,NestedForLoopIteration
ae_python_class1,NestedLoopIteration,NestedWhileLoopIteration
ae_python_class1,ArithmeticOperation,FindAbsolute
ae_python_class1,ArithmeticOperation,FindRemainder
ae_python_class1,ArithmeticOperation,FindMaximum
ae_python_class1,ArithmeticOperation,Round
ae_python_class1,ArithmeticOperation,Power
ae_python_class1,ArithmeticOperation,FindMinimum
ae_python_class1,ArithmeticOperation,Division
ae_python_class1,HandlingTuple,CreatingTuple
ae_python_class1,HandlingTuple,SlicingTuple
ae_python_class1,HandlingTuple,IndexingTuple
ae_python_class1,HandlingFloat,TransformingToFloatType
ae_python_class1,HandlingDictionary,ReplacingDictionaryElement
ae_python_class1,HandlingDictionary,IndexingDictionary
ae_python_class1,HandlingDictionary,AddingItemToDictionary
ae_python_class1,HandlingDictionary,AccessingDictionary
ae_python_class1,HandlingDictionary,CreatingDictionary
ae_python_class1,HandlingList,DeletingListElement
ae_python_class1,HandlingList,IndexingList
ae_python_class1,HandlingList,CreatingList
ae_python_class1,HandlingList,SlicingList
ae_python_class1,HandlingList,ReplacingListElement
ae_python_class1,HandlingList,ListReferencing
ae_python_class1,HandlingList,ReversingList
ae_python_class1,AddingListElement,AddingListElementWithInsert
ae_python_class1,AddingListElement,AddingListElementWithAppend
ae_python_class1,HandlingFile,ClosingFile
ae_python_class1,HandlingFile,ReadingLine
ae_python_class1,HandlingFile,OpeningFile
ae_python_class1,HandlingString,CreatingString
ae_python_class1,HandlingString,ReplacingStringContent
ae_python_class1,HandlingString,FormattingString
ae_python_class1,HandlingString,TransformingToStringType
ae_python_class1,HandlingString,SplittingString
ae_python_class2,CheckingCondition,AssertChecking
ae_python_class2,WhileLoopWithUpdate,WhileLoopWithListIndexing
ae_python_class2,WhileLoopWithUpdate,WhileLoopWith*=
ae_python_class2,WhileLoopWithUpdate,WhileLoopWith+=
ae_python_class2,ForLoopWithUpdate,ForLoopWith+=
ae_python_class2,ForLoopWithUpdate,ForLoopWith*=
ae_python_class2,ForLoopWithUpdate,ForLoopWithListIndexing
ae_python_class2,ArithmeticOperation,FindAbsolute
ae_python_class2,ArithmeticOperation,FindRemainder
ae_python_class2,ArithmeticOperation,Round
ae_python_class2,ArithmeticOperation,Power
ae_python_class2,HandlingDictionary,ReplacingDictionaryElement
ae_python_class2,HandlingDictionary,IndexingDictionary
ae_python_class2,HandlingDictionary,AddingItemToDictionary
ae_python_class2,HandlingList,SlicingList
ae_python_class2,HandlingList,ListReferencing
ae_python_class2,HandlingString,ReplacingStringContent
ae_python_class2,HandlingString,TransformingToStringType
ae_python_class2,HandlingString,SplittingString
ae_adl_vals_refs1,Python,HandlingInput
ae_adl_vals_refs1,CheckingCondition,AssertChecking
ae_adl_vals_refs1,CheckingCondition,IfElifChecking
ae_adl_vals_refs1,CheckingCondition,BooleanEvaluating
ae_adl_vals_refs1,CheckingInForLoop,IfElseCheckingInForLoop
ae_adl_vals_refs1,CheckingInForLoop,IfElifCheckingInForLoop
ae_adl_vals_refs1,CheckingInForLoop,IfCheckingInForLoop
ae_adl_vals_refs1,CheckingInForLoop,IfElifElseCheckingInForLoop
ae_adl_vals_refs1,CheckingInWhileLoop,IfElifElseCheckingInWhileLoop
ae_adl_vals_refs1,CheckingInWhileLoop,IfCheckingInWhileLoop
ae_adl_vals_refs1,CheckingInWhileLoop,IfElseCheckingInWhileLoop
ae_adl_vals_refs1,CheckingInWhileLoop,IfElifCheckingInWhileLoop
ae_adl_vals_refs1,ManagingVariable,SwappingVariablesValue
ae_adl_vals_refs1,HandlingStandardFunction,DefiningStandardFunction
ae_adl_vals_refs1,HandlingDictionary,IndexingDictionary
ae_adl_vals_refs1,HandlingList,SlicingList
ae_adl_vals_refs1,HandlingList,ReversingList
ae_adl_vals_refs2,HandlingFunction,NestedFunctionCall
ae_adl_vals_refs2,HandlingFunctionCallingFunction,DefiningFunctionCallingFunction
ae_adl_vals_refs2,HandlingStandardFunction,DefiningStandardFunction
ae_adl_vals_refs2,WhileLoopWithUpdate,WhileLoopWithListIndexing
ae_adl_vals_refs2,WhileLoopWithUpdate,WhileLoopWith*=
ae_adl_vals_refs2,ForLoopWithUpdate,ForLoopWith*=
ae_adl_vals_refs2,ForLoopWithUpdate,ForLoopWithListIndexing
ae_adl_vals_refs2,HandlingDictionary,IndexingDictionary
ae_adl_vals_refs2,HandlingList,DeletingListElement
ae_adl_vals_refs2,HandlingList,SlicingList
ae_adl_vals_refs2,HandlingList,ReversingList
ae_adl_vals_refs2,AddingListElement,AddingListElementWithInsert
ae_adl_vals_refs2,AddingListElement,AddingListElementWithAppend
ae_adl_vals_refs2,HandlingString,ReplacingStringContent
ae_adl_vals_refs2,HandlingString,TransformingToStringType
ae_adl_vals_refs3,HandlingStandardFunction,CallingStandardFunction
ae_adl_vals_refs3,WhileLoopWithUpdate,WhileLoopWithListIndexing
ae_adl_vals_refs3,WhileLoopWithUpdate,WhileLoopWith*=
ae_adl_vals_refs3,WhileLoopWithUpdate,WhileLoopWith+=
ae_adl_vals_refs3,ForLoopWithUpdate,ForLoopWith+=
ae_adl_vals_refs3,ForLoopWithUpdate,ForLoopWith*=
ae_adl_vals_refs3,ForLoopWithUpdate,ForLoopWithListIndexing
ae_adl_vals_refs3,NestedLoopIteration,NestedForLoopIteration
ae_adl_vals_refs3,NestedLoopIteration,NestedWhileLoopIteration
ae_adl_vals_refs3,ArithmeticOperation,FindAbsolute
ae_adl_vals_refs3,ArithmeticOperation,FindRemainder
ae_adl_vals_refs3,ArithmeticOperation,FindMaximum
ae_adl_vals_refs3,ArithmeticOperation,Round
ae_adl_vals_refs3,ArithmeticOperation,Power
ae_adl_vals_refs3,ArithmeticOperation,FindMinimum
ae_adl_vals_refs3,ArithmeticOperation,Substraction
ae_adl_vals_refs3,ArithmeticOperation,Division
ae_adl_vals_refs3,ArithmeticOperation,Multiplication
ae_adl_vals_refs3,HandlingTuple,SlicingTuple
ae_adl_vals_refs3,HandlingTuple,IndexingTuple
ae_adl_vals_refs3,HandlingDictionary,ReplacingDictionaryElement
ae_adl_vals_refs3,HandlingDictionary,IndexingDictionary
ae_adl_vals_refs3,HandlingDictionary,AddingItemToDictionary
ae_adl_vals_refs3,HandlingList,DeletingListElement
ae_adl_vals_refs3,HandlingList,CreatingList
ae_adl_vals_refs3,HandlingList,SlicingList
ae_adl_vals_refs3,HandlingList,ReversingList
ae_adl_vals_refs3,AddingListElement,AddingListElementWithInsert
ae_adl_vals_refs3,AddingListElement,AddingListElementWithAppend
ae_adl_vals_refs3,HandlingFile,ClosingFile
ae_adl_vals_refs3,HandlingFile,ReadingLine
ae_adl_vals_refs3,HandlingString,ReplacingStringContent
ae_adl_vals_refs3,HandlingString,TransformingToStringType
ae_adl_vals_refs3,HandlingString,SplittingString
ae_adl_tryexcept1,WhileLoopWithUpdate,WhileLoopWithListIndexing
ae_adl_tryexcept1,WhileLoopWithUpdate,WhileLoopWith*=
ae_adl_tryexcept1,WhileLoopWithUpdate,WhileLoopWith+=
ae_adl_tryexcept1,ForLoopWithUpdate,ForLoopWith+=
ae_adl_tryexcept1,ForLoopWithUpdate,ForLoopWith*=
ae_adl_tryexcept1,ForLoopWithUpdate,ForLoopWithListIndexing
ae_adl_tryexcept1,HandlingFloat,TransformingToFloatType
ae_adl_tryexcept1,HandlingDictionary,IndexingDictionary
ae_adl_tryexcept1,HandlingList,SlicingList
ae_adl_tryexcept1,HandlingList,ListReferencing
ae_adl_tryexcept1,AddingListElement,AddingListElementWithInsert
ae_adl_tryexcept1,AddingListElement,AddingListElementWithAppend
ae_adl_tryexcept2,WhileLoopWithUpdate,WhileLoopWithListIndexing
ae_adl_tryexcept2,WhileLoopWithUpdate,WhileLoopWith*=
ae_adl_tryexcept2,ForLoopWithUpdate,ForLoopWith*=
ae_adl_tryexcept2,ForLoopWithUpdate,ForLoopWithListIndexing
ae_adl_tryexcept2,NestedLoopIteration,NestedForLoopIteration
ae_adl_tryexcept2,NestedLoopIteration,NestedWhileLoopIteration
ae_adl_tryexcept2,HandlingFloat,TransformingToFloatType
ae_adl_tryexcept2,HandlingDictionary,ReplacingDictionaryElement
ae_adl_tryexcept2,HandlingDictionary,IndexingDictionary
ae_adl_tryexcept2,HandlingDictionary,AddingItemToDictionary
ae_adl_tryexcept2,HandlingList,SlicingList
ae_adl_tryexcept2,HandlingList,ReversingList
ae_adl_file1,Python,Concatenation
ae_adl_file1,NonNestedIteration,SingleWhileLoopIteration
ae_adl_file1,WhileLoopWithUpdate,WhileLoopWithListIndexing
ae_adl_file1,WhileLoopWithUpdate,WhileLoopWith*=
ae_adl_file1,ForLoopWithUpdate,ForLoopWith*=
ae_adl_file1,ForLoopWithUpdate,ForLoopWithListIndexing
ae_adl_file1,ArithmeticOperation,FindAbsolute
ae_adl_file1,ArithmeticOperation,FindRemainder
ae_adl_file1,ArithmeticOperation,FindMaximum
ae_adl_file1,ArithmeticOperation,Round
ae_adl_file1,ArithmeticOperation,Power
ae_adl_file1,ArithmeticOperation,FindMinimum
ae_adl_file1,ArithmeticOperation,Substraction
ae_adl_file1,ArithmeticOperation,Multiplication
ae_adl_file1,HandlingTuple,SlicingTuple
ae_adl_file1,HandlingTuple,IndexingTuple
ae_adl_file1,HandlingFloat,TransformingToFloatType
ae_adl_file1,HandlingDictionary,ReplacingDictionaryElement
ae_adl_file1,HandlingDictionary,IndexingDictionary
ae_adl_file1,HandlingDictionary,AddingItemToDictionary
ae_adl_file1,HandlingList,DeletingListElement
ae_adl_file1,HandlingList,SlicingList
ae_adl_file1,HandlingList,ListReferencing
ae_adl_file1,HandlingList,ReversingList
ae_adl_file1,AddingListElement,AddingListElementWithInsert
ae_adl_file1,AddingListElement,AddingListElementWithAppend
ae_adl_file1,HandlingString,ReplacingStringContent
ae_adl_file1,HandlingString,FormattingString
ae_adl_file1,HandlingString,SplittingString
ae_adl_file2,CheckingCondition,AssertChecking
ae_adl_file2,NonNestedIteration,SingleWhileLoopIteration
ae_adl_file2,ArithmeticOperation,FindAbsolute
ae_adl_file2,ArithmeticOperation,Round
ae_adl_file2,ArithmeticOperation,Power
ae_adl_file2,ArithmeticOperation,FindMinimum
ae_adl_file2,HandlingDictionary,IndexingDictionary
ae_adl_file2,HandlingList,SlicingList
ae_adl_file2,AddingListElement,AddingListElementWithInsert
ae_adl_file2,AddingListElement,AddingListElementWithAppend
q_py_topic_strings:q_py_substring1,WhileLoopWithUpdate,WhileLoopWithListIndexing
q_py_topic_strings:q_py_substring1,WhileLoopWithUpdate,WhileLoopWith*=
q_py_topic_strings:q_py_substring1,ForLoopWithUpdate,ForLoopWith*=
q_py_topic_strings:q_py_substring1,ForLoopWithUpdate,ForLoopWithListIndexing
q_py_topic_strings:q_py_substring1,NestedLoopIteration,NestedForLoopIteration
q_py_topic_strings:q_py_substring1,NestedLoopIteration,NestedWhileLoopIteration
q_py_topic_strings:q_py_substring1,ArithmeticOperation,FindAbsolute
q_py_topic_strings:q_py_substring1,ArithmeticOperation,Round
q_py_topic_strings:q_py_substring1,HandlingDictionary,IndexingDictionary
q_py_topic_strings:q_py_substring1,HandlingList,DeletingListElement
q_py_topic_strings:q_py_substring1,HandlingList,CreatingList
q_py_topic_strings:q_py_substring1,HandlingList,ReplacingListElement
q_py_topic_strings:q_py_substring1,HandlingList,ListReferencing
q_py_topic_strings:q_py_substring1,HandlingList,ReversingList
q_py_topic_strings:q_py_substring1,AddingListElement,AddingListElementWithInsert
q_py_topic_strings:q_py_substring1,AddingListElement,AddingListElementWithAppend
q_py_topic_strings:q_py_substring1,HandlingFile,ClosingFile
q_py_topic_strings:q_py_substring1,HandlingFile,ReadingLine
q_py_topic_strings:q_py_substring1,HandlingFile,OpeningFile
q_py_topic_strings:q_py_substring1,HandlingString,SplittingString
q_py_topic_two_dimensional_array:q_py_2d_arrays1,WhileLoopWithUpdate,WhileLoopWithListIndexing
q_py_topic_two_dimensional_array:q_py_2d_arrays1,WhileLoopWithUpdate,WhileLoopWith*=
q_py_topic_two_dimensional_array:q_py_2d_arrays1,WhileLoopWithUpdate,WhileLoopWith+=
q_py_topic_two_dimensional_array:q_py_2d_arrays1,ForLoopWithUpdate,ForLoopWith+=
q_py_topic_two_dimensional_array:q_py_2d_arrays1,ForLoopWithUpdate,ForLoopWith*=
q_py_topic_two_dimensional_array:q_py_2d_arrays1,ForLoopWithUpdate,ForLoopWithListIndexing
q_py_topic_two_dimensional_array:q_py_2d_arrays1,NestedLoopIteration,MixedNestedLoopIteration
q_py_topic_two_dimensional_array:q_py_2d_arrays1,NestedLoopIteration,NestedWhileLoopIteration
q_py_topic_two_dimensional_array:q_py_2d_arrays1,ArithmeticOperation,FindAbsolute
q_py_topic_two_dimensional_array:q_py_2d_arrays1,ArithmeticOperation,FindRemainder
q_py_topic_two_dimensional_array:q_py_2d_arrays1,ArithmeticOperation,FindMaximum
q_py_topic_two_dimensional_array:q_py_2d_arrays1,ArithmeticOperation,Round
q_py_topic_two_dimensional_array:q_py_2d_arrays1,ArithmeticOperation,Power
q_py_topic_two_dimensional_array:q_py_2d_arrays1,ArithmeticOperation,FindMinimum
q_py_topic_two_dimensional_array:q_py_2d_arrays1,ArithmeticOperation,Substraction
q_py_topic_two_dimensional_array:q_py_2d_arrays1,ArithmeticOperation,Division
q_py_topic_two_dimensional_array:q_py_2d_arrays1,ArithmeticOperation,Multiplication
q_py_topic_two_dimensional_array:q_py_2d_arrays1,HandlingTuple,CreatingTuple
q_py_topic_two_dimensional_array:q_py_2d_arrays1,HandlingTuple,SlicingTuple
q_py_topic_two_dimensional_array:q_py_2d_arrays1,HandlingTuple,IndexingTuple
q_py_topic_two_dimensional_array:q_py_2d_arrays1,HandlingDictionary,ReplacingDictionaryElement
q_py_topic_two_dimensional_array:q_py_2d_arrays1,HandlingDictionary,IndexingDictionary
q_py_topic_two_dimensional_array:q_py_2d_arrays1,HandlingDictionary,AddingItemToDictionary
q_py_topic_two_dimensional_array:q_py_2d_arrays1,HandlingDictionary,AccessingDictionary
q_py_topic_two_dimensional_array:q_py_2d_arrays1,HandlingList,DeletingListElement
q_py_topic_two_dimensional_array:q_py_2d_arrays1,HandlingList,ReversingList
q_py_topic_two_dimensional_array:q_py_2d_arrays1,AddingListElement,AddingListElementWithInsert
q_py_topic_two_dimensional_array:q_py_2d_arrays1,AddingListElement,AddingListElementWithAppend
q_py_topic_two_dimensional_array:q_py_2d_arrays1,HandlingFile,ClosingFile
q_py_topic_two_dimensional_array:q_py_2d_arrays1,HandlingFile,ReadingLine
q_py_topic_two_dimensional_array:q_py_2d_arrays1,HandlingFile,OpeningFile
q_py_topic_two_dimensional_array:q_py_2d_arrays1,HandlingString,ReplacingStringContent
q_py_topic_two_dimensional_array:q_py_2d_arrays1,HandlingString,FormattingString
q_py_topic_two_dimensional_array:q_py_2d_arrays1,HandlingString,TransformingToStringType
q_py_topic_two_dimensional_array:q_py_2d_arrays1,HandlingString,SplittingString
q_py_topic_two_dimensional_array:q_py_2d_arrays2,NonNestedIteration,SingleWhileLoopIteration
q_py_topic_two_dimensional_array:q_py_2d_arrays2,WhileLoopWithUpdate,WhileLoopWithListIndexing
q_py_topic_two_dimensional_array:q_py_2d_arrays2,WhileLoopWithUpdate,WhileLoopWith*=
q_py_topic_two_dimensional_array:q_py_2d_arrays2,ForLoopWithUpdate,ForLoopWith*=
q_py_topic_two_dimensional_array:q_py_2d_arrays2,NestedLoopIteration,MixedNestedLoopIteration
q_py_topic_two_dimensional_array:q_py_2d_arrays2,NestedLoopIteration,NestedWhileLoopIteration
q_py_topic_two_dimensional_array:q_py_2d_arrays2,ArithmeticOperation,FindAbsolute
q_py_topic_two_dimensional_array:q_py_2d_arrays2,ArithmeticOperation,FindRemainder
q_py_topic_two_dimensional_array:q_py_2d_arrays2,ArithmeticOperation,FindMaximum
q_py_topic_two_dimensional_array:q_py_2d_arrays2,ArithmeticOperation,Round
q_py_topic_two_dimensional_array:q_py_2d_arrays2,ArithmeticOperation,Power
q_py_topic_two_dimensional_array:q_py_2d_arrays2,ArithmeticOperation,FindMinimum
q_py_topic_two_dimensional_array:q_py_2d_arrays2,ArithmeticOperation,Substraction
q_py_topic_two_dimensional_array:q_py_2d_arrays2,ArithmeticOperation,Division
q_py_topic_two_dimensional_array:q_py_2d_arrays2,ArithmeticOperation,Multiplication
q_py_topic_two_dimensional_array:q_py_2d_arrays2,HandlingInteger,TransformingToIntType
q_py_topic_two_dimensional_array:q_py_2d_arrays2,HandlingTuple,CreatingTuple
q_py_topic_two_dimensional_array:q_py_2d_arrays2,HandlingTuple,SlicingTuple
q_py_topic_two_dimensional_array:q_py_2d_arrays2,HandlingTuple,IndexingTuple
q_py_topic_two_dimensional_array:q_py_2d_arrays2,HandlingFloat,TransformingToFloatType
q_py_topic_two_dimensional_array:q_py_2d_arrays2,HandlingDictionary,ReplacingDictionaryElement
q_py_topic_two_dimensional_array:q_py_2d_arrays2,HandlingDictionary,IndexingDictionary
q_py_topic_two_dimensional_array:q_py_2d_arrays2,HandlingDictionary,AddingItemToDictionary
q_py_topic_two_dimensional_array:q_py_2d_arrays2,HandlingDictionary,AccessingDictionary
q_py_topic_two_dimensional_array:q_py_2d_arrays2,HandlingList,DeletingListElement
q_py_topic_two_dimensional_array:q_py_2d_arrays2,HandlingList,ReversingList
q_py_topic_two_dimensional_array:q_py_2d_arrays2,AddingListElement,AddingListElementWithInsert
q_py_topic_two_dimensional_array:q_py_2d_arrays2,AddingListElement,AddingListElementWithAppend
q_py_topic_two_dimensional_array:q_py_2d_arrays2,HandlingFile,ClosingFile
q_py_topic_two_dimensional_array:q_py_2d_arrays2,HandlingFile,ReadingLine
q_py_topic_two_dimensional_array:q_py_2d_arrays2,HandlingFile,OpeningFile
q_py_topic_two_dimensional_array:q_py_2d_arrays2,HandlingString,ReplacingStringContent
q_py_topic_two_dimensional_array:q_py_2d_arrays2,HandlingString,FormattingString
q_py_topic_two_dimensional_array:q_py_2d_arrays2,HandlingString,TransformingToStringType
q_py_topic_two_dimensional_array:q_py_2d_arrays2,HandlingString,SplittingString
q_py_topic_two_dimensional_array:q_py_2d_arrays3,Python,Concatenation
q_py_topic_two_dimensional_array:q_py_2d_arrays3,Python,Importing
q_py_topic_two_dimensional_array:q_py_2d_arrays3,Python,FindingLength
q_py_topic_two_dimensional_array:q_py_2d_arrays3,Python,Printing
q_py_topic_two_dimensional_array:q_py_2d_arrays3,Python,CheckingForItem
q_py_topic_two_dimensional_array:q_py_2d_arrays3,Python,HandlingInput
q_py_topic_two_dimensional_array:q_py_2d_arrays3,CheckingCondition,IfElseChecking
q_py_topic_two_dimensional_array:q_py_2d_arrays3,CheckingCondition,AssertChecking
q_py_topic_two_dimensional_array:q_py_2d_arrays3,CheckingCondition,IfElifElseChecking
q_py_topic_two_dimensional_array:q_py_2d_arrays3,CheckingCondition,NestedIfChecking
q_py_topic_two_dimensional_array:q_py_2d_arrays3,CheckingCondition,IfChecking
q_py_topic_two_dimensional_array:q_py_2d_arrays3,CheckingCondition,IfElifChecking
q_py_topic_two_dimensional_array:q_py_2d_arrays3,CheckingCondition,BooleanEvaluating
q_py_topic_two_dimensional_array:q_py_2d_arrays3,CheckingInForLoop,IfElseCheckingInForLoop
q_py_topic_two_dimensional_array:q_py_2d_arrays3,CheckingInForLoop,IfElifCheckingInForLoop
q_py_topic_two_dimensional_array:q_py_2d_arrays3,CheckingInForLoop,IfCheckingInForLoop
q_py_topic_two_dimensional_array:q_py_2d_arrays3,CheckingInForLoop,IfElifElseCheckingInForLoop
q_py_topic_two_dimensional_array:q_py_2d_arrays3,CheckingInWhileLoop,IfElifElseCheckingInWhileLoop
q_py_topic_two_dimensional_array:q_py_2d_arrays3,CheckingInWhileLoop,IfCheckingInWhileLoop
q_py_topic_two_dimensional_array:q_py_2d_arrays3,CheckingInWhileLoop,IfElseCheckingInWhileLoop
q_py_topic_two_dimensional_array:q_py_2d_arrays3,CheckingInWhileLoop,IfElifCheckingInWhileLoop
q_py_topic_two_dimensional_array:q_py_2d_arrays3,ManagingVariable,SwappingVariablesValue
q_py_topic_two_dimensional_array:q_py_2d_arrays3,ManagingVariable,AssigningVariable
q_py_topic_two_dimensional_array:q_py_2d_arrays3,ManagingVariable,UpdatingVariable
q_py_topic_two_dimensional_array:q_py_2d_arrays3,HandlingAdvancedDataStructure,BinaryTreeTask
q_py_topic_two_dimensional_array:q_py_2d_arrays3,HandlingAdvancedDataStructure,LinkedListTask
q_py_topic_two_dimensional_array:q_py_2d_arrays3,HandlingAdvancedDataStructure,QueueTask
q_py_topic_two_dimensional_array:q_py_2d_arrays3,HandlingAdvancedDataStructure,StackTask
q_py_topic_two_dimensional_array:q_py_2d_arrays3,TwoDimensionalArrayTask,ReplacingElement2DArray
q_py_topic_two_dimensional_array:q_py_2d_arrays3,TwoDimensionalArrayTask,Indexing2DArray
q_py_topic_two_dimensional_array:q_py_2d_arrays3,TwoDimensionalArrayTask,Create2DArray
q_py_topic_two_dimensional_array:q_py_2d_arrays3,HandlingObjectOrientedProgramming,CallingOOPMethod
q_py_topic_two_dimensional_array:q_py_2d_arrays3,HandlingObjectOrientedProgramming,CreatingObject
q_py_topic_two_dimensional_array:q_py_2d_arrays3,HandlingObjectOrientedProgramming,DefiningClass
q_py_topic_two_dimensional_array:q_py_2d_arrays3,HandlingObjectOrientedProgramming,DefiningOOPMethod
q_py_topic_two_dimensional_array:q_py_2d_arrays3,HandlingFunction,CallingFunctionLibrary
q_py_topic_two_dimensional_array:q_py_2d_arrays3,HandlingFunction,NestedFunctionCall
q_py_topic_two_dimensional_array:q_py_2d_arrays3,HandlingFunctionCallingFunction,CallingFunctionCallingFunction
q_py_topic_two_dimensional_array:q_py_2d_arrays3,HandlingFunctionCallingFunction,DefiningFunctionCallingFunction
q_py_topic_two_dimensional_array:q_py_2d_arrays3,HandlingRecursiveFunction,CallingRecursiveFunction
q_py_topic_two_dimensional_array:q_py_2d_arrays3,HandlingRecursiveFunction,DefiningRecursiveFunction
q_py_topic_two_dimensional_array:q_py_2d_arrays3,HandlingNestedFunction,CallingNestedFunction
q_py_topic_two_dimensional_array:q_py_2d_arrays3,HandlingNestedFunction,DefiningNestedFunction
q_py_topic_two_dimensional_array:q_py_2d_arrays3,HandlingStandardFunction,CallingStandardFunction
q_py_topic_two_dimensional_array:q_py_2d_arrays3,HandlingStandardFunction,DefiningStandardFunction
q_py_topic_two_dimensional_array:q_py_2d_arrays3,NonNestedIteration,SingleForLoopIteration
q_py_topic_two_dimensional_array:q_py_2d_arrays3,NonNestedIteration,SingleWhileLoopIteration
q_py_topic_two_dimensional_array:q_py_2d_arrays3,WhileLoopWithUpdate,WhileLoopWithListIndexing
q_py_topic_two_dimensional_array:q_py_2d_arrays3,WhileLoopWithUpdate,WhileLoopWith*=
q_py_topic_two_dimensional_array:q_py_2d_arrays3,ForLoopWithUpdate,ForLoopWith*=
q_py_topic_two_dimensional_array:q_py_2d_arrays3,NestedLoopIteration,MixedNestedLoopIteration
q_py_topic_two_dimensional_array:q_py_2d_arrays3,NestedLoopIteration,NestedWhileLoopIteration
q_py_topic_two_dimensional_array:q_py_2d_arrays3,ArithmeticOperation,FindAbsolute
q_py_topic_two_dimensional_array:q_py_2d_arrays3,ArithmeticOperation,FindRemainder
q_py_topic_two_dimensional_array:q_py_2d_arrays3,ArithmeticOperation,FindMaximum
q_py_topic_two_dimensional_array:q_py_2d_arrays3,ArithmeticOperation,Round
q_py_topic_two_dimensional_array:q_py_2d_arrays3,ArithmeticOperation,Power
q_py_topic_two_dimensional_array:q_py_2d_arrays3,ArithmeticOperation,FindMinimum
q_py_topic_two_dimensional_array:q_py_2d_arrays3,ArithmeticOperation,Division
q_py_topic_two_dimensional_array:q_py_2d_arrays3,ArithmeticOperation,Multiplication
q_py_topic_two_dimensional_array:q_py_2d_arrays3,HandlingInteger,TransformingToIntType
q_py_topic_two_dimensional_array:q_py_2d_arrays3,HandlingTuple,CreatingTuple
q_py_topic_two_dimensional_array:q_py_2d_arrays3,HandlingTuple,SlicingTuple
q_py_topic_two_dimensional_array:q_py_2d_arrays3,HandlingTuple,IndexingTuple
q_py_topic_two_dimensional_array:q_py_2d_arrays3,HandlingFloat,TransformingToFloatType
q_py_topic_two_dimensional_array:q_py_2d_arrays3,HandlingDictionary,ReplacingDictionaryElement
q_py_topic_two_dimensional_array:q_py_2d_arrays3,HandlingDictionary,IndexingDictionary
q_py_topic_two_dimensional_array:q_py_2d_arrays3,HandlingDictionary,AddingItemToDictionary
q_py_topic_two_dimensional_array:q_py_2d_arrays3,HandlingDictionary,AccessingDictionary
q_py_topic_two_dimensional_array:q_py_2d_arrays3,HandlingList,DeletingListElement
q_py_topic_two_dimensional_array:q_py_2d_arrays3,HandlingList,SlicingList
q_py_topic_two_dimensional_array:q_py_2d_arrays3,HandlingList,ReversingList
q_py_topic_two_dimensional_array:q_py_2d_arrays3,AddingListElement,AddingListElementWithInsert
q_py_topic_two_dimensional_array:q_py_2d_arrays3,AddingListElement,AddingListElementWithAppend
q_py_topic_two_dimensional_array:q_py_2d_arrays3,HandlingFile,ClosingFile
q_py_topic_two_dimensional_array:q_py_2d_arrays3,HandlingFile,ReadingLine
q_py_topic_two_dimensional_array:q_py_2d_arrays3,HandlingFile,OpeningFile
q_py_topic_two_dimensional_array:q_py_2d_arrays3,HandlingString,ReplacingStringContent
q_py_topic_two_dimensional_array:q_py_2d_arrays3,HandlingString,FormattingString
q_py_topic_two_dimensional_array:q_py_2d_arrays3,HandlingString,TransformingToStringType
q_py_topic_two_dimensional_array:q_py_2d_arrays3,HandlingString,SplittingString
q_py_topic_two_dimensional_array:q_py_2d_arrays4,Python,Concatenation
q_py_topic_two_dimensional_array:q_py_2d_arrays4,Python,Importing
q_py_topic_two_dimensional_array:q_py_2d_arrays4,Python,FindingLength
q_py_topic_two_dimensional_array:q_py_2d_arrays4,Python,Printing
q_py_topic_two_dimensional_array:q_py_2d_arrays4,Python,CheckingForItem
q_py_topic_two_dimensional_array:q_py_2d_arrays4,Python,HandlingInput
q_py_topic_two_dimensional_array:q_py_2d_arrays4,CheckingCondition,IfElseChecking
q_py_topic_two_dimensional_array:q_py_2d_arrays4,CheckingCondition,AssertChecking
q_py_topic_two_dimensional_array:q_py_2d_arrays4,CheckingCondition,IfElifElseChecking
q_py_topic_two_dimensional_array:q_py_2d_arrays4,CheckingCondition,NestedIfChecking
q_py_topic_two_dimensional_array:q_py_2d_arrays4,CheckingCondition,IfChecking
q_py_topic_two_dimensional_array:q_py_2d_arrays4,CheckingCondition,IfElifChecking
q_py_topic_two_dimensional_array:q_py_2d_arrays4,CheckingCondition,BooleanEvaluating
q_py_topic_two_dimensional_array:q_py_2d_arrays4,CheckingInForLoop,IfElseCheckingInForLoop
q_py_topic_two_dimensional_array:q_py_2d_arrays4,CheckingInForLoop,IfElifCheckingInForLoop
q_py_topic_two_dimensional_array:q_py_2d_arrays4,CheckingInForLoop,IfCheckingInForLoop
q_py_topic_two_dimensional_array:q_py_2d_arrays4,CheckingInForLoop,IfElifElseCheckingInForLoop
q_py_topic_two_dimensional_array:q_py_2d_arrays4,CheckingInWhileLoop,IfElifElseCheckingInWhileLoop
q_py_topic_two_dimensional_array:q_py_2d_arrays4,CheckingInWhileLoop,IfCheckingInWhileLoop
q_py_topic_two_dimensional_array:q_py_2d_arrays4,CheckingInWhileLoop,IfElseCheckingInWhileLoop
q_py_topic_two_dimensional_array:q_py_2d_arrays4,CheckingInWhileLoop,IfElifCheckingInWhileLoop
q_py_topic_two_dimensional_array:q_py_2d_arrays4,ManagingVariable,SwappingVariablesValue
q_py_topic_two_dimensional_array:q_py_2d_arrays4,ManagingVariable,AssigningVariable
q_py_topic_two_dimensional_array:q_py_2d_arrays4,ManagingVariable,UpdatingVariable
q_py_topic_two_dimensional_array:q_py_2d_arrays4,HandlingAdvancedDataStructure,BinaryTreeTask
q_py_topic_two_dimensional_array:q_py_2d_arrays4,HandlingAdvancedDataStructure,LinkedListTask
q_py_topic_two_dimensional_array:q_py_2d_arrays4,HandlingAdvancedDataStructure,QueueTask
q_py_topic_two_dimensional_array:q_py_2d_arrays4,HandlingAdvancedDataStructure,StackTask
q_py_topic_two_dimensional_array:q_py_2d_arrays4,TwoDimensionalArrayTask,ReplacingElement2DArray
q_py_topic_two_dimensional_array:q_py_2d_arrays4,TwoDimensionalArrayTask,Indexing2DArray
q_py_topic_two_dimensional_array:q_py_2d_arrays4,TwoDimensionalArrayTask,Create2DArray
q_py_topic_two_dimensional_array:q_py_2d_arrays4,HandlingObjectOrientedProgramming,CallingOOPMethod
q_py_topic_two_dimensional_array:q_py_2d_arrays4,HandlingObjectOrientedProgramming,CreatingObject
q_py_topic_two_dimensional_array:q_py_2d_arrays4,HandlingObjectOrientedProgramming,DefiningClass
q_py_topic_two_dimensional_array:q_py_2d_arrays4,HandlingObjectOrientedProgramming,DefiningOOPMethod
q_py_topic_two_dimensional_array:q_py_2d_arrays4,HandlingFunction,CallingFunctionLibrary
q_py_topic_two_dimensional_array:q_py_2d_arrays4,HandlingFunction,NestedFunctionCall
q_py_topic_two_dimensional_array:q_py_2d_arrays4,HandlingFunctionCallingFunction,CallingFunctionCallingFunction
q_py_topic_two_dimensional_array:q_py_2d_arrays4,HandlingFunctionCallingFunction,DefiningFunctionCallingFunction
q_py_topic_two_dimensional_array:q_py_2d_arrays4,HandlingRecursiveFunction,CallingRecursiveFunction
q_py_topic_two_dimensional_array:q_py_2d_arrays4,HandlingRecursiveFunction,DefiningRecursiveFunction
q_py_topic_two_dimensional_array:q_py_2d_arrays4,HandlingNestedFunction,CallingNestedFunction
q_py_topic_two_dimensional_array:q_py_2d_arrays4,HandlingNestedFunction,DefiningNestedFunction
q_py_topic_two_dimensional_array:q_py_2d_arrays4,HandlingStandardFunction,CallingStandardFunction
q_py_topic_two_dimensional_array:q_py_2d_arrays4,HandlingStandardFunction,DefiningStandardFunction
q_py_topic_two_dimensional_array:q_py_2d_arrays4,NonNestedIteration,SingleForLoopIteration
q_py_topic_two_dimensional_array:q_py_2d_arrays4,NonNestedIteration,SingleWhileLoopIteration
q_py_topic_two_dimensional_array:q_py_2d_arrays4,WhileLoopWithUpdate,WhileLoopWithListIndexing
q_py_topic_two_dimensional_array:q_py_2d_arrays4,WhileLoopWithUpdate,WhileLoopWith*=
q_py_topic_two_dimensional_array:q_py_2d_arrays4,ForLoopWithUpdate,ForLoopWith*=
q_py_topic_two_dimensional_array:q_py_2d_arrays4,ForLoopWithUpdate,ForLoopWithListIndexing
q_py_topic_two_dimensional_array:q_py_2d_arrays4,NestedLoopIteration,MixedNestedLoopIteration
q_py_topic_two_dimensional_array:q_py_2d_arrays4,NestedLoopIteration,NestedWhileLoopIteration
q_py_topic_two_dimensional_array:q_py_2d_arrays4,ArithmeticOperation,FindAbsolute
q_py_topic_two_dimensional_array:q_py_2d_arrays4,ArithmeticOperation,FindRemainder
q_py_topic_two_dimensional_array:q_py_2d_arrays4,ArithmeticOperation,Round
q_py_topic_two_dimensional_array:q_py_2d_arrays4,ArithmeticOperation,Power
q_py_topic_two_dimensional_array:q_py_2d_arrays4,ArithmeticOperation,Division
q_py_topic_two_dimensional_array:q_py_2d_arrays4,HandlingDictionary,IndexingDictionary
q_py_topic_two_dimensional_array:q_py_2d_arrays4,HandlingList,SlicingList
q_py_topic_two_dimensional_array:q_py_2d_arrays4,HandlingList,ReversingList
q_py_topic_two_dimensional_array:q_py_2d_arrays4,AddingListElement,AddingListElementWithInsert
q_py_topic_two_dimensional_array:q_py_2d_arrays4,AddingListElement,AddingListElementWithAppend
q_py_topic_variables:q_py_arithmetic1,WhileLoopWithUpdate,WhileLoopWithListIndexing
q_py_topic_variables:q_py_arithmetic1,WhileLoopWithUpdate,WhileLoopWith*=
q_py_topic_variables:q_py_arithmetic1,WhileLoopWithUpdate,WhileLoopWith+=
q_py_topic_variables:q_py_arithmetic1,ForLoopWithUpdate,ForLoopWith+=
q_py_topic_variables:q_py_arithmetic1,ForLoopWithUpdate,ForLoopWith*=
q_py_topic_variables:q_py_arithmetic1,ForLoopWithUpdate,ForLoopWithListIndexing
q_py_topic_variables:q_py_arithmetic1,NestedLoopIteration,NestedForLoopIteration
q_py_topic_variables:q_py_arithmetic1,NestedLoopIteration,NestedWhileLoopIteration
q_py_topic_variables:q_py_arithmetic1,ArithmeticOperation,FindAbsolute
q_py_topic_variables:q_py_arithmetic1,ArithmeticOperation,FindRemainder
q_py_topic_variables:q_py_arithmetic1,ArithmeticOperation,FindMaximum
q_py_topic_variables:q_py_arithmetic1,ArithmeticOperation,Addition
q_py_topic_variables:q_py_arithmetic1,ArithmeticOperation,Round
q_py_topic_variables:q_py_arithmetic1,ArithmeticOperation,Power
q_py_topic_variables:q_py_arithmetic1,ArithmeticOperation,FindMinimum
q_py_topic_variables:q_py_arithmetic1,ArithmeticOperation,Multiplication
q_py_topic_variables:q_py_arithmetic1,HandlingTuple,CreatingTuple
q_py_topic_variables:q_py_arithmetic1,HandlingTuple,SlicingTuple
q_py_topic_variables:q_py_arithmetic1,HandlingTuple,IndexingTuple
q_py_topic_variables:q_py_arithmetic1,HandlingFloat,TransformingToFloatType
q_py_topic_variables:q_py_arithmetic1,HandlingDictionary,ReplacingDictionaryElement
q_py_topic_variables:q_py_arithmetic1,HandlingDictionary,IndexingDictionary
q_py_topic_variables:q_py_arithmetic1,HandlingDictionary,AddingItemToDictionary
q_py_topic_variables:q_py_arithmetic1,HandlingDictionary,AccessingDictionary
q_py_topic_variables:q_py_arithmetic1,HandlingList,DeletingListElement
q_py_topic_variables:q_py_arithmetic1,HandlingList,IndexingList
q_py_topic_variables:q_py_arithmetic1,HandlingList,SlicingList
q_py_topic_variables:q_py_arithmetic1,HandlingList,ReplacingListElement
q_py_topic_variables:q_py_arithmetic1,HandlingList,ListReferencing
q_py_topic_variables:q_py_arithmetic1,HandlingList,ReversingList
q_py_topic_variables:q_py_arithmetic1,AddingListElement,AddingListElementWithInsert
q_py_topic_variables:q_py_arithmetic1,AddingListElement,AddingListElementWithAppend
q_py_topic_variables:q_py_arithmetic1,HandlingFile,ClosingFile
q_py_topic_variables:q_py_arithmetic1,HandlingFile,ReadingLine
q_py_topic_variables:q_py_arithmetic1,HandlingFile,OpeningFile
q_py_topic_variables:q_py_arithmetic1,HandlingString,ReplacingStringContent
q_py_topic_variables:q_py_arithmetic1,HandlingString,FormattingString
q_py_topic_variables:q_py_arithmetic1,HandlingString,TransformingToStringType
q_py_topic_variables:q_py_arithmetic1,HandlingString,SplittingString
q_py_topic_variables:q_py_arithmetic2,WhileLoopWithUpdate,WhileLoopWithListIndexing
q_py_topic_variables:q_py_arithmetic2,WhileLoopWithUpdate,WhileLoopWith*=
q_py_topic_variables:q_py_arithmetic2,WhileLoopWithUpdate,WhileLoopWith+=
q_py_topic_variables:q_py_arithmetic2,ForLoopWithUpdate,ForLoopWith+=
q_py_topic_variables:q_py_arithmetic2,ForLoopWithUpdate,ForLoopWith*=
q_py_topic_variables:q_py_arithmetic2,ForLoopWithUpdate,ForLoopWithListIndexing
q_py_topic_variables:q_py_arithmetic2,NestedLoopIteration,NestedForLoopIteration
q_py_topic_variables:q_py_arithmetic2,NestedLoopIteration,NestedWhileLoopIteration
q_py_topic_variables:q_py_arithmetic2,ArithmeticOperation,FindAbsolute
q_py_topic_variables:q_py_arithmetic2,ArithmeticOperation,FindRemainder
q_py_topic_variables:q_py_arithmetic2,ArithmeticOperation,FindMaximum
q_py_topic_variables:q_py_arithmetic2,ArithmeticOperation,Round
q_py_topic_variables:q_py_arithmetic2,ArithmeticOperation,FindMinimum
q_py_topic_variables:q_py_arithmetic2,ArithmeticOperation,Substraction
q_py_topic_variables:q_py_arithmetic2,ArithmeticOperation,Division
q_py_topic_variables:q_py_arithmetic2,HandlingTuple,CreatingTuple
q_py_topic_variables:q_py_arithmetic2,HandlingTuple,SlicingTuple
q_py_topic_variables:q_py_arithmetic2,HandlingTuple,IndexingTuple
q_py_topic_variables:q_py_arithmetic2,HandlingFloat,TransformingToFloatType
q_py_topic_variables:q_py_arithmetic2,HandlingDictionary,ReplacingDictionaryElement
q_py_topic_variables:q_py_arithmetic2,HandlingDictionary,IndexingDictionary
q_py_topic_variables:q_py_arithmetic2,HandlingDictionary,AddingItemToDictionary
q_py_topic_variables:q_py_arithmetic2,HandlingDictionary,AccessingDictionary
q_py_topic_variables:q_py_arithmetic2,HandlingList,DeletingListElement
q_py_topic_variables:q_py_arithmetic2,HandlingList,IndexingList
q_py_topic_variables:q_py_arithmetic2,HandlingList,SlicingList
q_py_topic_variables:q_py_arithmetic2,HandlingList,ReplacingListElement
q_py_topic_variables:q_py_arithmetic2,HandlingList,ListReferencing
q_py_topic_variables:q_py_arithmetic2,HandlingList,ReversingList
q_py_topic_variables:q_py_arithmetic2,AddingListElement,AddingListElementWithInsert
q_py_topic_variables:q_py_arithmetic2,AddingListElement,AddingListElementWithAppend
q_py_topic_variables:q_py_arithmetic2,HandlingFile,ClosingFile
q_py_topic_variables:q_py_arithmetic2,HandlingFile,ReadingLine
q_py_topic_variables:q_py_arithmetic2,HandlingFile,OpeningFile
q_py_topic_variables:q_py_arithmetic2,HandlingString,ReplacingStringContent
q_py_topic_variables:q_py_arithmetic2,HandlingString,FormattingString
q_py_topic_variables:q_py_arithmetic2,HandlingString,TransformingToStringType
q_py_topic_variables:q_py_arithmetic2,HandlingString,SplittingString
q_py_topic_variables:q_py_exchange1,Python,HandlingInput
q_py_topic_variables:q_py_exchange1,WhileLoopWithUpdate,WhileLoopWithListIndexing
q_py_topic_variables:q_py_exchange1,WhileLoopWithUpdate,WhileLoopWith*=
q_py_topic_variables:q_py_exchange1,WhileLoopWithUpdate,WhileLoopWith+=
q_py_topic_variables:q_py_exchange1,ForLoopWithUpdate,ForLoopWith+=
q_py_topic_variables:q_py_exchange1,ForLoopWithUpdate,ForLoopWith*=
q_py_topic_variables:q_py_exchange1,ForLoopWithUpdate,ForLoopWithListIndexing
q_py_topic_variables:q_py_exchange1,NestedLoopIteration,NestedForLoopIteration
q_py_topic_variables:q_py_exchange1,NestedLoopIteration,NestedWhileLoopIteration
q_py_topic_variables:q_py_exchange1,ArithmeticOperation,FindAbsolute
q_py_topic_variables:q_py_exchange1,ArithmeticOperation,FindRemainder
q_py_topic_variables:q_py_exchange1,ArithmeticOperation,FindMaximum
q_py_topic_variables:q_py_exchange1,ArithmeticOperation,Addition
q_py_topic_variables:q_py_exchange1,ArithmeticOperation,Round
q_py_topic_variables:q_py_exchange1,ArithmeticOperation,Power
q_py_topic_variables:q_py_exchange1,ArithmeticOperation,FindMinimum
q_py_topic_variables:q_py_exchange1,ArithmeticOperation,Division
q_py_topic_variables:q_py_exchange1,HandlingTuple,CreatingTuple
q_py_topic_variables:q_py_exchange1,HandlingTuple,SlicingTuple
q_py_topic_variables:q_py_exchange1,HandlingTuple,IndexingTuple
q_py_topic_variables:q_py_exchange1,HandlingDictionary,ReplacingDictionaryElement
q_py_topic_variables:q_py_exchange1,HandlingDictionary,IndexingDictionary
q_py_topic_variables:q_py_exchange1,HandlingDictionary,AddingItemToDictionary
q_py_topic_variables:q_py_exchange1,HandlingDictionary,CreatingDictionary
q_py_topic_variables:q_py_exchange1,HandlingList,DeletingListElement
q_py_topic_variables:q_py_exchange1,HandlingList,CreatingList
q_py_topic_variables:q_py_exchange1,HandlingList,SlicingList
q_py_topic_variables:q_py_exchange1,HandlingList,ReplacingListElement
q_py_topic_variables:q_py_exchange1,HandlingList,ListReferencing
q_py_topic_variables:q_py_exchange1,HandlingList,ReversingList
q_py_topic_variables:q_py_exchange1,AddingListElement,AddingListElementWithInsert
q_py_topic_variables:q_py_exchange1,AddingListElement,AddingListElementWithAppend
q_py_topic_variables:q_py_exchange1,HandlingFile,ClosingFile
q_py_topic_variables:q_py_exchange1,HandlingFile,ReadingLine
q_py_topic_variables:q_py_exchange1,HandlingFile,OpeningFile
q_py_topic_variables:q_py_exchange1,HandlingString,ReplacingStringContent
q_py_topic_variables:q_py_exchange1,HandlingString,FormattingString
q_py_topic_variables:q_py_exchange1,HandlingString,TransformingToStringType
q_py_topic_variables:q_py_exchange1,HandlingString,SplittingString
q_py_topic_variables:q_py_exchange2,ManagingVariable,AssigningVariable
q_py_topic_variables:q_py_exchange2,ManagingVariable,UpdatingVariable
q_py_topic_variables:q_py_exchange2,WhileLoopWithUpdate,WhileLoopWithListIndexing
q_py_topic_variables:q_py_exchange2,WhileLoopWithUpdate,WhileLoopWith*=
q_py_topic_variables:q_py_exchange2,WhileLoopWithUpdate,WhileLoopWith+=
q_py_topic_variables:q_py_exchange2,ForLoopWithUpdate,ForLoopWith+=
q_py_topic_variables:q_py_exchange2,ForLoopWithUpdate,ForLoopWith*=
q_py_topic_variables:q_py_exchange2,ForLoopWithUpdate,ForLoopWithListIndexing
q_py_topic_variables:q_py_exchange2,NestedLoopIteration,NestedForLoopIteration
q_py_topic_variables:q_py_exchange2,NestedLoopIteration,NestedWhileLoopIteration
q_py_topic_variables:q_py_exchange2,ArithmeticOperation,FindAbsolute
q_py_topic_variables:q_py_exchange2,ArithmeticOperation,FindRemainder
q_py_topic_variables:q_py_exchange2,ArithmeticOperation,FindMaximum
q_py_topic_variables:q_py_exchange2,ArithmeticOperation,Round
q_py_topic_variables:q_py_exchange2,ArithmeticOperation,Power
q_py_topic_variables:q_py_exchange2,ArithmeticOperation,FindMinimum
q_py_topic_variables:q_py_exchange2,ArithmeticOperation,Multiplication
q_py_topic_variables:q_py_exchange2,HandlingTuple,CreatingTuple
q_py_topic_variables:q_py_exchange2,HandlingTuple,SlicingTuple
q_py_topic_variables:q_py_exchange2,HandlingTuple,IndexingTuple
q_py_topic_variables:q_py_exchange2,HandlingFloat,TransformingToFloatType
q_py_topic_variables:q_py_exchange2,HandlingDictionary,ReplacingDictionaryElement
q_py_topic_variables:q_py_exchange2,HandlingDictionary,IndexingDictionary
q_py_topic_variables:q_py_exchange2,HandlingDictionary,AddingItemToDictionary
q_py_topic_variables:q_py_exchange2,HandlingDictionary,AccessingDictionary
q_py_topic_variables:q_py_exchange2,HandlingList,DeletingListElement
q_py_topic_variables:q_py_exchange2,HandlingList,SlicingList
q_py_topic_variables:q_py_exchange2,HandlingList,ReplacingListElement
q_py_topic_variables:q_py_exchange2,HandlingList,ListReferencing
q_py_topic_variables:q_py_exchange2,HandlingList,ReversingList
q_py_topic_variables:q_py_exchange2,AddingListElement,AddingListElementWithInsert
q_py_topic_variables:q_py_exchange2,AddingListElement,AddingListElementWithAppend
q_py_topic_variables:q_py_exchange2,HandlingFile,ClosingFile
q_py_topic_variables:q_py_exchange2,HandlingFile,ReadingLine
q_py_topic_variables:q_py_exchange2,HandlingFile,OpeningFile
q_py_topic_variables:q_py_exchange2,HandlingString,ReplacingStringContent
q_py_topic_variables:q_py_exchange2,HandlingString,FormattingString
q_py_topic_variables:q_py_exchange2,HandlingString,TransformingToStringType
q_py_topic_variables:q_py_exchange2,HandlingString,SplittingString
q_py_topic_variables:q_py_swap1,WhileLoopWithUpdate,WhileLoopWithListIndexing
q_py_topic_variables:q_py_swap1,WhileLoopWithUpdate,WhileLoopWith*=
q_py_topic_variables:q_py_swap1,ForLoopWithUpdate,ForLoopWith*=
q_py_topic_variables:q_py_swap1,ForLoopWithUpdate,ForLoopWithListIndexing
q_py_topic_variables:q_py_swap1,ArithmeticOperation,FindAbsolute
q_py_topic_variables:q_py_swap1,HandlingTuple,SlicingTuple
q_py_topic_variables:q_py_swap1,HandlingFloat,TransformingToFloatType
q_py_topic_variables:q_py_swap1,HandlingDictionary,IndexingDictionary
q_py_topic_variables:q_py_swap1,AddingListElement,AddingListElementWithInsert
q_py_topic_variables:q_py_swap1,AddingListElement,AddingListElementWithAppend
q_topic_classes_objects:q_py_inheritance_animal1,WhileLoopWithUpdate,WhileLoopWithListIndexing
q_topic_classes_objects:q_py_inheritance_animal1,WhileLoopWithUpdate,WhileLoopWith*=
q_topic_classes_objects:q_py_inheritance_animal1,WhileLoopWithUpdate,WhileLoopWith+=
q_topic_classes_objects:q_py_inheritance_animal1,ForLoopWithUpdate,ForLoopWith+=
q_topic_classes_objects:q_py_inheritance_animal1,ForLoopWithUpdate,ForLoopWith*=
q_topic_classes_objects:q_py_inheritance_animal1,ForLoopWithUpdate,ForLoopWithListIndexing
q_topic_classes_objects:q_py_inheritance_animal1,ArithmeticOperation,FindAbsolute
q_topic_classes_objects:q_py_inheritance_animal1,ArithmeticOperation,FindRemainder
q_topic_classes_objects:q_py_inheritance_animal1,ArithmeticOperation,FindMaximum
q_topic_classes_objects:q_py_inheritance_animal1,ArithmeticOperation,Addition
q_topic_classes_objects:q_py_inheritance_animal1,ArithmeticOperation,Round
q_topic_classes_objects:q_py_inheritance_animal1,ArithmeticOperation,Power
q_topic_classes_objects:q_py_inheritance_animal1,ArithmeticOperation,FindMinimum
q_topic_classes_objects:q_py_inheritance_animal1,ArithmeticOperation,Substraction
q_topic_classes_objects:q_py_inheritance_animal1,ArithmeticOperation,Division
q_topic_classes_objects:q_py_inheritance_animal1,HandlingFloat,TransformingToFloatType
q_topic_classes_objects:q_py_inheritance_animal1,HandlingDictionary,IndexingDictionary
q_topic_classes_objects:q_py_inheritance_animal1,HandlingList,SlicingList
q_topic_classes_objects:q_py_inheritance_animal1,HandlingList,ReversingList
q_topic_classes_objects:q_py_inheritance_animal1,ModifyingStringCase,ConvertStringToUpperCase
q_topic_classes_objects:q_py_obj_account1,Python,Concatenation
q_topic_classes_objects:q_py_obj_account1,Python,Importing
q_topic_classes_objects:q_py_obj_account1,Python,FindingLength
q_topic_classes_objects:q_py_obj_account1,Python,Printing
q_topic_classes_objects:q_py_obj_account1,Python,CheckingForItem
q_topic_classes_objects:q_py_obj_account1,Python,HandlingInput
q_topic_classes_objects:q_py_obj_account1,CheckingCondition,IfElseChecking
q_topic_classes_objects:q_py_obj_account1,CheckingCondition,AssertChecking
q_topic_classes_objects:q_py_obj_account1,CheckingCondition,IfElifElseChecking
q_topic_classes_objects:q_py_obj_account1,CheckingCondition,NestedIfChecking
q_topic_classes_objects:q_py_obj_account1,CheckingCondition,IfChecking
q_topic_classes_objects:q_py_obj_account1,CheckingCondition,IfElifChecking
q_topic_classes_objects:q_py_obj_account1,CheckingCondition,BooleanEvaluating
q_topic_classes_objects:q_py_obj_account1,CheckingInForLoop,IfElseCheckingInForLoop
q_topic_classes_objects:q_py_obj_account1,CheckingInForLoop,IfElifCheckingInForLoop
q_topic_classes_objects:q_py_obj_account1,CheckingInForLoop,IfCheckingInForLoop
q_topic_classes_objects:q_py_obj_account1,CheckingInForLoop,IfElifElseCheckingInForLoop
q_topic_classes_objects:q_py_obj_account1,CheckingInWhileLoop,IfElifElseCheckingInWhileLoop
q_topic_classes_objects:q_py_obj_account1,CheckingInWhileLoop,IfCheckingInWhileLoop
q_topic_classes_objects:q_py_obj_account1,CheckingInWhileLoop,IfElseCheckingInWhileLoop
q_topic_classes_objects:q_py_obj_account1,CheckingInWhileLoop,IfElifCheckingInWhileLoop
q_topic_classes_objects:q_py_obj_account1,ManagingVariable,SwappingVariablesValue
q_topic_classes_objects:q_py_obj_account1,ManagingVariable,AssigningVariable
q_topic_classes_objects:q_py_obj_account1,ManagingVariable,UpdatingVariable
q_topic_classes_objects:q_py_obj_account1,HandlingAdvancedDataStructure,BinaryTreeTask
q_topic_classes_objects:q_py_obj_account1,HandlingAdvancedDataStructure,LinkedListTask
q_topic_classes_objects:q_py_obj_account1,HandlingAdvancedDataStructure,QueueTask
q_topic_classes_objects:q_py_obj_account1,HandlingAdvancedDataStructure,StackTask
q_topic_classes_objects:q_py_obj_account1,TwoDimensionalArrayTask,ReplacingElement2DArray
q_topic_classes_objects:q_py_obj_account1,TwoDimensionalArrayTask,Indexing2DArray
q_topic_classes_objects:q_py_obj_account1,TwoDimensionalArrayTask,Create2DArray
q_topic_classes_objects:q_py_obj_account1,HandlingFunction,CallingFunctionLibrary
q_topic_classes_objects:q_py_obj_account1,HandlingFunction,NestedFunctionCall
q_topic_classes_objects:q_py_obj_account1,HandlingFunctionCallingFunction,CallingFunctionCallingFunction
q_topic_classes_objects:q_py_obj_account1,HandlingFunctionCallingFunction,DefiningFunctionCallingFunction
q_topic_classes_objects:q_py_obj_account1,HandlingRecursiveFunction,CallingRecursiveFunction
q_topic_classes_objects:q_py_obj_account1,HandlingRecursiveFunction,DefiningRecursiveFunction
q_topic_classes_objects:q_py_obj_account1,HandlingNestedFunction,CallingNestedFunction
q_topic_classes_objects:q_py_obj_account1,HandlingNestedFunction,DefiningNestedFunction
q_topic_classes_objects:q_py_obj_account1,HandlingStandardFunction,CallingStandardFunction
q_topic_classes_objects:q_py_obj_account1,HandlingStandardFunction,DefiningStandardFunction
q_topic_classes_objects:q_py_obj_account1,NonNestedIteration,SingleForLoopIteration
q_topic_classes_objects:q_py_obj_account1,NonNestedIteration,SingleWhileLoopIteration
q_topic_classes_objects:q_py_obj_account1,WhileLoopWithUpdate,WhileLoopWithListIndexing
q_topic_classes_objects:q_py_obj_account1,WhileLoopWithUpdate,WhileLoopWith*=
q_topic_classes_objects:q_py_obj_account1,WhileLoopWithUpdate,WhileLoopWith+=
q_topic_classes_objects:q_py_obj_account1,ForLoopWithUpdate,ForLoopWith+=
q_topic_classes_objects:q_py_obj_account1,ForLoopWithUpdate,ForLoopWith*=
q_topic_classes_objects:q_py_obj_account1,ForLoopWithUpdate,ForLoopWithListIndexing
q_topic_classes_objects:q_py_obj_account1,NestedLoopIteration,MixedNestedLoopIteration
q_topic_classes_objects:q_py_obj_account1,NestedLoopIteration,NestedForLoopIteration
q_topic_classes_objects:q_py_obj_account1,NestedLoopIteration,NestedWhileLoopIteration
q_topic_classes_objects:q_py_obj_account1,ArithmeticOperation,FindAbsolute
q_topic_classes_objects:q_py_obj_account1,ArithmeticOperation,FindRemainder
q_topic_classes_objects:q_py_obj_account1,ArithmeticOperation,FindMaximum
q_topic_classes_objects:q_py_obj_account1,ArithmeticOperation,Addition
q_topic_classes_objects:q_py_obj_account1,ArithmeticOperation,Round
q_topic_classes_objects:q_py_obj_account1,ArithmeticOperation,Power
q_topic_classes_objects:q_py_obj_account1,ArithmeticOperation,FindMinimum
q_topic_classes_objects:q_py_obj_account1,ArithmeticOperation,Substraction
q_topic_classes_objects:q_py_obj_account1,ArithmeticOperation,Division
q_topic_classes_objects:q_py_obj_account1,ArithmeticOperation,Multiplication
q_topic_classes_objects:q_py_obj_account1,HandlingInteger,TransformingToIntType
q_topic_classes_objects:q_py_obj_account1,HandlingTuple,CreatingTuple
q_topic_classes_objects:q_py_obj_account1,HandlingTuple,SlicingTuple
q_topic_classes_objects:q_py_obj_account1,HandlingTuple,IndexingTuple
q_topic_classes_objects:q_py_obj_account1,HandlingFloat,TransformingToFloatType
q_topic_classes_objects:q_py_obj_account1,HandlingDictionary,ReplacingDictionaryElement
q_topic_classes_objects:q_py_obj_account1,HandlingDictionary,IndexingDictionary
q_topic_classes_objects:q_py_obj_account1,HandlingList,DeletingListElement
q_topic_classes_objects:q_py_obj_account1,HandlingList,IndexingList
q_topic_classes_objects:q_py_obj_account1,HandlingList,CreatingList
q_topic_classes_objects:q_py_obj_account1,HandlingList,SlicingList
q_topic_classes_objects:q_py_obj_account1,HandlingList,ReplacingListElement
q_topic_classes_objects:q_py_obj_account1,HandlingList,ListReferencing
q_topic_classes_objects:q_py_obj_account1,HandlingList,ReversingList
q_topic_classes_objects:q_py_obj_account1,AddingListElement,AddingListElementWithInsert
q_topic_classes_objects:q_py_obj_account1,AddingListElement,AddingListElementWithAppend
q_topic_classes_objects:q_py_obj_account1,HandlingFile,ClosingFile
q_topic_classes_objects:q_py_obj_account1,HandlingFile,ReadingLine
q_topic_classes_objects:q_py_obj_account1,HandlingFile,OpeningFile
q_topic_classes_objects:q_py_obj_account1,HandlingString,CreatingString
q_topic_classes_objects:q_py_obj_account1,HandlingString,ReplacingStringContent
q_topic_classes_objects:q_py_obj_account1,HandlingString,FormattingString
q_topic_classes_objects:q_py_obj_account1,HandlingString,TransformingToStringType
q_topic_classes_objects:q_py_obj_account1,HandlingString,SplittingString
q_topic_classes_objects:q_py_obj_bus1,Python,Concatenation
q_topic_classes_objects:q_py_obj_bus1,Python,Importing
q_topic_classes_objects:q_py_obj_bus1,Python,FindingLength
q_topic_classes_objects:q_py_obj_bus1,Python,Printing
q_topic_classes_objects:q_py_obj_bus1,Python,CheckingForItem
q_topic_classes_objects:q_py_obj_bus1,Python,HandlingInput
q_topic_classes_objects:q_py_obj_bus1,CheckingCondition,IfElseChecking
q_topic_classes_objects:q_py_obj_bus1,CheckingCondition,AssertChecking
q_topic_classes_objects:q_py_obj_bus1,CheckingCondition,IfElifElseChecking
q_topic_classes_objects:q_py_obj_bus1,CheckingCondition,NestedIfChecking
q_topic_classes_objects:q_py_obj_bus1,CheckingCondition,IfChecking
q_topic_classes_objects:q_py_obj_bus1,CheckingCondition,IfElifChecking
q_topic_classes_objects:q_py_obj_bus1,CheckingCondition,BooleanEvaluating
q_topic_classes_objects:q_py_obj_bus1,CheckingInForLoop,IfElseCheckingInForLoop
q_topic_classes_objects:q_py_obj_bus1,CheckingInForLoop,IfElifCheckingInForLoop
q_topic_classes_objects:q_py_obj_bus1,CheckingInForLoop,IfCheckingInForLoop
q_topic_classes_objects:q_py_obj_bus1,CheckingInForLoop,IfElifElseCheckingInForLoop
q_topic_classes_objects:q_py_obj_bus1,CheckingInWhileLoop,IfElifElseCheckingInWhileLoop
q_topic_classes_objects:q_py_obj_bus1,CheckingInWhileLoop,IfCheckingInWhileLoop
q_topic_classes_objects:q_py_obj_bus1,CheckingInWhileLoop,IfElseCheckingInWhileLoop
q_topic_classes_objects:q_py_obj_bus1,CheckingInWhileLoop,IfElifCheckingInWhileLoop
q_topic_classes_objects:q_py_obj_bus1,ManagingVariable,SwappingVariablesValue
q_topic_classes_objects:q_py_obj_bus1,ManagingVariable,AssigningVariable
q_topic_classes_objects:q_py_obj_bus1,ManagingVariable,UpdatingVariable
q_topic_classes_objects:q_py_obj_bus1,HandlingAdvancedDataStructure,BinaryTreeTask
q_topic_classes_objects:q_py_obj_bus1,HandlingAdvancedDataStructure,LinkedListTask
q_topic_classes_objects:q_py_obj_bus1,HandlingAdvancedDataStructure,QueueTask
q_topic_classes_objects:q_py_obj_bus1,HandlingAdvancedDataStructure,StackTask
q_topic_classes_objects:q_py_obj_bus1,TwoDimensionalArrayTask,ReplacingElement2DArray
q_topic_classes_objects:q_py_obj_bus1,TwoDimensionalArrayTask,Indexing2DArray
q_topic_classes_objects:q_py_obj_bus1,TwoDimensionalArrayTask,Create2DArray
q_topic_classes_objects:q_py_obj_bus1,HandlingObjectOrientedProgramming,DefiningOOPMethod
q_topic_classes_objects:q_py_obj_bus1,HandlingFunction,CallingFunctionLibrary
q_topic_classes_objects:q_py_obj_bus1,HandlingFunction,NestedFunctionCall
q_topic_classes_objects:q_py_obj_bus1,HandlingFunctionCallingFunction,CallingFunctionCallingFunction
q_topic_classes_objects:q_py_obj_bus1,HandlingFunctionCallingFunction,DefiningFunctionCallingFunction
q_topic_classes_objects:q_py_obj_bus1,HandlingRecursiveFunction,CallingRecursiveFunction
q_topic_classes_objects:q_py_obj_bus1,HandlingRecursiveFunction,DefiningRecursiveFunction
q_topic_classes_objects:q_py_obj_bus1,HandlingNestedFunction,CallingNestedFunction
q_topic_classes_objects:q_py_obj_bus1,HandlingNestedFunction,DefiningNestedFunction
q_topic_classes_objects:q_py_obj_bus1,HandlingStandardFunction,CallingStandardFunction
q_topic_classes_objects:q_py_obj_bus1,HandlingStandardFunction,DefiningStandardFunction
q_topic_classes_objects:q_py_obj_bus1,NonNestedIteration,SingleForLoopIteration
q_topic_classes_objects:q_py_obj_bus1,WhileLoopWithUpdate,WhileLoopWithListIndexing
q_topic_classes_objects:q_py_obj_bus1,WhileLoopWithUpdate,WhileLoopWith*=
q_topic_classes_objects:q_py_obj_bus1,ForLoopWithUpdate,ForLoopWith*=
q_topic_classes_objects:q_py_obj_bus1,ForLoopWithUpdate,ForLoopWithListIndexing
q_topic_classes_objects:q_py_obj_bus1,NestedLoopIteration,NestedForLoopIteration
q_topic_classes_objects:q_py_obj_bus1,NestedLoopIteration,NestedWhileLoopIteration
q_topic_classes_objects:q_py_obj_bus1,ArithmeticOperation,FindAbsolute
q_topic_classes_objects:q_py_obj_bus1,ArithmeticOperation,FindRemainder
q_topic_classes_objects:q_py_obj_bus1,ArithmeticOperation,Round
q_topic_classes_objects:q_py_obj_bus1,ArithmeticOperation,Power
q_topic_classes_objects:q_py_obj_bus1,ArithmeticOperation,Division
q_topic_classes_objects:q_py_obj_bus1,ArithmeticOperation,Multiplication
q_topic_classes_objects:q_py_obj_bus1,HandlingInteger,TransformingToIntType
q_topic_classes_objects:q_py_obj_bus1,HandlingTuple,CreatingTuple
q_topic_classes_objects:q_py_obj_bus1,HandlingTuple,SlicingTuple
q_topic_classes_objects:q_py_obj_bus1,HandlingTuple,IndexingTuple
q_topic_classes_objects:q_py_obj_bus1,HandlingFloat,TransformingToFloatType
q_topic_classes_objects:q_py_obj_bus1,HandlingDictionary,ReplacingDictionaryElement
q_topic_classes_objects:q_py_obj_bus1,HandlingDictionary,IndexingDictionary
q_topic_classes_objects:q_py_obj_bus1,HandlingDictionary,AddingItemToDictionary
q_topic_classes_objects:q_py_obj_bus1,HandlingDictionary,AccessingDictionary
q_topic_classes_objects:q_py_obj_bus1,HandlingDictionary,CreatingDictionary
q_topic_classes_objects:q_py_obj_bus1,HandlingList,DeletingListElement
q_topic_classes_objects:q_py_obj_bus1,HandlingList,IndexingList
q_topic_classes_objects:q_py_obj_bus1,HandlingList,CreatingList
q_topic_classes_objects:q_py_obj_bus1,HandlingList,SlicingList
q_topic_classes_objects:q_py_obj_bus1,HandlingList,ReplacingListElement
q_topic_classes_objects:q_py_obj_bus1,HandlingList,ListReferencing
q_topic_classes_objects:q_py_obj_bus1,HandlingList,ReversingList
q_topic_classes_objects:q_py_obj_bus1,AddingListElement,AddingListElementWithInsert
q_topic_classes_objects:q_py_obj_bus1,AddingListElement,AddingListElementWithAppend
q_topic_classes_objects:q_py_obj_bus1,HandlingFile,ClosingFile
q_topic_classes_objects:q_py_obj_bus1,HandlingFile,ReadingLine
q_topic_classes_objects:q_py_obj_bus1,HandlingFile,OpeningFile
q_topic_classes_objects:q_py_obj_bus1,HandlingString,CreatingString
q_topic_classes_objects:q_py_obj_bus1,HandlingString,ReplacingStringContent
q_topic_classes_objects:q_py_obj_bus1,HandlingString,FormattingString
q_topic_classes_objects:q_py_obj_bus1,HandlingString,TransformingToStringType
q_topic_classes_objects:q_py_obj_bus1,HandlingString,SplittingString
q_topic_classes_objects:q_py_obj_car1,WhileLoopWithUpdate,WhileLoopWithListIndexing
q_topic_classes_objects:q_py_obj_car1,WhileLoopWithUpdate,WhileLoopWith*=
q_topic_classes_objects:q_py_obj_car1,ForLoopWithUpdate,ForLoopWith*=
q_topic_classes_objects:q_py_obj_car1,ForLoopWithUpdate,ForLoopWithListIndexing
q_topic_classes_objects:q_py_obj_car1,NestedLoopIteration,NestedForLoopIteration
q_topic_classes_objects:q_py_obj_car1,NestedLoopIteration,NestedWhileLoopIteration
q_topic_classes_objects:q_py_obj_car1,ArithmeticOperation,FindAbsolute
q_topic_classes_objects:q_py_obj_car1,ArithmeticOperation,FindRemainder
q_topic_classes_objects:q_py_obj_car1,ArithmeticOperation,FindMaximum
q_topic_classes_objects:q_py_obj_car1,ArithmeticOperation,Round
q_topic_classes_objects:q_py_obj_car1,ArithmeticOperation,Power
q_topic_classes_objects:q_py_obj_car1,ArithmeticOperation,Division
q_topic_classes_objects:q_py_obj_car1,ArithmeticOperation,Multiplication
q_topic_classes_objects:q_py_obj_car1,HandlingFloat,TransformingToFloatType
q_topic_classes_objects:q_py_obj_car1,HandlingDictionary,AddingItemToDictionary
q_topic_classes_objects:q_py_obj_car1,HandlingDictionary,AccessingDictionary
q_topic_classes_objects:q_py_obj_car1,HandlingList,DeletingListElement
q_topic_classes_objects:q_py_obj_car1,HandlingList,SlicingList
q_topic_classes_objects:q_py_obj_car1,HandlingList,ReversingList
q_topic_classes_objects:q_py_obj_car1,AddingListElement,AddingListElementWithInsert
q_topic_classes_objects:q_py_obj_car1,AddingListElement,AddingListElementWithAppend
q_topic_classes_objects:q_py_obj_car1,HandlingString,ReplacingStringContent
q_topic_classes_objects:q_py_obj_car1,HandlingString,TransformingToStringType
q_topic_classes_objects:q_py_obj_car2,Python,Concatenation
q_topic_classes_objects:q_py_obj_car2,Python,Importing
q_topic_classes_objects:q_py_obj_car2,Python,FindingLength
q_topic_classes_objects:q_py_obj_car2,Python,Printing
q_topic_classes_objects:q_py_obj_car2,Python,CheckingForItem
q_topic_classes_objects:q_py_obj_car2,Python,HandlingInput
q_topic_classes_objects:q_py_obj_car2,CheckingCondition,IfElseChecking
q_topic_classes_objects:q_py_obj_car2,CheckingCondition,AssertChecking
q_topic_classes_objects:q_py_obj_car2,CheckingCondition,IfElifElseChecking
q_topic_classes_objects:q_py_obj_car2,CheckingCondition,NestedIfChecking
q_topic_classes_objects:q_py_obj_car2,CheckingCondition,IfChecking
q_topic_classes_objects:q_py_obj_car2,CheckingCondition,IfElifChecking
q_topic_classes_objects:q_py_obj_car2,CheckingCondition,BooleanEvaluating
q_topic_classes_objects:q_py_obj_car2,CheckingInForLoop,IfElseCheckingInForLoop
q_topic_classes_objects:q_py_obj_car2,CheckingInForLoop,IfElifCheckingInForLoop
q_topic_classes_objects:q_py_obj_car2,CheckingInForLoop,IfCheckingInForLoop
q_topic_classes_objects:q_py_obj_car2,CheckingInForLoop,IfElifElseCheckingInForLoop
q_topic_classes_objects:q_py_obj_car2,CheckingInWhileLoop,IfElifElseCheckingInWhileLoop
q_topic_classes_objects:q_py_obj_car2,CheckingInWhileLoop,IfCheckingInWhileLoop
q_topic_classes_objects:q_py_obj_car2,CheckingInWhileLoop,IfElseCheckingInWhileLoop
q_topic_classes_objects:q_py_obj_car2,CheckingInWhileLoop,IfElifCheckingInWhileLoop
q_topic_classes_objects:q_py_obj_car2,ManagingVariable,SwappingVariablesValue
q_topic_classes_objects:q_py_obj_car2,ManagingVariable,AssigningVariable
q_topic_classes_objects:q_py_obj_car2,ManagingVariable,UpdatingVariable
q_topic_classes_objects:q_py_obj_car2,HandlingAdvancedDataStructure,BinaryTreeTask
q_topic_classes_objects:q_py_obj_car2,HandlingAdvancedDataStructure,LinkedListTask
q_topic_classes_objects:q_py_obj_car2,HandlingAdvancedDataStructure,QueueTask
q_topic_classes_objects:q_py_obj_car2,HandlingAdvancedDataStructure,StackTask
q_topic_classes_objects:q_py_obj_car2,TwoDimensionalArrayTask,ReplacingElement2DArray
q_topic_classes_objects:q_py_obj_car2,TwoDimensionalArrayTask,Indexing2DArray
q_topic_classes_objects:q_py_obj_car2,TwoDimensionalArrayTask,Create2DArray
q_topic_classes_objects:q_py_obj_car2,HandlingObjectOrientedProgramming,CallingOOPMethod
q_topic_classes_objects:q_py_obj_car2,HandlingFunction,CallingFunctionLibrary
q_topic_classes_objects:q_py_obj_car2,HandlingFunction,NestedFunctionCall
q_topic_classes_objects:q_py_obj_car2,HandlingFunctionCallingFunction,CallingFunctionCallingFunction
q_topic_classes_objects:q_py_obj_car2,HandlingFunctionCallingFunction,DefiningFunctionCallingFunction
q_topic_classes_objects:q_py_obj_car2,HandlingRecursiveFunction,CallingRecursiveFunction
q_topic_classes_objects:q_py_obj_car2,HandlingRecursiveFunction,DefiningRecursiveFunction
q_topic_classes_objects:q_py_obj_car2,HandlingNestedFunction,CallingNestedFunction
q_topic_classes_objects:q_py_obj_car2,HandlingNestedFunction,DefiningNestedFunction
q_topic_classes_objects:q_py_obj_car2,HandlingStandardFunction,CallingStandardFunction
q_topic_classes_objects:q_py_obj_car2,HandlingStandardFunction,DefiningStandardFunction
q_topic_classes_objects:q_py_obj_car2,NonNestedIteration,SingleForLoopIteration
q_topic_classes_objects:q_py_obj_car2,ArithmeticOperation,FindAbsolute
q_topic_classes_objects:q_py_obj_car2,ArithmeticOperation,FindRemainder
q_topic_classes_objects:q_py_obj_car2,ArithmeticOperation,FindMaximum
q_topic_classes_objects:q_py_obj_car2,ArithmeticOperation,Round
q_topic_classes_objects:q_py_obj_car2,ArithmeticOperation,Power
q_topic_classes_objects:q_py_obj_car2,ArithmeticOperation,Division
q_topic_classes_objects:q_py_obj_car2,ArithmeticOperation,Multiplication
q_topic_classes_objects:q_py_obj_car2,HandlingDictionary,AccessingDictionary
q_topic_classes_objects:q_py_obj_car2,HandlingList,SlicingList
q_topic_classes_objects:q_py_obj_point1,Python,Concatenation
q_topic_classes_objects:q_py_obj_point1,Python,Importing
q_topic_classes_objects:q_py_obj_point1,Python,FindingLength
q_topic_classes_objects:q_py_obj_point1,Python,Printing
q_topic_classes_objects:q_py_obj_point1,Python,CheckingForItem
q_topic_classes_objects:q_py_obj_point1,Python,HandlingInput
q_topic_classes_objects:q_py_obj_point1,CheckingCondition,IfElseChecking
q_topic_classes_objects:q_py_obj_point1,CheckingCondition,AssertChecking
q_topic_classes_objects:q_py_obj_point1,CheckingCondition,IfElifElseChecking
q_topic_classes_objects:q_py_obj_point1,CheckingCondition,NestedIfChecking
q_topic_classes_objects:q_py_obj_point1,CheckingCondition,IfChecking
q_topic_classes_objects:q_py_obj_point1,CheckingCondition,IfElifChecking
q_topic_classes_objects:q_py_obj_point1,CheckingCondition,BooleanEvaluating
q_topic_classes_objects:q_py_obj_point1,CheckingInForLoop,IfElseCheckingInForLoop
q_topic_classes_objects:q_py_obj_point1,CheckingInForLoop,IfElifCheckingInForLoop
q_topic_classes_objects:q_py_obj_point1,CheckingInForLoop,IfCheckingInForLoop
q_topic_classes_objects:q_py_obj_point1,CheckingInForLoop,IfElifElseCheckingInForLoop
q_topic_classes_objects:q_py_obj_point1,CheckingInWhileLoop,IfElifElseCheckingInWhileLoop
q_topic_classes_objects:q_py_obj_point1,CheckingInWhileLoop,IfCheckingInWhileLoop
q_topic_classes_objects:q_py_obj_point1,CheckingInWhileLoop,IfElseCheckingInWhileLoop
q_topic_classes_objects:q_py_obj_point1,CheckingInWhileLoop,IfElifCheckingInWhileLoop
q_topic_classes_objects:q_py_obj_point1,ManagingVariable,SwappingVariablesValue
q_topic_classes_objects:q_py_obj_point1,ManagingVariable,AssigningVariable
q_topic_classes_objects:q_py_obj_point1,ManagingVariable,UpdatingVariable
q_topic_classes_objects:q_py_obj_point1,HandlingAdvancedDataStructure,BinaryTreeTask
q_topic_classes_objects:q_py_obj_point1,HandlingAdvancedDataStructure,LinkedListTask
q_topic_classes_objects:q_py_obj_point1,HandlingAdvancedDataStructure,QueueTask
q_topic_classes_objects:q_py_obj_point1,HandlingAdvancedDataStructure,StackTask
q_topic_classes_objects:q_py_obj_point1,TwoDimensionalArrayTask,ReplacingElement2DArray
q_topic_classes_objects:q_py_obj_point1,TwoDimensionalArrayTask,Indexing2DArray
q_topic_classes_objects:q_py_obj_point1,TwoDimensionalArrayTask,Create2DArray
q_topic_classes_objects:q_py_obj_point1,HandlingObjectOrientedProgramming,CallingOOPMethod
q_topic_classes_objects:q_py_obj_point1,HandlingFunction,CallingFunctionLibrary
q_topic_classes_objects:q_py_obj_point1,HandlingFunction,NestedFunctionCall
q_topic_classes_objects:q_py_obj_point1,HandlingFunctionCallingFunction,CallingFunctionCallingFunction
q_topic_classes_objects:q_py_obj_point1,HandlingFunctionCallingFunction,DefiningFunctionCallingFunction
q_topic_classes_objects:q_py_obj_point1,HandlingRecursiveFunction,CallingRecursiveFunction
q_topic_classes_objects:q_py_obj_point1,HandlingRecursiveFunction,DefiningRecursiveFunction
q_topic_classes_objects:q_py_obj_point1,HandlingNestedFunction,CallingNestedFunction
q_topic_classes_objects:q_py_obj_point1,HandlingNestedFunction,DefiningNestedFunction
q_topic_classes_objects:q_py_obj_point1,HandlingStandardFunction,CallingStandardFunction
q_topic_classes_objects:q_py_obj_point1,HandlingStandardFunction,DefiningStandardFunction
q_topic_classes_objects:q_py_obj_point1,NonNestedIteration,SingleForLoopIteration
q_topic_classes_objects:q_py_obj_point1,ArithmeticOperation,Round
q_topic_classes_objects:q_py_obj_point1,HandlingDictionary,IndexingDictionary
q_topic_classes_objects:q_py_obj_point1,HandlingList,SlicingList
q_topic_classes_objects:q_py_obj_point1,HandlingList,ReversingList
q_topic_classes_objects:q_py_obj_point1,HandlingFile,ClosingFile
q_topic_classes_objects:q_py_obj_point1,HandlingFile,ReadingLine
q_topic_classes_objects:q_py_obj_point1,HandlingFile,OpeningFile
q_topic_classes_objects:q_py_obj_student1,HandlingFunctionCallingFunction,DefiningFunctionCallingFunction
q_topic_classes_objects:q_py_obj_student1,NonNestedIteration,SingleWhileLoopIteration
q_topic_classes_objects:q_py_obj_student1,WhileLoopWithUpdate,WhileLoopWithListIndexing
q_topic_classes_objects:q_py_obj_student1,WhileLoopWithUpdate,WhileLoopWith*=
q_topic_classes_objects:q_py_obj_student1,ForLoopWithUpdate,ForLoopWith*=
q_topic_classes_objects:q_py_obj_student1,ForLoopWithUpdate,ForLoopWithListIndexing
q_topic_classes_objects:q_py_obj_student1,NestedLoopIteration,NestedForLoopIteration
q_topic_classes_objects:q_py_obj_student1,NestedLoopIteration,NestedWhileLoopIteration
q_topic_classes_objects:q_py_obj_student1,ArithmeticOperation,FindAbsolute
q_topic_classes_objects:q_py_obj_student1,ArithmeticOperation,FindRemainder
q_topic_classes_objects:q_py_obj_student1,ArithmeticOperation,FindMaximum
q_topic_classes_objects:q_py_obj_student1,ArithmeticOperation,Round
q_topic_classes_objects:q_py_obj_student1,ArithmeticOperation,Power
q_topic_classes_objects:q_py_obj_student1,ArithmeticOperation,FindMinimum
q_topic_classes_objects:q_py_obj_student1,ArithmeticOperation,Multiplication
q_topic_classes_objects:q_py_obj_student1,HandlingTuple,SlicingTuple
q_topic_classes_objects:q_py_obj_student1,HandlingTuple,IndexingTuple
q_topic_classes_objects:q_py_obj_student1,HandlingDictionary,ReplacingDictionaryElement
q_topic_classes_objects:q_py_obj_student1,HandlingDictionary,IndexingDictionary
q_topic_classes_objects:q_py_obj_student1,HandlingDictionary,AddingItemToDictionary
q_topic_classes_objects:q_py_obj_student1,HandlingDictionary,AccessingDictionary
q_topic_classes_objects:q_py_obj_student1,HandlingList,DeletingListElement
q_topic_classes_objects:q_py_obj_student1,HandlingList,SlicingList
q_topic_classes_objects:q_py_obj_student1,HandlingList,ListReferencing
q_topic_classes_objects:q_py_obj_student1,HandlingList,ReversingList
q_topic_classes_objects:q_py_obj_student1,AddingListElement,AddingListElementWithInsert
q_topic_classes_objects:q_py_obj_student1,HandlingFile,ClosingFile
q_topic_classes_objects:q_py_obj_student1,HandlingFile,ReadingLine
q_topic_classes_objects:q_py_obj_student1,HandlingFile,OpeningFile
q_topic_classes_objects:q_py_obj_student1,HandlingString,ReplacingStringContent
q_topic_classes_objects:q_py_obj_student1,HandlingString,FormattingString
q_topic_classes_objects:q_py_obj_student1,HandlingString,SplittingString
py_if_else_wage,WhileLoopWithUpdate,WhileLoopWithListIndexing
py_if_else_wage,WhileLoopWithUpdate,WhileLoopWith*=
py_if_else_wage,WhileLoopWithUpdate,WhileLoopWith+=
py_if_else_wage,ForLoopWithUpdate,ForLoopWith+=
py_if_else_wage,ForLoopWithUpdate,ForLoopWith*=
py_if_else_wage,ForLoopWithUpdate,ForLoopWithListIndexing
py_if_else_wage,NestedLoopIteration,NestedForLoopIteration
py_if_else_wage,NestedLoopIteration,NestedWhileLoopIteration
py_if_else_wage,ArithmeticOperation,FindAbsolute
py_if_else_wage,ArithmeticOperation,FindRemainder
py_if_else_wage,ArithmeticOperation,Round
py_if_else_wage,ArithmeticOperation,Power
py_if_else_wage,ArithmeticOperation,Division
py_if_else_wage,HandlingTuple,SlicingTuple
py_if_else_wage,HandlingTuple,IndexingTuple
py_if_else_wage,HandlingDictionary,ReplacingDictionaryElement
py_if_else_wage,HandlingDictionary,IndexingDictionary
py_if_else_wage,HandlingDictionary,AddingItemToDictionary
py_if_else_wage,HandlingList,DeletingListElement
py_if_else_wage,HandlingList,SlicingList
py_if_else_wage,HandlingList,ReplacingListElement
py_if_else_wage,HandlingList,ListReferencing
py_if_else_wage,HandlingList,ReversingList
py_if_else_wage,AddingListElement,AddingListElementWithInsert
py_if_else_wage,AddingListElement,AddingListElementWithAppend
py_if_else_wage,HandlingFile,ClosingFile
py_if_else_wage,HandlingFile,ReadingLine
py_if_else_wage,HandlingFile,OpeningFile
py_if_else_wage,HandlingString,ReplacingStringContent
py_if_else_wage2,WhileLoopWithUpdate,WhileLoopWithListIndexing
py_if_else_wage2,WhileLoopWithUpdate,WhileLoopWith*=
py_if_else_wage2,WhileLoopWithUpdate,WhileLoopWith+=
py_if_else_wage2,ForLoopWithUpdate,ForLoopWith+=
py_if_else_wage2,ForLoopWithUpdate,ForLoopWith*=
py_if_else_wage2,ForLoopWithUpdate,ForLoopWithListIndexing
py_if_else_wage2,NestedLoopIteration,NestedForLoopIteration
py_if_else_wage2,NestedLoopIteration,NestedWhileLoopIteration
py_if_else_wage2,ArithmeticOperation,FindAbsolute
py_if_else_wage2,ArithmeticOperation,FindRemainder
py_if_else_wage2,ArithmeticOperation,Round
py_if_else_wage2,ArithmeticOperation,Power
py_if_else_wage2,ArithmeticOperation,Division
py_if_else_wage2,HandlingDictionary,ReplacingDictionaryElement
py_if_else_wage2,HandlingDictionary,IndexingDictionary
py_if_else_wage2,HandlingDictionary,AddingItemToDictionary
py_if_else_wage2,HandlingList,SlicingList
py_if_else_wage2,HandlingList,ListReferencing
py_if_else_wage2,HandlingString,ReplacingStringContent
py_if_else_wage2,HandlingString,SplittingString
py_check_adjacent,ForLoopWithUpdate,ForLoopWith+=
py_check_adjacent,ForLoopWithUpdate,ForLoopWith*=
py_check_adjacent,ForLoopWithUpdate,ForLoopWithListIndexing
py_check_adjacent,ArithmeticOperation,FindAbsolute
py_check_adjacent,ArithmeticOperation,FindRemainder
py_check_adjacent,ArithmeticOperation,Round
py_check_adjacent,ArithmeticOperation,Power
py_check_adjacent,ArithmeticOperation,FindMinimum
py_check_adjacent,HandlingInteger,TransformingToIntType
py_check_adjacent,HandlingTuple,CreatingTuple
py_check_adjacent,HandlingTuple,SlicingTuple
py_check_adjacent,HandlingTuple,IndexingTuple
py_check_adjacent,HandlingDictionary,ReplacingDictionaryElement
py_check_adjacent,HandlingDictionary,IndexingDictionary
py_check_adjacent,HandlingDictionary,AddingItemToDictionary
py_check_adjacent,HandlingList,DeletingListElement
py_check_adjacent,HandlingList,SlicingList
py_check_adjacent,HandlingList,ReversingList
py_check_adjacent,AddingListElement,AddingListElementWithInsert
py_check_adjacent,AddingListElement,AddingListElementWithAppend
py_check_adjacent,HandlingFile,ClosingFile
py_check_adjacent,HandlingFile,ReadingLine
py_check_adjacent,HandlingFile,OpeningFile
py_check_adjacent,HandlingString,ReplacingStringContent
py_check_adjacent,HandlingString,FormattingString
py_adjacent_consecutive,ForLoopWithUpdate,ForLoopWith+=
py_adjacent_consecutive,ForLoopWithUpdate,ForLoopWith*=
py_adjacent_consecutive,ForLoopWithUpdate,ForLoopWithListIndexing
py_adjacent_consecutive,ArithmeticOperation,FindAbsolute
py_adjacent_consecutive,ArithmeticOperation,Round
py_adjacent_consecutive,HandlingTuple,CreatingTuple
py_adjacent_consecutive,HandlingTuple,SlicingTuple
py_adjacent_consecutive,HandlingTuple,IndexingTuple
py_adjacent_consecutive,HandlingFloat,TransformingToFloatType
py_adjacent_consecutive,HandlingDictionary,IndexingDictionary
py_adjacent_consecutive,HandlingList,DeletingListElement
py_adjacent_consecutive,HandlingList,SlicingList
py_adjacent_consecutive,HandlingList,ReversingList
py_adjacent_consecutive,HandlingString,ReplacingStringContent
py_adjacent_consecutive,HandlingString,FormattingString
py_adjacent_greater,ForLoopWithUpdate,ForLoopWith+=
py_adjacent_greater,ForLoopWithUpdate,ForLoopWith*=
py_adjacent_greater,ForLoopWithUpdate,ForLoopWithListIndexing
py_adjacent_greater,ArithmeticOperation,FindAbsolute
py_adjacent_greater,ArithmeticOperation,FindRemainder
py_adjacent_greater,ArithmeticOperation,Round
py_adjacent_greater,ArithmeticOperation,Power
py_adjacent_greater,ArithmeticOperation,FindMinimum
py_adjacent_greater,ArithmeticOperation,Division
py_adjacent_greater,ArithmeticOperation,Multiplication
py_adjacent_greater,HandlingInteger,TransformingToIntType
py_adjacent_greater,HandlingTuple,CreatingTuple
py_adjacent_greater,HandlingTuple,SlicingTuple
py_adjacent_greater,HandlingTuple,IndexingTuple
py_adjacent_greater,HandlingDictionary,IndexingDictionary
py_adjacent_greater,HandlingList,DeletingListElement
py_adjacent_greater,HandlingList,SlicingList
py_adjacent_greater,HandlingList,ReversingList
py_adjacent_greater,AddingListElement,AddingListElementWithInsert
py_adjacent_greater,AddingListElement,AddingListElementWithAppend
py_adjacent_greater,HandlingString,ReplacingStringContent
py_adjacent_greater,HandlingString,FormattingString
py_win_percentage,ForLoopWithUpdate,ForLoopWith+=
py_win_percentage,ForLoopWithUpdate,ForLoopWith*=
py_win_percentage,ForLoopWithUpdate,ForLoopWithListIndexing
py_win_percentage,HandlingTuple,CreatingTuple
py_win_percentage,HandlingTuple,SlicingTuple
py_win_percentage,HandlingTuple,IndexingTuple
py_win_percentage,HandlingDictionary,IndexingDictionary
py_win_percentage,HandlingList,ReversingList
py_win_percentage_input,ForLoopWithUpdate,ForLoopWith+=
py_win_percentage_input,ForLoopWithUpdate,ForLoopWith*=
py_win_percentage_input,ForLoopWithUpdate,ForLoopWithListIndexing
py_win_percentage_input,NestedLoopIteration,NestedForLoopIteration
py_win_percentage_input,NestedLoopIteration,NestedWhileLoopIteration
py_win_percentage_input,ArithmeticOperation,FindAbsolute
py_win_percentage_input,ArithmeticOperation,Round
py_win_percentage_input,HandlingTuple,CreatingTuple
py_win_percentage_input,HandlingTuple,SlicingTuple
py_win_percentage_input,HandlingTuple,IndexingTuple
py_win_percentage_input,HandlingFloat,TransformingToFloatType
py_win_percentage_input,HandlingDictionary,ReplacingDictionaryElement
py_win_percentage_input,HandlingDictionary,IndexingDictionary
py_win_percentage_input,HandlingDictionary,AddingItemToDictionary
py_win_percentage_input,HandlingDictionary,AccessingDictionary
py_win_percentage_input,HandlingList,DeletingListElement
py_win_percentage_input,HandlingList,SlicingList
py_win_percentage_input,HandlingList,ReplacingListElement
py_win_percentage_input,HandlingList,ListReferencing
py_win_percentage_input,HandlingList,ReversingList
py_win_percentage_input,AddingListElement,AddingListElementWithInsert
py_win_percentage_input,AddingListElement,AddingListElementWithAppend
py_win_percentage_input,HandlingString,ReplacingStringContent
py_win_percentage_input,HandlingString,SplittingString
py_find_average,WhileLoopWithUpdate,WhileLoopWithListIndexing
py_find_average,WhileLoopWithUpdate,WhileLoopWith*=
py_find_average,ForLoopWithUpdate,ForLoopWith+=
py_find_average,ForLoopWithUpdate,ForLoopWith*=
py_find_average,ForLoopWithUpdate,ForLoopWithListIndexing
py_find_average,ArithmeticOperation,FindAbsolute
py_find_average,ArithmeticOperation,FindRemainder
py_find_average,ArithmeticOperation,FindMaximum
py_find_average,ArithmeticOperation,Round
py_find_average,ArithmeticOperation,Power
py_find_average,ArithmeticOperation,FindMinimum
py_find_average,ArithmeticOperation,Substraction
py_find_average,ArithmeticOperation,Multiplication
py_find_average,HandlingTuple,CreatingTuple
py_find_average,HandlingTuple,SlicingTuple
py_find_average,HandlingTuple,IndexingTuple
py_find_average,HandlingFloat,TransformingToFloatType
py_find_average,HandlingDictionary,ReplacingDictionaryElement
py_find_average,HandlingDictionary,IndexingDictionary
py_find_average,HandlingDictionary,AddingItemToDictionary
py_find_average,HandlingList,DeletingListElement
py_find_average,HandlingList,SlicingList
py_find_average,HandlingList,ReversingList
py_find_average,AddingListElement,AddingListElementWithInsert
py_find_average,AddingListElement,AddingListElementWithAppend
py_find_average,HandlingString,ReplacingStringContent
py_find_average,HandlingString,TransformingToStringType
py_find_average,HandlingString,SplittingString
py_average_even_nums,ForLoopWithUpdate,ForLoopWith+=
py_average_even_nums,ForLoopWithUpdate,ForLoopWith*=
py_average_even_nums,ForLoopWithUpdate,ForLoopWithListIndexing
py_average_even_nums,ArithmeticOperation,FindAbsolute
py_average_even_nums,ArithmeticOperation,FindMaximum
py_average_even_nums,ArithmeticOperation,Round
py_average_even_nums,ArithmeticOperation,Power
py_average_even_nums,ArithmeticOperation,FindMinimum
py_average_even_nums,ArithmeticOperation,Substraction
py_average_even_nums,ArithmeticOperation,Multiplication
py_average_even_nums,HandlingTuple,CreatingTuple
py_average_even_nums,HandlingTuple,SlicingTuple
py_average_even_nums,HandlingTuple,IndexingTuple
py_average_even_nums,HandlingFloat,TransformingToFloatType
py_average_even_nums,HandlingDictionary,ReplacingDictionaryElement
py_average_even_nums,HandlingDictionary,IndexingDictionary
py_average_even_nums,HandlingDictionary,AddingItemToDictionary
py_average_even_nums,HandlingList,DeletingListElement
py_average_even_nums,HandlingList,SlicingList
py_average_even_nums,HandlingList,ReversingList
py_average_even_nums,AddingListElement,AddingListElementWithInsert
py_average_even_nums,AddingListElement,AddingListElementWithAppend
py_average_even_nums,HandlingString,ReplacingStringContent
py_average_even_nums,HandlingString,TransformingToStringType
py_average_even_nums,HandlingString,SplittingString
py_average_float,WhileLoopWithUpdate,WhileLoopWithListIndexing
py_average_float,ForLoopWithUpdate,ForLoopWith+=
py_average_float,ForLoopWithUpdate,ForLoopWith*=
py_average_float,ForLoopWithUpdate,ForLoopWithListIndexing
py_average_float,NestedLoopIteration,NestedForLoopIteration
py_average_float,NestedLoopIteration,NestedWhileLoopIteration
py_average_float,ArithmeticOperation,FindAbsolute
py_average_float,ArithmeticOperation,FindRemainder
py_average_float,ArithmeticOperation,Round
py_average_float,ArithmeticOperation,Power
py_average_float,HandlingTuple,SlicingTuple
py_average_float,HandlingTuple,IndexingTuple
py_average_float,HandlingDictionary,ReplacingDictionaryElement
py_average_float,HandlingDictionary,IndexingDictionary
py_average_float,HandlingDictionary,AddingItemToDictionary
py_average_float,HandlingDictionary,AccessingDictionary
py_average_float,HandlingList,DeletingListElement
py_average_float,HandlingList,SlicingList
py_average_float,HandlingList,ReplacingListElement
py_average_float,HandlingList,ListReferencing
py_average_float,HandlingList,ReversingList
py_average_float,AddingListElement,AddingListElementWithInsert
py_average_float,AddingListElement,AddingListElementWithAppend
py_average_float,HandlingFile,ClosingFile
py_average_float,HandlingFile,ReadingLine
py_average_float,HandlingFile,OpeningFile
py_average_float,HandlingString,ReplacingStringContent
py_average_float,HandlingString,TransformingToStringType
py_average_float,HandlingString,SplittingString
py_list2d_basic,NonNestedIteration,SingleWhileLoopIteration
py_list2d_basic,HandlingList,ReversingList
py_list2d_basic,AddingListElement,AddingListElementWithInsert
py_list2d_basic,AddingListElement,AddingListElementWithAppend
py_list2d_basic,HandlingFile,ClosingFile
py_list2d_basic,HandlingFile,ReadingLine
py_list2d_basic,HandlingFile,OpeningFile
py_list2d_basic,HandlingString,ReplacingStringContent
py_list2d_basic,HandlingString,TransformingToStringType
py_list2d_basic,HandlingString,SplittingString
py_list2d_basic2,WhileLoopWithUpdate,WhileLoopWithListIndexing
py_list2d_basic2,WhileLoopWithUpdate,WhileLoopWith*=
py_list2d_basic2,WhileLoopWithUpdate,WhileLoopWith+=
py_list2d_basic2,ForLoopWithUpdate,ForLoopWith+=
py_list2d_basic2,ForLoopWithUpdate,ForLoopWith*=
py_list2d_basic2,ForLoopWithUpdate,ForLoopWithListIndexing
py_list2d_basic2,NestedLoopIteration,MixedNestedLoopIteration
py_list2d_basic2,NestedLoopIteration,NestedWhileLoopIteration
py_list2d_basic2,ArithmeticOperation,FindAbsolute
py_list2d_basic2,ArithmeticOperation,FindRemainder
py_list2d_basic2,ArithmeticOperation,FindMaximum
py_list2d_basic2,ArithmeticOperation,Round
py_list2d_basic2,ArithmeticOperation,Power
py_list2d_basic2,ArithmeticOperation,FindMinimum
py_list2d_basic2,ArithmeticOperation,Substraction
py_list2d_basic2,ArithmeticOperation,Division
py_list2d_basic2,HandlingInteger,TransformingToIntType
py_list2d_basic2,HandlingTuple,CreatingTuple
py_list2d_basic2,HandlingTuple,SlicingTuple
py_list2d_basic2,HandlingTuple,IndexingTuple
py_list2d_basic2,HandlingFloat,TransformingToFloatType
py_list2d_basic2,HandlingDictionary,ReplacingDictionaryElement
py_list2d_basic2,HandlingDictionary,IndexingDictionary
py_list2d_basic2,HandlingDictionary,AddingItemToDictionary
py_list2d_basic2,HandlingDictionary,AccessingDictionary
py_list2d_basic2,HandlingList,ReversingList
py_list2d_basic2,AddingListElement,AddingListElementWithInsert
py_list2d_basic2,AddingListElement,AddingListElementWithAppend
py_list2d_basic2,HandlingFile,ClosingFile
py_list2d_basic2,HandlingFile,ReadingLine
py_list2d_basic2,HandlingFile,OpeningFile
py_list2d_basic2,HandlingString,ReplacingStringContent
py_list2d_basic2,HandlingString,TransformingToStringType
py_list2d_basic2,HandlingString,SplittingString
py_list2d_basic3,NonNestedIteration,SingleWhileLoopIteration
py_list2d_basic3,ArithmeticOperation,Round
py_list2d_basic3,HandlingTuple,CreatingTuple
py_list2d_basic3,HandlingTuple,SlicingTuple
py_list2d_basic3,HandlingTuple,IndexingTuple
py_list2d_basic3,HandlingDictionary,IndexingDictionary
py_list2d_basic3,HandlingList,ReversingList
py_list2d_basic3,HandlingFile,ClosingFile
py_list2d_basic3,HandlingFile,ReadingLine
py_list2d_basic3,HandlingFile,OpeningFile
py_list_basic,HandlingList,SlicingList
py_list_basic,HandlingFile,ClosingFile
py_list_basic,HandlingFile,ReadingLine
py_list_basic,HandlingFile,OpeningFile
py_list_basic,HandlingString,TransformingToStringType
py_list_basic2,HandlingDictionary,IndexingDictionary
py_list_basic2,HandlingList,DeletingListElement
py_list_basic2,HandlingList,SlicingList
py_list_basic2,HandlingList,ReversingList
py_list_basic2,HandlingString,ReplacingStringContent
py_list_basic2,HandlingString,TransformingToStringType
py_list_basic3,NonNestedIteration,SingleWhileLoopIteration
py_list_basic3,HandlingDictionary,IndexingDictionary
py_list_basic3,HandlingList,DeletingListElement
py_list_basic3,HandlingList,SlicingList
py_list_basic3,HandlingList,ReversingList
py_list_basic3,AddingListElement,AddingListElementWithInsert
py_list_basic3,AddingListElement,AddingListElementWithAppend
py_list_basic3,HandlingString,TransformingToStringType
py_list_basic3,HandlingString,SplittingString
py_list_change,NonNestedIteration,SingleWhileLoopIteration
py_list_change,WhileLoopWithUpdate,WhileLoopWithListIndexing
py_list_change,WhileLoopWithUpdate,WhileLoopWith*=
py_list_change,WhileLoopWithUpdate,WhileLoopWith+=
py_list_change,ForLoopWithUpdate,ForLoopWith*=
py_list_change,ForLoopWithUpdate,ForLoopWithListIndexing
py_list_change,NestedLoopIteration,MixedNestedLoopIteration
py_list_change,NestedLoopIteration,NestedForLoopIteration
py_list_change,NestedLoopIteration,NestedWhileLoopIteration
py_list_change,ArithmeticOperation,FindAbsolute
py_list_change,ArithmeticOperation,FindRemainder
py_list_change,ArithmeticOperation,FindMaximum
py_list_change,ArithmeticOperation,Round
py_list_change,ArithmeticOperation,Power
py_list_change,ArithmeticOperation,FindMinimum
py_list_change,ArithmeticOperation,Substraction
py_list_change,ArithmeticOperation,Division
py_list_change,ArithmeticOperation,Multiplication
py_list_change,HandlingInteger,TransformingToIntType
py_list_change,HandlingTuple,CreatingTuple
py_list_change,HandlingTuple,SlicingTuple
py_list_change,HandlingTuple,IndexingTuple
py_list_change,HandlingFloat,TransformingToFloatType
py_list_change,HandlingDictionary,ReplacingDictionaryElement
py_list_change,HandlingDictionary,IndexingDictionary
py_list_change,HandlingDictionary,AddingItemToDictionary
py_list_change,HandlingDictionary,AccessingDictionary
py_list_change,HandlingDictionary,CreatingDictionary
py_list_change,HandlingList,DeletingListElement
py_list_change,HandlingList,SlicingList
py_list_change,HandlingList,ListReferencing
py_list_change,HandlingList,ReversingList
py_list_change,AddingListElement,AddingListElementWithInsert
py_list_change,AddingListElement,AddingListElementWithAppend
py_list_change,HandlingFile,ClosingFile
py_list_change,HandlingFile,ReadingLine
py_list_change,HandlingFile,OpeningFile
py_list_change,HandlingString,ReplacingStringContent
py_list_change,HandlingString,FormattingString
py_list_change,HandlingString,TransformingToStringType
py_list_change,HandlingString,SplittingString
py_list_swap_adjacent_elements,NonNestedIteration,SingleWhileLoopIteration
py_list_swap_adjacent_elements,WhileLoopWithUpdate,WhileLoopWithListIndexing
py_list_swap_adjacent_elements,WhileLoopWithUpdate,WhileLoopWith*=
py_list_swap_adjacent_elements,ForLoopWithUpdate,ForLoopWithListIndexing
py_list_swap_adjacent_elements,NestedLoopIteration,MixedNestedLoopIteration
py_list_swap_adjacent_elements,NestedLoopIteration,NestedWhileLoopIteration
py_list_swap_adjacent_elements,HandlingInteger,TransformingToIntType
py_list_swap_adjacent_elements,HandlingTuple,CreatingTuple
py_list_swap_adjacent_elements,HandlingTuple,SlicingTuple
py_list_swap_adjacent_elements,HandlingTuple,IndexingTuple
py_list_swap_adjacent_elements,HandlingFloat,TransformingToFloatType
py_list_swap_adjacent_elements,HandlingDictionary,ReplacingDictionaryElement
py_list_swap_adjacent_elements,HandlingDictionary,IndexingDictionary
py_list_swap_adjacent_elements,HandlingDictionary,AddingItemToDictionary
py_list_swap_adjacent_elements,HandlingDictionary,AccessingDictionary
py_list_swap_adjacent_elements,HandlingList,DeletingListElement
py_list_swap_adjacent_elements,HandlingList,ReversingList
py_list_swap_adjacent_elements,AddingListElement,AddingListElementWithInsert
py_list_swap_adjacent_elements,AddingListElement,AddingListElementWithAppend
py_list_swap_adjacent_elements,HandlingFile,ClosingFile
py_list_swap_adjacent_elements,HandlingFile,ReadingLine
py_list_swap_adjacent_elements,HandlingFile,OpeningFile
py_list_swap_adjacent_elements,HandlingString,ReplacingStringContent
py_list_swap_adjacent_elements,HandlingString,FormattingString
py_list_swap_adjacent_elements,HandlingString,TransformingToStringType
py_list_swap_adjacent_elements,HandlingString,SplittingString
py_list_fill,WhileLoopWithUpdate,WhileLoopWithListIndexing
py_list_fill,WhileLoopWithUpdate,WhileLoopWith*=
py_list_fill,WhileLoopWithUpdate,WhileLoopWith+=
py_list_fill,ArithmeticOperation,FindAbsolute
py_list_fill,ArithmeticOperation,FindRemainder
py_list_fill,ArithmeticOperation,FindMaximum
py_list_fill,ArithmeticOperation,Round
py_list_fill,ArithmeticOperation,Power
py_list_fill,ArithmeticOperation,FindMinimum
py_list_fill,ArithmeticOperation,Substraction
py_list_fill,ArithmeticOperation,Division
py_list_fill,HandlingInteger,TransformingToIntType
py_list_fill,HandlingTuple,CreatingTuple
py_list_fill,HandlingTuple,SlicingTuple
py_list_fill,HandlingTuple,IndexingTuple
py_list_fill,HandlingFloat,TransformingToFloatType
py_list_fill,HandlingDictionary,ReplacingDictionaryElement
py_list_fill,HandlingDictionary,IndexingDictionary
py_list_fill,HandlingDictionary,AddingItemToDictionary
py_list_fill,HandlingDictionary,AccessingDictionary
py_list_fill,HandlingList,DeletingListElement
py_list_fill,HandlingList,SlicingList
py_list_fill,HandlingList,ReversingList
py_list_fill,AddingListElement,AddingListElementWithInsert
py_list_fill,HandlingString,ReplacingStringContent
py_list_fill,HandlingString,TransformingToStringType
py_list_fill_user_input,NonNestedIteration,SingleWhileLoopIteration
py_list_fill_user_input,WhileLoopWithUpdate,WhileLoopWithListIndexing
py_list_fill_user_input,WhileLoopWithUpdate,WhileLoopWith*=
py_list_fill_user_input,WhileLoopWithUpdate,WhileLoopWith+=
py_list_fill_user_input,ForLoopWithUpdate,ForLoopWith+=
py_list_fill_user_input,ForLoopWithUpdate,ForLoopWith*=
py_list_fill_user_input,ForLoopWithUpdate,ForLoopWithListIndexing
py_list_fill_user_input,ArithmeticOperation,FindAbsolute
py_list_fill_user_input,ArithmeticOperation,FindRemainder
py_list_fill_user_input,ArithmeticOperation,FindMaximum
py_list_fill_user_input,ArithmeticOperation,Round
py_list_fill_user_input,ArithmeticOperation,Power
py_list_fill_user_input,ArithmeticOperation,FindMinimum
py_list_fill_user_input,ArithmeticOperation,Substraction
py_list_fill_user_input,ArithmeticOperation,Division
py_list_fill_user_input,HandlingDictionary,ReplacingDictionaryElement
py_list_fill_user_input,HandlingDictionary,IndexingDictionary
py_list_fill_user_input,HandlingList,DeletingListElement
py_list_fill_user_input,HandlingList,SlicingList
py_list_fill_user_input,HandlingList,ListReferencing
py_list_fill_user_input,HandlingList,ReversingList
py_list_fill_user_input,AddingListElement,AddingListElementWithInsert
py_list_fill_user_input,HandlingString,TransformingToStringType
py_list_min_max,NonNestedIteration,SingleWhileLoopIteration
py_list_min_max,WhileLoopWithUpdate,WhileLoopWithListIndexing
py_list_min_max,WhileLoopWithUpdate,WhileLoopWith*=
py_list_min_max,WhileLoopWithUpdate,WhileLoopWith+=
py_list_min_max,ForLoopWithUpdate,ForLoopWith+=
py_list_min_max,ForLoopWithUpdate,ForLoopWith*=
py_list_min_max,ForLoopWithUpdate,ForLoopWithListIndexing
py_list_min_max,NestedLoopIteration,MixedNestedLoopIteration
py_list_min_max,NestedLoopIteration,NestedForLoopIteration
py_list_min_max,NestedLoopIteration,NestedWhileLoopIteration
py_list_min_max,ArithmeticOperation,FindAbsolute
py_list_min_max,ArithmeticOperation,FindRemainder
py_list_min_max,ArithmeticOperation,Round
py_list_min_max,ArithmeticOperation,Power
py_list_min_max,ArithmeticOperation,FindMinimum
py_list_min_max,HandlingInteger,TransformingToIntType
py_list_min_max,HandlingTuple,CreatingTuple
py_list_min_max,HandlingTuple,SlicingTuple
py_list_min_max,HandlingTuple,IndexingTuple
py_list_min_max,HandlingFloat,TransformingToFloatType
py_list_min_max,HandlingDictionary,ReplacingDictionaryElement
py_list_min_max,HandlingDictionary,IndexingDictionary
py_list_min_max,HandlingDictionary,AddingItemToDictionary
py_list_min_max,HandlingList,DeletingListElement
py_list_min_max,HandlingList,ReversingList
py_list_min_max,AddingListElement,AddingListElementWithInsert
py_list_min_max,AddingListElement,AddingListElementWithAppend
py_list_min_max,HandlingString,ReplacingStringContent
py_list_min_max,HandlingString,TransformingToStringType
py_list_min_max,HandlingString,SplittingString
py_list_min,NonNestedIteration,SingleWhileLoopIteration
py_list_min,WhileLoopWithUpdate,WhileLoopWith*=
py_list_min,WhileLoopWithUpdate,WhileLoopWith+=
py_list_min,ArithmeticOperation,FindAbsolute
py_list_min,ArithmeticOperation,FindRemainder
py_list_min,ArithmeticOperation,FindMaximum
py_list_min,ArithmeticOperation,Addition
py_list_min,ArithmeticOperation,Round
py_list_min,ArithmeticOperation,Power
py_list_min,ArithmeticOperation,Substraction
py_list_min,ArithmeticOperation,Division
py_list_min,ArithmeticOperation,Multiplication
py_list_min,HandlingInteger,TransformingToIntType
py_list_min,HandlingTuple,CreatingTuple
py_list_min,HandlingTuple,SlicingTuple
py_list_min,HandlingTuple,IndexingTuple
py_list_min,HandlingFloat,TransformingToFloatType
py_list_min,HandlingDictionary,ReplacingDictionaryElement
py_list_min,HandlingDictionary,IndexingDictionary
py_list_min,HandlingDictionary,AddingItemToDictionary
py_list_min,HandlingList,DeletingListElement
py_list_min,HandlingList,ReversingList
py_list_min,AddingListElement,AddingListElementWithInsert
py_list_min,AddingListElement,AddingListElementWithAppend
py_list_min,HandlingFile,ClosingFile
py_list_min,HandlingFile,ReadingLine
py_list_min,HandlingFile,OpeningFile
py_list_min,HandlingString,ReplacingStringContent
py_list_min,HandlingString,TransformingToStringType
py_list_min,HandlingString,SplittingString
py_list_rotate,WhileLoopWithUpdate,WhileLoopWithListIndexing
py_list_rotate,WhileLoopWithUpdate,WhileLoopWith*=
py_list_rotate,WhileLoopWithUpdate,WhileLoopWith+=
py_list_rotate,ForLoopWithUpdate,ForLoopWith+=
py_list_rotate,ForLoopWithUpdate,ForLoopWith*=
py_list_rotate,ForLoopWithUpdate,ForLoopWithListIndexing
py_list_rotate,ArithmeticOperation,FindAbsolute
py_list_rotate,ArithmeticOperation,FindRemainder
py_list_rotate,ArithmeticOperation,FindMaximum
py_list_rotate,ArithmeticOperation,Round
py_list_rotate,ArithmeticOperation,Power
py_list_rotate,ArithmeticOperation,FindMinimum
py_list_rotate,ArithmeticOperation,Division
py_list_rotate,ArithmeticOperation,Multiplication
py_list_rotate,HandlingDictionary,IndexingDictionary
py_list_rotate,HandlingList,DeletingListElement
py_list_rotate,HandlingList,SlicingList
py_list_rotate,HandlingList,ReversingList
py_list_rotate,HandlingString,ReplacingStringContent
py_list_rotate,HandlingString,TransformingToStringType
py_list_rotate_left_twice,WhileLoopWithUpdate,WhileLoopWith*=
py_list_rotate_left_twice,WhileLoopWithUpdate,WhileLoopWith+=
py_list_rotate_left_twice,ForLoopWithUpdate,ForLoopWithListIndexing
py_list_rotate_left_twice,NestedLoopIteration,NestedForLoopIteration
py_list_rotate_left_twice,NestedLoopIteration,NestedWhileLoopIteration
py_list_rotate_left_twice,ArithmeticOperation,FindAbsolute
py_list_rotate_left_twice,ArithmeticOperation,FindRemainder
py_list_rotate_left_twice,ArithmeticOperation,FindMaximum
py_list_rotate_left_twice,ArithmeticOperation,Round
py_list_rotate_left_twice,ArithmeticOperation,Power
py_list_rotate_left_twice,ArithmeticOperation,FindMinimum
py_list_rotate_left_twice,ArithmeticOperation,Division
py_list_rotate_left_twice,ArithmeticOperation,Multiplication
py_list_rotate_left_twice,HandlingDictionary,ReplacingDictionaryElement
py_list_rotate_left_twice,HandlingDictionary,IndexingDictionary
py_list_rotate_left_twice,HandlingDictionary,AddingItemToDictionary
py_list_rotate_left_twice,HandlingDictionary,AccessingDictionary
py_list_rotate_left_twice,HandlingList,DeletingListElement
py_list_rotate_left_twice,HandlingList,ReversingList
py_list_rotate_left_twice,HandlingString,ReplacingStringContent
py_list_rotate_left_twice,HandlingString,TransformingToStringType
py_list_rotate_left_twice,HandlingString,SplittingString
py_list_rotate_right,NonNestedIteration,SingleWhileLoopIteration
py_list_rotate_right,ForLoopWithUpdate,ForLoopWithListIndexing
py_list_rotate_right,HandlingFloat,TransformingToFloatType
py_list_rotate_right,HandlingDictionary,IndexingDictionary
py_list_rotate_right,HandlingString,ReplacingStringContent
py_list_rotate_right,HandlingString,TransformingToStringType
py_list_rotate_right_twice,ForLoopWithUpdate,ForLoopWithListIndexing
py_list_rotate_right_twice,HandlingDictionary,IndexingDictionary
py_print_medals,NestedLoopIteration,MixedNestedLoopIteration
py_print_medals,NestedLoopIteration,NestedWhileLoopIteration
py_print_medals,ArithmeticOperation,FindAbsolute
py_print_medals,ArithmeticOperation,Round
py_print_medals,ArithmeticOperation,Power
py_print_medals,HandlingDictionary,IndexingDictionary
py_print_medals,HandlingList,DeletingListElement
py_print_medals,HandlingList,ReversingList
py_print_medals,AddingListElement,AddingListElementWithInsert
py_print_medals,AddingListElement,AddingListElementWithAppend
py_print_medals,HandlingString,TransformingToStringType
py_print_medals_row_column_total,NonNestedIteration,SingleWhileLoopIteration
py_print_medals_row_column_total,WhileLoopWithUpdate,WhileLoopWith*=
py_print_medals_row_column_total,ForLoopWithUpdate,ForLoopWith*=
py_print_medals_row_column_total,NestedLoopIteration,MixedNestedLoopIteration
py_print_medals_row_column_total,NestedLoopIteration,NestedWhileLoopIteration
py_print_medals_row_column_total,ArithmeticOperation,FindAbsolute
py_print_medals_row_column_total,ArithmeticOperation,Round
py_print_medals_row_column_total,HandlingTuple,SlicingTuple
py_print_medals_row_column_total,HandlingTuple,IndexingTuple
py_print_medals_row_column_total,HandlingDictionary,ReplacingDictionaryElement
py_print_medals_row_column_total,HandlingDictionary,IndexingDictionary
py_print_medals_row_column_total,HandlingDictionary,AddingItemToDictionary
py_print_medals_row_column_total,HandlingDictionary,AccessingDictionary
py_print_medals_row_column_total,HandlingList,DeletingListElement
py_print_medals_row_column_total,HandlingList,ReversingList
py_print_medals_row_column_total,AddingListElement,AddingListElementWithInsert
py_print_medals_row_column_total,AddingListElement,AddingListElementWithAppend
py_print_medals_row_column_total,HandlingString,ReplacingStringContent
py_print_medals_row_column_total,HandlingString,TransformingToStringType
py_print_medals_row_column_total,HandlingString,SplittingString
py_list_process_elements,NonNestedIteration,SingleWhileLoopIteration
py_list_process_elements,WhileLoopWithUpdate,WhileLoopWithListIndexing
py_list_process_elements,WhileLoopWithUpdate,WhileLoopWith*=
py_list_process_elements,WhileLoopWithUpdate,WhileLoopWith+=
py_list_process_elements,ForLoopWithUpdate,ForLoopWith*=
py_list_process_elements,ForLoopWithUpdate,ForLoopWithListIndexing
py_list_process_elements,NestedLoopIteration,MixedNestedLoopIteration
py_list_process_elements,NestedLoopIteration,NestedForLoopIteration
py_list_process_elements,NestedLoopIteration,NestedWhileLoopIteration
py_list_process_elements,ArithmeticOperation,FindAbsolute
py_list_process_elements,ArithmeticOperation,FindRemainder
py_list_process_elements,ArithmeticOperation,FindMaximum
py_list_process_elements,ArithmeticOperation,Round
py_list_process_elements,ArithmeticOperation,Power
py_list_process_elements,ArithmeticOperation,FindMinimum
py_list_process_elements,ArithmeticOperation,Substraction
py_list_process_elements,ArithmeticOperation,Division
py_list_process_elements,ArithmeticOperation,Multiplication
py_list_process_elements,HandlingTuple,CreatingTuple
py_list_process_elements,HandlingTuple,SlicingTuple
py_list_process_elements,HandlingTuple,IndexingTuple
py_list_process_elements,HandlingFloat,TransformingToFloatType
py_list_process_elements,HandlingDictionary,ReplacingDictionaryElement
py_list_process_elements,HandlingDictionary,IndexingDictionary
py_list_process_elements,HandlingDictionary,AddingItemToDictionary
py_list_process_elements,HandlingDictionary,AccessingDictionary
py_list_process_elements,HandlingDictionary,CreatingDictionary
py_list_process_elements,HandlingList,DeletingListElement
py_list_process_elements,HandlingList,SlicingList
py_list_process_elements,HandlingList,ReversingList
py_list_process_elements,AddingListElement,AddingListElementWithInsert
py_list_process_elements,AddingListElement,AddingListElementWithAppend
py_list_process_elements,HandlingString,ReplacingStringContent
py_list_process_elements,HandlingString,TransformingToStringType
py_list_process_elements,HandlingString,SplittingString
py_average_list_elements,WhileLoopWithUpdate,WhileLoopWithListIndexing
py_average_list_elements,WhileLoopWithUpdate,WhileLoopWith*=
py_average_list_elements,WhileLoopWithUpdate,WhileLoopWith+=
py_average_list_elements,ForLoopWithUpdate,ForLoopWith*=
py_average_list_elements,ForLoopWithUpdate,ForLoopWithListIndexing
py_average_list_elements,NestedLoopIteration,MixedNestedLoopIteration
py_average_list_elements,NestedLoopIteration,NestedForLoopIteration
py_average_list_elements,NestedLoopIteration,NestedWhileLoopIteration
py_average_list_elements,ArithmeticOperation,FindAbsolute
py_average_list_elements,ArithmeticOperation,Round
py_average_list_elements,HandlingTuple,CreatingTuple
py_average_list_elements,HandlingTuple,SlicingTuple
py_average_list_elements,HandlingTuple,IndexingTuple
py_average_list_elements,HandlingDictionary,ReplacingDictionaryElement
py_average_list_elements,HandlingDictionary,IndexingDictionary
py_average_list_elements,HandlingDictionary,AddingItemToDictionary
py_average_list_elements,HandlingDictionary,AccessingDictionary
py_average_list_elements,HandlingList,ReversingList
py_average_list_elements,AddingListElement,AddingListElementWithInsert
py_average_list_elements,AddingListElement,AddingListElementWithAppend
py_average_list_elements,HandlingString,ReplacingStringContent
py_average_list_elements,HandlingString,TransformingToStringType
py_average_list_elements,HandlingString,SplittingString
py_search_list,NonNestedIteration,SingleWhileLoopIteration
py_search_list,WhileLoopWithUpdate,WhileLoopWithListIndexing
py_search_list,WhileLoopWithUpdate,WhileLoopWith*=
py_search_list,WhileLoopWithUpdate,WhileLoopWith+=
py_search_list,ForLoopWithUpdate,ForLoopWith+=
py_search_list,ForLoopWithUpdate,ForLoopWith*=
py_search_list,ForLoopWithUpdate,ForLoopWithListIndexing
py_search_list,NestedLoopIteration,NestedForLoopIteration
py_search_list,NestedLoopIteration,NestedWhileLoopIteration
py_search_list,ArithmeticOperation,FindAbsolute
py_search_list,ArithmeticOperation,FindRemainder
py_search_list,ArithmeticOperation,Round
py_search_list,ArithmeticOperation,Power
py_search_list,ArithmeticOperation,FindMinimum
py_search_list,ArithmeticOperation,Substraction
py_search_list,ArithmeticOperation,Division
py_search_list,ArithmeticOperation,Multiplication
py_search_list,HandlingTuple,CreatingTuple
py_search_list,HandlingTuple,SlicingTuple
py_search_list,HandlingTuple,IndexingTuple
py_search_list,HandlingDictionary,ReplacingDictionaryElement
py_search_list,HandlingDictionary,IndexingDictionary
py_search_list,HandlingDictionary,AddingItemToDictionary
py_search_list,HandlingFile,ClosingFile
py_search_list,HandlingFile,ReadingLine
py_search_list,HandlingFile,OpeningFile
py_search_list,HandlingString,ReplacingStringContent
py_search_list,HandlingString,TransformingToStringType
py_search_list,HandlingString,SplittingString
py_search_list_total_count,NestedLoopIteration,MixedNestedLoopIteration
py_search_list_total_count,NestedLoopIteration,NestedWhileLoopIteration
py_search_list_total_count,HandlingDictionary,IndexingDictionary
py_search_list_total_count,HandlingList,ReversingList
py_search_list_count_each,CheckingCondition,AssertChecking
py_search_list_count_each,WhileLoopWithUpdate,WhileLoopWithListIndexing
py_search_list_count_each,WhileLoopWithUpdate,WhileLoopWith*=
py_search_list_count_each,ForLoopWithUpdate,ForLoopWith*=
py_search_list_count_each,ForLoopWithUpdate,ForLoopWithListIndexing
py_search_list_count_each,NestedLoopIteration,NestedWhileLoopIteration
py_search_list_count_each,HandlingInteger,TransformingToIntType
py_search_list_count_each,HandlingTuple,SlicingTuple
py_search_list_count_each,HandlingTuple,IndexingTuple
py_search_list_count_each,HandlingFloat,TransformingToFloatType
py_search_list_count_each,HandlingDictionary,ReplacingDictionaryElement
py_search_list_count_each,HandlingDictionary,IndexingDictionary
py_search_list_count_each,HandlingDictionary,AddingItemToDictionary
py_search_list_count_each,HandlingDictionary,AccessingDictionary
py_search_list_count_each,HandlingList,DeletingListElement
py_search_list_count_each,HandlingList,SlicingList
py_search_list_count_each,HandlingList,ReversingList
py_search_list_count_each,AddingListElement,AddingListElementWithInsert
py_search_list_count_each,AddingListElement,AddingListElementWithAppend
py_search_list_count_each,HandlingFile,ClosingFile
py_search_list_count_each,HandlingFile,ReadingLine
py_search_list_count_each,HandlingFile,OpeningFile
py_search_list_count_each,HandlingString,ReplacingStringContent
py_search_list_count_each,HandlingString,TransformingToStringType
py_search_list_count_each,HandlingString,SplittingString
py_soda_survey,NonNestedIteration,SingleWhileLoopIteration
py_soda_survey,ForLoopWithUpdate,ForLoopWith*=
py_soda_survey,ForLoopWithUpdate,ForLoopWithListIndexing
py_soda_survey,NestedLoopIteration,MixedNestedLoopIteration
py_soda_survey,NestedLoopIteration,NestedWhileLoopIteration
py_soda_survey,HandlingDictionary,IndexingDictionary
py_soda_survey,AddingListElement,AddingListElementWithInsert
py_soda_survey,AddingListElement,AddingListElementWithAppend
py_soda_survey,HandlingFile,ClosingFile
py_soda_survey,HandlingFile,ReadingLine
py_soda_survey,HandlingFile,OpeningFile
py_soda_survey,HandlingString,CreatingString
py_soda_survey,HandlingString,ReplacingStringContent
py_soda_survey,HandlingString,TransformingToStringType
py_soda_survey,HandlingString,SplittingString
py_soda_survey_soda_avg,NonNestedIteration,SingleWhileLoopIteration
py_soda_survey_soda_avg,WhileLoopWithUpdate,WhileLoopWithListIndexing
py_soda_survey_soda_avg,WhileLoopWithUpdate,WhileLoopWith*=
py_soda_survey_soda_avg,WhileLoopWithUpdate,WhileLoopWith+=
py_soda_survey_soda_avg,ForLoopWithUpdate,ForLoopWith+=
py_soda_survey_soda_avg,ForLoopWithUpdate,ForLoopWith*=
py_soda_survey_soda_avg,ForLoopWithUpdate,ForLoopWithListIndexing
py_soda_survey_soda_avg,NestedLoopIteration,MixedNestedLoopIteration
py_soda_survey_soda_avg,NestedLoopIteration,NestedWhileLoopIteration
py_soda_survey_soda_avg,ArithmeticOperation,FindAbsolute
py_soda_survey_soda_avg,ArithmeticOperation,FindRemainder
py_soda_survey_soda_avg,ArithmeticOperation,FindMaximum
py_soda_survey_soda_avg,ArithmeticOperation,Round
py_soda_survey_soda_avg,ArithmeticOperation,Power
py_soda_survey_soda_avg,ArithmeticOperation,FindMinimum
py_soda_survey_soda_avg,ArithmeticOperation,Substraction
py_soda_survey_soda_avg,ArithmeticOperation,Multiplication
py_soda_survey_soda_avg,HandlingInteger,TransformingToIntType
py_soda_survey_soda_avg,HandlingTuple,CreatingTuple
py_soda_survey_soda_avg,HandlingTuple,SlicingTuple
py_soda_survey_soda_avg,HandlingTuple,IndexingTuple
py_soda_survey_soda_avg,HandlingFloat,TransformingToFloatType
py_soda_survey_soda_avg,HandlingDictionary,ReplacingDictionaryElement
py_soda_survey_soda_avg,HandlingDictionary,IndexingDictionary
py_soda_survey_soda_avg,HandlingDictionary,AddingItemToDictionary
py_soda_survey_soda_avg,HandlingDictionary,AccessingDictionary
py_soda_survey_soda_avg,HandlingDictionary,CreatingDictionary
py_soda_survey_soda_avg,HandlingList,DeletingListElement
py_soda_survey_soda_avg,HandlingList,SlicingList
py_soda_survey_soda_avg,HandlingList,ListReferencing
py_soda_survey_soda_avg,HandlingList,ReversingList
py_soda_survey_soda_avg,AddingListElement,AddingListElementWithInsert
py_soda_survey_soda_avg,AddingListElement,AddingListElementWithAppend
py_soda_survey_soda_avg,HandlingFile,ClosingFile
py_soda_survey_soda_avg,HandlingFile,ReadingLine
py_soda_survey_soda_avg,HandlingFile,OpeningFile
py_soda_survey_soda_avg,HandlingString,CreatingString
py_soda_survey_soda_avg,HandlingString,ReplacingStringContent
py_soda_survey_soda_avg,HandlingString,TransformingToStringType
py_soda_survey_soda_avg,HandlingString,SplittingString
py_soda_survey_soda_respondent_avg,NonNestedIteration,SingleWhileLoopIteration
py_soda_survey_soda_respondent_avg,WhileLoopWithUpdate,WhileLoopWithListIndexing
py_soda_survey_soda_respondent_avg,WhileLoopWithUpdate,WhileLoopWith*=
py_soda_survey_soda_respondent_avg,ForLoopWithUpdate,ForLoopWith*=
py_soda_survey_soda_respondent_avg,ForLoopWithUpdate,ForLoopWithListIndexing
py_soda_survey_soda_respondent_avg,NestedLoopIteration,MixedNestedLoopIteration
py_soda_survey_soda_respondent_avg,NestedLoopIteration,NestedWhileLoopIteration
py_soda_survey_soda_respondent_avg,ArithmeticOperation,FindAbsolute
py_soda_survey_soda_respondent_avg,ArithmeticOperation,FindRemainder
py_soda_survey_soda_respondent_avg,ArithmeticOperation,Round
py_soda_survey_soda_respondent_avg,ArithmeticOperation,Power
py_soda_survey_soda_respondent_avg,HandlingInteger,TransformingToIntType
py_soda_survey_soda_respondent_avg,HandlingTuple,SlicingTuple
py_soda_survey_soda_respondent_avg,HandlingTuple,IndexingTuple
py_soda_survey_soda_respondent_avg,HandlingFloat,TransformingToFloatType
py_soda_survey_soda_respondent_avg,HandlingDictionary,ReplacingDictionaryElement
py_soda_survey_soda_respondent_avg,HandlingDictionary,IndexingDictionary
py_soda_survey_soda_respondent_avg,HandlingDictionary,AddingItemToDictionary
py_soda_survey_soda_respondent_avg,HandlingDictionary,AccessingDictionary
py_soda_survey_soda_respondent_avg,HandlingList,DeletingListElement
py_soda_survey_soda_respondent_avg,HandlingList,SlicingList
py_soda_survey_soda_respondent_avg,HandlingList,ReversingList
py_soda_survey_soda_respondent_avg,AddingListElement,AddingListElementWithInsert
py_soda_survey_soda_respondent_avg,AddingListElement,AddingListElementWithAppend
py_soda_survey_soda_respondent_avg,HandlingFile,ClosingFile
py_soda_survey_soda_respondent_avg,HandlingFile,ReadingLine
py_soda_survey_soda_respondent_avg,HandlingFile,OpeningFile
py_soda_survey_soda_respondent_avg,HandlingString,ReplacingStringContent
py_soda_survey_soda_respondent_avg,HandlingString,TransformingToStringType
py_soda_survey_soda_respondent_avg,HandlingString,SplittingString
py_temperature,Python,Concatenation
py_temperature,ArithmeticOperation,Multiplication
py_temperature,HandlingTuple,CreatingTuple
py_temperature,HandlingTuple,SlicingTuple
py_temperature,HandlingTuple,IndexingTuple
py_temperature,HandlingDictionary,IndexingDictionary
py_temperature,HandlingList,DeletingListElement
py_temperature,HandlingList,ReversingList
py_temperature,AddingListElement,AddingListElementWithInsert
py_temperature,AddingListElement,AddingListElementWithAppend
py_temperature,HandlingFile,ClosingFile
py_temperature,HandlingFile,ReadingLine
py_temperature,HandlingString,ReplacingStringContent
py_temperature,HandlingString,TransformingToStringType
py_temperature_list_days_above_threshold,CheckingInWhileLoop,IfElifElseCheckingInWhileLoop
py_temperature_list_days_above_threshold,CheckingInWhileLoop,IfCheckingInWhileLoop
py_temperature_list_days_above_threshold,CheckingInWhileLoop,IfElseCheckingInWhileLoop
py_temperature_list_days_above_threshold,CheckingInWhileLoop,IfElifCheckingInWhileLoop
py_temperature_list_days_above_threshold,ManagingVariable,SwappingVariablesValue
py_temperature_list_days_above_threshold,HandlingAdvancedDataStructure,BinaryTreeTask
py_temperature_list_days_above_threshold,HandlingAdvancedDataStructure,LinkedListTask
py_temperature_list_days_above_threshold,HandlingAdvancedDataStructure,QueueTask
py_temperature_list_days_above_threshold,HandlingAdvancedDataStructure,StackTask
py_temperature_list_days_above_threshold,TwoDimensionalArrayTask,ReplacingElement2DArray
py_temperature_list_days_above_threshold,TwoDimensionalArrayTask,Indexing2DArray
py_temperature_list_days_above_threshold,TwoDimensionalArrayTask,Create2DArray
py_temperature_list_days_above_threshold,HandlingObjectOrientedProgramming,CallingOOPMethod
py_temperature_list_days_above_threshold,HandlingObjectOrientedProgramming,CreatingObject
py_temperature_list_days_above_threshold,HandlingObjectOrientedProgramming,DefiningClass
py_temperature_list_days_above_threshold,HandlingObjectOrientedProgramming,DefiningOOPMethod
py_temperature_list_days_above_threshold,HandlingFunctionCallingFunction,CallingFunctionCallingFunction
py_temperature_list_days_above_threshold,HandlingFunctionCallingFunction,DefiningFunctionCallingFunction
py_temperature_list_days_above_threshold,HandlingRecursiveFunction,CallingRecursiveFunction
py_temperature_list_days_above_threshold,HandlingRecursiveFunction,DefiningRecursiveFunction
py_temperature_list_days_above_threshold,HandlingNestedFunction,CallingNestedFunction
py_temperature_list_days_above_threshold,HandlingNestedFunction,DefiningNestedFunction
py_temperature_list_days_above_threshold,NonNestedIteration,SingleWhileLoopIteration
py_temperature_list_days_above_threshold,WhileLoopWithUpdate,WhileLoopWithListIndexing
py_temperature_list_days_above_threshold,WhileLoopWithUpdate,WhileLoopWith*=
py_temperature_list_days_above_threshold,WhileLoopWithUpdate,WhileLoopWith+=
py_temperature_list_days_above_threshold,ForLoopWithUpdate,ForLoopWith+=
py_temperature_list_days_above_threshold,ForLoopWithUpdate,ForLoopWith*=
py_temperature_list_days_above_threshold,NestedLoopIteration,MixedNestedLoopIteration
py_temperature_list_days_above_threshold,NestedLoopIteration,NestedForLoopIteration
py_temperature_list_days_above_threshold,NestedLoopIteration,NestedWhileLoopIteration
py_temperature_list_days_above_threshold,ArithmeticOperation,FindAbsolute
py_temperature_list_days_above_threshold,ArithmeticOperation,FindRemainder
py_temperature_list_days_above_threshold,ArithmeticOperation,FindMaximum
py_temperature_list_days_above_threshold,ArithmeticOperation,Round
py_temperature_list_days_above_threshold,ArithmeticOperation,Power
py_temperature_list_days_above_threshold,ArithmeticOperation,FindMinimum
py_temperature_list_days_above_threshold,ArithmeticOperation,Substraction
py_temperature_list_days_above_threshold,ArithmeticOperation,Division
py_temperature_list_days_above_threshold,ArithmeticOperation,Multiplication
py_temperature_list_days_above_threshold,HandlingTuple,CreatingTuple
py_temperature_list_days_above_threshold,HandlingTuple,SlicingTuple
py_temperature_list_days_above_threshold,HandlingTuple,IndexingTuple
py_temperature_list_days_above_threshold,HandlingDictionary,ReplacingDictionaryElement
py_temperature_list_days_above_threshold,HandlingDictionary,IndexingDictionary
py_temperature_list_days_above_threshold,HandlingDictionary,AddingItemToDictionary
py_temperature_list_days_above_threshold,HandlingDictionary,AccessingDictionary
py_temperature_list_days_above_threshold,HandlingDictionary,CreatingDictionary
py_temperature_list_days_above_threshold,HandlingList,DeletingListElement
py_temperature_list_days_above_threshold,HandlingList,SlicingList
py_temperature_list_days_above_threshold,HandlingList,ReplacingListElement
py_temperature_list_days_above_threshold,HandlingList,ListReferencing
py_temperature_list_days_above_threshold,HandlingList,ReversingList
py_temperature_list_days_above_threshold,AddingListElement,AddingListElementWithInsert
py_temperature_list_days_above_threshold,AddingListElement,AddingListElementWithAppend
py_temperature_list_days_above_threshold,HandlingFile,ClosingFile
py_temperature_list_days_above_threshold,HandlingFile,ReadingLine
py_temperature_list_days_above_threshold,HandlingFile,OpeningFile
py_temperature_list_days_above_threshold,HandlingString,ReplacingStringContent
py_temperature_list_days_above_threshold,HandlingString,SplittingString
py_digits,WhileLoopWithUpdate,WhileLoopWithListIndexing
py_digits,WhileLoopWithUpdate,WhileLoopWith*=
py_digits,WhileLoopWithUpdate,WhileLoopWith+=
py_digits,ForLoopWithUpdate,ForLoopWith+=
py_digits,ForLoopWithUpdate,ForLoopWith*=
py_digits,ForLoopWithUpdate,ForLoopWithListIndexing
py_digits,NestedLoopIteration,MixedNestedLoopIteration
py_digits,NestedLoopIteration,NestedForLoopIteration
py_digits,NestedLoopIteration,NestedWhileLoopIteration
py_digits,ArithmeticOperation,FindAbsolute
py_digits,ArithmeticOperation,FindMaximum
py_digits,ArithmeticOperation,Addition
py_digits,ArithmeticOperation,Round
py_digits,ArithmeticOperation,Power
py_digits,ArithmeticOperation,FindMinimum
py_digits,ArithmeticOperation,Substraction
py_digits,ArithmeticOperation,Multiplication
py_digits,HandlingInteger,TransformingToIntType
py_digits,HandlingTuple,CreatingTuple
py_digits,HandlingTuple,SlicingTuple
py_digits,HandlingTuple,IndexingTuple
py_digits,HandlingFloat,TransformingToFloatType
py_digits,HandlingDictionary,ReplacingDictionaryElement
py_digits,HandlingDictionary,IndexingDictionary
py_digits,HandlingDictionary,AddingItemToDictionary
py_digits,HandlingDictionary,AccessingDictionary
py_digits,HandlingDictionary,CreatingDictionary
py_digits,HandlingList,DeletingListElement
py_digits,HandlingList,IndexingList
py_digits,HandlingList,CreatingList
py_digits,HandlingList,SlicingList
py_digits,HandlingList,ReplacingListElement
py_digits,HandlingList,ListReferencing
py_digits,HandlingList,ReversingList
py_digits,AddingListElement,AddingListElementWithInsert
py_digits,AddingListElement,AddingListElementWithAppend
py_digits,HandlingFile,ClosingFile
py_digits,HandlingFile,ReadingLine
py_digits,HandlingFile,OpeningFile
py_digits,HandlingString,CreatingString
py_digits,HandlingString,ReplacingStringContent
py_digits,HandlingString,FormattingString
py_digits,HandlingString,TransformingToStringType
py_digits,HandlingString,SplittingString
py_sum_digits,WhileLoopWithUpdate,WhileLoopWithListIndexing
py_sum_digits,WhileLoopWithUpdate,WhileLoopWith*=
py_sum_digits,ForLoopWithUpdate,ForLoopWith+=
py_sum_digits,ForLoopWithUpdate,ForLoopWith*=
py_sum_digits,ForLoopWithUpdate,ForLoopWithListIndexing
py_sum_digits,NestedLoopIteration,NestedForLoopIteration
py_sum_digits,NestedLoopIteration,NestedWhileLoopIteration
py_sum_digits,ArithmeticOperation,FindAbsolute
py_sum_digits,ArithmeticOperation,FindMaximum
py_sum_digits,ArithmeticOperation,Round
py_sum_digits,ArithmeticOperation,Power
py_sum_digits,ArithmeticOperation,FindMinimum
py_sum_digits,ArithmeticOperation,Substraction
py_sum_digits,ArithmeticOperation,Multiplication
py_sum_digits,HandlingTuple,CreatingTuple
py_sum_digits,HandlingTuple,SlicingTuple
py_sum_digits,HandlingTuple,IndexingTuple
py_sum_digits,HandlingFloat,TransformingToFloatType
py_sum_digits,HandlingDictionary,ReplacingDictionaryElement
py_sum_digits,HandlingDictionary,IndexingDictionary
py_sum_digits,HandlingDictionary,AddingItemToDictionary
py_sum_digits,HandlingDictionary,CreatingDictionary
py_sum_digits,HandlingList,DeletingListElement
py_sum_digits,HandlingList,CreatingList
py_sum_digits,HandlingList,SlicingList
py_sum_digits,HandlingList,ListReferencing
py_sum_digits,HandlingList,ReversingList
py_sum_digits,AddingListElement,AddingListElementWithInsert
py_sum_digits,AddingListElement,AddingListElementWithAppend
py_sum_digits,HandlingFile,ClosingFile
py_sum_digits,HandlingFile,ReadingLine
py_sum_digits,HandlingFile,OpeningFile
py_sum_digits,HandlingString,ReplacingStringContent
py_sum_digits,HandlingString,FormattingString
py_sum_digits,HandlingString,TransformingToStringType
py_sum_digits,HandlingString,SplittingString
py_reverse_number,NonNestedIteration,SingleWhileLoopIteration
py_reverse_number,WhileLoopWithUpdate,WhileLoopWithListIndexing
py_reverse_number,WhileLoopWithUpdate,WhileLoopWith*=
py_reverse_number,ForLoopWithUpdate,ForLoopWith+=
py_reverse_number,ForLoopWithUpdate,ForLoopWith*=
py_reverse_number,ForLoopWithUpdate,ForLoopWithListIndexing
py_reverse_number,NestedLoopIteration,NestedForLoopIteration
py_reverse_number,NestedLoopIteration,NestedWhileLoopIteration
py_reverse_number,ArithmeticOperation,FindAbsolute
py_reverse_number,ArithmeticOperation,FindMaximum
py_reverse_number,ArithmeticOperation,Round
py_reverse_number,ArithmeticOperation,Power
py_reverse_number,ArithmeticOperation,FindMinimum
py_reverse_number,ArithmeticOperation,Substraction
py_reverse_number,ArithmeticOperation,Division
py_reverse_number,HandlingTuple,SlicingTuple
py_reverse_number,HandlingTuple,IndexingTuple
py_reverse_number,HandlingFloat,TransformingToFloatType
py_reverse_number,HandlingDictionary,ReplacingDictionaryElement
py_reverse_number,HandlingDictionary,IndexingDictionary
py_reverse_number,HandlingDictionary,AddingItemToDictionary
py_reverse_number,HandlingDictionary,AccessingDictionary
py_reverse_number,HandlingList,DeletingListElement
py_reverse_number,HandlingList,CreatingList
py_reverse_number,HandlingList,SlicingList
py_reverse_number,HandlingList,ReplacingListElement
py_reverse_number,HandlingList,ListReferencing
py_reverse_number,HandlingList,ReversingList
py_reverse_number,AddingListElement,AddingListElementWithInsert
py_reverse_number,AddingListElement,AddingListElementWithAppend
py_reverse_number,HandlingFile,ClosingFile
py_reverse_number,HandlingFile,ReadingLine
py_reverse_number,HandlingFile,OpeningFile
py_reverse_number,HandlingString,ReplacingStringContent
py_reverse_number,HandlingString,FormattingString
py_reverse_number,HandlingString,TransformingToStringType
py_reverse_number,HandlingString,SplittingString
py_work_hours,NonNestedIteration,SingleWhileLoopIteration
py_work_hours,HandlingDictionary,ReplacingDictionaryElement
py_work_hours,HandlingDictionary,IndexingDictionary
py_work_hours,HandlingDictionary,AddingItemToDictionary
py_work_hours,HandlingDictionary,CreatingDictionary
py_work_hours,HandlingList,SlicingList
py_work_hours,HandlingList,ReversingList
py_work_hours2,NonNestedIteration,SingleWhileLoopIteration
py_work_hours2,WhileLoopWithUpdate,WhileLoopWith*=
py_work_hours2,ForLoopWithUpdate,ForLoopWith*=
py_work_hours2,NestedLoopIteration,NestedWhileLoopIteration
py_work_hours2,HandlingTuple,CreatingTuple
py_work_hours2,HandlingTuple,SlicingTuple
py_work_hours2,HandlingTuple,IndexingTuple
py_work_hours2,HandlingDictionary,ReplacingDictionaryElement
py_work_hours2,HandlingDictionary,IndexingDictionary
py_work_hours2,HandlingDictionary,CreatingDictionary
py_work_hours2,HandlingList,SlicingList
py_work_hours2,HandlingList,ReversingList
py_work_hours2,AddingListElement,AddingListElementWithInsert
py_work_hours2,AddingListElement,AddingListElementWithAppend
py_work_hours2,HandlingString,ReplacingStringContent
py_work_hours2,HandlingString,TransformingToStringType
py_check_product_code,WhileLoopWithUpdate,WhileLoopWith*=
py_check_product_code,ForLoopWithUpdate,ForLoopWith+=
py_check_product_code,ForLoopWithUpdate,ForLoopWith*=
py_check_product_code,ForLoopWithUpdate,ForLoopWithListIndexing
py_check_product_code,ArithmeticOperation,FindAbsolute
py_check_product_code,ArithmeticOperation,FindRemainder
py_check_product_code,ArithmeticOperation,FindMaximum
py_check_product_code,ArithmeticOperation,Round
py_check_product_code,ArithmeticOperation,Power
py_check_product_code,ArithmeticOperation,FindMinimum
py_check_product_code,ArithmeticOperation,Substraction
py_check_product_code,ArithmeticOperation,Division
py_check_product_code,ArithmeticOperation,Multiplication
py_check_product_code,HandlingTuple,CreatingTuple
py_check_product_code,HandlingTuple,SlicingTuple
py_check_product_code,HandlingTuple,IndexingTuple
py_check_product_code,HandlingFloat,TransformingToFloatType
py_check_product_code,HandlingDictionary,ReplacingDictionaryElement
py_check_product_code,HandlingDictionary,IndexingDictionary
py_check_product_code,HandlingDictionary,AddingItemToDictionary
py_check_product_code,HandlingDictionary,CreatingDictionary
py_check_product_code,HandlingList,DeletingListElement
py_check_product_code,HandlingList,SlicingList
py_check_product_code,HandlingList,ListReferencing
py_check_product_code,HandlingList,ReversingList
py_check_product_code,AddingListElement,AddingListElementWithInsert
py_check_product_code,AddingListElement,AddingListElementWithAppend
py_check_product_code,HandlingString,FormattingString
py_check_product_code,HandlingString,TransformingToStringType
py_check_product_code,HandlingString,SplittingString
py_check_product_code2,WhileLoopWithUpdate,WhileLoopWith*=
py_check_product_code2,ForLoopWithUpdate,ForLoopWith+=
py_check_product_code2,ForLoopWithUpdate,ForLoopWith*=
py_check_product_code2,ForLoopWithUpdate,ForLoopWithListIndexing
py_check_product_code2,ArithmeticOperation,FindAbsolute
py_check_product_code2,ArithmeticOperation,FindRemainder
py_check_product_code2,ArithmeticOperation,Round
py_check_product_code2,ArithmeticOperation,Power
py_check_product_code2,ArithmeticOperation,FindMinimum
py_check_product_code2,ArithmeticOperation,Substraction
py_check_product_code2,ArithmeticOperation,Division
py_check_product_code2,ArithmeticOperation,Multiplication
py_check_product_code2,HandlingTuple,CreatingTuple
py_check_product_code2,HandlingTuple,SlicingTuple
py_check_product_code2,HandlingTuple,IndexingTuple
py_check_product_code2,HandlingFloat,TransformingToFloatType
py_check_product_code2,HandlingDictionary,ReplacingDictionaryElement
py_check_product_code2,HandlingDictionary,IndexingDictionary
py_check_product_code2,HandlingDictionary,AddingItemToDictionary
py_check_product_code2,HandlingDictionary,CreatingDictionary
py_check_product_code2,HandlingList,DeletingListElement
py_check_product_code2,HandlingList,SlicingList
py_check_product_code2,HandlingList,ReplacingListElement
py_check_product_code2,HandlingList,ListReferencing
py_check_product_code2,HandlingList,ReversingList
py_check_product_code2,AddingListElement,AddingListElementWithInsert
py_check_product_code2,AddingListElement,AddingListElementWithAppend
py_check_product_code2,HandlingString,TransformingToStringType
py_concat_char_two_str,ArithmeticOperation,FindAbsolute
py_concat_char_two_str,HandlingDictionary,IndexingDictionary
py_concat_char_two_str,HandlingList,DeletingListElement
py_concat_char_two_str,HandlingList,ReversingList
py_concat_char_two_str,AddingListElement,AddingListElementWithInsert
py_concat_char_two_str,AddingListElement,AddingListElementWithAppend
py_concat_char_two_str,HandlingString,SplittingString
py_concat_char_two_str2,WhileLoopWithUpdate,WhileLoopWithListIndexing
py_concat_char_two_str2,WhileLoopWithUpdate,WhileLoopWith*=
py_concat_char_two_str2,WhileLoopWithUpdate,WhileLoopWith+=
py_concat_char_two_str2,ForLoopWithUpdate,ForLoopWith+=
py_concat_char_two_str2,ForLoopWithUpdate,ForLoopWith*=
py_concat_char_two_str2,ForLoopWithUpdate,ForLoopWithListIndexing
py_concat_char_two_str2,NestedLoopIteration,NestedForLoopIteration
py_concat_char_two_str2,NestedLoopIteration,NestedWhileLoopIteration
py_concat_char_two_str2,ArithmeticOperation,FindAbsolute
py_concat_char_two_str2,ArithmeticOperation,FindRemainder
py_concat_char_two_str2,ArithmeticOperation,FindMaximum
py_concat_char_two_str2,ArithmeticOperation,Round
py_concat_char_two_str2,ArithmeticOperation,Power
py_concat_char_two_str2,ArithmeticOperation,FindMinimum
py_concat_char_two_str2,ArithmeticOperation,Substraction
py_concat_char_two_str2,ArithmeticOperation,Division
py_concat_char_two_str2,ArithmeticOperation,Multiplication
py_concat_char_two_str2,HandlingInteger,TransformingToIntType
py_concat_char_two_str2,HandlingTuple,CreatingTuple
py_concat_char_two_str2,HandlingTuple,SlicingTuple
py_concat_char_two_str2,HandlingTuple,IndexingTuple
py_concat_char_two_str2,HandlingFloat,TransformingToFloatType
py_concat_char_two_str2,HandlingDictionary,ReplacingDictionaryElement
py_concat_char_two_str2,HandlingDictionary,IndexingDictionary
py_concat_char_two_str2,HandlingDictionary,AddingItemToDictionary
py_concat_char_two_str2,HandlingDictionary,CreatingDictionary
py_concat_char_two_str2,HandlingList,DeletingListElement
py_concat_char_two_str2,HandlingList,CreatingList
py_concat_char_two_str2,HandlingList,ListReferencing
py_concat_char_two_str2,HandlingList,ReversingList
py_concat_char_two_str2,AddingListElement,AddingListElementWithInsert
py_concat_char_two_str2,AddingListElement,AddingListElementWithAppend
py_concat_char_two_str2,HandlingString,SplittingString
py_str_repeat,WhileLoopWithUpdate,WhileLoopWithListIndexing
py_str_repeat,WhileLoopWithUpdate,WhileLoopWith*=
py_str_repeat,WhileLoopWithUpdate,WhileLoopWith+=
py_str_repeat,ForLoopWithUpdate,ForLoopWith*=
py_str_repeat,ForLoopWithUpdate,ForLoopWithListIndexing
py_str_repeat,ArithmeticOperation,FindAbsolute
py_str_repeat,ArithmeticOperation,FindRemainder
py_str_repeat,ArithmeticOperation,FindMaximum
py_str_repeat,ArithmeticOperation,Addition
py_str_repeat,ArithmeticOperation,Round
py_str_repeat,ArithmeticOperation,Power
py_str_repeat,ArithmeticOperation,FindMinimum
py_str_repeat,ArithmeticOperation,Substraction
py_str_repeat,ArithmeticOperation,Division
py_str_repeat,HandlingInteger,TransformingToIntType
py_str_repeat,HandlingTuple,CreatingTuple
py_str_repeat,HandlingTuple,SlicingTuple
py_str_repeat,HandlingTuple,IndexingTuple
py_str_repeat,HandlingFloat,TransformingToFloatType
py_str_repeat,HandlingDictionary,ReplacingDictionaryElement
py_str_repeat,HandlingDictionary,IndexingDictionary
py_str_repeat,HandlingDictionary,AddingItemToDictionary
py_str_repeat,HandlingDictionary,AccessingDictionary
py_str_repeat,HandlingDictionary,CreatingDictionary
py_str_repeat,HandlingList,DeletingListElement
py_str_repeat,HandlingList,CreatingList
py_str_repeat,HandlingList,ReplacingListElement
py_str_repeat,HandlingList,ListReferencing
py_str_repeat,HandlingList,ReversingList
py_str_repeat,AddingListElement,AddingListElementWithInsert
py_str_repeat,AddingListElement,AddingListElementWithAppend
py_str_repeat,HandlingFile,ClosingFile
py_str_repeat,HandlingFile,ReadingLine
py_str_repeat,HandlingFile,OpeningFile
py_str_repeat,HandlingString,ReplacingStringContent
py_str_count,NonNestedIteration,SingleWhileLoopIteration
py_str_count,WhileLoopWithUpdate,WhileLoopWithListIndexing
py_str_count,WhileLoopWithUpdate,WhileLoopWith*=
py_str_count,ForLoopWithUpdate,ForLoopWith*=
py_str_count,ForLoopWithUpdate,ForLoopWithListIndexing
py_str_count,ArithmeticOperation,FindAbsolute
py_str_count,ArithmeticOperation,FindRemainder
py_str_count,ArithmeticOperation,FindMaximum
py_str_count,ArithmeticOperation,Addition
py_str_count,ArithmeticOperation,Round
py_str_count,ArithmeticOperation,Power
py_str_count,ArithmeticOperation,FindMinimum
py_str_count,ArithmeticOperation,Division
py_str_count,ArithmeticOperation,Multiplication
py_str_count,HandlingInteger,TransformingToIntType
py_str_count,HandlingTuple,CreatingTuple
py_str_count,HandlingTuple,SlicingTuple
py_str_count,HandlingTuple,IndexingTuple
py_str_count,HandlingFloat,TransformingToFloatType
py_str_count,HandlingDictionary,ReplacingDictionaryElement
py_str_count,HandlingDictionary,IndexingDictionary
py_str_count,HandlingDictionary,AddingItemToDictionary
py_str_count,HandlingDictionary,CreatingDictionary
py_str_count,HandlingList,SlicingList
py_str_count,HandlingList,ListReferencing
py_str_count,AddingListElement,AddingListElementWithInsert
py_str_count,HandlingString,ReplacingStringContent
py_str_count,HandlingString,SplittingString
py_str_count2,NonNestedIteration,SingleWhileLoopIteration
py_str_count2,ArithmeticOperation,Round
py_str_count2,ArithmeticOperation,Division
py_str_count2,ArithmeticOperation,Multiplication
py_str_count2,HandlingTuple,CreatingTuple
py_str_count2,HandlingTuple,SlicingTuple
py_str_count2,HandlingTuple,IndexingTuple
py_str_count2,HandlingFloat,TransformingToFloatType
py_str_count2,HandlingDictionary,ReplacingDictionaryElement
py_str_count2,HandlingDictionary,IndexingDictionary
py_str_count2,HandlingDictionary,AddingItemToDictionary
py_str_count2,HandlingDictionary,AccessingDictionary
py_str_count2,HandlingList,DeletingListElement
py_str_count2,HandlingList,CreatingList
py_str_count2,HandlingList,ReplacingListElement
py_str_count2,HandlingList,ListReferencing
py_str_count2,HandlingList,ReversingList
py_str_count2,AddingListElement,AddingListElementWithInsert
py_str_count2,AddingListElement,AddingListElementWithAppend
py_str_count2,HandlingFile,ClosingFile
py_str_count2,HandlingFile,ReadingLine
py_str_count2,HandlingFile,OpeningFile
py_if_else_num,CheckingCondition,AssertChecking
py_if_else_num,WhileLoopWithUpdate,WhileLoopWithListIndexing
py_if_else_num,WhileLoopWithUpdate,WhileLoopWith*=
py_if_else_num,WhileLoopWithUpdate,WhileLoopWith+=
py_if_else_num,ForLoopWithUpdate,ForLoopWith+=
py_if_else_num,ForLoopWithUpdate,ForLoopWith*=
py_if_else_num,ForLoopWithUpdate,ForLoopWithListIndexing
py_if_else_num,NestedLoopIteration,NestedForLoopIteration
py_if_else_num,NestedLoopIteration,NestedWhileLoopIteration
py_if_else_num,ArithmeticOperation,FindAbsolute
py_if_else_num,ArithmeticOperation,FindRemainder
py_if_else_num,ArithmeticOperation,Round
py_if_else_num,ArithmeticOperation,Power
py_if_else_num,ArithmeticOperation,FindMinimum
py_if_else_num,HandlingTuple,CreatingTuple
py_if_else_num,HandlingTuple,SlicingTuple
py_if_else_num,HandlingTuple,IndexingTuple
py_if_else_num,HandlingFloat,TransformingToFloatType
py_if_else_num,HandlingDictionary,ReplacingDictionaryElement
py_if_else_num,HandlingDictionary,IndexingDictionary
py_if_else_num,HandlingDictionary,AddingItemToDictionary
py_if_else_num,HandlingDictionary,AccessingDictionary
py_if_else_num,HandlingList,DeletingListElement
py_if_else_num,HandlingList,IndexingList
py_if_else_num,HandlingList,SlicingList
py_if_else_num,HandlingList,ReplacingListElement
py_if_else_num,HandlingList,ListReferencing
py_if_else_num,HandlingList,ReversingList
py_if_else_num,AddingListElement,AddingListElementWithInsert
py_if_else_num,AddingListElement,AddingListElementWithAppend
py_if_else_num,HandlingFile,ClosingFile
py_if_else_num,HandlingFile,ReadingLine
py_if_else_num,HandlingString,ReplacingStringContent
py_ifelse_odd_even,NonNestedIteration,SingleWhileLoopIteration
py_ifelse_odd_even,NestedLoopIteration,MixedNestedLoopIteration
py_ifelse_odd_even,NestedLoopIteration,NestedForLoopIteration
py_ifelse_odd_even,NestedLoopIteration,NestedWhileLoopIteration
py_ifelse_odd_even,HandlingDictionary,IndexingDictionary
py_ifelse_odd_even,HandlingList,SlicingList
py_ifelse_odd_even,HandlingString,TransformingToStringType
py_range_one,NonNestedIteration,SingleWhileLoopIteration
py_range_one,WhileLoopWithUpdate,WhileLoopWithListIndexing
py_range_one,WhileLoopWithUpdate,WhileLoopWith*=
py_range_one,ForLoopWithUpdate,ForLoopWith+=
py_range_one,ForLoopWithUpdate,ForLoopWith*=
py_range_one,ForLoopWithUpdate,ForLoopWithListIndexing
py_range_one,NestedLoopIteration,MixedNestedLoopIteration
py_range_one,NestedLoopIteration,NestedWhileLoopIteration
py_range_one,ArithmeticOperation,FindAbsolute
py_range_one,ArithmeticOperation,FindRemainder
py_range_one,ArithmeticOperation,Round
py_range_one,ArithmeticOperation,Power
py_range_one,ArithmeticOperation,FindMinimum
py_range_one,ArithmeticOperation,Substraction
py_range_one,ArithmeticOperation,Division
py_range_one,ArithmeticOperation,Multiplication
py_range_one,HandlingTuple,CreatingTuple
py_range_one,HandlingTuple,SlicingTuple
py_range_one,HandlingTuple,IndexingTuple
py_range_one,HandlingFloat,TransformingToFloatType
py_range_one,HandlingDictionary,ReplacingDictionaryElement
py_range_one,HandlingDictionary,IndexingDictionary
py_range_one,HandlingDictionary,AddingItemToDictionary
py_range_one,HandlingDictionary,AccessingDictionary
py_range_one,HandlingDictionary,CreatingDictionary
py_range_one,HandlingList,DeletingListElement
py_range_one,HandlingList,SlicingList
py_range_one,HandlingList,ReplacingListElement
py_range_one,HandlingList,ReversingList
py_range_one,AddingListElement,AddingListElementWithInsert
py_range_one,AddingListElement,AddingListElementWithAppend
py_range_one,HandlingFile,ClosingFile
py_range_one,HandlingFile,ReadingLine
py_range_one,HandlingFile,OpeningFile
py_range_one,HandlingString,ReplacingStringContent
py_range_one,HandlingString,TransformingToStringType
py_range_one,HandlingString,SplittingString
py_range3_2,NonNestedIteration,SingleWhileLoopIteration
py_range3_2,ArithmeticOperation,FindAbsolute
py_range3_2,ArithmeticOperation,FindRemainder
py_range3_2,ArithmeticOperation,Round
py_range3_2,ArithmeticOperation,Power
py_range3_2,ArithmeticOperation,FindMinimum
py_range3_2,ArithmeticOperation,Substraction
py_range3_2,ArithmeticOperation,Division
py_range3_2,ArithmeticOperation,Multiplication
py_range3_2,HandlingTuple,CreatingTuple
py_range3_2,HandlingTuple,SlicingTuple
py_range3_2,HandlingTuple,IndexingTuple
py_range3_2,HandlingFloat,TransformingToFloatType
py_range3_2,HandlingDictionary,ReplacingDictionaryElement
py_range3_2,HandlingDictionary,IndexingDictionary
py_range3_2,HandlingDictionary,AddingItemToDictionary
py_range3_2,HandlingList,SlicingList
py_range3_2,AddingListElement,AddingListElementWithInsert
py_range3_2,AddingListElement,AddingListElementWithAppend
py_range3_2,HandlingString,ReplacingStringContent
py_range3_2,HandlingString,TransformingToStringType
py_range_two,NonNestedIteration,SingleWhileLoopIteration
py_range_two,ForLoopWithUpdate,ForLoopWith+=
py_range_two,ForLoopWithUpdate,ForLoopWith*=
py_range_two,ForLoopWithUpdate,ForLoopWithListIndexing
py_range_two,ArithmeticOperation,FindAbsolute
py_range_two,ArithmeticOperation,FindRemainder
py_range_two,ArithmeticOperation,Round
py_range_two,ArithmeticOperation,Power
py_range_two,HandlingTuple,CreatingTuple
py_range_two,HandlingTuple,SlicingTuple
py_range_two,HandlingTuple,IndexingTuple
py_range_two,HandlingDictionary,IndexingDictionary
py_range_two,HandlingList,DeletingListElement
py_range_two,HandlingList,SlicingList
py_range_two,HandlingList,ReversingList
py_range_two,AddingListElement,AddingListElementWithInsert
py_range_two,AddingListElement,AddingListElementWithAppend
py_range_two,HandlingString,ReplacingStringContent
py_range_two,HandlingString,TransformingToStringType
py_range_two,HandlingString,SplittingString
py_range2_2,NonNestedIteration,SingleWhileLoopIteration
py_range2_2,WhileLoopWithUpdate,WhileLoopWith*=
py_range2_2,ForLoopWithUpdate,ForLoopWith*=
py_range2_2,ArithmeticOperation,FindAbsolute
py_range2_2,ArithmeticOperation,FindRemainder
py_range2_2,ArithmeticOperation,Round
py_range2_2,ArithmeticOperation,Power
py_range2_2,ArithmeticOperation,FindMinimum
py_range2_2,ArithmeticOperation,Substraction
py_range2_2,ArithmeticOperation,Division
py_range2_2,ArithmeticOperation,Multiplication
py_range2_2,HandlingTuple,CreatingTuple
py_range2_2,HandlingTuple,SlicingTuple
py_range2_2,HandlingTuple,IndexingTuple
py_range2_2,HandlingFloat,TransformingToFloatType
py_range2_2,HandlingDictionary,ReplacingDictionaryElement
py_range2_2,HandlingDictionary,IndexingDictionary
py_range2_2,HandlingDictionary,AddingItemToDictionary
py_range2_2,HandlingDictionary,AccessingDictionary
py_range2_2,HandlingDictionary,CreatingDictionary
py_range2_2,HandlingList,DeletingListElement
py_range2_2,HandlingList,SlicingList
py_range2_2,HandlingList,ReversingList
py_range2_2,AddingListElement,AddingListElementWithInsert
py_range2_2,AddingListElement,AddingListElementWithAppend
py_range2_2,HandlingString,ReplacingStringContent
py_range2_2,HandlingString,TransformingToStringType
py_range2_2,HandlingString,SplittingString
py_squares,NonNestedIteration,SingleWhileLoopIteration
py_squares,WhileLoopWithUpdate,WhileLoopWithListIndexing
py_squares,WhileLoopWithUpdate,WhileLoopWith*=
py_squares,WhileLoopWithUpdate,WhileLoopWith+=
py_squares,ArithmeticOperation,Round
py_squares,HandlingDictionary,IndexingDictionary
py_squares,HandlingList,SlicingList
py_squares,AddingListElement,AddingListElementWithInsert
py_squares,AddingListElement,AddingListElementWithAppend
py_write_squares_odd,NonNestedIteration,SingleWhileLoopIteration
py_write_squares_odd,WhileLoopWithUpdate,WhileLoopWith*=
py_write_squares_odd,ForLoopWithUpdate,ForLoopWith+=
py_write_squares_odd,ForLoopWithUpdate,ForLoopWith*=
py_write_squares_odd,ForLoopWithUpdate,ForLoopWithListIndexing
py_write_squares_odd,NestedLoopIteration,NestedWhileLoopIteration
py_write_squares_odd,ArithmeticOperation,FindAbsolute
py_write_squares_odd,ArithmeticOperation,Round
py_write_squares_odd,ArithmeticOperation,Power
py_write_squares_odd,HandlingTuple,CreatingTuple
py_write_squares_odd,HandlingTuple,SlicingTuple
py_write_squares_odd,HandlingTuple,IndexingTuple
py_write_squares_odd,HandlingFloat,TransformingToFloatType
py_write_squares_odd,HandlingDictionary,ReplacingDictionaryElement
py_write_squares_odd,HandlingDictionary,IndexingDictionary
py_write_squares_odd,HandlingDictionary,AddingItemToDictionary
py_write_squares_odd,HandlingList,DeletingListElement
py_write_squares_odd,HandlingList,SlicingList
py_write_squares_odd,HandlingList,ReplacingListElement
py_write_squares_odd,HandlingList,ReversingList
py_write_squares_odd,AddingListElement,AddingListElementWithInsert
py_write_squares_odd,AddingListElement,AddingListElementWithAppend
py_write_squares_odd,HandlingString,ReplacingStringContent
py_write_squares_odd,HandlingString,TransformingToStringType
py_write_squares_odd,HandlingString,SplittingString
py_write_squares_range,WhileLoopWithUpdate,WhileLoopWithListIndexing
py_write_squares_range,WhileLoopWithUpdate,WhileLoopWith*=
py_write_squares_range,WhileLoopWithUpdate,WhileLoopWith+=
py_write_squares_range,ArithmeticOperation,Round
py_write_squares_range,HandlingDictionary,IndexingDictionary
py_write_squares_range,HandlingList,SlicingList
py_write_squares_range,HandlingList,ReversingList
py_write_squares_range,AddingListElement,AddingListElementWithInsert
py_write_squares_range,AddingListElement,AddingListElementWithAppend
py_write_squares_range,HandlingString,ReplacingStringContent
py_write_squares_range,HandlingString,TransformingToStringType
py_write_squares_range,HandlingString,SplittingString
py_repeated_sequence2,WhileLoopWithUpdate,WhileLoopWithListIndexing
py_repeated_sequence2,WhileLoopWithUpdate,WhileLoopWith*=
py_repeated_sequence2,WhileLoopWithUpdate,WhileLoopWith+=
py_repeated_sequence2,ArithmeticOperation,Round
py_repeated_sequence2,HandlingTuple,CreatingTuple
py_repeated_sequence2,HandlingTuple,SlicingTuple
py_repeated_sequence2,HandlingTuple,IndexingTuple
py_repeated_sequence2,HandlingFloat,TransformingToFloatType
py_repeated_sequence2,HandlingDictionary,IndexingDictionary
py_repeated_sequence2,HandlingList,SlicingList
py_star_patterns,WhileLoopWithUpdate,WhileLoopWithListIndexing
py_star_patterns,WhileLoopWithUpdate,WhileLoopWith*=
py_star_patterns,ForLoopWithUpdate,ForLoopWith*=
py_star_patterns,ForLoopWithUpdate,ForLoopWithListIndexing
py_star_patterns,NestedLoopIteration,MixedNestedLoopIteration
py_star_patterns,NestedLoopIteration,NestedWhileLoopIteration
py_star_patterns,ArithmeticOperation,FindAbsolute
py_star_patterns,ArithmeticOperation,FindRemainder
py_star_patterns,ArithmeticOperation,FindMaximum
py_star_patterns,ArithmeticOperation,Round
py_star_patterns,ArithmeticOperation,Power
py_star_patterns,ArithmeticOperation,FindMinimum
py_star_patterns,ArithmeticOperation,Substraction
py_star_patterns,ArithmeticOperation,Division
py_star_patterns,ArithmeticOperation,Multiplication
py_star_patterns,HandlingFloat,TransformingToFloatType
py_star_patterns,HandlingDictionary,IndexingDictionary
py_star_patterns,HandlingList,SlicingList
py_star_patterns,HandlingList,ListReferencing
py_star_patterns,AddingListElement,AddingListElementWithInsert
py_star_patterns,AddingListElement,AddingListElementWithAppend
py_star_patterns,HandlingString,TransformingToStringType
py_stars_2,NestedLoopIteration,MixedNestedLoopIteration
py_stars_2,NestedLoopIteration,NestedWhileLoopIteration
py_stars_2,ArithmeticOperation,Multiplication
py_stars_2,HandlingFloat,TransformingToFloatType
py_stars_2,HandlingDictionary,ReplacingDictionaryElement
py_stars_2,HandlingDictionary,IndexingDictionary
py_stars_2,HandlingDictionary,AddingItemToDictionary
py_stars_2,HandlingDictionary,AccessingDictionary
py_stars_2,HandlingList,SlicingList
py_stars_2,HandlingList,ReversingList
py_stars_2,HandlingString,TransformingToStringType
py_stars_2,HandlingString,SplittingString
py_divisor,NonNestedIteration,SingleWhileLoopIteration
py_divisor,WhileLoopWithUpdate,WhileLoopWithListIndexing
py_divisor,WhileLoopWithUpdate,WhileLoopWith*=
py_divisor,ForLoopWithUpdate,ForLoopWith+=
py_divisor,ForLoopWithUpdate,ForLoopWith*=
py_divisor,ForLoopWithUpdate,ForLoopWithListIndexing
py_divisor,ArithmeticOperation,FindAbsolute
py_divisor,ArithmeticOperation,FindMaximum
py_divisor,ArithmeticOperation,Round
py_divisor,ArithmeticOperation,Power
py_divisor,ArithmeticOperation,FindMinimum
py_divisor,HandlingTuple,CreatingTuple
py_divisor,HandlingTuple,SlicingTuple
py_divisor,HandlingTuple,IndexingTuple
py_divisor,HandlingFloat,TransformingToFloatType
py_divisor,HandlingDictionary,ReplacingDictionaryElement
py_divisor,HandlingDictionary,IndexingDictionary
py_divisor,HandlingDictionary,AddingItemToDictionary
py_divisor,HandlingDictionary,AccessingDictionary
py_divisor,HandlingList,SlicingList
py_divisor,HandlingList,ReversingList
py_divisor,AddingListElement,AddingListElementWithInsert
py_divisor,AddingListElement,AddingListElementWithAppend
py_divisor,HandlingString,ReplacingStringContent
py_divisor,HandlingString,TransformingToStringType
py_largest_divisor,WhileLoopWithUpdate,WhileLoopWithListIndexing
py_largest_divisor,WhileLoopWithUpdate,WhileLoopWith*=
py_largest_divisor,WhileLoopWithUpdate,WhileLoopWith+=
py_largest_divisor,ForLoopWithUpdate,ForLoopWith+=
py_largest_divisor,ForLoopWithUpdate,ForLoopWith*=
py_largest_divisor,ForLoopWithUpdate,ForLoopWithListIndexing
py_largest_divisor,NestedLoopIteration,NestedForLoopIteration
py_largest_divisor,NestedLoopIteration,NestedWhileLoopIteration
py_largest_divisor,ArithmeticOperation,FindAbsolute
py_largest_divisor,ArithmeticOperation,FindMaximum
py_largest_divisor,ArithmeticOperation,Addition
py_largest_divisor,ArithmeticOperation,Round
py_largest_divisor,ArithmeticOperation,Power
py_largest_divisor,ArithmeticOperation,FindMinimum
py_largest_divisor,ArithmeticOperation,Substraction
py_largest_divisor,ArithmeticOperation,Division
py_largest_divisor,ArithmeticOperation,Multiplication
py_largest_divisor,HandlingTuple,CreatingTuple
py_largest_divisor,HandlingTuple,SlicingTuple
py_largest_divisor,HandlingTuple,IndexingTuple
py_largest_divisor,HandlingFloat,TransformingToFloatType
py_largest_divisor,HandlingDictionary,ReplacingDictionaryElement
py_largest_divisor,HandlingDictionary,IndexingDictionary
py_largest_divisor,HandlingDictionary,AddingItemToDictionary
py_largest_divisor,HandlingDictionary,AccessingDictionary
py_largest_divisor,HandlingList,DeletingListElement
py_largest_divisor,HandlingList,SlicingList
py_largest_divisor,HandlingList,ReplacingListElement
py_largest_divisor,HandlingList,ListReferencing
py_largest_divisor,HandlingList,ReversingList
py_largest_divisor,AddingListElement,AddingListElementWithInsert
py_largest_divisor,AddingListElement,AddingListElementWithAppend
py_largest_divisor,HandlingFile,ClosingFile
py_largest_divisor,HandlingFile,ReadingLine
py_largest_divisor,HandlingFile,OpeningFile
py_largest_divisor,HandlingString,ReplacingStringContent
py_largest_divisor,HandlingString,TransformingToStringType
py_largest_divisor,HandlingString,SplittingString
py_input,Python,Concatenation
py_input,CheckingInForLoop,IfElseCheckingInForLoop
py_input,CheckingInForLoop,IfElifCheckingInForLoop
py_input,CheckingInForLoop,IfCheckingInForLoop
py_input,CheckingInForLoop,IfElifElseCheckingInForLoop
py_input,ForLoopWithUpdate,ForLoopWith+=
py_input,ForLoopWithUpdate,ForLoopWith*=
py_input,ForLoopWithUpdate,ForLoopWithListIndexing
py_input,ArithmeticOperation,FindAbsolute
py_input,ArithmeticOperation,FindMinimum
py_input,HandlingTuple,CreatingTuple
py_input,HandlingTuple,SlicingTuple
py_input,HandlingTuple,IndexingTuple
py_input,HandlingFloat,TransformingToFloatType
py_input,HandlingDictionary,ReplacingDictionaryElement
py_input,HandlingDictionary,IndexingDictionary
py_input,HandlingDictionary,AddingItemToDictionary
py_input,HandlingList,DeletingListElement
py_input,HandlingList,SlicingList
py_input,HandlingList,ListReferencing
py_input,HandlingList,ReversingList
py_input,AddingListElement,AddingListElementWithInsert
py_input,AddingListElement,AddingListElementWithAppend
py_input,HandlingString,ReplacingStringContent
py_input,HandlingString,SplittingString
py_input2,ForLoopWithUpdate,ForLoopWith+=
py_input2,ForLoopWithUpdate,ForLoopWith*=
py_input2,ForLoopWithUpdate,ForLoopWithListIndexing
py_input2,ArithmeticOperation,FindAbsolute
py_input2,ArithmeticOperation,FindRemainder
py_input2,ArithmeticOperation,Round
py_input2,ArithmeticOperation,Power
py_input2,HandlingTuple,CreatingTuple
py_input2,HandlingTuple,SlicingTuple
py_input2,HandlingTuple,IndexingTuple
py_input2,HandlingFloat,TransformingToFloatType
py_input2,HandlingDictionary,ReplacingDictionaryElement
py_input2,HandlingDictionary,IndexingDictionary
py_input2,HandlingDictionary,AddingItemToDictionary
py_input2,HandlingDictionary,AccessingDictionary
py_input2,HandlingList,DeletingListElement
py_input2,HandlingList,SlicingList
py_input2,HandlingList,ReplacingListElement
py_input2,HandlingList,ListReferencing
py_input2,HandlingList,ReversingList
py_input2,AddingListElement,AddingListElementWithInsert
py_input2,AddingListElement,AddingListElementWithAppend
py_input2,HandlingFile,ClosingFile
py_input2,HandlingFile,ReadingLine
py_input2,HandlingFile,OpeningFile
py_input2,HandlingString,ReplacingStringContent
py_input2,HandlingString,FormattingString
py_input2,HandlingString,SplittingString
py_input3,ForLoopWithUpdate,ForLoopWith+=
py_input3,ForLoopWithUpdate,ForLoopWith*=
py_input3,ForLoopWithUpdate,ForLoopWithListIndexing
py_input3,ArithmeticOperation,Round
py_input3,HandlingTuple,CreatingTuple
py_input3,HandlingTuple,SlicingTuple
py_input3,HandlingTuple,IndexingTuple
py_input3,HandlingFloat,TransformingToFloatType
py_input3,HandlingDictionary,IndexingDictionary
py_input3,HandlingList,DeletingListElement
py_input3,HandlingList,SlicingList
py_input3,AddingListElement,AddingListElementWithInsert
py_input3,AddingListElement,AddingListElementWithAppend
py_input4,ForLoopWithUpdate,ForLoopWith+=
py_input4,ForLoopWithUpdate,ForLoopWith*=
py_input4,ForLoopWithUpdate,ForLoopWithListIndexing
py_input4,ArithmeticOperation,FindAbsolute
py_input4,ArithmeticOperation,FindMaximum
py_input4,ArithmeticOperation,Round
py_input4,ArithmeticOperation,Power
py_input4,ArithmeticOperation,FindMinimum
py_input4,ArithmeticOperation,Division
py_input4,ArithmeticOperation,Multiplication
py_input4,HandlingTuple,CreatingTuple
py_input4,HandlingTuple,SlicingTuple
py_input4,HandlingTuple,IndexingTuple
py_input4,HandlingFloat,TransformingToFloatType
py_input4,HandlingDictionary,ReplacingDictionaryElement
py_input4,HandlingDictionary,IndexingDictionary
py_input4,HandlingDictionary,AddingItemToDictionary
py_input4,HandlingList,SlicingList
py_input4,HandlingList,ListReferencing
ps_hello,HandlingList,SlicingList
ps_simple_function,HandlingFunctionCallingFunction,DefiningFunctionCallingFunction
ps_simple_function,HandlingStandardFunction,DefiningStandardFunction
ps_simple_function,HandlingList,SlicingList
ps_simple_function,HandlingFile,ClosingFile
ps_simple_function,HandlingFile,ReadingLine
ps_simple_function,HandlingFile,OpeningFile
ps_simple_params,WhileLoopWithUpdate,WhileLoopWithListIndexing
ps_simple_params,WhileLoopWithUpdate,WhileLoopWith*=
ps_simple_params,ForLoopWithUpdate,ForLoopWith*=
ps_simple_params,ForLoopWithUpdate,ForLoopWithListIndexing
ps_simple_params,NestedLoopIteration,NestedForLoopIteration
ps_simple_params,NestedLoopIteration,NestedWhileLoopIteration
ps_simple_params,ArithmeticOperation,FindAbsolute
ps_simple_params,HandlingDictionary,ReplacingDictionaryElement
ps_simple_params,HandlingDictionary,IndexingDictionary
ps_simple_params,HandlingDictionary,AddingItemToDictionary
ps_simple_params,HandlingList,SlicingList
ps_simple_params,HandlingString,ReplacingStringContent
ps_simple_params,HandlingString,TransformingToStringType
ps_simple_params,HandlingString,SplittingString
ps_return_bigger_or_none,WhileLoopWithUpdate,WhileLoopWithListIndexing
ps_return_bigger_or_none,WhileLoopWithUpdate,WhileLoopWith*=
ps_return_bigger_or_none,WhileLoopWithUpdate,WhileLoopWith+=
ps_return_bigger_or_none,ForLoopWithUpdate,ForLoopWith+=
ps_return_bigger_or_none,ForLoopWithUpdate,ForLoopWith*=
ps_return_bigger_or_none,ForLoopWithUpdate,ForLoopWithListIndexing
ps_return_bigger_or_none,NestedLoopIteration,NestedForLoopIteration
ps_return_bigger_or_none,NestedLoopIteration,NestedWhileLoopIteration
ps_return_bigger_or_none,ArithmeticOperation,FindAbsolute
ps_return_bigger_or_none,ArithmeticOperation,FindRemainder
ps_return_bigger_or_none,ArithmeticOperation,Round
ps_return_bigger_or_none,ArithmeticOperation,Power
ps_return_bigger_or_none,HandlingFloat,TransformingToFloatType
ps_return_bigger_or_none,HandlingDictionary,ReplacingDictionaryElement
ps_return_bigger_or_none,HandlingDictionary,IndexingDictionary
ps_return_bigger_or_none,HandlingDictionary,AddingItemToDictionary
ps_return_bigger_or_none,HandlingList,SlicingList
ps_return_bigger_or_none,AddingListElement,AddingListElementWithInsert
ps_return_bigger_or_none,AddingListElement,AddingListElementWithAppend
ps_return_bigger_or_none,HandlingString,ReplacingStringContent
ps_return_bigger_or_none,HandlingString,TransformingToStringType
ps_python_addition,WhileLoopWithUpdate,WhileLoopWithListIndexing
ps_python_addition,WhileLoopWithUpdate,WhileLoopWith*=
ps_python_addition,WhileLoopWithUpdate,WhileLoopWith+=
ps_python_addition,ForLoopWithUpdate,ForLoopWith+=
ps_python_addition,ForLoopWithUpdate,ForLoopWith*=
ps_python_addition,ForLoopWithUpdate,ForLoopWithListIndexing
ps_python_addition,NestedLoopIteration,NestedForLoopIteration
ps_python_addition,NestedLoopIteration,NestedWhileLoopIteration
ps_python_addition,ArithmeticOperation,FindAbsolute
ps_python_addition,ArithmeticOperation,Round
ps_python_addition,HandlingDictionary,ReplacingDictionaryElement
ps_python_addition,HandlingDictionary,IndexingDictionary
ps_python_addition,HandlingDictionary,AddingItemToDictionary
ps_python_addition,HandlingDictionary,AccessingDictionary
ps_python_addition,HandlingList,SlicingList
ps_python_addition,HandlingList,ListReferencing
ps_python_addition,HandlingList,ReversingList
ps_python_iteration_addition,WhileLoopWithUpdate,WhileLoopWithListIndexing
ps_python_iteration_addition,WhileLoopWithUpdate,WhileLoopWith*=
ps_python_iteration_addition,ForLoopWithUpdate,ForLoopWith+=
ps_python_iteration_addition,ForLoopWithUpdate,ForLoopWith*=
ps_python_iteration_addition,ForLoopWithUpdate,ForLoopWithListIndexing
ps_python_iteration_addition,ArithmeticOperation,FindAbsolute
ps_python_iteration_addition,ArithmeticOperation,FindRemainder
ps_python_iteration_addition,ArithmeticOperation,FindMaximum
ps_python_iteration_addition,ArithmeticOperation,Round
ps_python_iteration_addition,ArithmeticOperation,Power
ps_python_iteration_addition,ArithmeticOperation,FindMinimum
ps_python_iteration_addition,ArithmeticOperation,Substraction
ps_python_iteration_addition,ArithmeticOperation,Division
ps_python_iteration_addition,ArithmeticOperation,Multiplication
ps_python_iteration_addition,HandlingTuple,CreatingTuple
ps_python_iteration_addition,HandlingTuple,SlicingTuple
ps_python_iteration_addition,HandlingTuple,IndexingTuple
ps_python_iteration_addition,HandlingFloat,TransformingToFloatType
ps_python_iteration_addition,HandlingDictionary,ReplacingDictionaryElement
ps_python_iteration_addition,HandlingDictionary,IndexingDictionary
ps_python_iteration_addition,HandlingDictionary,AddingItemToDictionary
ps_python_iteration_addition,HandlingDictionary,AccessingDictionary
ps_python_iteration_addition,HandlingDictionary,CreatingDictionary
ps_python_iteration_addition,HandlingList,DeletingListElement
ps_python_iteration_addition,HandlingList,CreatingList
ps_python_iteration_addition,HandlingList,SlicingList
ps_python_iteration_addition,HandlingList,ReplacingListElement
ps_python_iteration_addition,HandlingList,ListReferencing
ps_python_iteration_addition,HandlingList,ReversingList
ps_python_iteration_addition,AddingListElement,AddingListElementWithInsert
ps_python_iteration_addition,AddingListElement,AddingListElementWithAppend
ps_python_iteration_addition,HandlingFile,ClosingFile
ps_python_iteration_addition,HandlingFile,ReadingLine
ps_python_iteration_addition,HandlingFile,OpeningFile
ps_python_iteration_addition,HandlingString,ReplacingStringContent
ps_python_iteration_addition,HandlingString,FormattingString
ps_python_iteration_addition,HandlingString,TransformingToStringType
ps_python_iteration_addition,HandlingString,SplittingString
ps_python_iteration_multiplication,WhileLoopWithUpdate,WhileLoopWithListIndexing
ps_python_iteration_multiplication,WhileLoopWithUpdate,WhileLoopWith+=
ps_python_iteration_multiplication,ForLoopWithUpdate,ForLoopWith+=
ps_python_iteration_multiplication,ForLoopWithUpdate,ForLoopWith*=
ps_python_iteration_multiplication,ForLoopWithUpdate,ForLoopWithListIndexing
ps_python_iteration_multiplication,ArithmeticOperation,FindAbsolute
ps_python_iteration_multiplication,ArithmeticOperation,FindRemainder
ps_python_iteration_multiplication,ArithmeticOperation,FindMaximum
ps_python_iteration_multiplication,ArithmeticOperation,Addition
ps_python_iteration_multiplication,ArithmeticOperation,Round
ps_python_iteration_multiplication,ArithmeticOperation,Power
ps_python_iteration_multiplication,ArithmeticOperation,FindMinimum
ps_python_iteration_multiplication,ArithmeticOperation,Substraction
ps_python_iteration_multiplication,ArithmeticOperation,Division
ps_python_iteration_multiplication,HandlingInteger,TransformingToIntType
ps_python_iteration_multiplication,HandlingTuple,CreatingTuple
ps_python_iteration_multiplication,HandlingTuple,SlicingTuple
ps_python_iteration_multiplication,HandlingTuple,IndexingTuple
ps_python_iteration_multiplication,HandlingFloat,TransformingToFloatType
ps_python_iteration_multiplication,HandlingDictionary,ReplacingDictionaryElement
ps_python_iteration_multiplication,HandlingDictionary,IndexingDictionary
ps_python_iteration_multiplication,HandlingDictionary,AddingItemToDictionary
ps_python_iteration_multiplication,HandlingDictionary,AccessingDictionary
ps_python_iteration_multiplication,HandlingList,DeletingListElement
ps_python_iteration_multiplication,HandlingList,IndexingList
ps_python_iteration_multiplication,HandlingList,SlicingList
ps_python_iteration_multiplication,HandlingList,ReplacingListElement
ps_python_iteration_multiplication,HandlingList,ListReferencing
ps_python_iteration_multiplication,HandlingList,ReversingList
ps_python_iteration_multiplication,AddingListElement,AddingListElementWithInsert
ps_python_iteration_multiplication,AddingListElement,AddingListElementWithAppend
ps_python_iteration_multiplication,HandlingFile,ClosingFile
ps_python_iteration_multiplication,HandlingFile,ReadingLine
ps_python_iteration_multiplication,HandlingFile,OpeningFile
ps_python_iteration_multiplication,HandlingString,ReplacingStringContent
ps_python_iteration_multiplication,HandlingString,TransformingToStringType
ps_python_iteration_multiplication,HandlingString,SplittingString
ps_python_calculate_function,HandlingFunction,NestedFunctionCall
ps_python_calculate_function,HandlingFunctionCallingFunction,DefiningFunctionCallingFunction
ps_python_calculate_function,HandlingStandardFunction,DefiningStandardFunction
ps_python_calculate_function,NonNestedIteration,SingleForLoopIteration
ps_python_calculate_function,WhileLoopWithUpdate,WhileLoopWithListIndexing
ps_python_calculate_function,WhileLoopWithUpdate,WhileLoopWith*=
ps_python_calculate_function,ForLoopWithUpdate,ForLoopWith*=
ps_python_calculate_function,ForLoopWithUpdate,ForLoopWithListIndexing
ps_python_calculate_function,ArithmeticOperation,FindAbsolute
ps_python_calculate_function,ArithmeticOperation,FindRemainder
ps_python_calculate_function,ArithmeticOperation,FindMaximum
ps_python_calculate_function,ArithmeticOperation,Round
ps_python_calculate_function,ArithmeticOperation,Power
ps_python_calculate_function,ArithmeticOperation,FindMinimum
ps_python_calculate_function,ArithmeticOperation,Substraction
ps_python_calculate_function,ArithmeticOperation,Division
ps_python_calculate_function,HandlingTuple,CreatingTuple
ps_python_calculate_function,HandlingTuple,SlicingTuple
ps_python_calculate_function,HandlingTuple,IndexingTuple
ps_python_calculate_function,HandlingFloat,TransformingToFloatType
ps_python_calculate_function,HandlingDictionary,ReplacingDictionaryElement
ps_python_calculate_function,HandlingDictionary,IndexingDictionary
ps_python_calculate_function,HandlingDictionary,AddingItemToDictionary
ps_python_calculate_function,HandlingDictionary,AccessingDictionary
ps_python_calculate_function,HandlingDictionary,CreatingDictionary
ps_python_calculate_function,HandlingList,DeletingListElement
ps_python_calculate_function,HandlingList,IndexingList
ps_python_calculate_function,HandlingList,CreatingList
ps_python_calculate_function,HandlingList,SlicingList
ps_python_calculate_function,HandlingList,ReplacingListElement
ps_python_calculate_function,HandlingList,ListReferencing
ps_python_calculate_function,HandlingList,ReversingList
ps_python_calculate_function,AddingListElement,AddingListElementWithInsert
ps_python_calculate_function,AddingListElement,AddingListElementWithAppend
ps_python_calculate_function,HandlingFile,ClosingFile
ps_python_calculate_function,HandlingFile,ReadingLine
ps_python_calculate_function,HandlingFile,OpeningFile
ps_python_calculate_function,HandlingString,ReplacingStringContent
ps_python_calculate_function,HandlingString,FormattingString
ps_python_calculate_function,HandlingString,TransformingToStringType
ps_python_calculate_function,HandlingString,SplittingString
ps_python_nested_calls,Python,HandlingInput
ps_python_nested_calls,CheckingCondition,AssertChecking
ps_python_nested_calls,HandlingStandardFunction,CallingStandardFunction
ps_python_nested_calls,NonNestedIteration,SingleWhileLoopIteration
ps_python_nested_calls,WhileLoopWithUpdate,WhileLoopWithListIndexing
ps_python_nested_calls,WhileLoopWithUpdate,WhileLoopWith*=
ps_python_nested_calls,WhileLoopWithUpdate,WhileLoopWith+=
ps_python_nested_calls,ForLoopWithUpdate,ForLoopWith+=
ps_python_nested_calls,ForLoopWithUpdate,ForLoopWith*=
ps_python_nested_calls,ForLoopWithUpdate,ForLoopWithListIndexing
ps_python_nested_calls,NestedLoopIteration,NestedForLoopIteration
ps_python_nested_calls,NestedLoopIteration,NestedWhileLoopIteration
ps_python_nested_calls,ArithmeticOperation,FindAbsolute
ps_python_nested_calls,ArithmeticOperation,FindRemainder
ps_python_nested_calls,ArithmeticOperation,FindMaximum
ps_python_nested_calls,ArithmeticOperation,Round
ps_python_nested_calls,ArithmeticOperation,Power
ps_python_nested_calls,ArithmeticOperation,FindMinimum
ps_python_nested_calls,ArithmeticOperation,Substraction
ps_python_nested_calls,ArithmeticOperation,Division
ps_python_nested_calls,HandlingTuple,CreatingTuple
ps_python_nested_calls,HandlingTuple,SlicingTuple
ps_python_nested_calls,HandlingTuple,IndexingTuple
ps_python_nested_calls,HandlingFloat,TransformingToFloatType
ps_python_nested_calls,HandlingDictionary,ReplacingDictionaryElement
ps_python_nested_calls,HandlingDictionary,IndexingDictionary
ps_python_nested_calls,HandlingDictionary,AddingItemToDictionary
ps_python_nested_calls,HandlingDictionary,AccessingDictionary
ps_python_nested_calls,HandlingList,DeletingListElement
ps_python_nested_calls,HandlingList,SlicingList
ps_python_nested_calls,HandlingList,ReplacingListElement
ps_python_nested_calls,HandlingList,ListReferencing
ps_python_nested_calls,HandlingList,ReversingList
ps_python_nested_calls,AddingListElement,AddingListElementWithInsert
ps_python_nested_calls,AddingListElement,AddingListElementWithAppend
ps_python_nested_calls,HandlingString,ReplacingStringContent
ps_python_nested_calls,HandlingString,TransformingToStringType
ps_python_nested_calls,HandlingString,SplittingString
ps_python_recursive_factorial,HandlingFunction,NestedFunctionCall
ps_python_recursive_factorial,HandlingFunctionCallingFunction,CallingFunctionCallingFunction
ps_python_recursive_factorial,HandlingRecursiveFunction,CallingRecursiveFunction
ps_python_recursive_factorial,HandlingStandardFunction,DefiningStandardFunction
ps_python_recursive_factorial,WhileLoopWithUpdate,WhileLoopWithListIndexing
ps_python_recursive_factorial,WhileLoopWithUpdate,WhileLoopWith*=
ps_python_recursive_factorial,WhileLoopWithUpdate,WhileLoopWith+=
ps_python_recursive_factorial,ForLoopWithUpdate,ForLoopWith+=
ps_python_recursive_factorial,ForLoopWithUpdate,ForLoopWith*=
ps_python_recursive_factorial,ForLoopWithUpdate,ForLoopWithListIndexing
ps_python_recursive_factorial,ArithmeticOperation,FindAbsolute
ps_python_recursive_factorial,ArithmeticOperation,Round
ps_python_recursive_factorial,HandlingFloat,TransformingToFloatType
ps_python_recursive_factorial,HandlingList,SlicingList
ps_python_recursive_factorial,AddingListElement,AddingListElementWithInsert
ps_python_recursive_factorial,AddingListElement,AddingListElementWithAppend
ps_python_class_person,Python,HandlingInput
ps_python_class_person,CheckingCondition,AssertChecking
ps_python_class_person,HandlingAdvancedDataStructure,BinaryTreeTask
ps_python_class_person,HandlingAdvancedDataStructure,LinkedListTask
ps_python_class_person,HandlingAdvancedDataStructure,QueueTask
ps_python_class_person,HandlingAdvancedDataStructure,StackTask
ps_python_class_person,TwoDimensionalArrayTask,ReplacingElement2DArray
ps_python_class_person,TwoDimensionalArrayTask,Indexing2DArray
ps_python_class_person,TwoDimensionalArrayTask,Create2DArray
ps_python_class_person,HandlingObjectOrientedProgramming,DefiningOOPMethod
ps_python_class_person,WhileLoopWithUpdate,WhileLoopWithListIndexing
ps_python_class_person,WhileLoopWithUpdate,WhileLoopWith*=
ps_python_class_person,WhileLoopWithUpdate,WhileLoopWith+=
ps_python_class_person,ForLoopWithUpdate,ForLoopWith+=
ps_python_class_person,ForLoopWithUpdate,ForLoopWith*=
ps_python_class_person,ForLoopWithUpdate,ForLoopWithListIndexing
ps_python_class_person,NestedLoopIteration,NestedForLoopIteration
ps_python_class_person,NestedLoopIteration,NestedWhileLoopIteration
ps_python_class_person,ArithmeticOperation,FindAbsolute
ps_python_class_person,ArithmeticOperation,FindRemainder
ps_python_class_person,ArithmeticOperation,FindMaximum
ps_python_class_person,ArithmeticOperation,Addition
ps_python_class_person,ArithmeticOperation,Round
ps_python_class_person,ArithmeticOperation,Power
ps_python_class_person,ArithmeticOperation,FindMinimum
ps_python_class_person,ArithmeticOperation,Substraction
ps_python_class_person,ArithmeticOperation,Division
ps_python_class_person,ArithmeticOperation,Multiplication
ps_python_class_person,HandlingTuple,CreatingTuple
ps_python_class_person,HandlingTuple,SlicingTuple
ps_python_class_person,HandlingTuple,IndexingTuple
ps_python_class_person,HandlingDictionary,ReplacingDictionaryElement
ps_python_class_person,HandlingDictionary,IndexingDictionary
ps_python_class_person,HandlingDictionary,AddingItemToDictionary
ps_python_class_person,HandlingDictionary,AccessingDictionary
ps_python_class_person,HandlingDictionary,CreatingDictionary
ps_python_class_person,HandlingList,DeletingListElement
ps_python_class_person,HandlingList,IndexingList
ps_python_class_person,HandlingList,CreatingList
ps_python_class_person,HandlingList,SlicingList
ps_python_class_person,HandlingList,ReplacingListElement
ps_python_class_person,HandlingList,ListReferencing
ps_python_class_person,HandlingList,ReversingList
ps_python_class_person,AddingListElement,AddingListElementWithInsert
ps_python_class_person,HandlingFile,ClosingFile
ps_python_class_person,HandlingFile,ReadingLine
ps_python_class_person,HandlingFile,OpeningFile
ps_python_class_person,HandlingString,ReplacingStringContent
ps_python_class_person,HandlingString,SplittingString
ps_python_modulo_is_even,WhileLoopWithUpdate,WhileLoopWithListIndexing
ps_python_modulo_is_even,WhileLoopWithUpdate,WhileLoopWith*=
ps_python_modulo_is_even,WhileLoopWithUpdate,WhileLoopWith+=
ps_python_modulo_is_even,ForLoopWithUpdate,ForLoopWith+=
ps_python_modulo_is_even,ForLoopWithUpdate,ForLoopWith*=
ps_python_modulo_is_even,ForLoopWithUpdate,ForLoopWithListIndexing
ps_python_modulo_is_even,NestedLoopIteration,NestedForLoopIteration
ps_python_modulo_is_even,NestedLoopIteration,NestedWhileLoopIteration
ps_python_modulo_is_even,ArithmeticOperation,FindAbsolute
ps_python_modulo_is_even,ArithmeticOperation,Round
ps_python_modulo_is_even,ArithmeticOperation,Power
ps_python_modulo_is_even,ArithmeticOperation,FindMinimum
ps_python_modulo_is_even,HandlingTuple,CreatingTuple
ps_python_modulo_is_even,HandlingTuple,SlicingTuple
ps_python_modulo_is_even,HandlingTuple,IndexingTuple
ps_python_modulo_is_even,HandlingFloat,TransformingToFloatType
ps_python_modulo_is_even,HandlingDictionary,ReplacingDictionaryElement
ps_python_modulo_is_even,HandlingDictionary,IndexingDictionary
ps_python_modulo_is_even,HandlingDictionary,AddingItemToDictionary
ps_python_modulo_is_even,HandlingDictionary,AccessingDictionary
ps_python_modulo_is_even,HandlingList,DeletingListElement
ps_python_modulo_is_even,HandlingList,SlicingList
ps_python_modulo_is_even,HandlingList,ListReferencing
ps_python_modulo_is_even,HandlingList,ReversingList
ps_python_modulo_is_even,AddingListElement,AddingListElementWithInsert
ps_python_modulo_is_even,AddingListElement,AddingListElementWithAppend
ps_python_modulo_is_even,HandlingString,ReplacingStringContent
ps_python_modulo_is_even,HandlingString,TransformingToStringType
ps_python_list_iteration_zoo,WhileLoopWithUpdate,WhileLoopWithListIndexing
ps_python_list_iteration_zoo,WhileLoopWithUpdate,WhileLoopWith*=
ps_python_list_iteration_zoo,WhileLoopWithUpdate,WhileLoopWith+=
ps_python_list_iteration_zoo,ArithmeticOperation,FindAbsolute
ps_python_list_iteration_zoo,ArithmeticOperation,FindRemainder
ps_python_list_iteration_zoo,ArithmeticOperation,FindMaximum
ps_python_list_iteration_zoo,ArithmeticOperation,Round
ps_python_list_iteration_zoo,ArithmeticOperation,Power
ps_python_list_iteration_zoo,ArithmeticOperation,FindMinimum
ps_python_list_iteration_zoo,ArithmeticOperation,Substraction
ps_python_list_iteration_zoo,ArithmeticOperation,Division
ps_python_list_iteration_zoo,HandlingInteger,TransformingToIntType
ps_python_list_iteration_zoo,HandlingTuple,CreatingTuple
ps_python_list_iteration_zoo,HandlingTuple,SlicingTuple
ps_python_list_iteration_zoo,HandlingTuple,IndexingTuple
ps_python_list_iteration_zoo,HandlingFloat,TransformingToFloatType
ps_python_list_iteration_zoo,HandlingDictionary,ReplacingDictionaryElement
ps_python_list_iteration_zoo,HandlingDictionary,IndexingDictionary
ps_python_list_iteration_zoo,HandlingDictionary,AddingItemToDictionary
ps_python_list_iteration_zoo,HandlingList,ReversingList
ps_python_list_iteration_zoo,AddingListElement,AddingListElementWithInsert
ps_python_list_iteration_zoo,AddingListElement,AddingListElementWithAppend
ps_python_list_iteration_zoo,HandlingString,ReplacingStringContent
ps_python_list_iteration_zoo,HandlingString,SplittingString
ps_python_nested_lists_indexing,TwoDimensionalArrayTask,Indexing2DArray
ps_python_nested_lists_indexing,WhileLoopWithUpdate,WhileLoopWithListIndexing
ps_python_nested_lists_indexing,WhileLoopWithUpdate,WhileLoopWith*=
ps_python_nested_lists_indexing,WhileLoopWithUpdate,WhileLoopWith+=
ps_python_nested_lists_indexing,ForLoopWithUpdate,ForLoopWith+=
ps_python_nested_lists_indexing,ForLoopWithUpdate,ForLoopWith*=
ps_python_nested_lists_indexing,ForLoopWithUpdate,ForLoopWithListIndexing
ps_python_nested_lists_indexing,ArithmeticOperation,FindAbsolute
ps_python_nested_lists_indexing,ArithmeticOperation,FindRemainder
ps_python_nested_lists_indexing,ArithmeticOperation,FindMaximum
ps_python_nested_lists_indexing,ArithmeticOperation,Round
ps_python_nested_lists_indexing,ArithmeticOperation,Power
ps_python_nested_lists_indexing,ArithmeticOperation,FindMinimum
ps_python_nested_lists_indexing,ArithmeticOperation,Substraction
ps_python_nested_lists_indexing,ArithmeticOperation,Division
ps_python_nested_lists_indexing,ArithmeticOperation,Multiplication
ps_python_nested_lists_indexing,HandlingTuple,CreatingTuple
ps_python_nested_lists_indexing,HandlingTuple,SlicingTuple
ps_python_nested_lists_indexing,HandlingTuple,IndexingTuple
ps_python_nested_lists_indexing,HandlingFloat,TransformingToFloatType
ps_python_nested_lists_indexing,HandlingDictionary,ReplacingDictionaryElement
ps_python_nested_lists_indexing,HandlingDictionary,IndexingDictionary
ps_python_nested_lists_indexing,HandlingDictionary,AddingItemToDictionary
ps_python_nested_lists_indexing,HandlingList,DeletingListElement
ps_python_nested_lists_indexing,HandlingList,ReversingList
ps_python_nested_lists_indexing,HandlingFile,ClosingFile
ps_python_nested_lists_indexing,HandlingFile,ReadingLine
ps_python_nested_lists_indexing,HandlingFile,OpeningFile
ps_python_nested_lists_indexing,HandlingString,ReplacingStringContent
ps_python_nested_lists_indexing,HandlingString,TransformingToStringType
ps_python_string_indexing,NonNestedIteration,SingleWhileLoopIteration
ps_python_string_indexing,WhileLoopWithUpdate,WhileLoopWithListIndexing
ps_python_string_indexing,WhileLoopWithUpdate,WhileLoopWith*=
ps_python_string_indexing,WhileLoopWithUpdate,WhileLoopWith+=
ps_python_string_indexing,ForLoopWithUpdate,ForLoopWith+=
ps_python_string_indexing,ForLoopWithUpdate,ForLoopWith*=
ps_python_string_indexing,ForLoopWithUpdate,ForLoopWithListIndexing
ps_python_string_indexing,NestedLoopIteration,MixedNestedLoopIteration
ps_python_string_indexing,NestedLoopIteration,NestedForLoopIteration
ps_python_string_indexing,NestedLoopIteration,NestedWhileLoopIteration
ps_python_string_indexing,HandlingDictionary,IndexingDictionary
ps_python_string_indexing,HandlingList,ReversingList
ps_python_string_indexing,AddingListElement,AddingListElementWithInsert
ps_python_string_indexing,AddingListElement,AddingListElementWithAppend
ps_python_string_indexing,HandlingFile,ClosingFile
ps_python_string_indexing,HandlingFile,ReadingLine
ps_python_string_indexing,HandlingFile,OpeningFile
ps_python_string_indexing,HandlingString,SplittingString
ps_python_dict_keys,NonNestedIteration,SingleWhileLoopIteration
ps_python_dict_keys,WhileLoopWithUpdate,WhileLoopWithListIndexing
ps_python_dict_keys,WhileLoopWithUpdate,WhileLoopWith*=
ps_python_dict_keys,WhileLoopWithUpdate,WhileLoopWith+=
ps_python_dict_keys,ForLoopWithUpdate,ForLoopWith+=
ps_python_dict_keys,ForLoopWithUpdate,ForLoopWith*=
ps_python_dict_keys,ForLoopWithUpdate,ForLoopWithListIndexing
ps_python_dict_keys,NestedLoopIteration,MixedNestedLoopIteration
ps_python_dict_keys,NestedLoopIteration,NestedForLoopIteration
ps_python_dict_keys,NestedLoopIteration,NestedWhileLoopIteration
ps_python_dict_keys,ArithmeticOperation,FindAbsolute
ps_python_dict_keys,ArithmeticOperation,FindRemainder
ps_python_dict_keys,ArithmeticOperation,Round
ps_python_dict_keys,ArithmeticOperation,Power
ps_python_dict_keys,ArithmeticOperation,FindMinimum
ps_python_dict_keys,ArithmeticOperation,Substraction
ps_python_dict_keys,ArithmeticOperation,Division
ps_python_dict_keys,ArithmeticOperation,Multiplication
ps_python_dict_keys,HandlingTuple,CreatingTuple
ps_python_dict_keys,HandlingTuple,SlicingTuple
ps_python_dict_keys,HandlingTuple,IndexingTuple
ps_python_dict_keys,HandlingFloat,TransformingToFloatType
ps_python_dict_keys,HandlingList,DeletingListElement
ps_python_dict_keys,HandlingList,SlicingList
ps_python_dict_keys,HandlingList,ListReferencing
ps_python_dict_keys,HandlingList,ReversingList
ps_python_dict_keys,AddingListElement,AddingListElementWithInsert
ps_python_dict_keys,AddingListElement,AddingListElementWithAppend
ps_python_dict_keys,HandlingString,ReplacingStringContent
ps_python_dict_keys,HandlingString,TransformingToStringType
ps_python_dict_keys,HandlingString,SplittingString
ps_python_dict_values,NonNestedIteration,SingleForLoopIteration
ps_python_dict_values,WhileLoopWithUpdate,WhileLoopWithListIndexing
ps_python_dict_values,WhileLoopWithUpdate,WhileLoopWith*=
ps_python_dict_values,WhileLoopWithUpdate,WhileLoopWith+=
ps_python_dict_values,ForLoopWithUpdate,ForLoopWith*=
ps_python_dict_values,ForLoopWithUpdate,ForLoopWithListIndexing
ps_python_dict_values,ArithmeticOperation,FindAbsolute
ps_python_dict_values,ArithmeticOperation,FindRemainder
ps_python_dict_values,ArithmeticOperation,FindMaximum
ps_python_dict_values,ArithmeticOperation,Round
ps_python_dict_values,ArithmeticOperation,Power
ps_python_dict_values,ArithmeticOperation,FindMinimum
ps_python_dict_values,ArithmeticOperation,Substraction
ps_python_dict_values,ArithmeticOperation,Division
ps_python_dict_values,ArithmeticOperation,Multiplication
ps_python_dict_values,HandlingInteger,TransformingToIntType
ps_python_dict_values,HandlingTuple,CreatingTuple
ps_python_dict_values,HandlingTuple,SlicingTuple
ps_python_dict_values,HandlingTuple,IndexingTuple
ps_python_dict_values,HandlingFloat,TransformingToFloatType
ps_python_dict_values,HandlingDictionary,IndexingDictionary
ps_python_dict_values,HandlingList,DeletingListElement
ps_python_dict_values,HandlingList,SlicingList
ps_python_dict_values,HandlingList,ReversingList
ps_python_dict_values,AddingListElement,AddingListElementWithInsert
ps_python_dict_values,AddingListElement,AddingListElementWithAppend
ps_python_dict_values,HandlingString,ReplacingStringContent
ps_python_dict_values,HandlingString,TransformingToStringType
ps_python_dict_values,HandlingString,SplittingString
ps_python_list_to_dict,WhileLoopWithUpdate,WhileLoopWithListIndexing
ps_python_list_to_dict,WhileLoopWithUpdate,WhileLoopWith*=
ps_python_list_to_dict,WhileLoopWithUpdate,WhileLoopWith+=
ps_python_list_to_dict,ForLoopWithUpdate,ForLoopWith+=
ps_python_list_to_dict,ForLoopWithUpdate,ForLoopWith*=
ps_python_list_to_dict,ForLoopWithUpdate,ForLoopWithListIndexing
ps_python_list_to_dict,NestedLoopIteration,MixedNestedLoopIteration
ps_python_list_to_dict,NestedLoopIteration,NestedForLoopIteration
ps_python_list_to_dict,NestedLoopIteration,NestedWhileLoopIteration
ps_python_list_to_dict,ArithmeticOperation,FindAbsolute
ps_python_list_to_dict,ArithmeticOperation,FindRemainder
ps_python_list_to_dict,ArithmeticOperation,FindMaximum
ps_python_list_to_dict,ArithmeticOperation,Round
ps_python_list_to_dict,ArithmeticOperation,Power
ps_python_list_to_dict,ArithmeticOperation,FindMinimum
ps_python_list_to_dict,ArithmeticOperation,Substraction
ps_python_list_to_dict,ArithmeticOperation,Division
ps_python_list_to_dict,ArithmeticOperation,Multiplication
ps_python_list_to_dict,HandlingInteger,TransformingToIntType
ps_python_list_to_dict,HandlingTuple,SlicingTuple
ps_python_list_to_dict,HandlingTuple,IndexingTuple
ps_python_list_to_dict,HandlingFloat,TransformingToFloatType
ps_python_list_to_dict,HandlingDictionary,IndexingDictionary
ps_python_list_to_dict,HandlingDictionary,AddingItemToDictionary
ps_python_list_to_dict,HandlingList,DeletingListElement
ps_python_list_to_dict,HandlingList,SlicingList
ps_python_list_to_dict,HandlingList,ReplacingListElement
ps_python_list_to_dict,HandlingList,ListReferencing
ps_python_list_to_dict,HandlingList,ReversingList
ps_python_list_to_dict,AddingListElement,AddingListElementWithInsert
ps_python_list_to_dict,AddingListElement,AddingListElementWithAppend
ps_python_list_to_dict,HandlingFile,ClosingFile
ps_python_list_to_dict,HandlingString,ReplacingStringContent
ps_python_list_to_dict,HandlingString,TransformingToStringType
ps_python_list_to_dict,HandlingString,SplittingString
ps_python_dict_filter,NonNestedIteration,SingleWhileLoopIteration
ps_python_dict_filter,WhileLoopWithUpdate,WhileLoopWithListIndexing
ps_python_dict_filter,WhileLoopWithUpdate,WhileLoopWith*=
ps_python_dict_filter,ForLoopWithUpdate,ForLoopWith*=
ps_python_dict_filter,ForLoopWithUpdate,ForLoopWithListIndexing
ps_python_dict_filter,NestedLoopIteration,NestedForLoopIteration
ps_python_dict_filter,NestedLoopIteration,NestedWhileLoopIteration
ps_python_dict_filter,ArithmeticOperation,FindAbsolute
ps_python_dict_filter,ArithmeticOperation,FindRemainder
ps_python_dict_filter,ArithmeticOperation,Addition
ps_python_dict_filter,ArithmeticOperation,Round
ps_python_dict_filter,ArithmeticOperation,Power
ps_python_dict_filter,ArithmeticOperation,FindMinimum
ps_python_dict_filter,ArithmeticOperation,Substraction
ps_python_dict_filter,ArithmeticOperation,Division
ps_python_dict_filter,ArithmeticOperation,Multiplication
ps_python_dict_filter,HandlingInteger,TransformingToIntType
ps_python_dict_filter,HandlingTuple,CreatingTuple
ps_python_dict_filter,HandlingTuple,SlicingTuple
ps_python_dict_filter,HandlingFloat,TransformingToFloatType
ps_python_dict_filter,HandlingDictionary,ReplacingDictionaryElement
ps_python_dict_filter,HandlingDictionary,IndexingDictionary
ps_python_dict_filter,HandlingDictionary,AddingItemToDictionary
ps_python_dict_filter,HandlingList,DeletingListElement
ps_python_dict_filter,HandlingList,CreatingList
ps_python_dict_filter,HandlingList,SlicingList
ps_python_dict_filter,HandlingList,ListReferencing
ps_python_dict_filter,HandlingList,ReversingList
ps_python_dict_filter,AddingListElement,AddingListElementWithInsert
ps_python_dict_filter,HandlingFile,ClosingFile
ps_python_dict_filter,HandlingString,ReplacingStringContent
ps_python_dict_filter,HandlingString,TransformingToStringType
ps_python_dict_filter,HandlingString,SplittingString
ps_python_bigger_than,WhileLoopWithUpdate,WhileLoopWithListIndexing
ps_python_bigger_than,WhileLoopWithUpdate,WhileLoopWith*=
ps_python_bigger_than,WhileLoopWithUpdate,WhileLoopWith+=
ps_python_bigger_than,ForLoopWithUpdate,ForLoopWith+=
ps_python_bigger_than,ForLoopWithUpdate,ForLoopWith*=
ps_python_bigger_than,ForLoopWithUpdate,ForLoopWithListIndexing
ps_python_bigger_than,ArithmeticOperation,FindAbsolute
ps_python_bigger_than,ArithmeticOperation,Round
ps_python_bigger_than,ArithmeticOperation,Power
ps_python_bigger_than,ArithmeticOperation,FindMinimum
ps_python_bigger_than,HandlingTuple,CreatingTuple
ps_python_bigger_than,HandlingTuple,SlicingTuple
ps_python_bigger_than,HandlingTuple,IndexingTuple
ps_python_bigger_than,HandlingDictionary,ReplacingDictionaryElement
ps_python_bigger_than,HandlingDictionary,IndexingDictionary
ps_python_bigger_than,HandlingDictionary,AddingItemToDictionary
ps_python_bigger_than,HandlingDictionary,CreatingDictionary
ps_python_bigger_than,HandlingList,DeletingListElement
ps_python_bigger_than,HandlingList,IndexingList
ps_python_bigger_than,HandlingList,SlicingList
ps_python_bigger_than,HandlingList,ReplacingListElement
ps_python_bigger_than,HandlingList,ListReferencing
ps_python_bigger_than,HandlingList,ReversingList
ps_python_bigger_than,AddingListElement,AddingListElementWithInsert
ps_python_bigger_than,AddingListElement,AddingListElementWithAppend
ps_python_bigger_than,HandlingFile,ClosingFile
ps_python_bigger_than,HandlingFile,ReadingLine
ps_python_bigger_than,HandlingFile,OpeningFile
ps_python_bigger_than,HandlingString,TransformingToStringType
ps_python_conditionals_temperature,Python,CheckingForItem
ps_python_conditionals_temperature,CheckingCondition,AssertChecking
ps_python_conditionals_temperature,CheckingCondition,IfElifChecking
ps_python_conditionals_temperature,CheckingInForLoop,IfElseCheckingInForLoop
ps_python_conditionals_temperature,CheckingInForLoop,IfElifCheckingInForLoop
ps_python_conditionals_temperature,CheckingInForLoop,IfCheckingInForLoop
ps_python_conditionals_temperature,CheckingInForLoop,IfElifElseCheckingInForLoop
ps_python_conditionals_temperature,CheckingInWhileLoop,IfElifElseCheckingInWhileLoop
ps_python_conditionals_temperature,CheckingInWhileLoop,IfCheckingInWhileLoop
ps_python_conditionals_temperature,CheckingInWhileLoop,IfElseCheckingInWhileLoop
ps_python_conditionals_temperature,CheckingInWhileLoop,IfElifCheckingInWhileLoop
ps_python_conditionals_temperature,ManagingVariable,SwappingVariablesValue
ps_python_printing_file_contents,ArithmeticOperation,Round
ps_python_printing_file_contents,HandlingDictionary,IndexingDictionary
ps_python_printing_file_contents,HandlingList,SlicingList
ps_python_printing_file_contents,AddingListElement,AddingListElementWithInsert
ps_python_printing_file_contents,AddingListElement,AddingListElementWithAppend
ps_python_try_except,WhileLoopWithUpdate,WhileLoopWithListIndexing
ps_python_try_except,WhileLoopWithUpdate,WhileLoopWith*=
ps_python_try_except,ForLoopWithUpdate,ForLoopWith*=
ps_python_try_except,ForLoopWithUpdate,ForLoopWithListIndexing
ps_python_try_except,NestedLoopIteration,NestedForLoopIteration
ps_python_try_except,NestedLoopIteration,NestedWhileLoopIteration
ps_python_try_except,ArithmeticOperation,Round
ps_python_try_except,ArithmeticOperation,Division
ps_python_try_except,HandlingList,DeletingListElement
ps_python_try_except,HandlingList,SlicingList
ps_python_try_except,HandlingList,ReversingList
ps_python_try_except,AddingListElement,AddingListElementWithInsert
ps_python_try_except,AddingListElement,AddingListElementWithAppend
ps_python_try_except,HandlingString,ReplacingStringContent
ps_python_try_except,HandlingString,TransformingToStringType
ps_python_nested_ifs,Python,HandlingInput
ps_python_nested_ifs,CheckingCondition,AssertChecking
ps_python_nested_ifs,CheckingCondition,BooleanEvaluating
ps_python_nested_ifs,ManagingVariable,AssigningVariable
ps_python_comparisons,WhileLoopWithUpdate,WhileLoopWithListIndexing
ps_python_comparisons,WhileLoopWithUpdate,WhileLoopWith*=
ps_python_comparisons,WhileLoopWithUpdate,WhileLoopWith+=
ps_python_comparisons,ForLoopWithUpdate,ForLoopWith+=
ps_python_comparisons,ForLoopWithUpdate,ForLoopWith*=
ps_python_comparisons,ForLoopWithUpdate,ForLoopWithListIndexing
ps_python_comparisons,NestedLoopIteration,NestedForLoopIteration
ps_python_comparisons,NestedLoopIteration,NestedWhileLoopIteration
ps_python_comparisons,ArithmeticOperation,FindAbsolute
ps_python_comparisons,ArithmeticOperation,FindRemainder
ps_python_comparisons,ArithmeticOperation,Addition
ps_python_comparisons,ArithmeticOperation,Round
ps_python_comparisons,ArithmeticOperation,Power
ps_python_comparisons,ArithmeticOperation,FindMinimum
ps_python_comparisons,ArithmeticOperation,Substraction
ps_python_comparisons,ArithmeticOperation,Division
ps_python_comparisons,ArithmeticOperation,Multiplication
ps_python_comparisons,HandlingTuple,CreatingTuple
ps_python_comparisons,HandlingTuple,SlicingTuple
ps_python_comparisons,HandlingTuple,IndexingTuple
ps_python_comparisons,HandlingDictionary,ReplacingDictionaryElement
ps_python_comparisons,HandlingDictionary,IndexingDictionary
ps_python_comparisons,HandlingDictionary,AddingItemToDictionary
ps_python_comparisons,HandlingDictionary,CreatingDictionary
ps_python_comparisons,HandlingList,DeletingListElement
ps_python_comparisons,HandlingList,CreatingList
ps_python_comparisons,HandlingList,SlicingList
ps_python_comparisons,HandlingList,ReplacingListElement
ps_python_comparisons,HandlingList,ListReferencing
ps_python_comparisons,HandlingList,ReversingList
ps_python_comparisons,AddingListElement,AddingListElementWithInsert
ps_python_comparisons,AddingListElement,AddingListElementWithAppend
ps_python_comparisons,HandlingFile,ClosingFile
ps_python_comparisons,HandlingFile,ReadingLine
ps_python_comparisons,HandlingFile,OpeningFile
ps_python_comparisons,HandlingString,ReplacingStringContent
ps_python_comparisons,HandlingString,TransformingToStringType
ps_python_add_to_list,WhileLoopWithUpdate,WhileLoopWithListIndexing
ps_python_add_to_list,WhileLoopWithUpdate,WhileLoopWith*=
ps_python_add_to_list,WhileLoopWithUpdate,WhileLoopWith+=
ps_python_add_to_list,ForLoopWithUpdate,ForLoopWithListIndexing
ps_python_add_to_list,ArithmeticOperation,FindAbsolute
ps_python_add_to_list,ArithmeticOperation,FindRemainder
ps_python_add_to_list,ArithmeticOperation,FindMaximum
ps_python_add_to_list,ArithmeticOperation,Round
ps_python_add_to_list,ArithmeticOperation,Power
ps_python_add_to_list,ArithmeticOperation,FindMinimum
ps_python_add_to_list,ArithmeticOperation,Substraction
ps_python_add_to_list,ArithmeticOperation,Division
ps_python_add_to_list,ArithmeticOperation,Multiplication
ps_python_add_to_list,HandlingInteger,TransformingToIntType
ps_python_add_to_list,HandlingTuple,CreatingTuple
ps_python_add_to_list,HandlingTuple,SlicingTuple
ps_python_add_to_list,HandlingTuple,IndexingTuple
ps_python_add_to_list,HandlingFloat,TransformingToFloatType
ps_python_add_to_list,HandlingDictionary,ReplacingDictionaryElement
ps_python_add_to_list,HandlingDictionary,IndexingDictionary
ps_python_add_to_list,HandlingDictionary,AddingItemToDictionary
ps_python_add_to_list,HandlingDictionary,AccessingDictionary
ps_python_add_to_list,HandlingDictionary,CreatingDictionary
ps_python_add_to_list,HandlingList,DeletingListElement
ps_python_add_to_list,HandlingList,SlicingList
ps_python_add_to_list,HandlingList,ReversingList
ps_python_add_to_list,AddingListElement,AddingListElementWithInsert
ps_python_add_to_list,AddingListElement,AddingListElementWithAppend
ps_python_add_to_list,HandlingFile,ClosingFile
ps_python_add_to_list,HandlingFile,ReadingLine
ps_python_add_to_list,HandlingFile,OpeningFile
ps_python_add_to_list,HandlingString,CreatingString
ps_python_add_to_list,HandlingString,ReplacingStringContent
ps_python_add_to_list,HandlingString,FormattingString
ps_python_add_to_list,HandlingString,TransformingToStringType
ps_python_add_to_list,HandlingString,SplittingString
ps_python_swap,NonNestedIteration,SingleWhileLoopIteration
ps_python_swap,WhileLoopWithUpdate,WhileLoopWithListIndexing
ps_python_swap,WhileLoopWithUpdate,WhileLoopWith*=
ps_python_swap,WhileLoopWithUpdate,WhileLoopWith+=
ps_python_swap,ForLoopWithUpdate,ForLoopWith+=
ps_python_swap,ForLoopWithUpdate,ForLoopWith*=
ps_python_swap,ForLoopWithUpdate,ForLoopWithListIndexing
ps_python_swap,NestedLoopIteration,MixedNestedLoopIteration
ps_python_swap,NestedLoopIteration,NestedForLoopIteration
ps_python_swap,NestedLoopIteration,NestedWhileLoopIteration
ps_python_swap,ArithmeticOperation,FindAbsolute
ps_python_swap,ArithmeticOperation,FindRemainder
ps_python_swap,ArithmeticOperation,FindMaximum
ps_python_swap,ArithmeticOperation,Addition
ps_python_swap,ArithmeticOperation,Round
ps_python_swap,ArithmeticOperation,Power
ps_python_swap,ArithmeticOperation,FindMinimum
ps_python_swap,ArithmeticOperation,Substraction
ps_python_swap,ArithmeticOperation,Division
ps_python_swap,ArithmeticOperation,Multiplication
ps_python_swap,HandlingInteger,TransformingToIntType
ps_python_swap,HandlingTuple,CreatingTuple
ps_python_swap,HandlingTuple,SlicingTuple
ps_python_swap,HandlingTuple,IndexingTuple
ps_python_swap,HandlingFloat,TransformingToFloatType
ps_python_swap,HandlingDictionary,ReplacingDictionaryElement
ps_python_swap,HandlingDictionary,IndexingDictionary
ps_python_swap,HandlingDictionary,AddingItemToDictionary
ps_python_swap,HandlingDictionary,AccessingDictionary
ps_python_swap,HandlingDictionary,CreatingDictionary
ps_python_swap,HandlingList,DeletingListElement
ps_python_swap,HandlingList,IndexingList
ps_python_swap,HandlingList,CreatingList
ps_python_swap,HandlingList,SlicingList
ps_python_swap,HandlingList,ReplacingListElement
ps_python_swap,HandlingList,ListReferencing
ps_python_swap,HandlingList,ReversingList
ps_python_swap,AddingListElement,AddingListElementWithInsert
ps_python_swap,AddingListElement,AddingListElementWithAppend
ps_python_swap,HandlingFile,ClosingFile
ps_python_swap,HandlingFile,ReadingLine
ps_python_swap,HandlingFile,OpeningFile
ps_python_swap,HandlingString,CreatingString
ps_python_swap,HandlingString,ReplacingStringContent
ps_python_swap,HandlingString,FormattingString
ps_python_swap,HandlingString,TransformingToStringType
ps_python_swap,HandlingString,SplittingString
ps_python_xor,NonNestedIteration,SingleWhileLoopIteration
ps_python_xor,ArithmeticOperation,Round
ps_python_xor,ArithmeticOperation,FindMinimum
ps_python_xor,HandlingDictionary,IndexingDictionary
ps_python_xor,HandlingList,SlicingList
ps_python_xor,AddingListElement,AddingListElementWithInsert
ps_python_xor,AddingListElement,AddingListElementWithAppend
ps_python_xor,HandlingFile,ClosingFile
ps_python_xor,HandlingFile,ReadingLine
ps_python_xor,HandlingFile,OpeningFile
ps_python_xor,HandlingString,ReplacingStringContent
ps_python_xor,HandlingString,TransformingToStringType
ps_python_xor,HandlingString,SplittingString
ps_python_for_odd_or_even,Python,CheckingForItem
ps_python_for_odd_or_even,CheckingCondition,IfElseChecking
ps_python_for_odd_or_even,CheckingInForLoop,IfElseCheckingInForLoop
ps_python_for_odd_or_even,WhileLoopWithUpdate,WhileLoopWith*=
ps_python_for_odd_or_even,WhileLoopWithUpdate,WhileLoopWith+=
ps_python_for_odd_or_even,ForLoopWithUpdate,ForLoopWithListIndexing
ps_python_for_odd_or_even,NestedLoopIteration,NestedWhileLoopIteration
ps_python_for_odd_or_even,ArithmeticOperation,FindAbsolute
ps_python_for_odd_or_even,ArithmeticOperation,FindMaximum
ps_python_for_odd_or_even,ArithmeticOperation,Round
ps_python_for_odd_or_even,ArithmeticOperation,Power
ps_python_for_odd_or_even,ArithmeticOperation,FindMinimum
ps_python_for_odd_or_even,ArithmeticOperation,Division
ps_python_for_odd_or_even,HandlingInteger,TransformingToIntType
ps_python_for_odd_or_even,HandlingTuple,CreatingTuple
ps_python_for_odd_or_even,HandlingTuple,SlicingTuple
ps_python_for_odd_or_even,HandlingTuple,IndexingTuple
ps_python_for_odd_or_even,HandlingFloat,TransformingToFloatType
ps_python_for_odd_or_even,HandlingDictionary,IndexingDictionary
ps_python_for_odd_or_even,HandlingList,ReversingList
ps_python_for_odd_or_even,AddingListElement,AddingListElementWithInsert
ps_python_for_odd_or_even,AddingListElement,AddingListElementWithAppend
ps_python_for_odd_or_even,HandlingString,ReplacingStringContent
ps_python_for_odd_or_even,HandlingString,TransformingToStringType
ps_python_for_odd_or_even,HandlingString,SplittingString
ps_python_string_join,NonNestedIteration,SingleForLoopIteration
ps_python_string_join,ArithmeticOperation,FindAbsolute
ps_python_string_join,ArithmeticOperation,Round
ps_python_string_join,HandlingDictionary,IndexingDictionary
ps_python_string_join,HandlingList,SlicingList
ps_python_string_join,HandlingList,ReversingList
ps_python_string_join,AddingListElement,AddingListElementWithInsert
ps_python_string_join,AddingListElement,AddingListElementWithAppend
ps_python_try_adding,Python,CheckingForItem
ps_python_try_adding,Python,HandlingInput
ps_python_try_adding,HandlingStandardFunction,DefiningStandardFunction
ps_python_try_adding,WhileLoopWithUpdate,WhileLoopWithListIndexing
ps_python_try_adding,WhileLoopWithUpdate,WhileLoopWith*=
ps_python_try_adding,WhileLoopWithUpdate,WhileLoopWith+=
ps_python_try_adding,ForLoopWithUpdate,ForLoopWith+=
ps_python_try_adding,ForLoopWithUpdate,ForLoopWith*=
ps_python_try_adding,ForLoopWithUpdate,ForLoopWithListIndexing
ps_python_try_adding,NestedLoopIteration,NestedForLoopIteration
ps_python_try_adding,NestedLoopIteration,NestedWhileLoopIteration
ps_python_try_adding,ArithmeticOperation,FindAbsolute
ps_python_try_adding,ArithmeticOperation,FindRemainder
ps_python_try_adding,ArithmeticOperation,FindMaximum
ps_python_try_adding,ArithmeticOperation,Round
ps_python_try_adding,ArithmeticOperation,Power
ps_python_try_adding,ArithmeticOperation,FindMinimum
ps_python_try_adding,ArithmeticOperation,Substraction
ps_python_try_adding,ArithmeticOperation,Division
ps_python_try_adding,ArithmeticOperation,Multiplication
ps_python_try_adding,HandlingDictionary,ReplacingDictionaryElement
ps_python_try_adding,HandlingDictionary,IndexingDictionary
ps_python_try_adding,HandlingDictionary,AddingItemToDictionary
ps_python_try_adding,HandlingList,DeletingListElement
ps_python_try_adding,HandlingList,SlicingList
ps_python_try_adding,HandlingList,ReplacingListElement
ps_python_try_adding,HandlingList,ListReferencing
ps_python_try_adding,HandlingList,ReversingList
ps_python_try_adding,AddingListElement,AddingListElementWithInsert
ps_python_try_adding,AddingListElement,AddingListElementWithAppend
ps_python_try_adding,HandlingFile,ClosingFile
ps_python_try_adding,HandlingFile,ReadingLine
ps_python_try_adding,HandlingString,TransformingToStringType
ps_python_try_adding,HandlingString,SplittingString
ps_python_class_point,Python,HandlingInput
ps_python_class_point,ManagingVariable,SwappingVariablesValue
ps_python_class_point,HandlingObjectOrientedProgramming,CreatingObject
ps_python_class_point,ArithmeticOperation,FindAbsolute
ps_python_class_point,ArithmeticOperation,FindRemainder
ps_python_class_point,ArithmeticOperation,FindMaximum
ps_python_class_point,ArithmeticOperation,Round
ps_python_class_point,ArithmeticOperation,Power
ps_python_class_point,ArithmeticOperation,FindMinimum
ps_python_class_point,ArithmeticOperation,Division
ps_python_class_point,HandlingDictionary,IndexingDictionary
ps_python_class_point,HandlingList,SlicingList
ps_python_class_point,HandlingList,ReversingList
ps_python_class_point,HandlingFile,ClosingFile
ps_python_class_point,HandlingFile,ReadingLine
ps_python_class_point,HandlingFile,OpeningFile
ps_python_2d_list,NonNestedIteration,SingleWhileLoopIteration
ps_python_2d_list,WhileLoopWithUpdate,WhileLoopWithListIndexing
ps_python_2d_list,WhileLoopWithUpdate,WhileLoopWith*=
ps_python_2d_list,WhileLoopWithUpdate,WhileLoopWith+=
ps_python_2d_list,ForLoopWithUpdate,ForLoopWith+=
ps_python_2d_list,ForLoopWithUpdate,ForLoopWith*=
ps_python_2d_list,ForLoopWithUpdate,ForLoopWithListIndexing
ps_python_2d_list,NestedLoopIteration,MixedNestedLoopIteration
ps_python_2d_list,NestedLoopIteration,NestedWhileLoopIteration
ps_python_2d_list,ArithmeticOperation,FindAbsolute
ps_python_2d_list,ArithmeticOperation,FindRemainder
ps_python_2d_list,ArithmeticOperation,FindMaximum
ps_python_2d_list,ArithmeticOperation,Round
ps_python_2d_list,ArithmeticOperation,Power
ps_python_2d_list,ArithmeticOperation,FindMinimum
ps_python_2d_list,ArithmeticOperation,Substraction
ps_python_2d_list,ArithmeticOperation,Division
ps_python_2d_list,HandlingInteger,TransformingToIntType
ps_python_2d_list,HandlingTuple,CreatingTuple
ps_python_2d_list,HandlingTuple,SlicingTuple
ps_python_2d_list,HandlingTuple,IndexingTuple
ps_python_2d_list,HandlingFloat,TransformingToFloatType
ps_python_2d_list,HandlingDictionary,ReplacingDictionaryElement
ps_python_2d_list,HandlingDictionary,IndexingDictionary
ps_python_2d_list,HandlingDictionary,AddingItemToDictionary
ps_python_2d_list,HandlingDictionary,AccessingDictionary
ps_python_2d_list,HandlingDictionary,CreatingDictionary
ps_python_2d_list,HandlingList,DeletingListElement
ps_python_2d_list,HandlingList,SlicingList
ps_python_2d_list,HandlingList,ListReferencing
ps_python_2d_list,HandlingList,ReversingList
ps_python_2d_list,AddingListElement,AddingListElementWithInsert
ps_python_2d_list,AddingListElement,AddingListElementWithAppend
ps_python_2d_list,HandlingFile,ClosingFile
ps_python_2d_list,HandlingFile,ReadingLine
ps_python_2d_list,HandlingFile,OpeningFile
ps_python_2d_list,HandlingString,CreatingString
ps_python_2d_list,HandlingString,ReplacingStringContent
ps_python_2d_list,HandlingString,FormattingString
ps_python_2d_list,HandlingString,TransformingToStringType
ps_python_2d_list,HandlingString,SplittingString
ps_python_nested_loops,ForLoopWithUpdate,ForLoopWith+=
ps_python_nested_loops,ForLoopWithUpdate,ForLoopWith*=
ps_python_nested_loops,ForLoopWithUpdate,ForLoopWithListIndexing
ps_python_nested_loops,NestedLoopIteration,MixedNestedLoopIteration
ps_python_nested_loops,NestedLoopIteration,NestedForLoopIteration
ps_python_nested_loops,ArithmeticOperation,Round
ps_python_nested_loops,HandlingDictionary,IndexingDictionary
ps_python_nested_loops,HandlingList,SlicingList
ps_python_nested_loops,HandlingList,ReversingList
ps_python_nested_loops,AddingListElement,AddingListElementWithInsert
ps_python_nested_loops,AddingListElement,AddingListElementWithAppend
ps_python_nested_loops,HandlingFile,ClosingFile
ps_python_nested_loops,HandlingFile,ReadingLine
ps_python_nested_loops,HandlingFile,OpeningFile
ps_python_nested_loops,HandlingString,ReplacingStringContent
ps_python_nested_loops,HandlingString,TransformingToStringType
ps_python_nested_loops,HandlingString,SplittingString
