exercise_name,parent,leaf_class
py_fail_course,ComparisonOperator,LessOrEqual
py_fail_course,ComparisonOperator,LargerOrEqual
py_phone_age2,ClassMethod,__init()__
py_rent_car,ClassMethod,__init()__
py_check_age,ClassMethod,__init()__
py_check_age2,ClassMethod,__init()__
py_three_boolean3,ClassMethod,__init()__
py_boolean_dry_hot,ClassMethod,__init()__
py_str_repeat_chars,LogicalOperator,and
py_str_repeat_chars,LogicalOperator,or
py_str_repeat_chars,LogicalOperator,not
py_str_repeat_chars,ArtithmeticOperator,//
py_str_repeat_chars,ArtithmeticOperator,-
py_str_repeat_chars,ArtithmeticOperator,/
py_str_repeat_chars,ArtithmeticOperator,**
py_str_repeat_chars,ArtithmeticOperator,Modulus
py_str_repeat_chars,ConditionalStatement,IfElifElseStatement
py_str_repeat_chars,ConditionalStatement,IfStatement
py_str_repeat_chars,ConditionalStatement,IfElseStatement
py_str_repeat_chars,ConditionalStatement,IfElifStatement
py_str_repeat_chars,ImportStatement,Import
py_str_repeat_chars,ImportStatement,ImportFrom
py_str_repeat_chars,JumpStatement,PassStatement
py_str_repeat_chars,JumpStatement,BreakStatement
py_str_repeat_chars,JumpStatement,ContinueStatement
py_str_repeat_chars,JumpStatement,ReturnStatement
py_str_repeat_chars,IterationStatement,WhileStatement
py_str_repeat_chars,ExceptionHandlingStatement,TryStatement
py_str_repeat_chars,ExceptionHandlingStatement,RaiseStatement
py_str_repeat_chars,ExceptionHandlingStatement,AssertStatement
py_str_repeat_chars,DefinitionStatement,ClassDefinition
py_str_repeat_chars,BuiltInFunction,dict()
py_str_repeat_chars,BuiltInFunction,next()
py_str_repeat_chars,BuiltInFunction,input()
py_str_repeat_chars,BuiltInFunction,int()
py_str_repeat_chars,BuiltInFunction,max()
py_str_repeat_chars,BuiltInFunction,float()
py_str_repeat_chars,BuiltInFunction,set()
py_str_repeat_chars,BuiltInFunction,open()
py_str_repeat_chars,BuiltInFunction,range()
py_str_repeat_chars,BuiltInFunction,tuple()
py_str_repeat_chars,BuiltInFunction,abs()
py_str_repeat_chars,BuiltInFunction,round()
py_str_repeat_chars,BuiltInFunction,len()
py_str_repeat_chars,BuiltInFunction,min()
py_str_repeat_chars,BuiltInFunction,list()
py_str_repeat2,ClassMethod,__init()__
py_str_repeat2,MembershipOperator,in
py_str_repeat2,LogicalOperator,and
py_str_repeat2,LogicalOperator,or
py_str_repeat2,LogicalOperator,not
py_str_repeat2,ArtithmeticOperator,//
py_str_repeat2,ArtithmeticOperator,-
py_str_repeat2,ArtithmeticOperator,/
py_str_repeat2,ArtithmeticOperator,**
py_str_repeat2,ArtithmeticOperator,Modulus
py_str_repeat2,ConditionalStatement,IfElifElseStatement
py_str_repeat2,ConditionalStatement,IfStatement
py_str_repeat2,ConditionalStatement,IfElseStatement
py_str_repeat2,ConditionalStatement,IfElifStatement
py_str_repeat2,ImportStatement,Import
py_str_repeat2,ImportStatement,ImportFrom
py_str_repeat2,JumpStatement,PassStatement
py_str_repeat2,JumpStatement,BreakStatement
py_str_repeat2,JumpStatement,ContinueStatement
py_str_repeat2,JumpStatement,ReturnStatement
py_str_repeat2,IterationStatement,WhileStatement
py_str_repeat2,ExceptionHandlingStatement,TryStatement
py_str_repeat2,ExceptionHandlingStatement,RaiseStatement
py_str_repeat2,ExceptionHandlingStatement,AssertStatement
py_str_repeat2,AssignmentStatement,AugmentedAssignmentStatement
py_str_repeat2,DefinitionStatement,ClassDefinition
py_str_repeat2,BuiltInFunction,dict()
py_str_repeat2,BuiltInFunction,str()
py_str_repeat2,BuiltInFunction,next()
py_str_repeat2,BuiltInFunction,input()
py_str_repeat2,BuiltInFunction,int()
py_str_repeat2,BuiltInFunction,max()
py_str_repeat2,BuiltInFunction,float()
py_str_repeat2,BuiltInFunction,set()
py_str_repeat2,BuiltInFunction,open()
py_str_repeat2,BuiltInFunction,tuple()
py_str_repeat2,BuiltInFunction,abs()
py_str_repeat2,BuiltInFunction,round()
py_str_repeat2,BuiltInFunction,min()
py_str_repeat2,BuiltInFunction,list()
py_file_input_stat,ClassMethod,__init()__
py_file_input_stat,ArtithmeticOperator,/
py_file_input_stat,Statement,ExpressionStatement
py_file_input_stat,ConditionalStatement,IfElifElseStatement
py_file_input_stat,ConditionalStatement,IfElseStatement
py_file_input_stat,ConditionalStatement,IfElifStatement
py_file_input_stat,IterationStatement,WhileStatement
py_file_input_stat,DefinitionStatement,ClassDefinition
py_file_input_stat,BuiltInFunction,dict()
py_file_input_stat,BuiltInFunction,min()
py_student_score,ClassMethod,__init()__
py_score_dict2,ClassMethod,__init()__
py_tv2,LogicalOperator,or
py_tv2,LogicalOperator,not
py_tv2,ArtithmeticOperator,//
py_tv2,ArtithmeticOperator,/
py_tv2,ArtithmeticOperator,**
py_tv2,ArtithmeticOperator,Modulus
py_tv2,ArtithmeticOperator,*
py_tv2,Statement,ExpressionStatement
py_tv2,ConditionalStatement,IfElifElseStatement
py_tv2,ConditionalStatement,IfElseStatement
py_tv2,ConditionalStatement,IfElifStatement
py_tv2,AssignmentStatement,AugmentedAssignmentStatement
py_tv2,BuiltInFunction,dict()
py_tv2,BuiltInFunction,next()
py_tv2,BuiltInFunction,input()
py_tv2,BuiltInFunction,int()
py_tv2,BuiltInFunction,max()
py_tv2,BuiltInFunction,float()
py_tv2,BuiltInFunction,set()
py_tv2,BuiltInFunction,open()
py_tv2,BuiltInFunction,range()
py_tv2,BuiltInFunction,tuple()
py_tv2,BuiltInFunction,abs()
py_tv2,BuiltInFunction,round()
py_tv2,BuiltInFunction,len()
py_tv2,BuiltInFunction,min()
py_tv2,BuiltInFunction,list()
objects_classes_point,Statement,ExpressionStatement
objects_classes_point,IterationStatement,ForStatement
objects_classes_point,IterationStatement,WhileStatement
objects_classes_point,BuiltInFunction,dict()
py_point2,Statement,ExpressionStatement
py_point2,AssignmentStatement,AugmentedAssignmentStatement
py_point2,BuiltInFunction,dict()
py_point2,BuiltInFunction,next()
py_point2,BuiltInFunction,input()
py_point2,BuiltInFunction,int()
py_point2,BuiltInFunction,max()
py_point2,BuiltInFunction,float()
py_point2,BuiltInFunction,set()
py_point2,BuiltInFunction,open()
py_point2,BuiltInFunction,range()
py_point2,BuiltInFunction,tuple()
py_point2,BuiltInFunction,abs()
py_point2,BuiltInFunction,round()
py_point2,BuiltInFunction,len()
py_point2,BuiltInFunction,min()
py_point2,BuiltInFunction,list()
objects_classes_account,ArtithmeticOperator,//
objects_classes_account,ArtithmeticOperator,-
objects_classes_account,ArtithmeticOperator,/
objects_classes_account,ArtithmeticOperator,**
objects_classes_account,ArtithmeticOperator,Modulus
objects_classes_account,Statement,ExpressionStatement
objects_classes_account,ConditionalStatement,IfElifElseStatement
objects_classes_account,ConditionalStatement,IfElseStatement
objects_classes_account,ConditionalStatement,IfElifStatement
objects_classes_account,ImportStatement,Import
objects_classes_account,ImportStatement,ImportFrom
objects_classes_account,IterationStatement,ForStatement
objects_classes_account,IterationStatement,WhileStatement
objects_classes_account,AssignmentStatement,AugmentedAssignmentStatement
objects_classes_account,BuiltInFunction,dict()
objects_classes_account,BuiltInFunction,str()
objects_classes_account,BuiltInFunction,next()
objects_classes_account,BuiltInFunction,input()
objects_classes_account,BuiltInFunction,int()
objects_classes_account,BuiltInFunction,max()
objects_classes_account,BuiltInFunction,float()
objects_classes_account,BuiltInFunction,set()
objects_classes_account,BuiltInFunction,open()
objects_classes_account,BuiltInFunction,range()
objects_classes_account,BuiltInFunction,tuple()
objects_classes_account,BuiltInFunction,abs()
objects_classes_account,BuiltInFunction,round()
objects_classes_account,BuiltInFunction,len()
objects_classes_account,BuiltInFunction,min()
objects_classes_account,BuiltInFunction,list()
py_account2,ArtithmeticOperator,//
py_account2,ArtithmeticOperator,-
py_account2,ArtithmeticOperator,/
py_account2,ArtithmeticOperator,**
py_account2,ArtithmeticOperator,Modulus
py_account2,Statement,ExpressionStatement
py_account2,ConditionalStatement,IfElifElseStatement
py_account2,ConditionalStatement,IfElseStatement
py_account2,ConditionalStatement,IfElifStatement
py_account2,ImportStatement,Import
py_account2,ImportStatement,ImportFrom
py_account2,JumpStatement,PassStatement
py_account2,JumpStatement,BreakStatement
py_account2,JumpStatement,ContinueStatement
py_account2,JumpStatement,ReturnStatement
py_account2,IterationStatement,ForStatement
py_account2,IterationStatement,WhileStatement
py_account2,ExceptionHandlingStatement,TryStatement
py_account2,ExceptionHandlingStatement,RaiseStatement
py_account2,ExceptionHandlingStatement,AssertStatement
py_account2,BuiltInFunction,dict()
py_account2,BuiltInFunction,next()
py_account2,BuiltInFunction,input()
py_account2,BuiltInFunction,int()
py_account2,BuiltInFunction,max()
py_account2,BuiltInFunction,float()
py_account2,BuiltInFunction,set()
py_account2,BuiltInFunction,open()
py_account2,BuiltInFunction,range()
py_account2,BuiltInFunction,tuple()
py_account2,BuiltInFunction,abs()
py_account2,BuiltInFunction,round()
py_account2,BuiltInFunction,len()
py_account2,BuiltInFunction,min()
py_account2,BuiltInFunction,list()
py_char_dict,ClassMethod,__init()__
py_first_char_words_dict,ClassMethod,__init()__
ae_adl_hello,ClassMethod,__init()__
ae_adl_variables,ClassMethod,__init()__
ae_adl_simple_arithmetics,ArithmeticExpression,UnaryOperation
ae_adl_simple_arithmetics,NumericLiteral,IntegerLiteral
ae_adl_simple_arithmetics,ClassMethod,__init()__
ae_adl_arithmetics2,ClassMethod,__init()__
ae_adl_arithmetics2,MembershipOperator,in
ae_adl_arithmetics2,LogicalOperator,and
ae_adl_arithmetics2,LogicalOperator,or
ae_adl_arithmetics2,LogicalOperator,not
ae_adl_arithmetics2,ArtithmeticOperator,//
ae_adl_arithmetics2,ArtithmeticOperator,**
ae_adl_arithmetics2,ArtithmeticOperator,Modulus
ae_adl_arithmetics2,ConditionalStatement,IfElifElseStatement
ae_adl_arithmetics2,ConditionalStatement,IfStatement
ae_adl_arithmetics2,ConditionalStatement,IfElseStatement
ae_adl_arithmetics2,ConditionalStatement,IfElifStatement
ae_adl_arithmetics2,ImportStatement,Import
ae_adl_arithmetics2,ImportStatement,ImportFrom
ae_adl_arithmetics2,JumpStatement,PassStatement
ae_adl_arithmetics2,JumpStatement,BreakStatement
ae_adl_arithmetics2,JumpStatement,ContinueStatement
ae_adl_arithmetics2,JumpStatement,ReturnStatement
ae_adl_arithmetics2,IterationStatement,ForStatement
ae_adl_arithmetics2,IterationStatement,WhileStatement
ae_adl_arithmetics2,ExceptionHandlingStatement,TryStatement
ae_adl_arithmetics2,ExceptionHandlingStatement,RaiseStatement
ae_adl_arithmetics2,ExceptionHandlingStatement,AssertStatement
ae_adl_arithmetics2,AssignmentStatement,AugmentedAssignmentStatement
ae_adl_arithmetics2,DefinitionStatement,FunctionDefinition
ae_adl_arithmetics2,DefinitionStatement,ClassDefinition
ae_adl_arithmetics2,BuiltInFunction,dict()
ae_adl_arithmetics2,BuiltInFunction,str()
ae_adl_arithmetics2,BuiltInFunction,next()
ae_adl_arithmetics2,BuiltInFunction,input()
ae_adl_arithmetics2,BuiltInFunction,int()
ae_adl_arithmetics2,BuiltInFunction,max()
ae_adl_arithmetics2,BuiltInFunction,float()
ae_adl_arithmetics2,BuiltInFunction,set()
ae_adl_arithmetics2,BuiltInFunction,open()
ae_adl_arithmetics2,BuiltInFunction,range()
ae_adl_arithmetics2,BuiltInFunction,tuple()
ae_adl_arithmetics2,BuiltInFunction,abs()
ae_adl_arithmetics2,BuiltInFunction,round()
ae_adl_arithmetics2,BuiltInFunction,len()
ae_adl_arithmetics2,BuiltInFunction,min()
ae_adl_arithmetics2,BuiltInFunction,list()
ae_adl_swap,ClassMethod,__init()__
ae_adl_swap,ArtithmeticOperator,//
ae_adl_swap,ArtithmeticOperator,-
ae_adl_swap,ArtithmeticOperator,/
ae_adl_swap,ArtithmeticOperator,**
ae_adl_swap,ArtithmeticOperator,Modulus
ae_adl_swap,ArtithmeticOperator,*
ae_adl_swap,Statement,ExpressionStatement
ae_adl_swap,ConditionalStatement,IfElifElseStatement
ae_adl_swap,ConditionalStatement,IfElseStatement
ae_adl_swap,ConditionalStatement,IfElifStatement
ae_adl_swap,ImportStatement,Import
ae_adl_swap,ImportStatement,ImportFrom
ae_adl_swap,AssignmentStatement,AugmentedAssignmentStatement
ae_adl_comparison,ArithmeticExpression,UnaryOperation
ae_adl_comparison,LogicalExpression,BooleanExpression
ae_adl_comparison,Literal,NoneLiteral
ae_adl_comparison,NumericLiteral,FloatLiteral
ae_adl_comparison,LiteralCollection,TupleLiteral
ae_adl_comparison,LiteralCollection,SetLiteral
ae_adl_comparison,LiteralCollection,DictLiteral
ae_adl_comparison,ClassMethod,__init()__
ae_adl_logic,NumericLiteral,FloatLiteral
ae_adl_logic,NumericLiteral,IntegerLiteral
ae_adl_logic,ClassMethod,__init()__
ae_adl_logic,ComparisonOperator,==
ae_adl_logic,LogicalOperator,not
ae_adl_logic,ArtithmeticOperator,//
ae_adl_logic,ArtithmeticOperator,+
ae_adl_logic,ArtithmeticOperator,/
ae_adl_logic,ArtithmeticOperator,**
ae_adl_logic,ArtithmeticOperator,Modulus
ae_adl_logic,ArtithmeticOperator,*
ae_adl_logic,Statement,ExpressionStatement
ae_adl_logic,ConditionalStatement,IfElifElseStatement
ae_adl_logic,ConditionalStatement,IfElseStatement
ae_adl_logic,ConditionalStatement,IfElifStatement
ae_adl_logic,ImportStatement,Import
ae_adl_logic,ImportStatement,ImportFrom
ae_adl_logic,JumpStatement,PassStatement
ae_adl_logic,JumpStatement,BreakStatement
ae_adl_logic,JumpStatement,ContinueStatement
ae_adl_logic,JumpStatement,ReturnStatement
ae_adl_logic,ExceptionHandlingStatement,TryStatement
ae_adl_logic,ExceptionHandlingStatement,RaiseStatement
ae_adl_logic,ExceptionHandlingStatement,AssertStatement
ae_adl_logic,AssignmentStatement,AugmentedAssignmentStatement
ae_adl_logic,DefinitionStatement,FunctionDefinition
ae_adl_logic,DefinitionStatement,ClassDefinition
ae_adl_logic,BuiltInFunction,dict()
ae_adl_logic,BuiltInFunction,str()
ae_adl_logic,BuiltInFunction,next()
ae_adl_logic,BuiltInFunction,input()
ae_adl_logic,BuiltInFunction,max()
ae_adl_logic,BuiltInFunction,float()
ae_adl_logic,BuiltInFunction,set()
ae_adl_logic,BuiltInFunction,open()
ae_adl_logic,BuiltInFunction,range()
ae_adl_logic,BuiltInFunction,tuple()
ae_adl_logic,BuiltInFunction,abs()
ae_adl_logic,BuiltInFunction,round()
ae_adl_logic,BuiltInFunction,len()
ae_adl_logic,BuiltInFunction,min()
ae_adl_logic,BuiltInFunction,list()
ae_adl_greet,BuiltInFunction,dict()
ae_adl_greet,BuiltInFunction,str()
ae_adl_greet,BuiltInFunction,next()
ae_adl_greet,BuiltInFunction,int()
ae_adl_greet,BuiltInFunction,max()
ae_adl_greet,BuiltInFunction,float()
ae_adl_greet,BuiltInFunction,set()
ae_adl_greet,BuiltInFunction,open()
ae_adl_greet,BuiltInFunction,range()
ae_adl_greet,BuiltInFunction,tuple()
ae_adl_greet,BuiltInFunction,abs()
ae_adl_greet,BuiltInFunction,round()
ae_adl_greet,BuiltInFunction,len()
ae_adl_greet,BuiltInFunction,min()
ae_adl_greet,BuiltInFunction,list()
ae_adl_input1,ClassMethod,__init()__
ae_adl_input2,BuiltInFunction,int()
ae_adl_hiscore1,ArithmeticExpression,UnaryOperation
ae_adl_hiscore1,LogicalExpression,BooleanExpression
ae_adl_hiscore1,Literal,BooleanLiteral
ae_adl_hiscore1,Literal,NoneLiteral
ae_adl_hiscore1,NumericLiteral,FloatLiteral
ae_adl_hiscore1,NumericLiteral,IntegerLiteral
ae_adl_hiscore1,ClassMethod,__init()__
ae_adl_hiscore1,Operator,=
ae_adl_hiscore1,ComparisonOperator,==
ae_adl_hiscore1,ConditionalStatement,IfElifElseStatement
ae_adl_hiscore1,ConditionalStatement,IfElseStatement
ae_adl_hiscore1,ConditionalStatement,IfElifStatement
ae_adl_hiscore2,ArithmeticExpression,UnaryOperation
ae_adl_hiscore2,LogicalExpression,BooleanExpression
ae_adl_hiscore2,Literal,BooleanLiteral
ae_adl_hiscore2,Literal,NoneLiteral
ae_adl_hiscore2,NumericLiteral,FloatLiteral
ae_adl_hiscore2,LiteralCollection,TupleLiteral
ae_adl_hiscore2,LiteralCollection,SetLiteral
ae_adl_hiscore2,LiteralCollection,ListLiteral
ae_adl_hiscore2,LiteralCollection,DictLiteral
ae_adl_hiscore2,ClassMethod,__init()__
ae_adl_hiscore2,Operator,=
ae_adl_hiscore2,ComparisonOperator,LessOrEqual
ae_adl_hiscore2,ComparisonOperator,Less
ae_adl_hiscore2,ComparisonOperator,Larger
ae_adl_hiscore2,ComparisonOperator,LargerOrEqual
ae_adl_hiscore2,ComparisonOperator,==
ae_adl_hiscore2,ComparisonOperator,NotEqual
ae_adl_ifelse,ClassMethod,__init()__
ae_adl_ifelifelse,BuiltInFunction,dict()
ae_adl_ifelifelse,BuiltInFunction,str()
ae_adl_ifelifelse,BuiltInFunction,next()
ae_adl_ifelifelse,BuiltInFunction,input()
ae_adl_ifelifelse,BuiltInFunction,int()
ae_adl_ifelifelse,BuiltInFunction,max()
ae_adl_ifelifelse,BuiltInFunction,float()
ae_adl_ifelifelse,BuiltInFunction,set()
ae_adl_ifelifelse,BuiltInFunction,open()
ae_adl_ifelifelse,BuiltInFunction,range()
ae_adl_ifelifelse,BuiltInFunction,tuple()
ae_adl_ifelifelse,BuiltInFunction,abs()
ae_adl_ifelifelse,BuiltInFunction,round()
ae_adl_ifelifelse,BuiltInFunction,len()
ae_adl_ifelifelse,BuiltInFunction,min()
ae_adl_ifelifelse,BuiltInFunction,list()
ae_adl_nested_if,ImportStatement,Import
ae_adl_nested_if,ImportStatement,ImportFrom
ae_adl_nested_if,JumpStatement,PassStatement
ae_adl_nested_if,JumpStatement,BreakStatement
ae_adl_nested_if,JumpStatement,ContinueStatement
ae_adl_nested_if,JumpStatement,ReturnStatement
ae_adl_nested_if,IterationStatement,ForStatement
ae_adl_nested_if,IterationStatement,WhileStatement
ae_adl_nested_if,ExceptionHandlingStatement,TryStatement
ae_adl_nested_if,ExceptionHandlingStatement,RaiseStatement
ae_adl_nested_if,ExceptionHandlingStatement,AssertStatement
ae_adl_while,ArithmeticExpression,UnaryOperation
ae_adl_while,Literal,BooleanLiteral
ae_adl_while,Literal,NoneLiteral
ae_adl_while,NumericLiteral,FloatLiteral
ae_adl_while,NumericLiteral,IntegerLiteral
ae_adl_while,LiteralCollection,TupleLiteral
ae_adl_while,LiteralCollection,SetLiteral
ae_adl_while,LiteralCollection,ListLiteral
ae_adl_while,LiteralCollection,DictLiteral
ae_adl_while,ClassMethod,__init()__
ae_adl_while,ComparisonOperator,LessOrEqual
ae_adl_while,ComparisonOperator,Less
ae_adl_while,ComparisonOperator,Larger
ae_adl_while,ComparisonOperator,LargerOrEqual
ae_adl_while,ComparisonOperator,==
ae_adl_while,ComparisonOperator,NotEqual
ae_adl_while,LogicalOperator,and
ae_adl_while,LogicalOperator,or
ae_adl_while,LogicalOperator,not
ae_adl_while,ArtithmeticOperator,//
ae_adl_while,ArtithmeticOperator,-
ae_adl_while,ArtithmeticOperator,+
ae_adl_while,ArtithmeticOperator,/
ae_adl_while,ArtithmeticOperator,**
ae_adl_while,ArtithmeticOperator,Modulus
ae_adl_while,ConditionalStatement,IfElifElseStatement
ae_adl_while,ConditionalStatement,IfElseStatement
ae_adl_while,ConditionalStatement,IfElifStatement
ae_adl_while,ImportStatement,ImportFrom
ae_adl_while,JumpStatement,PassStatement
ae_adl_while,JumpStatement,BreakStatement
ae_adl_while,JumpStatement,ContinueStatement
ae_adl_while,IterationStatement,ForStatement
ae_adl_while,ExceptionHandlingStatement,RaiseStatement
ae_adl_while,ExceptionHandlingStatement,AssertStatement
ae_adl_while,AssignmentStatement,AugmentedAssignmentStatement
ae_adl_while,DefinitionStatement,ClassDefinition
ae_adl_while,BuiltInFunction,dict()
ae_adl_while,BuiltInFunction,str()
ae_adl_while,BuiltInFunction,next()
ae_adl_while,BuiltInFunction,input()
ae_adl_while,BuiltInFunction,int()
ae_adl_while,BuiltInFunction,max()
ae_adl_while,BuiltInFunction,float()
ae_adl_while,BuiltInFunction,set()
ae_adl_while,BuiltInFunction,open()
ae_adl_while,BuiltInFunction,range()
ae_adl_while,BuiltInFunction,tuple()
ae_adl_while,BuiltInFunction,abs()
ae_adl_while,BuiltInFunction,round()
ae_adl_while,BuiltInFunction,len()
ae_adl_while,BuiltInFunction,min()
ae_adl_while,BuiltInFunction,list()
ae_adl_strings,MembershipOperator,in
ae_adl_strings,LogicalOperator,and
ae_adl_strings,LogicalOperator,or
ae_adl_strings,LogicalOperator,not
ae_adl_strings,ArtithmeticOperator,//
ae_adl_strings,ArtithmeticOperator,-
ae_adl_strings,ArtithmeticOperator,/
ae_adl_strings,ArtithmeticOperator,**
ae_adl_strings,ArtithmeticOperator,Modulus
ae_adl_strings,ArtithmeticOperator,*
ae_adl_strings,Statement,ExpressionStatement
ae_adl_strings,ConditionalStatement,IfElifElseStatement
ae_adl_strings,ConditionalStatement,IfStatement
ae_adl_strings,ConditionalStatement,IfElseStatement
ae_adl_strings,ConditionalStatement,IfElifStatement
ae_adl_strings,ImportStatement,Import
ae_adl_strings,ImportStatement,ImportFrom
ae_adl_strings,JumpStatement,PassStatement
ae_adl_strings,JumpStatement,BreakStatement
ae_adl_strings,JumpStatement,ContinueStatement
ae_adl_strings,JumpStatement,ReturnStatement
ae_adl_strings,IterationStatement,ForStatement
ae_adl_strings,IterationStatement,WhileStatement
ae_adl_strings,ExceptionHandlingStatement,TryStatement
ae_adl_strings,ExceptionHandlingStatement,RaiseStatement
ae_adl_strings,ExceptionHandlingStatement,AssertStatement
ae_adl_strings,AssignmentStatement,AugmentedAssignmentStatement
ae_adl_strings,DefinitionStatement,FunctionDefinition
ae_adl_strings,DefinitionStatement,ClassDefinition
ae_adl_strings,BuiltInFunction,dict()
ae_adl_strings,BuiltInFunction,str()
ae_adl_strings,BuiltInFunction,next()
ae_adl_strings,BuiltInFunction,input()
ae_adl_strings,BuiltInFunction,int()
ae_adl_strings,BuiltInFunction,max()
ae_adl_strings,BuiltInFunction,float()
ae_adl_strings,BuiltInFunction,set()
ae_adl_strings,BuiltInFunction,open()
ae_adl_strings,BuiltInFunction,range()
ae_adl_strings,BuiltInFunction,tuple()
ae_adl_strings,BuiltInFunction,abs()
ae_adl_strings,BuiltInFunction,round()
ae_adl_strings,BuiltInFunction,min()
ae_adl_strings,BuiltInFunction,list()
ae_adl_lists1,ClassMethod,__init()__
ae_adl_lists2,IterationStatement,WhileStatement
ae_adl_lists3,ClassMethod,__init()__
ae_adl_lists3,Statement,ExpressionStatement
ae_adl_lists3,IterationStatement,WhileStatement
ae_adl_lists3,AssignmentStatement,AugmentedAssignmentStatement
ae_adl_format1,ClassMethod,__init()__
ae_adl_format1,BuiltInFunction,dict()
ae_adl_format1,BuiltInFunction,next()
ae_adl_format1,BuiltInFunction,input()
ae_adl_format1,BuiltInFunction,int()
ae_adl_format1,BuiltInFunction,max()
ae_adl_format1,BuiltInFunction,float()
ae_adl_format1,BuiltInFunction,set()
ae_adl_format1,BuiltInFunction,open()
ae_adl_format1,BuiltInFunction,range()
ae_adl_format1,BuiltInFunction,tuple()
ae_adl_format1,BuiltInFunction,abs()
ae_adl_format1,BuiltInFunction,round()
ae_adl_format1,BuiltInFunction,len()
ae_adl_format1,BuiltInFunction,min()
ae_adl_format1,BuiltInFunction,list()
ae_adl_format2,ClassMethod,__init()__
ae_adl_format2,BuiltInFunction,list()
ae_adl_findmax,ClassMethod,__init()__
ae_adl_functions1,DefinitionStatement,ClassDefinition
ae_adl_returnvalue,ClassMethod,__init()__
ae_adl_returnvalue,Statement,ExpressionStatement
ae_adl_returnvalue,IterationStatement,ForStatement
ae_adl_returnvalue,IterationStatement,WhileStatement
ae_adl_returnvalue,DefinitionStatement,ClassDefinition
ae_adl_returnvalue,BuiltInFunction,dict()
ae_adl_returnvalue,BuiltInFunction,next()
ae_adl_returnvalue,BuiltInFunction,int()
ae_adl_returnvalue,BuiltInFunction,max()
ae_adl_returnvalue,BuiltInFunction,set()
ae_adl_returnvalue,BuiltInFunction,open()
ae_adl_returnvalue,BuiltInFunction,range()
ae_adl_returnvalue,BuiltInFunction,tuple()
ae_adl_returnvalue,BuiltInFunction,abs()
ae_adl_returnvalue,BuiltInFunction,round()
ae_adl_returnvalue,BuiltInFunction,len()
ae_adl_returnvalue,BuiltInFunction,min()
ae_adl_returnvalue,BuiltInFunction,list()
ae_adl_functions2,MembershipOperator,in
ae_adl_functions2,LogicalOperator,and
ae_adl_functions2,LogicalOperator,or
ae_adl_functions2,LogicalOperator,not
ae_adl_functions2,ArtithmeticOperator,//
ae_adl_functions2,ArtithmeticOperator,-
ae_adl_functions2,ArtithmeticOperator,**
ae_adl_functions2,ArtithmeticOperator,Modulus
ae_adl_functions2,ArtithmeticOperator,*
ae_adl_functions2,Statement,ExpressionStatement
ae_adl_functions2,ConditionalStatement,IfElifElseStatement
ae_adl_functions2,ConditionalStatement,IfStatement
ae_adl_functions2,ConditionalStatement,IfElseStatement
ae_adl_functions2,ConditionalStatement,IfElifStatement
ae_adl_functions2,ImportStatement,Import
ae_adl_functions2,ImportStatement,ImportFrom
ae_adl_functions2,JumpStatement,PassStatement
ae_adl_functions2,JumpStatement,BreakStatement
ae_adl_functions2,JumpStatement,ContinueStatement
ae_adl_functions2,IterationStatement,ForStatement
ae_adl_functions2,IterationStatement,WhileStatement
ae_adl_functions2,ExceptionHandlingStatement,TryStatement
ae_adl_functions2,ExceptionHandlingStatement,RaiseStatement
ae_adl_functions2,ExceptionHandlingStatement,AssertStatement
ae_adl_functions2,AssignmentStatement,AugmentedAssignmentStatement
ae_adl_functions2,DefinitionStatement,ClassDefinition
ae_adl_functions2,BuiltInFunction,dict()
ae_adl_functions2,BuiltInFunction,str()
ae_adl_functions2,BuiltInFunction,next()
ae_adl_functions2,BuiltInFunction,input()
ae_adl_functions2,BuiltInFunction,int()
ae_adl_functions2,BuiltInFunction,max()
ae_adl_functions2,BuiltInFunction,float()
ae_adl_functions2,BuiltInFunction,set()
ae_adl_functions2,BuiltInFunction,open()
ae_adl_functions2,BuiltInFunction,range()
ae_adl_functions2,BuiltInFunction,tuple()
ae_adl_functions2,BuiltInFunction,abs()
ae_adl_functions2,BuiltInFunction,round()
ae_adl_functions2,BuiltInFunction,len()
ae_adl_functions2,BuiltInFunction,min()
ae_adl_functions2,BuiltInFunction,list()
ae_adl_functions3,ArithmeticExpression,UnaryOperation
ae_adl_functions3,Literal,BooleanLiteral
ae_adl_functions3,Literal,NoneLiteral
ae_adl_functions3,NumericLiteral,IntegerLiteral
ae_adl_functions3,LiteralCollection,TupleLiteral
ae_adl_functions3,LiteralCollection,SetLiteral
ae_adl_functions3,LiteralCollection,DictLiteral
ae_adl_functions3,ClassMethod,__init()__
ae_adl_recursion,ClassMethod,__init()__
ae_adl_recursion,ArtithmeticOperator,//
ae_adl_recursion,ArtithmeticOperator,+
ae_adl_recursion,ArtithmeticOperator,/
ae_adl_recursion,ArtithmeticOperator,**
ae_adl_recursion,ArtithmeticOperator,Modulus
ae_adl_recursion,Statement,ExpressionStatement
ae_adl_recursion,ConditionalStatement,IfElifElseStatement
ae_adl_recursion,ConditionalStatement,IfElifStatement
ae_adl_recursion,ImportStatement,Import
ae_adl_recursion,ImportStatement,ImportFrom
ae_adl_recursion,JumpStatement,PassStatement
ae_adl_recursion,JumpStatement,BreakStatement
ae_adl_recursion,JumpStatement,ContinueStatement
ae_adl_recursion,ExceptionHandlingStatement,TryStatement
ae_adl_recursion,ExceptionHandlingStatement,RaiseStatement
ae_adl_recursion,ExceptionHandlingStatement,AssertStatement
ae_adl_recursion,AssignmentStatement,AugmentedAssignmentStatement
ae_adl_recursion,DefinitionStatement,ClassDefinition
ae_adl_recursion,BuiltInFunction,dict()
ae_adl_recursion,BuiltInFunction,str()
ae_adl_recursion,BuiltInFunction,next()
ae_adl_recursion,BuiltInFunction,max()
ae_adl_recursion,BuiltInFunction,float()
ae_adl_recursion,BuiltInFunction,set()
ae_adl_recursion,BuiltInFunction,open()
ae_adl_recursion,BuiltInFunction,tuple()
ae_adl_recursion,BuiltInFunction,abs()
ae_adl_recursion,BuiltInFunction,round()
ae_adl_recursion,BuiltInFunction,len()
ae_adl_recursion,BuiltInFunction,min()
ae_adl_recursion,BuiltInFunction,list()
ae_adl_dict1,ClassMethod,__init()__
ae_adl_dict2,ClassMethod,__init()__
ae_adl_dict2,LogicalOperator,and
ae_adl_dict2,LogicalOperator,or
ae_adl_dict2,LogicalOperator,not
ae_adl_dict2,Statement,ExpressionStatement
ae_adl_dict2,DefinitionStatement,ClassDefinition
ae_adl_dict3,ClassMethod,__init()__
ae_adl_objects2,ClassMethod,__init()__
py_concat_str_num2,Statement,ExpressionStatement
py_bmi_calculator,ClassMethod,__init()__
py_bmi_calculator,ArtithmeticOperator,+
py_bmi_calculator,Statement,ExpressionStatement
py_bmi_calculator,BuiltInFunction,list()
py_bmi_calculator2,ImportStatement,ImportFrom
py_pythagorean_theorem,ArtithmeticOperator,/
py_pythagorean_theorem2,ClassMethod,__init()__
py_fahrenheit_to_celsius,ClassMethod,__init()__
py_fahrenheit_to_celsius,Statement,ExpressionStatement
py_vending_machine2,ClassMethod,__init()__
py_nested_if_min_max,ClassMethod,__init()__
py_nested_if_temperature,ClassMethod,__init()__
py_if_else_grade,ClassMethod,__init()__
q_py_topic_dictionary:q_py_dict_access1,ClassMethod,__init()__
q_py_topic_dictionary:q_py_dict_access1,MembershipOperator,in
q_py_topic_dictionary:q_py_dict_access1,LogicalOperator,and
q_py_topic_dictionary:q_py_dict_access1,LogicalOperator,or
q_py_topic_dictionary:q_py_dict_access1,LogicalOperator,not
q_py_topic_dictionary:q_py_dict_access1,ArtithmeticOperator,//
q_py_topic_dictionary:q_py_dict_access1,ArtithmeticOperator,-
q_py_topic_dictionary:q_py_dict_access1,ArtithmeticOperator,+
q_py_topic_dictionary:q_py_dict_access1,ArtithmeticOperator,/
q_py_topic_dictionary:q_py_dict_access1,ArtithmeticOperator,**
q_py_topic_dictionary:q_py_dict_access1,ArtithmeticOperator,Modulus
q_py_topic_dictionary:q_py_dict_access1,ArtithmeticOperator,*
q_py_topic_dictionary:q_py_dict_access1,Statement,ExpressionStatement
q_py_topic_dictionary:q_py_dict_access1,ConditionalStatement,IfElifElseStatement
q_py_topic_dictionary:q_py_dict_access1,ConditionalStatement,IfStatement
q_py_topic_dictionary:q_py_dict_access1,ConditionalStatement,IfElseStatement
q_py_topic_dictionary:q_py_dict_access1,ConditionalStatement,IfElifStatement
q_py_topic_dictionary:q_py_dict_access1,ImportStatement,Import
q_py_topic_dictionary:q_py_dict_access1,ImportStatement,ImportFrom
q_py_topic_dictionary:q_py_dict_access1,JumpStatement,PassStatement
q_py_topic_dictionary:q_py_dict_access1,JumpStatement,BreakStatement
q_py_topic_dictionary:q_py_dict_access1,JumpStatement,ContinueStatement
q_py_topic_dictionary:q_py_dict_access1,JumpStatement,ReturnStatement
q_py_topic_dictionary:q_py_dict_access1,IterationStatement,ForStatement
q_py_topic_dictionary:q_py_dict_access1,IterationStatement,WhileStatement
q_py_topic_dictionary:q_py_dict_access1,ExceptionHandlingStatement,TryStatement
q_py_topic_dictionary:q_py_dict_access1,ExceptionHandlingStatement,RaiseStatement
q_py_topic_dictionary:q_py_dict_access1,ExceptionHandlingStatement,AssertStatement
q_py_topic_dictionary:q_py_dict_access1,AssignmentStatement,SimpleAssignmentStatement
q_py_topic_dictionary:q_py_dict_access1,AssignmentStatement,AugmentedAssignmentStatement
q_py_topic_dictionary:q_py_dict_access1,DefinitionStatement,FunctionDefinition
q_py_topic_dictionary:q_py_dict_access1,DefinitionStatement,ClassDefinition
q_py_topic_dictionary:q_py_dict_access1,BuiltInFunction,dict()
q_py_topic_dictionary:q_py_dict_access1,BuiltInFunction,str()
q_py_topic_dictionary:q_py_dict_access1,BuiltInFunction,next()
q_py_topic_dictionary:q_py_dict_access1,BuiltInFunction,input()
q_py_topic_dictionary:q_py_dict_access1,BuiltInFunction,int()
q_py_topic_dictionary:q_py_dict_access1,BuiltInFunction,max()
q_py_topic_dictionary:q_py_dict_access1,BuiltInFunction,float()
q_py_topic_dictionary:q_py_dict_access1,BuiltInFunction,set()
q_py_topic_dictionary:q_py_dict_access1,BuiltInFunction,open()
q_py_topic_dictionary:q_py_dict_access1,BuiltInFunction,range()
q_py_topic_dictionary:q_py_dict_access1,BuiltInFunction,tuple()
q_py_topic_dictionary:q_py_dict_access1,BuiltInFunction,abs()
q_py_topic_dictionary:q_py_dict_access1,BuiltInFunction,round()
q_py_topic_dictionary:q_py_dict_access1,BuiltInFunction,len()
q_py_topic_dictionary:q_py_dict_access1,BuiltInFunction,min()
q_py_topic_dictionary:q_py_dict_access1,BuiltInFunction,print()
q_py_topic_dictionary:q_py_dict_access1,BuiltInFunction,list()
q_py_topic_dictionary:q_py_dict_access2,ClassMethod,__init()__
q_py_topic_dictionary:q_py_dict_access2,LogicalOperator,and
q_py_topic_dictionary:q_py_dict_access2,LogicalOperator,or
q_py_topic_dictionary:q_py_dict_access2,LogicalOperator,not
q_py_topic_dictionary:q_py_dict_access2,ArtithmeticOperator,//
q_py_topic_dictionary:q_py_dict_access2,ArtithmeticOperator,/
q_py_topic_dictionary:q_py_dict_access2,ArtithmeticOperator,**
q_py_topic_dictionary:q_py_dict_access2,ArtithmeticOperator,Modulus
q_py_topic_dictionary:q_py_dict_access2,ArtithmeticOperator,*
q_py_topic_dictionary:q_py_dict_access2,BuiltInFunction,str()
q_py_topic_dictionary:q_py_dict_access2,BuiltInFunction,next()
q_py_topic_dictionary:q_py_dict_access2,BuiltInFunction,input()
q_py_topic_dictionary:q_py_dict_access2,BuiltInFunction,int()
q_py_topic_dictionary:q_py_dict_access2,BuiltInFunction,max()
q_py_topic_dictionary:q_py_dict_access2,BuiltInFunction,float()
q_py_topic_dictionary:q_py_dict_access2,BuiltInFunction,set()
q_py_topic_dictionary:q_py_dict_access2,BuiltInFunction,open()
q_py_topic_dictionary:q_py_dict_access2,BuiltInFunction,range()
q_py_topic_dictionary:q_py_dict_access2,BuiltInFunction,tuple()
q_py_topic_dictionary:q_py_dict_access2,BuiltInFunction,abs()
q_py_topic_dictionary:q_py_dict_access2,BuiltInFunction,round()
q_py_topic_dictionary:q_py_dict_access2,BuiltInFunction,min()
q_py_topic_dictionary:q_py_dict_access2,BuiltInFunction,list()
q_py_topic_exceptions:q_py_exception_assertion,NumericLiteral,FloatLiteral
q_py_topic_exceptions:q_py_exception_assertion,NumericLiteral,IntegerLiteral
q_py_topic_exceptions:q_py_exception_assertion,Error,ValueError
q_py_topic_exceptions:q_py_exception_assertion,ClassMethod,__init()__
q_py_topic_exceptions:q_py_exception_assertion,Statement,ExpressionStatement
q_py_topic_exceptions:q_py_exception_assertion,ConditionalStatement,IfElifElseStatement
q_py_topic_exceptions:q_py_exception_assertion,ConditionalStatement,IfStatement
q_py_topic_exceptions:q_py_exception_assertion,ConditionalStatement,IfElseStatement
q_py_topic_exceptions:q_py_exception_assertion,ConditionalStatement,IfElifStatement
q_py_topic_exceptions:q_py_exception_assertion,IterationStatement,WhileStatement
q_py_topic_exceptions:q_py_exception_assertion,BuiltInFunction,dict()
q_py_topic_exceptions:q_py_exception_assertion,BuiltInFunction,str()
q_py_topic_exceptions:q_py_exception_assertion,BuiltInFunction,next()
q_py_topic_exceptions:q_py_exception_assertion,BuiltInFunction,input()
q_py_topic_exceptions:q_py_exception_assertion,BuiltInFunction,int()
q_py_topic_exceptions:q_py_exception_assertion,BuiltInFunction,max()
q_py_topic_exceptions:q_py_exception_assertion,BuiltInFunction,float()
q_py_topic_exceptions:q_py_exception_assertion,BuiltInFunction,set()
q_py_topic_exceptions:q_py_exception_assertion,BuiltInFunction,open()
q_py_topic_exceptions:q_py_exception_assertion,BuiltInFunction,range()
q_py_topic_exceptions:q_py_exception_assertion,BuiltInFunction,tuple()
q_py_topic_exceptions:q_py_exception_assertion,BuiltInFunction,abs()
q_py_topic_exceptions:q_py_exception_assertion,BuiltInFunction,round()
q_py_topic_exceptions:q_py_exception_assertion,BuiltInFunction,len()
q_py_topic_exceptions:q_py_exception_assertion,BuiltInFunction,min()
q_py_topic_exceptions:q_py_exception_assertion,BuiltInFunction,list()
q_py_topic_exceptions:q_py_exceptions_addarr,ClassMethod,__init()__
q_py_topic_exceptions:q_py_exceptions_addarr,BuiltInFunction,min()
q_py_topic_exceptions:q_py_list_except1,ClassMethod,__init()__
q_py_topic_exceptions:q_py_value_except1,ClassMethod,__init()__
q_py_topic_exceptions:q_py_value_except1,Statement,ExpressionStatement
q_py_topic_exceptions:q_py_value_except1,BuiltInFunction,dict()
q_py_topic_exceptions:q_py_value_except1,BuiltInFunction,str()
q_py_topic_exceptions:q_py_value_except1,BuiltInFunction,next()
q_py_topic_exceptions:q_py_value_except1,BuiltInFunction,input()
q_py_topic_exceptions:q_py_value_except1,BuiltInFunction,max()
q_py_topic_exceptions:q_py_value_except1,BuiltInFunction,float()
q_py_topic_exceptions:q_py_value_except1,BuiltInFunction,set()
q_py_topic_exceptions:q_py_value_except1,BuiltInFunction,open()
q_py_topic_exceptions:q_py_value_except1,BuiltInFunction,range()
q_py_topic_exceptions:q_py_value_except1,BuiltInFunction,tuple()
q_py_topic_exceptions:q_py_value_except1,BuiltInFunction,abs()
q_py_topic_exceptions:q_py_value_except1,BuiltInFunction,round()
q_py_topic_exceptions:q_py_value_except1,BuiltInFunction,len()
q_py_topic_exceptions:q_py_value_except1,BuiltInFunction,min()
q_py_topic_file_processing:q_py_file1,Literal,BooleanLiteral
q_py_topic_file_processing:q_py_file1,Literal,NoneLiteral
q_py_topic_file_processing:q_py_file1,NumericLiteral,FloatLiteral
q_py_topic_file_processing:q_py_file1,ClassMethod,__init()__
q_py_topic_file_processing:q_py_file1,FileMethod,readline()
q_py_topic_file_processing:q_py_file1,Statement,ExpressionStatement
q_py_topic_functions:q_py_fun_car1,ClassMethod,__init()__
q_py_topic_functions:q_py_fun_car2,ClassMethod,__init()__
q_py_topic_functions:q_py_fun_car2,MembershipOperator,in
q_py_topic_functions:q_py_fun_car2,LogicalOperator,and
q_py_topic_functions:q_py_fun_car2,LogicalOperator,or
q_py_topic_functions:q_py_fun_car2,LogicalOperator,not
q_py_topic_functions:q_py_fun_car2,ArtithmeticOperator,//
q_py_topic_functions:q_py_fun_car2,ArtithmeticOperator,/
q_py_topic_functions:q_py_fun_car2,ArtithmeticOperator,**
q_py_topic_functions:q_py_fun_car2,ArtithmeticOperator,Modulus
q_py_topic_functions:q_py_fun_car2,ArtithmeticOperator,*
q_py_topic_functions:q_py_fun_car2,Statement,ExpressionStatement
q_py_topic_functions:q_py_fun_car2,ConditionalStatement,IfElifElseStatement
q_py_topic_functions:q_py_fun_car2,ConditionalStatement,IfElifStatement
q_py_topic_functions:q_py_fun_car2,ImportStatement,Import
q_py_topic_functions:q_py_fun_car2,ImportStatement,ImportFrom
q_py_topic_functions:q_py_fun_car2,JumpStatement,PassStatement
q_py_topic_functions:q_py_fun_car2,JumpStatement,BreakStatement
q_py_topic_functions:q_py_fun_car2,JumpStatement,ContinueStatement
q_py_topic_functions:q_py_fun_car2,JumpStatement,ReturnStatement
q_py_topic_functions:q_py_fun_car2,IterationStatement,ForStatement
q_py_topic_functions:q_py_fun_car2,IterationStatement,WhileStatement
q_py_topic_functions:q_py_fun_car2,ExceptionHandlingStatement,TryStatement
q_py_topic_functions:q_py_fun_car2,ExceptionHandlingStatement,RaiseStatement
q_py_topic_functions:q_py_fun_car2,ExceptionHandlingStatement,AssertStatement
q_py_topic_functions:q_py_fun_car2,AssignmentStatement,AugmentedAssignmentStatement
q_py_topic_functions:q_py_fun_car2,DefinitionStatement,ClassDefinition
q_py_topic_functions:q_py_fun_car2,BuiltInFunction,dict()
q_py_topic_functions:q_py_fun_car2,BuiltInFunction,str()
q_py_topic_functions:q_py_fun_car2,BuiltInFunction,next()
q_py_topic_functions:q_py_fun_car2,BuiltInFunction,input()
q_py_topic_functions:q_py_fun_car2,BuiltInFunction,int()
q_py_topic_functions:q_py_fun_car2,BuiltInFunction,max()
q_py_topic_functions:q_py_fun_car2,BuiltInFunction,float()
q_py_topic_functions:q_py_fun_car2,BuiltInFunction,set()
q_py_topic_functions:q_py_fun_car2,BuiltInFunction,open()
q_py_topic_functions:q_py_fun_car2,BuiltInFunction,range()
q_py_topic_functions:q_py_fun_car2,BuiltInFunction,tuple()
q_py_topic_functions:q_py_fun_car2,BuiltInFunction,abs()
q_py_topic_functions:q_py_fun_car2,BuiltInFunction,round()
q_py_topic_functions:q_py_fun_car2,BuiltInFunction,len()
q_py_topic_functions:q_py_fun_car2,BuiltInFunction,list()
q_py_topic_if_statement:q_py_if_elif1,ArtithmeticOperator,//
q_py_topic_if_statement:q_py_if_elif1,ArtithmeticOperator,+
q_py_topic_if_statement:q_py_if_elif1,ArtithmeticOperator,/
q_py_topic_if_statement:q_py_if_elif1,ArtithmeticOperator,**
q_py_topic_if_statement:q_py_if_elif1,ArtithmeticOperator,*
q_py_topic_if_statement:q_py_if_elif1,ConditionalStatement,IfStatement
q_py_topic_if_statement:q_py_if_elif1,ConditionalStatement,IfElseStatement
q_py_topic_if_statement:q_py_if_elif1,ConditionalStatement,IfElifStatement
q_py_topic_if_statement:q_py_if_elif1,BuiltInFunction,dict()
q_py_topic_if_statement:q_py_if_elif1,BuiltInFunction,str()
q_py_topic_if_statement:q_py_if_elif1,BuiltInFunction,next()
q_py_topic_if_statement:q_py_if_elif1,BuiltInFunction,input()
q_py_topic_if_statement:q_py_if_elif1,BuiltInFunction,int()
q_py_topic_if_statement:q_py_if_elif1,BuiltInFunction,max()
q_py_topic_if_statement:q_py_if_elif1,BuiltInFunction,float()
q_py_topic_if_statement:q_py_if_elif1,BuiltInFunction,set()
q_py_topic_if_statement:q_py_if_elif1,BuiltInFunction,open()
q_py_topic_if_statement:q_py_if_elif1,BuiltInFunction,range()
q_py_topic_if_statement:q_py_if_elif1,BuiltInFunction,tuple()
q_py_topic_if_statement:q_py_if_elif1,BuiltInFunction,abs()
q_py_topic_if_statement:q_py_if_elif1,BuiltInFunction,round()
q_py_topic_if_statement:q_py_if_elif1,BuiltInFunction,len()
q_py_topic_if_statement:q_py_if_elif1,BuiltInFunction,min()
q_py_topic_if_statement:q_py_if_elif1,BuiltInFunction,list()
q_py_topic_if_statement:q_py_nested_if1,ClassMethod,__init()__
q_py_topic_if_statement:q_py_nested_if1,ImportStatement,Import
q_py_topic_if_statement:q_py_nested_if1,ImportStatement,ImportFrom
q_py_topic_if_statement:q_py_nested_if1,JumpStatement,PassStatement
q_py_topic_if_statement:q_py_nested_if1,JumpStatement,BreakStatement
q_py_topic_if_statement:q_py_nested_if1,JumpStatement,ContinueStatement
q_py_topic_if_statement:q_py_nested_if1,JumpStatement,ReturnStatement
q_py_topic_if_statement:q_py_nested_if1,IterationStatement,ForStatement
q_py_topic_if_statement:q_py_nested_if1,IterationStatement,WhileStatement
q_py_topic_if_statement:q_py_nested_if1,ExceptionHandlingStatement,TryStatement
q_py_topic_if_statement:q_py_nested_if1,ExceptionHandlingStatement,RaiseStatement
q_py_topic_if_statement:q_py_nested_if1,ExceptionHandlingStatement,AssertStatement
q_py_topic_if_statement:q_py_nested_if_elif1,ClassMethod,__init()__
q_py_topic_lists:q_py_add_two_lists1,ClassMethod,__init()__
q_py_topic_lists:q_py_add_two_lists1,ExceptionHandlingStatement,TryStatement
q_py_topic_lists:q_py_add_two_lists1,ExceptionHandlingStatement,RaiseStatement
q_py_topic_lists:q_py_add_two_lists1,ExceptionHandlingStatement,AssertStatement
q_py_topic_lists:q_py_list_access1,ClassMethod,__init()__
q_py_topic_lists:q_py_list_access2,ClassMethod,__init()__
q_py_topic_lists:q_py_list_access2,Statement,ExpressionStatement
q_py_topic_lists:q_py_list_access2,IterationStatement,WhileStatement
q_py_topic_lists:q_py_list_access2,AssignmentStatement,AugmentedAssignmentStatement
q_py_topic_lists:q_py_list_access2,BuiltInFunction,dict()
q_py_topic_lists:q_py_list_access2,BuiltInFunction,str()
q_py_topic_lists:q_py_list_access2,BuiltInFunction,next()
q_py_topic_lists:q_py_list_access2,BuiltInFunction,input()
q_py_topic_lists:q_py_list_access2,BuiltInFunction,int()
q_py_topic_lists:q_py_list_access2,BuiltInFunction,max()
q_py_topic_lists:q_py_list_access2,BuiltInFunction,float()
q_py_topic_lists:q_py_list_access2,BuiltInFunction,set()
q_py_topic_lists:q_py_list_access2,BuiltInFunction,open()
q_py_topic_lists:q_py_list_access2,BuiltInFunction,tuple()
q_py_topic_lists:q_py_list_access2,BuiltInFunction,abs()
q_py_topic_lists:q_py_list_access2,BuiltInFunction,round()
q_py_topic_lists:q_py_list_access2,BuiltInFunction,min()
q_py_topic_lists:q_py_list_access2,BuiltInFunction,list()
q_py_topic_lists:q_py_list_append1,ClassMethod,__init()__
q_py_topic_lists:q_py_list_append1,LogicalOperator,and
q_py_topic_lists:q_py_list_append1,LogicalOperator,or
q_py_topic_lists:q_py_list_append1,LogicalOperator,not
q_py_topic_lists:q_py_list_append1,ArtithmeticOperator,//
q_py_topic_lists:q_py_list_append1,ArtithmeticOperator,-
q_py_topic_lists:q_py_list_append1,ArtithmeticOperator,/
q_py_topic_lists:q_py_list_append1,ArtithmeticOperator,**
q_py_topic_lists:q_py_list_append1,ArtithmeticOperator,Modulus
q_py_topic_lists:q_py_list_append1,ArtithmeticOperator,*
q_py_topic_lists:q_py_list_append1,ConditionalStatement,IfElifElseStatement
q_py_topic_lists:q_py_list_append1,ConditionalStatement,IfStatement
q_py_topic_lists:q_py_list_append1,ConditionalStatement,IfElseStatement
q_py_topic_lists:q_py_list_append1,ConditionalStatement,IfElifStatement
q_py_topic_lists:q_py_list_append1,ImportStatement,Import
q_py_topic_lists:q_py_list_append1,ImportStatement,ImportFrom
q_py_topic_lists:q_py_list_append1,JumpStatement,PassStatement
q_py_topic_lists:q_py_list_append1,JumpStatement,BreakStatement
q_py_topic_lists:q_py_list_append1,JumpStatement,ContinueStatement
q_py_topic_lists:q_py_list_append1,JumpStatement,ReturnStatement
q_py_topic_lists:q_py_list_append1,IterationStatement,WhileStatement
q_py_topic_lists:q_py_list_append1,ExceptionHandlingStatement,TryStatement
q_py_topic_lists:q_py_list_append1,ExceptionHandlingStatement,RaiseStatement
q_py_topic_lists:q_py_list_append1,ExceptionHandlingStatement,AssertStatement
q_py_topic_lists:q_py_list_append1,AssignmentStatement,AugmentedAssignmentStatement
q_py_topic_lists:q_py_list_append1,DefinitionStatement,FunctionDefinition
q_py_topic_lists:q_py_list_append1,DefinitionStatement,ClassDefinition
q_py_topic_lists:q_py_list_append1,BuiltInFunction,dict()
q_py_topic_lists:q_py_list_append1,BuiltInFunction,str()
q_py_topic_lists:q_py_list_append1,BuiltInFunction,next()
q_py_topic_lists:q_py_list_append1,BuiltInFunction,input()
q_py_topic_lists:q_py_list_append1,BuiltInFunction,int()
q_py_topic_lists:q_py_list_append1,BuiltInFunction,max()
q_py_topic_lists:q_py_list_append1,BuiltInFunction,float()
q_py_topic_lists:q_py_list_append1,BuiltInFunction,set()
q_py_topic_lists:q_py_list_append1,BuiltInFunction,open()
q_py_topic_lists:q_py_list_append1,BuiltInFunction,tuple()
q_py_topic_lists:q_py_list_append1,BuiltInFunction,abs()
q_py_topic_lists:q_py_list_append1,BuiltInFunction,round()
q_py_topic_lists:q_py_list_append1,BuiltInFunction,min()
q_py_topic_lists:q_py_list_append1,BuiltInFunction,print()
q_py_topic_lists:q_py_list_append1,BuiltInFunction,list()
q_py_topic_lists:q_py_list_remove1,ClassMethod,__init()__
q_py_topic_logical_operators:q_py_account_logic1,ClassMethod,__init()__
q_py_topic_logical_operators:q_py_comparison_logic1,ClassMethod,__init()__
q_py_topic_loops:q_py_for_loop1,ArithmeticExpression,BinaryOperation
q_py_topic_loops:q_py_for_loop1,ArithmeticExpression,UnaryOperation
q_py_topic_loops:q_py_for_loop1,LogicalExpression,ComparisonExpression
q_py_topic_loops:q_py_for_loop1,LogicalExpression,BooleanExpression
q_py_topic_loops:q_py_for_loop1,Literal,StringLiteral
q_py_topic_loops:q_py_for_loop1,Literal,BooleanLiteral
q_py_topic_loops:q_py_for_loop1,Literal,NoneLiteral
q_py_topic_loops:q_py_for_loop1,NumericLiteral,FloatLiteral
q_py_topic_loops:q_py_for_loop1,NumericLiteral,IntegerLiteral
q_py_topic_loops:q_py_for_loop1,LiteralCollection,TupleLiteral
q_py_topic_loops:q_py_for_loop1,LiteralCollection,SetLiteral
q_py_topic_loops:q_py_for_loop1,LiteralCollection,ListLiteral
q_py_topic_loops:q_py_for_loop1,LiteralCollection,DictLiteral
q_py_topic_loops:q_py_for_loop1,Error,TypeError
q_py_topic_loops:q_py_for_loop1,Error,OSError
q_py_topic_loops:q_py_for_loop1,Error,IndexError
q_py_topic_loops:q_py_for_loop1,Error,IOError
q_py_topic_loops:q_py_for_loop1,Error,FileNotFoundError
q_py_topic_loops:q_py_for_loop1,Error,ValueError
q_py_topic_loops:q_py_for_loop1,Error,AssertionError
q_py_topic_loops:q_py_for_loop1,StringMethod,split()
q_py_topic_loops:q_py_for_loop1,StringMethod,lower()
q_py_topic_loops:q_py_for_loop1,StringMethod,join()
q_py_topic_loops:q_py_for_loop1,StringMethod,format()
q_py_topic_loops:q_py_for_loop1,StringMethod,capitalize()
q_py_topic_loops:q_py_for_loop1,StringMethod,rstrip()
q_py_topic_loops:q_py_for_loop1,StringMethod,replace()
q_py_topic_loops:q_py_for_loop1,DictionaryMethod,values()
q_py_topic_loops:q_py_for_loop1,DictionaryMethod,keys()
q_py_topic_loops:q_py_for_loop1,DictionaryMethod,items()
q_py_topic_loops:q_py_for_loop1,DictionaryMethod,get()
q_py_topic_loops:q_py_for_loop1,ClassMethod,__init()__
q_py_topic_loops:q_py_for_loop1,ListMethod,reverse()
q_py_topic_loops:q_py_for_loop1,ListMethod,insert()
q_py_topic_loops:q_py_for_loop1,ListMethod,remove()
q_py_topic_loops:q_py_for_loop1,ListMethod,append()
q_py_topic_loops:q_py_for_loop1,ListMethod,pop()
q_py_topic_loops:q_py_for_loop1,FileMethod,readline()
q_py_topic_loops:q_py_for_loop1,FileMethod,close()
q_py_topic_loops:q_py_for_loop1,FileMethod,read()
q_py_topic_loops:q_py_for_loop1,Operator,=
q_py_topic_loops:q_py_for_loop1,ComparisonOperator,LessOrEqual
q_py_topic_loops:q_py_for_loop1,ComparisonOperator,Less
q_py_topic_loops:q_py_for_loop1,ComparisonOperator,Larger
q_py_topic_loops:q_py_for_loop1,ComparisonOperator,LargerOrEqual
q_py_topic_loops:q_py_for_loop1,ComparisonOperator,==
q_py_topic_loops:q_py_for_loop1,ComparisonOperator,NotEqual
q_py_topic_loops:q_py_for_loop1,IterationStatement,WhileStatement
q_py_topic_loops:q_py_nested_while1,NumericLiteral,FloatLiteral
q_py_topic_loops:q_py_nested_while1,NumericLiteral,IntegerLiteral
q_py_topic_loops:q_py_nested_while1,LiteralCollection,TupleLiteral
q_py_topic_loops:q_py_nested_while1,LiteralCollection,SetLiteral
q_py_topic_loops:q_py_nested_while1,LiteralCollection,DictLiteral
q_py_topic_loops:q_py_nested_while1,ClassMethod,__init()__
q_py_topic_loops:q_py_nested_while1,ComparisonOperator,LessOrEqual
q_py_topic_loops:q_py_nested_while1,ComparisonOperator,Larger
q_py_topic_loops:q_py_nested_while1,ComparisonOperator,LargerOrEqual
q_py_topic_loops:q_py_nested_while1,ComparisonOperator,==
q_py_topic_loops:q_py_nested_while1,ComparisonOperator,NotEqual
q_py_topic_loops:q_py_nested_while1,ArtithmeticOperator,//
q_py_topic_loops:q_py_nested_while1,ArtithmeticOperator,-
q_py_topic_loops:q_py_nested_while1,ArtithmeticOperator,/
q_py_topic_loops:q_py_nested_while1,ArtithmeticOperator,**
q_py_topic_loops:q_py_nested_while1,ArtithmeticOperator,Modulus
q_py_topic_loops:q_py_nested_while1,ArtithmeticOperator,*
q_py_topic_loops:q_py_nested_while1,IterationStatement,ForStatement
q_py_topic_loops:q_py_while_loop1,ClassMethod,__init()__
q_py_topic_loops:q_py_while_loop1,IterationStatement,ForStatement
q_py_topic_loops:q_py_while_loop2,ClassMethod,__init()__
q_py_topic_loops:q_py_while_loop2,IterationStatement,ForStatement
q_py_topic_loops:q_py_while_loop2,BuiltInFunction,open()
q_py_topic_loops:q_py_while_loop2,BuiltInFunction,tuple()
q_py_topic_loops:q_py_while_loop2,BuiltInFunction,abs()
q_py_topic_loops:q_py_while_loop2,BuiltInFunction,round()
q_py_topic_output_formatting:q_py_output1,ClassMethod,__init()__
q_py_topic_output_formatting:q_py_output1,LogicalOperator,or
q_py_topic_output_formatting:q_py_output1,BuiltInFunction,dict()
q_py_topic_output_formatting:q_py_output1,BuiltInFunction,next()
q_py_topic_output_formatting:q_py_output1,BuiltInFunction,input()
q_py_topic_output_formatting:q_py_output1,BuiltInFunction,int()
q_py_topic_output_formatting:q_py_output1,BuiltInFunction,max()
q_py_topic_output_formatting:q_py_output1,BuiltInFunction,float()
q_py_topic_output_formatting:q_py_output1,BuiltInFunction,set()
q_py_topic_output_formatting:q_py_output1,BuiltInFunction,open()
q_py_topic_output_formatting:q_py_output1,BuiltInFunction,range()
q_py_topic_output_formatting:q_py_output1,BuiltInFunction,tuple()
q_py_topic_output_formatting:q_py_output1,BuiltInFunction,abs()
q_py_topic_output_formatting:q_py_output1,BuiltInFunction,round()
q_py_topic_output_formatting:q_py_output1,BuiltInFunction,len()
q_py_topic_output_formatting:q_py_output1,BuiltInFunction,min()
q_py_topic_output_formatting:q_py_output1,BuiltInFunction,list()
q_py_topic_output_formatting:q_py_output2,ClassMethod,__init()__
q_py_topic_output_formatting:q_py_output2,LogicalOperator,or
q_py_topic_output_formatting:q_py_output2,LogicalOperator,not
q_py_topic_output_formatting:q_py_output2,ArtithmeticOperator,//
q_py_topic_output_formatting:q_py_output2,ArtithmeticOperator,-
q_py_topic_output_formatting:q_py_output2,ArtithmeticOperator,+
q_py_topic_output_formatting:q_py_output2,ArtithmeticOperator,/
q_py_topic_output_formatting:q_py_output2,ArtithmeticOperator,**
q_py_topic_output_formatting:q_py_output2,ArtithmeticOperator,Modulus
q_py_topic_output_formatting:q_py_output2,ArtithmeticOperator,*
q_py_topic_output_formatting:q_py_output2,ConditionalStatement,IfElifElseStatement
q_py_topic_output_formatting:q_py_output2,ConditionalStatement,IfElseStatement
q_py_topic_output_formatting:q_py_output2,ConditionalStatement,IfElifStatement
q_py_topic_output_formatting:q_py_output2,ImportStatement,ImportFrom
q_py_topic_output_formatting:q_py_output2,JumpStatement,PassStatement
q_py_topic_output_formatting:q_py_output2,JumpStatement,BreakStatement
q_py_topic_output_formatting:q_py_output2,JumpStatement,ContinueStatement
q_py_topic_output_formatting:q_py_output2,IterationStatement,WhileStatement
q_py_topic_output_formatting:q_py_output2,ExceptionHandlingStatement,RaiseStatement
q_py_topic_output_formatting:q_py_output2,ExceptionHandlingStatement,AssertStatement
q_py_topic_output_formatting:q_py_output2,AssignmentStatement,AugmentedAssignmentStatement
q_py_topic_output_formatting:q_py_output2,DefinitionStatement,ClassDefinition
q_py_topic_output_formatting:q_py_output2,BuiltInFunction,dict()
q_py_topic_output_formatting:q_py_output2,BuiltInFunction,next()
q_py_topic_output_formatting:q_py_output2,BuiltInFunction,input()
q_py_topic_output_formatting:q_py_output2,BuiltInFunction,int()
q_py_topic_output_formatting:q_py_output2,BuiltInFunction,max()
q_py_topic_output_formatting:q_py_output2,BuiltInFunction,float()
q_py_topic_output_formatting:q_py_output2,BuiltInFunction,set()
q_py_topic_output_formatting:q_py_output2,BuiltInFunction,open()
q_py_topic_output_formatting:q_py_output2,BuiltInFunction,range()
q_py_topic_output_formatting:q_py_output2,BuiltInFunction,tuple()
q_py_topic_output_formatting:q_py_output2,BuiltInFunction,abs()
q_py_topic_output_formatting:q_py_output2,BuiltInFunction,round()
q_py_topic_output_formatting:q_py_output2,BuiltInFunction,len()
q_py_topic_output_formatting:q_py_output2,BuiltInFunction,min()
q_py_topic_output_formatting:q_py_output2,BuiltInFunction,list()
q_py_topic_output_formatting:q_py_output3,SubscriptExpression,IndexingExpression
q_py_topic_output_formatting:q_py_output3,SubscriptExpression,SlicingExpression
q_py_topic_output_formatting:q_py_output3,Call,FunctionCall
q_py_topic_output_formatting:q_py_output3,LogicalExpression,ComparisonExpression
q_py_topic_output_formatting:q_py_output3,LogicalExpression,BooleanExpression
q_py_topic_output_formatting:q_py_output3,Literal,StringLiteral
q_py_topic_output_formatting:q_py_output3,Literal,BooleanLiteral
q_py_topic_output_formatting:q_py_output3,Literal,NoneLiteral
q_py_topic_output_formatting:q_py_output3,NumericLiteral,FloatLiteral
q_py_topic_output_formatting:q_py_output3,NumericLiteral,IntegerLiteral
q_py_topic_output_formatting:q_py_output3,LiteralCollection,TupleLiteral
q_py_topic_output_formatting:q_py_output3,LiteralCollection,SetLiteral
q_py_topic_output_formatting:q_py_output3,LiteralCollection,ListLiteral
q_py_topic_output_formatting:q_py_output3,LiteralCollection,DictLiteral
q_py_topic_output_formatting:q_py_output3,Error,TypeError
q_py_topic_output_formatting:q_py_output3,Error,OSError
q_py_topic_output_formatting:q_py_output3,Error,IndexError
q_py_topic_output_formatting:q_py_output3,Error,IOError
q_py_topic_output_formatting:q_py_output3,Error,FileNotFoundError
q_py_topic_output_formatting:q_py_output3,Error,ValueError
q_py_topic_output_formatting:q_py_output3,Error,AssertionError
q_py_topic_output_formatting:q_py_output3,StringMethod,split()
q_py_topic_output_formatting:q_py_output3,StringMethod,lower()
q_py_topic_output_formatting:q_py_output3,StringMethod,join()
q_py_topic_output_formatting:q_py_output3,StringMethod,format()
q_py_topic_output_formatting:q_py_output3,StringMethod,capitalize()
q_py_topic_output_formatting:q_py_output3,StringMethod,rstrip()
q_py_topic_output_formatting:q_py_output3,StringMethod,replace()
q_py_topic_output_formatting:q_py_output3,DictionaryMethod,values()
q_py_topic_output_formatting:q_py_output3,DictionaryMethod,keys()
q_py_topic_output_formatting:q_py_output3,DictionaryMethod,items()
q_py_topic_output_formatting:q_py_output3,DictionaryMethod,get()
q_py_topic_output_formatting:q_py_output3,ClassMethod,__init()__
q_py_topic_output_formatting:q_py_output3,ListMethod,reverse()
q_py_topic_output_formatting:q_py_output3,ListMethod,insert()
q_py_topic_output_formatting:q_py_output3,ListMethod,remove()
q_py_topic_output_formatting:q_py_output3,ListMethod,append()
q_py_topic_output_formatting:q_py_output3,ListMethod,pop()
q_py_topic_output_formatting:q_py_output3,FileMethod,readline()
q_py_topic_output_formatting:q_py_output3,FileMethod,close()
q_py_topic_output_formatting:q_py_output3,FileMethod,read()
q_py_topic_output_formatting:q_py_output3,Operator,=
q_py_topic_output_formatting:q_py_output3,ComparisonOperator,LessOrEqual
q_py_topic_output_formatting:q_py_output3,ComparisonOperator,Less
q_py_topic_output_formatting:q_py_output3,ComparisonOperator,Larger
q_py_topic_output_formatting:q_py_output3,ComparisonOperator,LargerOrEqual
q_py_topic_output_formatting:q_py_output3,ComparisonOperator,==
q_py_topic_output_formatting:q_py_output3,ComparisonOperator,NotEqual
q_py_topic_output_formatting:q_py_output3,MembershipOperator,in
q_py_topic_output_formatting:q_py_output3,LogicalOperator,and
q_py_topic_output_formatting:q_py_output3,LogicalOperator,or
q_py_topic_output_formatting:q_py_output3,LogicalOperator,not
q_py_topic_output_formatting:q_py_output3,ArtithmeticOperator,//
q_py_topic_output_formatting:q_py_output3,ArtithmeticOperator,/
q_py_topic_output_formatting:q_py_output3,ArtithmeticOperator,**
q_py_topic_output_formatting:q_py_output3,ArtithmeticOperator,Modulus
q_py_topic_output_formatting:q_py_output3,ConditionalStatement,IfElifElseStatement
q_py_topic_output_formatting:q_py_output3,ConditionalStatement,IfElseStatement
q_py_topic_output_formatting:q_py_output3,ConditionalStatement,IfElifStatement
q_py_topic_output_formatting:q_py_output3,ImportStatement,ImportFrom
q_py_topic_output_formatting:q_py_output3,JumpStatement,PassStatement
q_py_topic_output_formatting:q_py_output3,JumpStatement,BreakStatement
q_py_topic_output_formatting:q_py_output3,JumpStatement,ContinueStatement
q_py_topic_output_formatting:q_py_output3,IterationStatement,WhileStatement
q_py_topic_output_formatting:q_py_output3,ExceptionHandlingStatement,TryStatement
q_py_topic_output_formatting:q_py_output3,ExceptionHandlingStatement,RaiseStatement
q_py_topic_output_formatting:q_py_output3,ExceptionHandlingStatement,AssertStatement
q_py_topic_output_formatting:q_py_output3,AssignmentStatement,AugmentedAssignmentStatement
q_py_topic_output_formatting:q_py_output3,DefinitionStatement,ClassDefinition
q_py_topic_output_formatting:q_py_output3,BuiltInFunction,dict()
q_py_topic_output_formatting:q_py_output3,BuiltInFunction,next()
q_py_topic_output_formatting:q_py_output3,BuiltInFunction,input()
q_py_topic_output_formatting:q_py_output3,BuiltInFunction,int()
q_py_topic_output_formatting:q_py_output3,BuiltInFunction,max()
q_py_topic_output_formatting:q_py_output3,BuiltInFunction,float()
q_py_topic_output_formatting:q_py_output3,BuiltInFunction,set()
q_py_topic_output_formatting:q_py_output3,BuiltInFunction,open()
q_py_topic_output_formatting:q_py_output3,BuiltInFunction,range()
q_py_topic_output_formatting:q_py_output3,BuiltInFunction,tuple()
q_py_topic_output_formatting:q_py_output3,BuiltInFunction,abs()
q_py_topic_output_formatting:q_py_output3,BuiltInFunction,round()
q_py_topic_output_formatting:q_py_output3,BuiltInFunction,len()
q_py_topic_output_formatting:q_py_output3,BuiltInFunction,min()
q_py_topic_output_formatting:q_py_output3,BuiltInFunction,list()
q_py_topic_output_formatting:q_py_output4,Error,AssertionError
q_py_topic_output_formatting:q_py_output4,ClassMethod,__init()__
q_py_topic_output_formatting:q_py_output4,LogicalOperator,or
q_py_topic_output_formatting:q_py_output4,LogicalOperator,not
q_py_topic_output_formatting:q_py_output4,ArtithmeticOperator,//
q_py_topic_output_formatting:q_py_output4,ArtithmeticOperator,-
q_py_topic_output_formatting:q_py_output4,ArtithmeticOperator,+
q_py_topic_output_formatting:q_py_output4,ArtithmeticOperator,/
q_py_topic_output_formatting:q_py_output4,ArtithmeticOperator,**
q_py_topic_output_formatting:q_py_output4,ArtithmeticOperator,Modulus
q_py_topic_output_formatting:q_py_output4,ArtithmeticOperator,*
q_py_topic_output_formatting:q_py_output4,ConditionalStatement,IfElifElseStatement
q_py_topic_output_formatting:q_py_output4,ConditionalStatement,IfElseStatement
q_py_topic_output_formatting:q_py_output4,ConditionalStatement,IfElifStatement
q_py_topic_output_formatting:q_py_output4,ImportStatement,Import
q_py_topic_output_formatting:q_py_output4,ImportStatement,ImportFrom
q_py_topic_output_formatting:q_py_output4,JumpStatement,PassStatement
q_py_topic_output_formatting:q_py_output4,JumpStatement,BreakStatement
q_py_topic_output_formatting:q_py_output4,JumpStatement,ContinueStatement
q_py_topic_output_formatting:q_py_output4,JumpStatement,ReturnStatement
q_py_topic_output_formatting:q_py_output4,IterationStatement,WhileStatement
q_py_topic_output_formatting:q_py_output4,ExceptionHandlingStatement,RaiseStatement
q_py_topic_output_formatting:q_py_output4,ExceptionHandlingStatement,AssertStatement
q_py_topic_output_formatting:q_py_output4,AssignmentStatement,AugmentedAssignmentStatement
q_py_topic_output_formatting:q_py_output4,DefinitionStatement,ClassDefinition
q_py_topic_output_formatting:q_py_output4,BuiltInFunction,dict()
q_py_topic_output_formatting:q_py_output4,BuiltInFunction,next()
q_py_topic_output_formatting:q_py_output4,BuiltInFunction,input()
q_py_topic_output_formatting:q_py_output4,BuiltInFunction,int()
q_py_topic_output_formatting:q_py_output4,BuiltInFunction,max()
q_py_topic_output_formatting:q_py_output4,BuiltInFunction,float()
q_py_topic_output_formatting:q_py_output4,BuiltInFunction,set()
q_py_topic_output_formatting:q_py_output4,BuiltInFunction,open()
q_py_topic_output_formatting:q_py_output4,BuiltInFunction,range()
q_py_topic_output_formatting:q_py_output4,BuiltInFunction,tuple()
q_py_topic_output_formatting:q_py_output4,BuiltInFunction,abs()
q_py_topic_output_formatting:q_py_output4,BuiltInFunction,round()
q_py_topic_output_formatting:q_py_output4,BuiltInFunction,len()
q_py_topic_output_formatting:q_py_output4,BuiltInFunction,min()
q_py_topic_output_formatting:q_py_output4,BuiltInFunction,list()
q_py_topic_references:q_py_int_ref1,Literal,NoneLiteral
q_py_topic_references:q_py_int_ref1,NumericLiteral,FloatLiteral
q_py_topic_references:q_py_int_ref1,NumericLiteral,IntegerLiteral
q_py_topic_references:q_py_int_ref1,ClassMethod,__init()__
q_py_topic_references:q_py_int_ref1,AssignmentStatement,AugmentedAssignmentStatement
q_py_topic_references:q_py_int_ref1,DefinitionStatement,ClassDefinition
q_py_topic_references:q_py_int_ref1,BuiltInFunction,dict()
q_py_topic_references:q_py_int_ref1,BuiltInFunction,str()
q_py_topic_references:q_py_int_ref1,BuiltInFunction,next()
q_py_topic_references:q_py_int_ref1,BuiltInFunction,input()
q_py_topic_references:q_py_int_ref1,BuiltInFunction,int()
q_py_topic_references:q_py_int_ref1,BuiltInFunction,max()
q_py_topic_references:q_py_int_ref1,BuiltInFunction,float()
q_py_topic_references:q_py_int_ref1,BuiltInFunction,set()
q_py_topic_references:q_py_int_ref1,BuiltInFunction,open()
q_py_topic_references:q_py_int_ref1,BuiltInFunction,range()
q_py_topic_references:q_py_int_ref1,BuiltInFunction,tuple()
q_py_topic_references:q_py_int_ref1,BuiltInFunction,abs()
q_py_topic_references:q_py_int_ref1,BuiltInFunction,round()
q_py_topic_references:q_py_int_ref1,BuiltInFunction,len()
q_py_topic_references:q_py_int_ref1,BuiltInFunction,min()
q_py_topic_references:q_py_int_ref1,BuiltInFunction,list()
q_py_topic_references:q_py_list_int_ref1,ClassMethod,__init()__
q_py_topic_references:q_py_list_int_ref1,LogicalOperator,and
q_py_topic_references:q_py_list_int_ref1,LogicalOperator,or
q_py_topic_references:q_py_list_int_ref1,LogicalOperator,not
q_py_topic_references:q_py_list_int_ref1,Statement,ExpressionStatement
q_py_topic_references:q_py_list_int_ref1,ConditionalStatement,IfElifElseStatement
q_py_topic_references:q_py_list_int_ref1,ConditionalStatement,IfElseStatement
q_py_topic_references:q_py_list_int_ref1,ConditionalStatement,IfElifStatement
q_py_topic_references:q_py_list_int_ref1,AssignmentStatement,AugmentedAssignmentStatement
q_py_topic_references:q_py_list_int_ref1,DefinitionStatement,ClassDefinition
q_py_topic_references:q_py_list_int_ref1,BuiltInFunction,dict()
q_py_topic_references:q_py_list_int_ref1,BuiltInFunction,str()
q_py_topic_references:q_py_list_int_ref1,BuiltInFunction,next()
q_py_topic_references:q_py_list_int_ref1,BuiltInFunction,input()
q_py_topic_references:q_py_list_int_ref1,BuiltInFunction,int()
q_py_topic_references:q_py_list_int_ref1,BuiltInFunction,max()
q_py_topic_references:q_py_list_int_ref1,BuiltInFunction,float()
q_py_topic_references:q_py_list_int_ref1,BuiltInFunction,set()
q_py_topic_references:q_py_list_int_ref1,BuiltInFunction,open()
q_py_topic_references:q_py_list_int_ref1,BuiltInFunction,range()
q_py_topic_references:q_py_list_int_ref1,BuiltInFunction,tuple()
q_py_topic_references:q_py_list_int_ref1,BuiltInFunction,abs()
q_py_topic_references:q_py_list_int_ref1,BuiltInFunction,round()
q_py_topic_references:q_py_list_int_ref1,BuiltInFunction,len()
q_py_topic_references:q_py_list_int_ref1,BuiltInFunction,min()
q_py_topic_references:q_py_list_str_ref1,SubscriptExpression,SlicingExpression
q_py_topic_references:q_py_list_str_ref1,NumericLiteral,FloatLiteral
q_py_topic_references:q_py_list_str_ref1,NumericLiteral,IntegerLiteral
q_py_topic_references:q_py_list_str_ref1,Error,OSError
q_py_topic_references:q_py_list_str_ref1,Error,IOError
q_py_topic_references:q_py_list_str_ref1,Error,FileNotFoundError
q_py_topic_references:q_py_list_str_ref1,Error,ValueError
q_py_topic_references:q_py_list_str_ref1,Error,AssertionError
q_py_topic_references:q_py_list_str_ref1,ClassMethod,__init()__
q_py_topic_references:q_py_list_str_ref1,ComparisonOperator,LessOrEqual
q_py_topic_references:q_py_list_str_ref1,ComparisonOperator,Less
q_py_topic_references:q_py_list_str_ref1,ComparisonOperator,Larger
q_py_topic_references:q_py_list_str_ref1,ComparisonOperator,LargerOrEqual
q_py_topic_references:q_py_list_str_ref1,ComparisonOperator,NotEqual
q_py_topic_references:q_py_str_ref1,ClassMethod,__init()__
q_py_topic_references:q_py_str_ref1,AssignmentStatement,AugmentedAssignmentStatement
q_py_topic_references:q_py_str_ref1,DefinitionStatement,ClassDefinition
q_py_topic_references:q_py_str_ref1,BuiltInFunction,dict()
q_py_topic_references:q_py_str_ref1,BuiltInFunction,next()
q_py_topic_references:q_py_str_ref1,BuiltInFunction,input()
q_py_topic_references:q_py_str_ref1,BuiltInFunction,int()
q_py_topic_references:q_py_str_ref1,BuiltInFunction,max()
q_py_topic_references:q_py_str_ref1,BuiltInFunction,float()
q_py_topic_references:q_py_str_ref1,BuiltInFunction,set()
q_py_topic_references:q_py_str_ref1,BuiltInFunction,open()
q_py_topic_references:q_py_str_ref1,BuiltInFunction,range()
q_py_topic_references:q_py_str_ref1,BuiltInFunction,tuple()
q_py_topic_references:q_py_str_ref1,BuiltInFunction,abs()
q_py_topic_references:q_py_str_ref1,BuiltInFunction,round()
q_py_topic_references:q_py_str_ref1,BuiltInFunction,len()
q_py_topic_references:q_py_str_ref1,BuiltInFunction,min()
q_py_topic_references:q_py_str_ref1,BuiltInFunction,list()
ae_adl_objects3,ClassMethod,__init()__
ae_adl_objects3,Statement,ExpressionStatement
ae_adl_objects3,ImportStatement,Import
ae_adl_objects3,ImportStatement,ImportFrom
ae_adl_objects3,BuiltInFunction,str()
ae_adl_objects3,BuiltInFunction,next()
ae_adl_objects3,BuiltInFunction,input()
ae_adl_objects3,BuiltInFunction,max()
ae_adl_objects3,BuiltInFunction,float()
ae_adl_objects3,BuiltInFunction,set()
ae_adl_objects3,BuiltInFunction,open()
ae_adl_objects3,BuiltInFunction,range()
ae_adl_objects3,BuiltInFunction,tuple()
ae_adl_objects3,BuiltInFunction,abs()
ae_adl_objects3,BuiltInFunction,round()
ae_adl_objects3,BuiltInFunction,len()
ae_adl_objects3,BuiltInFunction,min()
ae_adl_objects3,BuiltInFunction,list()
ae_python_intro,ClassMethod,__init()__
ae_python_intro,AssignmentStatement,AugmentedAssignmentStatement
ae_python_intro,BuiltInFunction,dict()
ae_python_intro,BuiltInFunction,str()
ae_python_intro,BuiltInFunction,next()
ae_python_intro,BuiltInFunction,input()
ae_python_intro,BuiltInFunction,max()
ae_python_intro,BuiltInFunction,set()
ae_python_intro,BuiltInFunction,open()
ae_python_intro,BuiltInFunction,range()
ae_python_intro,BuiltInFunction,tuple()
ae_python_intro,BuiltInFunction,abs()
ae_python_intro,BuiltInFunction,round()
ae_python_intro,BuiltInFunction,len()
ae_python_intro,BuiltInFunction,min()
ae_python_intro,BuiltInFunction,list()
ae_python_assignment,ClassMethod,__init()__
ae_python_for,ConditionalStatement,IfElifElseStatement
ae_python_for,ConditionalStatement,IfElseStatement
ae_python_for,ConditionalStatement,IfElifStatement
ae_python_for,IterationStatement,WhileStatement
ae_python_for,BuiltInFunction,dict()
ae_python_for,BuiltInFunction,str()
ae_python_for,BuiltInFunction,next()
ae_python_for,BuiltInFunction,input()
ae_python_for,BuiltInFunction,int()
ae_python_for,BuiltInFunction,max()
ae_python_for,BuiltInFunction,float()
ae_python_for,BuiltInFunction,set()
ae_python_for,BuiltInFunction,open()
ae_python_for,BuiltInFunction,tuple()
ae_python_for,BuiltInFunction,abs()
ae_python_for,BuiltInFunction,round()
ae_python_for,BuiltInFunction,len()
ae_python_for,BuiltInFunction,min()
ae_python_for,BuiltInFunction,list()
ae_python_function,ClassMethod,__init()__
ae_python_function,ImportStatement,ImportFrom
ae_python_function,ExceptionHandlingStatement,RaiseStatement
ae_python_function,ExceptionHandlingStatement,AssertStatement
ae_python_function,BuiltInFunction,dict()
ae_python_function,BuiltInFunction,str()
ae_python_list,ClassMethod,__init()__
ae_python_list,LogicalOperator,and
ae_python_list,LogicalOperator,or
ae_python_list,LogicalOperator,not
ae_python_list,Statement,ExpressionStatement
ae_python_list,ConditionalStatement,IfElifElseStatement
ae_python_list,ConditionalStatement,IfElifStatement
ae_python_list,IterationStatement,WhileStatement
ae_python_list,DefinitionStatement,ClassDefinition
ae_python_list,BuiltInFunction,dict()
ae_python_list,BuiltInFunction,str()
ae_python_list,BuiltInFunction,next()
ae_python_list,BuiltInFunction,input()
ae_python_list,BuiltInFunction,int()
ae_python_list,BuiltInFunction,max()
ae_python_list,BuiltInFunction,float()
ae_python_list,BuiltInFunction,set()
ae_python_list,BuiltInFunction,open()
ae_python_list,BuiltInFunction,range()
ae_python_list,BuiltInFunction,tuple()
ae_python_list,BuiltInFunction,abs()
ae_python_list,BuiltInFunction,round()
ae_python_list,BuiltInFunction,min()
ae_python_split,ClassMethod,__init()__
ae_python_file,ClassMethod,__init()__
ae_python_file,Statement,ExpressionStatement
ae_python_file,DefinitionStatement,ClassDefinition
ae_python_file,BuiltInFunction,dict()
ae_python_class1,ClassMethod,__init()__
ae_python_class1,AssignmentStatement,AugmentedAssignmentStatement
ae_python_class2,ClassMethod,__init()__
ae_python_class2,ArtithmeticOperator,/
ae_python_class2,ArtithmeticOperator,*
ae_python_class2,Statement,ExpressionStatement
ae_python_class2,ConditionalStatement,IfElifElseStatement
ae_python_class2,ConditionalStatement,IfElseStatement
ae_python_class2,ConditionalStatement,IfElifStatement
ae_python_class2,ImportStatement,Import
ae_python_class2,ImportStatement,ImportFrom
ae_python_class2,BuiltInFunction,dict()
ae_adl_vals_refs1,DefinitionStatement,ClassDefinition
ae_adl_vals_refs1,BuiltInFunction,dict()
ae_adl_vals_refs1,BuiltInFunction,str()
ae_adl_vals_refs1,BuiltInFunction,next()
ae_adl_vals_refs1,BuiltInFunction,input()
ae_adl_vals_refs1,BuiltInFunction,int()
ae_adl_vals_refs1,BuiltInFunction,max()
ae_adl_vals_refs1,BuiltInFunction,float()
ae_adl_vals_refs1,BuiltInFunction,set()
ae_adl_vals_refs1,BuiltInFunction,open()
ae_adl_vals_refs1,BuiltInFunction,range()
ae_adl_vals_refs1,BuiltInFunction,tuple()
ae_adl_vals_refs1,BuiltInFunction,abs()
ae_adl_vals_refs1,BuiltInFunction,round()
ae_adl_vals_refs1,BuiltInFunction,len()
ae_adl_vals_refs1,BuiltInFunction,min()
ae_adl_vals_refs1,BuiltInFunction,list()
ae_adl_vals_refs2,ClassMethod,__init()__
ae_adl_vals_refs2,DefinitionStatement,ClassDefinition
ae_adl_vals_refs2,BuiltInFunction,dict()
ae_adl_vals_refs2,BuiltInFunction,str()
ae_adl_vals_refs2,BuiltInFunction,next()
ae_adl_vals_refs2,BuiltInFunction,input()
ae_adl_vals_refs2,BuiltInFunction,int()
ae_adl_vals_refs2,BuiltInFunction,max()
ae_adl_vals_refs2,BuiltInFunction,float()
ae_adl_vals_refs2,BuiltInFunction,set()
ae_adl_vals_refs2,BuiltInFunction,open()
ae_adl_vals_refs2,BuiltInFunction,range()
ae_adl_vals_refs2,BuiltInFunction,tuple()
ae_adl_vals_refs2,BuiltInFunction,abs()
ae_adl_vals_refs2,BuiltInFunction,round()
ae_adl_vals_refs2,BuiltInFunction,len()
ae_adl_vals_refs2,BuiltInFunction,min()
ae_adl_vals_refs3,ClassMethod,__init()__
ae_adl_tryexcept1,ConditionalStatement,IfElifStatement
ae_adl_tryexcept1,BuiltInFunction,dict()
ae_adl_tryexcept1,BuiltInFunction,str()
ae_adl_tryexcept1,BuiltInFunction,next()
ae_adl_tryexcept1,BuiltInFunction,input()
ae_adl_tryexcept1,BuiltInFunction,max()
ae_adl_tryexcept1,BuiltInFunction,float()
ae_adl_tryexcept1,BuiltInFunction,set()
ae_adl_tryexcept1,BuiltInFunction,open()
ae_adl_tryexcept1,BuiltInFunction,range()
ae_adl_tryexcept1,BuiltInFunction,tuple()
ae_adl_tryexcept1,BuiltInFunction,abs()
ae_adl_tryexcept1,BuiltInFunction,round()
ae_adl_tryexcept1,BuiltInFunction,len()
ae_adl_tryexcept1,BuiltInFunction,min()
ae_adl_tryexcept1,BuiltInFunction,list()
ae_adl_file1,LogicalOperator,and
ae_adl_file1,LogicalOperator,or
ae_adl_file1,LogicalOperator,not
ae_adl_file1,ArtithmeticOperator,//
ae_adl_file1,ArtithmeticOperator,-
ae_adl_file1,ArtithmeticOperator,**
ae_adl_file1,ArtithmeticOperator,Modulus
ae_adl_file1,ArtithmeticOperator,*
ae_adl_file1,Statement,ExpressionStatement
ae_adl_file1,ConditionalStatement,IfElifElseStatement
ae_adl_file1,ConditionalStatement,IfElseStatement
ae_adl_file1,ConditionalStatement,IfElifStatement
ae_adl_file1,IterationStatement,WhileStatement
ae_adl_file1,AssignmentStatement,AugmentedAssignmentStatement
ae_adl_file1,DefinitionStatement,ClassDefinition
ae_adl_file1,BuiltInFunction,dict()
ae_adl_file1,BuiltInFunction,str()
ae_adl_file1,BuiltInFunction,next()
ae_adl_file1,BuiltInFunction,input()
ae_adl_file1,BuiltInFunction,max()
ae_adl_file1,BuiltInFunction,float()
ae_adl_file1,BuiltInFunction,set()
ae_adl_file1,BuiltInFunction,range()
ae_adl_file1,BuiltInFunction,tuple()
ae_adl_file1,BuiltInFunction,abs()
ae_adl_file1,BuiltInFunction,round()
ae_adl_file1,BuiltInFunction,len()
ae_adl_file1,BuiltInFunction,min()
ae_adl_file1,BuiltInFunction,list()
ae_adl_file2,ClassMethod,__init()__
ae_adl_file2,Statement,ExpressionStatement
ae_adl_file2,IterationStatement,WhileStatement
ae_adl_file2,ExceptionHandlingStatement,TryStatement
ae_adl_file2,ExceptionHandlingStatement,RaiseStatement
ae_adl_file2,ExceptionHandlingStatement,AssertStatement
ae_adl_file2,AssignmentStatement,AugmentedAssignmentStatement
ae_adl_file2,DefinitionStatement,ClassDefinition
ae_adl_file2,BuiltInFunction,range()
ae_adl_file2,BuiltInFunction,tuple()
ae_adl_file2,BuiltInFunction,abs()
ae_adl_file2,BuiltInFunction,round()
q_py_topic_strings:q_py_substring1,ClassMethod,__init()__
q_py_topic_two_dimensional_array:q_py_2d_arrays1,ClassMethod,__init()__
q_py_topic_two_dimensional_array:q_py_2d_arrays1,MembershipOperator,in
q_py_topic_two_dimensional_array:q_py_2d_arrays1,LogicalOperator,and
q_py_topic_two_dimensional_array:q_py_2d_arrays1,LogicalOperator,or
q_py_topic_two_dimensional_array:q_py_2d_arrays1,LogicalOperator,not
q_py_topic_two_dimensional_array:q_py_2d_arrays1,ArtithmeticOperator,//
q_py_topic_two_dimensional_array:q_py_2d_arrays1,ArtithmeticOperator,-
q_py_topic_two_dimensional_array:q_py_2d_arrays1,ArtithmeticOperator,+
q_py_topic_two_dimensional_array:q_py_2d_arrays1,ArtithmeticOperator,/
q_py_topic_two_dimensional_array:q_py_2d_arrays1,ArtithmeticOperator,**
q_py_topic_two_dimensional_array:q_py_2d_arrays1,ArtithmeticOperator,Modulus
q_py_topic_two_dimensional_array:q_py_2d_arrays1,ArtithmeticOperator,*
q_py_topic_two_dimensional_array:q_py_2d_arrays1,Statement,ExpressionStatement
q_py_topic_two_dimensional_array:q_py_2d_arrays1,ConditionalStatement,IfElifElseStatement
q_py_topic_two_dimensional_array:q_py_2d_arrays1,ConditionalStatement,IfStatement
q_py_topic_two_dimensional_array:q_py_2d_arrays1,ConditionalStatement,IfElseStatement
q_py_topic_two_dimensional_array:q_py_2d_arrays1,ConditionalStatement,IfElifStatement
q_py_topic_two_dimensional_array:q_py_2d_arrays1,ImportStatement,Import
q_py_topic_two_dimensional_array:q_py_2d_arrays1,ImportStatement,ImportFrom
q_py_topic_two_dimensional_array:q_py_2d_arrays1,JumpStatement,PassStatement
q_py_topic_two_dimensional_array:q_py_2d_arrays1,JumpStatement,BreakStatement
q_py_topic_two_dimensional_array:q_py_2d_arrays1,JumpStatement,ContinueStatement
q_py_topic_two_dimensional_array:q_py_2d_arrays1,JumpStatement,ReturnStatement
q_py_topic_two_dimensional_array:q_py_2d_arrays1,IterationStatement,ForStatement
q_py_topic_two_dimensional_array:q_py_2d_arrays1,IterationStatement,WhileStatement
q_py_topic_two_dimensional_array:q_py_2d_arrays1,ExceptionHandlingStatement,TryStatement
q_py_topic_two_dimensional_array:q_py_2d_arrays1,ExceptionHandlingStatement,RaiseStatement
q_py_topic_two_dimensional_array:q_py_2d_arrays1,ExceptionHandlingStatement,AssertStatement
q_py_topic_two_dimensional_array:q_py_2d_arrays1,AssignmentStatement,SimpleAssignmentStatement
q_py_topic_two_dimensional_array:q_py_2d_arrays1,AssignmentStatement,AugmentedAssignmentStatement
q_py_topic_two_dimensional_array:q_py_2d_arrays1,DefinitionStatement,FunctionDefinition
q_py_topic_two_dimensional_array:q_py_2d_arrays1,DefinitionStatement,ClassDefinition
q_py_topic_two_dimensional_array:q_py_2d_arrays1,BuiltInFunction,dict()
q_py_topic_two_dimensional_array:q_py_2d_arrays1,BuiltInFunction,str()
q_py_topic_two_dimensional_array:q_py_2d_arrays1,BuiltInFunction,next()
q_py_topic_two_dimensional_array:q_py_2d_arrays1,BuiltInFunction,input()
q_py_topic_two_dimensional_array:q_py_2d_arrays1,BuiltInFunction,int()
q_py_topic_two_dimensional_array:q_py_2d_arrays1,BuiltInFunction,max()
q_py_topic_two_dimensional_array:q_py_2d_arrays1,BuiltInFunction,float()
q_py_topic_two_dimensional_array:q_py_2d_arrays1,BuiltInFunction,set()
q_py_topic_two_dimensional_array:q_py_2d_arrays1,BuiltInFunction,open()
q_py_topic_two_dimensional_array:q_py_2d_arrays1,BuiltInFunction,range()
q_py_topic_two_dimensional_array:q_py_2d_arrays1,BuiltInFunction,tuple()
q_py_topic_two_dimensional_array:q_py_2d_arrays1,BuiltInFunction,abs()
q_py_topic_two_dimensional_array:q_py_2d_arrays1,BuiltInFunction,round()
q_py_topic_two_dimensional_array:q_py_2d_arrays1,BuiltInFunction,len()
q_py_topic_two_dimensional_array:q_py_2d_arrays1,BuiltInFunction,min()
q_py_topic_two_dimensional_array:q_py_2d_arrays1,BuiltInFunction,print()
q_py_topic_two_dimensional_array:q_py_2d_arrays1,BuiltInFunction,list()
q_py_topic_two_dimensional_array:q_py_2d_arrays2,ClassMethod,__init()__
q_py_topic_two_dimensional_array:q_py_2d_arrays2,ArtithmeticOperator,/
q_py_topic_two_dimensional_array:q_py_2d_arrays2,ArtithmeticOperator,*
q_py_topic_two_dimensional_array:q_py_2d_arrays2,IterationStatement,WhileStatement
q_py_topic_two_dimensional_array:q_py_2d_arrays2,AssignmentStatement,AugmentedAssignmentStatement
q_py_topic_two_dimensional_array:q_py_2d_arrays3,ClassMethod,__init()__
q_py_topic_two_dimensional_array:q_py_2d_arrays3,MembershipOperator,in
q_py_topic_two_dimensional_array:q_py_2d_arrays3,LogicalOperator,and
q_py_topic_two_dimensional_array:q_py_2d_arrays3,LogicalOperator,or
q_py_topic_two_dimensional_array:q_py_2d_arrays3,LogicalOperator,not
q_py_topic_two_dimensional_array:q_py_2d_arrays3,ArtithmeticOperator,//
q_py_topic_two_dimensional_array:q_py_2d_arrays3,ArtithmeticOperator,-
q_py_topic_two_dimensional_array:q_py_2d_arrays3,ArtithmeticOperator,+
q_py_topic_two_dimensional_array:q_py_2d_arrays3,ArtithmeticOperator,/
q_py_topic_two_dimensional_array:q_py_2d_arrays3,ArtithmeticOperator,**
q_py_topic_two_dimensional_array:q_py_2d_arrays3,ArtithmeticOperator,Modulus
q_py_topic_two_dimensional_array:q_py_2d_arrays3,ArtithmeticOperator,*
q_py_topic_two_dimensional_array:q_py_2d_arrays3,Statement,ExpressionStatement
q_py_topic_two_dimensional_array:q_py_2d_arrays3,ConditionalStatement,IfElifElseStatement
q_py_topic_two_dimensional_array:q_py_2d_arrays3,ConditionalStatement,IfStatement
q_py_topic_two_dimensional_array:q_py_2d_arrays3,ConditionalStatement,IfElseStatement
q_py_topic_two_dimensional_array:q_py_2d_arrays3,ConditionalStatement,IfElifStatement
q_py_topic_two_dimensional_array:q_py_2d_arrays3,ImportStatement,Import
q_py_topic_two_dimensional_array:q_py_2d_arrays3,ImportStatement,ImportFrom
q_py_topic_two_dimensional_array:q_py_2d_arrays3,JumpStatement,PassStatement
q_py_topic_two_dimensional_array:q_py_2d_arrays3,JumpStatement,BreakStatement
q_py_topic_two_dimensional_array:q_py_2d_arrays3,JumpStatement,ContinueStatement
q_py_topic_two_dimensional_array:q_py_2d_arrays3,JumpStatement,ReturnStatement
q_py_topic_two_dimensional_array:q_py_2d_arrays3,IterationStatement,ForStatement
q_py_topic_two_dimensional_array:q_py_2d_arrays3,IterationStatement,WhileStatement
q_py_topic_two_dimensional_array:q_py_2d_arrays3,ExceptionHandlingStatement,TryStatement
q_py_topic_two_dimensional_array:q_py_2d_arrays3,ExceptionHandlingStatement,RaiseStatement
q_py_topic_two_dimensional_array:q_py_2d_arrays3,ExceptionHandlingStatement,AssertStatement
q_py_topic_two_dimensional_array:q_py_2d_arrays3,AssignmentStatement,SimpleAssignmentStatement
q_py_topic_two_dimensional_array:q_py_2d_arrays3,AssignmentStatement,AugmentedAssignmentStatement
q_py_topic_two_dimensional_array:q_py_2d_arrays3,DefinitionStatement,FunctionDefinition
q_py_topic_two_dimensional_array:q_py_2d_arrays3,DefinitionStatement,ClassDefinition
q_py_topic_two_dimensional_array:q_py_2d_arrays3,BuiltInFunction,dict()
q_py_topic_two_dimensional_array:q_py_2d_arrays3,BuiltInFunction,str()
q_py_topic_two_dimensional_array:q_py_2d_arrays3,BuiltInFunction,next()
q_py_topic_two_dimensional_array:q_py_2d_arrays3,BuiltInFunction,input()
q_py_topic_two_dimensional_array:q_py_2d_arrays3,BuiltInFunction,int()
q_py_topic_two_dimensional_array:q_py_2d_arrays3,BuiltInFunction,max()
q_py_topic_two_dimensional_array:q_py_2d_arrays3,BuiltInFunction,float()
q_py_topic_two_dimensional_array:q_py_2d_arrays3,BuiltInFunction,set()
q_py_topic_two_dimensional_array:q_py_2d_arrays3,BuiltInFunction,open()
q_py_topic_two_dimensional_array:q_py_2d_arrays3,BuiltInFunction,range()
q_py_topic_two_dimensional_array:q_py_2d_arrays3,BuiltInFunction,tuple()
q_py_topic_two_dimensional_array:q_py_2d_arrays3,BuiltInFunction,abs()
q_py_topic_two_dimensional_array:q_py_2d_arrays3,BuiltInFunction,round()
q_py_topic_two_dimensional_array:q_py_2d_arrays3,BuiltInFunction,len()
q_py_topic_two_dimensional_array:q_py_2d_arrays3,BuiltInFunction,min()
q_py_topic_two_dimensional_array:q_py_2d_arrays3,BuiltInFunction,print()
q_py_topic_two_dimensional_array:q_py_2d_arrays3,BuiltInFunction,list()
q_py_topic_two_dimensional_array:q_py_2d_arrays4,ClassMethod,__init()__
q_py_topic_two_dimensional_array:q_py_2d_arrays4,IterationStatement,WhileStatement
q_py_topic_variables:q_py_arithmetic1,ClassMethod,__init()__
q_py_topic_variables:q_py_arithmetic2,ClassMethod,__init()__
q_py_topic_variables:q_py_arithmetic2,ArtithmeticOperator,/
q_py_topic_variables:q_py_arithmetic2,Statement,ExpressionStatement
q_py_topic_variables:q_py_exchange1,ClassMethod,__init()__
q_py_topic_variables:q_py_exchange1,ArtithmeticOperator,/
q_py_topic_variables:q_py_exchange2,ClassMethod,__init()__
q_py_topic_variables:q_py_swap1,ClassMethod,__init()__
q_topic_classes_objects:q_py_inheritance_animal1,ClassMethod,__init()__
q_topic_classes_objects:q_py_inheritance_animal1,ArtithmeticOperator,+
q_topic_classes_objects:q_py_inheritance_animal1,AssignmentStatement,AugmentedAssignmentStatement
q_topic_classes_objects:q_py_inheritance_animal1,BuiltInFunction,dict()
q_topic_classes_objects:q_py_inheritance_animal1,BuiltInFunction,str()
q_topic_classes_objects:q_py_inheritance_animal1,BuiltInFunction,next()
q_topic_classes_objects:q_py_inheritance_animal1,BuiltInFunction,input()
q_topic_classes_objects:q_py_inheritance_animal1,BuiltInFunction,int()
q_topic_classes_objects:q_py_inheritance_animal1,BuiltInFunction,max()
q_topic_classes_objects:q_py_inheritance_animal1,BuiltInFunction,float()
q_topic_classes_objects:q_py_inheritance_animal1,BuiltInFunction,set()
q_topic_classes_objects:q_py_inheritance_animal1,BuiltInFunction,open()
q_topic_classes_objects:q_py_inheritance_animal1,BuiltInFunction,range()
q_topic_classes_objects:q_py_inheritance_animal1,BuiltInFunction,tuple()
q_topic_classes_objects:q_py_inheritance_animal1,BuiltInFunction,abs()
q_topic_classes_objects:q_py_inheritance_animal1,BuiltInFunction,round()
q_topic_classes_objects:q_py_inheritance_animal1,BuiltInFunction,len()
q_topic_classes_objects:q_py_inheritance_animal1,BuiltInFunction,min()
q_topic_classes_objects:q_py_inheritance_animal1,BuiltInFunction,list()
q_topic_classes_objects:q_py_obj_account1,ClassMethod,__init()__
q_topic_classes_objects:q_py_obj_bus1,ClassMethod,__init()__
q_topic_classes_objects:q_py_obj_bus1,ArtithmeticOperator,/
q_topic_classes_objects:q_py_obj_bus1,ArtithmeticOperator,*
q_topic_classes_objects:q_py_obj_bus1,Statement,ExpressionStatement
q_topic_classes_objects:q_py_obj_bus1,ConditionalStatement,IfElifElseStatement
q_topic_classes_objects:q_py_obj_bus1,ConditionalStatement,IfElseStatement
q_topic_classes_objects:q_py_obj_bus1,ConditionalStatement,IfElifStatement
q_topic_classes_objects:q_py_obj_bus1,AssignmentStatement,AugmentedAssignmentStatement
q_topic_classes_objects:q_py_obj_bus1,BuiltInFunction,dict()
q_topic_classes_objects:q_py_obj_bus1,BuiltInFunction,str()
q_topic_classes_objects:q_py_obj_bus1,BuiltInFunction,next()
q_topic_classes_objects:q_py_obj_bus1,BuiltInFunction,input()
q_topic_classes_objects:q_py_obj_bus1,BuiltInFunction,int()
q_topic_classes_objects:q_py_obj_bus1,BuiltInFunction,max()
q_topic_classes_objects:q_py_obj_bus1,BuiltInFunction,float()
q_topic_classes_objects:q_py_obj_bus1,BuiltInFunction,set()
q_topic_classes_objects:q_py_obj_bus1,BuiltInFunction,open()
q_topic_classes_objects:q_py_obj_bus1,BuiltInFunction,range()
q_topic_classes_objects:q_py_obj_bus1,BuiltInFunction,tuple()
q_topic_classes_objects:q_py_obj_bus1,BuiltInFunction,abs()
q_topic_classes_objects:q_py_obj_bus1,BuiltInFunction,round()
q_topic_classes_objects:q_py_obj_bus1,BuiltInFunction,len()
q_topic_classes_objects:q_py_obj_bus1,BuiltInFunction,list()
q_topic_classes_objects:q_py_obj_car1,ClassMethod,__init()__
q_topic_classes_objects:q_py_obj_car1,ArtithmeticOperator,/
q_topic_classes_objects:q_py_obj_car1,Statement,ExpressionStatement
q_topic_classes_objects:q_py_obj_car1,BuiltInFunction,dict()
q_topic_classes_objects:q_py_obj_car1,BuiltInFunction,str()
q_topic_classes_objects:q_py_obj_car1,BuiltInFunction,next()
q_topic_classes_objects:q_py_obj_car1,BuiltInFunction,input()
q_topic_classes_objects:q_py_obj_car1,BuiltInFunction,int()
q_topic_classes_objects:q_py_obj_car1,BuiltInFunction,max()
q_topic_classes_objects:q_py_obj_car1,BuiltInFunction,float()
q_topic_classes_objects:q_py_obj_car1,BuiltInFunction,set()
q_topic_classes_objects:q_py_obj_car1,BuiltInFunction,open()
q_topic_classes_objects:q_py_obj_car1,BuiltInFunction,range()
q_topic_classes_objects:q_py_obj_car1,BuiltInFunction,tuple()
q_topic_classes_objects:q_py_obj_car1,BuiltInFunction,abs()
q_topic_classes_objects:q_py_obj_car1,BuiltInFunction,round()
q_topic_classes_objects:q_py_obj_car1,BuiltInFunction,len()
q_topic_classes_objects:q_py_obj_car1,BuiltInFunction,list()
q_topic_classes_objects:q_py_obj_car2,ClassMethod,__init()__
q_topic_classes_objects:q_py_obj_car2,MembershipOperator,in
q_topic_classes_objects:q_py_obj_car2,LogicalOperator,and
q_topic_classes_objects:q_py_obj_car2,LogicalOperator,or
q_topic_classes_objects:q_py_obj_car2,LogicalOperator,not
q_topic_classes_objects:q_py_obj_car2,ArtithmeticOperator,//
q_topic_classes_objects:q_py_obj_car2,ArtithmeticOperator,-
q_topic_classes_objects:q_py_obj_car2,ArtithmeticOperator,+
q_topic_classes_objects:q_py_obj_car2,ArtithmeticOperator,/
q_topic_classes_objects:q_py_obj_car2,ArtithmeticOperator,**
q_topic_classes_objects:q_py_obj_car2,ArtithmeticOperator,Modulus
q_topic_classes_objects:q_py_obj_car2,ArtithmeticOperator,*
q_topic_classes_objects:q_py_obj_car2,Statement,ExpressionStatement
q_topic_classes_objects:q_py_obj_car2,ConditionalStatement,IfElifElseStatement
q_topic_classes_objects:q_py_obj_car2,ConditionalStatement,IfStatement
q_topic_classes_objects:q_py_obj_car2,ConditionalStatement,IfElseStatement
q_topic_classes_objects:q_py_obj_car2,ConditionalStatement,IfElifStatement
q_topic_classes_objects:q_py_obj_car2,ImportStatement,Import
q_topic_classes_objects:q_py_obj_car2,ImportStatement,ImportFrom
q_topic_classes_objects:q_py_obj_car2,JumpStatement,PassStatement
q_topic_classes_objects:q_py_obj_car2,JumpStatement,BreakStatement
q_topic_classes_objects:q_py_obj_car2,JumpStatement,ContinueStatement
q_topic_classes_objects:q_py_obj_car2,JumpStatement,ReturnStatement
q_topic_classes_objects:q_py_obj_car2,IterationStatement,ForStatement
q_topic_classes_objects:q_py_obj_car2,IterationStatement,WhileStatement
q_topic_classes_objects:q_py_obj_car2,ExceptionHandlingStatement,TryStatement
q_topic_classes_objects:q_py_obj_car2,ExceptionHandlingStatement,RaiseStatement
q_topic_classes_objects:q_py_obj_car2,ExceptionHandlingStatement,AssertStatement
q_topic_classes_objects:q_py_obj_car2,AssignmentStatement,SimpleAssignmentStatement
q_topic_classes_objects:q_py_obj_car2,AssignmentStatement,AugmentedAssignmentStatement
q_topic_classes_objects:q_py_obj_car2,DefinitionStatement,FunctionDefinition
q_topic_classes_objects:q_py_obj_car2,DefinitionStatement,ClassDefinition
q_topic_classes_objects:q_py_obj_car2,BuiltInFunction,dict()
q_topic_classes_objects:q_py_obj_car2,BuiltInFunction,str()
q_topic_classes_objects:q_py_obj_car2,BuiltInFunction,next()
q_topic_classes_objects:q_py_obj_car2,BuiltInFunction,input()
q_topic_classes_objects:q_py_obj_car2,BuiltInFunction,int()
q_topic_classes_objects:q_py_obj_car2,BuiltInFunction,max()
q_topic_classes_objects:q_py_obj_car2,BuiltInFunction,float()
q_topic_classes_objects:q_py_obj_car2,BuiltInFunction,set()
q_topic_classes_objects:q_py_obj_car2,BuiltInFunction,open()
q_topic_classes_objects:q_py_obj_car2,BuiltInFunction,range()
q_topic_classes_objects:q_py_obj_car2,BuiltInFunction,tuple()
q_topic_classes_objects:q_py_obj_car2,BuiltInFunction,abs()
q_topic_classes_objects:q_py_obj_car2,BuiltInFunction,round()
q_topic_classes_objects:q_py_obj_car2,BuiltInFunction,len()
q_topic_classes_objects:q_py_obj_car2,BuiltInFunction,min()
q_topic_classes_objects:q_py_obj_car2,BuiltInFunction,print()
q_topic_classes_objects:q_py_obj_car2,BuiltInFunction,list()
q_topic_classes_objects:q_py_obj_point1,Statement,ExpressionStatement
q_topic_classes_objects:q_py_obj_point1,ConditionalStatement,IfStatement
q_topic_classes_objects:q_py_obj_point1,ConditionalStatement,IfElseStatement
q_topic_classes_objects:q_py_obj_point1,ConditionalStatement,IfElifStatement
q_topic_classes_objects:q_py_obj_point1,AssignmentStatement,AugmentedAssignmentStatement
q_topic_classes_objects:q_py_obj_point1,BuiltInFunction,dict()
q_topic_classes_objects:q_py_obj_point1,BuiltInFunction,str()
q_topic_classes_objects:q_py_obj_point1,BuiltInFunction,next()
q_topic_classes_objects:q_py_obj_point1,BuiltInFunction,max()
q_topic_classes_objects:q_py_obj_point1,BuiltInFunction,float()
q_topic_classes_objects:q_py_obj_point1,BuiltInFunction,set()
q_topic_classes_objects:q_py_obj_point1,BuiltInFunction,open()
q_topic_classes_objects:q_py_obj_point1,BuiltInFunction,tuple()
q_topic_classes_objects:q_py_obj_point1,BuiltInFunction,abs()
q_topic_classes_objects:q_py_obj_point1,BuiltInFunction,round()
q_topic_classes_objects:q_py_obj_point1,BuiltInFunction,min()
q_topic_classes_objects:q_py_obj_student1,ClassMethod,__init()__
q_topic_classes_objects:q_py_obj_student1,MembershipOperator,in
q_topic_classes_objects:q_py_obj_student1,LogicalOperator,and
q_topic_classes_objects:q_py_obj_student1,LogicalOperator,or
q_topic_classes_objects:q_py_obj_student1,LogicalOperator,not
q_topic_classes_objects:q_py_obj_student1,ArtithmeticOperator,//
q_topic_classes_objects:q_py_obj_student1,ArtithmeticOperator,-
q_topic_classes_objects:q_py_obj_student1,ArtithmeticOperator,+
q_topic_classes_objects:q_py_obj_student1,ArtithmeticOperator,/
q_topic_classes_objects:q_py_obj_student1,ArtithmeticOperator,**
q_topic_classes_objects:q_py_obj_student1,ArtithmeticOperator,Modulus
q_topic_classes_objects:q_py_obj_student1,ArtithmeticOperator,*
q_topic_classes_objects:q_py_obj_student1,Statement,ExpressionStatement
q_topic_classes_objects:q_py_obj_student1,ConditionalStatement,IfElifElseStatement
q_topic_classes_objects:q_py_obj_student1,ConditionalStatement,IfStatement
q_topic_classes_objects:q_py_obj_student1,ConditionalStatement,IfElseStatement
q_topic_classes_objects:q_py_obj_student1,ConditionalStatement,IfElifStatement
q_topic_classes_objects:q_py_obj_student1,ImportStatement,Import
q_topic_classes_objects:q_py_obj_student1,ImportStatement,ImportFrom
q_topic_classes_objects:q_py_obj_student1,JumpStatement,PassStatement
q_topic_classes_objects:q_py_obj_student1,JumpStatement,BreakStatement
q_topic_classes_objects:q_py_obj_student1,JumpStatement,ContinueStatement
q_topic_classes_objects:q_py_obj_student1,JumpStatement,ReturnStatement
q_topic_classes_objects:q_py_obj_student1,IterationStatement,ForStatement
q_topic_classes_objects:q_py_obj_student1,IterationStatement,WhileStatement
q_topic_classes_objects:q_py_obj_student1,ExceptionHandlingStatement,TryStatement
q_topic_classes_objects:q_py_obj_student1,ExceptionHandlingStatement,RaiseStatement
q_topic_classes_objects:q_py_obj_student1,ExceptionHandlingStatement,AssertStatement
q_topic_classes_objects:q_py_obj_student1,BuiltInFunction,dict()
q_topic_classes_objects:q_py_obj_student1,BuiltInFunction,str()
q_topic_classes_objects:q_py_obj_student1,BuiltInFunction,next()
q_topic_classes_objects:q_py_obj_student1,BuiltInFunction,input()
q_topic_classes_objects:q_py_obj_student1,BuiltInFunction,int()
q_topic_classes_objects:q_py_obj_student1,BuiltInFunction,max()
q_topic_classes_objects:q_py_obj_student1,BuiltInFunction,float()
q_topic_classes_objects:q_py_obj_student1,BuiltInFunction,set()
q_topic_classes_objects:q_py_obj_student1,BuiltInFunction,open()
q_topic_classes_objects:q_py_obj_student1,BuiltInFunction,range()
q_topic_classes_objects:q_py_obj_student1,BuiltInFunction,tuple()
q_topic_classes_objects:q_py_obj_student1,BuiltInFunction,abs()
q_topic_classes_objects:q_py_obj_student1,BuiltInFunction,round()
q_topic_classes_objects:q_py_obj_student1,BuiltInFunction,len()
q_topic_classes_objects:q_py_obj_student1,BuiltInFunction,min()
q_topic_classes_objects:q_py_obj_student1,BuiltInFunction,print()
q_topic_classes_objects:q_py_obj_student1,BuiltInFunction,list()
py_adjacent_consecutive,ClassMethod,__init()__
py_adjacent_greater,ClassMethod,__init()__
py_win_percentage_won_equal,ClassMethod,__init()__
py_win_percentage_won_equal,LogicalOperator,not
py_win_percentage_won_equal,ArtithmeticOperator,-
py_win_percentage_won_equal,ArtithmeticOperator,**
py_win_percentage_won_equal,ArtithmeticOperator,Modulus
py_win_percentage_won_equal,ArtithmeticOperator,*
py_win_percentage_won_equal,Statement,ExpressionStatement
py_win_percentage_won_equal,IterationStatement,ForStatement
py_win_percentage_won_equal,AssignmentStatement,AugmentedAssignmentStatement
py_win_percentage_won_equal,BuiltInFunction,dict()
py_win_percentage_won_equal,BuiltInFunction,str()
py_win_percentage_won_equal,BuiltInFunction,next()
py_win_percentage_won_equal,BuiltInFunction,max()
py_win_percentage_won_equal,BuiltInFunction,float()
py_win_percentage_won_equal,BuiltInFunction,set()
py_win_percentage_won_equal,BuiltInFunction,open()
py_win_percentage_won_equal,BuiltInFunction,range()
py_win_percentage_won_equal,BuiltInFunction,tuple()
py_win_percentage_won_equal,BuiltInFunction,abs()
py_win_percentage_won_equal,BuiltInFunction,round()
py_win_percentage_won_equal,BuiltInFunction,len()
py_win_percentage_won_equal,BuiltInFunction,min()
py_win_percentage_won_equal,BuiltInFunction,list()
py_find_average,Statement,ExpressionStatement
py_find_average,ConditionalStatement,IfElifElseStatement
py_find_average,ConditionalStatement,IfElifStatement
py_find_average,IterationStatement,ForStatement
py_find_average,AssignmentStatement,AugmentedAssignmentStatement
py_find_average,BuiltInFunction,str()
py_find_average,BuiltInFunction,open()
py_find_average,BuiltInFunction,tuple()
py_list2d_basic,ClassMethod,__init()__
py_list2d_basic,Statement,ExpressionStatement
py_list2d_basic,ConditionalStatement,IfElifStatement
py_list2d_basic,AssignmentStatement,AugmentedAssignmentStatement
py_list2d_basic,BuiltInFunction,dict()
py_list2d_basic,BuiltInFunction,str()
py_list2d_basic,BuiltInFunction,next()
py_list2d_basic,BuiltInFunction,input()
py_list2d_basic,BuiltInFunction,max()
py_list2d_basic,BuiltInFunction,float()
py_list2d_basic,BuiltInFunction,set()
py_list2d_basic,BuiltInFunction,open()
py_list2d_basic,BuiltInFunction,range()
py_list2d_basic,BuiltInFunction,tuple()
py_list2d_basic,BuiltInFunction,abs()
py_list2d_basic,BuiltInFunction,round()
py_list2d_basic,BuiltInFunction,len()
py_list2d_basic,BuiltInFunction,min()
py_list2d_basic2,ClassMethod,__init()__
py_list2d_basic2,ArtithmeticOperator,/
py_list2d_basic2,Statement,ExpressionStatement
py_list2d_basic2,BuiltInFunction,str()
py_list2d_basic2,BuiltInFunction,next()
py_list2d_basic2,BuiltInFunction,open()
py_list2d_basic2,BuiltInFunction,tuple()
py_list2d_basic3,ClassMethod,__init()__
py_list2d_basic3,ArtithmeticOperator,/
py_list2d_basic3,ExceptionHandlingStatement,TryStatement
py_list2d_basic3,ExceptionHandlingStatement,RaiseStatement
py_list2d_basic3,ExceptionHandlingStatement,AssertStatement
py_list2d_basic3,BuiltInFunction,tuple()
py_list2d_basic3,BuiltInFunction,len()
py_list_basic,ClassMethod,__init()__
py_list_basic2,ClassMethod,__init()__
py_list_basic2,MembershipOperator,in
py_list_basic2,LogicalOperator,and
py_list_basic2,LogicalOperator,or
py_list_basic2,LogicalOperator,not
py_list_basic2,Statement,ExpressionStatement
py_list_basic2,AssignmentStatement,AugmentedAssignmentStatement
py_list_basic2,BuiltInFunction,list()
py_list_basic3,ClassMethod,__init()__
py_list_change,ClassMethod,__init()__
py_list_swap_adjacent_elements,ClassMethod,__init()__
py_list_swap_adjacent_elements,LogicalOperator,and
py_list_swap_adjacent_elements,LogicalOperator,or
py_list_swap_adjacent_elements,LogicalOperator,not
py_list_swap_adjacent_elements,ArtithmeticOperator,//
py_list_swap_adjacent_elements,ArtithmeticOperator,-
py_list_swap_adjacent_elements,ArtithmeticOperator,/
py_list_swap_adjacent_elements,ArtithmeticOperator,**
py_list_swap_adjacent_elements,ArtithmeticOperator,Modulus
py_list_swap_adjacent_elements,ArtithmeticOperator,*
py_list_swap_adjacent_elements,ConditionalStatement,IfElifElseStatement
py_list_swap_adjacent_elements,ConditionalStatement,IfStatement
py_list_swap_adjacent_elements,ConditionalStatement,IfElseStatement
py_list_swap_adjacent_elements,ConditionalStatement,IfElifStatement
py_list_swap_adjacent_elements,ImportStatement,Import
py_list_swap_adjacent_elements,ImportStatement,ImportFrom
py_list_swap_adjacent_elements,JumpStatement,PassStatement
py_list_swap_adjacent_elements,JumpStatement,BreakStatement
py_list_swap_adjacent_elements,JumpStatement,ContinueStatement
py_list_swap_adjacent_elements,JumpStatement,ReturnStatement
py_list_swap_adjacent_elements,IterationStatement,WhileStatement
py_list_swap_adjacent_elements,ExceptionHandlingStatement,TryStatement
py_list_swap_adjacent_elements,ExceptionHandlingStatement,RaiseStatement
py_list_swap_adjacent_elements,ExceptionHandlingStatement,AssertStatement
py_list_swap_adjacent_elements,AssignmentStatement,AugmentedAssignmentStatement
py_list_swap_adjacent_elements,DefinitionStatement,FunctionDefinition
py_list_swap_adjacent_elements,DefinitionStatement,ClassDefinition
py_list_swap_adjacent_elements,BuiltInFunction,dict()
py_list_swap_adjacent_elements,BuiltInFunction,str()
py_list_swap_adjacent_elements,BuiltInFunction,next()
py_list_swap_adjacent_elements,BuiltInFunction,input()
py_list_swap_adjacent_elements,BuiltInFunction,int()
py_list_swap_adjacent_elements,BuiltInFunction,max()
py_list_swap_adjacent_elements,BuiltInFunction,float()
py_list_swap_adjacent_elements,BuiltInFunction,set()
py_list_swap_adjacent_elements,BuiltInFunction,open()
py_list_swap_adjacent_elements,BuiltInFunction,tuple()
py_list_swap_adjacent_elements,BuiltInFunction,abs()
py_list_swap_adjacent_elements,BuiltInFunction,round()
py_list_swap_adjacent_elements,BuiltInFunction,min()
py_list_swap_adjacent_elements,BuiltInFunction,list()
py_list_fill_user_input,ClassMethod,__init()__
py_list_min_max,ClassMethod,__init()__
py_list_min,ClassMethod,__init()__
py_list_rotate,ClassMethod,__init()__
py_list_rotate_left_twice,ClassMethod,__init()__
py_list_rotate_left_twice,IterationStatement,WhileStatement
py_list_rotate_left_twice,AssignmentStatement,AugmentedAssignmentStatement
py_list_rotate_left_twice,DefinitionStatement,ClassDefinition
py_list_rotate_left_twice,BuiltInFunction,dict()
py_list_rotate_left_twice,BuiltInFunction,str()
py_list_rotate_left_twice,BuiltInFunction,next()
py_list_rotate_left_twice,BuiltInFunction,input()
py_list_rotate_left_twice,BuiltInFunction,int()
py_list_rotate_left_twice,BuiltInFunction,max()
py_list_rotate_left_twice,BuiltInFunction,float()
py_list_rotate_left_twice,BuiltInFunction,set()
py_list_rotate_left_twice,BuiltInFunction,open()
py_list_rotate_left_twice,BuiltInFunction,tuple()
py_list_rotate_left_twice,BuiltInFunction,abs()
py_list_rotate_left_twice,BuiltInFunction,round()
py_list_rotate_left_twice,BuiltInFunction,min()
py_list_rotate_left_twice,BuiltInFunction,list()
py_list_rotate_right,ClassMethod,__init()__
py_list_rotate_right_twice,ClassMethod,__init()__
py_print_medals,ClassMethod,__init()__
py_print_medals_row_column_total,ClassMethod,__init()__
py_list_process_elements,ClassMethod,__init()__
py_list_process_elements,MembershipOperator,in
py_list_process_elements,LogicalOperator,and
py_list_process_elements,LogicalOperator,or
py_list_process_elements,LogicalOperator,not
py_list_process_elements,ArtithmeticOperator,//
py_list_process_elements,ArtithmeticOperator,-
py_list_process_elements,ArtithmeticOperator,+
py_list_process_elements,ArtithmeticOperator,/
py_list_process_elements,ArtithmeticOperator,**
py_list_process_elements,ArtithmeticOperator,Modulus
py_list_process_elements,ArtithmeticOperator,*
py_list_process_elements,Statement,ExpressionStatement
py_list_process_elements,ConditionalStatement,IfElifElseStatement
py_list_process_elements,ConditionalStatement,IfStatement
py_list_process_elements,ConditionalStatement,IfElseStatement
py_list_process_elements,ConditionalStatement,IfElifStatement
py_list_process_elements,ImportStatement,Import
py_list_process_elements,ImportStatement,ImportFrom
py_list_process_elements,JumpStatement,PassStatement
py_list_process_elements,JumpStatement,BreakStatement
py_list_process_elements,JumpStatement,ContinueStatement
py_list_process_elements,JumpStatement,ReturnStatement
py_list_process_elements,IterationStatement,WhileStatement
py_list_process_elements,ExceptionHandlingStatement,TryStatement
py_list_process_elements,ExceptionHandlingStatement,RaiseStatement
py_list_process_elements,ExceptionHandlingStatement,AssertStatement
py_list_process_elements,DefinitionStatement,ClassDefinition
py_list_process_elements,BuiltInFunction,dict()
py_list_process_elements,BuiltInFunction,str()
py_list_process_elements,BuiltInFunction,next()
py_list_process_elements,BuiltInFunction,input()
py_list_process_elements,BuiltInFunction,int()
py_list_process_elements,BuiltInFunction,max()
py_list_process_elements,BuiltInFunction,float()
py_list_process_elements,BuiltInFunction,set()
py_list_process_elements,BuiltInFunction,open()
py_list_process_elements,BuiltInFunction,range()
py_list_process_elements,BuiltInFunction,tuple()
py_list_process_elements,BuiltInFunction,abs()
py_list_process_elements,BuiltInFunction,round()
py_list_process_elements,BuiltInFunction,len()
py_list_process_elements,BuiltInFunction,min()
py_list_process_elements,BuiltInFunction,list()
py_average_list_elements,ClassMethod,__init()__
py_average_list_elements,LogicalOperator,and
py_average_list_elements,LogicalOperator,or
py_average_list_elements,LogicalOperator,not
py_average_list_elements,ArtithmeticOperator,//
py_average_list_elements,ArtithmeticOperator,-
py_average_list_elements,ArtithmeticOperator,**
py_average_list_elements,ArtithmeticOperator,Modulus
py_average_list_elements,ArtithmeticOperator,*
py_average_list_elements,Statement,ExpressionStatement
py_average_list_elements,ConditionalStatement,IfElifElseStatement
py_average_list_elements,ConditionalStatement,IfStatement
py_average_list_elements,ConditionalStatement,IfElifStatement
py_average_list_elements,ImportStatement,Import
py_average_list_elements,ImportStatement,ImportFrom
py_average_list_elements,JumpStatement,PassStatement
py_average_list_elements,JumpStatement,BreakStatement
py_average_list_elements,JumpStatement,ContinueStatement
py_average_list_elements,JumpStatement,ReturnStatement
py_average_list_elements,IterationStatement,WhileStatement
py_average_list_elements,ExceptionHandlingStatement,TryStatement
py_average_list_elements,ExceptionHandlingStatement,RaiseStatement
py_average_list_elements,ExceptionHandlingStatement,AssertStatement
py_average_list_elements,DefinitionStatement,ClassDefinition
py_average_list_elements,BuiltInFunction,dict()
py_average_list_elements,BuiltInFunction,str()
py_average_list_elements,BuiltInFunction,next()
py_average_list_elements,BuiltInFunction,input()
py_average_list_elements,BuiltInFunction,int()
py_average_list_elements,BuiltInFunction,max()
py_average_list_elements,BuiltInFunction,float()
py_average_list_elements,BuiltInFunction,set()
py_average_list_elements,BuiltInFunction,open()
py_average_list_elements,BuiltInFunction,range()
py_average_list_elements,BuiltInFunction,tuple()
py_average_list_elements,BuiltInFunction,abs()
py_average_list_elements,BuiltInFunction,round()
py_average_list_elements,BuiltInFunction,min()
py_average_list_elements,BuiltInFunction,list()
py_search_list,ClassMethod,__init()__
py_search_list_total_count,ClassMethod,__init()__
py_search_list_total_count,Statement,ExpressionStatement
py_search_list_total_count,ConditionalStatement,IfElifElseStatement
py_search_list_total_count,ConditionalStatement,IfElseStatement
py_search_list_total_count,ConditionalStatement,IfElifStatement
py_search_list_total_count,IterationStatement,WhileStatement
py_search_list_total_count,DefinitionStatement,ClassDefinition
py_search_list_count_each,ClassMethod,__init()__
py_search_list_count_each,LogicalOperator,and
py_search_list_count_each,LogicalOperator,or
py_search_list_count_each,LogicalOperator,not
py_search_list_count_each,Statement,ExpressionStatement
py_search_list_count_each,ConditionalStatement,IfElifElseStatement
py_search_list_count_each,ConditionalStatement,IfElseStatement
py_search_list_count_each,ConditionalStatement,IfElifStatement
py_search_list_count_each,IterationStatement,WhileStatement
py_search_list_count_each,DefinitionStatement,ClassDefinition
py_soda_survey,ClassMethod,__init()__
py_soda_survey_soda_avg,ClassMethod,__init()__
py_soda_survey_soda_respondent_avg,ClassMethod,__init()__
py_temperature_list_days_above_threshold,ClassMethod,__init()__
py_reverse_number,ArtithmeticOperator,/
py_reverse_number,IterationStatement,ForStatement
py_work_hours,ClassMethod,__init()__
py_work_hours2,ClassMethod,__init()__
py_work_hours2,ConditionalStatement,IfElifElseStatement
py_work_hours2,ConditionalStatement,IfStatement
py_work_hours2,ConditionalStatement,IfElseStatement
py_work_hours2,ConditionalStatement,IfElifStatement
py_work_hours2,JumpStatement,PassStatement
py_work_hours2,JumpStatement,BreakStatement
py_work_hours2,JumpStatement,ContinueStatement
py_work_hours2,JumpStatement,ReturnStatement
py_work_hours2,DefinitionStatement,ClassDefinition
py_work_hours2,BuiltInFunction,dict()
py_work_hours2,BuiltInFunction,str()
py_work_hours2,BuiltInFunction,next()
py_work_hours2,BuiltInFunction,max()
py_work_hours2,BuiltInFunction,set()
py_work_hours2,BuiltInFunction,tuple()
py_work_hours2,BuiltInFunction,abs()
py_work_hours2,BuiltInFunction,round()
py_work_hours2,BuiltInFunction,len()
py_work_hours2,BuiltInFunction,min()
py_work_hours2,BuiltInFunction,list()
py_check_product_code,ClassMethod,__init()__
py_check_product_code2,ClassMethod,__init()__
py_concat_char_two_str,SubscriptExpression,IndexingExpression
py_concat_char_two_str,ArithmeticExpression,UnaryOperation
py_concat_char_two_str,LogicalExpression,ComparisonExpression
py_concat_char_two_str,LogicalExpression,BooleanExpression
py_concat_char_two_str,Literal,BooleanLiteral
py_concat_char_two_str,Literal,NoneLiteral
py_concat_char_two_str,NumericLiteral,FloatLiteral
py_concat_char_two_str,NumericLiteral,IntegerLiteral
py_concat_char_two_str,ClassMethod,__init()__
py_concat_char_two_str,DefinitionStatement,ClassDefinition
py_concat_char_two_str2,SubscriptExpression,IndexingExpression
py_concat_char_two_str2,ArithmeticExpression,UnaryOperation
py_concat_char_two_str2,LogicalExpression,ComparisonExpression
py_concat_char_two_str2,LogicalExpression,BooleanExpression
py_concat_char_two_str2,Literal,BooleanLiteral
py_concat_char_two_str2,Literal,NoneLiteral
py_concat_char_two_str2,NumericLiteral,FloatLiteral
py_concat_char_two_str2,NumericLiteral,IntegerLiteral
py_concat_char_two_str2,ClassMethod,__init()__
py_concat_char_two_str2,DefinitionStatement,ClassDefinition
py_concat_char_two_str2,BuiltInFunction,dict()
py_concat_char_two_str2,BuiltInFunction,next()
py_concat_char_two_str2,BuiltInFunction,input()
py_concat_char_two_str2,BuiltInFunction,int()
py_concat_char_two_str2,BuiltInFunction,max()
py_concat_char_two_str2,BuiltInFunction,float()
py_concat_char_two_str2,BuiltInFunction,set()
py_concat_char_two_str2,BuiltInFunction,open()
py_concat_char_two_str2,BuiltInFunction,range()
py_concat_char_two_str2,BuiltInFunction,tuple()
py_concat_char_two_str2,BuiltInFunction,abs()
py_concat_char_two_str2,BuiltInFunction,round()
py_concat_char_two_str2,BuiltInFunction,len()
py_concat_char_two_str2,BuiltInFunction,min()
py_concat_char_two_str2,BuiltInFunction,list()
py_str_repeat,ClassMethod,__init()__
py_str_repeat,LogicalOperator,and
py_str_repeat,LogicalOperator,or
py_str_repeat,LogicalOperator,not
py_str_repeat,ArtithmeticOperator,//
py_str_repeat,ArtithmeticOperator,-
py_str_repeat,ArtithmeticOperator,/
py_str_repeat,ArtithmeticOperator,Modulus
py_str_repeat,ArtithmeticOperator,*
py_str_repeat,Statement,ExpressionStatement
py_str_repeat,ConditionalStatement,IfElifElseStatement
py_str_repeat,ConditionalStatement,IfElseStatement
py_str_repeat,ConditionalStatement,IfElifStatement
py_str_repeat,IterationStatement,WhileStatement
py_str_repeat,AssignmentStatement,AugmentedAssignmentStatement
py_str_repeat,DefinitionStatement,ClassDefinition
py_str_repeat,BuiltInFunction,dict()
py_str_repeat,BuiltInFunction,str()
py_str_repeat,BuiltInFunction,next()
py_str_repeat,BuiltInFunction,input()
py_str_repeat,BuiltInFunction,int()
py_str_repeat,BuiltInFunction,max()
py_str_repeat,BuiltInFunction,float()
py_str_repeat,BuiltInFunction,set()
py_str_repeat,BuiltInFunction,open()
py_str_repeat,BuiltInFunction,range()
py_str_repeat,BuiltInFunction,tuple()
py_str_repeat,BuiltInFunction,abs()
py_str_repeat,BuiltInFunction,round()
py_str_repeat,BuiltInFunction,min()
py_str_repeat,BuiltInFunction,list()
py_str_count,SubscriptExpression,IndexingExpression
py_str_count,ArithmeticExpression,UnaryOperation
py_str_count,LogicalExpression,BooleanExpression
py_str_count,Literal,BooleanLiteral
py_str_count,Literal,NoneLiteral
py_str_count,NumericLiteral,FloatLiteral
py_str_count,NumericLiteral,IntegerLiteral
py_str_count,LiteralCollection,TupleLiteral
py_str_count,LiteralCollection,SetLiteral
py_str_count,LiteralCollection,DictLiteral
py_str_count,Error,IOError
py_str_count,Error,FileNotFoundError
py_str_count,Error,ValueError
py_str_count,Error,AssertionError
py_str_count,StringMethod,split()
py_str_count,StringMethod,join()
py_str_count,StringMethod,format()
py_str_count,StringMethod,capitalize()
py_str_count,StringMethod,rstrip()
py_str_count,StringMethod,replace()
py_str_count,DictionaryMethod,values()
py_str_count,DictionaryMethod,keys()
py_str_count,DictionaryMethod,items()
py_str_count,DictionaryMethod,get()
py_str_count,ClassMethod,__init()__
py_str_count,ListMethod,reverse()
py_str_count,ListMethod,insert()
py_str_count,ListMethod,remove()
py_str_count,ListMethod,append()
py_str_count,ListMethod,pop()
py_str_count,FileMethod,readline()
py_str_count,FileMethod,close()
py_str_count,FileMethod,read()
py_str_count,ComparisonOperator,LessOrEqual
py_str_count,ComparisonOperator,Less
py_str_count,ComparisonOperator,Larger
py_str_count,ComparisonOperator,LargerOrEqual
py_str_count,ComparisonOperator,NotEqual
py_str_count,MembershipOperator,in
py_str_count,LogicalOperator,and
py_str_count,LogicalOperator,or
py_str_count,LogicalOperator,not
py_str_count,ArtithmeticOperator,//
py_str_count,ArtithmeticOperator,-
py_str_count,ArtithmeticOperator,+
py_str_count,ArtithmeticOperator,/
py_str_count,ArtithmeticOperator,**
py_str_count,ArtithmeticOperator,Modulus
py_str_count,ArtithmeticOperator,*
py_str_count,ConditionalStatement,IfElifElseStatement
py_str_count,ConditionalStatement,IfElseStatement
py_str_count,ConditionalStatement,IfElifStatement
py_str_count,ImportStatement,Import
py_str_count,ImportStatement,ImportFrom
py_str_count,JumpStatement,PassStatement
py_str_count,JumpStatement,BreakStatement
py_str_count,JumpStatement,ContinueStatement
py_str_count,JumpStatement,ReturnStatement
py_str_count,IterationStatement,WhileStatement
py_str_count,ExceptionHandlingStatement,TryStatement
py_str_count,ExceptionHandlingStatement,RaiseStatement
py_str_count,ExceptionHandlingStatement,AssertStatement
py_str_count,DefinitionStatement,ClassDefinition
py_str_count,BuiltInFunction,dict()
py_str_count,BuiltInFunction,next()
py_str_count,BuiltInFunction,input()
py_str_count,BuiltInFunction,int()
py_str_count,BuiltInFunction,max()
py_str_count,BuiltInFunction,float()
py_str_count,BuiltInFunction,set()
py_str_count,BuiltInFunction,open()
py_str_count,BuiltInFunction,tuple()
py_str_count,BuiltInFunction,abs()
py_str_count,BuiltInFunction,round()
py_str_count,BuiltInFunction,min()
py_str_count,BuiltInFunction,list()
py_str_count2,ClassMethod,__init()__
py_ifelse_odd_even,ClassMethod,__init()__
py_range_one,ClassMethod,__init()__
py_range_one,ConditionalStatement,IfElifElseStatement
py_range_one,ConditionalStatement,IfElseStatement
py_range_one,ConditionalStatement,IfElifStatement
py_range_one,IterationStatement,WhileStatement
py_range_one,AssignmentStatement,AugmentedAssignmentStatement
py_range_one,BuiltInFunction,dict()
py_range_one,BuiltInFunction,str()
py_range_one,BuiltInFunction,next()
py_range_one,BuiltInFunction,input()
py_range_one,BuiltInFunction,int()
py_range_one,BuiltInFunction,max()
py_range_one,BuiltInFunction,float()
py_range_one,BuiltInFunction,set()
py_range_one,BuiltInFunction,open()
py_range_one,BuiltInFunction,tuple()
py_range_one,BuiltInFunction,abs()
py_range_one,BuiltInFunction,round()
py_range_one,BuiltInFunction,len()
py_range_one,BuiltInFunction,min()
py_range_one,BuiltInFunction,list()
py_range1_2,IterationStatement,WhileStatement
py_range_three,ClassMethod,__init()__
py_range_three,IterationStatement,WhileStatement
py_range3_2,ClassMethod,__init()__
py_range3_2,Statement,ExpressionStatement
py_range3_2,ConditionalStatement,IfElifElseStatement
py_range3_2,ConditionalStatement,IfElseStatement
py_range3_2,ConditionalStatement,IfElifStatement
py_range3_2,IterationStatement,WhileStatement
py_range3_2,AssignmentStatement,AugmentedAssignmentStatement
py_range3_2,BuiltInFunction,dict()
py_range3_2,BuiltInFunction,str()
py_range3_2,BuiltInFunction,next()
py_range3_2,BuiltInFunction,input()
py_range3_2,BuiltInFunction,int()
py_range3_2,BuiltInFunction,max()
py_range3_2,BuiltInFunction,float()
py_range3_2,BuiltInFunction,set()
py_range3_2,BuiltInFunction,open()
py_range3_2,BuiltInFunction,tuple()
py_range3_2,BuiltInFunction,abs()
py_range3_2,BuiltInFunction,round()
py_range3_2,BuiltInFunction,len()
py_range3_2,BuiltInFunction,min()
py_range3_2,BuiltInFunction,list()
py_range_two,IterationStatement,WhileStatement
py_range_two,BuiltInFunction,dict()
py_range_two,BuiltInFunction,str()
py_range_two,BuiltInFunction,next()
py_range_two,BuiltInFunction,input()
py_range_two,BuiltInFunction,int()
py_range_two,BuiltInFunction,max()
py_range_two,BuiltInFunction,float()
py_range_two,BuiltInFunction,set()
py_range_two,BuiltInFunction,open()
py_range_two,BuiltInFunction,tuple()
py_range_two,BuiltInFunction,abs()
py_range_two,BuiltInFunction,round()
py_range_two,BuiltInFunction,len()
py_range_two,BuiltInFunction,min()
py_range_two,BuiltInFunction,list()
py_range2_2,LogicalOperator,and
py_range2_2,LogicalOperator,or
py_range2_2,LogicalOperator,not
py_range2_2,ArtithmeticOperator,/
py_range2_2,IterationStatement,WhileStatement
py_range2_2,BuiltInFunction,dict()
py_range2_2,BuiltInFunction,str()
py_range2_2,BuiltInFunction,next()
py_range2_2,BuiltInFunction,input()
py_range2_2,BuiltInFunction,int()
py_range2_2,BuiltInFunction,max()
py_range2_2,BuiltInFunction,float()
py_range2_2,BuiltInFunction,set()
py_range2_2,BuiltInFunction,open()
py_range2_2,BuiltInFunction,tuple()
py_range2_2,BuiltInFunction,abs()
py_range2_2,BuiltInFunction,round()
py_range2_2,BuiltInFunction,len()
py_range2_2,BuiltInFunction,min()
py_range2_2,BuiltInFunction,list()
py_squares,ArtithmeticOperator,/
py_squares,IterationStatement,WhileStatement
py_write_squares_odd,IterationStatement,WhileStatement
py_write_squares_range,ArtithmeticOperator,/
py_write_squares_range,IterationStatement,WhileStatement
py_repeated_sequence,IterationStatement,WhileStatement
py_repeated_sequence,BuiltInFunction,list()
py_repeated_sequence2,ClassMethod,__init()__
py_divisor,Statement,ExpressionStatement
py_divisor,ConditionalStatement,IfElifElseStatement
py_divisor,ConditionalStatement,IfElseStatement
py_divisor,ConditionalStatement,IfElifStatement
py_divisor,IterationStatement,ForStatement
py_largest_divisor,ClassMethod,__init()__
py_input,IterationStatement,ForStatement
py_input,BuiltInFunction,dict()
py_input,BuiltInFunction,str()
py_input,BuiltInFunction,next()
py_input,BuiltInFunction,max()
py_input,BuiltInFunction,float()
py_input,BuiltInFunction,set()
py_input,BuiltInFunction,open()
py_input,BuiltInFunction,range()
py_input,BuiltInFunction,tuple()
py_input,BuiltInFunction,abs()
py_input,BuiltInFunction,round()
py_input,BuiltInFunction,len()
py_input,BuiltInFunction,min()
py_input,BuiltInFunction,list()
py_input2,ClassMethod,__init()__
py_input2,LogicalOperator,or
py_input2,LogicalOperator,not
py_input2,ArtithmeticOperator,//
py_input2,ArtithmeticOperator,-
py_input2,ArtithmeticOperator,+
py_input2,ArtithmeticOperator,/
py_input2,ArtithmeticOperator,**
py_input2,ArtithmeticOperator,Modulus
py_input2,ArtithmeticOperator,*
py_input2,ConditionalStatement,IfElifElseStatement
py_input2,ConditionalStatement,IfElseStatement
py_input2,ConditionalStatement,IfElifStatement
py_input2,ImportStatement,Import
py_input2,ImportStatement,ImportFrom
py_input2,JumpStatement,PassStatement
py_input2,JumpStatement,BreakStatement
py_input2,JumpStatement,ContinueStatement
py_input2,JumpStatement,ReturnStatement
py_input2,IterationStatement,ForStatement
py_input2,ExceptionHandlingStatement,TryStatement
py_input2,ExceptionHandlingStatement,RaiseStatement
py_input2,ExceptionHandlingStatement,AssertStatement
py_input2,AssignmentStatement,AugmentedAssignmentStatement
py_input2,DefinitionStatement,FunctionDefinition
py_input2,DefinitionStatement,ClassDefinition
py_input2,BuiltInFunction,dict()
py_input2,BuiltInFunction,str()
py_input2,BuiltInFunction,next()
py_input2,BuiltInFunction,max()
py_input2,BuiltInFunction,float()
py_input2,BuiltInFunction,set()
py_input2,BuiltInFunction,open()
py_input2,BuiltInFunction,range()
py_input2,BuiltInFunction,tuple()
py_input2,BuiltInFunction,abs()
py_input2,BuiltInFunction,round()
py_input2,BuiltInFunction,len()
py_input2,BuiltInFunction,min()
py_input2,BuiltInFunction,list()
py_input3,IterationStatement,ForStatement
ps_hello,ClassMethod,__init()__
ps_simple_function,ClassMethod,__init()__
ps_simple_function,ConditionalStatement,IfElifElseStatement
ps_simple_function,ConditionalStatement,IfElseStatement
ps_simple_function,ConditionalStatement,IfElifStatement
ps_simple_function,ImportStatement,ImportFrom
ps_simple_function,AssignmentStatement,AugmentedAssignmentStatement
ps_simple_function,DefinitionStatement,ClassDefinition
ps_simple_params,ClassMethod,__init()__
ps_simple_params,ArtithmeticOperator,//
ps_simple_params,ArtithmeticOperator,-
ps_simple_params,ArtithmeticOperator,/
ps_simple_params,ArtithmeticOperator,**
ps_simple_params,ArtithmeticOperator,Modulus
ps_simple_params,ArtithmeticOperator,*
ps_simple_params,Statement,ExpressionStatement
ps_simple_params,DefinitionStatement,ClassDefinition
ps_return_bigger_or_none,ArtithmeticOperator,//
ps_return_bigger_or_none,ArtithmeticOperator,-
ps_return_bigger_or_none,ArtithmeticOperator,+
ps_return_bigger_or_none,ArtithmeticOperator,/
ps_return_bigger_or_none,ArtithmeticOperator,**
ps_return_bigger_or_none,ArtithmeticOperator,Modulus
ps_return_bigger_or_none,ArtithmeticOperator,*
ps_return_bigger_or_none,ConditionalStatement,IfElseStatement
ps_return_bigger_or_none,ImportStatement,Import
ps_return_bigger_or_none,ImportStatement,ImportFrom
ps_return_bigger_or_none,JumpStatement,BreakStatement
ps_return_bigger_or_none,JumpStatement,ContinueStatement
ps_python_addition,ClassMethod,__init()__
ps_python_iteration_addition,ClassMethod,__init()__
ps_python_iteration_addition,IterationStatement,ForStatement
ps_python_iteration_multiplication,ClassMethod,__init()__
ps_python_iteration_multiplication,ArtithmeticOperator,//
ps_python_iteration_multiplication,ArtithmeticOperator,-
ps_python_iteration_multiplication,ArtithmeticOperator,+
ps_python_iteration_multiplication,ArtithmeticOperator,/
ps_python_iteration_multiplication,ArtithmeticOperator,**
ps_python_iteration_multiplication,ArtithmeticOperator,Modulus
ps_python_iteration_multiplication,ConditionalStatement,IfElifElseStatement
ps_python_iteration_multiplication,ConditionalStatement,IfElseStatement
ps_python_iteration_multiplication,ConditionalStatement,IfElifStatement
ps_python_iteration_multiplication,ImportStatement,ImportFrom
ps_python_iteration_multiplication,IterationStatement,ForStatement
ps_python_iteration_multiplication,BuiltInFunction,dict()
ps_python_iteration_multiplication,BuiltInFunction,str()
ps_python_iteration_multiplication,BuiltInFunction,next()
ps_python_iteration_multiplication,BuiltInFunction,input()
ps_python_iteration_multiplication,BuiltInFunction,int()
ps_python_iteration_multiplication,BuiltInFunction,max()
ps_python_iteration_multiplication,BuiltInFunction,float()
ps_python_iteration_multiplication,BuiltInFunction,set()
ps_python_iteration_multiplication,BuiltInFunction,open()
ps_python_iteration_multiplication,BuiltInFunction,tuple()
ps_python_iteration_multiplication,BuiltInFunction,abs()
ps_python_iteration_multiplication,BuiltInFunction,round()
ps_python_iteration_multiplication,BuiltInFunction,len()
ps_python_iteration_multiplication,BuiltInFunction,min()
ps_python_iteration_multiplication,BuiltInFunction,list()
ps_python_calculate_function,MembershipOperator,in
ps_python_calculate_function,LogicalOperator,and
ps_python_calculate_function,LogicalOperator,or
ps_python_calculate_function,LogicalOperator,not
ps_python_calculate_function,ArtithmeticOperator,//
ps_python_calculate_function,ArtithmeticOperator,-
ps_python_calculate_function,ArtithmeticOperator,/
ps_python_calculate_function,ArtithmeticOperator,**
ps_python_calculate_function,ArtithmeticOperator,Modulus
ps_python_calculate_function,Statement,ExpressionStatement
ps_python_calculate_function,ConditionalStatement,IfElifElseStatement
ps_python_calculate_function,ConditionalStatement,IfStatement
ps_python_calculate_function,ConditionalStatement,IfElseStatement
ps_python_calculate_function,ConditionalStatement,IfElifStatement
ps_python_calculate_function,ImportStatement,Import
ps_python_calculate_function,ImportStatement,ImportFrom
ps_python_calculate_function,JumpStatement,PassStatement
ps_python_calculate_function,JumpStatement,BreakStatement
ps_python_calculate_function,JumpStatement,ContinueStatement
ps_python_calculate_function,IterationStatement,ForStatement
ps_python_calculate_function,IterationStatement,WhileStatement
ps_python_calculate_function,ExceptionHandlingStatement,TryStatement
ps_python_calculate_function,ExceptionHandlingStatement,RaiseStatement
ps_python_calculate_function,ExceptionHandlingStatement,AssertStatement
ps_python_calculate_function,AssignmentStatement,AugmentedAssignmentStatement
ps_python_calculate_function,DefinitionStatement,ClassDefinition
ps_python_calculate_function,BuiltInFunction,dict()
ps_python_calculate_function,BuiltInFunction,str()
ps_python_calculate_function,BuiltInFunction,next()
ps_python_calculate_function,BuiltInFunction,input()
ps_python_calculate_function,BuiltInFunction,int()
ps_python_calculate_function,BuiltInFunction,max()
ps_python_calculate_function,BuiltInFunction,float()
ps_python_calculate_function,BuiltInFunction,set()
ps_python_calculate_function,BuiltInFunction,open()
ps_python_calculate_function,BuiltInFunction,range()
ps_python_calculate_function,BuiltInFunction,tuple()
ps_python_calculate_function,BuiltInFunction,abs()
ps_python_calculate_function,BuiltInFunction,round()
ps_python_calculate_function,BuiltInFunction,len()
ps_python_calculate_function,BuiltInFunction,min()
ps_python_calculate_function,BuiltInFunction,list()
ps_python_nested_calls,Statement,ExpressionStatement
ps_python_nested_calls,ImportStatement,Import
ps_python_nested_calls,ImportStatement,ImportFrom
ps_python_nested_calls,AssignmentStatement,AugmentedAssignmentStatement
ps_python_nested_calls,DefinitionStatement,ClassDefinition
ps_python_nested_calls,BuiltInFunction,dict()
ps_python_recursive_factorial,ClassMethod,__init()__
ps_python_recursive_factorial,Statement,ExpressionStatement
ps_python_recursive_factorial,ConditionalStatement,IfElifElseStatement
ps_python_recursive_factorial,ConditionalStatement,IfElifStatement
ps_python_recursive_factorial,AssignmentStatement,AugmentedAssignmentStatement
ps_python_recursive_factorial,DefinitionStatement,ClassDefinition
ps_python_modulo_is_even,MembershipOperator,in
ps_python_modulo_is_even,LogicalOperator,and
ps_python_modulo_is_even,LogicalOperator,or
ps_python_modulo_is_even,LogicalOperator,not
ps_python_modulo_is_even,ArtithmeticOperator,//
ps_python_modulo_is_even,ArtithmeticOperator,-
ps_python_modulo_is_even,ArtithmeticOperator,+
ps_python_modulo_is_even,ArtithmeticOperator,/
ps_python_modulo_is_even,ArtithmeticOperator,**
ps_python_modulo_is_even,ArtithmeticOperator,*
ps_python_modulo_is_even,Statement,ExpressionStatement
ps_python_modulo_is_even,ConditionalStatement,IfElifElseStatement
ps_python_modulo_is_even,ConditionalStatement,IfElifStatement
ps_python_modulo_is_even,ImportStatement,Import
ps_python_modulo_is_even,ImportStatement,ImportFrom
ps_python_modulo_is_even,JumpStatement,PassStatement
ps_python_modulo_is_even,JumpStatement,BreakStatement
ps_python_modulo_is_even,JumpStatement,ContinueStatement
ps_python_modulo_is_even,IterationStatement,ForStatement
ps_python_modulo_is_even,IterationStatement,WhileStatement
ps_python_modulo_is_even,ExceptionHandlingStatement,TryStatement
ps_python_modulo_is_even,ExceptionHandlingStatement,RaiseStatement
ps_python_modulo_is_even,ExceptionHandlingStatement,AssertStatement
ps_python_modulo_is_even,AssignmentStatement,SimpleAssignmentStatement
ps_python_modulo_is_even,AssignmentStatement,AugmentedAssignmentStatement
ps_python_modulo_is_even,DefinitionStatement,ClassDefinition
ps_python_modulo_is_even,BuiltInFunction,dict()
ps_python_modulo_is_even,BuiltInFunction,str()
ps_python_modulo_is_even,BuiltInFunction,next()
ps_python_modulo_is_even,BuiltInFunction,input()
ps_python_modulo_is_even,BuiltInFunction,int()
ps_python_modulo_is_even,BuiltInFunction,max()
ps_python_modulo_is_even,BuiltInFunction,float()
ps_python_modulo_is_even,BuiltInFunction,set()
ps_python_modulo_is_even,BuiltInFunction,open()
ps_python_modulo_is_even,BuiltInFunction,range()
ps_python_modulo_is_even,BuiltInFunction,tuple()
ps_python_modulo_is_even,BuiltInFunction,abs()
ps_python_modulo_is_even,BuiltInFunction,round()
ps_python_modulo_is_even,BuiltInFunction,len()
ps_python_modulo_is_even,BuiltInFunction,min()
ps_python_modulo_is_even,BuiltInFunction,print()
ps_python_modulo_is_even,BuiltInFunction,list()
ps_python_list_iteration_zoo,ClassMethod,__init()__
ps_python_list_iteration_zoo,IterationStatement,WhileStatement
ps_python_nested_lists_indexing,ClassMethod,__init()__
ps_python_string_indexing,ArithmeticExpression,BinaryOperation
ps_python_string_indexing,ArithmeticExpression,UnaryOperation
ps_python_string_indexing,LogicalExpression,ComparisonExpression
ps_python_string_indexing,LogicalExpression,BooleanExpression
ps_python_string_indexing,ClassMethod,__init()__
ps_python_dict_keys,ClassMethod,__init()__
ps_python_dict_keys,LogicalOperator,or
ps_python_dict_keys,LogicalOperator,not
ps_python_dict_keys,ArtithmeticOperator,//
ps_python_dict_keys,ArtithmeticOperator,-
ps_python_dict_keys,ArtithmeticOperator,+
ps_python_dict_keys,ArtithmeticOperator,/
ps_python_dict_keys,ArtithmeticOperator,**
ps_python_dict_keys,ArtithmeticOperator,Modulus
ps_python_dict_keys,ArtithmeticOperator,*
ps_python_dict_keys,Statement,ExpressionStatement
ps_python_dict_keys,ConditionalStatement,IfElifElseStatement
ps_python_dict_keys,ConditionalStatement,IfElseStatement
ps_python_dict_keys,ConditionalStatement,IfElifStatement
ps_python_dict_keys,ImportStatement,ImportFrom
ps_python_dict_keys,JumpStatement,PassStatement
ps_python_dict_keys,JumpStatement,BreakStatement
ps_python_dict_keys,JumpStatement,ContinueStatement
ps_python_dict_keys,IterationStatement,WhileStatement
ps_python_dict_keys,ExceptionHandlingStatement,TryStatement
ps_python_dict_keys,ExceptionHandlingStatement,RaiseStatement
ps_python_dict_keys,ExceptionHandlingStatement,AssertStatement
ps_python_dict_keys,AssignmentStatement,AugmentedAssignmentStatement
ps_python_dict_keys,DefinitionStatement,ClassDefinition
ps_python_dict_keys,BuiltInFunction,dict()
ps_python_dict_keys,BuiltInFunction,str()
ps_python_dict_keys,BuiltInFunction,next()
ps_python_dict_keys,BuiltInFunction,input()
ps_python_dict_keys,BuiltInFunction,int()
ps_python_dict_keys,BuiltInFunction,max()
ps_python_dict_keys,BuiltInFunction,float()
ps_python_dict_keys,BuiltInFunction,set()
ps_python_dict_keys,BuiltInFunction,open()
ps_python_dict_keys,BuiltInFunction,range()
ps_python_dict_keys,BuiltInFunction,tuple()
ps_python_dict_keys,BuiltInFunction,abs()
ps_python_dict_keys,BuiltInFunction,round()
ps_python_dict_keys,BuiltInFunction,len()
ps_python_dict_keys,BuiltInFunction,min()
ps_python_dict_keys,BuiltInFunction,list()
ps_python_dict_values,IterationStatement,WhileStatement
ps_python_dict_values,BuiltInFunction,str()
ps_python_dict_values,BuiltInFunction,next()
ps_python_dict_values,BuiltInFunction,input()
ps_python_dict_values,BuiltInFunction,int()
ps_python_dict_values,BuiltInFunction,max()
ps_python_dict_values,BuiltInFunction,float()
ps_python_dict_values,BuiltInFunction,set()
ps_python_dict_values,BuiltInFunction,open()
ps_python_dict_values,BuiltInFunction,range()
ps_python_dict_values,BuiltInFunction,tuple()
ps_python_dict_values,BuiltInFunction,abs()
ps_python_dict_values,BuiltInFunction,round()
ps_python_dict_values,BuiltInFunction,len()
ps_python_dict_values,BuiltInFunction,min()
ps_python_dict_values,BuiltInFunction,list()
ps_python_dict_filter,ClassMethod,__init()__
ps_python_conditionals_temperature,ClassMethod,__init()__
ps_python_conditionals_temperature,ConditionalStatement,IfElifStatement
ps_python_conditionals_temperature,ImportStatement,Import
ps_python_conditionals_temperature,ImportStatement,ImportFrom
ps_python_conditionals_temperature,JumpStatement,PassStatement
ps_python_conditionals_temperature,JumpStatement,BreakStatement
ps_python_conditionals_temperature,JumpStatement,ContinueStatement
ps_python_conditionals_temperature,JumpStatement,ReturnStatement
ps_python_conditionals_temperature,IterationStatement,ForStatement
ps_python_conditionals_temperature,IterationStatement,WhileStatement
ps_python_conditionals_temperature,ExceptionHandlingStatement,TryStatement
ps_python_conditionals_temperature,ExceptionHandlingStatement,RaiseStatement
ps_python_conditionals_temperature,ExceptionHandlingStatement,AssertStatement
ps_python_conditionals_temperature,BuiltInFunction,list()
ps_python_printing_file_contents,SubscriptExpression,IndexingExpression
ps_python_printing_file_contents,SubscriptExpression,SlicingExpression
ps_python_printing_file_contents,ArithmeticExpression,BinaryOperation
ps_python_printing_file_contents,ArithmeticExpression,UnaryOperation
ps_python_printing_file_contents,LogicalExpression,ComparisonExpression
ps_python_printing_file_contents,LogicalExpression,BooleanExpression
ps_python_printing_file_contents,Literal,BooleanLiteral
ps_python_printing_file_contents,Literal,NoneLiteral
ps_python_printing_file_contents,NumericLiteral,FloatLiteral
ps_python_printing_file_contents,NumericLiteral,IntegerLiteral
ps_python_printing_file_contents,LiteralCollection,TupleLiteral
ps_python_printing_file_contents,LiteralCollection,SetLiteral
ps_python_printing_file_contents,LiteralCollection,ListLiteral
ps_python_printing_file_contents,LiteralCollection,DictLiteral
ps_python_printing_file_contents,Error,TypeError
ps_python_printing_file_contents,Error,IndexError
ps_python_printing_file_contents,Error,IOError
ps_python_printing_file_contents,Error,FileNotFoundError
ps_python_printing_file_contents,Error,ValueError
ps_python_printing_file_contents,Error,AssertionError
ps_python_printing_file_contents,StringMethod,split()
ps_python_printing_file_contents,StringMethod,lower()
ps_python_printing_file_contents,StringMethod,join()
ps_python_printing_file_contents,StringMethod,format()
ps_python_printing_file_contents,StringMethod,capitalize()
ps_python_printing_file_contents,StringMethod,rstrip()
ps_python_printing_file_contents,StringMethod,replace()
ps_python_printing_file_contents,DictionaryMethod,values()
ps_python_printing_file_contents,DictionaryMethod,keys()
ps_python_printing_file_contents,DictionaryMethod,items()
ps_python_printing_file_contents,DictionaryMethod,get()
ps_python_printing_file_contents,ClassMethod,__init()__
ps_python_printing_file_contents,ListMethod,reverse()
ps_python_printing_file_contents,ListMethod,insert()
ps_python_printing_file_contents,ListMethod,remove()
ps_python_printing_file_contents,ListMethod,append()
ps_python_printing_file_contents,ListMethod,pop()
ps_python_printing_file_contents,FileMethod,read()
ps_python_printing_file_contents,ComparisonOperator,LessOrEqual
ps_python_printing_file_contents,ComparisonOperator,Less
ps_python_printing_file_contents,ComparisonOperator,Larger
ps_python_printing_file_contents,ComparisonOperator,LargerOrEqual
ps_python_printing_file_contents,ComparisonOperator,==
ps_python_printing_file_contents,IterationStatement,ForStatement
ps_python_printing_file_contents,BuiltInFunction,dict()
ps_python_printing_file_contents,BuiltInFunction,str()
ps_python_printing_file_contents,BuiltInFunction,next()
ps_python_printing_file_contents,BuiltInFunction,input()
ps_python_printing_file_contents,BuiltInFunction,int()
ps_python_printing_file_contents,BuiltInFunction,max()
ps_python_printing_file_contents,BuiltInFunction,float()
ps_python_printing_file_contents,BuiltInFunction,set()
ps_python_printing_file_contents,BuiltInFunction,range()
ps_python_printing_file_contents,BuiltInFunction,tuple()
ps_python_printing_file_contents,BuiltInFunction,abs()
ps_python_printing_file_contents,BuiltInFunction,round()
ps_python_printing_file_contents,BuiltInFunction,len()
ps_python_printing_file_contents,BuiltInFunction,min()
ps_python_printing_file_contents,BuiltInFunction,list()
ps_python_try_except,ConditionalStatement,IfElifElseStatement
ps_python_try_except,ConditionalStatement,IfElseStatement
ps_python_try_except,ConditionalStatement,IfElifStatement
ps_python_try_except,IterationStatement,ForStatement
ps_python_try_except,IterationStatement,WhileStatement
ps_python_try_except,ExceptionHandlingStatement,AssertStatement
ps_python_try_except,DefinitionStatement,ClassDefinition
ps_python_try_except,BuiltInFunction,dict()
ps_python_try_except,BuiltInFunction,str()
ps_python_try_except,BuiltInFunction,next()
ps_python_try_except,BuiltInFunction,input()
ps_python_try_except,BuiltInFunction,int()
ps_python_try_except,BuiltInFunction,max()
ps_python_try_except,BuiltInFunction,float()
ps_python_try_except,BuiltInFunction,set()
ps_python_try_except,BuiltInFunction,open()
ps_python_try_except,BuiltInFunction,range()
ps_python_try_except,BuiltInFunction,tuple()
ps_python_try_except,BuiltInFunction,abs()
ps_python_try_except,BuiltInFunction,round()
ps_python_try_except,BuiltInFunction,len()
ps_python_try_except,BuiltInFunction,min()
ps_python_try_except,BuiltInFunction,list()
ps_python_add_to_list,ClassMethod,__init()__
ps_python_add_to_list,LogicalOperator,and
ps_python_add_to_list,LogicalOperator,or
ps_python_add_to_list,LogicalOperator,not
ps_python_add_to_list,ArtithmeticOperator,//
ps_python_add_to_list,ArtithmeticOperator,-
ps_python_add_to_list,ArtithmeticOperator,/
ps_python_add_to_list,ArtithmeticOperator,**
ps_python_add_to_list,ArtithmeticOperator,Modulus
ps_python_add_to_list,ArtithmeticOperator,*
ps_python_add_to_list,ConditionalStatement,IfElifElseStatement
ps_python_add_to_list,ConditionalStatement,IfStatement
ps_python_add_to_list,ConditionalStatement,IfElseStatement
ps_python_add_to_list,ConditionalStatement,IfElifStatement
ps_python_add_to_list,ImportStatement,Import
ps_python_add_to_list,ImportStatement,ImportFrom
ps_python_add_to_list,JumpStatement,PassStatement
ps_python_add_to_list,JumpStatement,BreakStatement
ps_python_add_to_list,JumpStatement,ContinueStatement
ps_python_add_to_list,JumpStatement,ReturnStatement
ps_python_add_to_list,IterationStatement,WhileStatement
ps_python_add_to_list,ExceptionHandlingStatement,TryStatement
ps_python_add_to_list,ExceptionHandlingStatement,RaiseStatement
ps_python_add_to_list,ExceptionHandlingStatement,AssertStatement
ps_python_add_to_list,AssignmentStatement,SimpleAssignmentStatement
ps_python_add_to_list,DefinitionStatement,ClassDefinition
ps_python_add_to_list,BuiltInFunction,dict()
ps_python_add_to_list,BuiltInFunction,str()
ps_python_add_to_list,BuiltInFunction,next()
ps_python_add_to_list,BuiltInFunction,input()
ps_python_add_to_list,BuiltInFunction,int()
ps_python_add_to_list,BuiltInFunction,max()
ps_python_add_to_list,BuiltInFunction,float()
ps_python_add_to_list,BuiltInFunction,set()
ps_python_add_to_list,BuiltInFunction,open()
ps_python_add_to_list,BuiltInFunction,tuple()
ps_python_add_to_list,BuiltInFunction,abs()
ps_python_add_to_list,BuiltInFunction,round()
ps_python_add_to_list,BuiltInFunction,min()
ps_python_add_to_list,BuiltInFunction,print()
ps_python_add_to_list,BuiltInFunction,list()
ps_python_for_odd_or_even,ClassMethod,__init()__
ps_python_for_odd_or_even,Statement,ExpressionStatement
ps_python_for_odd_or_even,ConditionalStatement,IfElifElseStatement
ps_python_for_odd_or_even,ConditionalStatement,IfStatement
ps_python_for_odd_or_even,ConditionalStatement,IfElifStatement
ps_python_for_odd_or_even,IterationStatement,WhileStatement
ps_python_try_adding,Statement,ExpressionStatement
ps_python_try_adding,ImportStatement,Import
ps_python_try_adding,ImportStatement,ImportFrom
ps_python_try_adding,IterationStatement,ForStatement
ps_python_try_adding,IterationStatement,WhileStatement
ps_python_try_adding,DefinitionStatement,ClassDefinition
ps_python_class_point,ArtithmeticOperator,/
ps_python_class_point,Statement,ExpressionStatement
ps_python_class_point,ConditionalStatement,IfElifElseStatement
ps_python_class_point,ConditionalStatement,IfStatement
ps_python_class_point,ConditionalStatement,IfElseStatement
ps_python_class_point,ConditionalStatement,IfElifStatement
ps_python_class_point,ImportStatement,ImportFrom
ps_python_2d_list,ClassMethod,__init()__
ps_python_2d_list,LogicalOperator,and
ps_python_2d_list,LogicalOperator,or
ps_python_2d_list,LogicalOperator,not
ps_python_2d_list,ArtithmeticOperator,//
ps_python_2d_list,ArtithmeticOperator,-
ps_python_2d_list,ArtithmeticOperator,/
ps_python_2d_list,ArtithmeticOperator,**
ps_python_2d_list,ArtithmeticOperator,Modulus
ps_python_2d_list,ConditionalStatement,IfElifElseStatement
ps_python_2d_list,ConditionalStatement,IfElseStatement
ps_python_2d_list,ConditionalStatement,IfElifStatement
ps_python_2d_list,ImportStatement,ImportFrom
ps_python_2d_list,JumpStatement,PassStatement
ps_python_2d_list,JumpStatement,BreakStatement
ps_python_2d_list,JumpStatement,ContinueStatement
ps_python_2d_list,IterationStatement,WhileStatement
ps_python_2d_list,BuiltInFunction,str()
ps_python_2d_list,BuiltInFunction,open()
ps_python_2d_list,BuiltInFunction,tuple()
ps_python_2d_list,BuiltInFunction,abs()
ps_python_2d_list,BuiltInFunction,round()
ps_python_nested_loops,ArtithmeticOperator,/
ps_python_nested_loops,ArtithmeticOperator,*
ps_python_nested_loops,Statement,ExpressionStatement
ps_python_nested_loops,IterationStatement,ForStatement
