exercise_name,parent,leaf_class
py_fail_course2,ClassMethod,__init()__
py_fail_course3,ClassMethod,__init()__
py_phone_age,ClassMethod,__init()__
py_phone_age2,ClassMethod,__init()__
py_check_age,ClassMethod,__init()__
py_check_age2,ClassMethod,__init()__
py_three_boolean2,ClassMethod,__init()__
py_three_boolean3,ClassMethod,__init()__
py_boolean_dry_hot,ClassMethod,__init()__
py_str_repeat_chars,IterationStatement,WhileStatement
py_str_repeat_chars,DefinitionStatement,ClassDefinition
py_str_repeat2,ClassMethod,__init()__
py_str_repeat2,MembershipOperator,in
py_str_repeat2,LogicalOperator,and
py_str_repeat2,LogicalOperator,or
py_str_repeat2,LogicalOperator,not
py_str_repeat2,ArtithmeticOperator,//
py_str_repeat2,ArtithmeticOperator,-
py_str_repeat2,ArtithmeticOperator,/
py_str_repeat2,ArtithmeticOperator,**
py_str_repeat2,ArtithmeticOperator,Modulus
py_str_repeat2,Statement,ExpressionStatement
py_str_repeat2,ConditionalStatement,IfElifElseStatement
py_str_repeat2,ConditionalStatement,IfStatement
py_str_repeat2,ConditionalStatement,IfElseStatement
py_str_repeat2,ConditionalStatement,IfElifStatement
py_str_repeat2,ImportStatement,Import
py_str_repeat2,ImportStatement,ImportFrom
py_str_repeat2,JumpStatement,PassStatement
py_str_repeat2,JumpStatement,BreakStatement
py_str_repeat2,JumpStatement,ContinueStatement
py_str_repeat2,JumpStatement,ReturnStatement
py_str_repeat2,IterationStatement,WhileStatement
py_str_repeat2,ExceptionHandlingStatement,TryStatement
py_str_repeat2,ExceptionHandlingStatement,RaiseStatement
py_str_repeat2,ExceptionHandlingStatement,AssertStatement
py_str_repeat2,AssignmentStatement,AugmentedAssignmentStatement
py_str_repeat2,DefinitionStatement,ClassDefinition
py_str_repeat2,BuiltInFunction,dict()
py_str_repeat2,BuiltInFunction,str()
py_str_repeat2,BuiltInFunction,next()
py_str_repeat2,BuiltInFunction,input()
py_str_repeat2,BuiltInFunction,int()
py_str_repeat2,BuiltInFunction,max()
py_str_repeat2,BuiltInFunction,float()
py_str_repeat2,BuiltInFunction,set()
py_str_repeat2,BuiltInFunction,open()
py_str_repeat2,BuiltInFunction,tuple()
py_str_repeat2,BuiltInFunction,abs()
py_str_repeat2,BuiltInFunction,round()
py_str_repeat2,BuiltInFunction,min()
py_str_repeat2,BuiltInFunction,list()
py_file_input_stat,LogicalOperator,and
py_file_input_stat,LogicalOperator,or
py_file_input_stat,LogicalOperator,not
py_file_input_stat,Statement,ExpressionStatement
py_file_input_stat,ConditionalStatement,IfElifElseStatement
py_file_input_stat,ConditionalStatement,IfElseStatement
py_file_input_stat,ConditionalStatement,IfElifStatement
py_file_input_stat,IterationStatement,WhileStatement
py_file_input_stat,AssignmentStatement,AugmentedAssignmentStatement
py_file_input_stat,DefinitionStatement,ClassDefinition
py_file_input_stat,BuiltInFunction,dict()
py_file_input_stat,BuiltInFunction,next()
py_file_input_stat,BuiltInFunction,input()
py_file_input_stat,BuiltInFunction,int()
py_file_input_stat,BuiltInFunction,max()
py_file_input_stat,BuiltInFunction,float()
py_file_input_stat,BuiltInFunction,set()
py_file_input_stat,BuiltInFunction,range()
py_file_input_stat,BuiltInFunction,tuple()
py_file_input_stat,BuiltInFunction,abs()
py_file_input_stat,BuiltInFunction,round()
py_file_input_stat,BuiltInFunction,min()
py_file_input_stat,BuiltInFunction,list()
py_student_score,ClassMethod,__init()__
py_score_dict2,ClassMethod,__init()__
py_score_dict2,LogicalOperator,and
py_score_dict2,LogicalOperator,or
py_score_dict2,LogicalOperator,not
py_score_dict2,ArtithmeticOperator,//
py_score_dict2,ArtithmeticOperator,-
py_score_dict2,ArtithmeticOperator,**
py_score_dict2,ArtithmeticOperator,Modulus
py_score_dict2,ArtithmeticOperator,*
py_score_dict2,Statement,ExpressionStatement
py_score_dict2,ConditionalStatement,IfElifElseStatement
py_score_dict2,ConditionalStatement,IfStatement
py_score_dict2,ConditionalStatement,IfElifStatement
py_score_dict2,ImportStatement,Import
py_score_dict2,ImportStatement,ImportFrom
py_score_dict2,JumpStatement,PassStatement
py_score_dict2,JumpStatement,BreakStatement
py_score_dict2,JumpStatement,ContinueStatement
py_score_dict2,JumpStatement,ReturnStatement
py_score_dict2,IterationStatement,WhileStatement
py_score_dict2,ExceptionHandlingStatement,TryStatement
py_score_dict2,ExceptionHandlingStatement,RaiseStatement
py_score_dict2,ExceptionHandlingStatement,AssertStatement
py_score_dict2,AssignmentStatement,AugmentedAssignmentStatement
py_score_dict2,DefinitionStatement,ClassDefinition
py_score_dict2,BuiltInFunction,dict()
py_score_dict2,BuiltInFunction,str()
py_score_dict2,BuiltInFunction,next()
py_score_dict2,BuiltInFunction,input()
py_score_dict2,BuiltInFunction,int()
py_score_dict2,BuiltInFunction,max()
py_score_dict2,BuiltInFunction,float()
py_score_dict2,BuiltInFunction,set()
py_score_dict2,BuiltInFunction,open()
py_score_dict2,BuiltInFunction,tuple()
py_score_dict2,BuiltInFunction,abs()
py_score_dict2,BuiltInFunction,round()
py_score_dict2,BuiltInFunction,min()
py_score_dict2,BuiltInFunction,list()
bjects_classes_loan,ClassMethod,__init()__
bjects_classes_loan,ArtithmeticOperator,+
bjects_classes_loan,ConditionalStatement,IfElifElseStatement
bjects_classes_loan,ConditionalStatement,IfStatement
bjects_classes_loan,ConditionalStatement,IfElseStatement
bjects_classes_loan,ConditionalStatement,IfElifStatement
bjects_classes_loan,AssignmentStatement,AugmentedAssignmentStatement
bjects_classes_loan,BuiltInFunction,dict()
bjects_classes_loan,BuiltInFunction,str()
bjects_classes_loan,BuiltInFunction,next()
bjects_classes_loan,BuiltInFunction,max()
bjects_classes_loan,BuiltInFunction,set()
bjects_classes_loan,BuiltInFunction,open()
bjects_classes_loan,BuiltInFunction,range()
bjects_classes_loan,BuiltInFunction,tuple()
bjects_classes_loan,BuiltInFunction,abs()
bjects_classes_loan,BuiltInFunction,round()
bjects_classes_loan,BuiltInFunction,len()
bjects_classes_loan,BuiltInFunction,min()
bjects_classes_loan,BuiltInFunction,list()
py_tv2,ArtithmeticOperator,/
py_tv2,ArtithmeticOperator,*
py_tv2,Statement,ExpressionStatement
py_tv2,ConditionalStatement,IfElifElseStatement
py_tv2,ConditionalStatement,IfElseStatement
py_tv2,ConditionalStatement,IfElifStatement
py_tv2,IterationStatement,ForStatement
py_tv2,IterationStatement,WhileStatement
py_tv2,AssignmentStatement,AugmentedAssignmentStatement
py_tv2,BuiltInFunction,dict()
py_tv2,BuiltInFunction,next()
py_tv2,BuiltInFunction,input()
py_tv2,BuiltInFunction,int()
py_tv2,BuiltInFunction,max()
py_tv2,BuiltInFunction,float()
py_tv2,BuiltInFunction,set()
py_tv2,BuiltInFunction,open()
py_tv2,BuiltInFunction,range()
py_tv2,BuiltInFunction,tuple()
py_tv2,BuiltInFunction,abs()
py_tv2,BuiltInFunction,round()
py_tv2,BuiltInFunction,len()
py_tv2,BuiltInFunction,min()
py_tv2,BuiltInFunction,list()
objects_classes_point,Statement,ExpressionStatement
objects_classes_point,IterationStatement,ForStatement
objects_classes_point,IterationStatement,WhileStatement
objects_classes_point,BuiltInFunction,dict()
py_point2,ArtithmeticOperator,-
py_point2,ArtithmeticOperator,/
py_point2,ConditionalStatement,IfElifElseStatement
py_point2,ConditionalStatement,IfStatement
py_point2,ConditionalStatement,IfElseStatement
py_point2,ConditionalStatement,IfElifStatement
py_point2,AssignmentStatement,AugmentedAssignmentStatement
py_point2,BuiltInFunction,dict()
py_point2,BuiltInFunction,next()
py_point2,BuiltInFunction,input()
py_point2,BuiltInFunction,int()
py_point2,BuiltInFunction,max()
py_point2,BuiltInFunction,float()
py_point2,BuiltInFunction,set()
py_point2,BuiltInFunction,open()
py_point2,BuiltInFunction,range()
py_point2,BuiltInFunction,tuple()
py_point2,BuiltInFunction,abs()
py_point2,BuiltInFunction,round()
py_point2,BuiltInFunction,len()
py_point2,BuiltInFunction,min()
py_point2,BuiltInFunction,list()
py_account2,LogicalOperator,or
py_account2,LogicalOperator,not
py_account2,Statement,ExpressionStatement
py_account2,ConditionalStatement,IfElifElseStatement
py_account2,ConditionalStatement,IfElseStatement
py_account2,ConditionalStatement,IfElifStatement
py_account2,ImportStatement,Import
py_account2,ImportStatement,ImportFrom
py_account2,AssignmentStatement,AugmentedAssignmentStatement
py_account2,BuiltInFunction,dict()
py_account2,BuiltInFunction,str()
py_account2,BuiltInFunction,next()
py_account2,BuiltInFunction,input()
py_account2,BuiltInFunction,int()
py_account2,BuiltInFunction,max()
py_account2,BuiltInFunction,float()
py_account2,BuiltInFunction,set()
py_account2,BuiltInFunction,open()
py_account2,BuiltInFunction,range()
py_account2,BuiltInFunction,tuple()
py_account2,BuiltInFunction,abs()
py_account2,BuiltInFunction,round()
py_account2,BuiltInFunction,len()
py_account2,BuiltInFunction,min()
py_account2,BuiltInFunction,list()
py_first_char_words_dict,ClassMethod,__init()__
ae_adl_hello,ClassMethod,__init()__
ae_adl_hello,AssignmentStatement,AugmentedAssignmentStatement
ae_adl_variables,ClassMethod,__init()__
ae_adl_arithmetics2,Literal,BooleanLiteral
ae_adl_arithmetics2,Literal,NoneLiteral
ae_adl_arithmetics2,NumericLiteral,IntegerLiteral
ae_adl_arithmetics2,ClassMethod,__init()__
ae_adl_arithmetics2,IterationStatement,ForStatement
ae_adl_arithmetics2,IterationStatement,WhileStatement
ae_adl_swap,ClassMethod,__init()__
ae_adl_swap,ArtithmeticOperator,//
ae_adl_swap,ArtithmeticOperator,-
ae_adl_swap,ArtithmeticOperator,/
ae_adl_swap,ArtithmeticOperator,**
ae_adl_swap,ArtithmeticOperator,Modulus
ae_adl_swap,ArtithmeticOperator,*
ae_adl_swap,Statement,ExpressionStatement
ae_adl_swap,ConditionalStatement,IfElifElseStatement
ae_adl_swap,ConditionalStatement,IfElseStatement
ae_adl_swap,ConditionalStatement,IfElifStatement
ae_adl_swap,ImportStatement,Import
ae_adl_swap,ImportStatement,ImportFrom
ae_adl_swap,AssignmentStatement,AugmentedAssignmentStatement
ae_adl_swap,BuiltInFunction,dict()
ae_adl_comparison,ArithmeticExpression,UnaryOperation
ae_adl_comparison,Literal,BooleanLiteral
ae_adl_comparison,Literal,NoneLiteral
ae_adl_comparison,NumericLiteral,FloatLiteral
ae_adl_comparison,ClassMethod,__init()__
ae_adl_comparison,Operator,=
ae_adl_comparison,ComparisonOperator,LessOrEqual
ae_adl_comparison,ComparisonOperator,LargerOrEqual
ae_adl_comparison,ComparisonOperator,==
ae_adl_logic,NumericLiteral,FloatLiteral
ae_adl_logic,ClassMethod,__init()__
ae_adl_greet,ClassMethod,__init()__
ae_adl_hiscore1,ClassMethod,__init()__
ae_adl_hiscore1,MembershipOperator,in
ae_adl_hiscore1,ConditionalStatement,IfElifElseStatement
ae_adl_hiscore1,ConditionalStatement,IfElseStatement
ae_adl_hiscore1,ConditionalStatement,IfElifStatement
ae_adl_hiscore2,ConditionalStatement,IfElifElseStatement
ae_adl_hiscore2,ConditionalStatement,IfElseStatement
ae_adl_hiscore2,ConditionalStatement,IfElifStatement
ae_adl_hiscore2,BuiltInFunction,min()
ae_adl_ifelifelse,ArtithmeticOperator,//
ae_adl_ifelifelse,ArtithmeticOperator,-
ae_adl_ifelifelse,ArtithmeticOperator,+
ae_adl_ifelifelse,ArtithmeticOperator,/
ae_adl_ifelifelse,ArtithmeticOperator,**
ae_adl_ifelifelse,ArtithmeticOperator,Modulus
ae_adl_ifelifelse,ArtithmeticOperator,*
ae_adl_ifelifelse,BuiltInFunction,next()
ae_adl_ifelifelse,BuiltInFunction,max()
ae_adl_ifelifelse,BuiltInFunction,float()
ae_adl_ifelifelse,BuiltInFunction,set()
ae_adl_ifelifelse,BuiltInFunction,open()
ae_adl_ifelifelse,BuiltInFunction,tuple()
ae_adl_ifelifelse,BuiltInFunction,abs()
ae_adl_ifelifelse,BuiltInFunction,round()
ae_adl_ifelifelse,BuiltInFunction,min()
ae_adl_nested_if,ClassMethod,__init()__
ae_adl_nested_if,ImportStatement,Import
ae_adl_nested_if,ImportStatement,ImportFrom
ae_adl_nested_if,JumpStatement,PassStatement
ae_adl_nested_if,JumpStatement,BreakStatement
ae_adl_nested_if,JumpStatement,ContinueStatement
ae_adl_nested_if,JumpStatement,ReturnStatement
ae_adl_nested_if,IterationStatement,ForStatement
ae_adl_nested_if,IterationStatement,WhileStatement
ae_adl_nested_if,ExceptionHandlingStatement,TryStatement
ae_adl_nested_if,ExceptionHandlingStatement,RaiseStatement
ae_adl_nested_if,ExceptionHandlingStatement,AssertStatement
ae_adl_nested_if,BuiltInFunction,list()
ae_adl_while,ClassMethod,__init()__
ae_adl_while,Statement,ExpressionStatement
ae_adl_while,IterationStatement,ForStatement
ae_adl_while,AssignmentStatement,AugmentedAssignmentStatement
ae_adl_lists1,ClassMethod,__init()__
ae_adl_lists2,ClassMethod,__init()__
ae_adl_lists2,IterationStatement,WhileStatement
ae_adl_lists3,ClassMethod,__init()__
ae_adl_lists3,BuiltInFunction,list()
ae_adl_format1,Statement,ExpressionStatement
ae_adl_format1,AssignmentStatement,AugmentedAssignmentStatement
ae_adl_format1,BuiltInFunction,open()
ae_adl_format1,BuiltInFunction,tuple()
ae_adl_findmax,ClassMethod,__init()__
ae_adl_functions1,ClassMethod,__init()__
ae_adl_functions1,ArtithmeticOperator,/
ae_adl_functions1,ConditionalStatement,IfElifElseStatement
ae_adl_functions1,ConditionalStatement,IfElseStatement
ae_adl_functions1,ConditionalStatement,IfElifStatement
ae_adl_functions1,AssignmentStatement,AugmentedAssignmentStatement
ae_adl_functions1,DefinitionStatement,ClassDefinition
ae_adl_functions1,BuiltInFunction,dict()
ae_adl_returnvalue,ClassMethod,__init()__
ae_adl_returnvalue,Statement,ExpressionStatement
ae_adl_returnvalue,ImportStatement,Import
ae_adl_returnvalue,ImportStatement,ImportFrom
ae_adl_returnvalue,DefinitionStatement,ClassDefinition
ae_adl_returnvalue,BuiltInFunction,dict()
ae_adl_returnvalue,BuiltInFunction,next()
ae_adl_returnvalue,BuiltInFunction,int()
ae_adl_returnvalue,BuiltInFunction,max()
ae_adl_returnvalue,BuiltInFunction,set()
ae_adl_returnvalue,BuiltInFunction,open()
ae_adl_returnvalue,BuiltInFunction,range()
ae_adl_returnvalue,BuiltInFunction,tuple()
ae_adl_returnvalue,BuiltInFunction,abs()
ae_adl_returnvalue,BuiltInFunction,round()
ae_adl_returnvalue,BuiltInFunction,len()
ae_adl_returnvalue,BuiltInFunction,min()
ae_adl_returnvalue,BuiltInFunction,list()
ae_adl_functions2,MembershipOperator,in
ae_adl_functions2,LogicalOperator,and
ae_adl_functions2,LogicalOperator,or
ae_adl_functions2,LogicalOperator,not
ae_adl_functions2,ArtithmeticOperator,//
ae_adl_functions2,ArtithmeticOperator,-
ae_adl_functions2,ArtithmeticOperator,**
ae_adl_functions2,ArtithmeticOperator,Modulus
ae_adl_functions2,ArtithmeticOperator,*
ae_adl_functions2,Statement,ExpressionStatement
ae_adl_functions2,ConditionalStatement,IfElifElseStatement
ae_adl_functions2,ConditionalStatement,IfStatement
ae_adl_functions2,ConditionalStatement,IfElseStatement
ae_adl_functions2,ConditionalStatement,IfElifStatement
ae_adl_functions2,ImportStatement,Import
ae_adl_functions2,ImportStatement,ImportFrom
ae_adl_functions2,JumpStatement,PassStatement
ae_adl_functions2,JumpStatement,BreakStatement
ae_adl_functions2,JumpStatement,ContinueStatement
ae_adl_functions2,IterationStatement,ForStatement
ae_adl_functions2,IterationStatement,WhileStatement
ae_adl_functions2,ExceptionHandlingStatement,TryStatement
ae_adl_functions2,ExceptionHandlingStatement,RaiseStatement
ae_adl_functions2,ExceptionHandlingStatement,AssertStatement
ae_adl_functions2,AssignmentStatement,AugmentedAssignmentStatement
ae_adl_functions2,DefinitionStatement,ClassDefinition
ae_adl_functions2,BuiltInFunction,dict()
ae_adl_functions2,BuiltInFunction,str()
ae_adl_functions2,BuiltInFunction,next()
ae_adl_functions2,BuiltInFunction,input()
ae_adl_functions2,BuiltInFunction,int()
ae_adl_functions2,BuiltInFunction,max()
ae_adl_functions2,BuiltInFunction,float()
ae_adl_functions2,BuiltInFunction,set()
ae_adl_functions2,BuiltInFunction,open()
ae_adl_functions2,BuiltInFunction,range()
ae_adl_functions2,BuiltInFunction,tuple()
ae_adl_functions2,BuiltInFunction,abs()
ae_adl_functions2,BuiltInFunction,round()
ae_adl_functions2,BuiltInFunction,len()
ae_adl_functions2,BuiltInFunction,min()
ae_adl_functions2,BuiltInFunction,list()
ae_adl_functions3,ArtithmeticOperator,//
ae_adl_functions3,ArtithmeticOperator,-
ae_adl_functions3,ArtithmeticOperator,/
ae_adl_functions3,ArtithmeticOperator,**
ae_adl_functions3,ArtithmeticOperator,Modulus
ae_adl_functions3,DefinitionStatement,ClassDefinition
ae_adl_functions3,BuiltInFunction,dict()
ae_adl_functions3,BuiltInFunction,str()
ae_adl_functions3,BuiltInFunction,next()
ae_adl_functions3,BuiltInFunction,input()
ae_adl_functions3,BuiltInFunction,max()
ae_adl_functions3,BuiltInFunction,set()
ae_adl_functions3,BuiltInFunction,open()
ae_adl_functions3,BuiltInFunction,range()
ae_adl_functions3,BuiltInFunction,tuple()
ae_adl_functions3,BuiltInFunction,abs()
ae_adl_functions3,BuiltInFunction,round()
ae_adl_functions3,BuiltInFunction,len()
ae_adl_functions3,BuiltInFunction,min()
ae_adl_functions3,BuiltInFunction,list()
ae_adl_recursion,ConditionalStatement,IfElifElseStatement
ae_adl_recursion,ConditionalStatement,IfElifStatement
ae_adl_recursion,IterationStatement,ForStatement
ae_adl_recursion,IterationStatement,WhileStatement
ae_adl_recursion,DefinitionStatement,ClassDefinition
ae_adl_recursion,BuiltInFunction,dict()
ae_adl_recursion,BuiltInFunction,str()
ae_adl_recursion,BuiltInFunction,next()
ae_adl_recursion,BuiltInFunction,input()
ae_adl_recursion,BuiltInFunction,max()
ae_adl_recursion,BuiltInFunction,float()
ae_adl_recursion,BuiltInFunction,set()
ae_adl_recursion,BuiltInFunction,open()
ae_adl_recursion,BuiltInFunction,range()
ae_adl_recursion,BuiltInFunction,tuple()
ae_adl_recursion,BuiltInFunction,abs()
ae_adl_recursion,BuiltInFunction,round()
ae_adl_recursion,BuiltInFunction,len()
ae_adl_recursion,BuiltInFunction,min()
ae_adl_recursion,BuiltInFunction,list()
ae_adl_dict1,ClassMethod,__init()__
ae_adl_dict2,SubscriptExpression,SlicingExpression
ae_adl_dict2,ArithmeticExpression,UnaryOperation
ae_adl_dict2,NumericLiteral,FloatLiteral
ae_adl_dict2,NumericLiteral,IntegerLiteral
ae_adl_dict2,ClassMethod,__init()__
ae_adl_dict2,LogicalOperator,and
ae_adl_dict2,LogicalOperator,or
ae_adl_dict2,LogicalOperator,not
ae_adl_dict2,ArtithmeticOperator,//
ae_adl_dict2,ArtithmeticOperator,-
ae_adl_dict2,ArtithmeticOperator,/
ae_adl_dict2,ArtithmeticOperator,**
ae_adl_dict2,ArtithmeticOperator,Modulus
ae_adl_dict2,ArtithmeticOperator,*
ae_adl_dict2,DefinitionStatement,ClassDefinition
ae_adl_dict2,BuiltInFunction,str()
ae_adl_dict2,BuiltInFunction,next()
ae_adl_dict2,BuiltInFunction,input()
ae_adl_dict2,BuiltInFunction,max()
ae_adl_dict2,BuiltInFunction,float()
ae_adl_dict2,BuiltInFunction,set()
ae_adl_dict2,BuiltInFunction,open()
ae_adl_dict2,BuiltInFunction,range()
ae_adl_dict2,BuiltInFunction,tuple()
ae_adl_dict2,BuiltInFunction,abs()
ae_adl_dict2,BuiltInFunction,round()
ae_adl_dict2,BuiltInFunction,len()
ae_adl_dict2,BuiltInFunction,min()
ae_adl_dict2,BuiltInFunction,list()
ae_adl_objects2,MembershipOperator,in
ae_adl_objects2,Statement,ExpressionStatement
ae_adl_objects2,ImportStatement,Import
ae_adl_objects2,ImportStatement,ImportFrom
ae_adl_objects2,JumpStatement,PassStatement
ae_adl_objects2,JumpStatement,BreakStatement
ae_adl_objects2,JumpStatement,ContinueStatement
ae_adl_objects2,JumpStatement,ReturnStatement
ae_adl_objects2,IterationStatement,ForStatement
ae_adl_objects2,IterationStatement,WhileStatement
ae_adl_objects2,ExceptionHandlingStatement,TryStatement
ae_adl_objects2,ExceptionHandlingStatement,RaiseStatement
ae_adl_objects2,ExceptionHandlingStatement,AssertStatement
ae_adl_objects2,BuiltInFunction,str()
ae_adl_objects2,BuiltInFunction,open()
ae_adl_objects2,BuiltInFunction,list()
py_concat_str_num,ClassMethod,__init()__
py_concat_string_num3,ArtithmeticOperator,/
py_bmi_calculator,ClassMethod,__init()__
py_bmi_calculator,ArtithmeticOperator,+
py_bmi_calculator,BuiltInFunction,dict()
py_bmi_calculator,BuiltInFunction,str()
py_bmi_calculator,BuiltInFunction,next()
py_bmi_calculator,BuiltInFunction,int()
py_bmi_calculator,BuiltInFunction,max()
py_bmi_calculator,BuiltInFunction,set()
py_bmi_calculator,BuiltInFunction,open()
py_bmi_calculator,BuiltInFunction,range()
py_bmi_calculator,BuiltInFunction,tuple()
py_bmi_calculator,BuiltInFunction,abs()
py_bmi_calculator,BuiltInFunction,round()
py_bmi_calculator,BuiltInFunction,len()
py_bmi_calculator,BuiltInFunction,min()
py_bmi_calculator,BuiltInFunction,list()
py_pythagorean_theorem,BuiltInFunction,dict()
py_pythagorean_theorem,BuiltInFunction,str()
py_pythagorean_theorem,BuiltInFunction,next()
py_pythagorean_theorem,BuiltInFunction,int()
py_pythagorean_theorem,BuiltInFunction,max()
py_pythagorean_theorem,BuiltInFunction,set()
py_pythagorean_theorem,BuiltInFunction,open()
py_pythagorean_theorem,BuiltInFunction,range()
py_pythagorean_theorem,BuiltInFunction,tuple()
py_pythagorean_theorem,BuiltInFunction,abs()
py_pythagorean_theorem,BuiltInFunction,round()
py_pythagorean_theorem,BuiltInFunction,len()
py_pythagorean_theorem,BuiltInFunction,min()
py_pythagorean_theorem,BuiltInFunction,list()
py_pythagorean_theorem2,ClassMethod,__init()__
py_f_to_c_conversion,ClassMethod,__init()__
py_f_to_c_conversion,Statement,ExpressionStatement
py_fahrenheit_to_celsius,ClassMethod,__init()__
py_fahrenheit_to_celsius,Statement,ExpressionStatement
py_vending_machine2,ClassMethod,__init()__
py_vending_machine2,Statement,ExpressionStatement
py_vending_machine2,AssignmentStatement,AugmentedAssignmentStatement
py_vending_machine2,BuiltInFunction,float()
py_vending_machine2,BuiltInFunction,set()
py_vending_machine2,BuiltInFunction,open()
py_vending_machine2,BuiltInFunction,tuple()
py_vending_machine2,BuiltInFunction,abs()
py_vending_machine2,BuiltInFunction,round()
py_nested_if_min_max,BuiltInFunction,list()
py_nested_if_temperature,ClassMethod,__init()__
py_nested_if_temperature2,ClassMethod,__init()__
py_if_else_grade,ClassMethod,__init()__
py_ifelseif_grade2,ClassMethod,__init()__
q_py_topic_dictionary:q_py_dict_access1,MembershipOperator,in
q_py_topic_dictionary:q_py_dict_access1,LogicalOperator,and
q_py_topic_dictionary:q_py_dict_access1,LogicalOperator,or
q_py_topic_dictionary:q_py_dict_access1,LogicalOperator,not
q_py_topic_dictionary:q_py_dict_access1,ArtithmeticOperator,//
q_py_topic_dictionary:q_py_dict_access1,ArtithmeticOperator,-
q_py_topic_dictionary:q_py_dict_access1,ArtithmeticOperator,+
q_py_topic_dictionary:q_py_dict_access1,ArtithmeticOperator,/
q_py_topic_dictionary:q_py_dict_access1,ArtithmeticOperator,**
q_py_topic_dictionary:q_py_dict_access1,ArtithmeticOperator,Modulus
q_py_topic_dictionary:q_py_dict_access1,ArtithmeticOperator,*
q_py_topic_dictionary:q_py_dict_access1,Statement,ExpressionStatement
q_py_topic_dictionary:q_py_dict_access1,ConditionalStatement,IfElifElseStatement
q_py_topic_dictionary:q_py_dict_access1,ConditionalStatement,IfStatement
q_py_topic_dictionary:q_py_dict_access1,ConditionalStatement,IfElseStatement
q_py_topic_dictionary:q_py_dict_access1,ConditionalStatement,IfElifStatement
q_py_topic_dictionary:q_py_dict_access1,ImportStatement,Import
q_py_topic_dictionary:q_py_dict_access1,ImportStatement,ImportFrom
q_py_topic_dictionary:q_py_dict_access1,JumpStatement,PassStatement
q_py_topic_dictionary:q_py_dict_access1,JumpStatement,BreakStatement
q_py_topic_dictionary:q_py_dict_access1,JumpStatement,ContinueStatement
q_py_topic_dictionary:q_py_dict_access1,JumpStatement,ReturnStatement
q_py_topic_dictionary:q_py_dict_access1,IterationStatement,ForStatement
q_py_topic_dictionary:q_py_dict_access1,IterationStatement,WhileStatement
q_py_topic_dictionary:q_py_dict_access1,ExceptionHandlingStatement,TryStatement
q_py_topic_dictionary:q_py_dict_access1,ExceptionHandlingStatement,RaiseStatement
q_py_topic_dictionary:q_py_dict_access1,ExceptionHandlingStatement,AssertStatement
q_py_topic_dictionary:q_py_dict_access1,AssignmentStatement,SimpleAssignmentStatement
q_py_topic_dictionary:q_py_dict_access1,AssignmentStatement,AugmentedAssignmentStatement
q_py_topic_dictionary:q_py_dict_access1,DefinitionStatement,FunctionDefinition
q_py_topic_dictionary:q_py_dict_access1,DefinitionStatement,ClassDefinition
q_py_topic_dictionary:q_py_dict_access1,BuiltInFunction,dict()
q_py_topic_dictionary:q_py_dict_access1,BuiltInFunction,str()
q_py_topic_dictionary:q_py_dict_access1,BuiltInFunction,next()
q_py_topic_dictionary:q_py_dict_access1,BuiltInFunction,input()
q_py_topic_dictionary:q_py_dict_access1,BuiltInFunction,int()
q_py_topic_dictionary:q_py_dict_access1,BuiltInFunction,max()
q_py_topic_dictionary:q_py_dict_access1,BuiltInFunction,float()
q_py_topic_dictionary:q_py_dict_access1,BuiltInFunction,set()
q_py_topic_dictionary:q_py_dict_access1,BuiltInFunction,open()
q_py_topic_dictionary:q_py_dict_access1,BuiltInFunction,range()
q_py_topic_dictionary:q_py_dict_access1,BuiltInFunction,tuple()
q_py_topic_dictionary:q_py_dict_access1,BuiltInFunction,abs()
q_py_topic_dictionary:q_py_dict_access1,BuiltInFunction,round()
q_py_topic_dictionary:q_py_dict_access1,BuiltInFunction,len()
q_py_topic_dictionary:q_py_dict_access1,BuiltInFunction,min()
q_py_topic_dictionary:q_py_dict_access1,BuiltInFunction,print()
q_py_topic_dictionary:q_py_dict_access1,BuiltInFunction,list()
q_py_topic_dictionary:q_py_dict_access2,SubscriptExpression,SlicingExpression
q_py_topic_dictionary:q_py_dict_access2,ArithmeticExpression,UnaryOperation
q_py_topic_dictionary:q_py_dict_access2,ClassMethod,__init()__
q_py_topic_dictionary:q_py_dict_access2,LogicalOperator,and
q_py_topic_dictionary:q_py_dict_access2,LogicalOperator,or
q_py_topic_dictionary:q_py_dict_access2,LogicalOperator,not
q_py_topic_dictionary:q_py_dict_access2,ArtithmeticOperator,//
q_py_topic_dictionary:q_py_dict_access2,ArtithmeticOperator,/
q_py_topic_dictionary:q_py_dict_access2,ArtithmeticOperator,**
q_py_topic_dictionary:q_py_dict_access2,ArtithmeticOperator,Modulus
q_py_topic_dictionary:q_py_dict_access2,ArtithmeticOperator,*
q_py_topic_dictionary:q_py_dict_access2,ConditionalStatement,IfElifElseStatement
q_py_topic_dictionary:q_py_dict_access2,ConditionalStatement,IfStatement
q_py_topic_dictionary:q_py_dict_access2,ConditionalStatement,IfElseStatement
q_py_topic_dictionary:q_py_dict_access2,ConditionalStatement,IfElifStatement
q_py_topic_dictionary:q_py_dict_access2,ImportStatement,Import
q_py_topic_dictionary:q_py_dict_access2,ImportStatement,ImportFrom
q_py_topic_dictionary:q_py_dict_access2,JumpStatement,PassStatement
q_py_topic_dictionary:q_py_dict_access2,JumpStatement,BreakStatement
q_py_topic_dictionary:q_py_dict_access2,JumpStatement,ContinueStatement
q_py_topic_dictionary:q_py_dict_access2,JumpStatement,ReturnStatement
q_py_topic_dictionary:q_py_dict_access2,IterationStatement,ForStatement
q_py_topic_dictionary:q_py_dict_access2,IterationStatement,WhileStatement
q_py_topic_dictionary:q_py_dict_access2,ExceptionHandlingStatement,TryStatement
q_py_topic_dictionary:q_py_dict_access2,ExceptionHandlingStatement,RaiseStatement
q_py_topic_dictionary:q_py_dict_access2,ExceptionHandlingStatement,AssertStatement
q_py_topic_dictionary:q_py_dict_access2,AssignmentStatement,AugmentedAssignmentStatement
q_py_topic_dictionary:q_py_dict_access2,DefinitionStatement,FunctionDefinition
q_py_topic_dictionary:q_py_dict_access2,DefinitionStatement,ClassDefinition
q_py_topic_dictionary:q_py_dict_access2,BuiltInFunction,dict()
q_py_topic_dictionary:q_py_dict_access2,BuiltInFunction,str()
q_py_topic_dictionary:q_py_dict_access2,BuiltInFunction,next()
q_py_topic_dictionary:q_py_dict_access2,BuiltInFunction,input()
q_py_topic_dictionary:q_py_dict_access2,BuiltInFunction,int()
q_py_topic_dictionary:q_py_dict_access2,BuiltInFunction,max()
q_py_topic_dictionary:q_py_dict_access2,BuiltInFunction,float()
q_py_topic_dictionary:q_py_dict_access2,BuiltInFunction,set()
q_py_topic_dictionary:q_py_dict_access2,BuiltInFunction,open()
q_py_topic_dictionary:q_py_dict_access2,BuiltInFunction,range()
q_py_topic_dictionary:q_py_dict_access2,BuiltInFunction,tuple()
q_py_topic_dictionary:q_py_dict_access2,BuiltInFunction,abs()
q_py_topic_dictionary:q_py_dict_access2,BuiltInFunction,round()
q_py_topic_dictionary:q_py_dict_access2,BuiltInFunction,min()
q_py_topic_dictionary:q_py_dict_access2,BuiltInFunction,list()
q_py_topic_exceptions:q_py_exception_assertion,ClassMethod,__init()__
q_py_topic_exceptions:q_py_exception_assertion,ConditionalStatement,IfElifElseStatement
q_py_topic_exceptions:q_py_exception_assertion,ConditionalStatement,IfStatement
q_py_topic_exceptions:q_py_exception_assertion,ConditionalStatement,IfElseStatement
q_py_topic_exceptions:q_py_exception_assertion,ConditionalStatement,IfElifStatement
q_py_topic_exceptions:q_py_exception_assertion,IterationStatement,WhileStatement
q_py_topic_exceptions:q_py_exception_assertion,BuiltInFunction,dict()
q_py_topic_exceptions:q_py_exception_assertion,BuiltInFunction,str()
q_py_topic_exceptions:q_py_exception_assertion,BuiltInFunction,next()
q_py_topic_exceptions:q_py_exception_assertion,BuiltInFunction,input()
q_py_topic_exceptions:q_py_exception_assertion,BuiltInFunction,int()
q_py_topic_exceptions:q_py_exception_assertion,BuiltInFunction,max()
q_py_topic_exceptions:q_py_exception_assertion,BuiltInFunction,float()
q_py_topic_exceptions:q_py_exception_assertion,BuiltInFunction,set()
q_py_topic_exceptions:q_py_exception_assertion,BuiltInFunction,open()
q_py_topic_exceptions:q_py_exception_assertion,BuiltInFunction,range()
q_py_topic_exceptions:q_py_exception_assertion,BuiltInFunction,tuple()
q_py_topic_exceptions:q_py_exception_assertion,BuiltInFunction,abs()
q_py_topic_exceptions:q_py_exception_assertion,BuiltInFunction,round()
q_py_topic_exceptions:q_py_exception_assertion,BuiltInFunction,len()
q_py_topic_exceptions:q_py_exception_assertion,BuiltInFunction,min()
q_py_topic_exceptions:q_py_exception_assertion,BuiltInFunction,list()
q_py_topic_exceptions:q_py_exceptions_addarr,Statement,ExpressionStatement
q_py_topic_exceptions:q_py_exceptions_addarr,ConditionalStatement,IfElifElseStatement
q_py_topic_exceptions:q_py_exceptions_addarr,ConditionalStatement,IfElseStatement
q_py_topic_exceptions:q_py_exceptions_addarr,ConditionalStatement,IfElifStatement
q_py_topic_exceptions:q_py_exceptions_addarr,IterationStatement,WhileStatement
q_py_topic_exceptions:q_py_exceptions_addarr,BuiltInFunction,dict()
q_py_topic_exceptions:q_py_exceptions_addarr,BuiltInFunction,str()
q_py_topic_exceptions:q_py_exceptions_addarr,BuiltInFunction,next()
q_py_topic_exceptions:q_py_exceptions_addarr,BuiltInFunction,input()
q_py_topic_exceptions:q_py_exceptions_addarr,BuiltInFunction,int()
q_py_topic_exceptions:q_py_exceptions_addarr,BuiltInFunction,max()
q_py_topic_exceptions:q_py_exceptions_addarr,BuiltInFunction,float()
q_py_topic_exceptions:q_py_exceptions_addarr,BuiltInFunction,set()
q_py_topic_exceptions:q_py_exceptions_addarr,BuiltInFunction,open()
q_py_topic_exceptions:q_py_exceptions_addarr,BuiltInFunction,range()
q_py_topic_exceptions:q_py_exceptions_addarr,BuiltInFunction,tuple()
q_py_topic_exceptions:q_py_exceptions_addarr,BuiltInFunction,abs()
q_py_topic_exceptions:q_py_exceptions_addarr,BuiltInFunction,round()
q_py_topic_exceptions:q_py_exceptions_addarr,BuiltInFunction,min()
q_py_topic_exceptions:q_py_list_except1,ClassMethod,__init()__
q_py_topic_exceptions:q_py_list_except1,ConditionalStatement,IfElifElseStatement
q_py_topic_exceptions:q_py_list_except1,ConditionalStatement,IfStatement
q_py_topic_exceptions:q_py_list_except1,ConditionalStatement,IfElseStatement
q_py_topic_exceptions:q_py_list_except1,ConditionalStatement,IfElifStatement
q_py_topic_exceptions:q_py_list_except1,IterationStatement,WhileStatement
q_py_topic_exceptions:q_py_list_except1,BuiltInFunction,abs()
q_py_topic_exceptions:q_py_list_except1,BuiltInFunction,round()
q_py_topic_exceptions:q_py_value_except1,ClassMethod,__init()__
q_py_topic_exceptions:q_py_value_except1,Statement,ExpressionStatement
q_py_topic_exceptions:q_py_value_except1,BuiltInFunction,dict()
q_py_topic_exceptions:q_py_value_except1,BuiltInFunction,str()
q_py_topic_exceptions:q_py_value_except1,BuiltInFunction,next()
q_py_topic_exceptions:q_py_value_except1,BuiltInFunction,input()
q_py_topic_exceptions:q_py_value_except1,BuiltInFunction,max()
q_py_topic_exceptions:q_py_value_except1,BuiltInFunction,float()
q_py_topic_exceptions:q_py_value_except1,BuiltInFunction,set()
q_py_topic_exceptions:q_py_value_except1,BuiltInFunction,open()
q_py_topic_exceptions:q_py_value_except1,BuiltInFunction,range()
q_py_topic_exceptions:q_py_value_except1,BuiltInFunction,tuple()
q_py_topic_exceptions:q_py_value_except1,BuiltInFunction,abs()
q_py_topic_exceptions:q_py_value_except1,BuiltInFunction,round()
q_py_topic_exceptions:q_py_value_except1,BuiltInFunction,len()
q_py_topic_exceptions:q_py_value_except1,BuiltInFunction,min()
q_py_topic_file_processing:q_py_file1,SubscriptExpression,SlicingExpression
q_py_topic_file_processing:q_py_file1,NumericLiteral,FloatLiteral
q_py_topic_file_processing:q_py_file1,NumericLiteral,IntegerLiteral
q_py_topic_file_processing:q_py_file1,LiteralCollection,SetLiteral
q_py_topic_file_processing:q_py_file1,ClassMethod,__init()__
q_py_topic_file_processing:q_py_file1,FileMethod,readline()
q_py_topic_file_processing:q_py_file1,Operator,=
q_py_topic_file_processing:q_py_file1,ComparisonOperator,LessOrEqual
q_py_topic_file_processing:q_py_file1,ComparisonOperator,Less
q_py_topic_file_processing:q_py_file1,ComparisonOperator,Larger
q_py_topic_file_processing:q_py_file1,ComparisonOperator,LargerOrEqual
q_py_topic_file_processing:q_py_file1,ComparisonOperator,NotEqual
q_py_topic_functions:q_py_fun_car1,ClassMethod,__init()__
q_py_topic_functions:q_py_fun_car2,MembershipOperator,in
q_py_topic_functions:q_py_fun_car2,LogicalOperator,and
q_py_topic_functions:q_py_fun_car2,LogicalOperator,or
q_py_topic_functions:q_py_fun_car2,LogicalOperator,not
q_py_topic_functions:q_py_fun_car2,ArtithmeticOperator,//
q_py_topic_functions:q_py_fun_car2,ArtithmeticOperator,-
q_py_topic_functions:q_py_fun_car2,ArtithmeticOperator,+
q_py_topic_functions:q_py_fun_car2,ArtithmeticOperator,/
q_py_topic_functions:q_py_fun_car2,ArtithmeticOperator,**
q_py_topic_functions:q_py_fun_car2,ArtithmeticOperator,Modulus
q_py_topic_functions:q_py_fun_car2,ArtithmeticOperator,*
q_py_topic_functions:q_py_fun_car2,Statement,ExpressionStatement
q_py_topic_functions:q_py_fun_car2,ConditionalStatement,IfElifElseStatement
q_py_topic_functions:q_py_fun_car2,ConditionalStatement,IfStatement
q_py_topic_functions:q_py_fun_car2,ConditionalStatement,IfElseStatement
q_py_topic_functions:q_py_fun_car2,ConditionalStatement,IfElifStatement
q_py_topic_functions:q_py_fun_car2,ImportStatement,Import
q_py_topic_functions:q_py_fun_car2,ImportStatement,ImportFrom
q_py_topic_functions:q_py_fun_car2,JumpStatement,PassStatement
q_py_topic_functions:q_py_fun_car2,JumpStatement,BreakStatement
q_py_topic_functions:q_py_fun_car2,JumpStatement,ContinueStatement
q_py_topic_functions:q_py_fun_car2,JumpStatement,ReturnStatement
q_py_topic_functions:q_py_fun_car2,IterationStatement,ForStatement
q_py_topic_functions:q_py_fun_car2,IterationStatement,WhileStatement
q_py_topic_functions:q_py_fun_car2,ExceptionHandlingStatement,TryStatement
q_py_topic_functions:q_py_fun_car2,ExceptionHandlingStatement,RaiseStatement
q_py_topic_functions:q_py_fun_car2,ExceptionHandlingStatement,AssertStatement
q_py_topic_functions:q_py_fun_car2,AssignmentStatement,SimpleAssignmentStatement
q_py_topic_functions:q_py_fun_car2,AssignmentStatement,AugmentedAssignmentStatement
q_py_topic_functions:q_py_fun_car2,DefinitionStatement,FunctionDefinition
q_py_topic_functions:q_py_fun_car2,DefinitionStatement,ClassDefinition
q_py_topic_functions:q_py_fun_car2,BuiltInFunction,dict()
q_py_topic_functions:q_py_fun_car2,BuiltInFunction,str()
q_py_topic_functions:q_py_fun_car2,BuiltInFunction,next()
q_py_topic_functions:q_py_fun_car2,BuiltInFunction,input()
q_py_topic_functions:q_py_fun_car2,BuiltInFunction,int()
q_py_topic_functions:q_py_fun_car2,BuiltInFunction,max()
q_py_topic_functions:q_py_fun_car2,BuiltInFunction,float()
q_py_topic_functions:q_py_fun_car2,BuiltInFunction,set()
q_py_topic_functions:q_py_fun_car2,BuiltInFunction,open()
q_py_topic_functions:q_py_fun_car2,BuiltInFunction,range()
q_py_topic_functions:q_py_fun_car2,BuiltInFunction,tuple()
q_py_topic_functions:q_py_fun_car2,BuiltInFunction,abs()
q_py_topic_functions:q_py_fun_car2,BuiltInFunction,round()
q_py_topic_functions:q_py_fun_car2,BuiltInFunction,len()
q_py_topic_functions:q_py_fun_car2,BuiltInFunction,min()
q_py_topic_functions:q_py_fun_car2,BuiltInFunction,print()
q_py_topic_functions:q_py_fun_car2,BuiltInFunction,list()
q_py_topic_if_statement:q_py_if_elif1,ArtithmeticOperator,//
q_py_topic_if_statement:q_py_if_elif1,ArtithmeticOperator,+
q_py_topic_if_statement:q_py_if_elif1,ArtithmeticOperator,/
q_py_topic_if_statement:q_py_if_elif1,ArtithmeticOperator,**
q_py_topic_if_statement:q_py_if_elif1,ArtithmeticOperator,*
q_py_topic_if_statement:q_py_if_elif1,Statement,ExpressionStatement
q_py_topic_if_statement:q_py_if_elif1,ConditionalStatement,IfStatement
q_py_topic_if_statement:q_py_if_elif1,ConditionalStatement,IfElseStatement
q_py_topic_if_statement:q_py_if_elif1,ConditionalStatement,IfElifStatement
q_py_topic_if_statement:q_py_if_elif1,IterationStatement,ForStatement
q_py_topic_if_statement:q_py_if_elif1,IterationStatement,WhileStatement
q_py_topic_if_statement:q_py_if_elif1,AssignmentStatement,AugmentedAssignmentStatement
q_py_topic_if_statement:q_py_if_elif1,BuiltInFunction,dict()
q_py_topic_if_statement:q_py_if_elif1,BuiltInFunction,str()
q_py_topic_if_statement:q_py_if_elif1,BuiltInFunction,next()
q_py_topic_if_statement:q_py_if_elif1,BuiltInFunction,input()
q_py_topic_lists:q_py_add_two_lists1,ClassMethod,__init()__
q_py_topic_lists:q_py_add_two_lists1,ComparisonOperator,LessOrEqual
q_py_topic_lists:q_py_add_two_lists1,ComparisonOperator,Less
q_py_topic_lists:q_py_add_two_lists1,ComparisonOperator,Larger
q_py_topic_lists:q_py_add_two_lists1,ComparisonOperator,LargerOrEqual
q_py_topic_lists:q_py_add_two_lists1,ComparisonOperator,==
q_py_topic_lists:q_py_add_two_lists1,ComparisonOperator,NotEqual
q_py_topic_lists:q_py_add_two_lists1,ArtithmeticOperator,/
q_py_topic_lists:q_py_add_two_lists1,IterationStatement,WhileStatement
q_py_topic_lists:q_py_list_access1,ClassMethod,__init()__
q_py_topic_lists:q_py_list_access2,ClassMethod,__init()__
q_py_topic_lists:q_py_list_access2,Statement,ExpressionStatement
q_py_topic_lists:q_py_list_access2,IterationStatement,WhileStatement
q_py_topic_lists:q_py_list_access2,AssignmentStatement,AugmentedAssignmentStatement
q_py_topic_lists:q_py_list_append1,ClassMethod,__init()__
q_py_topic_lists:q_py_list_append1,LogicalOperator,and
q_py_topic_lists:q_py_list_append1,LogicalOperator,or
q_py_topic_lists:q_py_list_append1,LogicalOperator,not
q_py_topic_lists:q_py_list_append1,ArtithmeticOperator,//
q_py_topic_lists:q_py_list_append1,ArtithmeticOperator,/
q_py_topic_lists:q_py_list_append1,ArtithmeticOperator,**
q_py_topic_lists:q_py_list_append1,ArtithmeticOperator,Modulus
q_py_topic_lists:q_py_list_append1,ArtithmeticOperator,*
q_py_topic_lists:q_py_list_append1,ConditionalStatement,IfElifElseStatement
q_py_topic_lists:q_py_list_append1,ConditionalStatement,IfStatement
q_py_topic_lists:q_py_list_append1,ConditionalStatement,IfElseStatement
q_py_topic_lists:q_py_list_append1,ConditionalStatement,IfElifStatement
q_py_topic_lists:q_py_list_append1,ImportStatement,Import
q_py_topic_lists:q_py_list_append1,ImportStatement,ImportFrom
q_py_topic_lists:q_py_list_append1,JumpStatement,PassStatement
q_py_topic_lists:q_py_list_append1,JumpStatement,BreakStatement
q_py_topic_lists:q_py_list_append1,JumpStatement,ContinueStatement
q_py_topic_lists:q_py_list_append1,JumpStatement,ReturnStatement
q_py_topic_lists:q_py_list_append1,IterationStatement,WhileStatement
q_py_topic_lists:q_py_list_append1,ExceptionHandlingStatement,TryStatement
q_py_topic_lists:q_py_list_append1,ExceptionHandlingStatement,RaiseStatement
q_py_topic_lists:q_py_list_append1,ExceptionHandlingStatement,AssertStatement
q_py_topic_lists:q_py_list_append1,AssignmentStatement,AugmentedAssignmentStatement
q_py_topic_lists:q_py_list_append1,DefinitionStatement,FunctionDefinition
q_py_topic_lists:q_py_list_append1,DefinitionStatement,ClassDefinition
q_py_topic_lists:q_py_list_append1,BuiltInFunction,dict()
q_py_topic_lists:q_py_list_append1,BuiltInFunction,str()
q_py_topic_lists:q_py_list_append1,BuiltInFunction,next()
q_py_topic_lists:q_py_list_append1,BuiltInFunction,input()
q_py_topic_lists:q_py_list_append1,BuiltInFunction,int()
q_py_topic_lists:q_py_list_append1,BuiltInFunction,max()
q_py_topic_lists:q_py_list_append1,BuiltInFunction,float()
q_py_topic_lists:q_py_list_append1,BuiltInFunction,set()
q_py_topic_lists:q_py_list_append1,BuiltInFunction,open()
q_py_topic_lists:q_py_list_append1,BuiltInFunction,tuple()
q_py_topic_lists:q_py_list_append1,BuiltInFunction,abs()
q_py_topic_lists:q_py_list_append1,BuiltInFunction,round()
q_py_topic_lists:q_py_list_append1,BuiltInFunction,min()
q_py_topic_lists:q_py_list_append1,BuiltInFunction,list()
q_py_topic_lists:q_py_list_remove1,ClassMethod,__init()__
q_py_topic_logical_operators:q_py_account_logic1,ClassMethod,__init()__
q_py_topic_loops:q_py_for_loop1,ArithmeticExpression,BinaryOperation
q_py_topic_loops:q_py_for_loop1,ClassMethod,__init()__
q_py_topic_loops:q_py_for_loop1,IterationStatement,WhileStatement
q_py_topic_loops:q_py_nested_while1,IterationStatement,ForStatement
q_py_topic_loops:q_py_nested_while1,BuiltInFunction,list()
q_py_topic_loops:q_py_while_loop1,ClassMethod,__init()__
q_py_topic_loops:q_py_while_loop1,IterationStatement,ForStatement
q_py_topic_loops:q_py_while_loop2,IterationStatement,ForStatement
q_py_topic_output_formatting:q_py_output1,SubscriptExpression,IndexingExpression
q_py_topic_output_formatting:q_py_output1,SubscriptExpression,SlicingExpression
q_py_topic_output_formatting:q_py_output1,ArithmeticExpression,BinaryOperation
q_py_topic_output_formatting:q_py_output1,ArithmeticExpression,UnaryOperation
q_py_topic_output_formatting:q_py_output1,LogicalExpression,ComparisonExpression
q_py_topic_output_formatting:q_py_output1,LogicalExpression,BooleanExpression
q_py_topic_output_formatting:q_py_output1,Literal,BooleanLiteral
q_py_topic_output_formatting:q_py_output1,Literal,NoneLiteral
q_py_topic_output_formatting:q_py_output1,NumericLiteral,IntegerLiteral
q_py_topic_output_formatting:q_py_output1,LiteralCollection,TupleLiteral
q_py_topic_output_formatting:q_py_output1,LiteralCollection,SetLiteral
q_py_topic_output_formatting:q_py_output1,LiteralCollection,ListLiteral
q_py_topic_output_formatting:q_py_output1,LiteralCollection,DictLiteral
q_py_topic_output_formatting:q_py_output1,Error,TypeError
q_py_topic_output_formatting:q_py_output1,Error,OSError
q_py_topic_output_formatting:q_py_output1,Error,IndexError
q_py_topic_output_formatting:q_py_output1,Error,IOError
q_py_topic_output_formatting:q_py_output1,Error,FileNotFoundError
q_py_topic_output_formatting:q_py_output1,Error,ValueError
q_py_topic_output_formatting:q_py_output1,Error,AssertionError
q_py_topic_output_formatting:q_py_output1,StringMethod,split()
q_py_topic_output_formatting:q_py_output1,StringMethod,lower()
q_py_topic_output_formatting:q_py_output1,StringMethod,join()
q_py_topic_output_formatting:q_py_output1,StringMethod,capitalize()
q_py_topic_output_formatting:q_py_output1,StringMethod,rstrip()
q_py_topic_output_formatting:q_py_output1,StringMethod,replace()
q_py_topic_output_formatting:q_py_output1,DictionaryMethod,values()
q_py_topic_output_formatting:q_py_output1,DictionaryMethod,keys()
q_py_topic_output_formatting:q_py_output1,DictionaryMethod,items()
q_py_topic_output_formatting:q_py_output1,DictionaryMethod,get()
q_py_topic_output_formatting:q_py_output1,ClassMethod,__init()__
q_py_topic_output_formatting:q_py_output1,ListMethod,reverse()
q_py_topic_output_formatting:q_py_output1,ListMethod,insert()
q_py_topic_output_formatting:q_py_output1,ListMethod,remove()
q_py_topic_output_formatting:q_py_output1,ListMethod,append()
q_py_topic_output_formatting:q_py_output1,ListMethod,pop()
q_py_topic_output_formatting:q_py_output1,FileMethod,readline()
q_py_topic_output_formatting:q_py_output1,FileMethod,close()
q_py_topic_output_formatting:q_py_output1,FileMethod,read()
q_py_topic_output_formatting:q_py_output1,ComparisonOperator,LessOrEqual
q_py_topic_output_formatting:q_py_output1,ComparisonOperator,Less
q_py_topic_output_formatting:q_py_output1,ComparisonOperator,Larger
q_py_topic_output_formatting:q_py_output1,ComparisonOperator,LargerOrEqual
q_py_topic_output_formatting:q_py_output1,ComparisonOperator,==
q_py_topic_output_formatting:q_py_output1,ComparisonOperator,NotEqual
q_py_topic_output_formatting:q_py_output1,JumpStatement,ContinueStatement
q_py_topic_output_formatting:q_py_output1,BuiltInFunction,dict()
q_py_topic_output_formatting:q_py_output1,BuiltInFunction,next()
q_py_topic_output_formatting:q_py_output1,BuiltInFunction,input()
q_py_topic_output_formatting:q_py_output1,BuiltInFunction,int()
q_py_topic_output_formatting:q_py_output1,BuiltInFunction,max()
q_py_topic_output_formatting:q_py_output1,BuiltInFunction,float()
q_py_topic_output_formatting:q_py_output1,BuiltInFunction,set()
q_py_topic_output_formatting:q_py_output1,BuiltInFunction,open()
q_py_topic_output_formatting:q_py_output1,BuiltInFunction,range()
q_py_topic_output_formatting:q_py_output1,BuiltInFunction,tuple()
q_py_topic_output_formatting:q_py_output1,BuiltInFunction,abs()
q_py_topic_output_formatting:q_py_output1,BuiltInFunction,round()
q_py_topic_output_formatting:q_py_output1,BuiltInFunction,len()
q_py_topic_output_formatting:q_py_output1,BuiltInFunction,min()
q_py_topic_output_formatting:q_py_output1,BuiltInFunction,list()
q_py_topic_output_formatting:q_py_output2,ClassMethod,__init()__
q_py_topic_output_formatting:q_py_output2,ArtithmeticOperator,/
q_py_topic_output_formatting:q_py_output3,SubscriptExpression,SlicingExpression
q_py_topic_output_formatting:q_py_output3,LogicalExpression,ComparisonExpression
q_py_topic_output_formatting:q_py_output3,LogicalExpression,BooleanExpression
q_py_topic_output_formatting:q_py_output3,NumericLiteral,FloatLiteral
q_py_topic_output_formatting:q_py_output3,NumericLiteral,IntegerLiteral
q_py_topic_output_formatting:q_py_output3,LiteralCollection,SetLiteral
q_py_topic_output_formatting:q_py_output3,ClassMethod,__init()__
q_py_topic_output_formatting:q_py_output3,ArtithmeticOperator,/
q_py_topic_output_formatting:q_py_output3,ArtithmeticOperator,**
q_py_topic_output_formatting:q_py_output3,BuiltInFunction,dict()
q_py_topic_output_formatting:q_py_output4,SubscriptExpression,SlicingExpression
q_py_topic_output_formatting:q_py_output4,ArithmeticExpression,UnaryOperation
q_py_topic_output_formatting:q_py_output4,Error,AssertionError
q_py_topic_output_formatting:q_py_output4,ClassMethod,__init()__
q_py_topic_output_formatting:q_py_output4,LogicalOperator,or
q_py_topic_output_formatting:q_py_output4,LogicalOperator,not
q_py_topic_output_formatting:q_py_output4,ArtithmeticOperator,//
q_py_topic_output_formatting:q_py_output4,ArtithmeticOperator,-
q_py_topic_output_formatting:q_py_output4,ArtithmeticOperator,+
q_py_topic_output_formatting:q_py_output4,ArtithmeticOperator,/
q_py_topic_output_formatting:q_py_output4,ArtithmeticOperator,**
q_py_topic_output_formatting:q_py_output4,ArtithmeticOperator,Modulus
q_py_topic_output_formatting:q_py_output4,ArtithmeticOperator,*
q_py_topic_output_formatting:q_py_output4,ConditionalStatement,IfElifElseStatement
q_py_topic_output_formatting:q_py_output4,ConditionalStatement,IfElseStatement
q_py_topic_output_formatting:q_py_output4,ConditionalStatement,IfElifStatement
q_py_topic_output_formatting:q_py_output4,ImportStatement,ImportFrom
q_py_topic_output_formatting:q_py_output4,JumpStatement,PassStatement
q_py_topic_output_formatting:q_py_output4,JumpStatement,BreakStatement
q_py_topic_output_formatting:q_py_output4,JumpStatement,ContinueStatement
q_py_topic_output_formatting:q_py_output4,IterationStatement,WhileStatement
q_py_topic_output_formatting:q_py_output4,ExceptionHandlingStatement,RaiseStatement
q_py_topic_output_formatting:q_py_output4,ExceptionHandlingStatement,AssertStatement
q_py_topic_output_formatting:q_py_output4,AssignmentStatement,AugmentedAssignmentStatement
q_py_topic_output_formatting:q_py_output4,DefinitionStatement,ClassDefinition
q_py_topic_output_formatting:q_py_output4,BuiltInFunction,dict()
q_py_topic_output_formatting:q_py_output4,BuiltInFunction,next()
q_py_topic_output_formatting:q_py_output4,BuiltInFunction,input()
q_py_topic_output_formatting:q_py_output4,BuiltInFunction,int()
q_py_topic_output_formatting:q_py_output4,BuiltInFunction,max()
q_py_topic_output_formatting:q_py_output4,BuiltInFunction,float()
q_py_topic_output_formatting:q_py_output4,BuiltInFunction,set()
q_py_topic_output_formatting:q_py_output4,BuiltInFunction,open()
q_py_topic_output_formatting:q_py_output4,BuiltInFunction,range()
q_py_topic_output_formatting:q_py_output4,BuiltInFunction,tuple()
q_py_topic_output_formatting:q_py_output4,BuiltInFunction,abs()
q_py_topic_output_formatting:q_py_output4,BuiltInFunction,round()
q_py_topic_output_formatting:q_py_output4,BuiltInFunction,len()
q_py_topic_output_formatting:q_py_output4,BuiltInFunction,min()
q_py_topic_output_formatting:q_py_output4,BuiltInFunction,list()
q_py_topic_references:q_py_int_ref1,ArithmeticExpression,UnaryOperation
q_py_topic_references:q_py_int_ref1,NumericLiteral,IntegerLiteral
q_py_topic_references:q_py_int_ref1,ClassMethod,__init()__
q_py_topic_references:q_py_int_ref1,JumpStatement,PassStatement
q_py_topic_references:q_py_int_ref1,JumpStatement,BreakStatement
q_py_topic_references:q_py_int_ref1,JumpStatement,ContinueStatement
q_py_topic_references:q_py_int_ref1,ExceptionHandlingStatement,TryStatement
q_py_topic_references:q_py_int_ref1,ExceptionHandlingStatement,RaiseStatement
q_py_topic_references:q_py_int_ref1,ExceptionHandlingStatement,AssertStatement
q_py_topic_references:q_py_list_int_ref1,ClassMethod,__init()__
q_py_topic_references:q_py_list_int_ref1,AssignmentStatement,AugmentedAssignmentStatement
q_py_topic_references:q_py_list_int_ref1,BuiltInFunction,dict()
q_py_topic_references:q_py_list_int_ref1,BuiltInFunction,str()
q_py_topic_references:q_py_list_int_ref1,BuiltInFunction,next()
q_py_topic_references:q_py_list_int_ref1,BuiltInFunction,input()
q_py_topic_references:q_py_list_int_ref1,BuiltInFunction,int()
q_py_topic_references:q_py_list_int_ref1,BuiltInFunction,max()
q_py_topic_references:q_py_list_int_ref1,BuiltInFunction,float()
q_py_topic_references:q_py_list_int_ref1,BuiltInFunction,set()
q_py_topic_references:q_py_list_int_ref1,BuiltInFunction,open()
q_py_topic_references:q_py_list_int_ref1,BuiltInFunction,range()
q_py_topic_references:q_py_list_int_ref1,BuiltInFunction,tuple()
q_py_topic_references:q_py_list_int_ref1,BuiltInFunction,abs()
q_py_topic_references:q_py_list_int_ref1,BuiltInFunction,round()
q_py_topic_references:q_py_list_int_ref1,BuiltInFunction,len()
q_py_topic_references:q_py_list_int_ref1,BuiltInFunction,min()
q_py_topic_references:q_py_list_str_ref1,ClassMethod,__init()__
q_py_topic_references:q_py_list_str_ref1,DefinitionStatement,ClassDefinition
q_py_topic_references:q_py_str_ref1,ClassMethod,__init()__
q_py_topic_references:q_py_str_ref1,ConditionalStatement,IfElifElseStatement
q_py_topic_references:q_py_str_ref1,ConditionalStatement,IfElseStatement
q_py_topic_references:q_py_str_ref1,ConditionalStatement,IfElifStatement
q_py_topic_references:q_py_str_ref1,AssignmentStatement,AugmentedAssignmentStatement
q_py_topic_references:q_py_str_ref1,DefinitionStatement,ClassDefinition
q_py_topic_references:q_py_str_ref1,BuiltInFunction,dict()
q_py_topic_references:q_py_str_ref1,BuiltInFunction,next()
q_py_topic_references:q_py_str_ref1,BuiltInFunction,input()
q_py_topic_references:q_py_str_ref1,BuiltInFunction,int()
q_py_topic_references:q_py_str_ref1,BuiltInFunction,max()
q_py_topic_references:q_py_str_ref1,BuiltInFunction,float()
q_py_topic_references:q_py_str_ref1,BuiltInFunction,set()
q_py_topic_references:q_py_str_ref1,BuiltInFunction,open()
q_py_topic_references:q_py_str_ref1,BuiltInFunction,range()
q_py_topic_references:q_py_str_ref1,BuiltInFunction,tuple()
q_py_topic_references:q_py_str_ref1,BuiltInFunction,abs()
q_py_topic_references:q_py_str_ref1,BuiltInFunction,round()
q_py_topic_references:q_py_str_ref1,BuiltInFunction,len()
q_py_topic_references:q_py_str_ref1,BuiltInFunction,min()
q_py_topic_references:q_py_str_ref1,BuiltInFunction,list()
q_py_topic_strings:q_py_concat_strings1,DictionaryMethod,values()
q_py_topic_strings:q_py_concat_strings1,DictionaryMethod,keys()
q_py_topic_strings:q_py_concat_strings1,DictionaryMethod,items()
q_py_topic_strings:q_py_concat_strings1,DictionaryMethod,get()
q_py_topic_strings:q_py_concat_strings1,ClassMethod,__init()__
q_py_topic_strings:q_py_concat_strings1,ListMethod,reverse()
q_py_topic_strings:q_py_concat_strings1,ListMethod,insert()
q_py_topic_strings:q_py_concat_strings1,ListMethod,remove()
q_py_topic_strings:q_py_concat_strings1,ListMethod,append()
q_py_topic_strings:q_py_concat_strings1,ListMethod,pop()
q_py_topic_strings:q_py_concat_strings1,FileMethod,readline()
q_py_topic_strings:q_py_concat_strings1,FileMethod,close()
q_py_topic_strings:q_py_concat_strings1,FileMethod,read()
q_py_topic_strings:q_py_concat_strings1,Operator,=
q_py_topic_strings:q_py_concat_strings1,ComparisonOperator,LessOrEqual
q_py_topic_strings:q_py_concat_strings1,ComparisonOperator,Less
q_py_topic_strings:q_py_concat_strings1,ComparisonOperator,Larger
q_py_topic_strings:q_py_concat_strings1,ComparisonOperator,LargerOrEqual
q_py_topic_strings:q_py_concat_strings1,ComparisonOperator,==
q_py_topic_strings:q_py_concat_strings1,ComparisonOperator,NotEqual
ae_adl_objects3,ClassMethod,__init()__
ae_adl_objects3,Statement,ExpressionStatement
ae_adl_objects3,ConditionalStatement,IfElifElseStatement
ae_adl_objects3,ConditionalStatement,IfElseStatement
ae_adl_objects3,ConditionalStatement,IfElifStatement
ae_adl_objects3,BuiltInFunction,str()
ae_adl_objects3,BuiltInFunction,next()
ae_adl_objects3,BuiltInFunction,input()
ae_adl_objects3,BuiltInFunction,max()
ae_adl_objects3,BuiltInFunction,float()
ae_adl_objects3,BuiltInFunction,set()
ae_adl_objects3,BuiltInFunction,open()
ae_adl_objects3,BuiltInFunction,range()
ae_adl_objects3,BuiltInFunction,tuple()
ae_adl_objects3,BuiltInFunction,abs()
ae_adl_objects3,BuiltInFunction,round()
ae_adl_objects3,BuiltInFunction,len()
ae_adl_objects3,BuiltInFunction,min()
ae_adl_objects3,BuiltInFunction,list()
ae_python_intro,ClassMethod,__init()__
ae_python_assignment,ClassMethod,__init()__
ae_python_input,ClassMethod,__init()__
ae_python_if,ClassMethod,__init()__
ae_python_for,LogicalOperator,or
ae_python_for,LogicalOperator,not
ae_python_for,ArtithmeticOperator,/
ae_python_for,ConditionalStatement,IfElifElseStatement
ae_python_for,ConditionalStatement,IfElseStatement
ae_python_for,ConditionalStatement,IfElifStatement
ae_python_for,ImportStatement,ImportFrom
ae_python_for,JumpStatement,PassStatement
ae_python_for,JumpStatement,BreakStatement
ae_python_for,JumpStatement,ContinueStatement
ae_python_for,IterationStatement,WhileStatement
ae_python_for,ExceptionHandlingStatement,TryStatement
ae_python_for,ExceptionHandlingStatement,RaiseStatement
ae_python_for,ExceptionHandlingStatement,AssertStatement
ae_python_for,AssignmentStatement,AugmentedAssignmentStatement
ae_python_for,DefinitionStatement,ClassDefinition
ae_python_for,BuiltInFunction,dict()
ae_python_for,BuiltInFunction,str()
ae_python_for,BuiltInFunction,next()
ae_python_for,BuiltInFunction,input()
ae_python_for,BuiltInFunction,int()
ae_python_for,BuiltInFunction,max()
ae_python_for,BuiltInFunction,float()
ae_python_for,BuiltInFunction,set()
ae_python_for,BuiltInFunction,open()
ae_python_for,BuiltInFunction,tuple()
ae_python_for,BuiltInFunction,abs()
ae_python_for,BuiltInFunction,round()
ae_python_for,BuiltInFunction,len()
ae_python_for,BuiltInFunction,min()
ae_python_for,BuiltInFunction,list()
ae_python_function,ClassMethod,__init()__
ae_python_function,ArtithmeticOperator,//
ae_python_function,ArtithmeticOperator,-
ae_python_function,ArtithmeticOperator,/
ae_python_function,ArtithmeticOperator,**
ae_python_function,ArtithmeticOperator,Modulus
ae_python_function,ConditionalStatement,IfElifElseStatement
ae_python_function,ConditionalStatement,IfElseStatement
ae_python_function,ConditionalStatement,IfElifStatement
ae_python_function,DefinitionStatement,ClassDefinition
ae_python_function,BuiltInFunction,dict()
ae_python_function,BuiltInFunction,str()
ae_python_function,BuiltInFunction,next()
ae_python_function,BuiltInFunction,input()
ae_python_function,BuiltInFunction,int()
ae_python_function,BuiltInFunction,max()
ae_python_function,BuiltInFunction,float()
ae_python_function,BuiltInFunction,set()
ae_python_function,BuiltInFunction,open()
ae_python_function,BuiltInFunction,range()
ae_python_function,BuiltInFunction,tuple()
ae_python_function,BuiltInFunction,abs()
ae_python_function,BuiltInFunction,round()
ae_python_function,BuiltInFunction,len()
ae_python_function,BuiltInFunction,min()
ae_python_function,BuiltInFunction,list()
ae_python_list,ClassMethod,__init()__
ae_python_split,ClassMethod,__init()__
ae_python_split,ConditionalStatement,IfElifElseStatement
ae_python_split,ConditionalStatement,IfStatement
ae_python_split,ConditionalStatement,IfElseStatement
ae_python_split,ConditionalStatement,IfElifStatement
ae_python_split,ImportStatement,Import
ae_python_split,ImportStatement,ImportFrom
ae_python_split,JumpStatement,PassStatement
ae_python_split,JumpStatement,BreakStatement
ae_python_split,JumpStatement,ContinueStatement
ae_python_split,JumpStatement,ReturnStatement
ae_python_split,IterationStatement,ForStatement
ae_python_split,IterationStatement,WhileStatement
ae_python_split,ExceptionHandlingStatement,TryStatement
ae_python_split,ExceptionHandlingStatement,RaiseStatement
ae_python_split,ExceptionHandlingStatement,AssertStatement
ae_python_split,AssignmentStatement,SimpleAssignmentStatement
ae_python_split,AssignmentStatement,AugmentedAssignmentStatement
ae_python_split,DefinitionStatement,FunctionDefinition
ae_python_split,DefinitionStatement,ClassDefinition
ae_python_split,BuiltInFunction,dict()
ae_python_split,BuiltInFunction,str()
ae_python_split,BuiltInFunction,next()
ae_python_split,BuiltInFunction,input()
ae_python_split,BuiltInFunction,int()
ae_python_split,BuiltInFunction,max()
ae_python_split,BuiltInFunction,float()
ae_python_split,BuiltInFunction,set()
ae_python_split,BuiltInFunction,open()
ae_python_split,BuiltInFunction,range()
ae_python_split,BuiltInFunction,tuple()
ae_python_split,BuiltInFunction,abs()
ae_python_split,BuiltInFunction,round()
ae_python_split,BuiltInFunction,len()
ae_python_split,BuiltInFunction,min()
ae_python_split,BuiltInFunction,print()
ae_python_split,BuiltInFunction,list()
ae_python_file,ClassMethod,__init()__
ae_python_file,DefinitionStatement,ClassDefinition
ae_python_file,BuiltInFunction,dict()
ae_python_class1,ClassMethod,__init()__
ae_python_class2,Statement,ExpressionStatement
ae_python_class2,ConditionalStatement,IfElifElseStatement
ae_python_class2,ConditionalStatement,IfElifStatement
ae_python_class2,ImportStatement,Import
ae_python_class2,ImportStatement,ImportFrom
ae_python_class2,BuiltInFunction,dict()
ae_python_class2,BuiltInFunction,str()
ae_python_class2,BuiltInFunction,next()
ae_python_class2,BuiltInFunction,input()
ae_python_class2,BuiltInFunction,max()
ae_python_class2,BuiltInFunction,float()
ae_python_class2,BuiltInFunction,set()
ae_python_class2,BuiltInFunction,open()
ae_python_class2,BuiltInFunction,range()
ae_python_class2,BuiltInFunction,tuple()
ae_python_class2,BuiltInFunction,abs()
ae_python_class2,BuiltInFunction,round()
ae_python_class2,BuiltInFunction,len()
ae_python_class2,BuiltInFunction,list()
ae_adl_vals_refs1,AssignmentStatement,AugmentedAssignmentStatement
ae_adl_vals_refs1,DefinitionStatement,ClassDefinition
ae_adl_vals_refs2,ClassMethod,__init()__
ae_adl_vals_refs3,ClassMethod,__init()__
ae_adl_tryexcept1,Statement,ExpressionStatement
ae_adl_tryexcept1,ImportStatement,Import
ae_adl_tryexcept1,ImportStatement,ImportFrom
ae_adl_tryexcept1,IterationStatement,ForStatement
ae_adl_tryexcept1,IterationStatement,WhileStatement
ae_adl_tryexcept1,DefinitionStatement,FunctionDefinition
ae_adl_tryexcept1,DefinitionStatement,ClassDefinition
ae_adl_tryexcept1,BuiltInFunction,dict()
ae_adl_file1,Statement,ExpressionStatement
ae_adl_file1,DefinitionStatement,ClassDefinition
ae_adl_file1,BuiltInFunction,tuple()
ae_adl_file1,BuiltInFunction,abs()
ae_adl_file1,BuiltInFunction,round()
ae_adl_file2,SubscriptExpression,SlicingExpression
ae_adl_file2,ArithmeticExpression,BinaryOperation
ae_adl_file2,ArithmeticExpression,UnaryOperation
ae_adl_file2,LogicalExpression,BooleanExpression
ae_adl_file2,Literal,BooleanLiteral
ae_adl_file2,Literal,NoneLiteral
ae_adl_file2,NumericLiteral,FloatLiteral
ae_adl_file2,NumericLiteral,IntegerLiteral
ae_adl_file2,LiteralCollection,TupleLiteral
ae_adl_file2,LiteralCollection,SetLiteral
ae_adl_file2,LiteralCollection,DictLiteral
ae_adl_file2,Error,TypeError
ae_adl_file2,Error,OSError
ae_adl_file2,Error,IndexError
ae_adl_file2,Error,ValueError
ae_adl_file2,Error,AssertionError
ae_adl_file2,StringMethod,lower()
ae_adl_file2,StringMethod,join()
ae_adl_file2,StringMethod,format()
ae_adl_file2,StringMethod,capitalize()
ae_adl_file2,StringMethod,replace()
ae_adl_file2,DictionaryMethod,values()
ae_adl_file2,DictionaryMethod,keys()
ae_adl_file2,DictionaryMethod,items()
ae_adl_file2,DictionaryMethod,get()
ae_adl_file2,ClassMethod,__init()__
ae_adl_file2,ListMethod,reverse()
ae_adl_file2,ListMethod,insert()
ae_adl_file2,ListMethod,remove()
ae_adl_file2,ListMethod,append()
ae_adl_file2,ListMethod,pop()
ae_adl_file2,FileMethod,readline()
ae_adl_file2,Operator,=
ae_adl_file2,ComparisonOperator,LessOrEqual
ae_adl_file2,ComparisonOperator,Less
ae_adl_file2,ComparisonOperator,Larger
ae_adl_file2,ComparisonOperator,LargerOrEqual
ae_adl_file2,ComparisonOperator,==
ae_adl_file2,ComparisonOperator,NotEqual
ae_adl_file2,ImportStatement,ImportFrom
q_py_topic_strings:q_py_substring1,SubscriptExpression,IndexingExpression
q_py_topic_strings:q_py_substring1,ArithmeticExpression,UnaryOperation
q_py_topic_strings:q_py_substring1,ClassMethod,__init()__
q_py_topic_strings:q_py_substring1,ComparisonOperator,LessOrEqual
q_py_topic_strings:q_py_substring1,ComparisonOperator,Less
q_py_topic_strings:q_py_substring1,ComparisonOperator,Larger
q_py_topic_strings:q_py_substring1,ComparisonOperator,LargerOrEqual
q_py_topic_strings:q_py_substring1,ComparisonOperator,NotEqual
q_py_topic_two_dimensional_array:q_py_2d_arrays1,ClassMethod,__init()__
q_py_topic_two_dimensional_array:q_py_2d_arrays1,MembershipOperator,in
q_py_topic_two_dimensional_array:q_py_2d_arrays1,LogicalOperator,and
q_py_topic_two_dimensional_array:q_py_2d_arrays1,LogicalOperator,or
q_py_topic_two_dimensional_array:q_py_2d_arrays1,LogicalOperator,not
q_py_topic_two_dimensional_array:q_py_2d_arrays1,ArtithmeticOperator,//
q_py_topic_two_dimensional_array:q_py_2d_arrays1,ArtithmeticOperator,-
q_py_topic_two_dimensional_array:q_py_2d_arrays1,ArtithmeticOperator,+
q_py_topic_two_dimensional_array:q_py_2d_arrays1,ArtithmeticOperator,/
q_py_topic_two_dimensional_array:q_py_2d_arrays1,ArtithmeticOperator,**
q_py_topic_two_dimensional_array:q_py_2d_arrays1,ArtithmeticOperator,Modulus
q_py_topic_two_dimensional_array:q_py_2d_arrays1,ArtithmeticOperator,*
q_py_topic_two_dimensional_array:q_py_2d_arrays1,Statement,ExpressionStatement
q_py_topic_two_dimensional_array:q_py_2d_arrays1,ConditionalStatement,IfElifElseStatement
q_py_topic_two_dimensional_array:q_py_2d_arrays1,ConditionalStatement,IfStatement
q_py_topic_two_dimensional_array:q_py_2d_arrays1,ConditionalStatement,IfElseStatement
q_py_topic_two_dimensional_array:q_py_2d_arrays1,ConditionalStatement,IfElifStatement
q_py_topic_two_dimensional_array:q_py_2d_arrays1,ImportStatement,Import
q_py_topic_two_dimensional_array:q_py_2d_arrays1,ImportStatement,ImportFrom
q_py_topic_two_dimensional_array:q_py_2d_arrays1,JumpStatement,PassStatement
q_py_topic_two_dimensional_array:q_py_2d_arrays1,JumpStatement,BreakStatement
q_py_topic_two_dimensional_array:q_py_2d_arrays1,JumpStatement,ContinueStatement
q_py_topic_two_dimensional_array:q_py_2d_arrays1,JumpStatement,ReturnStatement
q_py_topic_two_dimensional_array:q_py_2d_arrays1,IterationStatement,ForStatement
q_py_topic_two_dimensional_array:q_py_2d_arrays1,IterationStatement,WhileStatement
q_py_topic_two_dimensional_array:q_py_2d_arrays1,ExceptionHandlingStatement,TryStatement
q_py_topic_two_dimensional_array:q_py_2d_arrays1,ExceptionHandlingStatement,RaiseStatement
q_py_topic_two_dimensional_array:q_py_2d_arrays1,ExceptionHandlingStatement,AssertStatement
q_py_topic_two_dimensional_array:q_py_2d_arrays1,AssignmentStatement,SimpleAssignmentStatement
q_py_topic_two_dimensional_array:q_py_2d_arrays1,AssignmentStatement,AugmentedAssignmentStatement
q_py_topic_two_dimensional_array:q_py_2d_arrays1,DefinitionStatement,FunctionDefinition
q_py_topic_two_dimensional_array:q_py_2d_arrays1,DefinitionStatement,ClassDefinition
q_py_topic_two_dimensional_array:q_py_2d_arrays1,BuiltInFunction,dict()
q_py_topic_two_dimensional_array:q_py_2d_arrays1,BuiltInFunction,str()
q_py_topic_two_dimensional_array:q_py_2d_arrays1,BuiltInFunction,next()
q_py_topic_two_dimensional_array:q_py_2d_arrays1,BuiltInFunction,input()
q_py_topic_two_dimensional_array:q_py_2d_arrays1,BuiltInFunction,int()
q_py_topic_two_dimensional_array:q_py_2d_arrays1,BuiltInFunction,max()
q_py_topic_two_dimensional_array:q_py_2d_arrays1,BuiltInFunction,float()
q_py_topic_two_dimensional_array:q_py_2d_arrays1,BuiltInFunction,set()
q_py_topic_two_dimensional_array:q_py_2d_arrays1,BuiltInFunction,open()
q_py_topic_two_dimensional_array:q_py_2d_arrays1,BuiltInFunction,range()
q_py_topic_two_dimensional_array:q_py_2d_arrays1,BuiltInFunction,tuple()
q_py_topic_two_dimensional_array:q_py_2d_arrays1,BuiltInFunction,abs()
q_py_topic_two_dimensional_array:q_py_2d_arrays1,BuiltInFunction,round()
q_py_topic_two_dimensional_array:q_py_2d_arrays1,BuiltInFunction,len()
q_py_topic_two_dimensional_array:q_py_2d_arrays1,BuiltInFunction,min()
q_py_topic_two_dimensional_array:q_py_2d_arrays1,BuiltInFunction,print()
q_py_topic_two_dimensional_array:q_py_2d_arrays1,BuiltInFunction,list()
q_py_topic_two_dimensional_array:q_py_2d_arrays2,ClassMethod,__init()__
q_py_topic_two_dimensional_array:q_py_2d_arrays3,ClassMethod,__init()__
q_py_topic_two_dimensional_array:q_py_2d_arrays3,MembershipOperator,in
q_py_topic_two_dimensional_array:q_py_2d_arrays3,LogicalOperator,and
q_py_topic_two_dimensional_array:q_py_2d_arrays3,LogicalOperator,or
q_py_topic_two_dimensional_array:q_py_2d_arrays3,LogicalOperator,not
q_py_topic_two_dimensional_array:q_py_2d_arrays3,ArtithmeticOperator,//
q_py_topic_two_dimensional_array:q_py_2d_arrays3,ArtithmeticOperator,-
q_py_topic_two_dimensional_array:q_py_2d_arrays3,ArtithmeticOperator,+
q_py_topic_two_dimensional_array:q_py_2d_arrays3,ArtithmeticOperator,/
q_py_topic_two_dimensional_array:q_py_2d_arrays3,ArtithmeticOperator,**
q_py_topic_two_dimensional_array:q_py_2d_arrays3,ArtithmeticOperator,Modulus
q_py_topic_two_dimensional_array:q_py_2d_arrays3,ArtithmeticOperator,*
q_py_topic_two_dimensional_array:q_py_2d_arrays3,Statement,ExpressionStatement
q_py_topic_two_dimensional_array:q_py_2d_arrays3,ConditionalStatement,IfElifElseStatement
q_py_topic_two_dimensional_array:q_py_2d_arrays3,ConditionalStatement,IfStatement
q_py_topic_two_dimensional_array:q_py_2d_arrays3,ConditionalStatement,IfElseStatement
q_py_topic_two_dimensional_array:q_py_2d_arrays3,ConditionalStatement,IfElifStatement
q_py_topic_two_dimensional_array:q_py_2d_arrays3,ImportStatement,Import
q_py_topic_two_dimensional_array:q_py_2d_arrays3,ImportStatement,ImportFrom
q_py_topic_two_dimensional_array:q_py_2d_arrays3,JumpStatement,PassStatement
q_py_topic_two_dimensional_array:q_py_2d_arrays3,JumpStatement,BreakStatement
q_py_topic_two_dimensional_array:q_py_2d_arrays3,JumpStatement,ContinueStatement
q_py_topic_two_dimensional_array:q_py_2d_arrays3,JumpStatement,ReturnStatement
q_py_topic_two_dimensional_array:q_py_2d_arrays3,IterationStatement,ForStatement
q_py_topic_two_dimensional_array:q_py_2d_arrays3,IterationStatement,WhileStatement
q_py_topic_two_dimensional_array:q_py_2d_arrays3,ExceptionHandlingStatement,TryStatement
q_py_topic_two_dimensional_array:q_py_2d_arrays3,ExceptionHandlingStatement,RaiseStatement
q_py_topic_two_dimensional_array:q_py_2d_arrays3,ExceptionHandlingStatement,AssertStatement
q_py_topic_two_dimensional_array:q_py_2d_arrays3,AssignmentStatement,SimpleAssignmentStatement
q_py_topic_two_dimensional_array:q_py_2d_arrays3,AssignmentStatement,AugmentedAssignmentStatement
q_py_topic_two_dimensional_array:q_py_2d_arrays3,DefinitionStatement,FunctionDefinition
q_py_topic_two_dimensional_array:q_py_2d_arrays3,DefinitionStatement,ClassDefinition
q_py_topic_two_dimensional_array:q_py_2d_arrays3,BuiltInFunction,dict()
q_py_topic_two_dimensional_array:q_py_2d_arrays3,BuiltInFunction,str()
q_py_topic_two_dimensional_array:q_py_2d_arrays3,BuiltInFunction,next()
q_py_topic_two_dimensional_array:q_py_2d_arrays3,BuiltInFunction,input()
q_py_topic_two_dimensional_array:q_py_2d_arrays3,BuiltInFunction,int()
q_py_topic_two_dimensional_array:q_py_2d_arrays3,BuiltInFunction,max()
q_py_topic_two_dimensional_array:q_py_2d_arrays3,BuiltInFunction,float()
q_py_topic_two_dimensional_array:q_py_2d_arrays3,BuiltInFunction,set()
q_py_topic_two_dimensional_array:q_py_2d_arrays3,BuiltInFunction,open()
q_py_topic_two_dimensional_array:q_py_2d_arrays3,BuiltInFunction,range()
q_py_topic_two_dimensional_array:q_py_2d_arrays3,BuiltInFunction,tuple()
q_py_topic_two_dimensional_array:q_py_2d_arrays3,BuiltInFunction,abs()
q_py_topic_two_dimensional_array:q_py_2d_arrays3,BuiltInFunction,round()
q_py_topic_two_dimensional_array:q_py_2d_arrays3,BuiltInFunction,len()
q_py_topic_two_dimensional_array:q_py_2d_arrays3,BuiltInFunction,min()
q_py_topic_two_dimensional_array:q_py_2d_arrays3,BuiltInFunction,print()
q_py_topic_two_dimensional_array:q_py_2d_arrays3,BuiltInFunction,list()
q_py_topic_two_dimensional_array:q_py_2d_arrays4,ClassMethod,__init()__
q_py_topic_two_dimensional_array:q_py_2d_arrays4,MembershipOperator,in
q_py_topic_two_dimensional_array:q_py_2d_arrays4,LogicalOperator,and
q_py_topic_two_dimensional_array:q_py_2d_arrays4,LogicalOperator,or
q_py_topic_two_dimensional_array:q_py_2d_arrays4,LogicalOperator,not
q_py_topic_two_dimensional_array:q_py_2d_arrays4,ArtithmeticOperator,//
q_py_topic_two_dimensional_array:q_py_2d_arrays4,ArtithmeticOperator,-
q_py_topic_two_dimensional_array:q_py_2d_arrays4,ArtithmeticOperator,+
q_py_topic_two_dimensional_array:q_py_2d_arrays4,ArtithmeticOperator,/
q_py_topic_two_dimensional_array:q_py_2d_arrays4,ArtithmeticOperator,**
q_py_topic_two_dimensional_array:q_py_2d_arrays4,ArtithmeticOperator,Modulus
q_py_topic_two_dimensional_array:q_py_2d_arrays4,ArtithmeticOperator,*
q_py_topic_two_dimensional_array:q_py_2d_arrays4,Statement,ExpressionStatement
q_py_topic_two_dimensional_array:q_py_2d_arrays4,ConditionalStatement,IfElifElseStatement
q_py_topic_two_dimensional_array:q_py_2d_arrays4,ConditionalStatement,IfStatement
q_py_topic_two_dimensional_array:q_py_2d_arrays4,ConditionalStatement,IfElseStatement
q_py_topic_two_dimensional_array:q_py_2d_arrays4,ConditionalStatement,IfElifStatement
q_py_topic_two_dimensional_array:q_py_2d_arrays4,ImportStatement,Import
q_py_topic_two_dimensional_array:q_py_2d_arrays4,ImportStatement,ImportFrom
q_py_topic_two_dimensional_array:q_py_2d_arrays4,JumpStatement,PassStatement
q_py_topic_two_dimensional_array:q_py_2d_arrays4,JumpStatement,BreakStatement
q_py_topic_two_dimensional_array:q_py_2d_arrays4,JumpStatement,ContinueStatement
q_py_topic_two_dimensional_array:q_py_2d_arrays4,JumpStatement,ReturnStatement
q_py_topic_two_dimensional_array:q_py_2d_arrays4,IterationStatement,ForStatement
q_py_topic_two_dimensional_array:q_py_2d_arrays4,IterationStatement,WhileStatement
q_py_topic_two_dimensional_array:q_py_2d_arrays4,ExceptionHandlingStatement,TryStatement
q_py_topic_two_dimensional_array:q_py_2d_arrays4,ExceptionHandlingStatement,RaiseStatement
q_py_topic_two_dimensional_array:q_py_2d_arrays4,ExceptionHandlingStatement,AssertStatement
q_py_topic_two_dimensional_array:q_py_2d_arrays4,AssignmentStatement,SimpleAssignmentStatement
q_py_topic_two_dimensional_array:q_py_2d_arrays4,AssignmentStatement,AugmentedAssignmentStatement
q_py_topic_two_dimensional_array:q_py_2d_arrays4,DefinitionStatement,FunctionDefinition
q_py_topic_two_dimensional_array:q_py_2d_arrays4,DefinitionStatement,ClassDefinition
q_py_topic_two_dimensional_array:q_py_2d_arrays4,BuiltInFunction,dict()
q_py_topic_two_dimensional_array:q_py_2d_arrays4,BuiltInFunction,str()
q_py_topic_two_dimensional_array:q_py_2d_arrays4,BuiltInFunction,next()
q_py_topic_two_dimensional_array:q_py_2d_arrays4,BuiltInFunction,input()
q_py_topic_two_dimensional_array:q_py_2d_arrays4,BuiltInFunction,int()
q_py_topic_two_dimensional_array:q_py_2d_arrays4,BuiltInFunction,max()
q_py_topic_two_dimensional_array:q_py_2d_arrays4,BuiltInFunction,float()
q_py_topic_two_dimensional_array:q_py_2d_arrays4,BuiltInFunction,set()
q_py_topic_two_dimensional_array:q_py_2d_arrays4,BuiltInFunction,open()
q_py_topic_two_dimensional_array:q_py_2d_arrays4,BuiltInFunction,range()
q_py_topic_two_dimensional_array:q_py_2d_arrays4,BuiltInFunction,tuple()
q_py_topic_two_dimensional_array:q_py_2d_arrays4,BuiltInFunction,abs()
q_py_topic_two_dimensional_array:q_py_2d_arrays4,BuiltInFunction,round()
q_py_topic_two_dimensional_array:q_py_2d_arrays4,BuiltInFunction,len()
q_py_topic_two_dimensional_array:q_py_2d_arrays4,BuiltInFunction,min()
q_py_topic_two_dimensional_array:q_py_2d_arrays4,BuiltInFunction,print()
q_py_topic_two_dimensional_array:q_py_2d_arrays4,BuiltInFunction,list()
q_py_topic_variables:q_py_arithmetic1,ClassMethod,__init()__
q_py_topic_variables:q_py_arithmetic2,ClassMethod,__init()__
q_py_topic_variables:q_py_arithmetic2,ArtithmeticOperator,//
q_py_topic_variables:q_py_arithmetic2,ArtithmeticOperator,-
q_py_topic_variables:q_py_arithmetic2,ArtithmeticOperator,/
q_py_topic_variables:q_py_arithmetic2,ArtithmeticOperator,Modulus
q_py_topic_variables:q_py_arithmetic2,Statement,ExpressionStatement
q_py_topic_variables:q_py_arithmetic2,ConditionalStatement,IfElifElseStatement
q_py_topic_variables:q_py_arithmetic2,ConditionalStatement,IfElseStatement
q_py_topic_variables:q_py_arithmetic2,ConditionalStatement,IfElifStatement
q_py_topic_variables:q_py_arithmetic2,IterationStatement,WhileStatement
q_py_topic_variables:q_py_arithmetic2,AssignmentStatement,AugmentedAssignmentStatement
q_py_topic_variables:q_py_arithmetic2,BuiltInFunction,dict()
q_py_topic_variables:q_py_arithmetic2,BuiltInFunction,str()
q_py_topic_variables:q_py_arithmetic2,BuiltInFunction,next()
q_py_topic_variables:q_py_arithmetic2,BuiltInFunction,input()
q_py_topic_variables:q_py_arithmetic2,BuiltInFunction,max()
q_py_topic_variables:q_py_arithmetic2,BuiltInFunction,set()
q_py_topic_variables:q_py_arithmetic2,BuiltInFunction,open()
q_py_topic_variables:q_py_arithmetic2,BuiltInFunction,range()
q_py_topic_variables:q_py_arithmetic2,BuiltInFunction,tuple()
q_py_topic_variables:q_py_arithmetic2,BuiltInFunction,abs()
q_py_topic_variables:q_py_arithmetic2,BuiltInFunction,round()
q_py_topic_variables:q_py_arithmetic2,BuiltInFunction,len()
q_py_topic_variables:q_py_arithmetic2,BuiltInFunction,min()
q_py_topic_variables:q_py_arithmetic2,BuiltInFunction,list()
q_py_topic_variables:q_py_exchange1,ClassMethod,__init()__
q_py_topic_variables:q_py_exchange2,ClassMethod,__init()__
q_py_topic_variables:q_py_swap1,ClassMethod,__init()__
q_topic_classes_objects:q_py_inheritance_animal1,ClassMethod,__init()__
q_topic_classes_objects:q_py_obj_account1,ClassMethod,__init()__
q_topic_classes_objects:q_py_obj_bus1,ClassMethod,__init()__
q_topic_classes_objects:q_py_obj_bus1,LogicalOperator,and
q_topic_classes_objects:q_py_obj_bus1,LogicalOperator,or
q_topic_classes_objects:q_py_obj_bus1,LogicalOperator,not
q_topic_classes_objects:q_py_obj_bus1,ArtithmeticOperator,//
q_topic_classes_objects:q_py_obj_bus1,ArtithmeticOperator,/
q_topic_classes_objects:q_py_obj_bus1,ArtithmeticOperator,**
q_topic_classes_objects:q_py_obj_bus1,ArtithmeticOperator,Modulus
q_topic_classes_objects:q_py_obj_bus1,ArtithmeticOperator,*
q_topic_classes_objects:q_py_obj_bus1,Statement,ExpressionStatement
q_topic_classes_objects:q_py_obj_bus1,ConditionalStatement,IfElifElseStatement
q_topic_classes_objects:q_py_obj_bus1,ConditionalStatement,IfElseStatement
q_topic_classes_objects:q_py_obj_bus1,ConditionalStatement,IfElifStatement
q_topic_classes_objects:q_py_obj_bus1,JumpStatement,PassStatement
q_topic_classes_objects:q_py_obj_bus1,JumpStatement,BreakStatement
q_topic_classes_objects:q_py_obj_bus1,JumpStatement,ContinueStatement
q_topic_classes_objects:q_py_obj_bus1,AssignmentStatement,AugmentedAssignmentStatement
q_topic_classes_objects:q_py_obj_bus1,BuiltInFunction,dict()
q_topic_classes_objects:q_py_obj_bus1,BuiltInFunction,str()
q_topic_classes_objects:q_py_obj_bus1,BuiltInFunction,next()
q_topic_classes_objects:q_py_obj_bus1,BuiltInFunction,input()
q_topic_classes_objects:q_py_obj_bus1,BuiltInFunction,int()
q_topic_classes_objects:q_py_obj_bus1,BuiltInFunction,max()
q_topic_classes_objects:q_py_obj_bus1,BuiltInFunction,float()
q_topic_classes_objects:q_py_obj_bus1,BuiltInFunction,set()
q_topic_classes_objects:q_py_obj_bus1,BuiltInFunction,open()
q_topic_classes_objects:q_py_obj_bus1,BuiltInFunction,range()
q_topic_classes_objects:q_py_obj_bus1,BuiltInFunction,tuple()
q_topic_classes_objects:q_py_obj_bus1,BuiltInFunction,abs()
q_topic_classes_objects:q_py_obj_bus1,BuiltInFunction,round()
q_topic_classes_objects:q_py_obj_bus1,BuiltInFunction,len()
q_topic_classes_objects:q_py_obj_bus1,BuiltInFunction,list()
q_topic_classes_objects:q_py_obj_car1,ClassMethod,__init()__
q_topic_classes_objects:q_py_obj_car1,ArtithmeticOperator,/
q_topic_classes_objects:q_py_obj_car1,Statement,ExpressionStatement
q_topic_classes_objects:q_py_obj_car1,AssignmentStatement,AugmentedAssignmentStatement
q_topic_classes_objects:q_py_obj_car1,BuiltInFunction,dict()
q_topic_classes_objects:q_py_obj_car1,BuiltInFunction,str()
q_topic_classes_objects:q_py_obj_car1,BuiltInFunction,next()
q_topic_classes_objects:q_py_obj_car1,BuiltInFunction,input()
q_topic_classes_objects:q_py_obj_car1,BuiltInFunction,int()
q_topic_classes_objects:q_py_obj_car1,BuiltInFunction,max()
q_topic_classes_objects:q_py_obj_car1,BuiltInFunction,float()
q_topic_classes_objects:q_py_obj_car1,BuiltInFunction,set()
q_topic_classes_objects:q_py_obj_car1,BuiltInFunction,open()
q_topic_classes_objects:q_py_obj_car1,BuiltInFunction,range()
q_topic_classes_objects:q_py_obj_car1,BuiltInFunction,tuple()
q_topic_classes_objects:q_py_obj_car1,BuiltInFunction,abs()
q_topic_classes_objects:q_py_obj_car1,BuiltInFunction,round()
q_topic_classes_objects:q_py_obj_car1,BuiltInFunction,len()
q_topic_classes_objects:q_py_obj_car1,BuiltInFunction,list()
q_topic_classes_objects:q_py_obj_car2,Literal,StringLiteral
q_topic_classes_objects:q_py_obj_car2,MembershipOperator,in
q_topic_classes_objects:q_py_obj_car2,LogicalOperator,and
q_topic_classes_objects:q_py_obj_car2,LogicalOperator,or
q_topic_classes_objects:q_py_obj_car2,LogicalOperator,not
q_topic_classes_objects:q_py_obj_car2,ArtithmeticOperator,//
q_topic_classes_objects:q_py_obj_car2,ArtithmeticOperator,-
q_topic_classes_objects:q_py_obj_car2,ArtithmeticOperator,+
q_topic_classes_objects:q_py_obj_car2,ArtithmeticOperator,/
q_topic_classes_objects:q_py_obj_car2,ArtithmeticOperator,**
q_topic_classes_objects:q_py_obj_car2,ArtithmeticOperator,Modulus
q_topic_classes_objects:q_py_obj_car2,ArtithmeticOperator,*
q_topic_classes_objects:q_py_obj_car2,Statement,ExpressionStatement
q_topic_classes_objects:q_py_obj_car2,ConditionalStatement,IfElifElseStatement
q_topic_classes_objects:q_py_obj_car2,ConditionalStatement,IfStatement
q_topic_classes_objects:q_py_obj_car2,ConditionalStatement,IfElseStatement
q_topic_classes_objects:q_py_obj_car2,ConditionalStatement,IfElifStatement
q_topic_classes_objects:q_py_obj_car2,ImportStatement,Import
q_topic_classes_objects:q_py_obj_car2,ImportStatement,ImportFrom
q_topic_classes_objects:q_py_obj_car2,JumpStatement,PassStatement
q_topic_classes_objects:q_py_obj_car2,JumpStatement,BreakStatement
q_topic_classes_objects:q_py_obj_car2,JumpStatement,ContinueStatement
q_topic_classes_objects:q_py_obj_car2,JumpStatement,ReturnStatement
q_topic_classes_objects:q_py_obj_car2,IterationStatement,ForStatement
q_topic_classes_objects:q_py_obj_car2,IterationStatement,WhileStatement
q_topic_classes_objects:q_py_obj_car2,ExceptionHandlingStatement,TryStatement
q_topic_classes_objects:q_py_obj_car2,ExceptionHandlingStatement,RaiseStatement
q_topic_classes_objects:q_py_obj_car2,ExceptionHandlingStatement,AssertStatement
q_topic_classes_objects:q_py_obj_car2,AssignmentStatement,SimpleAssignmentStatement
q_topic_classes_objects:q_py_obj_car2,AssignmentStatement,AugmentedAssignmentStatement
q_topic_classes_objects:q_py_obj_car2,DefinitionStatement,FunctionDefinition
q_topic_classes_objects:q_py_obj_car2,DefinitionStatement,ClassDefinition
q_topic_classes_objects:q_py_obj_car2,BuiltInFunction,dict()
q_topic_classes_objects:q_py_obj_car2,BuiltInFunction,str()
q_topic_classes_objects:q_py_obj_car2,BuiltInFunction,next()
q_topic_classes_objects:q_py_obj_car2,BuiltInFunction,input()
q_topic_classes_objects:q_py_obj_car2,BuiltInFunction,int()
q_topic_classes_objects:q_py_obj_car2,BuiltInFunction,max()
q_topic_classes_objects:q_py_obj_car2,BuiltInFunction,float()
q_topic_classes_objects:q_py_obj_car2,BuiltInFunction,set()
q_topic_classes_objects:q_py_obj_car2,BuiltInFunction,open()
q_topic_classes_objects:q_py_obj_car2,BuiltInFunction,range()
q_topic_classes_objects:q_py_obj_car2,BuiltInFunction,tuple()
q_topic_classes_objects:q_py_obj_car2,BuiltInFunction,abs()
q_topic_classes_objects:q_py_obj_car2,BuiltInFunction,round()
q_topic_classes_objects:q_py_obj_car2,BuiltInFunction,len()
q_topic_classes_objects:q_py_obj_car2,BuiltInFunction,min()
q_topic_classes_objects:q_py_obj_car2,BuiltInFunction,print()
q_topic_classes_objects:q_py_obj_car2,BuiltInFunction,list()
q_topic_classes_objects:q_py_obj_point1,ClassMethod,__init()__
q_topic_classes_objects:q_py_obj_point1,Statement,ExpressionStatement
q_topic_classes_objects:q_py_obj_point1,ConditionalStatement,IfElifStatement
q_topic_classes_objects:q_py_obj_point1,AssignmentStatement,AugmentedAssignmentStatement
q_topic_classes_objects:q_py_obj_student1,ArithmeticExpression,BinaryOperation
q_topic_classes_objects:q_py_obj_student1,ClassMethod,__init()__
q_topic_classes_objects:q_py_obj_student1,LogicalOperator,and
q_topic_classes_objects:q_py_obj_student1,LogicalOperator,or
q_topic_classes_objects:q_py_obj_student1,LogicalOperator,not
q_topic_classes_objects:q_py_obj_student1,ArtithmeticOperator,//
q_topic_classes_objects:q_py_obj_student1,ArtithmeticOperator,**
q_topic_classes_objects:q_py_obj_student1,ArtithmeticOperator,Modulus
q_topic_classes_objects:q_py_obj_student1,ArtithmeticOperator,*
q_topic_classes_objects:q_py_obj_student1,Statement,ExpressionStatement
q_topic_classes_objects:q_py_obj_student1,ConditionalStatement,IfElifElseStatement
q_topic_classes_objects:q_py_obj_student1,ConditionalStatement,IfElseStatement
q_topic_classes_objects:q_py_obj_student1,ConditionalStatement,IfElifStatement
q_topic_classes_objects:q_py_obj_student1,ImportStatement,Import
q_topic_classes_objects:q_py_obj_student1,ImportStatement,ImportFrom
q_topic_classes_objects:q_py_obj_student1,JumpStatement,PassStatement
q_topic_classes_objects:q_py_obj_student1,JumpStatement,BreakStatement
q_topic_classes_objects:q_py_obj_student1,JumpStatement,ContinueStatement
q_topic_classes_objects:q_py_obj_student1,JumpStatement,ReturnStatement
q_topic_classes_objects:q_py_obj_student1,IterationStatement,WhileStatement
q_topic_classes_objects:q_py_obj_student1,ExceptionHandlingStatement,TryStatement
q_topic_classes_objects:q_py_obj_student1,ExceptionHandlingStatement,RaiseStatement
q_topic_classes_objects:q_py_obj_student1,ExceptionHandlingStatement,AssertStatement
q_topic_classes_objects:q_py_obj_student1,AssignmentStatement,AugmentedAssignmentStatement
q_topic_classes_objects:q_py_obj_student1,BuiltInFunction,dict()
q_topic_classes_objects:q_py_obj_student1,BuiltInFunction,str()
q_topic_classes_objects:q_py_obj_student1,BuiltInFunction,next()
q_topic_classes_objects:q_py_obj_student1,BuiltInFunction,input()
q_topic_classes_objects:q_py_obj_student1,BuiltInFunction,max()
q_topic_classes_objects:q_py_obj_student1,BuiltInFunction,set()
q_topic_classes_objects:q_py_obj_student1,BuiltInFunction,open()
q_topic_classes_objects:q_py_obj_student1,BuiltInFunction,tuple()
q_topic_classes_objects:q_py_obj_student1,BuiltInFunction,abs()
q_topic_classes_objects:q_py_obj_student1,BuiltInFunction,round()
q_topic_classes_objects:q_py_obj_student1,BuiltInFunction,len()
q_topic_classes_objects:q_py_obj_student1,BuiltInFunction,min()
py_adjacent_consecutive,ClassMethod,__init()__
py_adjacent_greater,ClassMethod,__init()__
py_find_average,ConditionalStatement,IfElifElseStatement
py_find_average,ConditionalStatement,IfElifStatement
py_find_average,IterationStatement,ForStatement
py_find_average,BuiltInFunction,str()
py_find_average,BuiltInFunction,open()
py_find_average,BuiltInFunction,range()
py_average_even_nums,Statement,ExpressionStatement
py_average_even_nums,ConditionalStatement,IfElifElseStatement
py_average_even_nums,ConditionalStatement,IfElseStatement
py_average_even_nums,ConditionalStatement,IfElifStatement
py_average_even_nums,ImportStatement,Import
py_average_even_nums,ImportStatement,ImportFrom
py_average_even_nums,IterationStatement,ForStatement
py_average_even_nums,BuiltInFunction,dict()
py_average_even_nums,BuiltInFunction,str()
py_average_even_nums,BuiltInFunction,next()
py_average_even_nums,BuiltInFunction,max()
py_average_even_nums,BuiltInFunction,float()
py_average_even_nums,BuiltInFunction,set()
py_average_even_nums,BuiltInFunction,open()
py_average_even_nums,BuiltInFunction,range()
py_average_even_nums,BuiltInFunction,tuple()
py_average_even_nums,BuiltInFunction,abs()
py_average_even_nums,BuiltInFunction,round()
py_average_even_nums,BuiltInFunction,len()
py_average_even_nums,BuiltInFunction,min()
py_average_even_nums,BuiltInFunction,list()
py_list2d_basic,ClassMethod,__init()__
py_list2d_basic,AssignmentStatement,AugmentedAssignmentStatement
py_list2d_basic2,ClassMethod,__init()__
py_list2d_basic2,IterationStatement,ForStatement
py_list2d_basic2,IterationStatement,WhileStatement
py_list2d_basic3,ClassMethod,__init()__
py_list2d_basic3,Statement,ExpressionStatement
py_list2d_basic3,BuiltInFunction,open()
py_list_basic,ClassMethod,__init()__
py_list_basic,AssignmentStatement,AugmentedAssignmentStatement
py_list_basic2,ClassMethod,__init()__
py_list_basic2,AssignmentStatement,AugmentedAssignmentStatement
py_list_basic3,ClassMethod,__init()__
py_list_change,ClassMethod,__init()__
py_list_change,IterationStatement,WhileStatement
py_list_swap_adjacent_elements,ClassMethod,__init()__
py_list_swap_adjacent_elements,LogicalOperator,or
py_list_swap_adjacent_elements,LogicalOperator,not
py_list_swap_adjacent_elements,ArtithmeticOperator,//
py_list_swap_adjacent_elements,ArtithmeticOperator,-
py_list_swap_adjacent_elements,ArtithmeticOperator,/
py_list_swap_adjacent_elements,ArtithmeticOperator,**
py_list_swap_adjacent_elements,ArtithmeticOperator,Modulus
py_list_swap_adjacent_elements,ArtithmeticOperator,*
py_list_swap_adjacent_elements,Statement,ExpressionStatement
py_list_swap_adjacent_elements,ConditionalStatement,IfElifElseStatement
py_list_swap_adjacent_elements,ConditionalStatement,IfElseStatement
py_list_swap_adjacent_elements,ConditionalStatement,IfElifStatement
py_list_swap_adjacent_elements,ImportStatement,Import
py_list_swap_adjacent_elements,ImportStatement,ImportFrom
py_list_swap_adjacent_elements,JumpStatement,PassStatement
py_list_swap_adjacent_elements,JumpStatement,BreakStatement
py_list_swap_adjacent_elements,JumpStatement,ContinueStatement
py_list_swap_adjacent_elements,IterationStatement,WhileStatement
py_list_swap_adjacent_elements,ExceptionHandlingStatement,RaiseStatement
py_list_swap_adjacent_elements,ExceptionHandlingStatement,AssertStatement
py_list_swap_adjacent_elements,AssignmentStatement,AugmentedAssignmentStatement
py_list_swap_adjacent_elements,BuiltInFunction,dict()
py_list_swap_adjacent_elements,BuiltInFunction,str()
py_list_swap_adjacent_elements,BuiltInFunction,next()
py_list_swap_adjacent_elements,BuiltInFunction,input()
py_list_swap_adjacent_elements,BuiltInFunction,int()
py_list_swap_adjacent_elements,BuiltInFunction,max()
py_list_swap_adjacent_elements,BuiltInFunction,float()
py_list_swap_adjacent_elements,BuiltInFunction,set()
py_list_swap_adjacent_elements,BuiltInFunction,open()
py_list_swap_adjacent_elements,BuiltInFunction,tuple()
py_list_swap_adjacent_elements,BuiltInFunction,abs()
py_list_swap_adjacent_elements,BuiltInFunction,round()
py_list_swap_adjacent_elements,BuiltInFunction,min()
py_list_swap_adjacent_elements,BuiltInFunction,list()
py_list_fill,LogicalOperator,and
py_list_fill,LogicalOperator,or
py_list_fill,LogicalOperator,not
py_list_fill,ArtithmeticOperator,//
py_list_fill,ArtithmeticOperator,-
py_list_fill,ArtithmeticOperator,/
py_list_fill,ArtithmeticOperator,**
py_list_fill,ArtithmeticOperator,Modulus
py_list_fill,ConditionalStatement,IfElifElseStatement
py_list_fill,ConditionalStatement,IfElseStatement
py_list_fill,ConditionalStatement,IfElifStatement
py_list_fill,ImportStatement,ImportFrom
py_list_fill,JumpStatement,PassStatement
py_list_fill,JumpStatement,BreakStatement
py_list_fill,JumpStatement,ContinueStatement
py_list_fill,IterationStatement,WhileStatement
py_list_fill,ExceptionHandlingStatement,RaiseStatement
py_list_fill,ExceptionHandlingStatement,AssertStatement
py_list_fill,DefinitionStatement,FunctionDefinition
py_list_fill,DefinitionStatement,ClassDefinition
py_list_fill,BuiltInFunction,dict()
py_list_fill,BuiltInFunction,str()
py_list_fill,BuiltInFunction,next()
py_list_fill,BuiltInFunction,input()
py_list_fill,BuiltInFunction,int()
py_list_fill,BuiltInFunction,max()
py_list_fill,BuiltInFunction,float()
py_list_fill,BuiltInFunction,set()
py_list_fill,BuiltInFunction,open()
py_list_fill,BuiltInFunction,tuple()
py_list_fill,BuiltInFunction,abs()
py_list_fill,BuiltInFunction,round()
py_list_fill,BuiltInFunction,len()
py_list_fill,BuiltInFunction,min()
py_list_min_max,ClassMethod,__init()__
py_list_min,ClassMethod,__init()__
py_list_rotate,ClassMethod,__init()__
py_list_rotate_left_twice,ClassMethod,__init()__
py_list_rotate_left_twice,MembershipOperator,in
py_list_rotate_left_twice,LogicalOperator,and
py_list_rotate_left_twice,LogicalOperator,or
py_list_rotate_left_twice,LogicalOperator,not
py_list_rotate_left_twice,ArtithmeticOperator,//
py_list_rotate_left_twice,ArtithmeticOperator,/
py_list_rotate_left_twice,ArtithmeticOperator,**
py_list_rotate_left_twice,ArtithmeticOperator,Modulus
py_list_rotate_left_twice,ArtithmeticOperator,*
py_list_rotate_left_twice,ConditionalStatement,IfElifElseStatement
py_list_rotate_left_twice,ConditionalStatement,IfStatement
py_list_rotate_left_twice,ConditionalStatement,IfElseStatement
py_list_rotate_left_twice,ConditionalStatement,IfElifStatement
py_list_rotate_left_twice,ImportStatement,Import
py_list_rotate_left_twice,ImportStatement,ImportFrom
py_list_rotate_left_twice,JumpStatement,PassStatement
py_list_rotate_left_twice,JumpStatement,BreakStatement
py_list_rotate_left_twice,JumpStatement,ContinueStatement
py_list_rotate_left_twice,JumpStatement,ReturnStatement
py_list_rotate_left_twice,IterationStatement,WhileStatement
py_list_rotate_left_twice,ExceptionHandlingStatement,TryStatement
py_list_rotate_left_twice,ExceptionHandlingStatement,RaiseStatement
py_list_rotate_left_twice,ExceptionHandlingStatement,AssertStatement
py_list_rotate_left_twice,AssignmentStatement,AugmentedAssignmentStatement
py_list_rotate_left_twice,DefinitionStatement,ClassDefinition
py_list_rotate_left_twice,BuiltInFunction,dict()
py_list_rotate_left_twice,BuiltInFunction,str()
py_list_rotate_left_twice,BuiltInFunction,next()
py_list_rotate_left_twice,BuiltInFunction,input()
py_list_rotate_left_twice,BuiltInFunction,int()
py_list_rotate_left_twice,BuiltInFunction,max()
py_list_rotate_left_twice,BuiltInFunction,float()
py_list_rotate_left_twice,BuiltInFunction,set()
py_list_rotate_left_twice,BuiltInFunction,open()
py_list_rotate_left_twice,BuiltInFunction,tuple()
py_list_rotate_left_twice,BuiltInFunction,abs()
py_list_rotate_left_twice,BuiltInFunction,round()
py_list_rotate_left_twice,BuiltInFunction,min()
py_list_rotate_left_twice,BuiltInFunction,list()
py_list_rotate_right,ClassMethod,__init()__
py_list_rotate_right_twice,ClassMethod,__init()__
py_list_rotate_right_twice,LogicalOperator,and
py_list_rotate_right_twice,LogicalOperator,or
py_list_rotate_right_twice,LogicalOperator,not
py_list_rotate_right_twice,ArtithmeticOperator,//
py_list_rotate_right_twice,ArtithmeticOperator,+
py_list_rotate_right_twice,ArtithmeticOperator,/
py_list_rotate_right_twice,ArtithmeticOperator,**
py_list_rotate_right_twice,ArtithmeticOperator,Modulus
py_list_rotate_right_twice,ArtithmeticOperator,*
py_list_rotate_right_twice,IterationStatement,WhileStatement
py_list_rotate_right_twice,DefinitionStatement,ClassDefinition
py_print_medals,ClassMethod,__init()__
py_print_medals_row_column_total,ClassMethod,__init()__
py_list_process_elements,ClassMethod,__init()__
py_list_process_elements,LogicalOperator,and
py_list_process_elements,LogicalOperator,or
py_list_process_elements,LogicalOperator,not
py_list_process_elements,ArtithmeticOperator,//
py_list_process_elements,ArtithmeticOperator,-
py_list_process_elements,ArtithmeticOperator,/
py_list_process_elements,ArtithmeticOperator,**
py_list_process_elements,ArtithmeticOperator,Modulus
py_list_process_elements,ArtithmeticOperator,*
py_list_process_elements,ConditionalStatement,IfElifElseStatement
py_list_process_elements,ConditionalStatement,IfStatement
py_list_process_elements,ConditionalStatement,IfElseStatement
py_list_process_elements,ConditionalStatement,IfElifStatement
py_list_process_elements,ImportStatement,Import
py_list_process_elements,ImportStatement,ImportFrom
py_list_process_elements,JumpStatement,PassStatement
py_list_process_elements,JumpStatement,BreakStatement
py_list_process_elements,JumpStatement,ContinueStatement
py_list_process_elements,JumpStatement,ReturnStatement
py_list_process_elements,IterationStatement,WhileStatement
py_list_process_elements,ExceptionHandlingStatement,TryStatement
py_list_process_elements,ExceptionHandlingStatement,RaiseStatement
py_list_process_elements,ExceptionHandlingStatement,AssertStatement
py_list_process_elements,DefinitionStatement,ClassDefinition
py_list_process_elements,BuiltInFunction,dict()
py_list_process_elements,BuiltInFunction,str()
py_list_process_elements,BuiltInFunction,next()
py_list_process_elements,BuiltInFunction,input()
py_list_process_elements,BuiltInFunction,int()
py_list_process_elements,BuiltInFunction,max()
py_list_process_elements,BuiltInFunction,float()
py_list_process_elements,BuiltInFunction,set()
py_list_process_elements,BuiltInFunction,open()
py_list_process_elements,BuiltInFunction,range()
py_list_process_elements,BuiltInFunction,tuple()
py_list_process_elements,BuiltInFunction,abs()
py_list_process_elements,BuiltInFunction,round()
py_list_process_elements,BuiltInFunction,len()
py_list_process_elements,BuiltInFunction,min()
py_average_list_elements,LogicalOperator,and
py_average_list_elements,LogicalOperator,or
py_average_list_elements,LogicalOperator,not
py_average_list_elements,ArtithmeticOperator,//
py_average_list_elements,ArtithmeticOperator,-
py_average_list_elements,ArtithmeticOperator,**
py_average_list_elements,ArtithmeticOperator,Modulus
py_average_list_elements,ArtithmeticOperator,*
py_average_list_elements,Statement,ExpressionStatement
py_average_list_elements,ConditionalStatement,IfElifElseStatement
py_average_list_elements,ConditionalStatement,IfStatement
py_average_list_elements,ConditionalStatement,IfElifStatement
py_average_list_elements,ImportStatement,Import
py_average_list_elements,ImportStatement,ImportFrom
py_average_list_elements,JumpStatement,PassStatement
py_average_list_elements,JumpStatement,BreakStatement
py_average_list_elements,JumpStatement,ContinueStatement
py_average_list_elements,JumpStatement,ReturnStatement
py_average_list_elements,IterationStatement,WhileStatement
py_average_list_elements,ExceptionHandlingStatement,TryStatement
py_average_list_elements,ExceptionHandlingStatement,RaiseStatement
py_average_list_elements,ExceptionHandlingStatement,AssertStatement
py_average_list_elements,DefinitionStatement,ClassDefinition
py_average_list_elements,BuiltInFunction,dict()
py_average_list_elements,BuiltInFunction,str()
py_average_list_elements,BuiltInFunction,next()
py_average_list_elements,BuiltInFunction,input()
py_average_list_elements,BuiltInFunction,int()
py_average_list_elements,BuiltInFunction,max()
py_average_list_elements,BuiltInFunction,float()
py_average_list_elements,BuiltInFunction,set()
py_average_list_elements,BuiltInFunction,open()
py_average_list_elements,BuiltInFunction,range()
py_average_list_elements,BuiltInFunction,tuple()
py_average_list_elements,BuiltInFunction,abs()
py_average_list_elements,BuiltInFunction,round()
py_average_list_elements,BuiltInFunction,min()
py_average_list_elements,BuiltInFunction,list()
py_search_list_total_count,ClassMethod,__init()__
py_search_list_count_each,ClassMethod,__init()__
py_search_list_count_each,LogicalOperator,and
py_search_list_count_each,LogicalOperator,or
py_search_list_count_each,LogicalOperator,not
py_search_list_count_each,Statement,ExpressionStatement
py_search_list_count_each,ConditionalStatement,IfElifElseStatement
py_search_list_count_each,ConditionalStatement,IfElseStatement
py_search_list_count_each,ConditionalStatement,IfElifStatement
py_search_list_count_each,IterationStatement,WhileStatement
py_search_list_count_each,DefinitionStatement,ClassDefinition
py_search_list_count_each,BuiltInFunction,min()
py_search_list_count_each,BuiltInFunction,list()
py_soda_survey,ClassMethod,__init()__
py_soda_survey_soda_avg,ClassMethod,__init()__
py_soda_survey_soda_respondent_avg,ClassMethod,__init()__
py_temperature,ClassMethod,__init()__
py_temperature_list_days_above_threshold,ClassMethod,__init()__
py_digits,ArtithmeticOperator,/
py_digits,Statement,ExpressionStatement
py_digits,ConditionalStatement,IfElifElseStatement
py_digits,ConditionalStatement,IfElseStatement
py_digits,ConditionalStatement,IfElifStatement
py_digits,IterationStatement,ForStatement
py_reverse_number,ArtithmeticOperator,/
py_reverse_number,IterationStatement,ForStatement
py_reverse_number,ExceptionHandlingStatement,TryStatement
py_reverse_number,ExceptionHandlingStatement,RaiseStatement
py_reverse_number,ExceptionHandlingStatement,AssertStatement
py_reverse_number,AssignmentStatement,AugmentedAssignmentStatement
py_work_hours,ClassMethod,__init()__
py_work_hours2,ClassMethod,__init()__
py_work_hours2,Statement,ExpressionStatement
py_work_hours2,ImportStatement,Import
py_work_hours2,ImportStatement,ImportFrom
py_work_hours2,JumpStatement,PassStatement
py_work_hours2,JumpStatement,BreakStatement
py_work_hours2,JumpStatement,ContinueStatement
py_work_hours2,JumpStatement,ReturnStatement
py_work_hours2,BuiltInFunction,dict()
py_work_hours2,BuiltInFunction,str()
py_work_hours2,BuiltInFunction,next()
py_work_hours2,BuiltInFunction,max()
py_work_hours2,BuiltInFunction,set()
py_work_hours2,BuiltInFunction,tuple()
py_work_hours2,BuiltInFunction,abs()
py_work_hours2,BuiltInFunction,round()
py_work_hours2,BuiltInFunction,len()
py_work_hours2,BuiltInFunction,min()
py_work_hours2,BuiltInFunction,list()
py_check_product_code,ClassMethod,__init()__
py_check_product_code2,ClassMethod,__init()__
py_concat_char_two_str,SubscriptExpression,IndexingExpression
py_concat_char_two_str,ArithmeticExpression,UnaryOperation
py_concat_char_two_str,LogicalExpression,ComparisonExpression
py_concat_char_two_str,LogicalExpression,BooleanExpression
py_concat_char_two_str,Literal,BooleanLiteral
py_concat_char_two_str,Literal,NoneLiteral
py_concat_char_two_str,NumericLiteral,FloatLiteral
py_concat_char_two_str,NumericLiteral,IntegerLiteral
py_concat_char_two_str,ClassMethod,__init()__
py_concat_char_two_str,DefinitionStatement,ClassDefinition
py_concat_char_two_str,BuiltInFunction,dict()
py_concat_char_two_str,BuiltInFunction,next()
py_concat_char_two_str,BuiltInFunction,input()
py_concat_char_two_str,BuiltInFunction,int()
py_concat_char_two_str,BuiltInFunction,max()
py_concat_char_two_str,BuiltInFunction,float()
py_concat_char_two_str,BuiltInFunction,set()
py_concat_char_two_str,BuiltInFunction,open()
py_concat_char_two_str,BuiltInFunction,range()
py_concat_char_two_str,BuiltInFunction,tuple()
py_concat_char_two_str,BuiltInFunction,abs()
py_concat_char_two_str,BuiltInFunction,round()
py_concat_char_two_str,BuiltInFunction,len()
py_concat_char_two_str,BuiltInFunction,min()
py_concat_char_two_str,BuiltInFunction,list()
py_concat_char_two_str2,SubscriptExpression,IndexingExpression
py_concat_char_two_str2,ArithmeticExpression,UnaryOperation
py_concat_char_two_str2,LogicalExpression,ComparisonExpression
py_concat_char_two_str2,LogicalExpression,BooleanExpression
py_concat_char_two_str2,Literal,BooleanLiteral
py_concat_char_two_str2,Literal,NoneLiteral
py_concat_char_two_str2,NumericLiteral,FloatLiteral
py_concat_char_two_str2,NumericLiteral,IntegerLiteral
py_concat_char_two_str2,ClassMethod,__init()__
py_concat_char_two_str2,ArtithmeticOperator,//
py_concat_char_two_str2,ArtithmeticOperator,-
py_concat_char_two_str2,ArtithmeticOperator,/
py_concat_char_two_str2,ArtithmeticOperator,**
py_concat_char_two_str2,ArtithmeticOperator,Modulus
py_concat_char_two_str2,ArtithmeticOperator,*
py_concat_char_two_str2,AssignmentStatement,AugmentedAssignmentStatement
py_concat_char_two_str2,DefinitionStatement,ClassDefinition
py_concat_char_two_str2,BuiltInFunction,dict()
py_concat_char_two_str2,BuiltInFunction,next()
py_concat_char_two_str2,BuiltInFunction,input()
py_concat_char_two_str2,BuiltInFunction,int()
py_concat_char_two_str2,BuiltInFunction,max()
py_concat_char_two_str2,BuiltInFunction,float()
py_concat_char_two_str2,BuiltInFunction,set()
py_concat_char_two_str2,BuiltInFunction,open()
py_concat_char_two_str2,BuiltInFunction,range()
py_concat_char_two_str2,BuiltInFunction,tuple()
py_concat_char_two_str2,BuiltInFunction,abs()
py_concat_char_two_str2,BuiltInFunction,round()
py_concat_char_two_str2,BuiltInFunction,len()
py_concat_char_two_str2,BuiltInFunction,min()
py_concat_char_two_str2,BuiltInFunction,list()
py_str_repeat,ClassMethod,__init()__
py_str_repeat,IterationStatement,WhileStatement
py_str_repeat,DefinitionStatement,ClassDefinition
py_str_repeat,BuiltInFunction,dict()
py_str_repeat,BuiltInFunction,str()
py_str_repeat,BuiltInFunction,next()
py_str_repeat,BuiltInFunction,input()
py_str_repeat,BuiltInFunction,int()
py_str_repeat,BuiltInFunction,max()
py_str_repeat,BuiltInFunction,float()
py_str_repeat,BuiltInFunction,set()
py_str_repeat,BuiltInFunction,open()
py_str_repeat,BuiltInFunction,tuple()
py_str_repeat,BuiltInFunction,abs()
py_str_repeat,BuiltInFunction,round()
py_str_repeat,BuiltInFunction,min()
py_str_repeat,BuiltInFunction,list()
py_str_count,SubscriptExpression,IndexingExpression
py_str_count,ArithmeticExpression,UnaryOperation
py_str_count,LogicalExpression,BooleanExpression
py_str_count,Literal,BooleanLiteral
py_str_count,Literal,NoneLiteral
py_str_count,NumericLiteral,FloatLiteral
py_str_count,NumericLiteral,IntegerLiteral
py_str_count,LiteralCollection,TupleLiteral
py_str_count,LiteralCollection,SetLiteral
py_str_count,LiteralCollection,DictLiteral
py_str_count,ClassMethod,__init()__
py_str_count,ComparisonOperator,LessOrEqual
py_str_count,ComparisonOperator,Less
py_str_count,ComparisonOperator,Larger
py_str_count,ComparisonOperator,LargerOrEqual
py_str_count,ComparisonOperator,NotEqual
py_str_count,ArtithmeticOperator,*
py_str_count,Statement,ExpressionStatement
py_str_count,ConditionalStatement,IfElifElseStatement
py_str_count,ConditionalStatement,IfElseStatement
py_str_count,ConditionalStatement,IfElifStatement
py_str_count,IterationStatement,WhileStatement
py_str_count,AssignmentStatement,AugmentedAssignmentStatement
py_str_count,DefinitionStatement,ClassDefinition
py_str_count,BuiltInFunction,dict()
py_str_count,BuiltInFunction,next()
py_str_count,BuiltInFunction,input()
py_str_count,BuiltInFunction,int()
py_str_count,BuiltInFunction,max()
py_str_count,BuiltInFunction,float()
py_str_count,BuiltInFunction,set()
py_str_count,BuiltInFunction,open()
py_str_count,BuiltInFunction,tuple()
py_str_count,BuiltInFunction,abs()
py_str_count,BuiltInFunction,round()
py_str_count,BuiltInFunction,min()
py_str_count,BuiltInFunction,list()
py_str_count2,ClassMethod,__init()__
py_range_one,IterationStatement,WhileStatement
py_range_one,AssignmentStatement,AugmentedAssignmentStatement
py_range_one,BuiltInFunction,dict()
py_range_one,BuiltInFunction,str()
py_range_one,BuiltInFunction,next()
py_range_one,BuiltInFunction,input()
py_range_one,BuiltInFunction,int()
py_range_one,BuiltInFunction,max()
py_range_one,BuiltInFunction,float()
py_range_one,BuiltInFunction,set()
py_range_one,BuiltInFunction,open()
py_range_one,BuiltInFunction,tuple()
py_range_one,BuiltInFunction,abs()
py_range_one,BuiltInFunction,round()
py_range_one,BuiltInFunction,len()
py_range_one,BuiltInFunction,min()
py_range_one,BuiltInFunction,list()
py_range1_2,IterationStatement,WhileStatement
py_range_three,ConditionalStatement,IfElifElseStatement
py_range_three,ConditionalStatement,IfElseStatement
py_range_three,ConditionalStatement,IfElifStatement
py_range_three,IterationStatement,WhileStatement
py_range_three,AssignmentStatement,AugmentedAssignmentStatement
py_range_three,BuiltInFunction,dict()
py_range_three,BuiltInFunction,str()
py_range_three,BuiltInFunction,next()
py_range_three,BuiltInFunction,input()
py_range_three,BuiltInFunction,int()
py_range_three,BuiltInFunction,max()
py_range_three,BuiltInFunction,float()
py_range_three,BuiltInFunction,set()
py_range_three,BuiltInFunction,open()
py_range_three,BuiltInFunction,tuple()
py_range_three,BuiltInFunction,abs()
py_range_three,BuiltInFunction,round()
py_range_three,BuiltInFunction,len()
py_range_three,BuiltInFunction,min()
py_range_three,BuiltInFunction,list()
py_range3_2,ClassMethod,__init()__
py_range3_2,IterationStatement,WhileStatement
py_range3_2,BuiltInFunction,dict()
py_range3_2,BuiltInFunction,str()
py_range3_2,BuiltInFunction,next()
py_range3_2,BuiltInFunction,input()
py_range3_2,BuiltInFunction,int()
py_range3_2,BuiltInFunction,max()
py_range3_2,BuiltInFunction,float()
py_range3_2,BuiltInFunction,set()
py_range3_2,BuiltInFunction,open()
py_range3_2,BuiltInFunction,tuple()
py_range3_2,BuiltInFunction,abs()
py_range3_2,BuiltInFunction,round()
py_range3_2,BuiltInFunction,len()
py_range3_2,BuiltInFunction,min()
py_range3_2,BuiltInFunction,list()
py_range_two,IterationStatement,WhileStatement
py_range2_2,ConditionalStatement,IfElifElseStatement
py_range2_2,ConditionalStatement,IfElseStatement
py_range2_2,ConditionalStatement,IfElifStatement
py_range2_2,IterationStatement,WhileStatement
py_squares,ArtithmeticOperator,/
py_write_squares_odd,IterationStatement,WhileStatement
py_write_squares_range,IterationStatement,WhileStatement
py_write_squares_range,BuiltInFunction,dict()
py_write_squares_range,BuiltInFunction,str()
py_write_squares_range,BuiltInFunction,next()
py_write_squares_range,BuiltInFunction,input()
py_write_squares_range,BuiltInFunction,int()
py_write_squares_range,BuiltInFunction,max()
py_write_squares_range,BuiltInFunction,float()
py_write_squares_range,BuiltInFunction,set()
py_write_squares_range,BuiltInFunction,open()
py_write_squares_range,BuiltInFunction,tuple()
py_write_squares_range,BuiltInFunction,abs()
py_write_squares_range,BuiltInFunction,round()
py_write_squares_range,BuiltInFunction,len()
py_write_squares_range,BuiltInFunction,min()
py_write_squares_range,BuiltInFunction,list()
py_repeated_sequence,ClassMethod,__init()__
py_divisor,Statement,ExpressionStatement
py_divisor,IterationStatement,ForStatement
py_largest_divisor,ArtithmeticOperator,*
py_largest_divisor,Statement,ExpressionStatement
py_largest_divisor,ImportStatement,Import
py_largest_divisor,ImportStatement,ImportFrom
py_largest_divisor,IterationStatement,ForStatement
py_input2,MembershipOperator,in
py_input2,LogicalOperator,or
py_input2,LogicalOperator,not
py_input2,ArtithmeticOperator,//
py_input2,ArtithmeticOperator,-
py_input2,ArtithmeticOperator,+
py_input2,ArtithmeticOperator,/
py_input2,ArtithmeticOperator,**
py_input2,ArtithmeticOperator,Modulus
py_input2,ArtithmeticOperator,*
py_input2,ConditionalStatement,IfElifElseStatement
py_input2,ConditionalStatement,IfStatement
py_input2,ConditionalStatement,IfElseStatement
py_input2,ConditionalStatement,IfElifStatement
py_input2,ImportStatement,Import
py_input2,ImportStatement,ImportFrom
py_input2,JumpStatement,PassStatement
py_input2,JumpStatement,BreakStatement
py_input2,JumpStatement,ContinueStatement
py_input2,JumpStatement,ReturnStatement
py_input2,IterationStatement,ForStatement
py_input2,ExceptionHandlingStatement,TryStatement
py_input2,ExceptionHandlingStatement,RaiseStatement
py_input2,ExceptionHandlingStatement,AssertStatement
py_input2,AssignmentStatement,AugmentedAssignmentStatement
py_input2,DefinitionStatement,FunctionDefinition
py_input2,DefinitionStatement,ClassDefinition
py_input2,BuiltInFunction,dict()
py_input2,BuiltInFunction,str()
py_input2,BuiltInFunction,next()
py_input2,BuiltInFunction,max()
py_input2,BuiltInFunction,float()
py_input2,BuiltInFunction,set()
py_input2,BuiltInFunction,open()
py_input2,BuiltInFunction,range()
py_input2,BuiltInFunction,tuple()
py_input2,BuiltInFunction,abs()
py_input2,BuiltInFunction,round()
py_input2,BuiltInFunction,len()
py_input2,BuiltInFunction,min()
py_input2,BuiltInFunction,list()
py_input3,MembershipOperator,in
py_input3,IterationStatement,ForStatement
py_input3,BuiltInFunction,dict()
py_input3,BuiltInFunction,str()
py_input3,BuiltInFunction,next()
py_input3,BuiltInFunction,max()
py_input3,BuiltInFunction,float()
py_input3,BuiltInFunction,set()
py_input3,BuiltInFunction,open()
py_input3,BuiltInFunction,range()
py_input3,BuiltInFunction,tuple()
py_input3,BuiltInFunction,abs()
py_input3,BuiltInFunction,round()
py_input3,BuiltInFunction,len()
py_input3,BuiltInFunction,min()
py_input3,BuiltInFunction,print()
py_input3,BuiltInFunction,list()
py_input4,LogicalOperator,and
py_input4,LogicalOperator,not
py_input4,Statement,ExpressionStatement
py_input4,ImportStatement,Import
py_input4,ImportStatement,ImportFrom
ps_hello,ClassMethod,__init()__
ps_simple_function,ConditionalStatement,IfElifElseStatement
ps_simple_function,ConditionalStatement,IfElseStatement
ps_simple_function,ConditionalStatement,IfElifStatement
ps_simple_function,ImportStatement,ImportFrom
ps_simple_function,ExceptionHandlingStatement,RaiseStatement
ps_simple_function,ExceptionHandlingStatement,AssertStatement
ps_simple_function,AssignmentStatement,AugmentedAssignmentStatement
ps_simple_function,DefinitionStatement,ClassDefinition
ps_simple_params,ClassMethod,__init()__
ps_simple_params,AssignmentStatement,AugmentedAssignmentStatement
ps_simple_params,DefinitionStatement,ClassDefinition
ps_return_bigger_or_none,ArtithmeticOperator,//
ps_return_bigger_or_none,ArtithmeticOperator,-
ps_return_bigger_or_none,ArtithmeticOperator,+
ps_return_bigger_or_none,ArtithmeticOperator,/
ps_return_bigger_or_none,ArtithmeticOperator,**
ps_return_bigger_or_none,ArtithmeticOperator,Modulus
ps_return_bigger_or_none,ArtithmeticOperator,*
ps_return_bigger_or_none,Statement,ExpressionStatement
ps_return_bigger_or_none,ConditionalStatement,IfElseStatement
ps_return_bigger_or_none,ImportStatement,Import
ps_return_bigger_or_none,ImportStatement,ImportFrom
ps_return_bigger_or_none,JumpStatement,BreakStatement
ps_return_bigger_or_none,JumpStatement,ContinueStatement
ps_return_bigger_or_none,IterationStatement,ForStatement
ps_return_bigger_or_none,IterationStatement,WhileStatement
ps_return_bigger_or_none,ExceptionHandlingStatement,TryStatement
ps_return_bigger_or_none,ExceptionHandlingStatement,RaiseStatement
ps_return_bigger_or_none,ExceptionHandlingStatement,AssertStatement
ps_return_bigger_or_none,AssignmentStatement,SimpleAssignmentStatement
ps_return_bigger_or_none,AssignmentStatement,AugmentedAssignmentStatement
ps_return_bigger_or_none,DefinitionStatement,ClassDefinition
ps_return_bigger_or_none,BuiltInFunction,open()
ps_return_bigger_or_none,BuiltInFunction,tuple()
ps_return_bigger_or_none,BuiltInFunction,min()
ps_python_iteration_addition,ClassMethod,__init()__
ps_python_iteration_addition,Statement,ExpressionStatement
ps_python_iteration_addition,IterationStatement,ForStatement
ps_python_iteration_multiplication,ClassMethod,__init()__
ps_python_iteration_multiplication,MembershipOperator,in
ps_python_iteration_multiplication,IterationStatement,ForStatement
ps_python_iteration_multiplication,BuiltInFunction,str()
ps_python_iteration_multiplication,BuiltInFunction,open()
ps_python_calculate_function,Statement,ExpressionStatement
ps_python_calculate_function,ConditionalStatement,IfElifElseStatement
ps_python_calculate_function,ConditionalStatement,IfStatement
ps_python_calculate_function,ConditionalStatement,IfElseStatement
ps_python_calculate_function,ConditionalStatement,IfElifStatement
ps_python_calculate_function,AssignmentStatement,AugmentedAssignmentStatement
ps_python_calculate_function,DefinitionStatement,ClassDefinition
ps_python_calculate_function,BuiltInFunction,dict()
ps_python_calculate_function,BuiltInFunction,str()
ps_python_calculate_function,BuiltInFunction,next()
ps_python_calculate_function,BuiltInFunction,input()
ps_python_calculate_function,BuiltInFunction,max()
ps_python_calculate_function,BuiltInFunction,float()
ps_python_calculate_function,BuiltInFunction,set()
ps_python_calculate_function,BuiltInFunction,open()
ps_python_calculate_function,BuiltInFunction,range()
ps_python_calculate_function,BuiltInFunction,tuple()
ps_python_calculate_function,BuiltInFunction,abs()
ps_python_calculate_function,BuiltInFunction,round()
ps_python_calculate_function,BuiltInFunction,len()
ps_python_calculate_function,BuiltInFunction,min()
ps_python_calculate_function,BuiltInFunction,list()
ps_python_nested_calls,ConditionalStatement,IfElifStatement
ps_python_nested_calls,AssignmentStatement,AugmentedAssignmentStatement
ps_python_nested_calls,DefinitionStatement,ClassDefinition
ps_python_nested_calls,BuiltInFunction,str()
ps_python_nested_calls,BuiltInFunction,open()
ps_python_modulo_is_even,MembershipOperator,in
ps_python_modulo_is_even,LogicalOperator,and
ps_python_modulo_is_even,LogicalOperator,or
ps_python_modulo_is_even,LogicalOperator,not
ps_python_modulo_is_even,ArtithmeticOperator,//
ps_python_modulo_is_even,ArtithmeticOperator,-
ps_python_modulo_is_even,ArtithmeticOperator,+
ps_python_modulo_is_even,ArtithmeticOperator,/
ps_python_modulo_is_even,ArtithmeticOperator,**
ps_python_modulo_is_even,ArtithmeticOperator,*
ps_python_modulo_is_even,ConditionalStatement,IfElifElseStatement
ps_python_modulo_is_even,ConditionalStatement,IfElifStatement
ps_python_modulo_is_even,ImportStatement,Import
ps_python_modulo_is_even,ImportStatement,ImportFrom
ps_python_modulo_is_even,JumpStatement,PassStatement
ps_python_modulo_is_even,JumpStatement,BreakStatement
ps_python_modulo_is_even,JumpStatement,ContinueStatement
ps_python_modulo_is_even,JumpStatement,ReturnStatement
ps_python_modulo_is_even,IterationStatement,ForStatement
ps_python_modulo_is_even,IterationStatement,WhileStatement
ps_python_modulo_is_even,ExceptionHandlingStatement,TryStatement
ps_python_modulo_is_even,ExceptionHandlingStatement,RaiseStatement
ps_python_modulo_is_even,ExceptionHandlingStatement,AssertStatement
ps_python_modulo_is_even,AssignmentStatement,SimpleAssignmentStatement
ps_python_modulo_is_even,AssignmentStatement,AugmentedAssignmentStatement
ps_python_modulo_is_even,DefinitionStatement,ClassDefinition
ps_python_modulo_is_even,BuiltInFunction,dict()
ps_python_modulo_is_even,BuiltInFunction,str()
ps_python_modulo_is_even,BuiltInFunction,next()
ps_python_modulo_is_even,BuiltInFunction,input()
ps_python_modulo_is_even,BuiltInFunction,max()
ps_python_modulo_is_even,BuiltInFunction,float()
ps_python_modulo_is_even,BuiltInFunction,set()
ps_python_modulo_is_even,BuiltInFunction,open()
ps_python_modulo_is_even,BuiltInFunction,range()
ps_python_modulo_is_even,BuiltInFunction,tuple()
ps_python_modulo_is_even,BuiltInFunction,abs()
ps_python_modulo_is_even,BuiltInFunction,round()
ps_python_modulo_is_even,BuiltInFunction,len()
ps_python_modulo_is_even,BuiltInFunction,min()
ps_python_modulo_is_even,BuiltInFunction,print()
ps_python_modulo_is_even,BuiltInFunction,list()
ps_python_list_iteration_zoo,ClassMethod,__init()__
ps_python_list_iteration_zoo,IterationStatement,WhileStatement
ps_python_nested_lists_indexing,ClassMethod,__init()__
ps_python_string_indexing,ArithmeticExpression,BinaryOperation
ps_python_string_indexing,ArithmeticExpression,UnaryOperation
ps_python_string_indexing,LogicalExpression,ComparisonExpression
ps_python_string_indexing,LogicalExpression,BooleanExpression
ps_python_string_indexing,ClassMethod,__init()__
ps_python_dict_keys,ClassMethod,__init()__
ps_python_dict_values,IterationStatement,WhileStatement
ps_python_dict_values,BuiltInFunction,str()
ps_python_dict_values,BuiltInFunction,next()
ps_python_dict_values,BuiltInFunction,input()
ps_python_dict_values,BuiltInFunction,int()
ps_python_dict_values,BuiltInFunction,max()
ps_python_dict_values,BuiltInFunction,float()
ps_python_dict_values,BuiltInFunction,set()
ps_python_dict_values,BuiltInFunction,open()
ps_python_dict_values,BuiltInFunction,range()
ps_python_dict_values,BuiltInFunction,tuple()
ps_python_dict_values,BuiltInFunction,abs()
ps_python_dict_values,BuiltInFunction,round()
ps_python_dict_values,BuiltInFunction,len()
ps_python_dict_values,BuiltInFunction,min()
ps_python_dict_filter,ClassMethod,__init()__
ps_python_conditionals_temperature,ClassMethod,__init()__
ps_python_conditionals_temperature,MembershipOperator,in
ps_python_conditionals_temperature,ConditionalStatement,IfElifElseStatement
ps_python_conditionals_temperature,ImportStatement,Import
ps_python_conditionals_temperature,ImportStatement,ImportFrom
ps_python_conditionals_temperature,JumpStatement,PassStatement
ps_python_conditionals_temperature,JumpStatement,BreakStatement
ps_python_conditionals_temperature,JumpStatement,ContinueStatement
ps_python_conditionals_temperature,JumpStatement,ReturnStatement
ps_python_conditionals_temperature,IterationStatement,ForStatement
ps_python_conditionals_temperature,IterationStatement,WhileStatement
ps_python_conditionals_temperature,ExceptionHandlingStatement,TryStatement
ps_python_conditionals_temperature,ExceptionHandlingStatement,RaiseStatement
ps_python_conditionals_temperature,ExceptionHandlingStatement,AssertStatement
ps_python_conditionals_temperature,BuiltInFunction,dict()
ps_python_conditionals_temperature,BuiltInFunction,str()
ps_python_conditionals_temperature,BuiltInFunction,next()
ps_python_printing_file_contents,SubscriptExpression,IndexingExpression
ps_python_printing_file_contents,SubscriptExpression,SlicingExpression
ps_python_printing_file_contents,ArithmeticExpression,BinaryOperation
ps_python_printing_file_contents,ArithmeticExpression,UnaryOperation
ps_python_printing_file_contents,LogicalExpression,ComparisonExpression
ps_python_printing_file_contents,LogicalExpression,BooleanExpression
ps_python_printing_file_contents,Literal,BooleanLiteral
ps_python_printing_file_contents,Literal,NoneLiteral
ps_python_printing_file_contents,NumericLiteral,FloatLiteral
ps_python_printing_file_contents,NumericLiteral,IntegerLiteral
ps_python_printing_file_contents,LiteralCollection,TupleLiteral
ps_python_printing_file_contents,LiteralCollection,SetLiteral
ps_python_printing_file_contents,LiteralCollection,ListLiteral
ps_python_printing_file_contents,LiteralCollection,DictLiteral
ps_python_printing_file_contents,Error,TypeError
ps_python_printing_file_contents,Error,IndexError
ps_python_printing_file_contents,Error,IOError
ps_python_printing_file_contents,Error,FileNotFoundError
ps_python_printing_file_contents,Error,ValueError
ps_python_printing_file_contents,Error,AssertionError
ps_python_printing_file_contents,StringMethod,split()
ps_python_printing_file_contents,StringMethod,lower()
ps_python_printing_file_contents,StringMethod,join()
ps_python_printing_file_contents,StringMethod,format()
ps_python_printing_file_contents,StringMethod,capitalize()
ps_python_printing_file_contents,StringMethod,rstrip()
ps_python_printing_file_contents,StringMethod,replace()
ps_python_printing_file_contents,DictionaryMethod,values()
ps_python_printing_file_contents,DictionaryMethod,keys()
ps_python_printing_file_contents,DictionaryMethod,items()
ps_python_printing_file_contents,DictionaryMethod,get()
ps_python_printing_file_contents,ClassMethod,__init()__
ps_python_printing_file_contents,ListMethod,reverse()
ps_python_printing_file_contents,ListMethod,insert()
ps_python_printing_file_contents,ListMethod,remove()
ps_python_printing_file_contents,ListMethod,append()
ps_python_printing_file_contents,ListMethod,pop()
ps_python_printing_file_contents,FileMethod,read()
ps_python_printing_file_contents,ComparisonOperator,LessOrEqual
ps_python_printing_file_contents,ComparisonOperator,Less
ps_python_printing_file_contents,ComparisonOperator,Larger
ps_python_printing_file_contents,ComparisonOperator,LargerOrEqual
ps_python_printing_file_contents,ComparisonOperator,==
ps_python_printing_file_contents,Statement,ExpressionStatement
ps_python_printing_file_contents,IterationStatement,ForStatement
ps_python_printing_file_contents,BuiltInFunction,str()
ps_python_printing_file_contents,BuiltInFunction,range()
ps_python_printing_file_contents,BuiltInFunction,abs()
ps_python_printing_file_contents,BuiltInFunction,round()
ps_python_add_to_list,ClassMethod,__init()__
ps_python_add_to_list,ArtithmeticOperator,/
ps_python_add_to_list,IterationStatement,WhileStatement
ps_python_add_to_list,DefinitionStatement,ClassDefinition
ps_python_add_to_list,BuiltInFunction,dict()
ps_python_add_to_list,BuiltInFunction,str()
ps_python_add_to_list,BuiltInFunction,next()
ps_python_add_to_list,BuiltInFunction,input()
ps_python_add_to_list,BuiltInFunction,int()
ps_python_add_to_list,BuiltInFunction,max()
ps_python_add_to_list,BuiltInFunction,float()
ps_python_add_to_list,BuiltInFunction,set()
ps_python_add_to_list,BuiltInFunction,open()
ps_python_add_to_list,BuiltInFunction,tuple()
ps_python_add_to_list,BuiltInFunction,abs()
ps_python_add_to_list,BuiltInFunction,round()
ps_python_add_to_list,BuiltInFunction,min()
ps_python_add_to_list,BuiltInFunction,print()
ps_python_add_to_list,BuiltInFunction,list()
ps_python_swap,ClassMethod,__init()__
ps_python_swap,MembershipOperator,in
ps_python_xor,ClassMethod,__init()__
ps_python_for_odd_or_even,ClassMethod,__init()__
ps_python_for_odd_or_even,LogicalOperator,and
ps_python_for_odd_or_even,LogicalOperator,or
ps_python_for_odd_or_even,LogicalOperator,not
ps_python_for_odd_or_even,ArtithmeticOperator,//
ps_python_for_odd_or_even,ArtithmeticOperator,-
ps_python_for_odd_or_even,ArtithmeticOperator,+
ps_python_for_odd_or_even,ArtithmeticOperator,/
ps_python_for_odd_or_even,ArtithmeticOperator,**
ps_python_for_odd_or_even,ArtithmeticOperator,*
ps_python_for_odd_or_even,Statement,ExpressionStatement
ps_python_for_odd_or_even,ConditionalStatement,IfElifElseStatement
ps_python_for_odd_or_even,ConditionalStatement,IfStatement
ps_python_for_odd_or_even,ConditionalStatement,IfElifStatement
ps_python_for_odd_or_even,ImportStatement,Import
ps_python_for_odd_or_even,ImportStatement,ImportFrom
ps_python_for_odd_or_even,JumpStatement,PassStatement
ps_python_for_odd_or_even,JumpStatement,BreakStatement
ps_python_for_odd_or_even,JumpStatement,ContinueStatement
ps_python_for_odd_or_even,JumpStatement,ReturnStatement
ps_python_for_odd_or_even,IterationStatement,WhileStatement
ps_python_for_odd_or_even,ExceptionHandlingStatement,TryStatement
ps_python_for_odd_or_even,ExceptionHandlingStatement,RaiseStatement
ps_python_for_odd_or_even,ExceptionHandlingStatement,AssertStatement
ps_python_for_odd_or_even,AssignmentStatement,SimpleAssignmentStatement
ps_python_for_odd_or_even,AssignmentStatement,AugmentedAssignmentStatement
ps_python_for_odd_or_even,DefinitionStatement,FunctionDefinition
ps_python_for_odd_or_even,DefinitionStatement,ClassDefinition
ps_python_for_odd_or_even,BuiltInFunction,dict()
ps_python_for_odd_or_even,BuiltInFunction,str()
ps_python_for_odd_or_even,BuiltInFunction,next()
ps_python_for_odd_or_even,BuiltInFunction,input()
ps_python_for_odd_or_even,BuiltInFunction,int()
ps_python_for_odd_or_even,BuiltInFunction,max()
ps_python_for_odd_or_even,BuiltInFunction,float()
ps_python_for_odd_or_even,BuiltInFunction,set()
ps_python_for_odd_or_even,BuiltInFunction,open()
ps_python_for_odd_or_even,BuiltInFunction,range()
ps_python_for_odd_or_even,BuiltInFunction,tuple()
ps_python_for_odd_or_even,BuiltInFunction,abs()
ps_python_for_odd_or_even,BuiltInFunction,round()
ps_python_for_odd_or_even,BuiltInFunction,len()
ps_python_for_odd_or_even,BuiltInFunction,min()
ps_python_for_odd_or_even,BuiltInFunction,list()
ps_python_string_join,ClassMethod,__init()__
ps_python_try_adding,MembershipOperator,in
ps_python_try_adding,Statement,ExpressionStatement
ps_python_try_adding,ImportStatement,Import
ps_python_try_adding,ImportStatement,ImportFrom
ps_python_try_adding,IterationStatement,ForStatement
ps_python_try_adding,IterationStatement,WhileStatement
ps_python_try_adding,DefinitionStatement,ClassDefinition
ps_python_try_adding,BuiltInFunction,str()
ps_python_class_point,ClassMethod,__init()__
ps_python_class_point,ArtithmeticOperator,//
ps_python_class_point,ArtithmeticOperator,/
ps_python_class_point,ArtithmeticOperator,**
ps_python_class_point,ArtithmeticOperator,Modulus
ps_python_class_point,Statement,ExpressionStatement
ps_python_class_point,ConditionalStatement,IfElifElseStatement
ps_python_class_point,ConditionalStatement,IfElseStatement
ps_python_class_point,ConditionalStatement,IfElifStatement
ps_python_class_point,ImportStatement,ImportFrom
ps_python_class_point,BuiltInFunction,dict()
ps_python_class_point,BuiltInFunction,str()
ps_python_class_point,BuiltInFunction,next()
ps_python_class_point,BuiltInFunction,int()
ps_python_class_point,BuiltInFunction,max()
ps_python_class_point,BuiltInFunction,float()
ps_python_class_point,BuiltInFunction,set()
ps_python_class_point,BuiltInFunction,open()
ps_python_class_point,BuiltInFunction,tuple()
ps_python_class_point,BuiltInFunction,abs()
ps_python_class_point,BuiltInFunction,round()
ps_python_class_point,BuiltInFunction,min()
ps_python_class_point,BuiltInFunction,list()
ps_python_2d_list,ClassMethod,__init()__
ps_python_2d_list,ArtithmeticOperator,/
ps_python_2d_list,IterationStatement,WhileStatement
ps_python_nested_loops,ArtithmeticOperator,/
ps_python_nested_loops,ConditionalStatement,IfElifStatement
ps_python_nested_loops,IterationStatement,ForStatement
