exercise_name,parent,leaf_class
py_fail_course,Python,Concatenation
py_fail_course2,Python,Concatenation
py_fail_course2,CheckingCondition,AssertChecking
py_fail_course2,HandlingAdvancedDataStructure,BinaryTreeTask
py_fail_course2,HandlingAdvancedDataStructure,LinkedListTask
py_fail_course2,HandlingAdvancedDataStructure,QueueTask
py_fail_course2,HandlingAdvancedDataStructure,StackTask
py_fail_course2,TwoDimensionalArrayTask,ReplacingElement2DArray
py_fail_course2,TwoDimensionalArrayTask,Indexing2DArray
py_fail_course2,TwoDimensionalArrayTask,Create2DArray
py_fail_course2,HandlingObjectOrientedProgramming,CallingOOPMethod
py_fail_course2,HandlingObjectOrientedProgramming,CreatingObject
py_fail_course2,HandlingObjectOrientedProgramming,DefiningClass
py_fail_course2,HandlingObjectOrientedProgramming,DefiningOOPMethod
py_fail_course2,HandlingFunctionCallingFunction,CallingFunctionCallingFunction
py_fail_course2,HandlingFunctionCallingFunction,DefiningFunctionCallingFunction
py_fail_course2,HandlingRecursiveFunction,CallingRecursiveFunction
py_fail_course2,HandlingRecursiveFunction,DefiningRecursiveFunction
py_fail_course2,HandlingNestedFunction,CallingNestedFunction
py_fail_course2,HandlingNestedFunction,DefiningNestedFunction
py_fail_course2,WhileLoopWithUpdate,WhileLoopWithListIndexing
py_fail_course2,WhileLoopWithUpdate,WhileLoopWith*=
py_fail_course2,WhileLoopWithUpdate,WhileLoopWith+=
py_fail_course2,ForLoopWithUpdate,ForLoopWith+=
py_fail_course2,ForLoopWithUpdate,ForLoopWith*=
py_fail_course2,ForLoopWithUpdate,ForLoopWithListIndexing
py_fail_course2,NestedLoopIteration,MixedNestedLoopIteration
py_fail_course2,NestedLoopIteration,NestedForLoopIteration
py_fail_course2,NestedLoopIteration,NestedWhileLoopIteration
py_fail_course2,ArithmeticOperation,Round
py_fail_course2,HandlingTuple,CreatingTuple
py_fail_course2,HandlingTuple,SlicingTuple
py_fail_course2,HandlingTuple,IndexingTuple
py_fail_course2,HandlingFloat,TransformingToFloatType
py_fail_course2,HandlingList,SlicingList
py_fail_course2,HandlingList,ListReferencing
py_fail_course2,HandlingFile,ClosingFile
py_fail_course2,HandlingFile,ReadingLine
py_fail_course2,HandlingFile,OpeningFile
py_fail_course2,HandlingString,ReplacingStringContent
py_fail_course2,HandlingString,TransformingToStringType
py_fail_course2,ModifyingStringCase,ConvertStringToUpperCase
py_fail_course2,ModifyingStringCase,ConvertStringToLowerCase
py_fail_course2,ModifyingStringCase,CapitalizeString
py_fail_course3,Python,Concatenation
py_phone_age,Python,Concatenation
py_phone_age,CheckingCondition,AssertChecking
py_phone_age,CheckingInForLoop,IfElseCheckingInForLoop
py_phone_age,CheckingInForLoop,IfElifCheckingInForLoop
py_phone_age,CheckingInForLoop,IfCheckingInForLoop
py_phone_age,CheckingInForLoop,IfElifElseCheckingInForLoop
py_phone_age,CheckingInWhileLoop,IfElifElseCheckingInWhileLoop
py_phone_age,CheckingInWhileLoop,IfCheckingInWhileLoop
py_phone_age,CheckingInWhileLoop,IfElseCheckingInWhileLoop
py_phone_age,CheckingInWhileLoop,IfElifCheckingInWhileLoop
py_phone_age,ManagingVariable,SwappingVariablesValue
py_phone_age,HandlingAdvancedDataStructure,BinaryTreeTask
py_phone_age,HandlingAdvancedDataStructure,LinkedListTask
py_phone_age,HandlingAdvancedDataStructure,QueueTask
py_phone_age,HandlingAdvancedDataStructure,StackTask
py_phone_age,TwoDimensionalArrayTask,ReplacingElement2DArray
py_phone_age,TwoDimensionalArrayTask,Indexing2DArray
py_phone_age,TwoDimensionalArrayTask,Create2DArray
py_phone_age,HandlingObjectOrientedProgramming,CallingOOPMethod
py_phone_age,HandlingObjectOrientedProgramming,CreatingObject
py_phone_age,HandlingObjectOrientedProgramming,DefiningClass
py_phone_age,HandlingObjectOrientedProgramming,DefiningOOPMethod
py_phone_age,HandlingFunctionCallingFunction,CallingFunctionCallingFunction
py_phone_age,HandlingFunctionCallingFunction,DefiningFunctionCallingFunction
py_phone_age,HandlingRecursiveFunction,CallingRecursiveFunction
py_phone_age,HandlingRecursiveFunction,DefiningRecursiveFunction
py_phone_age,HandlingNestedFunction,CallingNestedFunction
py_phone_age,HandlingNestedFunction,DefiningNestedFunction
py_phone_age,WhileLoopWithUpdate,WhileLoopWithListIndexing
py_phone_age,WhileLoopWithUpdate,WhileLoopWith*=
py_phone_age,WhileLoopWithUpdate,WhileLoopWith+=
py_phone_age,ForLoopWithUpdate,ForLoopWith+=
py_phone_age,ForLoopWithUpdate,ForLoopWith*=
py_phone_age,ForLoopWithUpdate,ForLoopWithListIndexing
py_phone_age,NestedLoopIteration,MixedNestedLoopIteration
py_phone_age,NestedLoopIteration,NestedForLoopIteration
py_phone_age,NestedLoopIteration,NestedWhileLoopIteration
py_phone_age,ArithmeticOperation,FindAbsolute
py_phone_age,ArithmeticOperation,FindRemainder
py_phone_age,ArithmeticOperation,FindMaximum
py_phone_age,ArithmeticOperation,Addition
py_phone_age,ArithmeticOperation,Round
py_phone_age,ArithmeticOperation,Power
py_phone_age,ArithmeticOperation,FindMinimum
py_phone_age,ArithmeticOperation,Substraction
py_phone_age,ArithmeticOperation,Division
py_phone_age,ArithmeticOperation,Multiplication
py_phone_age,HandlingInteger,TransformingToIntType
py_phone_age,HandlingTuple,CreatingTuple
py_phone_age,HandlingTuple,SlicingTuple
py_phone_age,HandlingTuple,IndexingTuple
py_phone_age,HandlingFloat,TransformingToFloatType
py_phone_age,HandlingDictionary,ReplacingDictionaryElement
py_phone_age,HandlingDictionary,IndexingDictionary
py_phone_age,HandlingDictionary,AddingItemToDictionary
py_phone_age,HandlingDictionary,AccessingDictionary
py_phone_age,HandlingDictionary,CreatingDictionary
py_phone_age,HandlingList,DeletingListElement
py_phone_age,HandlingList,IndexingList
py_phone_age,HandlingList,CreatingList
py_phone_age,HandlingList,SlicingList
py_phone_age,HandlingList,ReplacingListElement
py_phone_age,HandlingList,ListReferencing
py_phone_age,HandlingList,ReversingList
py_phone_age,AddingListElement,AddingListElementWithInsert
py_phone_age,AddingListElement,AddingListElementWithAppend
py_phone_age,HandlingFile,ClosingFile
py_phone_age,HandlingFile,ReadingLine
py_phone_age,HandlingFile,OpeningFile
py_phone_age,HandlingString,CreatingString
py_phone_age,HandlingString,ReplacingStringContent
py_phone_age,HandlingString,FormattingString
py_phone_age,HandlingString,TransformingToStringType
py_phone_age,HandlingString,SplittingString
py_phone_age,HandlingString,TrimmingString
py_phone_age,HandlingString,IndexingString
py_phone_age,HandlingString,SlicingString
py_phone_age,ModifyingStringCase,ConvertStringToUpperCase
py_phone_age,ModifyingStringCase,ConvertStringToLowerCase
py_phone_age,ModifyingStringCase,CapitalizeString
py_rent_car3,Python,Concatenation
py_three_boolean,Python,Concatenation
py_three_boolean,Python,FindingLength
py_three_boolean,Python,CheckingForItem
py_three_boolean,CheckingCondition,AssertChecking
py_three_boolean,CheckingCondition,IfElifChecking
py_three_boolean,CheckingInForLoop,IfElseCheckingInForLoop
py_three_boolean,CheckingInForLoop,IfElifCheckingInForLoop
py_three_boolean,CheckingInForLoop,IfCheckingInForLoop
py_three_boolean,CheckingInForLoop,IfElifElseCheckingInForLoop
py_three_boolean,CheckingInWhileLoop,IfElifElseCheckingInWhileLoop
py_three_boolean,CheckingInWhileLoop,IfCheckingInWhileLoop
py_three_boolean,CheckingInWhileLoop,IfElseCheckingInWhileLoop
py_three_boolean,CheckingInWhileLoop,IfElifCheckingInWhileLoop
py_three_boolean,ManagingVariable,SwappingVariablesValue
py_three_boolean,HandlingAdvancedDataStructure,BinaryTreeTask
py_three_boolean,HandlingAdvancedDataStructure,LinkedListTask
py_three_boolean,HandlingAdvancedDataStructure,QueueTask
py_three_boolean,HandlingAdvancedDataStructure,StackTask
py_three_boolean,TwoDimensionalArrayTask,ReplacingElement2DArray
py_three_boolean,TwoDimensionalArrayTask,Indexing2DArray
py_three_boolean,TwoDimensionalArrayTask,Create2DArray
py_three_boolean,HandlingObjectOrientedProgramming,CallingOOPMethod
py_three_boolean,HandlingObjectOrientedProgramming,CreatingObject
py_three_boolean,HandlingObjectOrientedProgramming,DefiningClass
py_three_boolean,HandlingObjectOrientedProgramming,DefiningOOPMethod
py_three_boolean,HandlingFunctionCallingFunction,DefiningFunctionCallingFunction
py_three_boolean,HandlingRecursiveFunction,CallingRecursiveFunction
py_three_boolean,HandlingRecursiveFunction,DefiningRecursiveFunction
py_three_boolean,HandlingNestedFunction,CallingNestedFunction
py_three_boolean,HandlingNestedFunction,DefiningNestedFunction
py_three_boolean,WhileLoopWithUpdate,WhileLoopWithListIndexing
py_three_boolean,WhileLoopWithUpdate,WhileLoopWith*=
py_three_boolean,WhileLoopWithUpdate,WhileLoopWith+=
py_three_boolean,ForLoopWithUpdate,ForLoopWith+=
py_three_boolean,ForLoopWithUpdate,ForLoopWith*=
py_three_boolean,ForLoopWithUpdate,ForLoopWithListIndexing
py_three_boolean,NestedLoopIteration,MixedNestedLoopIteration
py_three_boolean,NestedLoopIteration,NestedForLoopIteration
py_three_boolean,NestedLoopIteration,NestedWhileLoopIteration
py_three_boolean,ArithmeticOperation,FindAbsolute
py_three_boolean,ArithmeticOperation,Round
py_three_boolean,HandlingTuple,CreatingTuple
py_three_boolean,HandlingTuple,SlicingTuple
py_three_boolean,HandlingTuple,IndexingTuple
py_three_boolean,HandlingFloat,TransformingToFloatType
py_three_boolean,HandlingDictionary,ReplacingDictionaryElement
py_three_boolean,HandlingDictionary,IndexingDictionary
py_three_boolean,HandlingDictionary,AddingItemToDictionary
py_three_boolean,HandlingList,DeletingListElement
py_three_boolean,HandlingList,SlicingList
py_three_boolean,HandlingList,ReplacingListElement
py_three_boolean,HandlingList,ListReferencing
py_three_boolean,HandlingList,ReversingList
py_three_boolean,AddingListElement,AddingListElementWithInsert
py_three_boolean,AddingListElement,AddingListElementWithAppend
py_three_boolean,HandlingFile,ClosingFile
py_three_boolean,HandlingFile,ReadingLine
py_three_boolean,HandlingFile,OpeningFile
py_three_boolean,HandlingString,ReplacingStringContent
py_three_boolean,HandlingString,TransformingToStringType
py_three_boolean,HandlingString,IndexingString
py_three_boolean,HandlingString,SlicingString
py_three_boolean,ModifyingStringCase,ConvertStringToUpperCase
py_three_boolean,ModifyingStringCase,ConvertStringToLowerCase
py_three_boolean,ModifyingStringCase,CapitalizeString
py_three_boolean2,Python,Concatenation
py_three_boolean2,CheckingInForLoop,IfElseCheckingInForLoop
py_three_boolean2,CheckingInForLoop,IfElifCheckingInForLoop
py_three_boolean2,CheckingInForLoop,IfCheckingInForLoop
py_three_boolean2,CheckingInForLoop,IfElifElseCheckingInForLoop
py_three_boolean2,CheckingInWhileLoop,IfElifElseCheckingInWhileLoop
py_three_boolean2,CheckingInWhileLoop,IfCheckingInWhileLoop
py_three_boolean2,CheckingInWhileLoop,IfElseCheckingInWhileLoop
py_three_boolean2,CheckingInWhileLoop,IfElifCheckingInWhileLoop
py_three_boolean2,ManagingVariable,SwappingVariablesValue
py_three_boolean2,HandlingAdvancedDataStructure,BinaryTreeTask
py_three_boolean2,HandlingAdvancedDataStructure,LinkedListTask
py_three_boolean2,HandlingAdvancedDataStructure,QueueTask
py_three_boolean2,HandlingAdvancedDataStructure,StackTask
py_three_boolean2,TwoDimensionalArrayTask,ReplacingElement2DArray
py_three_boolean2,TwoDimensionalArrayTask,Indexing2DArray
py_three_boolean2,TwoDimensionalArrayTask,Create2DArray
py_three_boolean2,HandlingObjectOrientedProgramming,CallingOOPMethod
py_three_boolean2,HandlingObjectOrientedProgramming,CreatingObject
py_three_boolean2,HandlingObjectOrientedProgramming,DefiningClass
py_three_boolean2,HandlingObjectOrientedProgramming,DefiningOOPMethod
py_three_boolean2,HandlingFunctionCallingFunction,CallingFunctionCallingFunction
py_three_boolean2,HandlingFunctionCallingFunction,DefiningFunctionCallingFunction
py_three_boolean2,HandlingRecursiveFunction,CallingRecursiveFunction
py_three_boolean2,HandlingRecursiveFunction,DefiningRecursiveFunction
py_three_boolean2,HandlingNestedFunction,CallingNestedFunction
py_three_boolean2,HandlingNestedFunction,DefiningNestedFunction
py_three_boolean2,HandlingStandardFunction,CallingStandardFunction
py_three_boolean2,HandlingStandardFunction,DefiningStandardFunction
py_three_boolean2,WhileLoopWithUpdate,WhileLoopWithListIndexing
py_three_boolean2,WhileLoopWithUpdate,WhileLoopWith*=
py_three_boolean2,WhileLoopWithUpdate,WhileLoopWith+=
py_three_boolean2,ForLoopWithUpdate,ForLoopWith+=
py_three_boolean2,ForLoopWithUpdate,ForLoopWith*=
py_three_boolean2,ForLoopWithUpdate,ForLoopWithListIndexing
py_three_boolean2,NestedLoopIteration,MixedNestedLoopIteration
py_three_boolean2,NestedLoopIteration,NestedForLoopIteration
py_three_boolean2,NestedLoopIteration,NestedWhileLoopIteration
py_three_boolean2,ArithmeticOperation,Round
py_three_boolean2,HandlingTuple,CreatingTuple
py_three_boolean2,HandlingTuple,SlicingTuple
py_three_boolean2,HandlingTuple,IndexingTuple
py_three_boolean2,HandlingFloat,TransformingToFloatType
py_three_boolean2,HandlingDictionary,ReplacingDictionaryElement
py_three_boolean2,HandlingDictionary,IndexingDictionary
py_three_boolean2,HandlingDictionary,AddingItemToDictionary
py_three_boolean2,HandlingDictionary,AccessingDictionary
py_three_boolean2,HandlingDictionary,CreatingDictionary
py_three_boolean2,HandlingList,DeletingListElement
py_three_boolean2,HandlingList,SlicingList
py_three_boolean2,HandlingList,ReplacingListElement
py_three_boolean2,HandlingList,ListReferencing
py_three_boolean2,HandlingList,ReversingList
py_three_boolean2,AddingListElement,AddingListElementWithInsert
py_three_boolean2,AddingListElement,AddingListElementWithAppend
py_three_boolean2,HandlingFile,ClosingFile
py_three_boolean2,HandlingFile,ReadingLine
py_three_boolean2,HandlingFile,OpeningFile
py_three_boolean2,HandlingString,ReplacingStringContent
py_three_boolean2,HandlingString,TransformingToStringType
py_three_boolean2,ModifyingStringCase,ConvertStringToUpperCase
py_three_boolean2,ModifyingStringCase,ConvertStringToLowerCase
py_three_boolean2,ModifyingStringCase,CapitalizeString
py_three_boolean3,Python,Concatenation
py_three_boolean3,CheckingCondition,AssertChecking
py_three_boolean3,HandlingAdvancedDataStructure,BinaryTreeTask
py_three_boolean3,HandlingAdvancedDataStructure,LinkedListTask
py_three_boolean3,HandlingAdvancedDataStructure,QueueTask
py_three_boolean3,HandlingAdvancedDataStructure,StackTask
py_three_boolean3,TwoDimensionalArrayTask,ReplacingElement2DArray
py_three_boolean3,TwoDimensionalArrayTask,Indexing2DArray
py_three_boolean3,TwoDimensionalArrayTask,Create2DArray
py_three_boolean3,HandlingObjectOrientedProgramming,CallingOOPMethod
py_three_boolean3,HandlingObjectOrientedProgramming,CreatingObject
py_three_boolean3,HandlingObjectOrientedProgramming,DefiningClass
py_three_boolean3,HandlingObjectOrientedProgramming,DefiningOOPMethod
py_three_boolean3,HandlingFunctionCallingFunction,CallingFunctionCallingFunction
py_three_boolean3,HandlingFunctionCallingFunction,DefiningFunctionCallingFunction
py_three_boolean3,HandlingRecursiveFunction,CallingRecursiveFunction
py_three_boolean3,HandlingRecursiveFunction,DefiningRecursiveFunction
py_three_boolean3,HandlingNestedFunction,CallingNestedFunction
py_three_boolean3,HandlingNestedFunction,DefiningNestedFunction
py_three_boolean3,WhileLoopWithUpdate,WhileLoopWithListIndexing
py_three_boolean3,WhileLoopWithUpdate,WhileLoopWith*=
py_three_boolean3,WhileLoopWithUpdate,WhileLoopWith+=
py_three_boolean3,ForLoopWithUpdate,ForLoopWith+=
py_three_boolean3,ForLoopWithUpdate,ForLoopWith*=
py_three_boolean3,ForLoopWithUpdate,ForLoopWithListIndexing
py_three_boolean3,NestedLoopIteration,MixedNestedLoopIteration
py_three_boolean3,NestedLoopIteration,NestedForLoopIteration
py_three_boolean3,NestedLoopIteration,NestedWhileLoopIteration
py_three_boolean3,ArithmeticOperation,Round
py_three_boolean3,HandlingTuple,CreatingTuple
py_three_boolean3,HandlingTuple,SlicingTuple
py_three_boolean3,HandlingTuple,IndexingTuple
py_three_boolean3,HandlingFloat,TransformingToFloatType
py_three_boolean3,HandlingDictionary,ReplacingDictionaryElement
py_three_boolean3,HandlingList,SlicingList
py_three_boolean3,HandlingList,ListReferencing
py_three_boolean3,HandlingFile,ClosingFile
py_three_boolean3,HandlingFile,ReadingLine
py_three_boolean3,HandlingFile,OpeningFile
py_three_boolean3,HandlingString,ReplacingStringContent
py_three_boolean3,HandlingString,TransformingToStringType
py_three_boolean3,ModifyingStringCase,ConvertStringToUpperCase
py_three_boolean3,ModifyingStringCase,ConvertStringToLowerCase
py_three_boolean3,ModifyingStringCase,CapitalizeString
py_boolean_dry_hot,Python,Concatenation
py_boolean_dry_hot,HandlingAdvancedDataStructure,BinaryTreeTask
py_boolean_dry_hot,HandlingAdvancedDataStructure,LinkedListTask
py_boolean_dry_hot,HandlingAdvancedDataStructure,QueueTask
py_boolean_dry_hot,HandlingAdvancedDataStructure,StackTask
py_boolean_dry_hot,TwoDimensionalArrayTask,ReplacingElement2DArray
py_boolean_dry_hot,TwoDimensionalArrayTask,Indexing2DArray
py_boolean_dry_hot,TwoDimensionalArrayTask,Create2DArray
py_boolean_dry_hot,HandlingObjectOrientedProgramming,CallingOOPMethod
py_boolean_dry_hot,HandlingObjectOrientedProgramming,CreatingObject
py_boolean_dry_hot,HandlingObjectOrientedProgramming,DefiningClass
py_boolean_dry_hot,HandlingObjectOrientedProgramming,DefiningOOPMethod
py_boolean_dry_hot,HandlingFunctionCallingFunction,CallingFunctionCallingFunction
py_boolean_dry_hot,HandlingFunctionCallingFunction,DefiningFunctionCallingFunction
py_boolean_dry_hot,HandlingRecursiveFunction,CallingRecursiveFunction
py_boolean_dry_hot,HandlingRecursiveFunction,DefiningRecursiveFunction
py_boolean_dry_hot,HandlingNestedFunction,CallingNestedFunction
py_boolean_dry_hot,HandlingNestedFunction,DefiningNestedFunction
py_boolean_dry_hot,WhileLoopWithUpdate,WhileLoopWithListIndexing
py_boolean_dry_hot,WhileLoopWithUpdate,WhileLoopWith*=
py_boolean_dry_hot,WhileLoopWithUpdate,WhileLoopWith+=
py_boolean_dry_hot,ForLoopWithUpdate,ForLoopWith+=
py_boolean_dry_hot,ForLoopWithUpdate,ForLoopWith*=
py_boolean_dry_hot,ForLoopWithUpdate,ForLoopWithListIndexing
py_boolean_dry_hot,NestedLoopIteration,MixedNestedLoopIteration
py_boolean_dry_hot,NestedLoopIteration,NestedForLoopIteration
py_boolean_dry_hot,NestedLoopIteration,NestedWhileLoopIteration
py_boolean_dry_hot,ArithmeticOperation,Round
py_boolean_dry_hot,HandlingTuple,CreatingTuple
py_boolean_dry_hot,HandlingTuple,SlicingTuple
py_boolean_dry_hot,HandlingTuple,IndexingTuple
py_boolean_dry_hot,HandlingFloat,TransformingToFloatType
py_boolean_dry_hot,HandlingList,SlicingList
py_boolean_dry_hot,HandlingList,ListReferencing
py_boolean_dry_hot,HandlingFile,ClosingFile
py_boolean_dry_hot,HandlingFile,ReadingLine
py_boolean_dry_hot,HandlingFile,OpeningFile
py_boolean_dry_hot,HandlingString,ReplacingStringContent
py_boolean_dry_hot,HandlingString,TransformingToStringType
py_file_input_stat,Python,Concatenation
py_file_input_stat,Python,CheckingForItem
py_file_input_stat,CheckingCondition,AssertChecking
py_file_input_stat,CheckingInWhileLoop,IfElifElseCheckingInWhileLoop
py_file_input_stat,CheckingInWhileLoop,IfCheckingInWhileLoop
py_file_input_stat,CheckingInWhileLoop,IfElseCheckingInWhileLoop
py_file_input_stat,CheckingInWhileLoop,IfElifCheckingInWhileLoop
py_file_input_stat,ManagingVariable,SwappingVariablesValue
py_file_input_stat,HandlingAdvancedDataStructure,BinaryTreeTask
py_file_input_stat,HandlingAdvancedDataStructure,LinkedListTask
py_file_input_stat,HandlingAdvancedDataStructure,QueueTask
py_file_input_stat,HandlingAdvancedDataStructure,StackTask
py_file_input_stat,TwoDimensionalArrayTask,ReplacingElement2DArray
py_file_input_stat,TwoDimensionalArrayTask,Indexing2DArray
py_file_input_stat,TwoDimensionalArrayTask,Create2DArray
py_file_input_stat,HandlingObjectOrientedProgramming,CallingOOPMethod
py_file_input_stat,HandlingObjectOrientedProgramming,CreatingObject
py_file_input_stat,HandlingObjectOrientedProgramming,DefiningClass
py_file_input_stat,HandlingObjectOrientedProgramming,DefiningOOPMethod
py_file_input_stat,HandlingFunctionCallingFunction,CallingFunctionCallingFunction
py_file_input_stat,HandlingFunctionCallingFunction,DefiningFunctionCallingFunction
py_file_input_stat,ForLoopWithUpdate,ForLoopWith*=
py_file_input_stat,ArithmeticOperation,Round
py_file_input_stat,HandlingFloat,TransformingToFloatType
py_file_input_stat,HandlingDictionary,IndexingDictionary
py_file_input_stat,HandlingList,SlicingList
py_file_input_stat,HandlingList,ListReferencing
py_file_input_stat,HandlingFile,ReadingLine
py_file_input_stat,HandlingString,ReplacingStringContent
py_file_input_stat,HandlingString,TransformingToStringType
py_file_input_stat,HandlingString,TrimmingString
py_file_input_stat,HandlingString,SlicingString
py_input_stat2,Python,Concatenation
py_score_dict2,CheckingCondition,IfElseChecking
py_score_dict2,ArithmeticOperation,Addition
bjects_classes_loan,CheckingCondition,AssertChecking
bjects_classes_loan,HandlingObjectOrientedProgramming,CallingOOPMethod
bjects_classes_loan,HandlingStandardFunction,CallingStandardFunction
bjects_classes_loan,ArithmeticOperation,FindAbsolute
bjects_classes_loan,ArithmeticOperation,FindRemainder
bjects_classes_loan,ArithmeticOperation,FindMaximum
bjects_classes_loan,ArithmeticOperation,Round
bjects_classes_loan,ArithmeticOperation,FindMinimum
bjects_classes_loan,ArithmeticOperation,Multiplication
bjects_classes_loan,HandlingString,TransformingToStringType
py_loan2,Python,Concatenation
py_loan2,Python,Importing
py_loan2,Python,FindingLength
py_loan2,Python,CheckingForItem
py_loan2,Python,HandlingInput
py_loan2,CheckingCondition,AssertChecking
py_loan2,CheckingCondition,IfElifChecking
py_loan2,CheckingInForLoop,IfElseCheckingInForLoop
py_loan2,CheckingInForLoop,IfElifCheckingInForLoop
py_loan2,CheckingInForLoop,IfCheckingInForLoop
py_loan2,CheckingInForLoop,IfElifElseCheckingInForLoop
py_loan2,CheckingInWhileLoop,IfElifElseCheckingInWhileLoop
py_loan2,CheckingInWhileLoop,IfCheckingInWhileLoop
py_loan2,CheckingInWhileLoop,IfElseCheckingInWhileLoop
py_loan2,CheckingInWhileLoop,IfElifCheckingInWhileLoop
py_loan2,ManagingVariable,SwappingVariablesValue
py_loan2,HandlingAdvancedDataStructure,BinaryTreeTask
py_loan2,HandlingAdvancedDataStructure,LinkedListTask
py_loan2,HandlingAdvancedDataStructure,QueueTask
py_loan2,HandlingAdvancedDataStructure,StackTask
py_loan2,TwoDimensionalArrayTask,ReplacingElement2DArray
py_loan2,TwoDimensionalArrayTask,Indexing2DArray
py_loan2,TwoDimensionalArrayTask,Create2DArray
py_loan2,HandlingObjectOrientedProgramming,CallingOOPMethod
py_loan2,HandlingFunctionCallingFunction,CallingFunctionCallingFunction
py_loan2,HandlingFunctionCallingFunction,DefiningFunctionCallingFunction
py_loan2,HandlingNestedFunction,CallingNestedFunction
py_loan2,HandlingNestedFunction,DefiningNestedFunction
py_loan2,HandlingStandardFunction,CallingStandardFunction
py_loan2,HandlingStandardFunction,DefiningStandardFunction
py_loan2,WhileLoopWithUpdate,WhileLoopWithListIndexing
py_loan2,WhileLoopWithUpdate,WhileLoopWith*=
py_loan2,WhileLoopWithUpdate,WhileLoopWith+=
py_loan2,ForLoopWithUpdate,ForLoopWith+=
py_loan2,ForLoopWithUpdate,ForLoopWith*=
py_loan2,ForLoopWithUpdate,ForLoopWithListIndexing
py_loan2,NestedLoopIteration,MixedNestedLoopIteration
py_loan2,NestedLoopIteration,NestedWhileLoopIteration
py_loan2,ArithmeticOperation,FindAbsolute
py_loan2,ArithmeticOperation,FindRemainder
py_loan2,ArithmeticOperation,FindMaximum
py_loan2,ArithmeticOperation,Addition
py_loan2,ArithmeticOperation,Round
py_loan2,ArithmeticOperation,Power
py_loan2,ArithmeticOperation,FindMinimum
py_loan2,ArithmeticOperation,Substraction
py_loan2,ArithmeticOperation,Division
py_loan2,ArithmeticOperation,Multiplication
py_loan2,HandlingInteger,TransformingToIntType
py_loan2,HandlingTuple,SlicingTuple
py_loan2,HandlingTuple,IndexingTuple
py_loan2,HandlingFloat,TransformingToFloatType
py_loan2,HandlingDictionary,ReplacingDictionaryElement
py_loan2,HandlingDictionary,IndexingDictionary
py_loan2,HandlingDictionary,AddingItemToDictionary
py_loan2,HandlingDictionary,AccessingDictionary
py_loan2,HandlingList,DeletingListElement
py_loan2,HandlingList,SlicingList
py_loan2,HandlingList,ReplacingListElement
py_loan2,HandlingList,ListReferencing
py_loan2,HandlingList,ReversingList
py_loan2,AddingListElement,AddingListElementWithInsert
py_loan2,AddingListElement,AddingListElementWithAppend
py_loan2,HandlingFile,ClosingFile
py_loan2,HandlingFile,ReadingLine
py_loan2,HandlingFile,OpeningFile
py_loan2,HandlingString,CreatingString
py_loan2,HandlingString,ReplacingStringContent
py_loan2,HandlingString,TransformingToStringType
py_loan2,HandlingString,SplittingString
py_loan2,HandlingString,TrimmingString
py_loan2,HandlingString,IndexingString
py_loan2,HandlingString,SlicingString
py_loan2,ModifyingStringCase,ConvertStringToUpperCase
py_loan2,ModifyingStringCase,ConvertStringToLowerCase
py_loan2,ModifyingStringCase,CapitalizeString
py_tv2,Python,CheckingForItem
py_tv2,Python,HandlingInput
py_tv2,CheckingCondition,AssertChecking
py_tv2,CheckingCondition,IfElifChecking
py_tv2,CheckingInForLoop,IfElseCheckingInForLoop
py_tv2,CheckingInForLoop,IfElifCheckingInForLoop
py_tv2,CheckingInForLoop,IfElifElseCheckingInForLoop
py_tv2,CheckingInWhileLoop,IfElifElseCheckingInWhileLoop
py_tv2,CheckingInWhileLoop,IfElseCheckingInWhileLoop
py_tv2,CheckingInWhileLoop,IfElifCheckingInWhileLoop
py_tv2,ManagingVariable,SwappingVariablesValue
py_tv2,HandlingAdvancedDataStructure,BinaryTreeTask
py_tv2,HandlingAdvancedDataStructure,LinkedListTask
py_tv2,HandlingAdvancedDataStructure,QueueTask
py_tv2,HandlingAdvancedDataStructure,StackTask
py_tv2,TwoDimensionalArrayTask,ReplacingElement2DArray
py_tv2,TwoDimensionalArrayTask,Indexing2DArray
py_tv2,TwoDimensionalArrayTask,Create2DArray
py_tv2,HandlingObjectOrientedProgramming,CallingOOPMethod
py_tv2,HandlingFunctionCallingFunction,DefiningFunctionCallingFunction
py_tv2,HandlingRecursiveFunction,CallingRecursiveFunction
py_tv2,HandlingRecursiveFunction,DefiningRecursiveFunction
py_tv2,HandlingNestedFunction,CallingNestedFunction
py_tv2,HandlingNestedFunction,DefiningNestedFunction
py_tv2,WhileLoopWithUpdate,WhileLoopWithListIndexing
py_tv2,WhileLoopWithUpdate,WhileLoopWith*=
py_tv2,WhileLoopWithUpdate,WhileLoopWith+=
py_tv2,ForLoopWithUpdate,ForLoopWith+=
py_tv2,ForLoopWithUpdate,ForLoopWith*=
py_tv2,ForLoopWithUpdate,ForLoopWithListIndexing
py_tv2,NestedLoopIteration,MixedNestedLoopIteration
py_tv2,NestedLoopIteration,NestedForLoopIteration
py_tv2,NestedLoopIteration,NestedWhileLoopIteration
py_tv2,ArithmeticOperation,FindAbsolute
py_tv2,ArithmeticOperation,FindRemainder
py_tv2,ArithmeticOperation,FindMaximum
py_tv2,ArithmeticOperation,Round
py_tv2,ArithmeticOperation,Power
py_tv2,ArithmeticOperation,FindMinimum
py_tv2,ArithmeticOperation,Division
py_tv2,ArithmeticOperation,Multiplication
py_tv2,HandlingTuple,CreatingTuple
py_tv2,HandlingTuple,SlicingTuple
py_tv2,HandlingTuple,IndexingTuple
py_tv2,HandlingFloat,TransformingToFloatType
py_tv2,HandlingDictionary,ReplacingDictionaryElement
py_tv2,HandlingDictionary,IndexingDictionary
py_tv2,HandlingDictionary,AddingItemToDictionary
py_tv2,HandlingDictionary,AccessingDictionary
py_tv2,HandlingDictionary,CreatingDictionary
py_tv2,HandlingList,DeletingListElement
py_tv2,HandlingList,IndexingList
py_tv2,HandlingList,CreatingList
py_tv2,HandlingList,SlicingList
py_tv2,HandlingList,ReplacingListElement
py_tv2,HandlingList,ListReferencing
py_tv2,HandlingList,ReversingList
py_tv2,AddingListElement,AddingListElementWithInsert
py_tv2,AddingListElement,AddingListElementWithAppend
py_tv2,HandlingFile,ClosingFile
py_tv2,HandlingFile,ReadingLine
py_tv2,HandlingFile,OpeningFile
py_tv2,HandlingString,ReplacingStringContent
py_tv2,HandlingString,FormattingString
py_tv2,HandlingString,SplittingString
py_tv2,HandlingString,TrimmingString
py_tv2,HandlingString,IndexingString
py_tv2,HandlingString,SlicingString
py_tv2,ModifyingStringCase,ConvertStringToUpperCase
py_tv2,ModifyingStringCase,ConvertStringToLowerCase
py_tv2,ModifyingStringCase,CapitalizeString
py_tv2,HandlingError,HandlingSpecificError
py_tv2,HandlingError,HandlingGeneralError
objects_classes_point,Python,Concatenation
objects_classes_point,Python,HandlingInput
objects_classes_point,CheckingCondition,AssertChecking
objects_classes_point,ManagingVariable,SwappingVariablesValue
objects_classes_point,HandlingAdvancedDataStructure,BinaryTreeTask
objects_classes_point,HandlingAdvancedDataStructure,LinkedListTask
objects_classes_point,HandlingAdvancedDataStructure,QueueTask
objects_classes_point,HandlingAdvancedDataStructure,StackTask
objects_classes_point,TwoDimensionalArrayTask,ReplacingElement2DArray
objects_classes_point,TwoDimensionalArrayTask,Indexing2DArray
objects_classes_point,TwoDimensionalArrayTask,Create2DArray
objects_classes_point,HandlingObjectOrientedProgramming,CallingOOPMethod
py_point2,Python,CheckingForItem
py_point2,CheckingCondition,AssertChecking
py_point2,ManagingVariable,SwappingVariablesValue
py_point2,HandlingObjectOrientedProgramming,CallingOOPMethod
py_point2,HandlingFunctionCallingFunction,DefiningFunctionCallingFunction
py_point2,HandlingRecursiveFunction,CallingRecursiveFunction
py_point2,HandlingRecursiveFunction,DefiningRecursiveFunction
py_point2,HandlingNestedFunction,CallingNestedFunction
py_point2,HandlingNestedFunction,DefiningNestedFunction
py_point2,HandlingStandardFunction,CallingStandardFunction
py_point2,HandlingStandardFunction,DefiningStandardFunction
py_point2,NonNestedIteration,SingleForLoopIteration
py_point2,NonNestedIteration,SingleWhileLoopIteration
py_point2,WhileLoopWithUpdate,WhileLoopWithListIndexing
py_point2,WhileLoopWithUpdate,WhileLoopWith*=
py_point2,WhileLoopWithUpdate,WhileLoopWith+=
py_point2,ForLoopWithUpdate,ForLoopWith+=
py_point2,ForLoopWithUpdate,ForLoopWith*=
py_point2,ForLoopWithUpdate,ForLoopWithListIndexing
py_point2,NestedLoopIteration,MixedNestedLoopIteration
py_point2,NestedLoopIteration,NestedForLoopIteration
py_point2,NestedLoopIteration,NestedWhileLoopIteration
py_point2,ArithmeticOperation,FindAbsolute
py_point2,ArithmeticOperation,FindRemainder
py_point2,ArithmeticOperation,FindMaximum
py_point2,ArithmeticOperation,Round
py_point2,ArithmeticOperation,FindMinimum
py_point2,ArithmeticOperation,Substraction
py_point2,ArithmeticOperation,Division
py_point2,ArithmeticOperation,Multiplication
py_point2,HandlingInteger,TransformingToIntType
objects_classes_account,Python,CheckingForItem
objects_classes_account,Python,HandlingInput
objects_classes_account,CheckingCondition,AssertChecking
objects_classes_account,CheckingCondition,IfElifChecking
objects_classes_account,CheckingInForLoop,IfElseCheckingInForLoop
objects_classes_account,CheckingInForLoop,IfElifCheckingInForLoop
objects_classes_account,CheckingInForLoop,IfCheckingInForLoop
objects_classes_account,CheckingInForLoop,IfElifElseCheckingInForLoop
objects_classes_account,CheckingInWhileLoop,IfElifElseCheckingInWhileLoop
objects_classes_account,CheckingInWhileLoop,IfCheckingInWhileLoop
objects_classes_account,CheckingInWhileLoop,IfElseCheckingInWhileLoop
objects_classes_account,CheckingInWhileLoop,IfElifCheckingInWhileLoop
objects_classes_account,ManagingVariable,SwappingVariablesValue
objects_classes_account,HandlingAdvancedDataStructure,BinaryTreeTask
objects_classes_account,HandlingAdvancedDataStructure,LinkedListTask
objects_classes_account,HandlingAdvancedDataStructure,QueueTask
objects_classes_account,HandlingAdvancedDataStructure,StackTask
objects_classes_account,TwoDimensionalArrayTask,ReplacingElement2DArray
objects_classes_account,TwoDimensionalArrayTask,Indexing2DArray
objects_classes_account,TwoDimensionalArrayTask,Create2DArray
objects_classes_account,HandlingObjectOrientedProgramming,CallingOOPMethod
objects_classes_account,HandlingFunctionCallingFunction,CallingFunctionCallingFunction
objects_classes_account,HandlingFunctionCallingFunction,DefiningFunctionCallingFunction
objects_classes_account,HandlingRecursiveFunction,CallingRecursiveFunction
objects_classes_account,HandlingRecursiveFunction,DefiningRecursiveFunction
objects_classes_account,HandlingNestedFunction,CallingNestedFunction
objects_classes_account,HandlingNestedFunction,DefiningNestedFunction
objects_classes_account,HandlingStandardFunction,CallingStandardFunction
objects_classes_account,NonNestedIteration,SingleForLoopIteration
objects_classes_account,NonNestedIteration,SingleWhileLoopIteration
objects_classes_account,WhileLoopWithUpdate,WhileLoopWithListIndexing
objects_classes_account,WhileLoopWithUpdate,WhileLoopWith*=
objects_classes_account,WhileLoopWithUpdate,WhileLoopWith+=
objects_classes_account,ForLoopWithUpdate,ForLoopWith+=
objects_classes_account,ForLoopWithUpdate,ForLoopWith*=
objects_classes_account,ForLoopWithUpdate,ForLoopWithListIndexing
objects_classes_account,NestedLoopIteration,MixedNestedLoopIteration
objects_classes_account,NestedLoopIteration,NestedForLoopIteration
objects_classes_account,NestedLoopIteration,NestedWhileLoopIteration
objects_classes_account,ArithmeticOperation,FindAbsolute
objects_classes_account,ArithmeticOperation,FindRemainder
objects_classes_account,ArithmeticOperation,FindMaximum
objects_classes_account,ArithmeticOperation,Addition
objects_classes_account,ArithmeticOperation,Round
objects_classes_account,ArithmeticOperation,Power
objects_classes_account,ArithmeticOperation,FindMinimum
objects_classes_account,ArithmeticOperation,Substraction
objects_classes_account,ArithmeticOperation,Division
objects_classes_account,ArithmeticOperation,Multiplication
objects_classes_account,HandlingInteger,TransformingToIntType
objects_classes_account,HandlingTuple,CreatingTuple
objects_classes_account,HandlingTuple,SlicingTuple
objects_classes_account,HandlingTuple,IndexingTuple
objects_classes_account,HandlingFloat,TransformingToFloatType
objects_classes_account,HandlingDictionary,ReplacingDictionaryElement
objects_classes_account,HandlingDictionary,IndexingDictionary
objects_classes_account,HandlingDictionary,AddingItemToDictionary
objects_classes_account,HandlingDictionary,AccessingDictionary
objects_classes_account,HandlingList,DeletingListElement
objects_classes_account,HandlingList,IndexingList
objects_classes_account,HandlingList,SlicingList
objects_classes_account,HandlingList,ReplacingListElement
objects_classes_account,HandlingList,ListReferencing
objects_classes_account,HandlingList,ReversingList
objects_classes_account,AddingListElement,AddingListElementWithInsert
objects_classes_account,AddingListElement,AddingListElementWithAppend
objects_classes_account,HandlingFile,ClosingFile
objects_classes_account,HandlingFile,ReadingLine
objects_classes_account,HandlingFile,OpeningFile
objects_classes_account,HandlingString,CreatingString
objects_classes_account,HandlingString,ReplacingStringContent
objects_classes_account,HandlingString,TransformingToStringType
objects_classes_account,HandlingString,SplittingString
objects_classes_account,HandlingString,TrimmingString
objects_classes_account,HandlingString,IndexingString
objects_classes_account,HandlingString,SlicingString
objects_classes_account,ModifyingStringCase,ConvertStringToUpperCase
objects_classes_account,ModifyingStringCase,ConvertStringToLowerCase
objects_classes_account,ModifyingStringCase,CapitalizeString
py_account2,Python,CheckingForItem
py_account2,CheckingCondition,AssertChecking
py_account2,ManagingVariable,AssigningVariable
py_account2,HandlingObjectOrientedProgramming,CallingOOPMethod
py_account2,HandlingFunction,NestedFunctionCall
py_account2,HandlingFunctionCallingFunction,DefiningFunctionCallingFunction
py_account2,HandlingRecursiveFunction,CallingRecursiveFunction
py_account2,HandlingRecursiveFunction,DefiningRecursiveFunction
py_account2,HandlingNestedFunction,CallingNestedFunction
py_account2,HandlingNestedFunction,DefiningNestedFunction
py_account2,HandlingStandardFunction,CallingStandardFunction
py_account2,HandlingStandardFunction,DefiningStandardFunction
py_account2,NonNestedIteration,SingleForLoopIteration
py_account2,NonNestedIteration,SingleWhileLoopIteration
py_account2,WhileLoopWithUpdate,WhileLoopWithListIndexing
py_account2,WhileLoopWithUpdate,WhileLoopWith*=
py_account2,WhileLoopWithUpdate,WhileLoopWith+=
py_account2,ForLoopWithUpdate,ForLoopWith+=
py_account2,ForLoopWithUpdate,ForLoopWith*=
py_account2,ForLoopWithUpdate,ForLoopWithListIndexing
py_account2,NestedLoopIteration,MixedNestedLoopIteration
py_account2,NestedLoopIteration,NestedForLoopIteration
py_account2,NestedLoopIteration,NestedWhileLoopIteration
py_account2,ArithmeticOperation,FindAbsolute
py_account2,ArithmeticOperation,FindRemainder
py_account2,ArithmeticOperation,FindMaximum
py_account2,ArithmeticOperation,Round
py_account2,ArithmeticOperation,Power
py_account2,ArithmeticOperation,FindMinimum
py_account2,ArithmeticOperation,Division
py_account2,HandlingInteger,TransformingToIntType
py_char_dict,CheckingCondition,IfElseChecking
ae_adl_variables,HandlingFunction,NestedFunctionCall
ae_adl_variables,HandlingFunctionCallingFunction,CallingFunctionCallingFunction
ae_adl_variables,HandlingFunctionCallingFunction,DefiningFunctionCallingFunction
ae_adl_arithmetics2,Python,Importing
ae_adl_arithmetics2,Python,FindingLength
ae_adl_arithmetics2,Python,CheckingForItem
ae_adl_arithmetics2,CheckingCondition,AssertChecking
ae_adl_arithmetics2,CheckingCondition,IfElifElseChecking
ae_adl_arithmetics2,CheckingCondition,NestedIfChecking
ae_adl_arithmetics2,CheckingCondition,IfElifChecking
ae_adl_arithmetics2,CheckingCondition,BooleanEvaluating
ae_adl_arithmetics2,CheckingInForLoop,IfElseCheckingInForLoop
ae_adl_arithmetics2,CheckingInForLoop,IfElifCheckingInForLoop
ae_adl_arithmetics2,CheckingInForLoop,IfCheckingInForLoop
ae_adl_arithmetics2,CheckingInForLoop,IfElifElseCheckingInForLoop
ae_adl_arithmetics2,CheckingInWhileLoop,IfElifElseCheckingInWhileLoop
ae_adl_arithmetics2,CheckingInWhileLoop,IfCheckingInWhileLoop
ae_adl_arithmetics2,CheckingInWhileLoop,IfElseCheckingInWhileLoop
ae_adl_arithmetics2,CheckingInWhileLoop,IfElifCheckingInWhileLoop
ae_adl_arithmetics2,ManagingVariable,SwappingVariablesValue
ae_adl_arithmetics2,HandlingAdvancedDataStructure,BinaryTreeTask
ae_adl_arithmetics2,HandlingAdvancedDataStructure,LinkedListTask
ae_adl_arithmetics2,HandlingAdvancedDataStructure,QueueTask
ae_adl_arithmetics2,HandlingAdvancedDataStructure,StackTask
ae_adl_arithmetics2,TwoDimensionalArrayTask,ReplacingElement2DArray
ae_adl_arithmetics2,TwoDimensionalArrayTask,Indexing2DArray
ae_adl_arithmetics2,TwoDimensionalArrayTask,Create2DArray
ae_adl_arithmetics2,HandlingObjectOrientedProgramming,CallingOOPMethod
ae_adl_arithmetics2,HandlingObjectOrientedProgramming,CreatingObject
ae_adl_arithmetics2,HandlingObjectOrientedProgramming,DefiningClass
ae_adl_arithmetics2,HandlingObjectOrientedProgramming,DefiningOOPMethod
ae_adl_arithmetics2,HandlingFunctionCallingFunction,DefiningFunctionCallingFunction
ae_adl_arithmetics2,HandlingNestedFunction,CallingNestedFunction
ae_adl_arithmetics2,HandlingNestedFunction,DefiningNestedFunction
ae_adl_arithmetics2,NonNestedIteration,SingleForLoopIteration
ae_adl_arithmetics2,NonNestedIteration,SingleWhileLoopIteration
ae_adl_arithmetics2,WhileLoopWithUpdate,WhileLoopWithListIndexing
ae_adl_arithmetics2,WhileLoopWithUpdate,WhileLoopWith*=
ae_adl_arithmetics2,WhileLoopWithUpdate,WhileLoopWith+=
ae_adl_arithmetics2,ForLoopWithUpdate,ForLoopWith+=
ae_adl_arithmetics2,ForLoopWithUpdate,ForLoopWith*=
ae_adl_arithmetics2,ForLoopWithUpdate,ForLoopWithListIndexing
ae_adl_arithmetics2,NestedLoopIteration,MixedNestedLoopIteration
ae_adl_arithmetics2,NestedLoopIteration,NestedForLoopIteration
ae_adl_arithmetics2,NestedLoopIteration,NestedWhileLoopIteration
ae_adl_arithmetics2,ArithmeticOperation,FindAbsolute
ae_adl_arithmetics2,ArithmeticOperation,FindRemainder
ae_adl_arithmetics2,ArithmeticOperation,FindMaximum
ae_adl_arithmetics2,ArithmeticOperation,Round
ae_adl_arithmetics2,ArithmeticOperation,Power
ae_adl_arithmetics2,ArithmeticOperation,FindMinimum
ae_adl_arithmetics2,HandlingInteger,TransformingToIntType
ae_adl_arithmetics2,HandlingTuple,CreatingTuple
ae_adl_arithmetics2,HandlingTuple,SlicingTuple
ae_adl_arithmetics2,HandlingTuple,IndexingTuple
ae_adl_arithmetics2,HandlingFloat,TransformingToFloatType
ae_adl_arithmetics2,HandlingDictionary,ReplacingDictionaryElement
ae_adl_arithmetics2,HandlingDictionary,IndexingDictionary
ae_adl_arithmetics2,HandlingDictionary,AddingItemToDictionary
ae_adl_arithmetics2,HandlingDictionary,AccessingDictionary
ae_adl_arithmetics2,HandlingDictionary,CreatingDictionary
ae_adl_arithmetics2,HandlingList,DeletingListElement
ae_adl_arithmetics2,HandlingList,IndexingList
ae_adl_arithmetics2,HandlingList,SlicingList
ae_adl_arithmetics2,HandlingList,ReplacingListElement
ae_adl_arithmetics2,HandlingList,ListReferencing
ae_adl_arithmetics2,HandlingList,ReversingList
ae_adl_arithmetics2,AddingListElement,AddingListElementWithInsert
ae_adl_arithmetics2,AddingListElement,AddingListElementWithAppend
ae_adl_arithmetics2,HandlingFile,ClosingFile
ae_adl_arithmetics2,HandlingFile,ReadingLine
ae_adl_arithmetics2,HandlingFile,OpeningFile
ae_adl_arithmetics2,HandlingString,ReplacingStringContent
ae_adl_arithmetics2,HandlingString,TransformingToStringType
ae_adl_arithmetics2,HandlingString,SplittingString
ae_adl_arithmetics2,HandlingString,TrimmingString
ae_adl_arithmetics2,HandlingString,IndexingString
ae_adl_arithmetics2,HandlingString,SlicingString
ae_adl_arithmetics2,ModifyingStringCase,ConvertStringToUpperCase
ae_adl_arithmetics2,ModifyingStringCase,ConvertStringToLowerCase
ae_adl_arithmetics2,ModifyingStringCase,CapitalizeString
ae_adl_arithmetics2,HandlingError,HandlingSpecificError
ae_adl_arithmetics2,HandlingError,HandlingGeneralError
ae_adl_comparison,Python,CheckingForItem
ae_adl_comparison,Python,HandlingInput
ae_adl_comparison,CheckingCondition,AssertChecking
ae_adl_comparison,CheckingInForLoop,IfElseCheckingInForLoop
ae_adl_comparison,CheckingInForLoop,IfElifCheckingInForLoop
ae_adl_comparison,CheckingInForLoop,IfCheckingInForLoop
ae_adl_comparison,CheckingInForLoop,IfElifElseCheckingInForLoop
ae_adl_comparison,CheckingInWhileLoop,IfElifElseCheckingInWhileLoop
ae_adl_comparison,CheckingInWhileLoop,IfCheckingInWhileLoop
ae_adl_comparison,CheckingInWhileLoop,IfElseCheckingInWhileLoop
ae_adl_comparison,CheckingInWhileLoop,IfElifCheckingInWhileLoop
ae_adl_comparison,ManagingVariable,SwappingVariablesValue
ae_adl_comparison,HandlingAdvancedDataStructure,BinaryTreeTask
ae_adl_comparison,HandlingAdvancedDataStructure,LinkedListTask
ae_adl_comparison,HandlingAdvancedDataStructure,QueueTask
ae_adl_comparison,HandlingAdvancedDataStructure,StackTask
ae_adl_comparison,TwoDimensionalArrayTask,ReplacingElement2DArray
ae_adl_comparison,TwoDimensionalArrayTask,Indexing2DArray
ae_adl_comparison,TwoDimensionalArrayTask,Create2DArray
ae_adl_comparison,HandlingStandardFunction,CallingStandardFunction
ae_adl_comparison,HandlingStandardFunction,DefiningStandardFunction
ae_adl_comparison,WhileLoopWithUpdate,WhileLoopWithListIndexing
ae_adl_comparison,WhileLoopWithUpdate,WhileLoopWith*=
ae_adl_comparison,WhileLoopWithUpdate,WhileLoopWith+=
ae_adl_comparison,ForLoopWithUpdate,ForLoopWith+=
ae_adl_comparison,ForLoopWithUpdate,ForLoopWith*=
ae_adl_comparison,ForLoopWithUpdate,ForLoopWithListIndexing
ae_adl_comparison,NestedLoopIteration,MixedNestedLoopIteration
ae_adl_comparison,NestedLoopIteration,NestedForLoopIteration
ae_adl_comparison,NestedLoopIteration,NestedWhileLoopIteration
ae_adl_comparison,ArithmeticOperation,FindAbsolute
ae_adl_comparison,ArithmeticOperation,FindRemainder
ae_adl_comparison,ArithmeticOperation,Round
ae_adl_comparison,ArithmeticOperation,Power
ae_adl_comparison,HandlingDictionary,IndexingDictionary
ae_adl_comparison,HandlingList,SlicingList
ae_adl_comparison,HandlingFile,ClosingFile
ae_adl_comparison,HandlingFile,ReadingLine
ae_adl_comparison,HandlingFile,OpeningFile
ae_adl_comparison,HandlingString,ReplacingStringContent
ae_adl_comparison,HandlingString,TransformingToStringType
ae_adl_comparison,ModifyingStringCase,ConvertStringToUpperCase
ae_adl_comparison,ModifyingStringCase,ConvertStringToLowerCase
ae_adl_comparison,ModifyingStringCase,CapitalizeString
ae_adl_greet,Python,Importing
ae_adl_greet,Python,FindingLength
ae_adl_greet,Python,CheckingForItem
ae_adl_greet,CheckingCondition,AssertChecking
ae_adl_greet,CheckingCondition,IfElifChecking
ae_adl_greet,CheckingCondition,BooleanEvaluating
ae_adl_greet,CheckingInForLoop,IfElseCheckingInForLoop
ae_adl_greet,CheckingInForLoop,IfElifCheckingInForLoop
ae_adl_greet,CheckingInForLoop,IfCheckingInForLoop
ae_adl_greet,CheckingInForLoop,IfElifElseCheckingInForLoop
ae_adl_greet,CheckingInWhileLoop,IfElifElseCheckingInWhileLoop
ae_adl_greet,CheckingInWhileLoop,IfCheckingInWhileLoop
ae_adl_greet,CheckingInWhileLoop,IfElseCheckingInWhileLoop
ae_adl_greet,CheckingInWhileLoop,IfElifCheckingInWhileLoop
ae_adl_greet,ManagingVariable,SwappingVariablesValue
ae_adl_greet,HandlingAdvancedDataStructure,BinaryTreeTask
ae_adl_greet,HandlingAdvancedDataStructure,LinkedListTask
ae_adl_greet,HandlingAdvancedDataStructure,QueueTask
ae_adl_greet,HandlingAdvancedDataStructure,StackTask
ae_adl_greet,TwoDimensionalArrayTask,ReplacingElement2DArray
ae_adl_greet,TwoDimensionalArrayTask,Indexing2DArray
ae_adl_greet,TwoDimensionalArrayTask,Create2DArray
ae_adl_greet,HandlingObjectOrientedProgramming,CallingOOPMethod
ae_adl_greet,HandlingObjectOrientedProgramming,CreatingObject
ae_adl_greet,HandlingObjectOrientedProgramming,DefiningClass
ae_adl_greet,HandlingObjectOrientedProgramming,DefiningOOPMethod
ae_adl_greet,HandlingFunctionCallingFunction,DefiningFunctionCallingFunction
ae_adl_greet,HandlingStandardFunction,CallingStandardFunction
ae_adl_greet,HandlingStandardFunction,DefiningStandardFunction
ae_adl_greet,WhileLoopWithUpdate,WhileLoopWithListIndexing
ae_adl_greet,WhileLoopWithUpdate,WhileLoopWith*=
ae_adl_greet,WhileLoopWithUpdate,WhileLoopWith+=
ae_adl_greet,ForLoopWithUpdate,ForLoopWith+=
ae_adl_greet,ForLoopWithUpdate,ForLoopWith*=
ae_adl_greet,ForLoopWithUpdate,ForLoopWithListIndexing
ae_adl_greet,NestedLoopIteration,MixedNestedLoopIteration
ae_adl_greet,NestedLoopIteration,NestedForLoopIteration
ae_adl_greet,NestedLoopIteration,NestedWhileLoopIteration
ae_adl_greet,ArithmeticOperation,FindAbsolute
ae_adl_greet,ArithmeticOperation,FindRemainder
ae_adl_greet,ArithmeticOperation,FindMaximum
ae_adl_greet,ArithmeticOperation,Round
ae_adl_greet,ArithmeticOperation,Power
ae_adl_greet,ArithmeticOperation,FindMinimum
ae_adl_greet,ArithmeticOperation,Substraction
ae_adl_greet,ArithmeticOperation,Division
ae_adl_greet,ArithmeticOperation,Multiplication
ae_adl_greet,HandlingTuple,SlicingTuple
ae_adl_greet,HandlingTuple,IndexingTuple
ae_adl_greet,HandlingFloat,TransformingToFloatType
ae_adl_greet,HandlingDictionary,ReplacingDictionaryElement
ae_adl_greet,HandlingDictionary,IndexingDictionary
ae_adl_greet,HandlingDictionary,AddingItemToDictionary
ae_adl_greet,HandlingDictionary,AccessingDictionary
ae_adl_greet,HandlingList,DeletingListElement
ae_adl_greet,HandlingList,SlicingList
ae_adl_greet,HandlingList,ReplacingListElement
ae_adl_greet,HandlingList,ListReferencing
ae_adl_greet,HandlingList,ReversingList
ae_adl_greet,AddingListElement,AddingListElementWithInsert
ae_adl_greet,AddingListElement,AddingListElementWithAppend
ae_adl_greet,HandlingFile,ClosingFile
ae_adl_greet,HandlingFile,ReadingLine
ae_adl_greet,HandlingFile,OpeningFile
ae_adl_greet,HandlingString,ReplacingStringContent
ae_adl_greet,HandlingString,TransformingToStringType
ae_adl_greet,HandlingString,SlicingString
ae_adl_greet,ModifyingStringCase,ConvertStringToUpperCase
ae_adl_greet,ModifyingStringCase,ConvertStringToLowerCase
ae_adl_greet,ModifyingStringCase,CapitalizeString
ae_adl_ifelse,Python,CheckingForItem
ae_adl_ifelse,Python,HandlingInput
ae_adl_ifelifelse,Python,FindingLength
ae_adl_ifelifelse,Python,CheckingForItem
ae_adl_ifelifelse,CheckingCondition,AssertChecking
ae_adl_ifelifelse,CheckingCondition,IfElifChecking
ae_adl_ifelifelse,CheckingInForLoop,IfElseCheckingInForLoop
ae_adl_ifelifelse,CheckingInForLoop,IfElifCheckingInForLoop
ae_adl_ifelifelse,CheckingInForLoop,IfCheckingInForLoop
ae_adl_ifelifelse,CheckingInForLoop,IfElifElseCheckingInForLoop
ae_adl_ifelifelse,CheckingInWhileLoop,IfElifElseCheckingInWhileLoop
ae_adl_ifelifelse,CheckingInWhileLoop,IfCheckingInWhileLoop
ae_adl_ifelifelse,CheckingInWhileLoop,IfElseCheckingInWhileLoop
ae_adl_ifelifelse,CheckingInWhileLoop,IfElifCheckingInWhileLoop
ae_adl_ifelifelse,ManagingVariable,SwappingVariablesValue
ae_adl_ifelifelse,HandlingAdvancedDataStructure,BinaryTreeTask
ae_adl_ifelifelse,HandlingAdvancedDataStructure,LinkedListTask
ae_adl_ifelifelse,HandlingAdvancedDataStructure,QueueTask
ae_adl_ifelifelse,HandlingAdvancedDataStructure,StackTask
ae_adl_ifelifelse,TwoDimensionalArrayTask,ReplacingElement2DArray
ae_adl_ifelifelse,TwoDimensionalArrayTask,Indexing2DArray
ae_adl_ifelifelse,TwoDimensionalArrayTask,Create2DArray
ae_adl_ifelifelse,HandlingObjectOrientedProgramming,CallingOOPMethod
ae_adl_ifelifelse,HandlingObjectOrientedProgramming,CreatingObject
ae_adl_ifelifelse,HandlingObjectOrientedProgramming,DefiningClass
ae_adl_ifelifelse,HandlingObjectOrientedProgramming,DefiningOOPMethod
ae_adl_ifelifelse,HandlingStandardFunction,CallingStandardFunction
ae_adl_ifelifelse,HandlingStandardFunction,DefiningStandardFunction
ae_adl_ifelifelse,WhileLoopWithUpdate,WhileLoopWithListIndexing
ae_adl_ifelifelse,WhileLoopWithUpdate,WhileLoopWith*=
ae_adl_ifelifelse,WhileLoopWithUpdate,WhileLoopWith+=
ae_adl_ifelifelse,ForLoopWithUpdate,ForLoopWith+=
ae_adl_ifelifelse,ForLoopWithUpdate,ForLoopWith*=
ae_adl_ifelifelse,ForLoopWithUpdate,ForLoopWithListIndexing
ae_adl_ifelifelse,NestedLoopIteration,MixedNestedLoopIteration
ae_adl_ifelifelse,NestedLoopIteration,NestedForLoopIteration
ae_adl_ifelifelse,NestedLoopIteration,NestedWhileLoopIteration
ae_adl_ifelifelse,ArithmeticOperation,FindAbsolute
ae_adl_ifelifelse,ArithmeticOperation,FindRemainder
ae_adl_ifelifelse,ArithmeticOperation,FindMaximum
ae_adl_ifelifelse,ArithmeticOperation,Addition
ae_adl_ifelifelse,ArithmeticOperation,Round
ae_adl_ifelifelse,ArithmeticOperation,Power
ae_adl_ifelifelse,ArithmeticOperation,FindMinimum
ae_adl_ifelifelse,ArithmeticOperation,Substraction
ae_adl_ifelifelse,ArithmeticOperation,Division
ae_adl_ifelifelse,ArithmeticOperation,Multiplication
ae_adl_ifelifelse,HandlingInteger,TransformingToIntType
ae_adl_ifelifelse,HandlingTuple,CreatingTuple
ae_adl_ifelifelse,HandlingTuple,SlicingTuple
ae_adl_ifelifelse,HandlingTuple,IndexingTuple
ae_adl_ifelifelse,HandlingFloat,TransformingToFloatType
ae_adl_ifelifelse,HandlingDictionary,ReplacingDictionaryElement
ae_adl_ifelifelse,HandlingDictionary,IndexingDictionary
ae_adl_ifelifelse,HandlingDictionary,AddingItemToDictionary
ae_adl_ifelifelse,HandlingDictionary,AccessingDictionary
ae_adl_ifelifelse,HandlingDictionary,CreatingDictionary
ae_adl_ifelifelse,HandlingList,DeletingListElement
ae_adl_ifelifelse,HandlingList,IndexingList
ae_adl_ifelifelse,HandlingList,CreatingList
ae_adl_ifelifelse,HandlingList,SlicingList
ae_adl_ifelifelse,HandlingList,ReplacingListElement
ae_adl_ifelifelse,HandlingList,ListReferencing
ae_adl_ifelifelse,HandlingList,ReversingList
ae_adl_ifelifelse,AddingListElement,AddingListElementWithInsert
ae_adl_ifelifelse,AddingListElement,AddingListElementWithAppend
ae_adl_ifelifelse,HandlingFile,ClosingFile
ae_adl_ifelifelse,HandlingFile,ReadingLine
ae_adl_ifelifelse,HandlingFile,OpeningFile
ae_adl_ifelifelse,HandlingString,CreatingString
ae_adl_ifelifelse,HandlingString,ReplacingStringContent
ae_adl_ifelifelse,HandlingString,FormattingString
ae_adl_ifelifelse,HandlingString,TransformingToStringType
ae_adl_ifelifelse,HandlingString,SplittingString
ae_adl_ifelifelse,HandlingString,TrimmingString
ae_adl_ifelifelse,HandlingString,IndexingString
ae_adl_ifelifelse,HandlingString,SlicingString
ae_adl_ifelifelse,ModifyingStringCase,ConvertStringToUpperCase
ae_adl_ifelifelse,ModifyingStringCase,ConvertStringToLowerCase
ae_adl_ifelifelse,ModifyingStringCase,CapitalizeString
ae_adl_ifelifelse,HandlingError,HandlingSpecificError
ae_adl_ifelifelse,HandlingError,HandlingGeneralError
ae_adl_nested_if,Python,HandlingInput
ae_adl_nested_if,CheckingCondition,AssertChecking
ae_adl_nested_if,CheckingInForLoop,IfElseCheckingInForLoop
ae_adl_nested_if,CheckingInForLoop,IfElifCheckingInForLoop
ae_adl_nested_if,CheckingInForLoop,IfCheckingInForLoop
ae_adl_nested_if,CheckingInForLoop,IfElifElseCheckingInForLoop
ae_adl_nested_if,CheckingInWhileLoop,IfElifElseCheckingInWhileLoop
ae_adl_nested_if,CheckingInWhileLoop,IfCheckingInWhileLoop
ae_adl_nested_if,CheckingInWhileLoop,IfElseCheckingInWhileLoop
ae_adl_nested_if,CheckingInWhileLoop,IfElifCheckingInWhileLoop
ae_adl_nested_if,ManagingVariable,SwappingVariablesValue
ae_adl_nested_if,ManagingVariable,UpdatingVariable
ae_adl_nested_if,HandlingAdvancedDataStructure,BinaryTreeTask
ae_adl_nested_if,HandlingAdvancedDataStructure,LinkedListTask
ae_adl_nested_if,HandlingAdvancedDataStructure,QueueTask
ae_adl_nested_if,HandlingAdvancedDataStructure,StackTask
ae_adl_nested_if,TwoDimensionalArrayTask,ReplacingElement2DArray
ae_adl_nested_if,TwoDimensionalArrayTask,Indexing2DArray
ae_adl_nested_if,TwoDimensionalArrayTask,Create2DArray
ae_adl_nested_if,HandlingObjectOrientedProgramming,CallingOOPMethod
ae_adl_nested_if,HandlingObjectOrientedProgramming,CreatingObject
ae_adl_nested_if,HandlingObjectOrientedProgramming,DefiningClass
ae_adl_nested_if,HandlingObjectOrientedProgramming,DefiningOOPMethod
ae_adl_while,CheckingInForLoop,IfElseCheckingInForLoop
ae_adl_while,CheckingInForLoop,IfElifCheckingInForLoop
ae_adl_while,CheckingInForLoop,IfCheckingInForLoop
ae_adl_while,CheckingInForLoop,IfElifElseCheckingInForLoop
ae_adl_while,HandlingAdvancedDataStructure,BinaryTreeTask
ae_adl_while,HandlingAdvancedDataStructure,LinkedListTask
ae_adl_while,HandlingAdvancedDataStructure,QueueTask
ae_adl_while,HandlingAdvancedDataStructure,StackTask
ae_adl_while,TwoDimensionalArrayTask,ReplacingElement2DArray
ae_adl_while,TwoDimensionalArrayTask,Indexing2DArray
ae_adl_while,TwoDimensionalArrayTask,Create2DArray
ae_adl_while,HandlingObjectOrientedProgramming,CallingOOPMethod
ae_adl_while,HandlingObjectOrientedProgramming,CreatingObject
ae_adl_while,HandlingObjectOrientedProgramming,DefiningClass
ae_adl_while,HandlingObjectOrientedProgramming,DefiningOOPMethod
ae_adl_while,HandlingFunctionCallingFunction,CallingFunctionCallingFunction
ae_adl_while,HandlingFunctionCallingFunction,DefiningFunctionCallingFunction
ae_adl_while,NonNestedIteration,SingleForLoopIteration
ae_adl_while,ForLoopWithUpdate,ForLoopWith+=
ae_adl_while,ForLoopWithUpdate,ForLoopWith*=
ae_adl_while,ForLoopWithUpdate,ForLoopWithListIndexing
ae_adl_while,NestedLoopIteration,MixedNestedLoopIteration
ae_adl_while,NestedLoopIteration,NestedForLoopIteration
ae_adl_while,NestedLoopIteration,NestedWhileLoopIteration
ae_adl_while,ArithmeticOperation,Round
ae_adl_while,ArithmeticOperation,Power
ae_adl_while,HandlingFloat,TransformingToFloatType
ae_adl_while,HandlingList,SlicingList
ae_adl_while,HandlingList,ListReferencing
ae_adl_while,HandlingFile,ClosingFile
ae_adl_while,HandlingFile,ReadingLine
ae_adl_while,HandlingFile,OpeningFile
ae_adl_while,HandlingString,ReplacingStringContent
ae_adl_while,HandlingString,TransformingToStringType
ae_adl_while,HandlingString,SlicingString
ae_adl_functions1,HandlingStandardFunction,CallingStandardFunction
ae_adl_functions1,HandlingStandardFunction,DefiningStandardFunction
ae_adl_returnvalue,Python,Concatenation
ae_adl_returnvalue,Python,Importing
ae_adl_returnvalue,Python,FindingLength
ae_adl_returnvalue,Python,CheckingForItem
ae_adl_returnvalue,CheckingCondition,AssertChecking
ae_adl_returnvalue,CheckingCondition,IfElifChecking
ae_adl_returnvalue,CheckingCondition,BooleanEvaluating
ae_adl_returnvalue,CheckingInForLoop,IfElseCheckingInForLoop
ae_adl_returnvalue,CheckingInForLoop,IfElifCheckingInForLoop
ae_adl_returnvalue,CheckingInForLoop,IfCheckingInForLoop
ae_adl_returnvalue,CheckingInForLoop,IfElifElseCheckingInForLoop
ae_adl_returnvalue,CheckingInWhileLoop,IfElifElseCheckingInWhileLoop
ae_adl_returnvalue,CheckingInWhileLoop,IfCheckingInWhileLoop
ae_adl_returnvalue,CheckingInWhileLoop,IfElseCheckingInWhileLoop
ae_adl_returnvalue,CheckingInWhileLoop,IfElifCheckingInWhileLoop
ae_adl_returnvalue,ManagingVariable,SwappingVariablesValue
ae_adl_returnvalue,HandlingAdvancedDataStructure,BinaryTreeTask
ae_adl_returnvalue,HandlingAdvancedDataStructure,LinkedListTask
ae_adl_returnvalue,HandlingAdvancedDataStructure,QueueTask
ae_adl_returnvalue,HandlingAdvancedDataStructure,StackTask
ae_adl_returnvalue,TwoDimensionalArrayTask,ReplacingElement2DArray
ae_adl_returnvalue,TwoDimensionalArrayTask,Indexing2DArray
ae_adl_returnvalue,TwoDimensionalArrayTask,Create2DArray
ae_adl_returnvalue,HandlingObjectOrientedProgramming,CallingOOPMethod
ae_adl_returnvalue,HandlingObjectOrientedProgramming,CreatingObject
ae_adl_returnvalue,HandlingObjectOrientedProgramming,DefiningClass
ae_adl_returnvalue,HandlingObjectOrientedProgramming,DefiningOOPMethod
ae_adl_returnvalue,HandlingFunctionCallingFunction,DefiningFunctionCallingFunction
ae_adl_returnvalue,HandlingStandardFunction,CallingStandardFunction
ae_adl_returnvalue,HandlingStandardFunction,DefiningStandardFunction
ae_adl_returnvalue,WhileLoopWithUpdate,WhileLoopWithListIndexing
ae_adl_returnvalue,WhileLoopWithUpdate,WhileLoopWith*=
ae_adl_returnvalue,WhileLoopWithUpdate,WhileLoopWith+=
ae_adl_returnvalue,ForLoopWithUpdate,ForLoopWith+=
ae_adl_returnvalue,ForLoopWithUpdate,ForLoopWith*=
ae_adl_returnvalue,ForLoopWithUpdate,ForLoopWithListIndexing
ae_adl_returnvalue,NestedLoopIteration,MixedNestedLoopIteration
ae_adl_returnvalue,NestedLoopIteration,NestedForLoopIteration
ae_adl_returnvalue,NestedLoopIteration,NestedWhileLoopIteration
ae_adl_returnvalue,ArithmeticOperation,FindAbsolute
ae_adl_returnvalue,ArithmeticOperation,FindRemainder
ae_adl_returnvalue,ArithmeticOperation,FindMaximum
ae_adl_returnvalue,ArithmeticOperation,Addition
ae_adl_returnvalue,ArithmeticOperation,Round
ae_adl_returnvalue,ArithmeticOperation,Power
ae_adl_returnvalue,ArithmeticOperation,FindMinimum
ae_adl_returnvalue,ArithmeticOperation,Substraction
ae_adl_returnvalue,ArithmeticOperation,Division
ae_adl_returnvalue,HandlingInteger,TransformingToIntType
ae_adl_returnvalue,HandlingTuple,CreatingTuple
ae_adl_returnvalue,HandlingTuple,SlicingTuple
ae_adl_returnvalue,HandlingTuple,IndexingTuple
ae_adl_returnvalue,HandlingFloat,TransformingToFloatType
ae_adl_returnvalue,HandlingDictionary,ReplacingDictionaryElement
ae_adl_returnvalue,HandlingDictionary,IndexingDictionary
ae_adl_returnvalue,HandlingDictionary,AddingItemToDictionary
ae_adl_returnvalue,HandlingDictionary,AccessingDictionary
ae_adl_returnvalue,HandlingDictionary,CreatingDictionary
ae_adl_returnvalue,HandlingList,DeletingListElement
ae_adl_returnvalue,HandlingList,IndexingList
ae_adl_returnvalue,HandlingList,SlicingList
ae_adl_returnvalue,HandlingList,ReplacingListElement
ae_adl_returnvalue,HandlingList,ListReferencing
ae_adl_returnvalue,HandlingList,ReversingList
ae_adl_returnvalue,AddingListElement,AddingListElementWithInsert
ae_adl_returnvalue,AddingListElement,AddingListElementWithAppend
ae_adl_returnvalue,HandlingFile,ClosingFile
ae_adl_returnvalue,HandlingFile,ReadingLine
ae_adl_returnvalue,HandlingFile,OpeningFile
ae_adl_returnvalue,HandlingString,ReplacingStringContent
ae_adl_returnvalue,HandlingString,TransformingToStringType
ae_adl_returnvalue,HandlingString,SplittingString
ae_adl_returnvalue,HandlingString,TrimmingString
ae_adl_returnvalue,HandlingString,IndexingString
ae_adl_returnvalue,HandlingString,SlicingString
ae_adl_returnvalue,ModifyingStringCase,ConvertStringToUpperCase
ae_adl_returnvalue,ModifyingStringCase,ConvertStringToLowerCase
ae_adl_returnvalue,ModifyingStringCase,CapitalizeString
ae_adl_returnvalue,HandlingError,HandlingSpecificError
ae_adl_returnvalue,HandlingError,HandlingGeneralError
ae_adl_functions2,Python,Importing
ae_adl_functions2,Python,FindingLength
ae_adl_functions2,Python,CheckingForItem
ae_adl_functions2,CheckingCondition,AssertChecking
ae_adl_functions2,CheckingCondition,IfElifChecking
ae_adl_functions2,CheckingCondition,BooleanEvaluating
ae_adl_functions2,CheckingInForLoop,IfElseCheckingInForLoop
ae_adl_functions2,CheckingInForLoop,IfElifCheckingInForLoop
ae_adl_functions2,CheckingInForLoop,IfElifElseCheckingInForLoop
ae_adl_functions2,CheckingInWhileLoop,IfElifElseCheckingInWhileLoop
ae_adl_functions2,CheckingInWhileLoop,IfElseCheckingInWhileLoop
ae_adl_functions2,CheckingInWhileLoop,IfElifCheckingInWhileLoop
ae_adl_functions2,ManagingVariable,SwappingVariablesValue
ae_adl_functions2,HandlingAdvancedDataStructure,BinaryTreeTask
ae_adl_functions2,HandlingAdvancedDataStructure,LinkedListTask
ae_adl_functions2,HandlingAdvancedDataStructure,QueueTask
ae_adl_functions2,HandlingAdvancedDataStructure,StackTask
ae_adl_functions2,TwoDimensionalArrayTask,ReplacingElement2DArray
ae_adl_functions2,TwoDimensionalArrayTask,Indexing2DArray
ae_adl_functions2,TwoDimensionalArrayTask,Create2DArray
ae_adl_functions2,HandlingObjectOrientedProgramming,CallingOOPMethod
ae_adl_functions2,HandlingObjectOrientedProgramming,CreatingObject
ae_adl_functions2,HandlingObjectOrientedProgramming,DefiningClass
ae_adl_functions2,HandlingObjectOrientedProgramming,DefiningOOPMethod
ae_adl_functions2,HandlingFunction,NestedFunctionCall
ae_adl_functions2,HandlingFunctionCallingFunction,DefiningFunctionCallingFunction
ae_adl_functions2,HandlingStandardFunction,CallingStandardFunction
ae_adl_functions2,HandlingStandardFunction,DefiningStandardFunction
ae_adl_functions2,WhileLoopWithUpdate,WhileLoopWithListIndexing
ae_adl_functions2,WhileLoopWithUpdate,WhileLoopWith*=
ae_adl_functions2,WhileLoopWithUpdate,WhileLoopWith+=
ae_adl_functions2,ForLoopWithUpdate,ForLoopWith+=
ae_adl_functions2,ForLoopWithUpdate,ForLoopWith*=
ae_adl_functions2,ForLoopWithUpdate,ForLoopWithListIndexing
ae_adl_functions2,NestedLoopIteration,MixedNestedLoopIteration
ae_adl_functions2,NestedLoopIteration,NestedForLoopIteration
ae_adl_functions2,NestedLoopIteration,NestedWhileLoopIteration
ae_adl_functions2,ArithmeticOperation,FindAbsolute
ae_adl_functions2,ArithmeticOperation,FindRemainder
ae_adl_functions2,ArithmeticOperation,FindMaximum
ae_adl_functions2,ArithmeticOperation,Round
ae_adl_functions2,ArithmeticOperation,Power
ae_adl_functions2,ArithmeticOperation,FindMinimum
ae_adl_functions2,ArithmeticOperation,Substraction
ae_adl_functions2,ArithmeticOperation,Multiplication
ae_adl_functions2,HandlingInteger,TransformingToIntType
ae_adl_functions2,HandlingTuple,SlicingTuple
ae_adl_functions2,HandlingFloat,TransformingToFloatType
ae_adl_functions2,HandlingDictionary,ReplacingDictionaryElement
ae_adl_functions2,HandlingDictionary,AddingItemToDictionary
ae_adl_functions2,HandlingDictionary,AccessingDictionary
ae_adl_functions2,HandlingList,DeletingListElement
ae_adl_functions2,HandlingList,SlicingList
ae_adl_functions2,HandlingList,ListReferencing
ae_adl_functions2,HandlingList,ReversingList
ae_adl_functions2,AddingListElement,AddingListElementWithInsert
ae_adl_functions2,AddingListElement,AddingListElementWithAppend
ae_adl_functions2,HandlingFile,ClosingFile
ae_adl_functions2,HandlingFile,ReadingLine
ae_adl_functions2,HandlingFile,OpeningFile
ae_adl_functions2,HandlingString,ReplacingStringContent
ae_adl_functions2,HandlingString,TransformingToStringType
ae_adl_functions2,HandlingString,TrimmingString
ae_adl_functions2,HandlingString,SlicingString
ae_adl_functions2,ModifyingStringCase,ConvertStringToUpperCase
ae_adl_functions2,ModifyingStringCase,ConvertStringToLowerCase
ae_adl_functions2,ModifyingStringCase,CapitalizeString
ae_adl_functions3,Python,HandlingInput
ae_adl_functions3,HandlingFunctionCallingFunction,DefiningFunctionCallingFunction
ae_adl_functions3,HandlingStandardFunction,DefiningStandardFunction
ae_adl_functions3,ArithmeticOperation,FindAbsolute
ae_adl_functions3,ArithmeticOperation,FindRemainder
ae_adl_functions3,ArithmeticOperation,FindMaximum
ae_adl_functions3,ArithmeticOperation,Round
ae_adl_functions3,ArithmeticOperation,Power
ae_adl_functions3,ArithmeticOperation,FindMinimum
ae_adl_functions3,ArithmeticOperation,Substraction
ae_adl_functions3,ArithmeticOperation,Division
ae_adl_recursion,Python,CheckingForItem
ae_adl_recursion,Python,HandlingInput
ae_adl_recursion,CheckingCondition,AssertChecking
ae_adl_recursion,CheckingCondition,IfElifChecking
ae_adl_recursion,CheckingInForLoop,IfElifCheckingInForLoop
ae_adl_recursion,CheckingInForLoop,IfCheckingInForLoop
ae_adl_recursion,CheckingInForLoop,IfElifElseCheckingInForLoop
ae_adl_recursion,CheckingInWhileLoop,IfElifElseCheckingInWhileLoop
ae_adl_recursion,CheckingInWhileLoop,IfCheckingInWhileLoop
ae_adl_recursion,CheckingInWhileLoop,IfElifCheckingInWhileLoop
ae_adl_recursion,ManagingVariable,SwappingVariablesValue
ae_adl_recursion,TwoDimensionalArrayTask,ReplacingElement2DArray
ae_adl_recursion,TwoDimensionalArrayTask,Indexing2DArray
ae_adl_recursion,TwoDimensionalArrayTask,Create2DArray
ae_adl_recursion,HandlingObjectOrientedProgramming,CallingOOPMethod
ae_adl_recursion,HandlingObjectOrientedProgramming,CreatingObject
ae_adl_recursion,HandlingObjectOrientedProgramming,DefiningClass
ae_adl_recursion,HandlingObjectOrientedProgramming,DefiningOOPMethod
ae_adl_recursion,HandlingFunctionCallingFunction,CallingFunctionCallingFunction
ae_adl_recursion,HandlingFunctionCallingFunction,DefiningFunctionCallingFunction
ae_adl_recursion,HandlingRecursiveFunction,CallingRecursiveFunction
ae_adl_recursion,HandlingStandardFunction,CallingStandardFunction
ae_adl_recursion,HandlingStandardFunction,DefiningStandardFunction
ae_adl_recursion,WhileLoopWithUpdate,WhileLoopWithListIndexing
ae_adl_recursion,WhileLoopWithUpdate,WhileLoopWith*=
ae_adl_recursion,WhileLoopWithUpdate,WhileLoopWith+=
ae_adl_recursion,ForLoopWithUpdate,ForLoopWith+=
ae_adl_recursion,ForLoopWithUpdate,ForLoopWith*=
ae_adl_recursion,ForLoopWithUpdate,ForLoopWithListIndexing
ae_adl_recursion,NestedLoopIteration,MixedNestedLoopIteration
ae_adl_recursion,NestedLoopIteration,NestedForLoopIteration
ae_adl_recursion,NestedLoopIteration,NestedWhileLoopIteration
ae_adl_recursion,ArithmeticOperation,FindAbsolute
ae_adl_recursion,ArithmeticOperation,FindRemainder
ae_adl_recursion,ArithmeticOperation,FindMaximum
ae_adl_recursion,ArithmeticOperation,Addition
ae_adl_recursion,ArithmeticOperation,Round
ae_adl_recursion,ArithmeticOperation,Power
ae_adl_recursion,ArithmeticOperation,FindMinimum
ae_adl_recursion,ArithmeticOperation,Division
ae_adl_recursion,HandlingTuple,CreatingTuple
ae_adl_recursion,HandlingTuple,SlicingTuple
ae_adl_recursion,HandlingTuple,IndexingTuple
ae_adl_recursion,HandlingFloat,TransformingToFloatType
ae_adl_recursion,HandlingDictionary,ReplacingDictionaryElement
ae_adl_recursion,HandlingDictionary,IndexingDictionary
ae_adl_recursion,HandlingDictionary,AddingItemToDictionary
ae_adl_recursion,HandlingDictionary,AccessingDictionary
ae_adl_recursion,HandlingDictionary,CreatingDictionary
ae_adl_recursion,HandlingList,DeletingListElement
ae_adl_recursion,HandlingList,IndexingList
ae_adl_recursion,HandlingList,CreatingList
ae_adl_recursion,HandlingList,SlicingList
ae_adl_recursion,HandlingList,ReplacingListElement
ae_adl_recursion,HandlingList,ListReferencing
ae_adl_recursion,HandlingList,ReversingList
ae_adl_recursion,AddingListElement,AddingListElementWithInsert
ae_adl_recursion,AddingListElement,AddingListElementWithAppend
ae_adl_recursion,HandlingFile,ClosingFile
ae_adl_recursion,HandlingFile,ReadingLine
ae_adl_recursion,HandlingFile,OpeningFile
ae_adl_recursion,HandlingString,ReplacingStringContent
ae_adl_recursion,HandlingString,TransformingToStringType
ae_adl_recursion,HandlingString,SplittingString
ae_adl_recursion,HandlingString,TrimmingString
ae_adl_recursion,HandlingString,IndexingString
ae_adl_recursion,HandlingString,SlicingString
ae_adl_recursion,ModifyingStringCase,ConvertStringToUpperCase
ae_adl_recursion,ModifyingStringCase,ConvertStringToLowerCase
ae_adl_recursion,ModifyingStringCase,CapitalizeString
ae_adl_dict1,Python,Concatenation
ae_adl_dict1,Python,Importing
ae_adl_dict1,Python,HandlingInput
ae_adl_dict1,CheckingCondition,AssertChecking
ae_adl_dict1,CheckingCondition,IfElifElseChecking
ae_adl_dict1,CheckingCondition,NestedIfChecking
ae_adl_dict1,CheckingCondition,IfChecking
ae_adl_dict1,CheckingCondition,IfElifChecking
ae_adl_dict1,CheckingCondition,BooleanEvaluating
ae_adl_dict1,CheckingInForLoop,IfElseCheckingInForLoop
ae_adl_dict1,CheckingInForLoop,IfElifCheckingInForLoop
ae_adl_dict1,CheckingInForLoop,IfCheckingInForLoop
ae_adl_dict1,CheckingInForLoop,IfElifElseCheckingInForLoop
ae_adl_dict1,CheckingInWhileLoop,IfElifElseCheckingInWhileLoop
ae_adl_dict1,CheckingInWhileLoop,IfCheckingInWhileLoop
ae_adl_dict1,CheckingInWhileLoop,IfElseCheckingInWhileLoop
ae_adl_dict1,CheckingInWhileLoop,IfElifCheckingInWhileLoop
ae_adl_dict1,ManagingVariable,SwappingVariablesValue
ae_adl_dict1,HandlingAdvancedDataStructure,BinaryTreeTask
ae_adl_dict1,HandlingAdvancedDataStructure,LinkedListTask
ae_adl_dict1,HandlingAdvancedDataStructure,QueueTask
ae_adl_dict1,HandlingAdvancedDataStructure,StackTask
ae_adl_dict1,TwoDimensionalArrayTask,ReplacingElement2DArray
ae_adl_dict1,TwoDimensionalArrayTask,Indexing2DArray
ae_adl_dict1,TwoDimensionalArrayTask,Create2DArray
ae_adl_dict1,HandlingObjectOrientedProgramming,CallingOOPMethod
ae_adl_dict1,HandlingObjectOrientedProgramming,CreatingObject
ae_adl_dict1,HandlingObjectOrientedProgramming,DefiningClass
ae_adl_dict1,HandlingObjectOrientedProgramming,DefiningOOPMethod
ae_adl_dict1,HandlingFunction,NestedFunctionCall
ae_adl_dict1,HandlingFunctionCallingFunction,CallingFunctionCallingFunction
ae_adl_dict1,HandlingFunctionCallingFunction,DefiningFunctionCallingFunction
ae_adl_dict1,HandlingRecursiveFunction,CallingRecursiveFunction
ae_adl_dict1,HandlingRecursiveFunction,DefiningRecursiveFunction
ae_adl_dict1,HandlingNestedFunction,CallingNestedFunction
ae_adl_dict1,HandlingNestedFunction,DefiningNestedFunction
ae_adl_dict1,HandlingStandardFunction,CallingStandardFunction
ae_adl_dict1,HandlingStandardFunction,DefiningStandardFunction
ae_adl_dict1,NonNestedIteration,SingleForLoopIteration
ae_adl_dict1,NonNestedIteration,SingleWhileLoopIteration
ae_adl_dict1,WhileLoopWithUpdate,WhileLoopWithListIndexing
ae_adl_dict1,WhileLoopWithUpdate,WhileLoopWith*=
ae_adl_dict1,WhileLoopWithUpdate,WhileLoopWith+=
ae_adl_dict1,ForLoopWithUpdate,ForLoopWith+=
ae_adl_dict1,ForLoopWithUpdate,ForLoopWith*=
ae_adl_dict1,ForLoopWithUpdate,ForLoopWithListIndexing
ae_adl_dict1,NestedLoopIteration,MixedNestedLoopIteration
ae_adl_dict1,NestedLoopIteration,NestedForLoopIteration
ae_adl_dict1,NestedLoopIteration,NestedWhileLoopIteration
ae_adl_dict1,ArithmeticOperation,FindAbsolute
ae_adl_dict1,ArithmeticOperation,FindRemainder
ae_adl_dict1,ArithmeticOperation,FindMaximum
ae_adl_dict1,ArithmeticOperation,Addition
ae_adl_dict1,ArithmeticOperation,Round
ae_adl_dict1,ArithmeticOperation,Power
ae_adl_dict1,ArithmeticOperation,FindMinimum
ae_adl_dict1,ArithmeticOperation,Substraction
ae_adl_dict1,ArithmeticOperation,Division
ae_adl_dict1,ArithmeticOperation,Multiplication
ae_adl_dict1,HandlingInteger,TransformingToIntType
ae_adl_dict1,HandlingTuple,CreatingTuple
ae_adl_dict1,HandlingTuple,SlicingTuple
ae_adl_dict1,HandlingTuple,IndexingTuple
ae_adl_dict1,HandlingFloat,TransformingToFloatType
ae_adl_dict1,HandlingDictionary,ReplacingDictionaryElement
ae_adl_dict1,HandlingDictionary,AccessingDictionary
ae_adl_dict1,HandlingDictionary,CreatingDictionary
ae_adl_dict1,HandlingList,DeletingListElement
ae_adl_dict1,HandlingList,IndexingList
ae_adl_dict1,HandlingList,CreatingList
ae_adl_dict1,HandlingList,SlicingList
ae_adl_dict1,HandlingList,ReplacingListElement
ae_adl_dict1,HandlingList,ListReferencing
ae_adl_dict1,HandlingList,ReversingList
ae_adl_dict1,AddingListElement,AddingListElementWithInsert
ae_adl_dict1,AddingListElement,AddingListElementWithAppend
ae_adl_dict1,HandlingFile,ClosingFile
ae_adl_dict1,HandlingFile,ReadingLine
ae_adl_dict1,HandlingFile,OpeningFile
ae_adl_dict1,HandlingString,CreatingString
ae_adl_dict1,HandlingString,ReplacingStringContent
ae_adl_dict1,HandlingString,FormattingString
ae_adl_dict1,HandlingString,TransformingToStringType
ae_adl_dict1,HandlingString,SplittingString
ae_adl_dict1,HandlingString,TrimmingString
ae_adl_dict1,HandlingString,IndexingString
ae_adl_dict1,HandlingString,SlicingString
ae_adl_dict1,ModifyingStringCase,ConvertStringToUpperCase
ae_adl_dict1,ModifyingStringCase,ConvertStringToLowerCase
ae_adl_dict1,ModifyingStringCase,CapitalizeString
ae_adl_dict1,HandlingError,HandlingSpecificError
ae_adl_dict1,HandlingError,HandlingGeneralError
ae_adl_dict2,Python,Concatenation
ae_adl_dict2,Python,Importing
ae_adl_dict2,Python,FindingLength
ae_adl_dict2,Python,CheckingForItem
ae_adl_dict2,Python,HandlingInput
ae_adl_dict2,CheckingCondition,IfElseChecking
ae_adl_dict2,CheckingCondition,AssertChecking
ae_adl_dict2,CheckingCondition,IfElifElseChecking
ae_adl_dict2,CheckingCondition,NestedIfChecking
ae_adl_dict2,CheckingCondition,IfChecking
ae_adl_dict2,CheckingCondition,IfElifChecking
ae_adl_dict2,CheckingCondition,BooleanEvaluating
ae_adl_dict2,CheckingInForLoop,IfElseCheckingInForLoop
ae_adl_dict2,CheckingInForLoop,IfElifCheckingInForLoop
ae_adl_dict2,CheckingInForLoop,IfCheckingInForLoop
ae_adl_dict2,CheckingInForLoop,IfElifElseCheckingInForLoop
ae_adl_dict2,CheckingInWhileLoop,IfElifElseCheckingInWhileLoop
ae_adl_dict2,CheckingInWhileLoop,IfCheckingInWhileLoop
ae_adl_dict2,CheckingInWhileLoop,IfElseCheckingInWhileLoop
ae_adl_dict2,CheckingInWhileLoop,IfElifCheckingInWhileLoop
ae_adl_dict2,ManagingVariable,SwappingVariablesValue
ae_adl_dict2,ManagingVariable,AssigningVariable
ae_adl_dict2,HandlingAdvancedDataStructure,BinaryTreeTask
ae_adl_dict2,HandlingAdvancedDataStructure,LinkedListTask
ae_adl_dict2,HandlingAdvancedDataStructure,QueueTask
ae_adl_dict2,HandlingAdvancedDataStructure,StackTask
ae_adl_dict2,TwoDimensionalArrayTask,ReplacingElement2DArray
ae_adl_dict2,TwoDimensionalArrayTask,Indexing2DArray
ae_adl_dict2,TwoDimensionalArrayTask,Create2DArray
ae_adl_dict2,HandlingObjectOrientedProgramming,CallingOOPMethod
ae_adl_dict2,HandlingObjectOrientedProgramming,CreatingObject
ae_adl_dict2,HandlingObjectOrientedProgramming,DefiningClass
ae_adl_dict2,HandlingObjectOrientedProgramming,DefiningOOPMethod
ae_adl_dict2,HandlingFunction,NestedFunctionCall
ae_adl_dict2,HandlingFunctionCallingFunction,DefiningFunctionCallingFunction
ae_adl_dict2,HandlingRecursiveFunction,CallingRecursiveFunction
ae_adl_dict2,HandlingRecursiveFunction,DefiningRecursiveFunction
ae_adl_dict2,HandlingNestedFunction,CallingNestedFunction
ae_adl_dict2,HandlingNestedFunction,DefiningNestedFunction
ae_adl_dict2,HandlingStandardFunction,CallingStandardFunction
ae_adl_dict2,HandlingStandardFunction,DefiningStandardFunction
ae_adl_dict2,NonNestedIteration,SingleForLoopIteration
ae_adl_dict2,NonNestedIteration,SingleWhileLoopIteration
ae_adl_dict2,WhileLoopWithUpdate,WhileLoopWithListIndexing
ae_adl_dict2,WhileLoopWithUpdate,WhileLoopWith*=
ae_adl_dict2,WhileLoopWithUpdate,WhileLoopWith+=
ae_adl_dict2,ForLoopWithUpdate,ForLoopWith+=
ae_adl_dict2,ForLoopWithUpdate,ForLoopWith*=
ae_adl_dict2,ForLoopWithUpdate,ForLoopWithListIndexing
ae_adl_dict2,NestedLoopIteration,MixedNestedLoopIteration
ae_adl_dict2,NestedLoopIteration,NestedForLoopIteration
ae_adl_dict2,NestedLoopIteration,NestedWhileLoopIteration
ae_adl_dict2,ArithmeticOperation,FindAbsolute
ae_adl_dict2,ArithmeticOperation,FindRemainder
ae_adl_dict2,ArithmeticOperation,FindMaximum
ae_adl_dict2,ArithmeticOperation,Addition
ae_adl_dict2,ArithmeticOperation,Round
ae_adl_dict2,ArithmeticOperation,Power
ae_adl_dict2,ArithmeticOperation,FindMinimum
ae_adl_dict2,ArithmeticOperation,Substraction
ae_adl_dict2,ArithmeticOperation,Division
ae_adl_dict2,ArithmeticOperation,Multiplication
ae_adl_dict2,HandlingInteger,TransformingToIntType
ae_adl_dict2,HandlingTuple,CreatingTuple
ae_adl_dict2,HandlingTuple,SlicingTuple
ae_adl_dict2,HandlingTuple,IndexingTuple
ae_adl_dict2,HandlingFloat,TransformingToFloatType
ae_adl_dict2,HandlingDictionary,AccessingDictionary
ae_adl_dict2,HandlingList,DeletingListElement
ae_adl_dict2,HandlingList,IndexingList
ae_adl_dict2,HandlingList,CreatingList
ae_adl_dict2,HandlingList,SlicingList
ae_adl_dict2,HandlingList,ReplacingListElement
ae_adl_dict2,HandlingList,ListReferencing
ae_adl_dict2,HandlingList,ReversingList
ae_adl_dict2,AddingListElement,AddingListElementWithInsert
ae_adl_dict2,AddingListElement,AddingListElementWithAppend
ae_adl_dict2,HandlingFile,ClosingFile
ae_adl_dict2,HandlingFile,ReadingLine
ae_adl_dict2,HandlingFile,OpeningFile
ae_adl_dict2,HandlingString,CreatingString
ae_adl_dict2,HandlingString,ReplacingStringContent
ae_adl_dict2,HandlingString,FormattingString
ae_adl_dict2,HandlingString,TransformingToStringType
ae_adl_dict2,HandlingString,SplittingString
ae_adl_dict2,HandlingString,TrimmingString
ae_adl_dict2,HandlingString,IndexingString
ae_adl_dict2,HandlingString,SlicingString
ae_adl_dict2,ModifyingStringCase,ConvertStringToUpperCase
ae_adl_dict2,ModifyingStringCase,ConvertStringToLowerCase
ae_adl_dict2,ModifyingStringCase,CapitalizeString
ae_adl_dict2,HandlingError,HandlingSpecificError
ae_adl_dict2,HandlingError,HandlingGeneralError
ae_adl_dict3,Python,Concatenation
ae_adl_dict3,Python,Importing
ae_adl_dict3,Python,FindingLength
ae_adl_dict3,Python,CheckingForItem
ae_adl_dict3,Python,HandlingInput
ae_adl_dict3,CheckingCondition,IfElseChecking
ae_adl_dict3,CheckingCondition,AssertChecking
ae_adl_dict3,CheckingCondition,IfElifElseChecking
ae_adl_dict3,CheckingCondition,NestedIfChecking
ae_adl_dict3,CheckingCondition,IfElifChecking
ae_adl_dict3,CheckingInForLoop,IfElseCheckingInForLoop
ae_adl_dict3,CheckingInForLoop,IfElifCheckingInForLoop
ae_adl_dict3,CheckingInForLoop,IfCheckingInForLoop
ae_adl_dict3,CheckingInForLoop,IfElifElseCheckingInForLoop
ae_adl_dict3,CheckingInWhileLoop,IfElifElseCheckingInWhileLoop
ae_adl_dict3,CheckingInWhileLoop,IfCheckingInWhileLoop
ae_adl_dict3,CheckingInWhileLoop,IfElseCheckingInWhileLoop
ae_adl_dict3,CheckingInWhileLoop,IfElifCheckingInWhileLoop
ae_adl_dict3,ManagingVariable,SwappingVariablesValue
ae_adl_dict3,HandlingAdvancedDataStructure,BinaryTreeTask
ae_adl_dict3,HandlingAdvancedDataStructure,LinkedListTask
ae_adl_dict3,HandlingAdvancedDataStructure,QueueTask
ae_adl_dict3,HandlingAdvancedDataStructure,StackTask
ae_adl_dict3,TwoDimensionalArrayTask,ReplacingElement2DArray
ae_adl_dict3,TwoDimensionalArrayTask,Indexing2DArray
ae_adl_dict3,TwoDimensionalArrayTask,Create2DArray
ae_adl_dict3,HandlingObjectOrientedProgramming,CallingOOPMethod
ae_adl_dict3,HandlingObjectOrientedProgramming,CreatingObject
ae_adl_dict3,HandlingObjectOrientedProgramming,DefiningClass
ae_adl_dict3,HandlingObjectOrientedProgramming,DefiningOOPMethod
ae_adl_dict3,HandlingFunction,CallingFunctionLibrary
ae_adl_dict3,HandlingFunction,NestedFunctionCall
ae_adl_dict3,HandlingFunctionCallingFunction,CallingFunctionCallingFunction
ae_adl_dict3,HandlingFunctionCallingFunction,DefiningFunctionCallingFunction
ae_adl_dict3,HandlingRecursiveFunction,CallingRecursiveFunction
ae_adl_dict3,HandlingRecursiveFunction,DefiningRecursiveFunction
ae_adl_dict3,HandlingNestedFunction,CallingNestedFunction
ae_adl_dict3,HandlingNestedFunction,DefiningNestedFunction
ae_adl_dict3,HandlingStandardFunction,CallingStandardFunction
ae_adl_dict3,HandlingStandardFunction,DefiningStandardFunction
ae_adl_dict3,NonNestedIteration,SingleWhileLoopIteration
ae_adl_dict3,WhileLoopWithUpdate,WhileLoopWithListIndexing
ae_adl_dict3,WhileLoopWithUpdate,WhileLoopWith*=
ae_adl_dict3,WhileLoopWithUpdate,WhileLoopWith+=
ae_adl_dict3,ForLoopWithUpdate,ForLoopWith+=
ae_adl_dict3,ForLoopWithUpdate,ForLoopWith*=
ae_adl_dict3,ForLoopWithUpdate,ForLoopWithListIndexing
ae_adl_dict3,NestedLoopIteration,MixedNestedLoopIteration
ae_adl_dict3,NestedLoopIteration,NestedForLoopIteration
ae_adl_dict3,NestedLoopIteration,NestedWhileLoopIteration
ae_adl_dict3,ArithmeticOperation,FindAbsolute
ae_adl_dict3,ArithmeticOperation,FindRemainder
ae_adl_dict3,ArithmeticOperation,FindMaximum
ae_adl_dict3,ArithmeticOperation,Addition
ae_adl_dict3,ArithmeticOperation,Round
ae_adl_dict3,ArithmeticOperation,Power
ae_adl_dict3,ArithmeticOperation,FindMinimum
ae_adl_dict3,ArithmeticOperation,Substraction
ae_adl_dict3,ArithmeticOperation,Division
ae_adl_dict3,ArithmeticOperation,Multiplication
ae_adl_dict3,HandlingInteger,TransformingToIntType
ae_adl_dict3,HandlingTuple,CreatingTuple
ae_adl_dict3,HandlingTuple,SlicingTuple
ae_adl_dict3,HandlingTuple,IndexingTuple
ae_adl_dict3,HandlingFloat,TransformingToFloatType
ae_adl_dict3,HandlingDictionary,ReplacingDictionaryElement
ae_adl_dict3,HandlingDictionary,AccessingDictionary
ae_adl_dict3,HandlingList,DeletingListElement
ae_adl_dict3,HandlingList,IndexingList
ae_adl_dict3,HandlingList,CreatingList
ae_adl_dict3,HandlingList,SlicingList
ae_adl_dict3,HandlingList,ReplacingListElement
ae_adl_dict3,HandlingList,ListReferencing
ae_adl_dict3,HandlingList,ReversingList
ae_adl_dict3,AddingListElement,AddingListElementWithInsert
ae_adl_dict3,AddingListElement,AddingListElementWithAppend
ae_adl_dict3,HandlingFile,ClosingFile
ae_adl_dict3,HandlingFile,ReadingLine
ae_adl_dict3,HandlingFile,OpeningFile
ae_adl_dict3,HandlingString,CreatingString
ae_adl_dict3,HandlingString,ReplacingStringContent
ae_adl_dict3,HandlingString,FormattingString
ae_adl_dict3,HandlingString,TransformingToStringType
ae_adl_dict3,HandlingString,SplittingString
ae_adl_dict3,HandlingString,TrimmingString
ae_adl_dict3,HandlingString,IndexingString
ae_adl_dict3,HandlingString,SlicingString
ae_adl_dict3,ModifyingStringCase,ConvertStringToUpperCase
ae_adl_dict3,ModifyingStringCase,ConvertStringToLowerCase
ae_adl_dict3,ModifyingStringCase,CapitalizeString
ae_adl_dict3,HandlingError,HandlingSpecificError
ae_adl_dict3,HandlingError,HandlingGeneralError
ae_adl_objects1,HandlingStandardFunction,CallingStandardFunction
ae_adl_objects2,HandlingObjectOrientedProgramming,CallingOOPMethod
ae_adl_objects2,HandlingFunctionCallingFunction,DefiningFunctionCallingFunction
py_bmi_calculator2,Python,Concatenation
py_pythagorean_theorem,Python,Concatenation
py_pythagorean_theorem,Python,CheckingForItem
py_pythagorean_theorem2,Python,Importing
py_pythagorean_theorem2,Python,FindingLength
py_pythagorean_theorem2,Python,CheckingForItem
py_pythagorean_theorem2,CheckingCondition,AssertChecking
py_pythagorean_theorem2,CheckingCondition,IfElifChecking
py_pythagorean_theorem2,CheckingInForLoop,IfElseCheckingInForLoop
py_pythagorean_theorem2,CheckingInForLoop,IfElifCheckingInForLoop
py_pythagorean_theorem2,CheckingInForLoop,IfCheckingInForLoop
py_pythagorean_theorem2,CheckingInForLoop,IfElifElseCheckingInForLoop
py_pythagorean_theorem2,CheckingInWhileLoop,IfElifElseCheckingInWhileLoop
py_pythagorean_theorem2,CheckingInWhileLoop,IfCheckingInWhileLoop
py_pythagorean_theorem2,CheckingInWhileLoop,IfElseCheckingInWhileLoop
py_pythagorean_theorem2,CheckingInWhileLoop,IfElifCheckingInWhileLoop
py_pythagorean_theorem2,ManagingVariable,SwappingVariablesValue
py_pythagorean_theorem2,HandlingAdvancedDataStructure,BinaryTreeTask
py_pythagorean_theorem2,HandlingAdvancedDataStructure,LinkedListTask
py_pythagorean_theorem2,HandlingAdvancedDataStructure,QueueTask
py_pythagorean_theorem2,HandlingAdvancedDataStructure,StackTask
py_pythagorean_theorem2,TwoDimensionalArrayTask,ReplacingElement2DArray
py_pythagorean_theorem2,TwoDimensionalArrayTask,Indexing2DArray
py_pythagorean_theorem2,TwoDimensionalArrayTask,Create2DArray
py_pythagorean_theorem2,HandlingObjectOrientedProgramming,CallingOOPMethod
py_pythagorean_theorem2,HandlingObjectOrientedProgramming,CreatingObject
py_pythagorean_theorem2,HandlingObjectOrientedProgramming,DefiningClass
py_pythagorean_theorem2,HandlingObjectOrientedProgramming,DefiningOOPMethod
py_pythagorean_theorem2,HandlingFunction,CallingFunctionLibrary
py_pythagorean_theorem2,HandlingFunctionCallingFunction,DefiningFunctionCallingFunction
py_pythagorean_theorem2,HandlingStandardFunction,DefiningStandardFunction
py_pythagorean_theorem2,WhileLoopWithUpdate,WhileLoopWith*=
py_pythagorean_theorem2,ForLoopWithUpdate,ForLoopWith*=
py_pythagorean_theorem2,ArithmeticOperation,FindAbsolute
py_pythagorean_theorem2,ArithmeticOperation,FindRemainder
py_pythagorean_theorem2,ArithmeticOperation,FindMaximum
py_pythagorean_theorem2,ArithmeticOperation,Addition
py_pythagorean_theorem2,ArithmeticOperation,Round
py_pythagorean_theorem2,ArithmeticOperation,FindMinimum
py_pythagorean_theorem2,ArithmeticOperation,Division
py_pythagorean_theorem2,ArithmeticOperation,Multiplication
py_pythagorean_theorem2,HandlingInteger,TransformingToIntType
py_pythagorean_theorem2,HandlingTuple,CreatingTuple
py_pythagorean_theorem2,HandlingTuple,SlicingTuple
py_pythagorean_theorem2,HandlingTuple,IndexingTuple
py_pythagorean_theorem2,HandlingDictionary,ReplacingDictionaryElement
py_pythagorean_theorem2,HandlingList,DeletingListElement
py_pythagorean_theorem2,HandlingList,SlicingList
py_pythagorean_theorem2,HandlingList,ListReferencing
py_pythagorean_theorem2,HandlingList,ReversingList
py_pythagorean_theorem2,AddingListElement,AddingListElementWithInsert
py_pythagorean_theorem2,AddingListElement,AddingListElementWithAppend
py_pythagorean_theorem2,HandlingFile,ClosingFile
py_pythagorean_theorem2,HandlingFile,ReadingLine
py_pythagorean_theorem2,HandlingFile,OpeningFile
py_pythagorean_theorem2,HandlingString,ReplacingStringContent
py_pythagorean_theorem2,HandlingString,TransformingToStringType
py_pythagorean_theorem2,HandlingString,SlicingString
py_pythagorean_theorem2,ModifyingStringCase,ConvertStringToUpperCase
py_pythagorean_theorem2,ModifyingStringCase,ConvertStringToLowerCase
py_pythagorean_theorem2,ModifyingStringCase,CapitalizeString
py_fahrenheit_to_celsius,Python,Concatenation
py_nested_if_min_max,Python,CheckingForItem
py_nested_if_min_max,Python,HandlingInput
py_nested_if_min_max,CheckingCondition,AssertChecking
py_nested_if_min_max,CheckingInForLoop,IfElseCheckingInForLoop
py_nested_if_min_max,CheckingInForLoop,IfElifCheckingInForLoop
py_nested_if_min_max,CheckingInForLoop,IfCheckingInForLoop
py_nested_if_min_max,CheckingInForLoop,IfElifElseCheckingInForLoop
py_nested_if_min_max,CheckingInWhileLoop,IfElifElseCheckingInWhileLoop
py_nested_if_min_max,CheckingInWhileLoop,IfCheckingInWhileLoop
py_nested_if_min_max,CheckingInWhileLoop,IfElseCheckingInWhileLoop
py_nested_if_min_max,CheckingInWhileLoop,IfElifCheckingInWhileLoop
py_nested_if_min_max,ManagingVariable,SwappingVariablesValue
py_nested_if_min_max,HandlingAdvancedDataStructure,BinaryTreeTask
py_nested_if_min_max,HandlingAdvancedDataStructure,LinkedListTask
py_nested_if_min_max,HandlingAdvancedDataStructure,QueueTask
py_nested_if_min_max,HandlingAdvancedDataStructure,StackTask
py_nested_if_min_max,TwoDimensionalArrayTask,ReplacingElement2DArray
py_nested_if_min_max,TwoDimensionalArrayTask,Indexing2DArray
py_nested_if_min_max,TwoDimensionalArrayTask,Create2DArray
py_nested_if_min_max,HandlingObjectOrientedProgramming,CallingOOPMethod
py_nested_if_min_max,HandlingObjectOrientedProgramming,CreatingObject
py_nested_if_min_max,HandlingObjectOrientedProgramming,DefiningClass
py_nested_if_min_max,HandlingObjectOrientedProgramming,DefiningOOPMethod
py_nested_if_min_max,HandlingStandardFunction,CallingStandardFunction
py_nested_if_min_max,HandlingStandardFunction,DefiningStandardFunction
py_nested_if_min_max,HandlingString,ReplacingStringContent
py_nested_if_min_max,HandlingString,FormattingString
py_nested_if_min_max,HandlingString,SplittingString
py_nested_if_min_max,HandlingString,TrimmingString
py_nested_if_min_max,HandlingString,IndexingString
py_nested_if_min_max,HandlingString,SlicingString
py_nested_if_max_of_three,Python,Concatenation
py_nested_if_temperature,CheckingCondition,AssertChecking
q_py_topic_dictionary:q_py_dict_access1,Python,Concatenation
q_py_topic_dictionary:q_py_dict_access1,Python,Importing
q_py_topic_dictionary:q_py_dict_access1,Python,FindingLength
q_py_topic_dictionary:q_py_dict_access1,Python,CheckingForItem
q_py_topic_dictionary:q_py_dict_access1,Python,HandlingInput
q_py_topic_dictionary:q_py_dict_access1,CheckingCondition,IfElseChecking
q_py_topic_dictionary:q_py_dict_access1,CheckingCondition,AssertChecking
q_py_topic_dictionary:q_py_dict_access1,CheckingCondition,IfElifElseChecking
q_py_topic_dictionary:q_py_dict_access1,CheckingCondition,NestedIfChecking
q_py_topic_dictionary:q_py_dict_access1,CheckingCondition,IfChecking
q_py_topic_dictionary:q_py_dict_access1,CheckingCondition,IfElifChecking
q_py_topic_dictionary:q_py_dict_access1,CheckingCondition,BooleanEvaluating
q_py_topic_dictionary:q_py_dict_access1,CheckingInForLoop,IfElseCheckingInForLoop
q_py_topic_dictionary:q_py_dict_access1,CheckingInForLoop,IfElifCheckingInForLoop
q_py_topic_dictionary:q_py_dict_access1,CheckingInForLoop,IfCheckingInForLoop
q_py_topic_dictionary:q_py_dict_access1,CheckingInForLoop,IfElifElseCheckingInForLoop
q_py_topic_dictionary:q_py_dict_access1,CheckingInWhileLoop,IfElifElseCheckingInWhileLoop
q_py_topic_dictionary:q_py_dict_access1,CheckingInWhileLoop,IfCheckingInWhileLoop
q_py_topic_dictionary:q_py_dict_access1,CheckingInWhileLoop,IfElseCheckingInWhileLoop
q_py_topic_dictionary:q_py_dict_access1,CheckingInWhileLoop,IfElifCheckingInWhileLoop
q_py_topic_dictionary:q_py_dict_access1,ManagingVariable,SwappingVariablesValue
q_py_topic_dictionary:q_py_dict_access1,ManagingVariable,AssigningVariable
q_py_topic_dictionary:q_py_dict_access1,ManagingVariable,UpdatingVariable
q_py_topic_dictionary:q_py_dict_access1,HandlingAdvancedDataStructure,BinaryTreeTask
q_py_topic_dictionary:q_py_dict_access1,HandlingAdvancedDataStructure,LinkedListTask
q_py_topic_dictionary:q_py_dict_access1,HandlingAdvancedDataStructure,QueueTask
q_py_topic_dictionary:q_py_dict_access1,HandlingAdvancedDataStructure,StackTask
q_py_topic_dictionary:q_py_dict_access1,TwoDimensionalArrayTask,ReplacingElement2DArray
q_py_topic_dictionary:q_py_dict_access1,TwoDimensionalArrayTask,Indexing2DArray
q_py_topic_dictionary:q_py_dict_access1,TwoDimensionalArrayTask,Create2DArray
q_py_topic_dictionary:q_py_dict_access1,HandlingObjectOrientedProgramming,CallingOOPMethod
q_py_topic_dictionary:q_py_dict_access1,HandlingObjectOrientedProgramming,CreatingObject
q_py_topic_dictionary:q_py_dict_access1,HandlingObjectOrientedProgramming,DefiningClass
q_py_topic_dictionary:q_py_dict_access1,HandlingObjectOrientedProgramming,DefiningOOPMethod
q_py_topic_dictionary:q_py_dict_access1,HandlingFunction,CallingFunctionLibrary
q_py_topic_dictionary:q_py_dict_access1,HandlingFunction,NestedFunctionCall
q_py_topic_dictionary:q_py_dict_access1,HandlingFunctionCallingFunction,CallingFunctionCallingFunction
q_py_topic_dictionary:q_py_dict_access1,HandlingFunctionCallingFunction,DefiningFunctionCallingFunction
q_py_topic_dictionary:q_py_dict_access1,HandlingRecursiveFunction,CallingRecursiveFunction
q_py_topic_dictionary:q_py_dict_access1,HandlingRecursiveFunction,DefiningRecursiveFunction
q_py_topic_dictionary:q_py_dict_access1,HandlingNestedFunction,CallingNestedFunction
q_py_topic_dictionary:q_py_dict_access1,HandlingNestedFunction,DefiningNestedFunction
q_py_topic_dictionary:q_py_dict_access1,HandlingStandardFunction,CallingStandardFunction
q_py_topic_dictionary:q_py_dict_access1,HandlingStandardFunction,DefiningStandardFunction
q_py_topic_dictionary:q_py_dict_access1,NonNestedIteration,SingleForLoopIteration
q_py_topic_dictionary:q_py_dict_access1,NonNestedIteration,SingleWhileLoopIteration
q_py_topic_dictionary:q_py_dict_access1,WhileLoopWithUpdate,WhileLoopWithListIndexing
q_py_topic_dictionary:q_py_dict_access1,WhileLoopWithUpdate,WhileLoopWith*=
q_py_topic_dictionary:q_py_dict_access1,WhileLoopWithUpdate,WhileLoopWith+=
q_py_topic_dictionary:q_py_dict_access1,ForLoopWithUpdate,ForLoopWith+=
q_py_topic_dictionary:q_py_dict_access1,ForLoopWithUpdate,ForLoopWith*=
q_py_topic_dictionary:q_py_dict_access1,ForLoopWithUpdate,ForLoopWithListIndexing
q_py_topic_dictionary:q_py_dict_access1,NestedLoopIteration,MixedNestedLoopIteration
q_py_topic_dictionary:q_py_dict_access1,NestedLoopIteration,NestedForLoopIteration
q_py_topic_dictionary:q_py_dict_access1,NestedLoopIteration,NestedWhileLoopIteration
q_py_topic_dictionary:q_py_dict_access1,ArithmeticOperation,FindAbsolute
q_py_topic_dictionary:q_py_dict_access1,ArithmeticOperation,FindRemainder
q_py_topic_dictionary:q_py_dict_access1,ArithmeticOperation,FindMaximum
q_py_topic_dictionary:q_py_dict_access1,ArithmeticOperation,Addition
q_py_topic_dictionary:q_py_dict_access1,ArithmeticOperation,Round
q_py_topic_dictionary:q_py_dict_access1,ArithmeticOperation,Power
q_py_topic_dictionary:q_py_dict_access1,ArithmeticOperation,FindMinimum
q_py_topic_dictionary:q_py_dict_access1,ArithmeticOperation,Substraction
q_py_topic_dictionary:q_py_dict_access1,ArithmeticOperation,Division
q_py_topic_dictionary:q_py_dict_access1,ArithmeticOperation,Multiplication
q_py_topic_dictionary:q_py_dict_access1,HandlingInteger,TransformingToIntType
q_py_topic_dictionary:q_py_dict_access1,HandlingTuple,CreatingTuple
q_py_topic_dictionary:q_py_dict_access1,HandlingTuple,SlicingTuple
q_py_topic_dictionary:q_py_dict_access1,HandlingTuple,IndexingTuple
q_py_topic_dictionary:q_py_dict_access1,HandlingFloat,TransformingToFloatType
q_py_topic_dictionary:q_py_dict_access1,HandlingDictionary,ReplacingDictionaryElement
q_py_topic_dictionary:q_py_dict_access1,HandlingDictionary,AddingItemToDictionary
q_py_topic_dictionary:q_py_dict_access1,HandlingList,DeletingListElement
q_py_topic_dictionary:q_py_dict_access1,HandlingList,IndexingList
q_py_topic_dictionary:q_py_dict_access1,HandlingList,CreatingList
q_py_topic_dictionary:q_py_dict_access1,HandlingList,SlicingList
q_py_topic_dictionary:q_py_dict_access1,HandlingList,ReplacingListElement
q_py_topic_dictionary:q_py_dict_access1,HandlingList,ListReferencing
q_py_topic_dictionary:q_py_dict_access1,HandlingList,ReversingList
q_py_topic_dictionary:q_py_dict_access1,AddingListElement,AddingListElementWithInsert
q_py_topic_dictionary:q_py_dict_access1,AddingListElement,AddingListElementWithAppend
q_py_topic_dictionary:q_py_dict_access1,HandlingFile,ClosingFile
q_py_topic_dictionary:q_py_dict_access1,HandlingFile,ReadingLine
q_py_topic_dictionary:q_py_dict_access1,HandlingFile,OpeningFile
q_py_topic_dictionary:q_py_dict_access1,HandlingString,CreatingString
q_py_topic_dictionary:q_py_dict_access1,HandlingString,ReplacingStringContent
q_py_topic_dictionary:q_py_dict_access1,HandlingString,FormattingString
q_py_topic_dictionary:q_py_dict_access1,HandlingString,TransformingToStringType
q_py_topic_dictionary:q_py_dict_access1,HandlingString,SplittingString
q_py_topic_dictionary:q_py_dict_access1,HandlingString,TrimmingString
q_py_topic_dictionary:q_py_dict_access1,HandlingString,IndexingString
q_py_topic_dictionary:q_py_dict_access1,HandlingString,SlicingString
q_py_topic_dictionary:q_py_dict_access1,ModifyingStringCase,ConvertStringToUpperCase
q_py_topic_dictionary:q_py_dict_access1,ModifyingStringCase,ConvertStringToLowerCase
q_py_topic_dictionary:q_py_dict_access1,ModifyingStringCase,CapitalizeString
q_py_topic_dictionary:q_py_dict_access1,HandlingError,HandlingSpecificError
q_py_topic_dictionary:q_py_dict_access1,HandlingError,HandlingGeneralError
q_py_topic_file_processing:q_py_file1,Python,HandlingInput
q_py_topic_file_processing:q_py_file1,CheckingCondition,AssertChecking
q_py_topic_file_processing:q_py_file1,CheckingCondition,IfElifElseChecking
q_py_topic_file_processing:q_py_file1,CheckingCondition,NestedIfChecking
q_py_topic_file_processing:q_py_file1,CheckingCondition,IfChecking
q_py_topic_file_processing:q_py_file1,CheckingCondition,IfElifChecking
q_py_topic_file_processing:q_py_file1,CheckingCondition,BooleanEvaluating
q_py_topic_file_processing:q_py_file1,CheckingInForLoop,IfElseCheckingInForLoop
q_py_topic_file_processing:q_py_file1,CheckingInForLoop,IfElifCheckingInForLoop
q_py_topic_file_processing:q_py_file1,CheckingInForLoop,IfCheckingInForLoop
q_py_topic_file_processing:q_py_file1,CheckingInForLoop,IfElifElseCheckingInForLoop
q_py_topic_file_processing:q_py_file1,CheckingInWhileLoop,IfElifElseCheckingInWhileLoop
q_py_topic_file_processing:q_py_file1,CheckingInWhileLoop,IfCheckingInWhileLoop
q_py_topic_file_processing:q_py_file1,CheckingInWhileLoop,IfElseCheckingInWhileLoop
q_py_topic_file_processing:q_py_file1,CheckingInWhileLoop,IfElifCheckingInWhileLoop
q_py_topic_file_processing:q_py_file1,ManagingVariable,SwappingVariablesValue
q_py_topic_file_processing:q_py_file1,HandlingAdvancedDataStructure,BinaryTreeTask
q_py_topic_file_processing:q_py_file1,HandlingAdvancedDataStructure,LinkedListTask
q_py_topic_file_processing:q_py_file1,HandlingAdvancedDataStructure,QueueTask
q_py_topic_file_processing:q_py_file1,HandlingAdvancedDataStructure,StackTask
q_py_topic_file_processing:q_py_file1,TwoDimensionalArrayTask,ReplacingElement2DArray
q_py_topic_file_processing:q_py_file1,TwoDimensionalArrayTask,Indexing2DArray
q_py_topic_file_processing:q_py_file1,TwoDimensionalArrayTask,Create2DArray
q_py_topic_file_processing:q_py_file1,HandlingObjectOrientedProgramming,CallingOOPMethod
q_py_topic_file_processing:q_py_file1,HandlingObjectOrientedProgramming,CreatingObject
q_py_topic_file_processing:q_py_file1,HandlingObjectOrientedProgramming,DefiningClass
q_py_topic_file_processing:q_py_file1,HandlingObjectOrientedProgramming,DefiningOOPMethod
q_py_topic_file_processing:q_py_file1,HandlingFunction,NestedFunctionCall
q_py_topic_file_processing:q_py_file1,HandlingFunctionCallingFunction,CallingFunctionCallingFunction
q_py_topic_file_processing:q_py_file1,HandlingFunctionCallingFunction,DefiningFunctionCallingFunction
q_py_topic_file_processing:q_py_file1,HandlingRecursiveFunction,CallingRecursiveFunction
q_py_topic_file_processing:q_py_file1,HandlingRecursiveFunction,DefiningRecursiveFunction
q_py_topic_file_processing:q_py_file1,HandlingNestedFunction,CallingNestedFunction
q_py_topic_file_processing:q_py_file1,HandlingNestedFunction,DefiningNestedFunction
q_py_topic_file_processing:q_py_file1,HandlingStandardFunction,CallingStandardFunction
q_py_topic_file_processing:q_py_file1,HandlingStandardFunction,DefiningStandardFunction
q_py_topic_file_processing:q_py_file1,NonNestedIteration,SingleForLoopIteration
q_py_topic_file_processing:q_py_file1,NonNestedIteration,SingleWhileLoopIteration
q_py_topic_file_processing:q_py_file1,WhileLoopWithUpdate,WhileLoopWithListIndexing
q_py_topic_file_processing:q_py_file1,WhileLoopWithUpdate,WhileLoopWith*=
q_py_topic_file_processing:q_py_file1,WhileLoopWithUpdate,WhileLoopWith+=
q_py_topic_file_processing:q_py_file1,ForLoopWithUpdate,ForLoopWith+=
q_py_topic_file_processing:q_py_file1,ForLoopWithUpdate,ForLoopWith*=
q_py_topic_file_processing:q_py_file1,ForLoopWithUpdate,ForLoopWithListIndexing
q_py_topic_file_processing:q_py_file1,NestedLoopIteration,MixedNestedLoopIteration
q_py_topic_file_processing:q_py_file1,NestedLoopIteration,NestedForLoopIteration
q_py_topic_file_processing:q_py_file1,NestedLoopIteration,NestedWhileLoopIteration
q_py_topic_file_processing:q_py_file1,ArithmeticOperation,FindAbsolute
q_py_topic_file_processing:q_py_file1,ArithmeticOperation,FindRemainder
q_py_topic_file_processing:q_py_file1,ArithmeticOperation,FindMaximum
q_py_topic_file_processing:q_py_file1,ArithmeticOperation,Addition
q_py_topic_file_processing:q_py_file1,ArithmeticOperation,Round
q_py_topic_file_processing:q_py_file1,ArithmeticOperation,Power
q_py_topic_file_processing:q_py_file1,ArithmeticOperation,FindMinimum
q_py_topic_file_processing:q_py_file1,ArithmeticOperation,Substraction
q_py_topic_file_processing:q_py_file1,ArithmeticOperation,Division
q_py_topic_file_processing:q_py_file1,ArithmeticOperation,Multiplication
q_py_topic_file_processing:q_py_file1,HandlingInteger,TransformingToIntType
q_py_topic_file_processing:q_py_file1,HandlingTuple,CreatingTuple
q_py_topic_file_processing:q_py_file1,HandlingTuple,SlicingTuple
q_py_topic_file_processing:q_py_file1,HandlingTuple,IndexingTuple
q_py_topic_file_processing:q_py_file1,HandlingFloat,TransformingToFloatType
q_py_topic_file_processing:q_py_file1,HandlingDictionary,ReplacingDictionaryElement
q_py_topic_file_processing:q_py_file1,HandlingDictionary,IndexingDictionary
q_py_topic_file_processing:q_py_file1,HandlingDictionary,AddingItemToDictionary
q_py_topic_file_processing:q_py_file1,HandlingDictionary,AccessingDictionary
q_py_topic_file_processing:q_py_file1,HandlingDictionary,CreatingDictionary
q_py_topic_file_processing:q_py_file1,HandlingList,DeletingListElement
q_py_topic_file_processing:q_py_file1,HandlingList,IndexingList
q_py_topic_file_processing:q_py_file1,HandlingList,CreatingList
q_py_topic_file_processing:q_py_file1,HandlingList,SlicingList
q_py_topic_file_processing:q_py_file1,HandlingList,ReplacingListElement
q_py_topic_file_processing:q_py_file1,HandlingList,ListReferencing
q_py_topic_file_processing:q_py_file1,HandlingList,ReversingList
q_py_topic_file_processing:q_py_file1,AddingListElement,AddingListElementWithInsert
q_py_topic_file_processing:q_py_file1,AddingListElement,AddingListElementWithAppend
q_py_topic_file_processing:q_py_file1,HandlingString,CreatingString
q_py_topic_file_processing:q_py_file1,HandlingString,ReplacingStringContent
q_py_topic_file_processing:q_py_file1,HandlingString,FormattingString
q_py_topic_file_processing:q_py_file1,HandlingString,TransformingToStringType
q_py_topic_file_processing:q_py_file1,HandlingString,SplittingString
q_py_topic_file_processing:q_py_file1,HandlingString,TrimmingString
q_py_topic_file_processing:q_py_file1,HandlingString,IndexingString
q_py_topic_file_processing:q_py_file1,HandlingString,SlicingString
q_py_topic_file_processing:q_py_file1,ModifyingStringCase,ConvertStringToUpperCase
q_py_topic_file_processing:q_py_file1,ModifyingStringCase,ConvertStringToLowerCase
q_py_topic_file_processing:q_py_file1,ModifyingStringCase,CapitalizeString
q_py_topic_file_processing:q_py_file1,HandlingError,HandlingSpecificError
q_py_topic_file_processing:q_py_file1,HandlingError,HandlingGeneralError
q_py_topic_functions:q_py_fun_car1,CheckingCondition,AssertChecking
q_py_topic_functions:q_py_fun_car1,CheckingCondition,IfElifChecking
q_py_topic_functions:q_py_fun_car1,CheckingInForLoop,IfElseCheckingInForLoop
q_py_topic_functions:q_py_fun_car1,CheckingInForLoop,IfElifCheckingInForLoop
q_py_topic_functions:q_py_fun_car1,CheckingInForLoop,IfCheckingInForLoop
q_py_topic_functions:q_py_fun_car1,CheckingInForLoop,IfElifElseCheckingInForLoop
q_py_topic_functions:q_py_fun_car1,CheckingInWhileLoop,IfElifElseCheckingInWhileLoop
q_py_topic_functions:q_py_fun_car1,CheckingInWhileLoop,IfCheckingInWhileLoop
q_py_topic_functions:q_py_fun_car1,CheckingInWhileLoop,IfElseCheckingInWhileLoop
q_py_topic_functions:q_py_fun_car1,CheckingInWhileLoop,IfElifCheckingInWhileLoop
q_py_topic_functions:q_py_fun_car1,ManagingVariable,AssigningVariable
q_py_topic_functions:q_py_fun_car1,ManagingVariable,UpdatingVariable
q_py_topic_functions:q_py_fun_car1,HandlingAdvancedDataStructure,BinaryTreeTask
q_py_topic_functions:q_py_fun_car1,HandlingAdvancedDataStructure,LinkedListTask
q_py_topic_functions:q_py_fun_car1,HandlingAdvancedDataStructure,QueueTask
q_py_topic_functions:q_py_fun_car1,HandlingAdvancedDataStructure,StackTask
q_py_topic_functions:q_py_fun_car1,TwoDimensionalArrayTask,ReplacingElement2DArray
q_py_topic_functions:q_py_fun_car1,TwoDimensionalArrayTask,Indexing2DArray
q_py_topic_functions:q_py_fun_car1,TwoDimensionalArrayTask,Create2DArray
q_py_topic_functions:q_py_fun_car1,HandlingObjectOrientedProgramming,CallingOOPMethod
q_py_topic_functions:q_py_fun_car1,HandlingObjectOrientedProgramming,CreatingObject
q_py_topic_functions:q_py_fun_car1,HandlingObjectOrientedProgramming,DefiningClass
q_py_topic_functions:q_py_fun_car1,HandlingObjectOrientedProgramming,DefiningOOPMethod
q_py_topic_functions:q_py_fun_car1,HandlingFunctionCallingFunction,DefiningFunctionCallingFunction
q_py_topic_functions:q_py_fun_car1,HandlingStandardFunction,CallingStandardFunction
q_py_topic_functions:q_py_fun_car1,HandlingStandardFunction,DefiningStandardFunction
q_py_topic_functions:q_py_fun_car1,WhileLoopWithUpdate,WhileLoopWithListIndexing
q_py_topic_functions:q_py_fun_car1,WhileLoopWithUpdate,WhileLoopWith*=
q_py_topic_functions:q_py_fun_car1,WhileLoopWithUpdate,WhileLoopWith+=
q_py_topic_functions:q_py_fun_car1,ForLoopWithUpdate,ForLoopWith+=
q_py_topic_functions:q_py_fun_car1,ForLoopWithUpdate,ForLoopWith*=
q_py_topic_functions:q_py_fun_car1,ForLoopWithUpdate,ForLoopWithListIndexing
q_py_topic_functions:q_py_fun_car1,NestedLoopIteration,MixedNestedLoopIteration
q_py_topic_functions:q_py_fun_car1,NestedLoopIteration,NestedForLoopIteration
q_py_topic_functions:q_py_fun_car1,NestedLoopIteration,NestedWhileLoopIteration
q_py_topic_functions:q_py_fun_car1,ArithmeticOperation,FindAbsolute
q_py_topic_functions:q_py_fun_car1,ArithmeticOperation,FindRemainder
q_py_topic_functions:q_py_fun_car1,ArithmeticOperation,FindMaximum
q_py_topic_functions:q_py_fun_car1,ArithmeticOperation,Addition
q_py_topic_functions:q_py_fun_car1,ArithmeticOperation,Round
q_py_topic_functions:q_py_fun_car1,ArithmeticOperation,Power
q_py_topic_functions:q_py_fun_car1,ArithmeticOperation,FindMinimum
q_py_topic_functions:q_py_fun_car1,ArithmeticOperation,Division
q_py_topic_functions:q_py_fun_car1,ArithmeticOperation,Multiplication
q_py_topic_functions:q_py_fun_car1,HandlingInteger,TransformingToIntType
q_py_topic_functions:q_py_fun_car1,HandlingTuple,CreatingTuple
q_py_topic_functions:q_py_fun_car1,HandlingTuple,SlicingTuple
q_py_topic_functions:q_py_fun_car1,HandlingTuple,IndexingTuple
q_py_topic_functions:q_py_fun_car1,HandlingFloat,TransformingToFloatType
q_py_topic_functions:q_py_fun_car1,HandlingDictionary,ReplacingDictionaryElement
q_py_topic_functions:q_py_fun_car1,HandlingDictionary,IndexingDictionary
q_py_topic_functions:q_py_fun_car1,HandlingDictionary,AddingItemToDictionary
q_py_topic_functions:q_py_fun_car1,HandlingDictionary,AccessingDictionary
q_py_topic_functions:q_py_fun_car1,HandlingDictionary,CreatingDictionary
q_py_topic_functions:q_py_fun_car1,HandlingList,DeletingListElement
q_py_topic_functions:q_py_fun_car1,HandlingList,SlicingList
q_py_topic_functions:q_py_fun_car1,HandlingList,ReplacingListElement
q_py_topic_functions:q_py_fun_car1,HandlingList,ListReferencing
q_py_topic_functions:q_py_fun_car1,HandlingList,ReversingList
q_py_topic_functions:q_py_fun_car1,AddingListElement,AddingListElementWithInsert
q_py_topic_functions:q_py_fun_car1,AddingListElement,AddingListElementWithAppend
q_py_topic_functions:q_py_fun_car1,HandlingFile,ClosingFile
q_py_topic_functions:q_py_fun_car1,HandlingFile,ReadingLine
q_py_topic_functions:q_py_fun_car1,HandlingFile,OpeningFile
q_py_topic_functions:q_py_fun_car1,HandlingString,ReplacingStringContent
q_py_topic_functions:q_py_fun_car1,HandlingString,TransformingToStringType
q_py_topic_functions:q_py_fun_car1,HandlingString,SplittingString
q_py_topic_functions:q_py_fun_car1,HandlingString,TrimmingString
q_py_topic_functions:q_py_fun_car1,HandlingString,IndexingString
q_py_topic_functions:q_py_fun_car1,HandlingString,SlicingString
q_py_topic_functions:q_py_fun_car1,ModifyingStringCase,ConvertStringToUpperCase
q_py_topic_functions:q_py_fun_car1,ModifyingStringCase,ConvertStringToLowerCase
q_py_topic_functions:q_py_fun_car1,ModifyingStringCase,CapitalizeString
q_py_topic_if_statement:q_py_if_elif1,Python,CheckingForItem
q_py_topic_if_statement:q_py_if_elif1,CheckingCondition,AssertChecking
q_py_topic_if_statement:q_py_if_elif1,CheckingCondition,IfElifChecking
q_py_topic_if_statement:q_py_if_elif1,CheckingInForLoop,IfElseCheckingInForLoop
q_py_topic_if_statement:q_py_if_elif1,CheckingInForLoop,IfElifCheckingInForLoop
q_py_topic_if_statement:q_py_if_elif1,CheckingInForLoop,IfCheckingInForLoop
q_py_topic_if_statement:q_py_if_elif1,CheckingInForLoop,IfElifElseCheckingInForLoop
q_py_topic_if_statement:q_py_if_elif1,CheckingInWhileLoop,IfElifElseCheckingInWhileLoop
q_py_topic_if_statement:q_py_if_elif1,CheckingInWhileLoop,IfCheckingInWhileLoop
q_py_topic_if_statement:q_py_if_elif1,CheckingInWhileLoop,IfElseCheckingInWhileLoop
q_py_topic_if_statement:q_py_if_elif1,CheckingInWhileLoop,IfElifCheckingInWhileLoop
q_py_topic_if_statement:q_py_if_elif1,ManagingVariable,SwappingVariablesValue
q_py_topic_if_statement:q_py_if_elif1,ManagingVariable,UpdatingVariable
q_py_topic_if_statement:q_py_if_elif1,HandlingAdvancedDataStructure,BinaryTreeTask
q_py_topic_if_statement:q_py_if_elif1,HandlingAdvancedDataStructure,LinkedListTask
q_py_topic_if_statement:q_py_if_elif1,HandlingAdvancedDataStructure,QueueTask
q_py_topic_if_statement:q_py_if_elif1,HandlingAdvancedDataStructure,StackTask
q_py_topic_if_statement:q_py_if_elif1,TwoDimensionalArrayTask,ReplacingElement2DArray
q_py_topic_if_statement:q_py_if_elif1,TwoDimensionalArrayTask,Indexing2DArray
q_py_topic_if_statement:q_py_if_elif1,TwoDimensionalArrayTask,Create2DArray
q_py_topic_if_statement:q_py_if_elif1,HandlingObjectOrientedProgramming,CallingOOPMethod
q_py_topic_if_statement:q_py_if_elif1,HandlingObjectOrientedProgramming,CreatingObject
q_py_topic_if_statement:q_py_if_elif1,HandlingObjectOrientedProgramming,DefiningClass
q_py_topic_if_statement:q_py_if_elif1,HandlingObjectOrientedProgramming,DefiningOOPMethod
q_py_topic_if_statement:q_py_nested_if1,Python,Concatenation
q_py_topic_if_statement:q_py_nested_if1,Python,Importing
q_py_topic_if_statement:q_py_nested_if1,Python,FindingLength
q_py_topic_if_statement:q_py_nested_if1,Python,CheckingForItem
q_py_topic_if_statement:q_py_nested_if1,Python,HandlingInput
q_py_topic_if_statement:q_py_nested_if1,CheckingCondition,AssertChecking
q_py_topic_if_statement:q_py_nested_if1,CheckingCondition,IfElifElseChecking
q_py_topic_if_statement:q_py_nested_if1,CheckingCondition,IfElifChecking
q_py_topic_if_statement:q_py_nested_if1,CheckingCondition,BooleanEvaluating
q_py_topic_if_statement:q_py_nested_if1,CheckingInForLoop,IfElseCheckingInForLoop
q_py_topic_if_statement:q_py_nested_if1,CheckingInForLoop,IfElifCheckingInForLoop
q_py_topic_if_statement:q_py_nested_if1,CheckingInForLoop,IfCheckingInForLoop
q_py_topic_if_statement:q_py_nested_if1,CheckingInForLoop,IfElifElseCheckingInForLoop
q_py_topic_if_statement:q_py_nested_if1,CheckingInWhileLoop,IfElifElseCheckingInWhileLoop
q_py_topic_if_statement:q_py_nested_if1,CheckingInWhileLoop,IfCheckingInWhileLoop
q_py_topic_if_statement:q_py_nested_if1,CheckingInWhileLoop,IfElseCheckingInWhileLoop
q_py_topic_if_statement:q_py_nested_if1,CheckingInWhileLoop,IfElifCheckingInWhileLoop
q_py_topic_if_statement:q_py_nested_if1,ManagingVariable,SwappingVariablesValue
q_py_topic_if_statement:q_py_nested_if1,ManagingVariable,AssigningVariable
q_py_topic_if_statement:q_py_nested_if1,ManagingVariable,UpdatingVariable
q_py_topic_if_statement:q_py_nested_if1,HandlingAdvancedDataStructure,BinaryTreeTask
q_py_topic_if_statement:q_py_nested_if1,HandlingAdvancedDataStructure,LinkedListTask
q_py_topic_if_statement:q_py_nested_if1,HandlingAdvancedDataStructure,QueueTask
q_py_topic_if_statement:q_py_nested_if1,HandlingAdvancedDataStructure,StackTask
q_py_topic_if_statement:q_py_nested_if1,TwoDimensionalArrayTask,ReplacingElement2DArray
q_py_topic_if_statement:q_py_nested_if1,TwoDimensionalArrayTask,Indexing2DArray
q_py_topic_if_statement:q_py_nested_if1,TwoDimensionalArrayTask,Create2DArray
q_py_topic_if_statement:q_py_nested_if1,HandlingObjectOrientedProgramming,CallingOOPMethod
q_py_topic_if_statement:q_py_nested_if1,HandlingObjectOrientedProgramming,CreatingObject
q_py_topic_if_statement:q_py_nested_if1,HandlingObjectOrientedProgramming,DefiningClass
q_py_topic_if_statement:q_py_nested_if1,HandlingObjectOrientedProgramming,DefiningOOPMethod
q_py_topic_if_statement:q_py_nested_if1,HandlingFunction,NestedFunctionCall
q_py_topic_if_statement:q_py_nested_if1,HandlingFunctionCallingFunction,CallingFunctionCallingFunction
q_py_topic_if_statement:q_py_nested_if1,HandlingFunctionCallingFunction,DefiningFunctionCallingFunction
q_py_topic_if_statement:q_py_nested_if1,HandlingRecursiveFunction,CallingRecursiveFunction
q_py_topic_if_statement:q_py_nested_if1,HandlingRecursiveFunction,DefiningRecursiveFunction
q_py_topic_if_statement:q_py_nested_if1,HandlingNestedFunction,CallingNestedFunction
q_py_topic_if_statement:q_py_nested_if1,HandlingNestedFunction,DefiningNestedFunction
q_py_topic_if_statement:q_py_nested_if1,HandlingStandardFunction,CallingStandardFunction
q_py_topic_if_statement:q_py_nested_if1,HandlingStandardFunction,DefiningStandardFunction
q_py_topic_if_statement:q_py_nested_if1,NonNestedIteration,SingleForLoopIteration
q_py_topic_if_statement:q_py_nested_if1,NonNestedIteration,SingleWhileLoopIteration
q_py_topic_if_statement:q_py_nested_if1,WhileLoopWithUpdate,WhileLoopWithListIndexing
q_py_topic_if_statement:q_py_nested_if1,WhileLoopWithUpdate,WhileLoopWith*=
q_py_topic_if_statement:q_py_nested_if1,WhileLoopWithUpdate,WhileLoopWith+=
q_py_topic_if_statement:q_py_nested_if1,ForLoopWithUpdate,ForLoopWith+=
q_py_topic_if_statement:q_py_nested_if1,ForLoopWithUpdate,ForLoopWith*=
q_py_topic_if_statement:q_py_nested_if1,ForLoopWithUpdate,ForLoopWithListIndexing
q_py_topic_if_statement:q_py_nested_if1,NestedLoopIteration,MixedNestedLoopIteration
q_py_topic_if_statement:q_py_nested_if1,NestedLoopIteration,NestedForLoopIteration
q_py_topic_if_statement:q_py_nested_if1,NestedLoopIteration,NestedWhileLoopIteration
q_py_topic_if_statement:q_py_nested_if1,ArithmeticOperation,FindAbsolute
q_py_topic_if_statement:q_py_nested_if1,ArithmeticOperation,FindRemainder
q_py_topic_if_statement:q_py_nested_if1,ArithmeticOperation,FindMaximum
q_py_topic_if_statement:q_py_nested_if1,ArithmeticOperation,Addition
q_py_topic_if_statement:q_py_nested_if1,ArithmeticOperation,Round
q_py_topic_if_statement:q_py_nested_if1,ArithmeticOperation,Power
q_py_topic_if_statement:q_py_nested_if1,ArithmeticOperation,FindMinimum
q_py_topic_if_statement:q_py_nested_if1,ArithmeticOperation,Substraction
q_py_topic_if_statement:q_py_nested_if1,ArithmeticOperation,Division
q_py_topic_if_statement:q_py_nested_if1,ArithmeticOperation,Multiplication
q_py_topic_if_statement:q_py_nested_if1,HandlingInteger,TransformingToIntType
q_py_topic_if_statement:q_py_nested_if1,HandlingTuple,CreatingTuple
q_py_topic_if_statement:q_py_nested_if1,HandlingTuple,SlicingTuple
q_py_topic_if_statement:q_py_nested_if1,HandlingTuple,IndexingTuple
q_py_topic_if_statement:q_py_nested_if1,HandlingFloat,TransformingToFloatType
q_py_topic_if_statement:q_py_nested_if1,HandlingDictionary,ReplacingDictionaryElement
q_py_topic_if_statement:q_py_nested_if1,HandlingDictionary,IndexingDictionary
q_py_topic_if_statement:q_py_nested_if1,HandlingDictionary,AddingItemToDictionary
q_py_topic_if_statement:q_py_nested_if1,HandlingDictionary,AccessingDictionary
q_py_topic_if_statement:q_py_nested_if1,HandlingDictionary,CreatingDictionary
q_py_topic_if_statement:q_py_nested_if1,HandlingList,DeletingListElement
q_py_topic_if_statement:q_py_nested_if1,HandlingList,IndexingList
q_py_topic_if_statement:q_py_nested_if1,HandlingList,CreatingList
q_py_topic_if_statement:q_py_nested_if1,HandlingList,SlicingList
q_py_topic_if_statement:q_py_nested_if1,HandlingList,ReplacingListElement
q_py_topic_if_statement:q_py_nested_if1,HandlingList,ListReferencing
q_py_topic_if_statement:q_py_nested_if1,HandlingList,ReversingList
q_py_topic_if_statement:q_py_nested_if1,AddingListElement,AddingListElementWithInsert
q_py_topic_if_statement:q_py_nested_if1,AddingListElement,AddingListElementWithAppend
q_py_topic_if_statement:q_py_nested_if1,HandlingFile,ClosingFile
q_py_topic_if_statement:q_py_nested_if1,HandlingFile,ReadingLine
q_py_topic_if_statement:q_py_nested_if1,HandlingFile,OpeningFile
q_py_topic_if_statement:q_py_nested_if1,HandlingString,CreatingString
q_py_topic_if_statement:q_py_nested_if1,HandlingString,ReplacingStringContent
q_py_topic_if_statement:q_py_nested_if1,HandlingString,FormattingString
q_py_topic_if_statement:q_py_nested_if1,HandlingString,TransformingToStringType
q_py_topic_if_statement:q_py_nested_if1,HandlingString,SplittingString
q_py_topic_if_statement:q_py_nested_if1,HandlingString,TrimmingString
q_py_topic_if_statement:q_py_nested_if1,HandlingString,IndexingString
q_py_topic_if_statement:q_py_nested_if1,HandlingString,SlicingString
q_py_topic_if_statement:q_py_nested_if1,ModifyingStringCase,ConvertStringToUpperCase
q_py_topic_if_statement:q_py_nested_if1,ModifyingStringCase,ConvertStringToLowerCase
q_py_topic_if_statement:q_py_nested_if1,ModifyingStringCase,CapitalizeString
q_py_topic_if_statement:q_py_nested_if1,HandlingError,HandlingSpecificError
q_py_topic_if_statement:q_py_nested_if1,HandlingError,HandlingGeneralError
q_py_topic_if_statement:q_py_nested_if_elif1,Python,Concatenation
q_py_topic_if_statement:q_py_nested_if_elif1,Python,Importing
q_py_topic_if_statement:q_py_nested_if_elif1,Python,FindingLength
q_py_topic_if_statement:q_py_nested_if_elif1,Python,CheckingForItem
q_py_topic_if_statement:q_py_nested_if_elif1,Python,HandlingInput
q_py_topic_if_statement:q_py_nested_if_elif1,CheckingCondition,AssertChecking
q_py_topic_if_statement:q_py_nested_if_elif1,CheckingCondition,IfElifChecking
q_py_topic_if_statement:q_py_nested_if_elif1,CheckingInForLoop,IfElseCheckingInForLoop
q_py_topic_if_statement:q_py_nested_if_elif1,CheckingInForLoop,IfElifCheckingInForLoop
q_py_topic_if_statement:q_py_nested_if_elif1,CheckingInForLoop,IfCheckingInForLoop
q_py_topic_if_statement:q_py_nested_if_elif1,CheckingInForLoop,IfElifElseCheckingInForLoop
q_py_topic_if_statement:q_py_nested_if_elif1,CheckingInWhileLoop,IfElifElseCheckingInWhileLoop
q_py_topic_if_statement:q_py_nested_if_elif1,CheckingInWhileLoop,IfCheckingInWhileLoop
q_py_topic_if_statement:q_py_nested_if_elif1,CheckingInWhileLoop,IfElseCheckingInWhileLoop
q_py_topic_if_statement:q_py_nested_if_elif1,CheckingInWhileLoop,IfElifCheckingInWhileLoop
q_py_topic_if_statement:q_py_nested_if_elif1,ManagingVariable,SwappingVariablesValue
q_py_topic_if_statement:q_py_nested_if_elif1,ManagingVariable,AssigningVariable
q_py_topic_if_statement:q_py_nested_if_elif1,ManagingVariable,UpdatingVariable
q_py_topic_if_statement:q_py_nested_if_elif1,HandlingAdvancedDataStructure,BinaryTreeTask
q_py_topic_if_statement:q_py_nested_if_elif1,HandlingAdvancedDataStructure,LinkedListTask
q_py_topic_if_statement:q_py_nested_if_elif1,HandlingAdvancedDataStructure,QueueTask
q_py_topic_if_statement:q_py_nested_if_elif1,HandlingAdvancedDataStructure,StackTask
q_py_topic_if_statement:q_py_nested_if_elif1,TwoDimensionalArrayTask,ReplacingElement2DArray
q_py_topic_if_statement:q_py_nested_if_elif1,TwoDimensionalArrayTask,Indexing2DArray
q_py_topic_if_statement:q_py_nested_if_elif1,TwoDimensionalArrayTask,Create2DArray
q_py_topic_if_statement:q_py_nested_if_elif1,HandlingObjectOrientedProgramming,CallingOOPMethod
q_py_topic_if_statement:q_py_nested_if_elif1,HandlingObjectOrientedProgramming,CreatingObject
q_py_topic_if_statement:q_py_nested_if_elif1,HandlingObjectOrientedProgramming,DefiningClass
q_py_topic_if_statement:q_py_nested_if_elif1,HandlingObjectOrientedProgramming,DefiningOOPMethod
q_py_topic_if_statement:q_py_nested_if_elif1,HandlingFunction,CallingFunctionLibrary
q_py_topic_if_statement:q_py_nested_if_elif1,HandlingFunction,NestedFunctionCall
q_py_topic_if_statement:q_py_nested_if_elif1,HandlingFunctionCallingFunction,CallingFunctionCallingFunction
q_py_topic_if_statement:q_py_nested_if_elif1,HandlingFunctionCallingFunction,DefiningFunctionCallingFunction
q_py_topic_if_statement:q_py_nested_if_elif1,HandlingRecursiveFunction,CallingRecursiveFunction
q_py_topic_if_statement:q_py_nested_if_elif1,HandlingRecursiveFunction,DefiningRecursiveFunction
q_py_topic_if_statement:q_py_nested_if_elif1,HandlingNestedFunction,CallingNestedFunction
q_py_topic_if_statement:q_py_nested_if_elif1,HandlingNestedFunction,DefiningNestedFunction
q_py_topic_if_statement:q_py_nested_if_elif1,HandlingStandardFunction,CallingStandardFunction
q_py_topic_if_statement:q_py_nested_if_elif1,HandlingStandardFunction,DefiningStandardFunction
q_py_topic_if_statement:q_py_nested_if_elif1,NonNestedIteration,SingleForLoopIteration
q_py_topic_if_statement:q_py_nested_if_elif1,NonNestedIteration,SingleWhileLoopIteration
q_py_topic_if_statement:q_py_nested_if_elif1,WhileLoopWithUpdate,WhileLoopWithListIndexing
q_py_topic_if_statement:q_py_nested_if_elif1,WhileLoopWithUpdate,WhileLoopWith*=
q_py_topic_if_statement:q_py_nested_if_elif1,WhileLoopWithUpdate,WhileLoopWith+=
q_py_topic_if_statement:q_py_nested_if_elif1,ForLoopWithUpdate,ForLoopWith+=
q_py_topic_if_statement:q_py_nested_if_elif1,ForLoopWithUpdate,ForLoopWith*=
q_py_topic_if_statement:q_py_nested_if_elif1,ForLoopWithUpdate,ForLoopWithListIndexing
q_py_topic_if_statement:q_py_nested_if_elif1,NestedLoopIteration,MixedNestedLoopIteration
q_py_topic_if_statement:q_py_nested_if_elif1,NestedLoopIteration,NestedForLoopIteration
q_py_topic_if_statement:q_py_nested_if_elif1,NestedLoopIteration,NestedWhileLoopIteration
q_py_topic_if_statement:q_py_nested_if_elif1,ArithmeticOperation,FindAbsolute
q_py_topic_if_statement:q_py_nested_if_elif1,ArithmeticOperation,FindRemainder
q_py_topic_if_statement:q_py_nested_if_elif1,ArithmeticOperation,FindMaximum
q_py_topic_if_statement:q_py_nested_if_elif1,ArithmeticOperation,Addition
q_py_topic_if_statement:q_py_nested_if_elif1,ArithmeticOperation,Round
q_py_topic_if_statement:q_py_nested_if_elif1,ArithmeticOperation,Power
q_py_topic_if_statement:q_py_nested_if_elif1,ArithmeticOperation,FindMinimum
q_py_topic_if_statement:q_py_nested_if_elif1,ArithmeticOperation,Substraction
q_py_topic_if_statement:q_py_nested_if_elif1,ArithmeticOperation,Division
q_py_topic_if_statement:q_py_nested_if_elif1,ArithmeticOperation,Multiplication
q_py_topic_if_statement:q_py_nested_if_elif1,HandlingInteger,TransformingToIntType
q_py_topic_if_statement:q_py_nested_if_elif1,HandlingTuple,CreatingTuple
q_py_topic_if_statement:q_py_nested_if_elif1,HandlingTuple,SlicingTuple
q_py_topic_if_statement:q_py_nested_if_elif1,HandlingTuple,IndexingTuple
q_py_topic_if_statement:q_py_nested_if_elif1,HandlingFloat,TransformingToFloatType
q_py_topic_if_statement:q_py_nested_if_elif1,HandlingDictionary,ReplacingDictionaryElement
q_py_topic_if_statement:q_py_nested_if_elif1,HandlingDictionary,IndexingDictionary
q_py_topic_if_statement:q_py_nested_if_elif1,HandlingDictionary,AddingItemToDictionary
q_py_topic_if_statement:q_py_nested_if_elif1,HandlingDictionary,AccessingDictionary
q_py_topic_if_statement:q_py_nested_if_elif1,HandlingDictionary,CreatingDictionary
q_py_topic_if_statement:q_py_nested_if_elif1,HandlingList,DeletingListElement
q_py_topic_if_statement:q_py_nested_if_elif1,HandlingList,IndexingList
q_py_topic_if_statement:q_py_nested_if_elif1,HandlingList,CreatingList
q_py_topic_if_statement:q_py_nested_if_elif1,HandlingList,SlicingList
q_py_topic_if_statement:q_py_nested_if_elif1,HandlingList,ReplacingListElement
q_py_topic_if_statement:q_py_nested_if_elif1,HandlingList,ListReferencing
q_py_topic_if_statement:q_py_nested_if_elif1,HandlingList,ReversingList
q_py_topic_if_statement:q_py_nested_if_elif1,AddingListElement,AddingListElementWithInsert
q_py_topic_if_statement:q_py_nested_if_elif1,AddingListElement,AddingListElementWithAppend
q_py_topic_if_statement:q_py_nested_if_elif1,HandlingFile,ClosingFile
q_py_topic_if_statement:q_py_nested_if_elif1,HandlingFile,ReadingLine
q_py_topic_if_statement:q_py_nested_if_elif1,HandlingFile,OpeningFile
q_py_topic_if_statement:q_py_nested_if_elif1,HandlingString,CreatingString
q_py_topic_if_statement:q_py_nested_if_elif1,HandlingString,ReplacingStringContent
q_py_topic_if_statement:q_py_nested_if_elif1,HandlingString,FormattingString
q_py_topic_if_statement:q_py_nested_if_elif1,HandlingString,TransformingToStringType
q_py_topic_if_statement:q_py_nested_if_elif1,HandlingString,SplittingString
q_py_topic_if_statement:q_py_nested_if_elif1,HandlingString,TrimmingString
q_py_topic_if_statement:q_py_nested_if_elif1,HandlingString,IndexingString
q_py_topic_if_statement:q_py_nested_if_elif1,HandlingString,SlicingString
q_py_topic_if_statement:q_py_nested_if_elif1,ModifyingStringCase,ConvertStringToUpperCase
q_py_topic_if_statement:q_py_nested_if_elif1,ModifyingStringCase,ConvertStringToLowerCase
q_py_topic_if_statement:q_py_nested_if_elif1,ModifyingStringCase,CapitalizeString
q_py_topic_if_statement:q_py_nested_if_elif1,HandlingError,HandlingSpecificError
q_py_topic_if_statement:q_py_nested_if_elif1,HandlingError,HandlingGeneralError
q_py_topic_if_statement:q_py_nested_if_elif2,CheckingCondition,AssertChecking
q_py_topic_lists:q_py_list_remove1,Python,Concatenation
q_py_topic_lists:q_py_list_remove1,Python,Importing
q_py_topic_lists:q_py_list_remove1,Python,FindingLength
q_py_topic_lists:q_py_list_remove1,Python,Printing
q_py_topic_lists:q_py_list_remove1,Python,CheckingForItem
q_py_topic_lists:q_py_list_remove1,Python,HandlingInput
q_py_topic_lists:q_py_list_remove1,CheckingCondition,IfElseChecking
q_py_topic_lists:q_py_list_remove1,CheckingCondition,AssertChecking
q_py_topic_lists:q_py_list_remove1,CheckingCondition,IfElifElseChecking
q_py_topic_lists:q_py_list_remove1,CheckingCondition,NestedIfChecking
q_py_topic_lists:q_py_list_remove1,CheckingCondition,IfChecking
q_py_topic_lists:q_py_list_remove1,CheckingCondition,IfElifChecking
q_py_topic_lists:q_py_list_remove1,CheckingCondition,BooleanEvaluating
q_py_topic_lists:q_py_list_remove1,CheckingInForLoop,IfElseCheckingInForLoop
q_py_topic_lists:q_py_list_remove1,CheckingInForLoop,IfElifCheckingInForLoop
q_py_topic_lists:q_py_list_remove1,CheckingInForLoop,IfCheckingInForLoop
q_py_topic_lists:q_py_list_remove1,CheckingInForLoop,IfElifElseCheckingInForLoop
q_py_topic_lists:q_py_list_remove1,CheckingInWhileLoop,IfElifElseCheckingInWhileLoop
q_py_topic_lists:q_py_list_remove1,CheckingInWhileLoop,IfCheckingInWhileLoop
q_py_topic_lists:q_py_list_remove1,CheckingInWhileLoop,IfElseCheckingInWhileLoop
q_py_topic_lists:q_py_list_remove1,CheckingInWhileLoop,IfElifCheckingInWhileLoop
q_py_topic_lists:q_py_list_remove1,ManagingVariable,SwappingVariablesValue
q_py_topic_lists:q_py_list_remove1,ManagingVariable,AssigningVariable
q_py_topic_lists:q_py_list_remove1,ManagingVariable,UpdatingVariable
q_py_topic_lists:q_py_list_remove1,HandlingAdvancedDataStructure,BinaryTreeTask
q_py_topic_lists:q_py_list_remove1,HandlingAdvancedDataStructure,LinkedListTask
q_py_topic_lists:q_py_list_remove1,HandlingAdvancedDataStructure,QueueTask
q_py_topic_lists:q_py_list_remove1,HandlingAdvancedDataStructure,StackTask
q_py_topic_lists:q_py_list_remove1,TwoDimensionalArrayTask,ReplacingElement2DArray
q_py_topic_lists:q_py_list_remove1,TwoDimensionalArrayTask,Indexing2DArray
q_py_topic_lists:q_py_list_remove1,TwoDimensionalArrayTask,Create2DArray
q_py_topic_lists:q_py_list_remove1,HandlingObjectOrientedProgramming,CallingOOPMethod
q_py_topic_lists:q_py_list_remove1,HandlingObjectOrientedProgramming,CreatingObject
q_py_topic_lists:q_py_list_remove1,HandlingObjectOrientedProgramming,DefiningClass
q_py_topic_lists:q_py_list_remove1,HandlingObjectOrientedProgramming,DefiningOOPMethod
q_py_topic_lists:q_py_list_remove1,HandlingFunction,CallingFunctionLibrary
q_py_topic_lists:q_py_list_remove1,HandlingFunction,NestedFunctionCall
q_py_topic_lists:q_py_list_remove1,HandlingFunctionCallingFunction,CallingFunctionCallingFunction
q_py_topic_lists:q_py_list_remove1,HandlingFunctionCallingFunction,DefiningFunctionCallingFunction
q_py_topic_lists:q_py_list_remove1,HandlingRecursiveFunction,CallingRecursiveFunction
q_py_topic_lists:q_py_list_remove1,HandlingRecursiveFunction,DefiningRecursiveFunction
q_py_topic_lists:q_py_list_remove1,HandlingNestedFunction,CallingNestedFunction
q_py_topic_lists:q_py_list_remove1,HandlingNestedFunction,DefiningNestedFunction
q_py_topic_lists:q_py_list_remove1,HandlingStandardFunction,CallingStandardFunction
q_py_topic_lists:q_py_list_remove1,HandlingStandardFunction,DefiningStandardFunction
q_py_topic_lists:q_py_list_remove1,NonNestedIteration,SingleForLoopIteration
q_py_topic_lists:q_py_list_remove1,NonNestedIteration,SingleWhileLoopIteration
q_py_topic_lists:q_py_list_remove1,WhileLoopWithUpdate,WhileLoopWithListIndexing
q_py_topic_lists:q_py_list_remove1,WhileLoopWithUpdate,WhileLoopWith*=
q_py_topic_lists:q_py_list_remove1,WhileLoopWithUpdate,WhileLoopWith+=
q_py_topic_lists:q_py_list_remove1,ForLoopWithUpdate,ForLoopWith+=
q_py_topic_lists:q_py_list_remove1,ForLoopWithUpdate,ForLoopWith*=
q_py_topic_lists:q_py_list_remove1,ForLoopWithUpdate,ForLoopWithListIndexing
q_py_topic_lists:q_py_list_remove1,NestedLoopIteration,MixedNestedLoopIteration
q_py_topic_lists:q_py_list_remove1,NestedLoopIteration,NestedForLoopIteration
q_py_topic_lists:q_py_list_remove1,NestedLoopIteration,NestedWhileLoopIteration
q_py_topic_lists:q_py_list_remove1,ArithmeticOperation,FindAbsolute
q_py_topic_lists:q_py_list_remove1,ArithmeticOperation,FindRemainder
q_py_topic_lists:q_py_list_remove1,ArithmeticOperation,FindMaximum
q_py_topic_lists:q_py_list_remove1,ArithmeticOperation,Addition
q_py_topic_lists:q_py_list_remove1,ArithmeticOperation,Round
q_py_topic_lists:q_py_list_remove1,ArithmeticOperation,Power
q_py_topic_lists:q_py_list_remove1,ArithmeticOperation,FindMinimum
q_py_topic_lists:q_py_list_remove1,ArithmeticOperation,Substraction
q_py_topic_lists:q_py_list_remove1,ArithmeticOperation,Division
q_py_topic_lists:q_py_list_remove1,ArithmeticOperation,Multiplication
q_py_topic_lists:q_py_list_remove1,HandlingInteger,TransformingToIntType
q_py_topic_lists:q_py_list_remove1,HandlingTuple,CreatingTuple
q_py_topic_lists:q_py_list_remove1,HandlingTuple,SlicingTuple
q_py_topic_lists:q_py_list_remove1,HandlingTuple,IndexingTuple
q_py_topic_lists:q_py_list_remove1,HandlingFloat,TransformingToFloatType
q_py_topic_lists:q_py_list_remove1,HandlingDictionary,ReplacingDictionaryElement
q_py_topic_lists:q_py_list_remove1,HandlingDictionary,IndexingDictionary
q_py_topic_lists:q_py_list_remove1,HandlingDictionary,AddingItemToDictionary
q_py_topic_lists:q_py_list_remove1,HandlingDictionary,AccessingDictionary
q_py_topic_lists:q_py_list_remove1,HandlingDictionary,CreatingDictionary
q_py_topic_lists:q_py_list_remove1,HandlingList,CreatingList
q_py_topic_lists:q_py_list_remove1,HandlingList,SlicingList
q_py_topic_lists:q_py_list_remove1,HandlingList,ReplacingListElement
q_py_topic_lists:q_py_list_remove1,HandlingList,ListReferencing
q_py_topic_lists:q_py_list_remove1,HandlingList,ReversingList
q_py_topic_lists:q_py_list_remove1,AddingListElement,AddingListElementWithInsert
q_py_topic_lists:q_py_list_remove1,AddingListElement,AddingListElementWithAppend
q_py_topic_lists:q_py_list_remove1,HandlingFile,ClosingFile
q_py_topic_lists:q_py_list_remove1,HandlingFile,ReadingLine
q_py_topic_lists:q_py_list_remove1,HandlingFile,OpeningFile
q_py_topic_lists:q_py_list_remove1,HandlingString,CreatingString
q_py_topic_lists:q_py_list_remove1,HandlingString,ReplacingStringContent
q_py_topic_lists:q_py_list_remove1,HandlingString,FormattingString
q_py_topic_lists:q_py_list_remove1,HandlingString,TransformingToStringType
q_py_topic_lists:q_py_list_remove1,HandlingString,SplittingString
q_py_topic_lists:q_py_list_remove1,HandlingString,TrimmingString
q_py_topic_lists:q_py_list_remove1,HandlingString,IndexingString
q_py_topic_lists:q_py_list_remove1,HandlingString,SlicingString
q_py_topic_lists:q_py_list_remove1,ModifyingStringCase,ConvertStringToUpperCase
q_py_topic_lists:q_py_list_remove1,ModifyingStringCase,ConvertStringToLowerCase
q_py_topic_lists:q_py_list_remove1,ModifyingStringCase,CapitalizeString
q_py_topic_lists:q_py_list_remove1,HandlingError,HandlingSpecificError
q_py_topic_lists:q_py_list_remove1,HandlingError,HandlingGeneralError
q_py_topic_logical_operators:q_py_account_logic1,NestedLoopIteration,NestedForLoopIteration
q_py_topic_logical_operators:q_py_comparison_logic1,Python,Concatenation
q_py_topic_logical_operators:q_py_comparison_logic1,Python,Importing
q_py_topic_logical_operators:q_py_comparison_logic1,Python,FindingLength
q_py_topic_logical_operators:q_py_comparison_logic1,Python,HandlingInput
q_py_topic_logical_operators:q_py_comparison_logic1,CheckingCondition,IfElseChecking
q_py_topic_logical_operators:q_py_comparison_logic1,CheckingCondition,AssertChecking
q_py_topic_logical_operators:q_py_comparison_logic1,CheckingCondition,IfElifElseChecking
q_py_topic_logical_operators:q_py_comparison_logic1,CheckingCondition,NestedIfChecking
q_py_topic_logical_operators:q_py_comparison_logic1,CheckingCondition,IfChecking
q_py_topic_logical_operators:q_py_comparison_logic1,CheckingCondition,IfElifChecking
q_py_topic_logical_operators:q_py_comparison_logic1,CheckingCondition,BooleanEvaluating
q_py_topic_logical_operators:q_py_comparison_logic1,CheckingInForLoop,IfElseCheckingInForLoop
q_py_topic_logical_operators:q_py_comparison_logic1,CheckingInForLoop,IfElifCheckingInForLoop
q_py_topic_logical_operators:q_py_comparison_logic1,CheckingInForLoop,IfCheckingInForLoop
q_py_topic_logical_operators:q_py_comparison_logic1,CheckingInForLoop,IfElifElseCheckingInForLoop
q_py_topic_logical_operators:q_py_comparison_logic1,CheckingInWhileLoop,IfElifElseCheckingInWhileLoop
q_py_topic_logical_operators:q_py_comparison_logic1,CheckingInWhileLoop,IfCheckingInWhileLoop
q_py_topic_logical_operators:q_py_comparison_logic1,CheckingInWhileLoop,IfElseCheckingInWhileLoop
q_py_topic_logical_operators:q_py_comparison_logic1,CheckingInWhileLoop,IfElifCheckingInWhileLoop
q_py_topic_logical_operators:q_py_comparison_logic1,ManagingVariable,SwappingVariablesValue
q_py_topic_logical_operators:q_py_comparison_logic1,ManagingVariable,AssigningVariable
q_py_topic_logical_operators:q_py_comparison_logic1,ManagingVariable,UpdatingVariable
q_py_topic_logical_operators:q_py_comparison_logic1,HandlingAdvancedDataStructure,BinaryTreeTask
q_py_topic_logical_operators:q_py_comparison_logic1,HandlingAdvancedDataStructure,LinkedListTask
q_py_topic_logical_operators:q_py_comparison_logic1,HandlingAdvancedDataStructure,QueueTask
q_py_topic_logical_operators:q_py_comparison_logic1,HandlingAdvancedDataStructure,StackTask
q_py_topic_logical_operators:q_py_comparison_logic1,TwoDimensionalArrayTask,ReplacingElement2DArray
q_py_topic_logical_operators:q_py_comparison_logic1,TwoDimensionalArrayTask,Indexing2DArray
q_py_topic_logical_operators:q_py_comparison_logic1,TwoDimensionalArrayTask,Create2DArray
q_py_topic_logical_operators:q_py_comparison_logic1,HandlingObjectOrientedProgramming,CallingOOPMethod
q_py_topic_logical_operators:q_py_comparison_logic1,HandlingObjectOrientedProgramming,CreatingObject
q_py_topic_logical_operators:q_py_comparison_logic1,HandlingObjectOrientedProgramming,DefiningClass
q_py_topic_logical_operators:q_py_comparison_logic1,HandlingObjectOrientedProgramming,DefiningOOPMethod
q_py_topic_logical_operators:q_py_comparison_logic1,HandlingFunction,CallingFunctionLibrary
q_py_topic_logical_operators:q_py_comparison_logic1,HandlingFunction,NestedFunctionCall
q_py_topic_logical_operators:q_py_comparison_logic1,HandlingFunctionCallingFunction,CallingFunctionCallingFunction
q_py_topic_logical_operators:q_py_comparison_logic1,HandlingFunctionCallingFunction,DefiningFunctionCallingFunction
q_py_topic_logical_operators:q_py_comparison_logic1,HandlingRecursiveFunction,CallingRecursiveFunction
q_py_topic_logical_operators:q_py_comparison_logic1,HandlingRecursiveFunction,DefiningRecursiveFunction
q_py_topic_logical_operators:q_py_comparison_logic1,HandlingNestedFunction,CallingNestedFunction
q_py_topic_logical_operators:q_py_comparison_logic1,HandlingNestedFunction,DefiningNestedFunction
q_py_topic_logical_operators:q_py_comparison_logic1,HandlingStandardFunction,CallingStandardFunction
q_py_topic_logical_operators:q_py_comparison_logic1,HandlingStandardFunction,DefiningStandardFunction
q_py_topic_logical_operators:q_py_comparison_logic1,NonNestedIteration,SingleForLoopIteration
q_py_topic_logical_operators:q_py_comparison_logic1,NonNestedIteration,SingleWhileLoopIteration
q_py_topic_logical_operators:q_py_comparison_logic1,WhileLoopWithUpdate,WhileLoopWithListIndexing
q_py_topic_logical_operators:q_py_comparison_logic1,WhileLoopWithUpdate,WhileLoopWith*=
q_py_topic_logical_operators:q_py_comparison_logic1,WhileLoopWithUpdate,WhileLoopWith+=
q_py_topic_logical_operators:q_py_comparison_logic1,ForLoopWithUpdate,ForLoopWith+=
q_py_topic_logical_operators:q_py_comparison_logic1,ForLoopWithUpdate,ForLoopWith*=
q_py_topic_logical_operators:q_py_comparison_logic1,ForLoopWithUpdate,ForLoopWithListIndexing
q_py_topic_logical_operators:q_py_comparison_logic1,NestedLoopIteration,MixedNestedLoopIteration
q_py_topic_logical_operators:q_py_comparison_logic1,NestedLoopIteration,NestedForLoopIteration
q_py_topic_logical_operators:q_py_comparison_logic1,NestedLoopIteration,NestedWhileLoopIteration
q_py_topic_logical_operators:q_py_comparison_logic1,ArithmeticOperation,FindAbsolute
q_py_topic_logical_operators:q_py_comparison_logic1,ArithmeticOperation,FindRemainder
q_py_topic_logical_operators:q_py_comparison_logic1,ArithmeticOperation,FindMaximum
q_py_topic_logical_operators:q_py_comparison_logic1,ArithmeticOperation,Addition
q_py_topic_logical_operators:q_py_comparison_logic1,ArithmeticOperation,Round
q_py_topic_logical_operators:q_py_comparison_logic1,ArithmeticOperation,Power
q_py_topic_logical_operators:q_py_comparison_logic1,ArithmeticOperation,FindMinimum
q_py_topic_logical_operators:q_py_comparison_logic1,ArithmeticOperation,Substraction
q_py_topic_logical_operators:q_py_comparison_logic1,ArithmeticOperation,Division
q_py_topic_logical_operators:q_py_comparison_logic1,ArithmeticOperation,Multiplication
q_py_topic_logical_operators:q_py_comparison_logic1,HandlingInteger,TransformingToIntType
q_py_topic_logical_operators:q_py_comparison_logic1,HandlingTuple,CreatingTuple
q_py_topic_logical_operators:q_py_comparison_logic1,HandlingTuple,SlicingTuple
q_py_topic_logical_operators:q_py_comparison_logic1,HandlingTuple,IndexingTuple
q_py_topic_logical_operators:q_py_comparison_logic1,HandlingFloat,TransformingToFloatType
q_py_topic_logical_operators:q_py_comparison_logic1,HandlingDictionary,ReplacingDictionaryElement
q_py_topic_logical_operators:q_py_comparison_logic1,HandlingDictionary,IndexingDictionary
q_py_topic_logical_operators:q_py_comparison_logic1,HandlingDictionary,AddingItemToDictionary
q_py_topic_logical_operators:q_py_comparison_logic1,HandlingDictionary,AccessingDictionary
q_py_topic_logical_operators:q_py_comparison_logic1,HandlingDictionary,CreatingDictionary
q_py_topic_logical_operators:q_py_comparison_logic1,HandlingList,DeletingListElement
q_py_topic_logical_operators:q_py_comparison_logic1,HandlingList,IndexingList
q_py_topic_logical_operators:q_py_comparison_logic1,HandlingList,CreatingList
q_py_topic_logical_operators:q_py_comparison_logic1,HandlingList,SlicingList
q_py_topic_logical_operators:q_py_comparison_logic1,HandlingList,ReplacingListElement
q_py_topic_logical_operators:q_py_comparison_logic1,HandlingList,ListReferencing
q_py_topic_logical_operators:q_py_comparison_logic1,HandlingList,ReversingList
q_py_topic_logical_operators:q_py_comparison_logic1,AddingListElement,AddingListElementWithInsert
q_py_topic_logical_operators:q_py_comparison_logic1,AddingListElement,AddingListElementWithAppend
q_py_topic_logical_operators:q_py_comparison_logic1,HandlingFile,ClosingFile
q_py_topic_logical_operators:q_py_comparison_logic1,HandlingFile,ReadingLine
q_py_topic_logical_operators:q_py_comparison_logic1,HandlingFile,OpeningFile
q_py_topic_logical_operators:q_py_comparison_logic1,HandlingString,CreatingString
q_py_topic_logical_operators:q_py_comparison_logic1,HandlingString,ReplacingStringContent
q_py_topic_logical_operators:q_py_comparison_logic1,HandlingString,FormattingString
q_py_topic_logical_operators:q_py_comparison_logic1,HandlingString,TransformingToStringType
q_py_topic_logical_operators:q_py_comparison_logic1,HandlingString,SplittingString
q_py_topic_logical_operators:q_py_comparison_logic1,HandlingString,TrimmingString
q_py_topic_logical_operators:q_py_comparison_logic1,HandlingString,IndexingString
q_py_topic_logical_operators:q_py_comparison_logic1,HandlingString,SlicingString
q_py_topic_logical_operators:q_py_comparison_logic1,ModifyingStringCase,ConvertStringToUpperCase
q_py_topic_logical_operators:q_py_comparison_logic1,ModifyingStringCase,ConvertStringToLowerCase
q_py_topic_logical_operators:q_py_comparison_logic1,ModifyingStringCase,CapitalizeString
q_py_topic_logical_operators:q_py_comparison_logic1,HandlingError,HandlingSpecificError
q_py_topic_logical_operators:q_py_comparison_logic1,HandlingError,HandlingGeneralError
q_py_topic_loops:q_py_nested_while1,Python,FindingLength
q_py_topic_loops:q_py_nested_while1,Python,CheckingForItem
q_py_topic_loops:q_py_nested_while1,CheckingCondition,IfElseChecking
q_py_topic_loops:q_py_nested_while1,CheckingCondition,AssertChecking
q_py_topic_loops:q_py_nested_while1,CheckingCondition,IfElifElseChecking
q_py_topic_loops:q_py_nested_while1,CheckingCondition,NestedIfChecking
q_py_topic_loops:q_py_nested_while1,CheckingCondition,IfChecking
q_py_topic_loops:q_py_nested_while1,CheckingCondition,IfElifChecking
q_py_topic_loops:q_py_nested_while1,CheckingInForLoop,IfElseCheckingInForLoop
q_py_topic_loops:q_py_nested_while1,CheckingInForLoop,IfElifCheckingInForLoop
q_py_topic_loops:q_py_nested_while1,CheckingInForLoop,IfCheckingInForLoop
q_py_topic_loops:q_py_nested_while1,CheckingInForLoop,IfElifElseCheckingInForLoop
q_py_topic_loops:q_py_nested_while1,CheckingInWhileLoop,IfElifElseCheckingInWhileLoop
q_py_topic_loops:q_py_nested_while1,CheckingInWhileLoop,IfElseCheckingInWhileLoop
q_py_topic_loops:q_py_nested_while1,CheckingInWhileLoop,IfElifCheckingInWhileLoop
q_py_topic_loops:q_py_nested_while1,ManagingVariable,SwappingVariablesValue
q_py_topic_loops:q_py_nested_while1,HandlingAdvancedDataStructure,BinaryTreeTask
q_py_topic_loops:q_py_nested_while1,HandlingAdvancedDataStructure,LinkedListTask
q_py_topic_loops:q_py_nested_while1,HandlingAdvancedDataStructure,QueueTask
q_py_topic_loops:q_py_nested_while1,HandlingAdvancedDataStructure,StackTask
q_py_topic_loops:q_py_nested_while1,TwoDimensionalArrayTask,ReplacingElement2DArray
q_py_topic_loops:q_py_nested_while1,TwoDimensionalArrayTask,Indexing2DArray
q_py_topic_loops:q_py_nested_while1,TwoDimensionalArrayTask,Create2DArray
q_py_topic_loops:q_py_nested_while1,HandlingObjectOrientedProgramming,CallingOOPMethod
q_py_topic_loops:q_py_nested_while1,HandlingObjectOrientedProgramming,CreatingObject
q_py_topic_loops:q_py_nested_while1,HandlingObjectOrientedProgramming,DefiningClass
q_py_topic_loops:q_py_nested_while1,HandlingObjectOrientedProgramming,DefiningOOPMethod
q_py_topic_loops:q_py_nested_while1,HandlingFunction,CallingFunctionLibrary
q_py_topic_loops:q_py_nested_while1,HandlingFunctionCallingFunction,DefiningFunctionCallingFunction
q_py_topic_loops:q_py_nested_while1,NonNestedIteration,SingleForLoopIteration
q_py_topic_loops:q_py_nested_while1,WhileLoopWithUpdate,WhileLoopWith*=
q_py_topic_loops:q_py_nested_while1,ForLoopWithUpdate,ForLoopWith+=
q_py_topic_loops:q_py_nested_while1,ForLoopWithUpdate,ForLoopWith*=
q_py_topic_loops:q_py_nested_while1,ForLoopWithUpdate,ForLoopWithListIndexing
q_py_topic_loops:q_py_nested_while1,NestedLoopIteration,MixedNestedLoopIteration
q_py_topic_loops:q_py_nested_while1,NestedLoopIteration,NestedForLoopIteration
q_py_topic_loops:q_py_nested_while1,ArithmeticOperation,FindAbsolute
q_py_topic_loops:q_py_nested_while1,ArithmeticOperation,FindRemainder
q_py_topic_loops:q_py_nested_while1,ArithmeticOperation,FindMaximum
q_py_topic_loops:q_py_nested_while1,ArithmeticOperation,Addition
q_py_topic_loops:q_py_nested_while1,ArithmeticOperation,Round
q_py_topic_loops:q_py_nested_while1,ArithmeticOperation,Power
q_py_topic_loops:q_py_nested_while1,ArithmeticOperation,FindMinimum
q_py_topic_loops:q_py_nested_while1,ArithmeticOperation,Substraction
q_py_topic_loops:q_py_nested_while1,ArithmeticOperation,Division
q_py_topic_loops:q_py_nested_while1,ArithmeticOperation,Multiplication
q_py_topic_loops:q_py_nested_while1,HandlingInteger,TransformingToIntType
q_py_topic_loops:q_py_nested_while1,HandlingTuple,CreatingTuple
q_py_topic_loops:q_py_nested_while1,HandlingTuple,SlicingTuple
q_py_topic_loops:q_py_nested_while1,HandlingTuple,IndexingTuple
q_py_topic_loops:q_py_nested_while1,HandlingFloat,TransformingToFloatType
q_py_topic_loops:q_py_nested_while1,HandlingDictionary,ReplacingDictionaryElement
q_py_topic_loops:q_py_nested_while1,HandlingDictionary,IndexingDictionary
q_py_topic_loops:q_py_nested_while1,HandlingDictionary,AddingItemToDictionary
q_py_topic_loops:q_py_nested_while1,HandlingDictionary,AccessingDictionary
q_py_topic_loops:q_py_nested_while1,HandlingDictionary,CreatingDictionary
q_py_topic_loops:q_py_nested_while1,HandlingList,SlicingList
q_py_topic_loops:q_py_nested_while1,AddingListElement,AddingListElementWithInsert
q_py_topic_loops:q_py_nested_while1,AddingListElement,AddingListElementWithAppend
q_py_topic_loops:q_py_nested_while1,HandlingFile,ClosingFile
q_py_topic_loops:q_py_nested_while1,HandlingFile,ReadingLine
q_py_topic_loops:q_py_nested_while1,HandlingFile,OpeningFile
q_py_topic_loops:q_py_nested_while1,HandlingString,TransformingToStringType
q_py_topic_loops:q_py_nested_while1,HandlingString,TrimmingString
q_py_topic_loops:q_py_nested_while1,ModifyingStringCase,ConvertStringToUpperCase
q_py_topic_loops:q_py_nested_while1,ModifyingStringCase,ConvertStringToLowerCase
q_py_topic_loops:q_py_nested_while1,ModifyingStringCase,CapitalizeString
q_py_topic_loops:q_py_while_loop1,CheckingInForLoop,IfElseCheckingInForLoop
q_py_topic_loops:q_py_while_loop1,CheckingInForLoop,IfElifCheckingInForLoop
q_py_topic_loops:q_py_while_loop1,CheckingInForLoop,IfCheckingInForLoop
q_py_topic_loops:q_py_while_loop1,CheckingInForLoop,IfElifElseCheckingInForLoop
q_py_topic_loops:q_py_while_loop1,HandlingAdvancedDataStructure,BinaryTreeTask
q_py_topic_loops:q_py_while_loop1,HandlingAdvancedDataStructure,LinkedListTask
q_py_topic_loops:q_py_while_loop1,HandlingAdvancedDataStructure,QueueTask
q_py_topic_loops:q_py_while_loop1,HandlingAdvancedDataStructure,StackTask
q_py_topic_loops:q_py_while_loop1,TwoDimensionalArrayTask,ReplacingElement2DArray
q_py_topic_loops:q_py_while_loop1,TwoDimensionalArrayTask,Indexing2DArray
q_py_topic_loops:q_py_while_loop1,TwoDimensionalArrayTask,Create2DArray
q_py_topic_loops:q_py_while_loop1,HandlingObjectOrientedProgramming,CallingOOPMethod
q_py_topic_loops:q_py_while_loop1,HandlingObjectOrientedProgramming,CreatingObject
q_py_topic_loops:q_py_while_loop1,HandlingObjectOrientedProgramming,DefiningClass
q_py_topic_loops:q_py_while_loop1,HandlingObjectOrientedProgramming,DefiningOOPMethod
q_py_topic_loops:q_py_while_loop1,HandlingFunctionCallingFunction,CallingFunctionCallingFunction
q_py_topic_loops:q_py_while_loop1,HandlingFunctionCallingFunction,DefiningFunctionCallingFunction
q_py_topic_loops:q_py_while_loop1,HandlingRecursiveFunction,CallingRecursiveFunction
q_py_topic_loops:q_py_while_loop1,HandlingRecursiveFunction,DefiningRecursiveFunction
q_py_topic_loops:q_py_while_loop1,HandlingNestedFunction,CallingNestedFunction
q_py_topic_loops:q_py_while_loop1,HandlingNestedFunction,DefiningNestedFunction
q_py_topic_loops:q_py_while_loop1,HandlingStandardFunction,CallingStandardFunction
q_py_topic_loops:q_py_while_loop1,HandlingStandardFunction,DefiningStandardFunction
q_py_topic_loops:q_py_while_loop1,NonNestedIteration,SingleForLoopIteration
q_py_topic_loops:q_py_while_loop1,WhileLoopWithUpdate,WhileLoopWith*=
q_py_topic_loops:q_py_while_loop1,ForLoopWithUpdate,ForLoopWith+=
q_py_topic_loops:q_py_while_loop1,ForLoopWithUpdate,ForLoopWith*=
q_py_topic_loops:q_py_while_loop1,ForLoopWithUpdate,ForLoopWithListIndexing
q_py_topic_loops:q_py_while_loop1,NestedLoopIteration,MixedNestedLoopIteration
q_py_topic_loops:q_py_while_loop1,NestedLoopIteration,NestedForLoopIteration
q_py_topic_loops:q_py_while_loop1,NestedLoopIteration,NestedWhileLoopIteration
q_py_topic_loops:q_py_while_loop1,ArithmeticOperation,FindAbsolute
q_py_topic_loops:q_py_while_loop1,ArithmeticOperation,FindRemainder
q_py_topic_loops:q_py_while_loop1,ArithmeticOperation,FindMaximum
q_py_topic_loops:q_py_while_loop1,ArithmeticOperation,Round
q_py_topic_loops:q_py_while_loop1,ArithmeticOperation,Power
q_py_topic_loops:q_py_while_loop1,ArithmeticOperation,FindMinimum
q_py_topic_loops:q_py_while_loop1,ArithmeticOperation,Substraction
q_py_topic_loops:q_py_while_loop1,ArithmeticOperation,Division
q_py_topic_loops:q_py_while_loop1,ArithmeticOperation,Multiplication
q_py_topic_loops:q_py_while_loop1,HandlingTuple,CreatingTuple
q_py_topic_loops:q_py_while_loop1,HandlingTuple,SlicingTuple
q_py_topic_loops:q_py_while_loop1,HandlingTuple,IndexingTuple
q_py_topic_loops:q_py_while_loop1,HandlingFloat,TransformingToFloatType
q_py_topic_loops:q_py_while_loop1,HandlingDictionary,ReplacingDictionaryElement
q_py_topic_loops:q_py_while_loop1,HandlingDictionary,IndexingDictionary
q_py_topic_loops:q_py_while_loop1,HandlingDictionary,AddingItemToDictionary
q_py_topic_loops:q_py_while_loop1,HandlingDictionary,AccessingDictionary
q_py_topic_loops:q_py_while_loop1,HandlingDictionary,CreatingDictionary
q_py_topic_loops:q_py_while_loop1,HandlingList,SlicingList
q_py_topic_loops:q_py_while_loop1,HandlingList,ListReferencing
q_py_topic_loops:q_py_while_loop1,AddingListElement,AddingListElementWithInsert
q_py_topic_loops:q_py_while_loop1,AddingListElement,AddingListElementWithAppend
q_py_topic_loops:q_py_while_loop1,HandlingFile,ClosingFile
q_py_topic_loops:q_py_while_loop1,HandlingFile,ReadingLine
q_py_topic_loops:q_py_while_loop1,HandlingFile,OpeningFile
q_py_topic_loops:q_py_while_loop1,HandlingString,TransformingToStringType
q_py_topic_loops:q_py_while_loop2,Python,Concatenation
q_py_topic_loops:q_py_while_loop2,Python,Importing
q_py_topic_loops:q_py_while_loop2,Python,FindingLength
q_py_topic_loops:q_py_while_loop2,Python,CheckingForItem
q_py_topic_loops:q_py_while_loop2,Python,HandlingInput
q_py_topic_loops:q_py_while_loop2,CheckingCondition,AssertChecking
q_py_topic_loops:q_py_while_loop2,ManagingVariable,SwappingVariablesValue
q_py_topic_loops:q_py_while_loop2,ManagingVariable,AssigningVariable
q_py_topic_loops:q_py_while_loop2,HandlingAdvancedDataStructure,BinaryTreeTask
q_py_topic_loops:q_py_while_loop2,HandlingAdvancedDataStructure,LinkedListTask
q_py_topic_loops:q_py_while_loop2,HandlingAdvancedDataStructure,QueueTask
q_py_topic_loops:q_py_while_loop2,HandlingAdvancedDataStructure,StackTask
q_py_topic_loops:q_py_while_loop2,TwoDimensionalArrayTask,ReplacingElement2DArray
q_py_topic_loops:q_py_while_loop2,TwoDimensionalArrayTask,Indexing2DArray
q_py_topic_loops:q_py_while_loop2,TwoDimensionalArrayTask,Create2DArray
q_py_topic_loops:q_py_while_loop2,HandlingObjectOrientedProgramming,CallingOOPMethod
q_py_topic_loops:q_py_while_loop2,HandlingObjectOrientedProgramming,CreatingObject
q_py_topic_loops:q_py_while_loop2,HandlingObjectOrientedProgramming,DefiningClass
q_py_topic_loops:q_py_while_loop2,HandlingObjectOrientedProgramming,DefiningOOPMethod
q_py_topic_loops:q_py_while_loop2,HandlingFunctionCallingFunction,CallingFunctionCallingFunction
q_py_topic_loops:q_py_while_loop2,HandlingFunctionCallingFunction,DefiningFunctionCallingFunction
q_py_topic_loops:q_py_while_loop2,HandlingRecursiveFunction,CallingRecursiveFunction
q_py_topic_loops:q_py_while_loop2,HandlingRecursiveFunction,DefiningRecursiveFunction
q_py_topic_loops:q_py_while_loop2,HandlingNestedFunction,CallingNestedFunction
q_py_topic_loops:q_py_while_loop2,HandlingNestedFunction,DefiningNestedFunction
q_py_topic_loops:q_py_while_loop2,HandlingStandardFunction,DefiningStandardFunction
q_py_topic_loops:q_py_while_loop2,NonNestedIteration,SingleForLoopIteration
q_py_topic_loops:q_py_while_loop2,WhileLoopWithUpdate,WhileLoopWith*=
q_py_topic_loops:q_py_while_loop2,ForLoopWithUpdate,ForLoopWith+=
q_py_topic_loops:q_py_while_loop2,ForLoopWithUpdate,ForLoopWith*=
q_py_topic_loops:q_py_while_loop2,ForLoopWithUpdate,ForLoopWithListIndexing
q_py_topic_loops:q_py_while_loop2,NestedLoopIteration,MixedNestedLoopIteration
q_py_topic_loops:q_py_while_loop2,NestedLoopIteration,NestedForLoopIteration
q_py_topic_loops:q_py_while_loop2,NestedLoopIteration,NestedWhileLoopIteration
q_py_topic_loops:q_py_while_loop2,ArithmeticOperation,FindAbsolute
q_py_topic_loops:q_py_while_loop2,ArithmeticOperation,FindRemainder
q_py_topic_loops:q_py_while_loop2,ArithmeticOperation,FindMaximum
q_py_topic_loops:q_py_while_loop2,ArithmeticOperation,Round
q_py_topic_loops:q_py_while_loop2,ArithmeticOperation,Power
q_py_topic_loops:q_py_while_loop2,ArithmeticOperation,FindMinimum
q_py_topic_loops:q_py_while_loop2,ArithmeticOperation,Substraction
q_py_topic_loops:q_py_while_loop2,ArithmeticOperation,Division
q_py_topic_loops:q_py_while_loop2,ArithmeticOperation,Multiplication
q_py_topic_loops:q_py_while_loop2,HandlingTuple,CreatingTuple
q_py_topic_loops:q_py_while_loop2,HandlingTuple,SlicingTuple
q_py_topic_loops:q_py_while_loop2,HandlingTuple,IndexingTuple
q_py_topic_loops:q_py_while_loop2,HandlingFloat,TransformingToFloatType
q_py_topic_loops:q_py_while_loop2,HandlingDictionary,ReplacingDictionaryElement
q_py_topic_loops:q_py_while_loop2,HandlingDictionary,IndexingDictionary
q_py_topic_loops:q_py_while_loop2,HandlingDictionary,AddingItemToDictionary
q_py_topic_loops:q_py_while_loop2,HandlingDictionary,AccessingDictionary
q_py_topic_loops:q_py_while_loop2,HandlingDictionary,CreatingDictionary
q_py_topic_loops:q_py_while_loop2,HandlingList,SlicingList
q_py_topic_loops:q_py_while_loop2,HandlingList,ListReferencing
q_py_topic_loops:q_py_while_loop2,AddingListElement,AddingListElementWithInsert
q_py_topic_loops:q_py_while_loop2,AddingListElement,AddingListElementWithAppend
q_py_topic_loops:q_py_while_loop2,HandlingFile,ClosingFile
q_py_topic_loops:q_py_while_loop2,HandlingFile,ReadingLine
q_py_topic_loops:q_py_while_loop2,HandlingFile,OpeningFile
q_py_topic_loops:q_py_while_loop2,HandlingString,TransformingToStringType
q_py_topic_loops:q_py_while_loop2,ModifyingStringCase,ConvertStringToUpperCase
q_py_topic_loops:q_py_while_loop2,ModifyingStringCase,ConvertStringToLowerCase
q_py_topic_loops:q_py_while_loop2,ModifyingStringCase,CapitalizeString
q_py_topic_output_formatting:q_py_output1,HandlingFunction,CallingFunctionLibrary
q_py_topic_output_formatting:q_py_output1,HandlingFunctionCallingFunction,DefiningFunctionCallingFunction
q_py_topic_output_formatting:q_py_output2,HandlingFunction,CallingFunctionLibrary
q_py_topic_output_formatting:q_py_output2,HandlingFunctionCallingFunction,DefiningFunctionCallingFunction
q_py_topic_output_formatting:q_py_output2,HandlingString,FormattingString
q_py_topic_output_formatting:q_py_output3,HandlingFunction,CallingFunctionLibrary
q_py_topic_output_formatting:q_py_output4,HandlingFunction,CallingFunctionLibrary
q_py_topic_output_formatting:q_py_output4,HandlingFunctionCallingFunction,DefiningFunctionCallingFunction
q_py_topic_references:q_py_list_int_ref1,Python,Concatenation
q_py_topic_references:q_py_list_int_ref1,Python,Importing
q_py_topic_references:q_py_list_int_ref1,Python,FindingLength
q_py_topic_references:q_py_list_int_ref1,Python,CheckingForItem
q_py_topic_references:q_py_list_int_ref1,Python,HandlingInput
q_py_topic_references:q_py_list_int_ref1,CheckingCondition,IfElseChecking
q_py_topic_references:q_py_list_int_ref1,CheckingCondition,AssertChecking
q_py_topic_references:q_py_list_int_ref1,CheckingCondition,IfElifElseChecking
q_py_topic_references:q_py_list_int_ref1,CheckingCondition,NestedIfChecking
q_py_topic_references:q_py_list_int_ref1,CheckingCondition,IfChecking
q_py_topic_references:q_py_list_int_ref1,CheckingCondition,IfElifChecking
q_py_topic_references:q_py_list_int_ref1,CheckingCondition,BooleanEvaluating
q_py_topic_references:q_py_list_int_ref1,CheckingInForLoop,IfElseCheckingInForLoop
q_py_topic_references:q_py_list_int_ref1,CheckingInForLoop,IfElifCheckingInForLoop
q_py_topic_references:q_py_list_int_ref1,CheckingInForLoop,IfCheckingInForLoop
q_py_topic_references:q_py_list_int_ref1,CheckingInForLoop,IfElifElseCheckingInForLoop
q_py_topic_references:q_py_list_int_ref1,CheckingInWhileLoop,IfElifElseCheckingInWhileLoop
q_py_topic_references:q_py_list_int_ref1,CheckingInWhileLoop,IfCheckingInWhileLoop
q_py_topic_references:q_py_list_int_ref1,CheckingInWhileLoop,IfElseCheckingInWhileLoop
q_py_topic_references:q_py_list_int_ref1,CheckingInWhileLoop,IfElifCheckingInWhileLoop
q_py_topic_references:q_py_list_int_ref1,ManagingVariable,SwappingVariablesValue
q_py_topic_references:q_py_list_int_ref1,ManagingVariable,UpdatingVariable
q_py_topic_references:q_py_list_int_ref1,HandlingAdvancedDataStructure,BinaryTreeTask
q_py_topic_references:q_py_list_int_ref1,HandlingAdvancedDataStructure,LinkedListTask
q_py_topic_references:q_py_list_int_ref1,HandlingAdvancedDataStructure,QueueTask
q_py_topic_references:q_py_list_int_ref1,HandlingAdvancedDataStructure,StackTask
q_py_topic_references:q_py_list_int_ref1,TwoDimensionalArrayTask,ReplacingElement2DArray
q_py_topic_references:q_py_list_int_ref1,TwoDimensionalArrayTask,Indexing2DArray
q_py_topic_references:q_py_list_int_ref1,TwoDimensionalArrayTask,Create2DArray
q_py_topic_references:q_py_list_int_ref1,HandlingObjectOrientedProgramming,CallingOOPMethod
q_py_topic_references:q_py_list_int_ref1,HandlingObjectOrientedProgramming,CreatingObject
q_py_topic_references:q_py_list_int_ref1,HandlingObjectOrientedProgramming,DefiningClass
q_py_topic_references:q_py_list_int_ref1,HandlingObjectOrientedProgramming,DefiningOOPMethod
q_py_topic_references:q_py_list_int_ref1,HandlingFunction,NestedFunctionCall
q_py_topic_references:q_py_list_int_ref1,HandlingFunctionCallingFunction,CallingFunctionCallingFunction
q_py_topic_references:q_py_list_int_ref1,HandlingFunctionCallingFunction,DefiningFunctionCallingFunction
q_py_topic_references:q_py_list_int_ref1,HandlingRecursiveFunction,CallingRecursiveFunction
q_py_topic_references:q_py_list_int_ref1,HandlingRecursiveFunction,DefiningRecursiveFunction
q_py_topic_references:q_py_list_int_ref1,HandlingNestedFunction,CallingNestedFunction
q_py_topic_references:q_py_list_int_ref1,HandlingNestedFunction,DefiningNestedFunction
q_py_topic_references:q_py_list_int_ref1,HandlingStandardFunction,CallingStandardFunction
q_py_topic_references:q_py_list_int_ref1,NonNestedIteration,SingleForLoopIteration
q_py_topic_references:q_py_list_int_ref1,NonNestedIteration,SingleWhileLoopIteration
q_py_topic_references:q_py_list_int_ref1,WhileLoopWithUpdate,WhileLoopWithListIndexing
q_py_topic_references:q_py_list_int_ref1,WhileLoopWithUpdate,WhileLoopWith*=
q_py_topic_references:q_py_list_int_ref1,WhileLoopWithUpdate,WhileLoopWith+=
q_py_topic_references:q_py_list_int_ref1,ForLoopWithUpdate,ForLoopWith+=
q_py_topic_references:q_py_list_int_ref1,ForLoopWithUpdate,ForLoopWith*=
q_py_topic_references:q_py_list_int_ref1,ForLoopWithUpdate,ForLoopWithListIndexing
q_py_topic_references:q_py_list_int_ref1,NestedLoopIteration,MixedNestedLoopIteration
q_py_topic_references:q_py_list_int_ref1,NestedLoopIteration,NestedForLoopIteration
q_py_topic_references:q_py_list_int_ref1,NestedLoopIteration,NestedWhileLoopIteration
q_py_topic_references:q_py_list_int_ref1,ArithmeticOperation,FindAbsolute
q_py_topic_references:q_py_list_int_ref1,ArithmeticOperation,FindRemainder
q_py_topic_references:q_py_list_int_ref1,ArithmeticOperation,FindMaximum
q_py_topic_references:q_py_list_int_ref1,ArithmeticOperation,Addition
q_py_topic_references:q_py_list_int_ref1,ArithmeticOperation,Round
q_py_topic_references:q_py_list_int_ref1,ArithmeticOperation,Power
q_py_topic_references:q_py_list_int_ref1,ArithmeticOperation,FindMinimum
q_py_topic_references:q_py_list_int_ref1,ArithmeticOperation,Substraction
q_py_topic_references:q_py_list_int_ref1,ArithmeticOperation,Division
q_py_topic_references:q_py_list_int_ref1,ArithmeticOperation,Multiplication
q_py_topic_references:q_py_list_int_ref1,HandlingInteger,TransformingToIntType
q_py_topic_references:q_py_list_int_ref1,HandlingTuple,CreatingTuple
q_py_topic_references:q_py_list_int_ref1,HandlingTuple,SlicingTuple
q_py_topic_references:q_py_list_int_ref1,HandlingTuple,IndexingTuple
q_py_topic_references:q_py_list_int_ref1,HandlingFloat,TransformingToFloatType
q_py_topic_references:q_py_list_int_ref1,HandlingDictionary,ReplacingDictionaryElement
q_py_topic_references:q_py_list_int_ref1,HandlingDictionary,IndexingDictionary
q_py_topic_references:q_py_list_int_ref1,HandlingDictionary,AddingItemToDictionary
q_py_topic_references:q_py_list_int_ref1,HandlingDictionary,AccessingDictionary
q_py_topic_references:q_py_list_int_ref1,HandlingDictionary,CreatingDictionary
q_py_topic_references:q_py_list_int_ref1,HandlingList,DeletingListElement
q_py_topic_references:q_py_list_int_ref1,HandlingList,SlicingList
q_py_topic_references:q_py_list_int_ref1,HandlingList,ReplacingListElement
q_py_topic_references:q_py_list_int_ref1,HandlingList,ReversingList
q_py_topic_references:q_py_list_int_ref1,AddingListElement,AddingListElementWithInsert
q_py_topic_references:q_py_list_int_ref1,AddingListElement,AddingListElementWithAppend
q_py_topic_references:q_py_list_int_ref1,HandlingFile,ClosingFile
q_py_topic_references:q_py_list_int_ref1,HandlingFile,ReadingLine
q_py_topic_references:q_py_list_int_ref1,HandlingFile,OpeningFile
q_py_topic_references:q_py_list_int_ref1,HandlingString,CreatingString
q_py_topic_references:q_py_list_int_ref1,HandlingString,ReplacingStringContent
q_py_topic_references:q_py_list_int_ref1,HandlingString,FormattingString
q_py_topic_references:q_py_list_int_ref1,HandlingString,TransformingToStringType
q_py_topic_references:q_py_list_int_ref1,HandlingString,SplittingString
q_py_topic_references:q_py_list_int_ref1,HandlingString,TrimmingString
q_py_topic_references:q_py_list_int_ref1,HandlingString,IndexingString
q_py_topic_references:q_py_list_int_ref1,HandlingString,SlicingString
q_py_topic_references:q_py_list_int_ref1,ModifyingStringCase,ConvertStringToUpperCase
q_py_topic_references:q_py_list_int_ref1,ModifyingStringCase,ConvertStringToLowerCase
q_py_topic_references:q_py_list_int_ref1,ModifyingStringCase,CapitalizeString
q_py_topic_references:q_py_list_int_ref1,HandlingError,HandlingSpecificError
q_py_topic_references:q_py_list_int_ref1,HandlingError,HandlingGeneralError
q_py_topic_references:q_py_list_str_ref1,Python,Concatenation
q_py_topic_references:q_py_list_str_ref1,Python,FindingLength
q_py_topic_references:q_py_list_str_ref1,Python,CheckingForItem
q_py_topic_references:q_py_list_str_ref1,Python,HandlingInput
q_py_topic_references:q_py_list_str_ref1,CheckingCondition,AssertChecking
q_py_topic_references:q_py_list_str_ref1,CheckingCondition,NestedIfChecking
q_py_topic_references:q_py_list_str_ref1,CheckingCondition,IfElifChecking
q_py_topic_references:q_py_list_str_ref1,CheckingInForLoop,IfElseCheckingInForLoop
q_py_topic_references:q_py_list_str_ref1,CheckingInForLoop,IfElifCheckingInForLoop
q_py_topic_references:q_py_list_str_ref1,CheckingInForLoop,IfCheckingInForLoop
q_py_topic_references:q_py_list_str_ref1,CheckingInForLoop,IfElifElseCheckingInForLoop
q_py_topic_references:q_py_list_str_ref1,CheckingInWhileLoop,IfElifElseCheckingInWhileLoop
q_py_topic_references:q_py_list_str_ref1,CheckingInWhileLoop,IfCheckingInWhileLoop
q_py_topic_references:q_py_list_str_ref1,CheckingInWhileLoop,IfElseCheckingInWhileLoop
q_py_topic_references:q_py_list_str_ref1,CheckingInWhileLoop,IfElifCheckingInWhileLoop
q_py_topic_references:q_py_list_str_ref1,ManagingVariable,SwappingVariablesValue
q_py_topic_references:q_py_list_str_ref1,ManagingVariable,AssigningVariable
q_py_topic_references:q_py_list_str_ref1,HandlingAdvancedDataStructure,BinaryTreeTask
q_py_topic_references:q_py_list_str_ref1,HandlingAdvancedDataStructure,LinkedListTask
q_py_topic_references:q_py_list_str_ref1,HandlingAdvancedDataStructure,QueueTask
q_py_topic_references:q_py_list_str_ref1,HandlingAdvancedDataStructure,StackTask
q_py_topic_references:q_py_list_str_ref1,TwoDimensionalArrayTask,ReplacingElement2DArray
q_py_topic_references:q_py_list_str_ref1,TwoDimensionalArrayTask,Indexing2DArray
q_py_topic_references:q_py_list_str_ref1,TwoDimensionalArrayTask,Create2DArray
q_py_topic_references:q_py_list_str_ref1,HandlingObjectOrientedProgramming,CallingOOPMethod
q_py_topic_references:q_py_list_str_ref1,HandlingObjectOrientedProgramming,CreatingObject
q_py_topic_references:q_py_list_str_ref1,HandlingObjectOrientedProgramming,DefiningClass
q_py_topic_references:q_py_list_str_ref1,HandlingObjectOrientedProgramming,DefiningOOPMethod
q_py_topic_references:q_py_list_str_ref1,HandlingFunctionCallingFunction,DefiningFunctionCallingFunction
q_py_topic_references:q_py_list_str_ref1,HandlingStandardFunction,CallingStandardFunction
q_py_topic_references:q_py_list_str_ref1,HandlingStandardFunction,DefiningStandardFunction
q_py_topic_references:q_py_list_str_ref1,NonNestedIteration,SingleForLoopIteration
q_py_topic_references:q_py_list_str_ref1,NonNestedIteration,SingleWhileLoopIteration
q_py_topic_references:q_py_list_str_ref1,WhileLoopWithUpdate,WhileLoopWithListIndexing
q_py_topic_references:q_py_list_str_ref1,WhileLoopWithUpdate,WhileLoopWith*=
q_py_topic_references:q_py_list_str_ref1,WhileLoopWithUpdate,WhileLoopWith+=
q_py_topic_references:q_py_list_str_ref1,ForLoopWithUpdate,ForLoopWith+=
q_py_topic_references:q_py_list_str_ref1,ForLoopWithUpdate,ForLoopWith*=
q_py_topic_references:q_py_list_str_ref1,ForLoopWithUpdate,ForLoopWithListIndexing
q_py_topic_references:q_py_list_str_ref1,NestedLoopIteration,MixedNestedLoopIteration
q_py_topic_references:q_py_list_str_ref1,NestedLoopIteration,NestedForLoopIteration
q_py_topic_references:q_py_list_str_ref1,NestedLoopIteration,NestedWhileLoopIteration
q_py_topic_references:q_py_list_str_ref1,ArithmeticOperation,FindAbsolute
q_py_topic_references:q_py_list_str_ref1,ArithmeticOperation,FindRemainder
q_py_topic_references:q_py_list_str_ref1,ArithmeticOperation,FindMaximum
q_py_topic_references:q_py_list_str_ref1,ArithmeticOperation,Addition
q_py_topic_references:q_py_list_str_ref1,ArithmeticOperation,Round
q_py_topic_references:q_py_list_str_ref1,ArithmeticOperation,Power
q_py_topic_references:q_py_list_str_ref1,ArithmeticOperation,FindMinimum
q_py_topic_references:q_py_list_str_ref1,ArithmeticOperation,Substraction
q_py_topic_references:q_py_list_str_ref1,ArithmeticOperation,Division
q_py_topic_references:q_py_list_str_ref1,ArithmeticOperation,Multiplication
q_py_topic_references:q_py_list_str_ref1,HandlingInteger,TransformingToIntType
q_py_topic_references:q_py_list_str_ref1,HandlingTuple,CreatingTuple
q_py_topic_references:q_py_list_str_ref1,HandlingTuple,SlicingTuple
q_py_topic_references:q_py_list_str_ref1,HandlingTuple,IndexingTuple
q_py_topic_references:q_py_list_str_ref1,HandlingFloat,TransformingToFloatType
q_py_topic_references:q_py_list_str_ref1,HandlingDictionary,ReplacingDictionaryElement
q_py_topic_references:q_py_list_str_ref1,HandlingDictionary,IndexingDictionary
q_py_topic_references:q_py_list_str_ref1,HandlingDictionary,AddingItemToDictionary
q_py_topic_references:q_py_list_str_ref1,HandlingDictionary,AccessingDictionary
q_py_topic_references:q_py_list_str_ref1,HandlingDictionary,CreatingDictionary
q_py_topic_references:q_py_list_str_ref1,HandlingList,DeletingListElement
q_py_topic_references:q_py_list_str_ref1,HandlingList,CreatingList
q_py_topic_references:q_py_list_str_ref1,HandlingList,SlicingList
q_py_topic_references:q_py_list_str_ref1,HandlingList,ReversingList
q_py_topic_references:q_py_list_str_ref1,AddingListElement,AddingListElementWithInsert
q_py_topic_references:q_py_list_str_ref1,AddingListElement,AddingListElementWithAppend
q_py_topic_references:q_py_list_str_ref1,HandlingFile,ClosingFile
q_py_topic_references:q_py_list_str_ref1,HandlingFile,ReadingLine
q_py_topic_references:q_py_list_str_ref1,HandlingFile,OpeningFile
q_py_topic_references:q_py_list_str_ref1,HandlingString,CreatingString
q_py_topic_references:q_py_list_str_ref1,HandlingString,FormattingString
q_py_topic_references:q_py_list_str_ref1,HandlingString,TransformingToStringType
q_py_topic_references:q_py_list_str_ref1,HandlingString,SplittingString
q_py_topic_references:q_py_list_str_ref1,HandlingString,TrimmingString
q_py_topic_references:q_py_list_str_ref1,HandlingString,IndexingString
q_py_topic_references:q_py_list_str_ref1,HandlingString,SlicingString
q_py_topic_references:q_py_list_str_ref1,ModifyingStringCase,ConvertStringToUpperCase
q_py_topic_references:q_py_list_str_ref1,ModifyingStringCase,ConvertStringToLowerCase
q_py_topic_references:q_py_list_str_ref1,ModifyingStringCase,CapitalizeString
ae_adl_objects3,HandlingFunctionCallingFunction,DefiningFunctionCallingFunction
ae_adl_objects3,HandlingStandardFunction,CallingStandardFunction
ae_adl_objects3,HandlingStandardFunction,DefiningStandardFunction
ae_adl_objects3,HandlingDictionary,AccessingDictionary
ae_python_intro,Python,HandlingInput
ae_python_assignment,Python,HandlingInput
ae_python_float,Python,Concatenation
ae_python_float,Python,Importing
ae_python_float,Python,FindingLength
ae_python_float,Python,CheckingForItem
ae_python_float,CheckingCondition,AssertChecking
ae_python_float,CheckingCondition,IfElifChecking
ae_python_float,CheckingCondition,BooleanEvaluating
ae_python_float,CheckingInForLoop,IfElseCheckingInForLoop
ae_python_float,CheckingInForLoop,IfElifCheckingInForLoop
ae_python_float,CheckingInForLoop,IfCheckingInForLoop
ae_python_float,CheckingInForLoop,IfElifElseCheckingInForLoop
ae_python_float,CheckingInWhileLoop,IfElifElseCheckingInWhileLoop
ae_python_float,CheckingInWhileLoop,IfCheckingInWhileLoop
ae_python_float,CheckingInWhileLoop,IfElseCheckingInWhileLoop
ae_python_float,CheckingInWhileLoop,IfElifCheckingInWhileLoop
ae_python_float,ManagingVariable,SwappingVariablesValue
ae_python_float,HandlingAdvancedDataStructure,BinaryTreeTask
ae_python_float,HandlingAdvancedDataStructure,LinkedListTask
ae_python_float,HandlingAdvancedDataStructure,QueueTask
ae_python_float,HandlingAdvancedDataStructure,StackTask
ae_python_float,TwoDimensionalArrayTask,ReplacingElement2DArray
ae_python_float,TwoDimensionalArrayTask,Indexing2DArray
ae_python_float,TwoDimensionalArrayTask,Create2DArray
ae_python_float,HandlingObjectOrientedProgramming,CallingOOPMethod
ae_python_float,HandlingObjectOrientedProgramming,CreatingObject
ae_python_float,HandlingObjectOrientedProgramming,DefiningClass
ae_python_float,HandlingObjectOrientedProgramming,DefiningOOPMethod
ae_python_float,HandlingStandardFunction,CallingStandardFunction
ae_python_float,HandlingStandardFunction,DefiningStandardFunction
ae_python_float,ArithmeticOperation,FindAbsolute
ae_python_float,ArithmeticOperation,FindRemainder
ae_python_float,ArithmeticOperation,FindMaximum
ae_python_float,ArithmeticOperation,Round
ae_python_float,ArithmeticOperation,Power
ae_python_float,ArithmeticOperation,FindMinimum
ae_python_float,ArithmeticOperation,Substraction
ae_python_float,ArithmeticOperation,Division
ae_python_float,HandlingInteger,TransformingToIntType
ae_python_float,HandlingTuple,CreatingTuple
ae_python_float,HandlingTuple,SlicingTuple
ae_python_float,HandlingTuple,IndexingTuple
ae_python_float,HandlingFloat,TransformingToFloatType
ae_python_float,HandlingDictionary,ReplacingDictionaryElement
ae_python_float,HandlingDictionary,IndexingDictionary
ae_python_float,HandlingDictionary,AddingItemToDictionary
ae_python_float,HandlingDictionary,AccessingDictionary
ae_python_float,HandlingDictionary,CreatingDictionary
ae_python_float,HandlingList,DeletingListElement
ae_python_float,HandlingList,SlicingList
ae_python_float,HandlingList,ReversingList
ae_python_float,HandlingFile,ClosingFile
ae_python_float,HandlingFile,ReadingLine
ae_python_float,HandlingFile,OpeningFile
ae_python_float,HandlingString,TransformingToStringType
ae_python_float,HandlingString,SplittingString
ae_python_float,HandlingString,TrimmingString
ae_python_if,Python,FindingLength
ae_python_if,Python,CheckingForItem
ae_python_if,CheckingCondition,AssertChecking
ae_python_while,Python,Concatenation
ae_python_while,CheckingInForLoop,IfElseCheckingInForLoop
ae_python_while,CheckingInForLoop,IfElifCheckingInForLoop
ae_python_while,CheckingInForLoop,IfCheckingInForLoop
ae_python_while,CheckingInForLoop,IfElifElseCheckingInForLoop
ae_python_while,HandlingAdvancedDataStructure,BinaryTreeTask
ae_python_while,HandlingAdvancedDataStructure,LinkedListTask
ae_python_while,HandlingAdvancedDataStructure,QueueTask
ae_python_while,HandlingAdvancedDataStructure,StackTask
ae_python_while,TwoDimensionalArrayTask,ReplacingElement2DArray
ae_python_while,TwoDimensionalArrayTask,Indexing2DArray
ae_python_while,TwoDimensionalArrayTask,Create2DArray
ae_python_while,HandlingObjectOrientedProgramming,CallingOOPMethod
ae_python_while,HandlingStandardFunction,CallingStandardFunction
ae_python_while,HandlingStandardFunction,DefiningStandardFunction
ae_python_while,NonNestedIteration,SingleForLoopIteration
ae_python_while,ForLoopWithUpdate,ForLoopWith+=
ae_python_while,ForLoopWithUpdate,ForLoopWith*=
ae_python_while,ForLoopWithUpdate,ForLoopWithListIndexing
ae_python_while,NestedLoopIteration,MixedNestedLoopIteration
ae_python_while,NestedLoopIteration,NestedForLoopIteration
ae_python_while,NestedLoopIteration,NestedWhileLoopIteration
ae_python_while,ArithmeticOperation,Round
ae_python_while,HandlingTuple,CreatingTuple
ae_python_while,HandlingTuple,SlicingTuple
ae_python_while,HandlingTuple,IndexingTuple
ae_python_while,HandlingFloat,TransformingToFloatType
ae_python_while,HandlingList,SlicingList
ae_python_while,HandlingList,ListReferencing
ae_python_while,HandlingFile,ClosingFile
ae_python_while,HandlingFile,ReadingLine
ae_python_while,HandlingFile,OpeningFile
ae_python_while,HandlingString,ReplacingStringContent
ae_python_while,HandlingString,TransformingToStringType
ae_python_while,HandlingString,SlicingString
ae_python_while,ModifyingStringCase,ConvertStringToUpperCase
ae_python_while,ModifyingStringCase,ConvertStringToLowerCase
ae_python_while,ModifyingStringCase,CapitalizeString
ae_python_function,Python,FindingLength
ae_python_function,Python,CheckingForItem
ae_python_function,Python,HandlingInput
ae_python_function,CheckingCondition,AssertChecking
ae_python_function,CheckingCondition,IfElifChecking
ae_python_function,CheckingCondition,BooleanEvaluating
ae_python_function,CheckingInForLoop,IfElseCheckingInForLoop
ae_python_function,CheckingInForLoop,IfElifCheckingInForLoop
ae_python_function,CheckingInForLoop,IfCheckingInForLoop
ae_python_function,CheckingInForLoop,IfElifElseCheckingInForLoop
ae_python_function,CheckingInWhileLoop,IfElifElseCheckingInWhileLoop
ae_python_function,CheckingInWhileLoop,IfCheckingInWhileLoop
ae_python_function,CheckingInWhileLoop,IfElseCheckingInWhileLoop
ae_python_function,CheckingInWhileLoop,IfElifCheckingInWhileLoop
ae_python_function,ManagingVariable,SwappingVariablesValue
ae_python_function,HandlingAdvancedDataStructure,BinaryTreeTask
ae_python_function,HandlingAdvancedDataStructure,LinkedListTask
ae_python_function,HandlingAdvancedDataStructure,QueueTask
ae_python_function,HandlingAdvancedDataStructure,StackTask
ae_python_function,TwoDimensionalArrayTask,ReplacingElement2DArray
ae_python_function,TwoDimensionalArrayTask,Indexing2DArray
ae_python_function,TwoDimensionalArrayTask,Create2DArray
ae_python_function,HandlingObjectOrientedProgramming,CallingOOPMethod
ae_python_function,HandlingObjectOrientedProgramming,CreatingObject
ae_python_function,HandlingObjectOrientedProgramming,DefiningClass
ae_python_function,HandlingObjectOrientedProgramming,DefiningOOPMethod
ae_python_function,HandlingFunction,NestedFunctionCall
ae_python_function,HandlingFunctionCallingFunction,DefiningFunctionCallingFunction
ae_python_function,HandlingStandardFunction,CallingStandardFunction
ae_python_function,HandlingStandardFunction,DefiningStandardFunction
ae_python_function,NonNestedIteration,SingleForLoopIteration
ae_python_function,NonNestedIteration,SingleWhileLoopIteration
ae_python_function,WhileLoopWithUpdate,WhileLoopWithListIndexing
ae_python_function,WhileLoopWithUpdate,WhileLoopWith*=
ae_python_function,WhileLoopWithUpdate,WhileLoopWith+=
ae_python_function,ForLoopWithUpdate,ForLoopWith+=
ae_python_function,ForLoopWithUpdate,ForLoopWith*=
ae_python_function,ForLoopWithUpdate,ForLoopWithListIndexing
ae_python_function,NestedLoopIteration,MixedNestedLoopIteration
ae_python_function,NestedLoopIteration,NestedForLoopIteration
ae_python_function,NestedLoopIteration,NestedWhileLoopIteration
ae_python_function,ArithmeticOperation,FindAbsolute
ae_python_function,ArithmeticOperation,FindRemainder
ae_python_function,ArithmeticOperation,FindMaximum
ae_python_function,ArithmeticOperation,Round
ae_python_function,ArithmeticOperation,Power
ae_python_function,ArithmeticOperation,FindMinimum
ae_python_function,ArithmeticOperation,Substraction
ae_python_function,ArithmeticOperation,Division
ae_python_function,HandlingInteger,TransformingToIntType
ae_python_function,HandlingTuple,CreatingTuple
ae_python_function,HandlingTuple,SlicingTuple
ae_python_function,HandlingTuple,IndexingTuple
ae_python_function,HandlingFloat,TransformingToFloatType
ae_python_function,HandlingDictionary,ReplacingDictionaryElement
ae_python_function,HandlingDictionary,IndexingDictionary
ae_python_function,HandlingDictionary,AddingItemToDictionary
ae_python_function,HandlingDictionary,AccessingDictionary
ae_python_function,HandlingDictionary,CreatingDictionary
ae_python_function,HandlingList,DeletingListElement
ae_python_function,HandlingList,SlicingList
ae_python_function,HandlingList,ReplacingListElement
ae_python_function,HandlingList,ListReferencing
ae_python_function,HandlingList,ReversingList
ae_python_function,AddingListElement,AddingListElementWithInsert
ae_python_function,AddingListElement,AddingListElementWithAppend
ae_python_function,HandlingFile,ClosingFile
ae_python_function,HandlingFile,ReadingLine
ae_python_function,HandlingFile,OpeningFile
ae_python_function,HandlingString,ReplacingStringContent
ae_python_function,HandlingString,TransformingToStringType
ae_python_function,HandlingString,SplittingString
ae_python_function,HandlingString,TrimmingString
ae_python_function,HandlingString,IndexingString
ae_python_function,HandlingString,SlicingString
ae_python_function,ModifyingStringCase,ConvertStringToUpperCase
ae_python_function,ModifyingStringCase,ConvertStringToLowerCase
ae_python_function,ModifyingStringCase,CapitalizeString
ae_python_function,HandlingError,HandlingSpecificError
ae_python_function,HandlingError,HandlingGeneralError
ae_python_split,HandlingString,TrimmingString
ae_python_split,HandlingString,IndexingString
ae_python_split,HandlingString,SlicingString
ae_python_split,ModifyingStringCase,ConvertStringToUpperCase
ae_python_split,ModifyingStringCase,ConvertStringToLowerCase
ae_python_split,ModifyingStringCase,CapitalizeString
ae_python_split,HandlingError,HandlingSpecificError
ae_python_split,HandlingError,HandlingGeneralError
ae_python_file,Python,Concatenation
ae_python_file,Python,FindingLength
ae_python_file,Python,CheckingForItem
ae_python_file,Python,HandlingInput
ae_python_file,CheckingCondition,IfElseChecking
ae_python_file,CheckingCondition,AssertChecking
ae_python_file,CheckingCondition,IfElifElseChecking
ae_python_file,CheckingCondition,NestedIfChecking
ae_python_file,CheckingCondition,IfElifChecking
ae_python_file,CheckingCondition,BooleanEvaluating
ae_python_file,CheckingInForLoop,IfElseCheckingInForLoop
ae_python_file,CheckingInForLoop,IfElifCheckingInForLoop
ae_python_file,CheckingInForLoop,IfElifElseCheckingInForLoop
ae_python_file,CheckingInWhileLoop,IfElifElseCheckingInWhileLoop
ae_python_file,CheckingInWhileLoop,IfCheckingInWhileLoop
ae_python_file,CheckingInWhileLoop,IfElseCheckingInWhileLoop
ae_python_file,CheckingInWhileLoop,IfElifCheckingInWhileLoop
ae_python_file,ManagingVariable,SwappingVariablesValue
ae_python_file,HandlingAdvancedDataStructure,BinaryTreeTask
ae_python_file,HandlingAdvancedDataStructure,LinkedListTask
ae_python_file,HandlingAdvancedDataStructure,QueueTask
ae_python_file,HandlingAdvancedDataStructure,StackTask
ae_python_file,TwoDimensionalArrayTask,ReplacingElement2DArray
ae_python_file,TwoDimensionalArrayTask,Indexing2DArray
ae_python_file,TwoDimensionalArrayTask,Create2DArray
ae_python_file,HandlingObjectOrientedProgramming,CallingOOPMethod
ae_python_file,HandlingObjectOrientedProgramming,CreatingObject
ae_python_file,HandlingObjectOrientedProgramming,DefiningClass
ae_python_file,HandlingObjectOrientedProgramming,DefiningOOPMethod
ae_python_file,HandlingFunction,NestedFunctionCall
ae_python_file,HandlingFunctionCallingFunction,CallingFunctionCallingFunction
ae_python_file,HandlingFunctionCallingFunction,DefiningFunctionCallingFunction
ae_python_file,HandlingRecursiveFunction,CallingRecursiveFunction
ae_python_file,HandlingRecursiveFunction,DefiningRecursiveFunction
ae_python_file,HandlingNestedFunction,CallingNestedFunction
ae_python_file,HandlingNestedFunction,DefiningNestedFunction
ae_python_file,HandlingStandardFunction,CallingStandardFunction
ae_python_file,HandlingStandardFunction,DefiningStandardFunction
ae_python_file,NonNestedIteration,SingleForLoopIteration
ae_python_file,NonNestedIteration,SingleWhileLoopIteration
ae_python_file,WhileLoopWithUpdate,WhileLoopWithListIndexing
ae_python_file,WhileLoopWithUpdate,WhileLoopWith*=
ae_python_file,WhileLoopWithUpdate,WhileLoopWith+=
ae_python_file,ForLoopWithUpdate,ForLoopWith+=
ae_python_file,ForLoopWithUpdate,ForLoopWith*=
ae_python_file,ForLoopWithUpdate,ForLoopWithListIndexing
ae_python_file,NestedLoopIteration,MixedNestedLoopIteration
ae_python_file,NestedLoopIteration,NestedForLoopIteration
ae_python_file,NestedLoopIteration,NestedWhileLoopIteration
ae_python_file,ArithmeticOperation,FindAbsolute
ae_python_file,ArithmeticOperation,FindRemainder
ae_python_file,ArithmeticOperation,FindMaximum
ae_python_file,ArithmeticOperation,Addition
ae_python_file,ArithmeticOperation,Round
ae_python_file,ArithmeticOperation,Power
ae_python_file,ArithmeticOperation,FindMinimum
ae_python_file,ArithmeticOperation,Substraction
ae_python_file,ArithmeticOperation,Division
ae_python_file,ArithmeticOperation,Multiplication
ae_python_file,HandlingTuple,CreatingTuple
ae_python_file,HandlingTuple,SlicingTuple
ae_python_file,HandlingTuple,IndexingTuple
ae_python_file,HandlingFloat,TransformingToFloatType
ae_python_file,HandlingDictionary,ReplacingDictionaryElement
ae_python_file,HandlingDictionary,IndexingDictionary
ae_python_file,HandlingDictionary,AddingItemToDictionary
ae_python_file,HandlingDictionary,AccessingDictionary
ae_python_file,HandlingDictionary,CreatingDictionary
ae_python_file,HandlingList,DeletingListElement
ae_python_file,HandlingList,IndexingList
ae_python_file,HandlingList,CreatingList
ae_python_file,HandlingList,SlicingList
ae_python_file,HandlingList,ReplacingListElement
ae_python_file,HandlingList,ListReferencing
ae_python_file,HandlingList,ReversingList
ae_python_file,AddingListElement,AddingListElementWithInsert
ae_python_file,AddingListElement,AddingListElementWithAppend
ae_python_file,HandlingString,CreatingString
ae_python_file,HandlingString,ReplacingStringContent
ae_python_file,HandlingString,FormattingString
ae_python_file,HandlingString,TransformingToStringType
ae_python_file,HandlingString,IndexingString
ae_python_file,HandlingString,SlicingString
ae_python_file,ModifyingStringCase,ConvertStringToUpperCase
ae_python_file,ModifyingStringCase,ConvertStringToLowerCase
ae_python_file,ModifyingStringCase,CapitalizeString
ae_python_file,HandlingError,HandlingSpecificError
ae_python_file,HandlingError,HandlingGeneralError
ae_python_class2,Python,HandlingInput
ae_python_class2,CheckingCondition,AssertChecking
ae_python_class2,CheckingCondition,BooleanEvaluating
ae_python_class2,CheckingInForLoop,IfElseCheckingInForLoop
ae_python_class2,CheckingInForLoop,IfElifCheckingInForLoop
ae_python_class2,CheckingInForLoop,IfCheckingInForLoop
ae_python_class2,CheckingInForLoop,IfElifElseCheckingInForLoop
ae_python_class2,CheckingInWhileLoop,IfElifElseCheckingInWhileLoop
ae_python_class2,CheckingInWhileLoop,IfCheckingInWhileLoop
ae_python_class2,CheckingInWhileLoop,IfElseCheckingInWhileLoop
ae_python_class2,CheckingInWhileLoop,IfElifCheckingInWhileLoop
ae_python_class2,ManagingVariable,SwappingVariablesValue
ae_python_class2,HandlingAdvancedDataStructure,BinaryTreeTask
ae_python_class2,HandlingAdvancedDataStructure,LinkedListTask
ae_python_class2,HandlingAdvancedDataStructure,QueueTask
ae_python_class2,HandlingAdvancedDataStructure,StackTask
ae_python_class2,TwoDimensionalArrayTask,ReplacingElement2DArray
ae_python_class2,TwoDimensionalArrayTask,Indexing2DArray
ae_python_class2,TwoDimensionalArrayTask,Create2DArray
ae_python_class2,HandlingFunctionCallingFunction,DefiningFunctionCallingFunction
ae_adl_vals_refs1,Python,CheckingForItem
ae_adl_vals_refs1,CheckingCondition,AssertChecking
ae_adl_vals_refs1,CheckingCondition,IfElifChecking
ae_adl_vals_refs1,CheckingInForLoop,IfElseCheckingInForLoop
ae_adl_vals_refs1,CheckingInForLoop,IfElifCheckingInForLoop
ae_adl_vals_refs1,CheckingInForLoop,IfCheckingInForLoop
ae_adl_vals_refs1,CheckingInForLoop,IfElifElseCheckingInForLoop
ae_adl_vals_refs1,CheckingInWhileLoop,IfElifElseCheckingInWhileLoop
ae_adl_vals_refs1,CheckingInWhileLoop,IfCheckingInWhileLoop
ae_adl_vals_refs1,CheckingInWhileLoop,IfElseCheckingInWhileLoop
ae_adl_vals_refs1,CheckingInWhileLoop,IfElifCheckingInWhileLoop
ae_adl_vals_refs1,ManagingVariable,SwappingVariablesValue
ae_adl_vals_refs1,HandlingAdvancedDataStructure,BinaryTreeTask
ae_adl_vals_refs1,HandlingAdvancedDataStructure,LinkedListTask
ae_adl_vals_refs1,HandlingAdvancedDataStructure,QueueTask
ae_adl_vals_refs1,HandlingAdvancedDataStructure,StackTask
ae_adl_vals_refs1,TwoDimensionalArrayTask,ReplacingElement2DArray
ae_adl_vals_refs1,TwoDimensionalArrayTask,Indexing2DArray
ae_adl_vals_refs1,TwoDimensionalArrayTask,Create2DArray
ae_adl_vals_refs1,HandlingObjectOrientedProgramming,CallingOOPMethod
ae_adl_vals_refs1,HandlingObjectOrientedProgramming,CreatingObject
ae_adl_vals_refs1,HandlingObjectOrientedProgramming,DefiningClass
ae_adl_vals_refs1,HandlingObjectOrientedProgramming,DefiningOOPMethod
ae_adl_vals_refs1,HandlingFunctionCallingFunction,DefiningFunctionCallingFunction
ae_adl_vals_refs1,HandlingStandardFunction,CallingStandardFunction
ae_adl_vals_refs1,HandlingStandardFunction,DefiningStandardFunction
ae_adl_vals_refs1,ArithmeticOperation,Round
ae_adl_vals_refs1,HandlingTuple,CreatingTuple
ae_adl_vals_refs1,HandlingTuple,SlicingTuple
ae_adl_vals_refs1,HandlingTuple,IndexingTuple
ae_adl_vals_refs1,HandlingFloat,TransformingToFloatType
ae_adl_vals_refs1,HandlingList,SlicingList
ae_adl_vals_refs1,HandlingList,ListReferencing
ae_adl_vals_refs1,HandlingList,ReversingList
ae_adl_vals_refs1,HandlingFile,ClosingFile
ae_adl_vals_refs1,HandlingFile,ReadingLine
ae_adl_vals_refs1,HandlingFile,OpeningFile
ae_adl_vals_refs1,HandlingString,ReplacingStringContent
ae_adl_vals_refs1,HandlingString,TransformingToStringType
ae_adl_vals_refs2,Python,CheckingForItem
ae_adl_vals_refs2,Python,HandlingInput
ae_adl_vals_refs2,CheckingCondition,AssertChecking
ae_adl_vals_refs2,CheckingCondition,IfElifChecking
ae_adl_vals_refs2,CheckingCondition,BooleanEvaluating
ae_adl_vals_refs2,CheckingInForLoop,IfElseCheckingInForLoop
ae_adl_vals_refs2,CheckingInForLoop,IfElifCheckingInForLoop
ae_adl_vals_refs2,CheckingInForLoop,IfCheckingInForLoop
ae_adl_vals_refs2,CheckingInForLoop,IfElifElseCheckingInForLoop
ae_adl_vals_refs2,CheckingInWhileLoop,IfElifElseCheckingInWhileLoop
ae_adl_vals_refs2,CheckingInWhileLoop,IfCheckingInWhileLoop
ae_adl_vals_refs2,CheckingInWhileLoop,IfElseCheckingInWhileLoop
ae_adl_vals_refs2,CheckingInWhileLoop,IfElifCheckingInWhileLoop
ae_adl_vals_refs2,ManagingVariable,SwappingVariablesValue
ae_adl_vals_refs2,HandlingAdvancedDataStructure,BinaryTreeTask
ae_adl_vals_refs2,HandlingAdvancedDataStructure,LinkedListTask
ae_adl_vals_refs2,HandlingAdvancedDataStructure,QueueTask
ae_adl_vals_refs2,HandlingAdvancedDataStructure,StackTask
ae_adl_vals_refs2,TwoDimensionalArrayTask,ReplacingElement2DArray
ae_adl_vals_refs2,TwoDimensionalArrayTask,Indexing2DArray
ae_adl_vals_refs2,TwoDimensionalArrayTask,Create2DArray
ae_adl_vals_refs2,HandlingObjectOrientedProgramming,CallingOOPMethod
ae_adl_vals_refs2,HandlingObjectOrientedProgramming,CreatingObject
ae_adl_vals_refs2,HandlingObjectOrientedProgramming,DefiningClass
ae_adl_vals_refs2,HandlingObjectOrientedProgramming,DefiningOOPMethod
ae_adl_vals_refs2,HandlingFunction,NestedFunctionCall
ae_adl_vals_refs2,HandlingFunctionCallingFunction,DefiningFunctionCallingFunction
ae_adl_vals_refs2,HandlingStandardFunction,CallingStandardFunction
ae_adl_vals_refs2,HandlingStandardFunction,DefiningStandardFunction
ae_adl_vals_refs2,NonNestedIteration,SingleForLoopIteration
ae_adl_vals_refs2,NonNestedIteration,SingleWhileLoopIteration
ae_adl_vals_refs2,WhileLoopWithUpdate,WhileLoopWithListIndexing
ae_adl_vals_refs2,WhileLoopWithUpdate,WhileLoopWith*=
ae_adl_vals_refs2,WhileLoopWithUpdate,WhileLoopWith+=
ae_adl_vals_refs2,ForLoopWithUpdate,ForLoopWith+=
ae_adl_vals_refs2,ForLoopWithUpdate,ForLoopWith*=
ae_adl_vals_refs2,ForLoopWithUpdate,ForLoopWithListIndexing
ae_adl_vals_refs2,NestedLoopIteration,MixedNestedLoopIteration
ae_adl_vals_refs2,NestedLoopIteration,NestedForLoopIteration
ae_adl_vals_refs2,NestedLoopIteration,NestedWhileLoopIteration
ae_adl_vals_refs2,ArithmeticOperation,FindAbsolute
ae_adl_vals_refs2,ArithmeticOperation,FindRemainder
ae_adl_vals_refs2,ArithmeticOperation,FindMaximum
ae_adl_vals_refs2,ArithmeticOperation,Addition
ae_adl_vals_refs2,ArithmeticOperation,Round
ae_adl_vals_refs2,ArithmeticOperation,Power
ae_adl_vals_refs2,ArithmeticOperation,FindMinimum
ae_adl_vals_refs2,ArithmeticOperation,Substraction
ae_adl_vals_refs2,ArithmeticOperation,Division
ae_adl_vals_refs2,ArithmeticOperation,Multiplication
ae_adl_vals_refs2,HandlingInteger,TransformingToIntType
ae_adl_vals_refs2,HandlingTuple,CreatingTuple
ae_adl_vals_refs2,HandlingTuple,SlicingTuple
ae_adl_vals_refs2,HandlingTuple,IndexingTuple
ae_adl_vals_refs2,HandlingFloat,TransformingToFloatType
ae_adl_vals_refs2,HandlingDictionary,ReplacingDictionaryElement
ae_adl_vals_refs2,HandlingDictionary,IndexingDictionary
ae_adl_vals_refs2,HandlingDictionary,AddingItemToDictionary
ae_adl_vals_refs2,HandlingDictionary,AccessingDictionary
ae_adl_vals_refs2,HandlingDictionary,CreatingDictionary
ae_adl_vals_refs2,HandlingList,DeletingListElement
ae_adl_vals_refs2,HandlingList,SlicingList
ae_adl_vals_refs2,HandlingList,ReversingList
ae_adl_vals_refs2,AddingListElement,AddingListElementWithInsert
ae_adl_vals_refs2,AddingListElement,AddingListElementWithAppend
ae_adl_vals_refs2,HandlingFile,ClosingFile
ae_adl_vals_refs2,HandlingFile,ReadingLine
ae_adl_vals_refs2,HandlingFile,OpeningFile
ae_adl_vals_refs2,HandlingString,CreatingString
ae_adl_vals_refs2,HandlingString,ReplacingStringContent
ae_adl_vals_refs2,HandlingString,FormattingString
ae_adl_vals_refs2,HandlingString,TransformingToStringType
ae_adl_vals_refs2,HandlingString,SplittingString
ae_adl_vals_refs2,HandlingString,TrimmingString
ae_adl_vals_refs2,HandlingString,IndexingString
ae_adl_vals_refs2,HandlingString,SlicingString
ae_adl_vals_refs2,ModifyingStringCase,ConvertStringToUpperCase
ae_adl_vals_refs2,ModifyingStringCase,ConvertStringToLowerCase
ae_adl_vals_refs2,ModifyingStringCase,CapitalizeString
ae_adl_vals_refs2,HandlingError,HandlingSpecificError
ae_adl_vals_refs2,HandlingError,HandlingGeneralError
ae_adl_vals_refs3,HandlingStandardFunction,DefiningStandardFunction
ae_adl_vals_refs3,HandlingList,ReversingList
ae_adl_tryexcept1,HandlingError,HandlingGeneralError
ae_adl_file1,Python,Concatenation
ae_adl_file1,Python,FindingLength
ae_adl_file1,Python,CheckingForItem
ae_adl_file1,Python,HandlingInput
ae_adl_file1,CheckingCondition,IfElseChecking
ae_adl_file1,CheckingCondition,AssertChecking
ae_adl_file1,CheckingCondition,IfElifElseChecking
ae_adl_file1,CheckingCondition,NestedIfChecking
ae_adl_file1,CheckingCondition,IfChecking
ae_adl_file1,CheckingCondition,IfElifChecking
ae_adl_file1,CheckingCondition,BooleanEvaluating
ae_adl_file1,CheckingInForLoop,IfElseCheckingInForLoop
ae_adl_file1,CheckingInForLoop,IfElifCheckingInForLoop
ae_adl_file1,CheckingInForLoop,IfCheckingInForLoop
ae_adl_file1,CheckingInForLoop,IfElifElseCheckingInForLoop
ae_adl_file1,CheckingInWhileLoop,IfElifElseCheckingInWhileLoop
ae_adl_file1,CheckingInWhileLoop,IfCheckingInWhileLoop
ae_adl_file1,CheckingInWhileLoop,IfElseCheckingInWhileLoop
ae_adl_file1,CheckingInWhileLoop,IfElifCheckingInWhileLoop
ae_adl_file1,ManagingVariable,SwappingVariablesValue
ae_adl_file1,HandlingAdvancedDataStructure,BinaryTreeTask
ae_adl_file1,HandlingAdvancedDataStructure,LinkedListTask
ae_adl_file1,HandlingAdvancedDataStructure,QueueTask
ae_adl_file1,HandlingAdvancedDataStructure,StackTask
ae_adl_file1,TwoDimensionalArrayTask,ReplacingElement2DArray
ae_adl_file1,TwoDimensionalArrayTask,Indexing2DArray
ae_adl_file1,TwoDimensionalArrayTask,Create2DArray
ae_adl_file1,HandlingObjectOrientedProgramming,CallingOOPMethod
ae_adl_file1,HandlingObjectOrientedProgramming,CreatingObject
ae_adl_file1,HandlingObjectOrientedProgramming,DefiningClass
ae_adl_file1,HandlingObjectOrientedProgramming,DefiningOOPMethod
ae_adl_file1,HandlingFunction,NestedFunctionCall
ae_adl_file1,HandlingFunctionCallingFunction,DefiningFunctionCallingFunction
ae_adl_file1,HandlingRecursiveFunction,CallingRecursiveFunction
ae_adl_file1,HandlingRecursiveFunction,DefiningRecursiveFunction
ae_adl_file1,HandlingNestedFunction,CallingNestedFunction
ae_adl_file1,HandlingNestedFunction,DefiningNestedFunction
ae_adl_file1,HandlingStandardFunction,CallingStandardFunction
ae_adl_file1,HandlingStandardFunction,DefiningStandardFunction
ae_adl_file1,NonNestedIteration,SingleWhileLoopIteration
ae_adl_file1,WhileLoopWithUpdate,WhileLoopWithListIndexing
ae_adl_file1,WhileLoopWithUpdate,WhileLoopWith*=
ae_adl_file1,WhileLoopWithUpdate,WhileLoopWith+=
ae_adl_file1,ForLoopWithUpdate,ForLoopWith+=
ae_adl_file1,ForLoopWithUpdate,ForLoopWith*=
ae_adl_file1,ForLoopWithUpdate,ForLoopWithListIndexing
ae_adl_file1,NestedLoopIteration,MixedNestedLoopIteration
ae_adl_file1,NestedLoopIteration,NestedForLoopIteration
ae_adl_file1,NestedLoopIteration,NestedWhileLoopIteration
ae_adl_file1,ArithmeticOperation,FindAbsolute
ae_adl_file1,ArithmeticOperation,FindRemainder
ae_adl_file1,ArithmeticOperation,FindMaximum
ae_adl_file1,ArithmeticOperation,Round
ae_adl_file1,ArithmeticOperation,Power
ae_adl_file1,ArithmeticOperation,FindMinimum
ae_adl_file1,ArithmeticOperation,Substraction
ae_adl_file1,ArithmeticOperation,Multiplication
ae_adl_file1,HandlingTuple,CreatingTuple
ae_adl_file1,HandlingTuple,SlicingTuple
ae_adl_file1,HandlingTuple,IndexingTuple
ae_adl_file1,HandlingFloat,TransformingToFloatType
ae_adl_file1,HandlingDictionary,ReplacingDictionaryElement
ae_adl_file1,HandlingDictionary,IndexingDictionary
ae_adl_file1,HandlingDictionary,AddingItemToDictionary
ae_adl_file1,HandlingDictionary,AccessingDictionary
ae_adl_file1,HandlingDictionary,CreatingDictionary
ae_adl_file1,HandlingList,DeletingListElement
ae_adl_file1,HandlingList,IndexingList
ae_adl_file1,HandlingList,CreatingList
ae_adl_file1,HandlingList,SlicingList
ae_adl_file1,HandlingList,ReplacingListElement
ae_adl_file1,HandlingList,ListReferencing
ae_adl_file1,HandlingList,ReversingList
ae_adl_file1,AddingListElement,AddingListElementWithInsert
ae_adl_file1,AddingListElement,AddingListElementWithAppend
ae_adl_file1,HandlingString,CreatingString
ae_adl_file1,HandlingString,ReplacingStringContent
ae_adl_file1,HandlingString,FormattingString
ae_adl_file1,HandlingString,TransformingToStringType
ae_adl_file1,HandlingString,SplittingString
ae_adl_file1,HandlingString,TrimmingString
ae_adl_file1,HandlingString,IndexingString
ae_adl_file1,HandlingString,SlicingString
ae_adl_file1,ModifyingStringCase,ConvertStringToUpperCase
ae_adl_file1,ModifyingStringCase,ConvertStringToLowerCase
ae_adl_file1,ModifyingStringCase,CapitalizeString
ae_adl_file1,HandlingError,HandlingSpecificError
ae_adl_file1,HandlingError,HandlingGeneralError
ae_adl_file2,Python,Concatenation
ae_adl_file2,Python,FindingLength
ae_adl_file2,Python,CheckingForItem
ae_adl_file2,Python,HandlingInput
ae_adl_file2,CheckingCondition,IfElseChecking
ae_adl_file2,CheckingCondition,AssertChecking
ae_adl_file2,CheckingCondition,IfElifElseChecking
ae_adl_file2,CheckingCondition,NestedIfChecking
ae_adl_file2,CheckingCondition,IfElifChecking
ae_adl_file2,CheckingCondition,BooleanEvaluating
ae_adl_file2,CheckingInForLoop,IfElseCheckingInForLoop
ae_adl_file2,CheckingInForLoop,IfElifCheckingInForLoop
ae_adl_file2,CheckingInForLoop,IfElifElseCheckingInForLoop
ae_adl_file2,CheckingInWhileLoop,IfElifElseCheckingInWhileLoop
ae_adl_file2,CheckingInWhileLoop,IfCheckingInWhileLoop
ae_adl_file2,CheckingInWhileLoop,IfElseCheckingInWhileLoop
ae_adl_file2,CheckingInWhileLoop,IfElifCheckingInWhileLoop
ae_adl_file2,ManagingVariable,SwappingVariablesValue
ae_adl_file2,HandlingAdvancedDataStructure,BinaryTreeTask
ae_adl_file2,HandlingAdvancedDataStructure,LinkedListTask
ae_adl_file2,HandlingAdvancedDataStructure,QueueTask
ae_adl_file2,HandlingAdvancedDataStructure,StackTask
ae_adl_file2,TwoDimensionalArrayTask,ReplacingElement2DArray
ae_adl_file2,TwoDimensionalArrayTask,Indexing2DArray
ae_adl_file2,TwoDimensionalArrayTask,Create2DArray
ae_adl_file2,HandlingObjectOrientedProgramming,CallingOOPMethod
ae_adl_file2,HandlingObjectOrientedProgramming,CreatingObject
ae_adl_file2,HandlingObjectOrientedProgramming,DefiningClass
ae_adl_file2,HandlingObjectOrientedProgramming,DefiningOOPMethod
ae_adl_file2,HandlingFunction,NestedFunctionCall
ae_adl_file2,HandlingFunctionCallingFunction,CallingFunctionCallingFunction
ae_adl_file2,HandlingFunctionCallingFunction,DefiningFunctionCallingFunction
ae_adl_file2,HandlingRecursiveFunction,CallingRecursiveFunction
ae_adl_file2,HandlingRecursiveFunction,DefiningRecursiveFunction
ae_adl_file2,HandlingNestedFunction,CallingNestedFunction
ae_adl_file2,HandlingNestedFunction,DefiningNestedFunction
ae_adl_file2,NonNestedIteration,SingleWhileLoopIteration
ae_adl_file2,WhileLoopWithUpdate,WhileLoopWithListIndexing
ae_adl_file2,WhileLoopWithUpdate,WhileLoopWith*=
ae_adl_file2,WhileLoopWithUpdate,WhileLoopWith+=
ae_adl_file2,ForLoopWithUpdate,ForLoopWith+=
ae_adl_file2,ForLoopWithUpdate,ForLoopWith*=
ae_adl_file2,ForLoopWithUpdate,ForLoopWithListIndexing
ae_adl_file2,NestedLoopIteration,MixedNestedLoopIteration
ae_adl_file2,NestedLoopIteration,NestedForLoopIteration
ae_adl_file2,NestedLoopIteration,NestedWhileLoopIteration
ae_adl_file2,ArithmeticOperation,FindAbsolute
ae_adl_file2,ArithmeticOperation,FindRemainder
ae_adl_file2,ArithmeticOperation,FindMaximum
ae_adl_file2,ArithmeticOperation,Addition
ae_adl_file2,ArithmeticOperation,Round
ae_adl_file2,ArithmeticOperation,Power
ae_adl_file2,ArithmeticOperation,FindMinimum
ae_adl_file2,ArithmeticOperation,Substraction
ae_adl_file2,ArithmeticOperation,Division
ae_adl_file2,ArithmeticOperation,Multiplication
ae_adl_file2,HandlingInteger,TransformingToIntType
ae_adl_file2,HandlingTuple,CreatingTuple
ae_adl_file2,HandlingTuple,SlicingTuple
ae_adl_file2,HandlingTuple,IndexingTuple
ae_adl_file2,HandlingFloat,TransformingToFloatType
ae_adl_file2,HandlingDictionary,ReplacingDictionaryElement
ae_adl_file2,HandlingDictionary,IndexingDictionary
ae_adl_file2,HandlingDictionary,AddingItemToDictionary
ae_adl_file2,HandlingDictionary,AccessingDictionary
ae_adl_file2,HandlingDictionary,CreatingDictionary
ae_adl_file2,HandlingList,DeletingListElement
ae_adl_file2,HandlingList,CreatingList
ae_adl_file2,HandlingList,SlicingList
ae_adl_file2,HandlingList,ReplacingListElement
ae_adl_file2,HandlingList,ListReferencing
ae_adl_file2,HandlingList,ReversingList
ae_adl_file2,AddingListElement,AddingListElementWithInsert
ae_adl_file2,AddingListElement,AddingListElementWithAppend
ae_adl_file2,HandlingString,CreatingString
ae_adl_file2,HandlingString,ReplacingStringContent
ae_adl_file2,HandlingString,FormattingString
ae_adl_file2,HandlingString,TransformingToStringType
ae_adl_file2,HandlingString,SlicingString
ae_adl_file2,ModifyingStringCase,ConvertStringToUpperCase
ae_adl_file2,ModifyingStringCase,ConvertStringToLowerCase
ae_adl_file2,ModifyingStringCase,CapitalizeString
ae_adl_file2,HandlingError,HandlingSpecificError
ae_adl_file2,HandlingError,HandlingGeneralError
q_py_topic_two_dimensional_array:q_py_2d_arrays1,Python,Concatenation
q_py_topic_two_dimensional_array:q_py_2d_arrays1,Python,Importing
q_py_topic_two_dimensional_array:q_py_2d_arrays1,Python,FindingLength
q_py_topic_two_dimensional_array:q_py_2d_arrays1,Python,Printing
q_py_topic_two_dimensional_array:q_py_2d_arrays1,Python,CheckingForItem
q_py_topic_two_dimensional_array:q_py_2d_arrays1,Python,HandlingInput
q_py_topic_two_dimensional_array:q_py_2d_arrays1,CheckingCondition,IfElseChecking
q_py_topic_two_dimensional_array:q_py_2d_arrays1,CheckingCondition,AssertChecking
q_py_topic_two_dimensional_array:q_py_2d_arrays1,CheckingCondition,IfElifElseChecking
q_py_topic_two_dimensional_array:q_py_2d_arrays1,CheckingCondition,NestedIfChecking
q_py_topic_two_dimensional_array:q_py_2d_arrays1,CheckingCondition,IfChecking
q_py_topic_two_dimensional_array:q_py_2d_arrays1,CheckingCondition,IfElifChecking
q_py_topic_two_dimensional_array:q_py_2d_arrays1,CheckingCondition,BooleanEvaluating
q_py_topic_two_dimensional_array:q_py_2d_arrays1,CheckingInForLoop,IfElseCheckingInForLoop
q_py_topic_two_dimensional_array:q_py_2d_arrays1,CheckingInForLoop,IfElifCheckingInForLoop
q_py_topic_two_dimensional_array:q_py_2d_arrays1,CheckingInForLoop,IfCheckingInForLoop
q_py_topic_two_dimensional_array:q_py_2d_arrays1,CheckingInForLoop,IfElifElseCheckingInForLoop
q_py_topic_two_dimensional_array:q_py_2d_arrays1,CheckingInWhileLoop,IfElifElseCheckingInWhileLoop
q_py_topic_two_dimensional_array:q_py_2d_arrays1,CheckingInWhileLoop,IfCheckingInWhileLoop
q_py_topic_two_dimensional_array:q_py_2d_arrays1,CheckingInWhileLoop,IfElseCheckingInWhileLoop
q_py_topic_two_dimensional_array:q_py_2d_arrays1,CheckingInWhileLoop,IfElifCheckingInWhileLoop
q_py_topic_two_dimensional_array:q_py_2d_arrays1,ManagingVariable,SwappingVariablesValue
q_py_topic_two_dimensional_array:q_py_2d_arrays1,ManagingVariable,AssigningVariable
q_py_topic_two_dimensional_array:q_py_2d_arrays1,ManagingVariable,UpdatingVariable
q_py_topic_two_dimensional_array:q_py_2d_arrays1,HandlingAdvancedDataStructure,BinaryTreeTask
q_py_topic_two_dimensional_array:q_py_2d_arrays1,HandlingAdvancedDataStructure,LinkedListTask
q_py_topic_two_dimensional_array:q_py_2d_arrays1,HandlingAdvancedDataStructure,QueueTask
q_py_topic_two_dimensional_array:q_py_2d_arrays1,HandlingAdvancedDataStructure,StackTask
q_py_topic_two_dimensional_array:q_py_2d_arrays1,TwoDimensionalArrayTask,ReplacingElement2DArray
q_py_topic_two_dimensional_array:q_py_2d_arrays1,TwoDimensionalArrayTask,Create2DArray
q_py_topic_two_dimensional_array:q_py_2d_arrays1,HandlingObjectOrientedProgramming,CallingOOPMethod
q_py_topic_two_dimensional_array:q_py_2d_arrays1,HandlingObjectOrientedProgramming,CreatingObject
q_py_topic_two_dimensional_array:q_py_2d_arrays1,HandlingObjectOrientedProgramming,DefiningClass
q_py_topic_two_dimensional_array:q_py_2d_arrays1,HandlingObjectOrientedProgramming,DefiningOOPMethod
q_py_topic_two_dimensional_array:q_py_2d_arrays1,HandlingFunction,CallingFunctionLibrary
q_py_topic_two_dimensional_array:q_py_2d_arrays1,HandlingFunction,NestedFunctionCall
q_py_topic_two_dimensional_array:q_py_2d_arrays1,HandlingFunctionCallingFunction,CallingFunctionCallingFunction
q_py_topic_two_dimensional_array:q_py_2d_arrays1,HandlingFunctionCallingFunction,DefiningFunctionCallingFunction
q_py_topic_two_dimensional_array:q_py_2d_arrays1,HandlingRecursiveFunction,CallingRecursiveFunction
q_py_topic_two_dimensional_array:q_py_2d_arrays1,HandlingRecursiveFunction,DefiningRecursiveFunction
q_py_topic_two_dimensional_array:q_py_2d_arrays1,HandlingNestedFunction,CallingNestedFunction
q_py_topic_two_dimensional_array:q_py_2d_arrays1,HandlingNestedFunction,DefiningNestedFunction
q_py_topic_two_dimensional_array:q_py_2d_arrays1,HandlingStandardFunction,CallingStandardFunction
q_py_topic_two_dimensional_array:q_py_2d_arrays1,HandlingStandardFunction,DefiningStandardFunction
q_py_topic_two_dimensional_array:q_py_2d_arrays1,NonNestedIteration,SingleForLoopIteration
q_py_topic_two_dimensional_array:q_py_2d_arrays1,NonNestedIteration,SingleWhileLoopIteration
q_py_topic_two_dimensional_array:q_py_2d_arrays1,WhileLoopWithUpdate,WhileLoopWithListIndexing
q_py_topic_two_dimensional_array:q_py_2d_arrays1,WhileLoopWithUpdate,WhileLoopWith*=
q_py_topic_two_dimensional_array:q_py_2d_arrays1,WhileLoopWithUpdate,WhileLoopWith+=
q_py_topic_two_dimensional_array:q_py_2d_arrays1,ForLoopWithUpdate,ForLoopWith+=
q_py_topic_two_dimensional_array:q_py_2d_arrays1,ForLoopWithUpdate,ForLoopWith*=
q_py_topic_two_dimensional_array:q_py_2d_arrays1,ForLoopWithUpdate,ForLoopWithListIndexing
q_py_topic_two_dimensional_array:q_py_2d_arrays1,NestedLoopIteration,MixedNestedLoopIteration
q_py_topic_two_dimensional_array:q_py_2d_arrays1,NestedLoopIteration,NestedForLoopIteration
q_py_topic_two_dimensional_array:q_py_2d_arrays1,NestedLoopIteration,NestedWhileLoopIteration
q_py_topic_two_dimensional_array:q_py_2d_arrays1,ArithmeticOperation,FindAbsolute
q_py_topic_two_dimensional_array:q_py_2d_arrays1,ArithmeticOperation,FindRemainder
q_py_topic_two_dimensional_array:q_py_2d_arrays1,ArithmeticOperation,FindMaximum
q_py_topic_two_dimensional_array:q_py_2d_arrays1,ArithmeticOperation,Round
q_py_topic_two_dimensional_array:q_py_2d_arrays1,ArithmeticOperation,Power
q_py_topic_two_dimensional_array:q_py_2d_arrays1,ArithmeticOperation,FindMinimum
q_py_topic_two_dimensional_array:q_py_2d_arrays1,ArithmeticOperation,Substraction
q_py_topic_two_dimensional_array:q_py_2d_arrays1,ArithmeticOperation,Division
q_py_topic_two_dimensional_array:q_py_2d_arrays1,ArithmeticOperation,Multiplication
q_py_topic_two_dimensional_array:q_py_2d_arrays1,HandlingInteger,TransformingToIntType
q_py_topic_two_dimensional_array:q_py_2d_arrays1,HandlingTuple,CreatingTuple
q_py_topic_two_dimensional_array:q_py_2d_arrays1,HandlingTuple,SlicingTuple
q_py_topic_two_dimensional_array:q_py_2d_arrays1,HandlingTuple,IndexingTuple
q_py_topic_two_dimensional_array:q_py_2d_arrays1,HandlingFloat,TransformingToFloatType
q_py_topic_two_dimensional_array:q_py_2d_arrays1,HandlingDictionary,ReplacingDictionaryElement
q_py_topic_two_dimensional_array:q_py_2d_arrays1,HandlingDictionary,IndexingDictionary
q_py_topic_two_dimensional_array:q_py_2d_arrays1,HandlingDictionary,AddingItemToDictionary
q_py_topic_two_dimensional_array:q_py_2d_arrays1,HandlingDictionary,AccessingDictionary
q_py_topic_two_dimensional_array:q_py_2d_arrays1,HandlingDictionary,CreatingDictionary
q_py_topic_two_dimensional_array:q_py_2d_arrays1,HandlingList,DeletingListElement
q_py_topic_two_dimensional_array:q_py_2d_arrays1,HandlingList,IndexingList
q_py_topic_two_dimensional_array:q_py_2d_arrays1,HandlingList,CreatingList
q_py_topic_two_dimensional_array:q_py_2d_arrays1,HandlingList,SlicingList
q_py_topic_two_dimensional_array:q_py_2d_arrays1,HandlingList,ReplacingListElement
q_py_topic_two_dimensional_array:q_py_2d_arrays1,HandlingList,ListReferencing
q_py_topic_two_dimensional_array:q_py_2d_arrays1,HandlingList,ReversingList
q_py_topic_two_dimensional_array:q_py_2d_arrays1,AddingListElement,AddingListElementWithInsert
q_py_topic_two_dimensional_array:q_py_2d_arrays1,AddingListElement,AddingListElementWithAppend
q_py_topic_two_dimensional_array:q_py_2d_arrays1,HandlingFile,ClosingFile
q_py_topic_two_dimensional_array:q_py_2d_arrays1,HandlingFile,ReadingLine
q_py_topic_two_dimensional_array:q_py_2d_arrays1,HandlingFile,OpeningFile
q_py_topic_two_dimensional_array:q_py_2d_arrays1,HandlingString,CreatingString
q_py_topic_two_dimensional_array:q_py_2d_arrays1,HandlingString,ReplacingStringContent
q_py_topic_two_dimensional_array:q_py_2d_arrays1,HandlingString,FormattingString
q_py_topic_two_dimensional_array:q_py_2d_arrays1,HandlingString,TransformingToStringType
q_py_topic_two_dimensional_array:q_py_2d_arrays1,HandlingString,SplittingString
q_py_topic_two_dimensional_array:q_py_2d_arrays1,HandlingString,TrimmingString
q_py_topic_two_dimensional_array:q_py_2d_arrays1,HandlingString,IndexingString
q_py_topic_two_dimensional_array:q_py_2d_arrays1,HandlingString,SlicingString
q_py_topic_two_dimensional_array:q_py_2d_arrays1,ModifyingStringCase,ConvertStringToUpperCase
q_py_topic_two_dimensional_array:q_py_2d_arrays1,ModifyingStringCase,ConvertStringToLowerCase
q_py_topic_two_dimensional_array:q_py_2d_arrays1,ModifyingStringCase,CapitalizeString
q_py_topic_two_dimensional_array:q_py_2d_arrays1,HandlingError,HandlingSpecificError
q_py_topic_two_dimensional_array:q_py_2d_arrays1,HandlingError,HandlingGeneralError
q_py_topic_two_dimensional_array:q_py_2d_arrays3,CheckingCondition,AssertChecking
q_py_topic_two_dimensional_array:q_py_2d_arrays3,CheckingCondition,IfElifChecking
q_py_topic_two_dimensional_array:q_py_2d_arrays3,CheckingCondition,BooleanEvaluating
q_py_topic_two_dimensional_array:q_py_2d_arrays3,CheckingInForLoop,IfElseCheckingInForLoop
q_py_topic_two_dimensional_array:q_py_2d_arrays3,CheckingInForLoop,IfElifCheckingInForLoop
q_py_topic_two_dimensional_array:q_py_2d_arrays3,CheckingInForLoop,IfCheckingInForLoop
q_py_topic_two_dimensional_array:q_py_2d_arrays3,CheckingInForLoop,IfElifElseCheckingInForLoop
q_py_topic_two_dimensional_array:q_py_2d_arrays3,CheckingInWhileLoop,IfElifElseCheckingInWhileLoop
q_py_topic_two_dimensional_array:q_py_2d_arrays3,CheckingInWhileLoop,IfCheckingInWhileLoop
q_py_topic_two_dimensional_array:q_py_2d_arrays3,CheckingInWhileLoop,IfElseCheckingInWhileLoop
q_py_topic_two_dimensional_array:q_py_2d_arrays3,CheckingInWhileLoop,IfElifCheckingInWhileLoop
q_py_topic_two_dimensional_array:q_py_2d_arrays3,ManagingVariable,SwappingVariablesValue
q_py_topic_two_dimensional_array:q_py_2d_arrays3,HandlingAdvancedDataStructure,BinaryTreeTask
q_py_topic_two_dimensional_array:q_py_2d_arrays3,HandlingAdvancedDataStructure,LinkedListTask
q_py_topic_two_dimensional_array:q_py_2d_arrays3,HandlingAdvancedDataStructure,QueueTask
q_py_topic_two_dimensional_array:q_py_2d_arrays3,HandlingAdvancedDataStructure,StackTask
q_py_topic_two_dimensional_array:q_py_2d_arrays3,HandlingObjectOrientedProgramming,CallingOOPMethod
q_py_topic_two_dimensional_array:q_py_2d_arrays3,HandlingObjectOrientedProgramming,CreatingObject
q_py_topic_two_dimensional_array:q_py_2d_arrays3,HandlingObjectOrientedProgramming,DefiningClass
q_py_topic_two_dimensional_array:q_py_2d_arrays3,HandlingObjectOrientedProgramming,DefiningOOPMethod
q_py_topic_two_dimensional_array:q_py_2d_arrays3,HandlingFunctionCallingFunction,CallingFunctionCallingFunction
q_py_topic_two_dimensional_array:q_py_2d_arrays3,HandlingFunctionCallingFunction,DefiningFunctionCallingFunction
q_py_topic_two_dimensional_array:q_py_2d_arrays3,HandlingRecursiveFunction,CallingRecursiveFunction
q_py_topic_two_dimensional_array:q_py_2d_arrays3,HandlingRecursiveFunction,DefiningRecursiveFunction
q_py_topic_two_dimensional_array:q_py_2d_arrays3,HandlingNestedFunction,CallingNestedFunction
q_py_topic_two_dimensional_array:q_py_2d_arrays3,HandlingNestedFunction,DefiningNestedFunction
q_py_topic_two_dimensional_array:q_py_2d_arrays3,HandlingStandardFunction,CallingStandardFunction
q_py_topic_two_dimensional_array:q_py_2d_arrays3,HandlingStandardFunction,DefiningStandardFunction
q_py_topic_two_dimensional_array:q_py_2d_arrays3,NonNestedIteration,SingleWhileLoopIteration
q_py_topic_two_dimensional_array:q_py_2d_arrays3,WhileLoopWithUpdate,WhileLoopWithListIndexing
q_py_topic_two_dimensional_array:q_py_2d_arrays3,WhileLoopWithUpdate,WhileLoopWith*=
q_py_topic_two_dimensional_array:q_py_2d_arrays3,WhileLoopWithUpdate,WhileLoopWith+=
q_py_topic_two_dimensional_array:q_py_2d_arrays3,ForLoopWithUpdate,ForLoopWith+=
q_py_topic_two_dimensional_array:q_py_2d_arrays3,ForLoopWithUpdate,ForLoopWith*=
q_py_topic_two_dimensional_array:q_py_2d_arrays3,ForLoopWithUpdate,ForLoopWithListIndexing
q_py_topic_two_dimensional_array:q_py_2d_arrays3,NestedLoopIteration,MixedNestedLoopIteration
q_py_topic_two_dimensional_array:q_py_2d_arrays3,NestedLoopIteration,NestedWhileLoopIteration
q_py_topic_two_dimensional_array:q_py_2d_arrays3,ArithmeticOperation,FindAbsolute
q_py_topic_two_dimensional_array:q_py_2d_arrays3,ArithmeticOperation,FindRemainder
q_py_topic_two_dimensional_array:q_py_2d_arrays3,ArithmeticOperation,FindMaximum
q_py_topic_two_dimensional_array:q_py_2d_arrays3,ArithmeticOperation,Addition
q_py_topic_two_dimensional_array:q_py_2d_arrays3,ArithmeticOperation,Round
q_py_topic_two_dimensional_array:q_py_2d_arrays3,ArithmeticOperation,Power
q_py_topic_two_dimensional_array:q_py_2d_arrays3,ArithmeticOperation,FindMinimum
q_py_topic_two_dimensional_array:q_py_2d_arrays3,ArithmeticOperation,Substraction
q_py_topic_two_dimensional_array:q_py_2d_arrays3,ArithmeticOperation,Division
q_py_topic_two_dimensional_array:q_py_2d_arrays3,ArithmeticOperation,Multiplication
q_py_topic_two_dimensional_array:q_py_2d_arrays3,HandlingInteger,TransformingToIntType
q_py_topic_two_dimensional_array:q_py_2d_arrays3,HandlingTuple,CreatingTuple
q_py_topic_two_dimensional_array:q_py_2d_arrays3,HandlingTuple,SlicingTuple
q_py_topic_two_dimensional_array:q_py_2d_arrays3,HandlingTuple,IndexingTuple
q_py_topic_two_dimensional_array:q_py_2d_arrays3,HandlingFloat,TransformingToFloatType
q_py_topic_two_dimensional_array:q_py_2d_arrays3,HandlingDictionary,ReplacingDictionaryElement
q_py_topic_two_dimensional_array:q_py_2d_arrays3,HandlingDictionary,IndexingDictionary
q_py_topic_two_dimensional_array:q_py_2d_arrays3,HandlingDictionary,AddingItemToDictionary
q_py_topic_two_dimensional_array:q_py_2d_arrays3,HandlingDictionary,AccessingDictionary
q_py_topic_two_dimensional_array:q_py_2d_arrays3,HandlingDictionary,CreatingDictionary
q_py_topic_two_dimensional_array:q_py_2d_arrays3,HandlingList,DeletingListElement
q_py_topic_two_dimensional_array:q_py_2d_arrays3,HandlingList,SlicingList
q_py_topic_two_dimensional_array:q_py_2d_arrays3,HandlingList,ListReferencing
q_py_topic_two_dimensional_array:q_py_2d_arrays3,HandlingList,ReversingList
q_py_topic_two_dimensional_array:q_py_2d_arrays3,AddingListElement,AddingListElementWithInsert
q_py_topic_two_dimensional_array:q_py_2d_arrays3,AddingListElement,AddingListElementWithAppend
q_py_topic_two_dimensional_array:q_py_2d_arrays3,HandlingFile,ClosingFile
q_py_topic_two_dimensional_array:q_py_2d_arrays3,HandlingFile,ReadingLine
q_py_topic_two_dimensional_array:q_py_2d_arrays3,HandlingFile,OpeningFile
q_py_topic_two_dimensional_array:q_py_2d_arrays3,HandlingString,CreatingString
q_py_topic_two_dimensional_array:q_py_2d_arrays3,HandlingString,ReplacingStringContent
q_py_topic_two_dimensional_array:q_py_2d_arrays3,HandlingString,FormattingString
q_py_topic_two_dimensional_array:q_py_2d_arrays3,HandlingString,TransformingToStringType
q_py_topic_two_dimensional_array:q_py_2d_arrays3,HandlingString,SplittingString
q_py_topic_two_dimensional_array:q_py_2d_arrays3,HandlingString,TrimmingString
q_py_topic_two_dimensional_array:q_py_2d_arrays3,HandlingString,IndexingString
q_py_topic_two_dimensional_array:q_py_2d_arrays3,HandlingString,SlicingString
q_py_topic_two_dimensional_array:q_py_2d_arrays3,ModifyingStringCase,ConvertStringToUpperCase
q_py_topic_two_dimensional_array:q_py_2d_arrays3,ModifyingStringCase,ConvertStringToLowerCase
q_py_topic_two_dimensional_array:q_py_2d_arrays3,ModifyingStringCase,CapitalizeString
q_py_topic_two_dimensional_array:q_py_2d_arrays3,HandlingError,HandlingSpecificError
q_py_topic_two_dimensional_array:q_py_2d_arrays3,HandlingError,HandlingGeneralError
q_topic_classes_objects:q_py_inheritance_animal1,Python,CheckingForItem
q_topic_classes_objects:q_py_inheritance_animal1,Python,HandlingInput
q_topic_classes_objects:q_py_inheritance_animal1,CheckingCondition,AssertChecking
q_topic_classes_objects:q_py_inheritance_animal1,CheckingCondition,IfElifChecking
q_topic_classes_objects:q_py_inheritance_animal1,CheckingCondition,BooleanEvaluating
q_topic_classes_objects:q_py_inheritance_animal1,CheckingInForLoop,IfElseCheckingInForLoop
q_topic_classes_objects:q_py_inheritance_animal1,CheckingInForLoop,IfElifCheckingInForLoop
q_topic_classes_objects:q_py_inheritance_animal1,CheckingInForLoop,IfCheckingInForLoop
q_topic_classes_objects:q_py_inheritance_animal1,CheckingInForLoop,IfElifElseCheckingInForLoop
q_topic_classes_objects:q_py_inheritance_animal1,CheckingInWhileLoop,IfElifElseCheckingInWhileLoop
q_topic_classes_objects:q_py_inheritance_animal1,CheckingInWhileLoop,IfCheckingInWhileLoop
q_topic_classes_objects:q_py_inheritance_animal1,CheckingInWhileLoop,IfElseCheckingInWhileLoop
q_topic_classes_objects:q_py_inheritance_animal1,CheckingInWhileLoop,IfElifCheckingInWhileLoop
q_topic_classes_objects:q_py_inheritance_animal1,ManagingVariable,SwappingVariablesValue
q_topic_classes_objects:q_py_inheritance_animal1,HandlingAdvancedDataStructure,BinaryTreeTask
q_topic_classes_objects:q_py_inheritance_animal1,HandlingAdvancedDataStructure,LinkedListTask
q_topic_classes_objects:q_py_inheritance_animal1,HandlingAdvancedDataStructure,QueueTask
q_topic_classes_objects:q_py_inheritance_animal1,HandlingAdvancedDataStructure,StackTask
q_topic_classes_objects:q_py_inheritance_animal1,TwoDimensionalArrayTask,ReplacingElement2DArray
q_topic_classes_objects:q_py_inheritance_animal1,TwoDimensionalArrayTask,Indexing2DArray
q_topic_classes_objects:q_py_inheritance_animal1,TwoDimensionalArrayTask,Create2DArray
q_topic_classes_objects:q_py_inheritance_animal1,HandlingFunction,CallingFunctionLibrary
q_topic_classes_objects:q_py_inheritance_animal1,HandlingFunctionCallingFunction,DefiningFunctionCallingFunction
q_topic_classes_objects:q_py_inheritance_animal1,HandlingStandardFunction,CallingStandardFunction
q_topic_classes_objects:q_py_inheritance_animal1,HandlingStandardFunction,DefiningStandardFunction
q_topic_classes_objects:q_py_inheritance_animal1,NonNestedIteration,SingleForLoopIteration
q_topic_classes_objects:q_py_inheritance_animal1,NonNestedIteration,SingleWhileLoopIteration
q_topic_classes_objects:q_py_inheritance_animal1,WhileLoopWithUpdate,WhileLoopWithListIndexing
q_topic_classes_objects:q_py_inheritance_animal1,WhileLoopWithUpdate,WhileLoopWith*=
q_topic_classes_objects:q_py_inheritance_animal1,WhileLoopWithUpdate,WhileLoopWith+=
q_topic_classes_objects:q_py_inheritance_animal1,ForLoopWithUpdate,ForLoopWith+=
q_topic_classes_objects:q_py_inheritance_animal1,ForLoopWithUpdate,ForLoopWith*=
q_topic_classes_objects:q_py_inheritance_animal1,ForLoopWithUpdate,ForLoopWithListIndexing
q_topic_classes_objects:q_py_inheritance_animal1,NestedLoopIteration,MixedNestedLoopIteration
q_topic_classes_objects:q_py_inheritance_animal1,NestedLoopIteration,NestedForLoopIteration
q_topic_classes_objects:q_py_inheritance_animal1,NestedLoopIteration,NestedWhileLoopIteration
q_topic_classes_objects:q_py_inheritance_animal1,ArithmeticOperation,FindAbsolute
q_topic_classes_objects:q_py_inheritance_animal1,ArithmeticOperation,FindRemainder
q_topic_classes_objects:q_py_inheritance_animal1,ArithmeticOperation,FindMaximum
q_topic_classes_objects:q_py_inheritance_animal1,ArithmeticOperation,Addition
q_topic_classes_objects:q_py_inheritance_animal1,ArithmeticOperation,Round
q_topic_classes_objects:q_py_inheritance_animal1,ArithmeticOperation,Power
q_topic_classes_objects:q_py_inheritance_animal1,ArithmeticOperation,FindMinimum
q_topic_classes_objects:q_py_inheritance_animal1,ArithmeticOperation,Substraction
q_topic_classes_objects:q_py_inheritance_animal1,ArithmeticOperation,Division
q_topic_classes_objects:q_py_inheritance_animal1,HandlingInteger,TransformingToIntType
q_topic_classes_objects:q_py_inheritance_animal1,HandlingTuple,CreatingTuple
q_topic_classes_objects:q_py_inheritance_animal1,HandlingTuple,SlicingTuple
q_topic_classes_objects:q_py_inheritance_animal1,HandlingTuple,IndexingTuple
q_topic_classes_objects:q_py_inheritance_animal1,HandlingFloat,TransformingToFloatType
q_topic_classes_objects:q_py_inheritance_animal1,HandlingDictionary,ReplacingDictionaryElement
q_topic_classes_objects:q_py_inheritance_animal1,HandlingDictionary,IndexingDictionary
q_topic_classes_objects:q_py_inheritance_animal1,HandlingDictionary,AddingItemToDictionary
q_topic_classes_objects:q_py_inheritance_animal1,HandlingDictionary,AccessingDictionary
q_topic_classes_objects:q_py_inheritance_animal1,HandlingDictionary,CreatingDictionary
q_topic_classes_objects:q_py_inheritance_animal1,HandlingList,DeletingListElement
q_topic_classes_objects:q_py_inheritance_animal1,HandlingList,IndexingList
q_topic_classes_objects:q_py_inheritance_animal1,HandlingList,CreatingList
q_topic_classes_objects:q_py_inheritance_animal1,HandlingList,SlicingList
q_topic_classes_objects:q_py_inheritance_animal1,HandlingList,ReplacingListElement
q_topic_classes_objects:q_py_inheritance_animal1,HandlingList,ListReferencing
q_topic_classes_objects:q_py_inheritance_animal1,HandlingList,ReversingList
q_topic_classes_objects:q_py_inheritance_animal1,AddingListElement,AddingListElementWithInsert
q_topic_classes_objects:q_py_inheritance_animal1,AddingListElement,AddingListElementWithAppend
q_topic_classes_objects:q_py_inheritance_animal1,HandlingFile,ClosingFile
q_topic_classes_objects:q_py_inheritance_animal1,HandlingFile,ReadingLine
q_topic_classes_objects:q_py_inheritance_animal1,HandlingFile,OpeningFile
q_topic_classes_objects:q_py_inheritance_animal1,HandlingString,CreatingString
q_topic_classes_objects:q_py_inheritance_animal1,HandlingString,ReplacingStringContent
q_topic_classes_objects:q_py_inheritance_animal1,HandlingString,FormattingString
q_topic_classes_objects:q_py_inheritance_animal1,HandlingString,TransformingToStringType
q_topic_classes_objects:q_py_inheritance_animal1,HandlingString,SplittingString
q_topic_classes_objects:q_py_inheritance_animal1,HandlingString,TrimmingString
q_topic_classes_objects:q_py_inheritance_animal1,HandlingString,IndexingString
q_topic_classes_objects:q_py_inheritance_animal1,HandlingString,SlicingString
q_topic_classes_objects:q_py_inheritance_animal1,ModifyingStringCase,ConvertStringToUpperCase
q_topic_classes_objects:q_py_inheritance_animal1,ModifyingStringCase,ConvertStringToLowerCase
q_topic_classes_objects:q_py_inheritance_animal1,ModifyingStringCase,CapitalizeString
q_topic_classes_objects:q_py_inheritance_animal1,HandlingError,HandlingSpecificError
q_topic_classes_objects:q_py_inheritance_animal1,HandlingError,HandlingGeneralError
q_topic_classes_objects:q_py_obj_account1,Python,Concatenation
q_topic_classes_objects:q_py_obj_account1,Python,Importing
q_topic_classes_objects:q_py_obj_account1,Python,FindingLength
q_topic_classes_objects:q_py_obj_account1,Python,Printing
q_topic_classes_objects:q_py_obj_account1,Python,CheckingForItem
q_topic_classes_objects:q_py_obj_account1,Python,HandlingInput
q_topic_classes_objects:q_py_obj_account1,CheckingCondition,IfElseChecking
q_topic_classes_objects:q_py_obj_account1,CheckingCondition,AssertChecking
q_topic_classes_objects:q_py_obj_account1,CheckingCondition,IfElifElseChecking
q_topic_classes_objects:q_py_obj_account1,CheckingCondition,NestedIfChecking
q_topic_classes_objects:q_py_obj_account1,CheckingCondition,IfChecking
q_topic_classes_objects:q_py_obj_account1,CheckingCondition,IfElifChecking
q_topic_classes_objects:q_py_obj_account1,CheckingCondition,BooleanEvaluating
q_topic_classes_objects:q_py_obj_account1,CheckingInForLoop,IfElseCheckingInForLoop
q_topic_classes_objects:q_py_obj_account1,CheckingInForLoop,IfElifCheckingInForLoop
q_topic_classes_objects:q_py_obj_account1,CheckingInForLoop,IfCheckingInForLoop
q_topic_classes_objects:q_py_obj_account1,CheckingInForLoop,IfElifElseCheckingInForLoop
q_topic_classes_objects:q_py_obj_account1,CheckingInWhileLoop,IfElifElseCheckingInWhileLoop
q_topic_classes_objects:q_py_obj_account1,CheckingInWhileLoop,IfCheckingInWhileLoop
q_topic_classes_objects:q_py_obj_account1,CheckingInWhileLoop,IfElseCheckingInWhileLoop
q_topic_classes_objects:q_py_obj_account1,CheckingInWhileLoop,IfElifCheckingInWhileLoop
q_topic_classes_objects:q_py_obj_account1,ManagingVariable,SwappingVariablesValue
q_topic_classes_objects:q_py_obj_account1,ManagingVariable,AssigningVariable
q_topic_classes_objects:q_py_obj_account1,ManagingVariable,UpdatingVariable
q_topic_classes_objects:q_py_obj_account1,HandlingAdvancedDataStructure,BinaryTreeTask
q_topic_classes_objects:q_py_obj_account1,HandlingAdvancedDataStructure,LinkedListTask
q_topic_classes_objects:q_py_obj_account1,HandlingAdvancedDataStructure,QueueTask
q_topic_classes_objects:q_py_obj_account1,HandlingAdvancedDataStructure,StackTask
q_topic_classes_objects:q_py_obj_account1,TwoDimensionalArrayTask,ReplacingElement2DArray
q_topic_classes_objects:q_py_obj_account1,TwoDimensionalArrayTask,Indexing2DArray
q_topic_classes_objects:q_py_obj_account1,TwoDimensionalArrayTask,Create2DArray
q_topic_classes_objects:q_py_obj_account1,HandlingObjectOrientedProgramming,CallingOOPMethod
q_topic_classes_objects:q_py_obj_account1,HandlingFunction,CallingFunctionLibrary
q_topic_classes_objects:q_py_obj_account1,HandlingFunction,NestedFunctionCall
q_topic_classes_objects:q_py_obj_account1,HandlingFunctionCallingFunction,CallingFunctionCallingFunction
q_topic_classes_objects:q_py_obj_account1,HandlingFunctionCallingFunction,DefiningFunctionCallingFunction
q_topic_classes_objects:q_py_obj_account1,HandlingRecursiveFunction,CallingRecursiveFunction
q_topic_classes_objects:q_py_obj_account1,HandlingRecursiveFunction,DefiningRecursiveFunction
q_topic_classes_objects:q_py_obj_account1,HandlingNestedFunction,CallingNestedFunction
q_topic_classes_objects:q_py_obj_account1,HandlingNestedFunction,DefiningNestedFunction
q_topic_classes_objects:q_py_obj_account1,HandlingStandardFunction,CallingStandardFunction
q_topic_classes_objects:q_py_obj_account1,HandlingStandardFunction,DefiningStandardFunction
q_topic_classes_objects:q_py_obj_account1,NonNestedIteration,SingleForLoopIteration
q_topic_classes_objects:q_py_obj_account1,NonNestedIteration,SingleWhileLoopIteration
q_topic_classes_objects:q_py_obj_account1,WhileLoopWithUpdate,WhileLoopWithListIndexing
q_topic_classes_objects:q_py_obj_account1,WhileLoopWithUpdate,WhileLoopWith*=
q_topic_classes_objects:q_py_obj_account1,WhileLoopWithUpdate,WhileLoopWith+=
q_topic_classes_objects:q_py_obj_account1,ForLoopWithUpdate,ForLoopWith+=
q_topic_classes_objects:q_py_obj_account1,ForLoopWithUpdate,ForLoopWith*=
q_topic_classes_objects:q_py_obj_account1,ForLoopWithUpdate,ForLoopWithListIndexing
q_topic_classes_objects:q_py_obj_account1,NestedLoopIteration,MixedNestedLoopIteration
q_topic_classes_objects:q_py_obj_account1,NestedLoopIteration,NestedForLoopIteration
q_topic_classes_objects:q_py_obj_account1,NestedLoopIteration,NestedWhileLoopIteration
q_topic_classes_objects:q_py_obj_account1,ArithmeticOperation,FindAbsolute
q_topic_classes_objects:q_py_obj_account1,ArithmeticOperation,FindRemainder
q_topic_classes_objects:q_py_obj_account1,ArithmeticOperation,FindMaximum
q_topic_classes_objects:q_py_obj_account1,ArithmeticOperation,Addition
q_topic_classes_objects:q_py_obj_account1,ArithmeticOperation,Round
q_topic_classes_objects:q_py_obj_account1,ArithmeticOperation,Power
q_topic_classes_objects:q_py_obj_account1,ArithmeticOperation,FindMinimum
q_topic_classes_objects:q_py_obj_account1,ArithmeticOperation,Substraction
q_topic_classes_objects:q_py_obj_account1,ArithmeticOperation,Division
q_topic_classes_objects:q_py_obj_account1,ArithmeticOperation,Multiplication
q_topic_classes_objects:q_py_obj_account1,HandlingInteger,TransformingToIntType
q_topic_classes_objects:q_py_obj_account1,HandlingTuple,CreatingTuple
q_topic_classes_objects:q_py_obj_account1,HandlingTuple,SlicingTuple
q_topic_classes_objects:q_py_obj_account1,HandlingTuple,IndexingTuple
q_topic_classes_objects:q_py_obj_account1,HandlingFloat,TransformingToFloatType
q_topic_classes_objects:q_py_obj_account1,HandlingDictionary,ReplacingDictionaryElement
q_topic_classes_objects:q_py_obj_account1,HandlingDictionary,IndexingDictionary
q_topic_classes_objects:q_py_obj_account1,HandlingDictionary,AddingItemToDictionary
q_topic_classes_objects:q_py_obj_account1,HandlingDictionary,AccessingDictionary
q_topic_classes_objects:q_py_obj_account1,HandlingDictionary,CreatingDictionary
q_topic_classes_objects:q_py_obj_account1,HandlingList,DeletingListElement
q_topic_classes_objects:q_py_obj_account1,HandlingList,IndexingList
q_topic_classes_objects:q_py_obj_account1,HandlingList,CreatingList
q_topic_classes_objects:q_py_obj_account1,HandlingList,SlicingList
q_topic_classes_objects:q_py_obj_account1,HandlingList,ReplacingListElement
q_topic_classes_objects:q_py_obj_account1,HandlingList,ListReferencing
q_topic_classes_objects:q_py_obj_account1,HandlingList,ReversingList
q_topic_classes_objects:q_py_obj_account1,AddingListElement,AddingListElementWithInsert
q_topic_classes_objects:q_py_obj_account1,AddingListElement,AddingListElementWithAppend
q_topic_classes_objects:q_py_obj_account1,HandlingFile,ClosingFile
q_topic_classes_objects:q_py_obj_account1,HandlingFile,ReadingLine
q_topic_classes_objects:q_py_obj_account1,HandlingFile,OpeningFile
q_topic_classes_objects:q_py_obj_account1,HandlingString,CreatingString
q_topic_classes_objects:q_py_obj_account1,HandlingString,ReplacingStringContent
q_topic_classes_objects:q_py_obj_account1,HandlingString,FormattingString
q_topic_classes_objects:q_py_obj_account1,HandlingString,TransformingToStringType
q_topic_classes_objects:q_py_obj_account1,HandlingString,SplittingString
q_topic_classes_objects:q_py_obj_account1,HandlingString,TrimmingString
q_topic_classes_objects:q_py_obj_account1,HandlingString,IndexingString
q_topic_classes_objects:q_py_obj_account1,HandlingString,SlicingString
q_topic_classes_objects:q_py_obj_account1,ModifyingStringCase,ConvertStringToUpperCase
q_topic_classes_objects:q_py_obj_account1,ModifyingStringCase,ConvertStringToLowerCase
q_topic_classes_objects:q_py_obj_account1,ModifyingStringCase,CapitalizeString
q_topic_classes_objects:q_py_obj_account1,HandlingError,HandlingSpecificError
q_topic_classes_objects:q_py_obj_account1,HandlingError,HandlingGeneralError
q_topic_classes_objects:q_py_obj_bus1,Python,Concatenation
q_topic_classes_objects:q_py_obj_bus1,Python,Importing
q_topic_classes_objects:q_py_obj_bus1,Python,FindingLength
q_topic_classes_objects:q_py_obj_bus1,Python,Printing
q_topic_classes_objects:q_py_obj_bus1,Python,CheckingForItem
q_topic_classes_objects:q_py_obj_bus1,Python,HandlingInput
q_topic_classes_objects:q_py_obj_bus1,CheckingCondition,IfElseChecking
q_topic_classes_objects:q_py_obj_bus1,CheckingCondition,AssertChecking
q_topic_classes_objects:q_py_obj_bus1,CheckingCondition,IfElifElseChecking
q_topic_classes_objects:q_py_obj_bus1,CheckingCondition,NestedIfChecking
q_topic_classes_objects:q_py_obj_bus1,CheckingCondition,IfChecking
q_topic_classes_objects:q_py_obj_bus1,CheckingCondition,IfElifChecking
q_topic_classes_objects:q_py_obj_bus1,CheckingCondition,BooleanEvaluating
q_topic_classes_objects:q_py_obj_bus1,CheckingInForLoop,IfElseCheckingInForLoop
q_topic_classes_objects:q_py_obj_bus1,CheckingInForLoop,IfElifCheckingInForLoop
q_topic_classes_objects:q_py_obj_bus1,CheckingInForLoop,IfCheckingInForLoop
q_topic_classes_objects:q_py_obj_bus1,CheckingInForLoop,IfElifElseCheckingInForLoop
q_topic_classes_objects:q_py_obj_bus1,CheckingInWhileLoop,IfElifElseCheckingInWhileLoop
q_topic_classes_objects:q_py_obj_bus1,CheckingInWhileLoop,IfCheckingInWhileLoop
q_topic_classes_objects:q_py_obj_bus1,CheckingInWhileLoop,IfElseCheckingInWhileLoop
q_topic_classes_objects:q_py_obj_bus1,CheckingInWhileLoop,IfElifCheckingInWhileLoop
q_topic_classes_objects:q_py_obj_bus1,ManagingVariable,SwappingVariablesValue
q_topic_classes_objects:q_py_obj_bus1,ManagingVariable,AssigningVariable
q_topic_classes_objects:q_py_obj_bus1,ManagingVariable,UpdatingVariable
q_topic_classes_objects:q_py_obj_bus1,HandlingAdvancedDataStructure,BinaryTreeTask
q_topic_classes_objects:q_py_obj_bus1,HandlingAdvancedDataStructure,LinkedListTask
q_topic_classes_objects:q_py_obj_bus1,HandlingAdvancedDataStructure,QueueTask
q_topic_classes_objects:q_py_obj_bus1,HandlingAdvancedDataStructure,StackTask
q_topic_classes_objects:q_py_obj_bus1,TwoDimensionalArrayTask,ReplacingElement2DArray
q_topic_classes_objects:q_py_obj_bus1,TwoDimensionalArrayTask,Indexing2DArray
q_topic_classes_objects:q_py_obj_bus1,TwoDimensionalArrayTask,Create2DArray
q_topic_classes_objects:q_py_obj_bus1,HandlingObjectOrientedProgramming,CallingOOPMethod
q_topic_classes_objects:q_py_obj_bus1,HandlingFunction,CallingFunctionLibrary
q_topic_classes_objects:q_py_obj_bus1,HandlingFunction,NestedFunctionCall
q_topic_classes_objects:q_py_obj_bus1,HandlingFunctionCallingFunction,CallingFunctionCallingFunction
q_topic_classes_objects:q_py_obj_bus1,HandlingFunctionCallingFunction,DefiningFunctionCallingFunction
q_topic_classes_objects:q_py_obj_bus1,HandlingRecursiveFunction,CallingRecursiveFunction
q_topic_classes_objects:q_py_obj_bus1,HandlingRecursiveFunction,DefiningRecursiveFunction
q_topic_classes_objects:q_py_obj_bus1,HandlingNestedFunction,CallingNestedFunction
q_topic_classes_objects:q_py_obj_bus1,HandlingNestedFunction,DefiningNestedFunction
q_topic_classes_objects:q_py_obj_bus1,HandlingStandardFunction,CallingStandardFunction
q_topic_classes_objects:q_py_obj_bus1,HandlingStandardFunction,DefiningStandardFunction
q_topic_classes_objects:q_py_obj_bus1,NonNestedIteration,SingleForLoopIteration
q_topic_classes_objects:q_py_obj_bus1,NonNestedIteration,SingleWhileLoopIteration
q_topic_classes_objects:q_py_obj_bus1,WhileLoopWithUpdate,WhileLoopWithListIndexing
q_topic_classes_objects:q_py_obj_bus1,WhileLoopWithUpdate,WhileLoopWith*=
q_topic_classes_objects:q_py_obj_bus1,WhileLoopWithUpdate,WhileLoopWith+=
q_topic_classes_objects:q_py_obj_bus1,ForLoopWithUpdate,ForLoopWith+=
q_topic_classes_objects:q_py_obj_bus1,ForLoopWithUpdate,ForLoopWith*=
q_topic_classes_objects:q_py_obj_bus1,ForLoopWithUpdate,ForLoopWithListIndexing
q_topic_classes_objects:q_py_obj_bus1,NestedLoopIteration,MixedNestedLoopIteration
q_topic_classes_objects:q_py_obj_bus1,NestedLoopIteration,NestedForLoopIteration
q_topic_classes_objects:q_py_obj_bus1,NestedLoopIteration,NestedWhileLoopIteration
q_topic_classes_objects:q_py_obj_bus1,ArithmeticOperation,FindAbsolute
q_topic_classes_objects:q_py_obj_bus1,ArithmeticOperation,FindRemainder
q_topic_classes_objects:q_py_obj_bus1,ArithmeticOperation,FindMaximum
q_topic_classes_objects:q_py_obj_bus1,ArithmeticOperation,Addition
q_topic_classes_objects:q_py_obj_bus1,ArithmeticOperation,Round
q_topic_classes_objects:q_py_obj_bus1,ArithmeticOperation,Power
q_topic_classes_objects:q_py_obj_bus1,ArithmeticOperation,FindMinimum
q_topic_classes_objects:q_py_obj_bus1,ArithmeticOperation,Substraction
q_topic_classes_objects:q_py_obj_bus1,ArithmeticOperation,Division
q_topic_classes_objects:q_py_obj_bus1,ArithmeticOperation,Multiplication
q_topic_classes_objects:q_py_obj_bus1,HandlingInteger,TransformingToIntType
q_topic_classes_objects:q_py_obj_bus1,HandlingTuple,CreatingTuple
q_topic_classes_objects:q_py_obj_bus1,HandlingTuple,SlicingTuple
q_topic_classes_objects:q_py_obj_bus1,HandlingTuple,IndexingTuple
q_topic_classes_objects:q_py_obj_bus1,HandlingFloat,TransformingToFloatType
q_topic_classes_objects:q_py_obj_bus1,HandlingDictionary,ReplacingDictionaryElement
q_topic_classes_objects:q_py_obj_bus1,HandlingDictionary,IndexingDictionary
q_topic_classes_objects:q_py_obj_bus1,HandlingDictionary,AddingItemToDictionary
q_topic_classes_objects:q_py_obj_bus1,HandlingDictionary,AccessingDictionary
q_topic_classes_objects:q_py_obj_bus1,HandlingDictionary,CreatingDictionary
q_topic_classes_objects:q_py_obj_bus1,HandlingList,DeletingListElement
q_topic_classes_objects:q_py_obj_bus1,HandlingList,IndexingList
q_topic_classes_objects:q_py_obj_bus1,HandlingList,CreatingList
q_topic_classes_objects:q_py_obj_bus1,HandlingList,SlicingList
q_topic_classes_objects:q_py_obj_bus1,HandlingList,ReplacingListElement
q_topic_classes_objects:q_py_obj_bus1,HandlingList,ListReferencing
q_topic_classes_objects:q_py_obj_bus1,HandlingList,ReversingList
q_topic_classes_objects:q_py_obj_bus1,AddingListElement,AddingListElementWithInsert
q_topic_classes_objects:q_py_obj_bus1,AddingListElement,AddingListElementWithAppend
q_topic_classes_objects:q_py_obj_bus1,HandlingFile,ClosingFile
q_topic_classes_objects:q_py_obj_bus1,HandlingFile,ReadingLine
q_topic_classes_objects:q_py_obj_bus1,HandlingFile,OpeningFile
q_topic_classes_objects:q_py_obj_bus1,HandlingString,CreatingString
q_topic_classes_objects:q_py_obj_bus1,HandlingString,ReplacingStringContent
q_topic_classes_objects:q_py_obj_bus1,HandlingString,FormattingString
q_topic_classes_objects:q_py_obj_bus1,HandlingString,TransformingToStringType
q_topic_classes_objects:q_py_obj_bus1,HandlingString,SplittingString
q_topic_classes_objects:q_py_obj_bus1,HandlingString,TrimmingString
q_topic_classes_objects:q_py_obj_bus1,HandlingString,IndexingString
q_topic_classes_objects:q_py_obj_bus1,HandlingString,SlicingString
q_topic_classes_objects:q_py_obj_bus1,ModifyingStringCase,ConvertStringToUpperCase
q_topic_classes_objects:q_py_obj_bus1,ModifyingStringCase,ConvertStringToLowerCase
q_topic_classes_objects:q_py_obj_bus1,ModifyingStringCase,CapitalizeString
q_topic_classes_objects:q_py_obj_bus1,HandlingError,HandlingSpecificError
q_topic_classes_objects:q_py_obj_bus1,HandlingError,HandlingGeneralError
q_topic_classes_objects:q_py_obj_car1,Python,CheckingForItem
q_topic_classes_objects:q_py_obj_car1,CheckingInForLoop,IfElseCheckingInForLoop
q_topic_classes_objects:q_py_obj_car1,CheckingInForLoop,IfElifCheckingInForLoop
q_topic_classes_objects:q_py_obj_car1,CheckingInForLoop,IfCheckingInForLoop
q_topic_classes_objects:q_py_obj_car1,CheckingInForLoop,IfElifElseCheckingInForLoop
q_topic_classes_objects:q_py_obj_car1,CheckingInWhileLoop,IfElifElseCheckingInWhileLoop
q_topic_classes_objects:q_py_obj_car1,CheckingInWhileLoop,IfCheckingInWhileLoop
q_topic_classes_objects:q_py_obj_car1,CheckingInWhileLoop,IfElseCheckingInWhileLoop
q_topic_classes_objects:q_py_obj_car1,CheckingInWhileLoop,IfElifCheckingInWhileLoop
q_topic_classes_objects:q_py_obj_car1,ManagingVariable,SwappingVariablesValue
q_topic_classes_objects:q_py_obj_car1,HandlingAdvancedDataStructure,BinaryTreeTask
q_topic_classes_objects:q_py_obj_car1,HandlingAdvancedDataStructure,LinkedListTask
q_topic_classes_objects:q_py_obj_car1,HandlingAdvancedDataStructure,QueueTask
q_topic_classes_objects:q_py_obj_car1,HandlingAdvancedDataStructure,StackTask
q_topic_classes_objects:q_py_obj_car1,TwoDimensionalArrayTask,ReplacingElement2DArray
q_topic_classes_objects:q_py_obj_car1,TwoDimensionalArrayTask,Indexing2DArray
q_topic_classes_objects:q_py_obj_car1,TwoDimensionalArrayTask,Create2DArray
q_topic_classes_objects:q_py_obj_car1,HandlingFunctionCallingFunction,DefiningFunctionCallingFunction
q_topic_classes_objects:q_py_obj_car1,HandlingStandardFunction,CallingStandardFunction
q_topic_classes_objects:q_py_obj_car1,HandlingStandardFunction,DefiningStandardFunction
q_topic_classes_objects:q_py_obj_car1,NonNestedIteration,SingleForLoopIteration
q_topic_classes_objects:q_py_obj_car1,NonNestedIteration,SingleWhileLoopIteration
q_topic_classes_objects:q_py_obj_car1,WhileLoopWithUpdate,WhileLoopWithListIndexing
q_topic_classes_objects:q_py_obj_car1,WhileLoopWithUpdate,WhileLoopWith*=
q_topic_classes_objects:q_py_obj_car1,WhileLoopWithUpdate,WhileLoopWith+=
q_topic_classes_objects:q_py_obj_car1,ForLoopWithUpdate,ForLoopWith+=
q_topic_classes_objects:q_py_obj_car1,ForLoopWithUpdate,ForLoopWith*=
q_topic_classes_objects:q_py_obj_car1,ForLoopWithUpdate,ForLoopWithListIndexing
q_topic_classes_objects:q_py_obj_car1,NestedLoopIteration,MixedNestedLoopIteration
q_topic_classes_objects:q_py_obj_car1,NestedLoopIteration,NestedForLoopIteration
q_topic_classes_objects:q_py_obj_car1,NestedLoopIteration,NestedWhileLoopIteration
q_topic_classes_objects:q_py_obj_car1,ArithmeticOperation,FindAbsolute
q_topic_classes_objects:q_py_obj_car1,ArithmeticOperation,FindRemainder
q_topic_classes_objects:q_py_obj_car1,ArithmeticOperation,FindMaximum
q_topic_classes_objects:q_py_obj_car1,ArithmeticOperation,Addition
q_topic_classes_objects:q_py_obj_car1,ArithmeticOperation,Round
q_topic_classes_objects:q_py_obj_car1,ArithmeticOperation,Power
q_topic_classes_objects:q_py_obj_car1,ArithmeticOperation,Substraction
q_topic_classes_objects:q_py_obj_car1,ArithmeticOperation,Division
q_topic_classes_objects:q_py_obj_car1,ArithmeticOperation,Multiplication
q_topic_classes_objects:q_py_obj_car1,HandlingInteger,TransformingToIntType
q_topic_classes_objects:q_py_obj_car1,HandlingTuple,CreatingTuple
q_topic_classes_objects:q_py_obj_car1,HandlingTuple,SlicingTuple
q_topic_classes_objects:q_py_obj_car1,HandlingTuple,IndexingTuple
q_topic_classes_objects:q_py_obj_car1,HandlingFloat,TransformingToFloatType
q_topic_classes_objects:q_py_obj_car1,HandlingDictionary,ReplacingDictionaryElement
q_topic_classes_objects:q_py_obj_car1,HandlingDictionary,IndexingDictionary
q_topic_classes_objects:q_py_obj_car1,HandlingDictionary,AddingItemToDictionary
q_topic_classes_objects:q_py_obj_car1,HandlingDictionary,AccessingDictionary
q_topic_classes_objects:q_py_obj_car1,HandlingList,DeletingListElement
q_topic_classes_objects:q_py_obj_car1,HandlingList,SlicingList
q_topic_classes_objects:q_py_obj_car1,HandlingList,ReplacingListElement
q_topic_classes_objects:q_py_obj_car1,HandlingList,ListReferencing
q_topic_classes_objects:q_py_obj_car1,HandlingList,ReversingList
q_topic_classes_objects:q_py_obj_car1,AddingListElement,AddingListElementWithInsert
q_topic_classes_objects:q_py_obj_car1,AddingListElement,AddingListElementWithAppend
q_topic_classes_objects:q_py_obj_car1,HandlingFile,ClosingFile
q_topic_classes_objects:q_py_obj_car1,HandlingFile,ReadingLine
q_topic_classes_objects:q_py_obj_car1,HandlingFile,OpeningFile
q_topic_classes_objects:q_py_obj_car1,HandlingString,ReplacingStringContent
q_topic_classes_objects:q_py_obj_car1,HandlingString,FormattingString
q_topic_classes_objects:q_py_obj_car1,HandlingString,TransformingToStringType
q_topic_classes_objects:q_py_obj_car1,HandlingString,SplittingString
q_topic_classes_objects:q_py_obj_car1,HandlingString,TrimmingString
q_topic_classes_objects:q_py_obj_car1,HandlingString,SlicingString
q_topic_classes_objects:q_py_obj_car1,ModifyingStringCase,ConvertStringToUpperCase
q_topic_classes_objects:q_py_obj_car1,ModifyingStringCase,ConvertStringToLowerCase
q_topic_classes_objects:q_py_obj_car1,ModifyingStringCase,CapitalizeString
q_topic_classes_objects:q_py_obj_car2,Python,Concatenation
q_topic_classes_objects:q_py_obj_car2,Python,Importing
q_topic_classes_objects:q_py_obj_car2,Python,FindingLength
q_topic_classes_objects:q_py_obj_car2,Python,Printing
q_topic_classes_objects:q_py_obj_car2,Python,CheckingForItem
q_topic_classes_objects:q_py_obj_car2,Python,HandlingInput
q_topic_classes_objects:q_py_obj_car2,CheckingCondition,IfElseChecking
q_topic_classes_objects:q_py_obj_car2,CheckingCondition,AssertChecking
q_topic_classes_objects:q_py_obj_car2,CheckingCondition,IfElifElseChecking
q_topic_classes_objects:q_py_obj_car2,CheckingCondition,NestedIfChecking
q_topic_classes_objects:q_py_obj_car2,CheckingCondition,IfChecking
q_topic_classes_objects:q_py_obj_car2,CheckingCondition,IfElifChecking
q_topic_classes_objects:q_py_obj_car2,CheckingCondition,BooleanEvaluating
q_topic_classes_objects:q_py_obj_car2,CheckingInForLoop,IfElseCheckingInForLoop
q_topic_classes_objects:q_py_obj_car2,CheckingInForLoop,IfElifCheckingInForLoop
q_topic_classes_objects:q_py_obj_car2,CheckingInForLoop,IfCheckingInForLoop
q_topic_classes_objects:q_py_obj_car2,CheckingInForLoop,IfElifElseCheckingInForLoop
q_topic_classes_objects:q_py_obj_car2,CheckingInWhileLoop,IfElifElseCheckingInWhileLoop
q_topic_classes_objects:q_py_obj_car2,CheckingInWhileLoop,IfCheckingInWhileLoop
q_topic_classes_objects:q_py_obj_car2,CheckingInWhileLoop,IfElseCheckingInWhileLoop
q_topic_classes_objects:q_py_obj_car2,CheckingInWhileLoop,IfElifCheckingInWhileLoop
q_topic_classes_objects:q_py_obj_car2,ManagingVariable,SwappingVariablesValue
q_topic_classes_objects:q_py_obj_car2,ManagingVariable,AssigningVariable
q_topic_classes_objects:q_py_obj_car2,ManagingVariable,UpdatingVariable
q_topic_classes_objects:q_py_obj_car2,HandlingAdvancedDataStructure,BinaryTreeTask
q_topic_classes_objects:q_py_obj_car2,HandlingAdvancedDataStructure,LinkedListTask
q_topic_classes_objects:q_py_obj_car2,HandlingAdvancedDataStructure,QueueTask
q_topic_classes_objects:q_py_obj_car2,HandlingAdvancedDataStructure,StackTask
q_topic_classes_objects:q_py_obj_car2,TwoDimensionalArrayTask,ReplacingElement2DArray
q_topic_classes_objects:q_py_obj_car2,TwoDimensionalArrayTask,Indexing2DArray
q_topic_classes_objects:q_py_obj_car2,TwoDimensionalArrayTask,Create2DArray
q_topic_classes_objects:q_py_obj_car2,HandlingObjectOrientedProgramming,CallingOOPMethod
q_topic_classes_objects:q_py_obj_car2,HandlingFunction,CallingFunctionLibrary
q_topic_classes_objects:q_py_obj_car2,HandlingFunction,NestedFunctionCall
q_topic_classes_objects:q_py_obj_car2,HandlingFunctionCallingFunction,CallingFunctionCallingFunction
q_topic_classes_objects:q_py_obj_car2,HandlingFunctionCallingFunction,DefiningFunctionCallingFunction
q_topic_classes_objects:q_py_obj_car2,HandlingRecursiveFunction,CallingRecursiveFunction
q_topic_classes_objects:q_py_obj_car2,HandlingRecursiveFunction,DefiningRecursiveFunction
q_topic_classes_objects:q_py_obj_car2,HandlingNestedFunction,CallingNestedFunction
q_topic_classes_objects:q_py_obj_car2,HandlingNestedFunction,DefiningNestedFunction
q_topic_classes_objects:q_py_obj_car2,HandlingStandardFunction,CallingStandardFunction
q_topic_classes_objects:q_py_obj_car2,HandlingStandardFunction,DefiningStandardFunction
q_topic_classes_objects:q_py_obj_car2,NonNestedIteration,SingleForLoopIteration
q_topic_classes_objects:q_py_obj_car2,NonNestedIteration,SingleWhileLoopIteration
q_topic_classes_objects:q_py_obj_car2,WhileLoopWithUpdate,WhileLoopWithListIndexing
q_topic_classes_objects:q_py_obj_car2,WhileLoopWithUpdate,WhileLoopWith*=
q_topic_classes_objects:q_py_obj_car2,WhileLoopWithUpdate,WhileLoopWith+=
q_topic_classes_objects:q_py_obj_car2,ForLoopWithUpdate,ForLoopWith+=
q_topic_classes_objects:q_py_obj_car2,ForLoopWithUpdate,ForLoopWith*=
q_topic_classes_objects:q_py_obj_car2,ForLoopWithUpdate,ForLoopWithListIndexing
q_topic_classes_objects:q_py_obj_car2,NestedLoopIteration,MixedNestedLoopIteration
q_topic_classes_objects:q_py_obj_car2,NestedLoopIteration,NestedForLoopIteration
q_topic_classes_objects:q_py_obj_car2,NestedLoopIteration,NestedWhileLoopIteration
q_topic_classes_objects:q_py_obj_car2,ArithmeticOperation,FindAbsolute
q_topic_classes_objects:q_py_obj_car2,ArithmeticOperation,FindRemainder
q_topic_classes_objects:q_py_obj_car2,ArithmeticOperation,FindMaximum
q_topic_classes_objects:q_py_obj_car2,ArithmeticOperation,Addition
q_topic_classes_objects:q_py_obj_car2,ArithmeticOperation,Round
q_topic_classes_objects:q_py_obj_car2,ArithmeticOperation,Power
q_topic_classes_objects:q_py_obj_car2,ArithmeticOperation,FindMinimum
q_topic_classes_objects:q_py_obj_car2,ArithmeticOperation,Substraction
q_topic_classes_objects:q_py_obj_car2,ArithmeticOperation,Division
q_topic_classes_objects:q_py_obj_car2,ArithmeticOperation,Multiplication
q_topic_classes_objects:q_py_obj_car2,HandlingInteger,TransformingToIntType
q_topic_classes_objects:q_py_obj_car2,HandlingTuple,CreatingTuple
q_topic_classes_objects:q_py_obj_car2,HandlingTuple,SlicingTuple
q_topic_classes_objects:q_py_obj_car2,HandlingTuple,IndexingTuple
q_topic_classes_objects:q_py_obj_car2,HandlingFloat,TransformingToFloatType
q_topic_classes_objects:q_py_obj_car2,HandlingDictionary,ReplacingDictionaryElement
q_topic_classes_objects:q_py_obj_car2,HandlingDictionary,IndexingDictionary
q_topic_classes_objects:q_py_obj_car2,HandlingDictionary,AddingItemToDictionary
q_topic_classes_objects:q_py_obj_car2,HandlingDictionary,AccessingDictionary
q_topic_classes_objects:q_py_obj_car2,HandlingDictionary,CreatingDictionary
q_topic_classes_objects:q_py_obj_car2,HandlingList,DeletingListElement
q_topic_classes_objects:q_py_obj_car2,HandlingList,IndexingList
q_topic_classes_objects:q_py_obj_car2,HandlingList,CreatingList
q_topic_classes_objects:q_py_obj_car2,HandlingList,SlicingList
q_topic_classes_objects:q_py_obj_car2,HandlingList,ReplacingListElement
q_topic_classes_objects:q_py_obj_car2,HandlingList,ListReferencing
q_topic_classes_objects:q_py_obj_car2,HandlingList,ReversingList
q_topic_classes_objects:q_py_obj_car2,AddingListElement,AddingListElementWithInsert
q_topic_classes_objects:q_py_obj_car2,AddingListElement,AddingListElementWithAppend
q_topic_classes_objects:q_py_obj_car2,HandlingFile,ClosingFile
q_topic_classes_objects:q_py_obj_car2,HandlingFile,ReadingLine
q_topic_classes_objects:q_py_obj_car2,HandlingFile,OpeningFile
q_topic_classes_objects:q_py_obj_car2,HandlingString,CreatingString
q_topic_classes_objects:q_py_obj_car2,HandlingString,ReplacingStringContent
q_topic_classes_objects:q_py_obj_car2,HandlingString,FormattingString
q_topic_classes_objects:q_py_obj_car2,HandlingString,TransformingToStringType
q_topic_classes_objects:q_py_obj_car2,HandlingString,SplittingString
q_topic_classes_objects:q_py_obj_car2,HandlingString,TrimmingString
q_topic_classes_objects:q_py_obj_car2,HandlingString,IndexingString
q_topic_classes_objects:q_py_obj_car2,HandlingString,SlicingString
q_topic_classes_objects:q_py_obj_car2,ModifyingStringCase,ConvertStringToUpperCase
q_topic_classes_objects:q_py_obj_car2,ModifyingStringCase,ConvertStringToLowerCase
q_topic_classes_objects:q_py_obj_car2,ModifyingStringCase,CapitalizeString
q_topic_classes_objects:q_py_obj_car2,HandlingError,HandlingSpecificError
q_topic_classes_objects:q_py_obj_car2,HandlingError,HandlingGeneralError
q_topic_classes_objects:q_py_obj_point1,Python,Concatenation
q_topic_classes_objects:q_py_obj_point1,Python,Importing
q_topic_classes_objects:q_py_obj_point1,Python,FindingLength
q_topic_classes_objects:q_py_obj_point1,Python,Printing
q_topic_classes_objects:q_py_obj_point1,Python,CheckingForItem
q_topic_classes_objects:q_py_obj_point1,Python,HandlingInput
q_topic_classes_objects:q_py_obj_point1,CheckingCondition,IfElseChecking
q_topic_classes_objects:q_py_obj_point1,CheckingCondition,AssertChecking
q_topic_classes_objects:q_py_obj_point1,CheckingCondition,IfElifElseChecking
q_topic_classes_objects:q_py_obj_point1,CheckingCondition,NestedIfChecking
q_topic_classes_objects:q_py_obj_point1,CheckingCondition,IfChecking
q_topic_classes_objects:q_py_obj_point1,CheckingCondition,IfElifChecking
q_topic_classes_objects:q_py_obj_point1,CheckingCondition,BooleanEvaluating
q_topic_classes_objects:q_py_obj_point1,CheckingInForLoop,IfElseCheckingInForLoop
q_topic_classes_objects:q_py_obj_point1,CheckingInForLoop,IfElifCheckingInForLoop
q_topic_classes_objects:q_py_obj_point1,CheckingInForLoop,IfCheckingInForLoop
q_topic_classes_objects:q_py_obj_point1,CheckingInForLoop,IfElifElseCheckingInForLoop
q_topic_classes_objects:q_py_obj_point1,CheckingInWhileLoop,IfElifElseCheckingInWhileLoop
q_topic_classes_objects:q_py_obj_point1,CheckingInWhileLoop,IfCheckingInWhileLoop
q_topic_classes_objects:q_py_obj_point1,CheckingInWhileLoop,IfElseCheckingInWhileLoop
q_topic_classes_objects:q_py_obj_point1,CheckingInWhileLoop,IfElifCheckingInWhileLoop
q_topic_classes_objects:q_py_obj_point1,ManagingVariable,SwappingVariablesValue
q_topic_classes_objects:q_py_obj_point1,ManagingVariable,AssigningVariable
q_topic_classes_objects:q_py_obj_point1,ManagingVariable,UpdatingVariable
q_topic_classes_objects:q_py_obj_point1,HandlingAdvancedDataStructure,BinaryTreeTask
q_topic_classes_objects:q_py_obj_point1,HandlingAdvancedDataStructure,LinkedListTask
q_topic_classes_objects:q_py_obj_point1,HandlingAdvancedDataStructure,QueueTask
q_topic_classes_objects:q_py_obj_point1,HandlingAdvancedDataStructure,StackTask
q_topic_classes_objects:q_py_obj_point1,TwoDimensionalArrayTask,ReplacingElement2DArray
q_topic_classes_objects:q_py_obj_point1,TwoDimensionalArrayTask,Indexing2DArray
q_topic_classes_objects:q_py_obj_point1,TwoDimensionalArrayTask,Create2DArray
q_topic_classes_objects:q_py_obj_point1,HandlingFunction,CallingFunctionLibrary
q_topic_classes_objects:q_py_obj_point1,HandlingFunction,NestedFunctionCall
q_topic_classes_objects:q_py_obj_point1,HandlingFunctionCallingFunction,CallingFunctionCallingFunction
q_topic_classes_objects:q_py_obj_point1,HandlingFunctionCallingFunction,DefiningFunctionCallingFunction
q_topic_classes_objects:q_py_obj_point1,HandlingRecursiveFunction,CallingRecursiveFunction
q_topic_classes_objects:q_py_obj_point1,HandlingRecursiveFunction,DefiningRecursiveFunction
q_topic_classes_objects:q_py_obj_point1,HandlingNestedFunction,CallingNestedFunction
q_topic_classes_objects:q_py_obj_point1,HandlingNestedFunction,DefiningNestedFunction
q_topic_classes_objects:q_py_obj_point1,HandlingStandardFunction,CallingStandardFunction
q_topic_classes_objects:q_py_obj_point1,HandlingStandardFunction,DefiningStandardFunction
q_topic_classes_objects:q_py_obj_point1,NonNestedIteration,SingleForLoopIteration
q_topic_classes_objects:q_py_obj_point1,NonNestedIteration,SingleWhileLoopIteration
q_topic_classes_objects:q_py_obj_point1,WhileLoopWithUpdate,WhileLoopWithListIndexing
q_topic_classes_objects:q_py_obj_point1,WhileLoopWithUpdate,WhileLoopWith*=
q_topic_classes_objects:q_py_obj_point1,WhileLoopWithUpdate,WhileLoopWith+=
q_topic_classes_objects:q_py_obj_point1,ForLoopWithUpdate,ForLoopWith+=
q_topic_classes_objects:q_py_obj_point1,ForLoopWithUpdate,ForLoopWith*=
q_topic_classes_objects:q_py_obj_point1,ForLoopWithUpdate,ForLoopWithListIndexing
q_topic_classes_objects:q_py_obj_point1,NestedLoopIteration,MixedNestedLoopIteration
q_topic_classes_objects:q_py_obj_point1,NestedLoopIteration,NestedForLoopIteration
q_topic_classes_objects:q_py_obj_point1,NestedLoopIteration,NestedWhileLoopIteration
q_topic_classes_objects:q_py_obj_point1,ArithmeticOperation,FindAbsolute
q_topic_classes_objects:q_py_obj_point1,ArithmeticOperation,FindRemainder
q_topic_classes_objects:q_py_obj_point1,ArithmeticOperation,FindMaximum
q_topic_classes_objects:q_py_obj_point1,ArithmeticOperation,Addition
q_topic_classes_objects:q_py_obj_point1,ArithmeticOperation,Round
q_topic_classes_objects:q_py_obj_point1,ArithmeticOperation,Power
q_topic_classes_objects:q_py_obj_point1,ArithmeticOperation,FindMinimum
q_topic_classes_objects:q_py_obj_point1,ArithmeticOperation,Substraction
q_topic_classes_objects:q_py_obj_point1,ArithmeticOperation,Division
q_topic_classes_objects:q_py_obj_point1,ArithmeticOperation,Multiplication
q_topic_classes_objects:q_py_obj_point1,HandlingInteger,TransformingToIntType
q_topic_classes_objects:q_py_obj_point1,HandlingTuple,CreatingTuple
q_topic_classes_objects:q_py_obj_point1,HandlingTuple,SlicingTuple
q_topic_classes_objects:q_py_obj_point1,HandlingTuple,IndexingTuple
q_topic_classes_objects:q_py_obj_point1,HandlingFloat,TransformingToFloatType
q_topic_classes_objects:q_py_obj_point1,HandlingDictionary,ReplacingDictionaryElement
q_topic_classes_objects:q_py_obj_point1,HandlingDictionary,IndexingDictionary
q_topic_classes_objects:q_py_obj_point1,HandlingDictionary,AddingItemToDictionary
q_topic_classes_objects:q_py_obj_point1,HandlingDictionary,AccessingDictionary
q_topic_classes_objects:q_py_obj_point1,HandlingDictionary,CreatingDictionary
q_topic_classes_objects:q_py_obj_point1,HandlingList,DeletingListElement
q_topic_classes_objects:q_py_obj_point1,HandlingList,IndexingList
q_topic_classes_objects:q_py_obj_point1,HandlingList,CreatingList
q_topic_classes_objects:q_py_obj_point1,HandlingList,SlicingList
q_topic_classes_objects:q_py_obj_point1,HandlingList,ReplacingListElement
q_topic_classes_objects:q_py_obj_point1,HandlingList,ListReferencing
q_topic_classes_objects:q_py_obj_point1,HandlingList,ReversingList
q_topic_classes_objects:q_py_obj_point1,AddingListElement,AddingListElementWithInsert
q_topic_classes_objects:q_py_obj_point1,AddingListElement,AddingListElementWithAppend
q_topic_classes_objects:q_py_obj_point1,HandlingFile,ClosingFile
q_topic_classes_objects:q_py_obj_point1,HandlingFile,ReadingLine
q_topic_classes_objects:q_py_obj_point1,HandlingFile,OpeningFile
q_topic_classes_objects:q_py_obj_point1,HandlingString,CreatingString
q_topic_classes_objects:q_py_obj_point1,HandlingString,ReplacingStringContent
q_topic_classes_objects:q_py_obj_point1,HandlingString,FormattingString
q_topic_classes_objects:q_py_obj_point1,HandlingString,TransformingToStringType
q_topic_classes_objects:q_py_obj_point1,HandlingString,SplittingString
q_topic_classes_objects:q_py_obj_point1,HandlingString,TrimmingString
q_topic_classes_objects:q_py_obj_point1,HandlingString,IndexingString
q_topic_classes_objects:q_py_obj_point1,HandlingString,SlicingString
q_topic_classes_objects:q_py_obj_point1,ModifyingStringCase,ConvertStringToUpperCase
q_topic_classes_objects:q_py_obj_point1,ModifyingStringCase,ConvertStringToLowerCase
q_topic_classes_objects:q_py_obj_point1,ModifyingStringCase,CapitalizeString
q_topic_classes_objects:q_py_obj_point1,HandlingError,HandlingSpecificError
q_topic_classes_objects:q_py_obj_point1,HandlingError,HandlingGeneralError
q_topic_classes_objects:q_py_obj_student1,Python,Concatenation
q_topic_classes_objects:q_py_obj_student1,Python,Importing
q_topic_classes_objects:q_py_obj_student1,Python,FindingLength
q_topic_classes_objects:q_py_obj_student1,Python,Printing
q_topic_classes_objects:q_py_obj_student1,Python,CheckingForItem
q_topic_classes_objects:q_py_obj_student1,Python,HandlingInput
q_topic_classes_objects:q_py_obj_student1,CheckingCondition,IfElseChecking
q_topic_classes_objects:q_py_obj_student1,CheckingCondition,AssertChecking
q_topic_classes_objects:q_py_obj_student1,CheckingCondition,IfElifElseChecking
q_topic_classes_objects:q_py_obj_student1,CheckingCondition,NestedIfChecking
q_topic_classes_objects:q_py_obj_student1,CheckingCondition,IfElifChecking
q_topic_classes_objects:q_py_obj_student1,CheckingCondition,BooleanEvaluating
q_topic_classes_objects:q_py_obj_student1,CheckingInForLoop,IfElseCheckingInForLoop
q_topic_classes_objects:q_py_obj_student1,CheckingInForLoop,IfElifCheckingInForLoop
q_topic_classes_objects:q_py_obj_student1,CheckingInForLoop,IfCheckingInForLoop
q_topic_classes_objects:q_py_obj_student1,CheckingInForLoop,IfElifElseCheckingInForLoop
q_topic_classes_objects:q_py_obj_student1,CheckingInWhileLoop,IfElifElseCheckingInWhileLoop
q_topic_classes_objects:q_py_obj_student1,CheckingInWhileLoop,IfCheckingInWhileLoop
q_topic_classes_objects:q_py_obj_student1,CheckingInWhileLoop,IfElseCheckingInWhileLoop
q_topic_classes_objects:q_py_obj_student1,CheckingInWhileLoop,IfElifCheckingInWhileLoop
q_topic_classes_objects:q_py_obj_student1,ManagingVariable,SwappingVariablesValue
q_topic_classes_objects:q_py_obj_student1,HandlingAdvancedDataStructure,BinaryTreeTask
q_topic_classes_objects:q_py_obj_student1,HandlingAdvancedDataStructure,LinkedListTask
q_topic_classes_objects:q_py_obj_student1,HandlingAdvancedDataStructure,QueueTask
q_topic_classes_objects:q_py_obj_student1,HandlingAdvancedDataStructure,StackTask
q_topic_classes_objects:q_py_obj_student1,TwoDimensionalArrayTask,ReplacingElement2DArray
q_topic_classes_objects:q_py_obj_student1,TwoDimensionalArrayTask,Indexing2DArray
q_topic_classes_objects:q_py_obj_student1,TwoDimensionalArrayTask,Create2DArray
q_topic_classes_objects:q_py_obj_student1,HandlingObjectOrientedProgramming,CallingOOPMethod
q_topic_classes_objects:q_py_obj_student1,HandlingFunction,NestedFunctionCall
q_topic_classes_objects:q_py_obj_student1,HandlingFunctionCallingFunction,DefiningFunctionCallingFunction
q_topic_classes_objects:q_py_obj_student1,HandlingRecursiveFunction,CallingRecursiveFunction
q_topic_classes_objects:q_py_obj_student1,HandlingRecursiveFunction,DefiningRecursiveFunction
q_topic_classes_objects:q_py_obj_student1,HandlingNestedFunction,CallingNestedFunction
q_topic_classes_objects:q_py_obj_student1,HandlingNestedFunction,DefiningNestedFunction
q_topic_classes_objects:q_py_obj_student1,HandlingStandardFunction,CallingStandardFunction
q_topic_classes_objects:q_py_obj_student1,HandlingStandardFunction,DefiningStandardFunction
q_topic_classes_objects:q_py_obj_student1,NonNestedIteration,SingleWhileLoopIteration
q_topic_classes_objects:q_py_obj_student1,WhileLoopWithUpdate,WhileLoopWithListIndexing
q_topic_classes_objects:q_py_obj_student1,WhileLoopWithUpdate,WhileLoopWith*=
q_topic_classes_objects:q_py_obj_student1,WhileLoopWithUpdate,WhileLoopWith+=
q_topic_classes_objects:q_py_obj_student1,ForLoopWithUpdate,ForLoopWith+=
q_topic_classes_objects:q_py_obj_student1,ForLoopWithUpdate,ForLoopWith*=
q_topic_classes_objects:q_py_obj_student1,ForLoopWithUpdate,ForLoopWithListIndexing
q_topic_classes_objects:q_py_obj_student1,NestedLoopIteration,MixedNestedLoopIteration
q_topic_classes_objects:q_py_obj_student1,NestedLoopIteration,NestedForLoopIteration
q_topic_classes_objects:q_py_obj_student1,NestedLoopIteration,NestedWhileLoopIteration
q_topic_classes_objects:q_py_obj_student1,ArithmeticOperation,FindAbsolute
q_topic_classes_objects:q_py_obj_student1,ArithmeticOperation,FindRemainder
q_topic_classes_objects:q_py_obj_student1,ArithmeticOperation,FindMaximum
q_topic_classes_objects:q_py_obj_student1,ArithmeticOperation,Round
q_topic_classes_objects:q_py_obj_student1,ArithmeticOperation,Power
q_topic_classes_objects:q_py_obj_student1,ArithmeticOperation,FindMinimum
q_topic_classes_objects:q_py_obj_student1,ArithmeticOperation,Substraction
q_topic_classes_objects:q_py_obj_student1,ArithmeticOperation,Multiplication
q_topic_classes_objects:q_py_obj_student1,HandlingTuple,CreatingTuple
q_topic_classes_objects:q_py_obj_student1,HandlingTuple,SlicingTuple
q_topic_classes_objects:q_py_obj_student1,HandlingTuple,IndexingTuple
q_topic_classes_objects:q_py_obj_student1,HandlingDictionary,ReplacingDictionaryElement
q_topic_classes_objects:q_py_obj_student1,HandlingDictionary,IndexingDictionary
q_topic_classes_objects:q_py_obj_student1,HandlingDictionary,AddingItemToDictionary
q_topic_classes_objects:q_py_obj_student1,HandlingDictionary,AccessingDictionary
q_topic_classes_objects:q_py_obj_student1,HandlingDictionary,CreatingDictionary
q_topic_classes_objects:q_py_obj_student1,HandlingList,DeletingListElement
q_topic_classes_objects:q_py_obj_student1,HandlingList,IndexingList
q_topic_classes_objects:q_py_obj_student1,HandlingList,SlicingList
q_topic_classes_objects:q_py_obj_student1,HandlingList,ReplacingListElement
q_topic_classes_objects:q_py_obj_student1,HandlingList,ListReferencing
q_topic_classes_objects:q_py_obj_student1,HandlingList,ReversingList
q_topic_classes_objects:q_py_obj_student1,AddingListElement,AddingListElementWithInsert
q_topic_classes_objects:q_py_obj_student1,HandlingFile,ClosingFile
q_topic_classes_objects:q_py_obj_student1,HandlingFile,ReadingLine
q_topic_classes_objects:q_py_obj_student1,HandlingFile,OpeningFile
q_topic_classes_objects:q_py_obj_student1,HandlingString,CreatingString
q_topic_classes_objects:q_py_obj_student1,HandlingString,ReplacingStringContent
q_topic_classes_objects:q_py_obj_student1,HandlingString,FormattingString
q_topic_classes_objects:q_py_obj_student1,HandlingString,TransformingToStringType
q_topic_classes_objects:q_py_obj_student1,HandlingString,SplittingString
q_topic_classes_objects:q_py_obj_student1,HandlingString,TrimmingString
q_topic_classes_objects:q_py_obj_student1,HandlingString,IndexingString
q_topic_classes_objects:q_py_obj_student1,HandlingString,SlicingString
q_topic_classes_objects:q_py_obj_student1,ModifyingStringCase,ConvertStringToUpperCase
q_topic_classes_objects:q_py_obj_student1,ModifyingStringCase,ConvertStringToLowerCase
q_topic_classes_objects:q_py_obj_student1,ModifyingStringCase,CapitalizeString
q_topic_classes_objects:q_py_obj_student1,HandlingError,HandlingSpecificError
q_topic_classes_objects:q_py_obj_student1,HandlingError,HandlingGeneralError
py_adjacent_greater,CheckingCondition,IfElseChecking
py_adjacent_greater,CheckingCondition,AssertChecking
py_adjacent_greater,CheckingCondition,NestedIfChecking
py_adjacent_greater,CheckingInForLoop,IfElseCheckingInForLoop
py_adjacent_greater,CheckingInForLoop,IfElifCheckingInForLoop
py_adjacent_greater,CheckingInForLoop,IfCheckingInForLoop
py_adjacent_greater,CheckingInForLoop,IfElifElseCheckingInForLoop
py_adjacent_greater,ManagingVariable,SwappingVariablesValue
py_adjacent_greater,HandlingAdvancedDataStructure,BinaryTreeTask
py_adjacent_greater,HandlingAdvancedDataStructure,LinkedListTask
py_adjacent_greater,HandlingAdvancedDataStructure,QueueTask
py_adjacent_greater,HandlingAdvancedDataStructure,StackTask
py_adjacent_greater,TwoDimensionalArrayTask,ReplacingElement2DArray
py_adjacent_greater,TwoDimensionalArrayTask,Indexing2DArray
py_adjacent_greater,TwoDimensionalArrayTask,Create2DArray
py_adjacent_greater,HandlingObjectOrientedProgramming,CallingOOPMethod
py_adjacent_greater,HandlingObjectOrientedProgramming,CreatingObject
py_adjacent_greater,HandlingObjectOrientedProgramming,DefiningClass
py_adjacent_greater,HandlingObjectOrientedProgramming,DefiningOOPMethod
py_adjacent_greater,HandlingFunctionCallingFunction,CallingFunctionCallingFunction
py_adjacent_greater,HandlingFunctionCallingFunction,DefiningFunctionCallingFunction
py_adjacent_greater,HandlingRecursiveFunction,CallingRecursiveFunction
py_adjacent_greater,HandlingRecursiveFunction,DefiningRecursiveFunction
py_adjacent_greater,HandlingNestedFunction,CallingNestedFunction
py_adjacent_greater,HandlingNestedFunction,DefiningNestedFunction
py_adjacent_greater,HandlingStandardFunction,CallingStandardFunction
py_adjacent_greater,HandlingStandardFunction,DefiningStandardFunction
py_adjacent_greater,NonNestedIteration,SingleForLoopIteration
py_adjacent_greater,WhileLoopWithUpdate,WhileLoopWithListIndexing
py_adjacent_greater,WhileLoopWithUpdate,WhileLoopWith*=
py_adjacent_greater,WhileLoopWithUpdate,WhileLoopWith+=
py_adjacent_greater,ForLoopWithUpdate,ForLoopWith+=
py_adjacent_greater,ForLoopWithUpdate,ForLoopWith*=
py_adjacent_greater,ForLoopWithUpdate,ForLoopWithListIndexing
py_adjacent_greater,NestedLoopIteration,MixedNestedLoopIteration
py_adjacent_greater,NestedLoopIteration,NestedForLoopIteration
py_adjacent_greater,NestedLoopIteration,NestedWhileLoopIteration
py_adjacent_greater,ArithmeticOperation,FindAbsolute
py_adjacent_greater,ArithmeticOperation,FindRemainder
py_adjacent_greater,ArithmeticOperation,FindMaximum
py_adjacent_greater,ArithmeticOperation,Addition
py_adjacent_greater,ArithmeticOperation,Round
py_adjacent_greater,ArithmeticOperation,Power
py_adjacent_greater,ArithmeticOperation,FindMinimum
py_adjacent_greater,ArithmeticOperation,Substraction
py_adjacent_greater,ArithmeticOperation,Division
py_adjacent_greater,ArithmeticOperation,Multiplication
py_adjacent_greater,HandlingInteger,TransformingToIntType
py_adjacent_greater,HandlingTuple,CreatingTuple
py_adjacent_greater,HandlingTuple,SlicingTuple
py_adjacent_greater,HandlingTuple,IndexingTuple
py_adjacent_greater,HandlingDictionary,ReplacingDictionaryElement
py_adjacent_greater,HandlingDictionary,IndexingDictionary
py_adjacent_greater,HandlingDictionary,AddingItemToDictionary
py_adjacent_greater,HandlingDictionary,AccessingDictionary
py_adjacent_greater,HandlingDictionary,CreatingDictionary
py_adjacent_greater,HandlingList,DeletingListElement
py_adjacent_greater,HandlingList,IndexingList
py_adjacent_greater,HandlingList,CreatingList
py_adjacent_greater,HandlingList,SlicingList
py_adjacent_greater,HandlingList,ReplacingListElement
py_adjacent_greater,HandlingList,ListReferencing
py_adjacent_greater,HandlingList,ReversingList
py_adjacent_greater,AddingListElement,AddingListElementWithInsert
py_adjacent_greater,AddingListElement,AddingListElementWithAppend
py_adjacent_greater,HandlingFile,ClosingFile
py_adjacent_greater,HandlingFile,ReadingLine
py_adjacent_greater,HandlingFile,OpeningFile
py_adjacent_greater,HandlingString,ReplacingStringContent
py_adjacent_greater,HandlingString,TransformingToStringType
py_adjacent_greater,ModifyingStringCase,ConvertStringToUpperCase
py_adjacent_greater,ModifyingStringCase,ConvertStringToLowerCase
py_adjacent_greater,ModifyingStringCase,CapitalizeString
py_win_percentage,Python,Concatenation
py_win_percentage_input,Python,Concatenation
py_win_percentage_input,ManagingVariable,SwappingVariablesValue
py_win_percentage_input,HandlingAdvancedDataStructure,BinaryTreeTask
py_win_percentage_input,HandlingAdvancedDataStructure,LinkedListTask
py_win_percentage_input,HandlingAdvancedDataStructure,QueueTask
py_win_percentage_input,HandlingAdvancedDataStructure,StackTask
py_win_percentage_input,TwoDimensionalArrayTask,ReplacingElement2DArray
py_win_percentage_input,TwoDimensionalArrayTask,Indexing2DArray
py_win_percentage_input,TwoDimensionalArrayTask,Create2DArray
py_win_percentage_input,HandlingObjectOrientedProgramming,CallingOOPMethod
py_win_percentage_input,HandlingObjectOrientedProgramming,CreatingObject
py_win_percentage_input,HandlingObjectOrientedProgramming,DefiningClass
py_win_percentage_input,HandlingObjectOrientedProgramming,DefiningOOPMethod
py_find_average,Python,Concatenation
py_find_average,CheckingCondition,AssertChecking
py_find_average,CheckingCondition,IfElifChecking
py_find_average,CheckingCondition,BooleanEvaluating
py_find_average,CheckingInForLoop,IfElseCheckingInForLoop
py_find_average,CheckingInForLoop,IfElifCheckingInForLoop
py_find_average,CheckingInForLoop,IfCheckingInForLoop
py_find_average,CheckingInForLoop,IfElifElseCheckingInForLoop
py_find_average,CheckingInWhileLoop,IfElifCheckingInWhileLoop
py_find_average,ManagingVariable,SwappingVariablesValue
py_find_average,HandlingAdvancedDataStructure,BinaryTreeTask
py_find_average,HandlingAdvancedDataStructure,LinkedListTask
py_find_average,HandlingAdvancedDataStructure,QueueTask
py_find_average,HandlingAdvancedDataStructure,StackTask
py_find_average,TwoDimensionalArrayTask,ReplacingElement2DArray
py_find_average,TwoDimensionalArrayTask,Indexing2DArray
py_find_average,TwoDimensionalArrayTask,Create2DArray
py_find_average,HandlingObjectOrientedProgramming,CallingOOPMethod
py_find_average,HandlingObjectOrientedProgramming,CreatingObject
py_find_average,HandlingObjectOrientedProgramming,DefiningClass
py_find_average,HandlingObjectOrientedProgramming,DefiningOOPMethod
py_find_average,HandlingFunction,CallingFunctionLibrary
py_find_average,HandlingFunctionCallingFunction,CallingFunctionCallingFunction
py_find_average,HandlingFunctionCallingFunction,DefiningFunctionCallingFunction
py_find_average,HandlingRecursiveFunction,CallingRecursiveFunction
py_find_average,HandlingRecursiveFunction,DefiningRecursiveFunction
py_find_average,HandlingNestedFunction,CallingNestedFunction
py_find_average,HandlingNestedFunction,DefiningNestedFunction
py_find_average,NonNestedIteration,SingleForLoopIteration
py_find_average,WhileLoopWithUpdate,WhileLoopWithListIndexing
py_find_average,WhileLoopWithUpdate,WhileLoopWith*=
py_find_average,ForLoopWithUpdate,ForLoopWith+=
py_find_average,ForLoopWithUpdate,ForLoopWith*=
py_find_average,ForLoopWithUpdate,ForLoopWithListIndexing
py_find_average,NestedLoopIteration,MixedNestedLoopIteration
py_find_average,NestedLoopIteration,NestedForLoopIteration
py_find_average,NestedLoopIteration,NestedWhileLoopIteration
py_find_average,ArithmeticOperation,FindAbsolute
py_find_average,ArithmeticOperation,FindRemainder
py_find_average,ArithmeticOperation,FindMaximum
py_find_average,ArithmeticOperation,Round
py_find_average,ArithmeticOperation,Power
py_find_average,ArithmeticOperation,FindMinimum
py_find_average,ArithmeticOperation,Substraction
py_find_average,ArithmeticOperation,Multiplication
py_find_average,HandlingTuple,CreatingTuple
py_find_average,HandlingTuple,SlicingTuple
py_find_average,HandlingTuple,IndexingTuple
py_find_average,HandlingFloat,TransformingToFloatType
py_find_average,HandlingDictionary,ReplacingDictionaryElement
py_find_average,HandlingDictionary,IndexingDictionary
py_find_average,HandlingDictionary,AddingItemToDictionary
py_find_average,HandlingDictionary,AccessingDictionary
py_find_average,HandlingDictionary,CreatingDictionary
py_find_average,HandlingList,DeletingListElement
py_find_average,HandlingList,SlicingList
py_find_average,HandlingList,ReplacingListElement
py_find_average,HandlingList,ListReferencing
py_find_average,HandlingList,ReversingList
py_find_average,AddingListElement,AddingListElementWithInsert
py_find_average,AddingListElement,AddingListElementWithAppend
py_find_average,HandlingFile,ClosingFile
py_find_average,HandlingFile,ReadingLine
py_find_average,HandlingFile,OpeningFile
py_find_average,HandlingString,ReplacingStringContent
py_find_average,HandlingString,TransformingToStringType
py_find_average,HandlingString,SplittingString
py_find_average,HandlingString,TrimmingString
py_find_average,HandlingString,SlicingString
py_find_average,ModifyingStringCase,ConvertStringToUpperCase
py_find_average,ModifyingStringCase,ConvertStringToLowerCase
py_find_average,ModifyingStringCase,CapitalizeString
py_average_even_nums,Python,Concatenation
py_average_even_nums,CheckingCondition,AssertChecking
py_average_even_nums,HandlingAdvancedDataStructure,BinaryTreeTask
py_average_even_nums,HandlingAdvancedDataStructure,LinkedListTask
py_average_even_nums,HandlingAdvancedDataStructure,QueueTask
py_average_even_nums,HandlingAdvancedDataStructure,StackTask
py_average_even_nums,TwoDimensionalArrayTask,ReplacingElement2DArray
py_average_even_nums,TwoDimensionalArrayTask,Indexing2DArray
py_average_even_nums,TwoDimensionalArrayTask,Create2DArray
py_average_even_nums,HandlingObjectOrientedProgramming,CallingOOPMethod
py_average_even_nums,HandlingObjectOrientedProgramming,CreatingObject
py_average_even_nums,HandlingObjectOrientedProgramming,DefiningClass
py_average_even_nums,HandlingObjectOrientedProgramming,DefiningOOPMethod
py_average_even_nums,HandlingFunctionCallingFunction,CallingFunctionCallingFunction
py_average_even_nums,HandlingFunctionCallingFunction,DefiningFunctionCallingFunction
py_average_even_nums,HandlingRecursiveFunction,CallingRecursiveFunction
py_average_even_nums,HandlingRecursiveFunction,DefiningRecursiveFunction
py_average_even_nums,HandlingNestedFunction,CallingNestedFunction
py_average_even_nums,HandlingNestedFunction,DefiningNestedFunction
py_average_even_nums,NonNestedIteration,SingleForLoopIteration
py_average_even_nums,WhileLoopWithUpdate,WhileLoopWith*=
py_average_even_nums,ForLoopWithUpdate,ForLoopWith+=
py_average_even_nums,ForLoopWithUpdate,ForLoopWith*=
py_average_even_nums,ForLoopWithUpdate,ForLoopWithListIndexing
py_average_even_nums,ArithmeticOperation,FindAbsolute
py_average_even_nums,HandlingTuple,CreatingTuple
py_average_even_nums,HandlingTuple,SlicingTuple
py_average_even_nums,HandlingTuple,IndexingTuple
py_average_even_nums,HandlingFloat,TransformingToFloatType
py_average_even_nums,HandlingDictionary,ReplacingDictionaryElement
py_average_even_nums,HandlingDictionary,IndexingDictionary
py_average_even_nums,HandlingDictionary,AddingItemToDictionary
py_average_even_nums,HandlingDictionary,AccessingDictionary
py_average_even_nums,HandlingDictionary,CreatingDictionary
py_average_even_nums,HandlingList,SlicingList
py_average_even_nums,HandlingList,ListReferencing
py_average_even_nums,HandlingFile,ClosingFile
py_average_even_nums,HandlingFile,ReadingLine
py_average_even_nums,HandlingFile,OpeningFile
py_average_float,Python,Concatenation
py_list2d_basic,TwoDimensionalArrayTask,Indexing2DArray
py_list2d_basic,HandlingObjectOrientedProgramming,CallingOOPMethod
py_list2d_basic,HandlingObjectOrientedProgramming,CreatingObject
py_list2d_basic,HandlingObjectOrientedProgramming,DefiningClass
py_list2d_basic,HandlingObjectOrientedProgramming,DefiningOOPMethod
py_list2d_basic2,TwoDimensionalArrayTask,Indexing2DArray
py_list2d_basic2,HandlingObjectOrientedProgramming,CallingOOPMethod
py_list2d_basic2,HandlingObjectOrientedProgramming,CreatingObject
py_list2d_basic2,HandlingObjectOrientedProgramming,DefiningClass
py_list2d_basic2,HandlingObjectOrientedProgramming,DefiningOOPMethod
py_list2d_basic2,HandlingFunctionCallingFunction,DefiningFunctionCallingFunction
py_list2d_basic2,HandlingList,CreatingList
py_list2d_basic3,HandlingList,CreatingList
py_list_basic2,Python,HandlingInput
py_list_fill,Python,HandlingInput
py_list_fill,CheckingCondition,AssertChecking
py_list_fill,ManagingVariable,AssigningVariable
py_list_fill,ManagingVariable,UpdatingVariable
py_list_fill,HandlingFunction,NestedFunctionCall
py_list_fill,HandlingFunctionCallingFunction,CallingFunctionCallingFunction
py_list_fill,HandlingFunctionCallingFunction,DefiningFunctionCallingFunction
py_list_fill,NonNestedIteration,SingleWhileLoopIteration
py_list_fill,ArithmeticOperation,FindAbsolute
py_list_fill,ArithmeticOperation,FindRemainder
py_list_fill,ArithmeticOperation,FindMaximum
py_list_fill,ArithmeticOperation,Round
py_list_fill,ArithmeticOperation,Power
py_list_fill,ArithmeticOperation,FindMinimum
py_list_fill,ArithmeticOperation,Substraction
py_list_fill,ArithmeticOperation,Division
py_list_fill,HandlingDictionary,CreatingDictionary
py_list_fill,AddingListElement,AddingListElementWithInsert
py_list_fill_user_input,Python,Concatenation
py_list_fill_user_input,Python,Importing
py_list_fill_user_input,Python,FindingLength
py_list_fill_user_input,Python,CheckingForItem
py_list_fill_user_input,CheckingCondition,AssertChecking
py_list_fill_user_input,CheckingCondition,NestedIfChecking
py_list_fill_user_input,CheckingCondition,IfElifChecking
py_list_fill_user_input,CheckingCondition,BooleanEvaluating
py_list_fill_user_input,CheckingInForLoop,IfElseCheckingInForLoop
py_list_fill_user_input,CheckingInForLoop,IfElifCheckingInForLoop
py_list_fill_user_input,CheckingInForLoop,IfCheckingInForLoop
py_list_fill_user_input,CheckingInForLoop,IfElifElseCheckingInForLoop
py_list_fill_user_input,CheckingInWhileLoop,IfElifElseCheckingInWhileLoop
py_list_fill_user_input,CheckingInWhileLoop,IfCheckingInWhileLoop
py_list_fill_user_input,CheckingInWhileLoop,IfElseCheckingInWhileLoop
py_list_fill_user_input,CheckingInWhileLoop,IfElifCheckingInWhileLoop
py_list_fill_user_input,ManagingVariable,SwappingVariablesValue
py_list_fill_user_input,HandlingAdvancedDataStructure,BinaryTreeTask
py_list_fill_user_input,HandlingAdvancedDataStructure,LinkedListTask
py_list_fill_user_input,HandlingAdvancedDataStructure,QueueTask
py_list_fill_user_input,HandlingAdvancedDataStructure,StackTask
py_list_fill_user_input,TwoDimensionalArrayTask,ReplacingElement2DArray
py_list_fill_user_input,TwoDimensionalArrayTask,Indexing2DArray
py_list_fill_user_input,TwoDimensionalArrayTask,Create2DArray
py_list_fill_user_input,HandlingObjectOrientedProgramming,CallingOOPMethod
py_list_fill_user_input,HandlingObjectOrientedProgramming,CreatingObject
py_list_fill_user_input,HandlingObjectOrientedProgramming,DefiningClass
py_list_fill_user_input,HandlingObjectOrientedProgramming,DefiningOOPMethod
py_list_fill_user_input,HandlingFunctionCallingFunction,CallingFunctionCallingFunction
py_list_fill_user_input,HandlingFunctionCallingFunction,DefiningFunctionCallingFunction
py_list_fill_user_input,HandlingRecursiveFunction,CallingRecursiveFunction
py_list_fill_user_input,HandlingRecursiveFunction,DefiningRecursiveFunction
py_list_fill_user_input,HandlingNestedFunction,CallingNestedFunction
py_list_fill_user_input,HandlingNestedFunction,DefiningNestedFunction
py_list_fill_user_input,HandlingStandardFunction,CallingStandardFunction
py_list_fill_user_input,HandlingStandardFunction,DefiningStandardFunction
py_list_fill_user_input,NonNestedIteration,SingleWhileLoopIteration
py_list_fill_user_input,WhileLoopWithUpdate,WhileLoopWithListIndexing
py_list_fill_user_input,WhileLoopWithUpdate,WhileLoopWith*=
py_list_fill_user_input,WhileLoopWithUpdate,WhileLoopWith+=
py_list_fill_user_input,ForLoopWithUpdate,ForLoopWith+=
py_list_fill_user_input,ForLoopWithUpdate,ForLoopWith*=
py_list_fill_user_input,ForLoopWithUpdate,ForLoopWithListIndexing
py_list_fill_user_input,NestedLoopIteration,MixedNestedLoopIteration
py_list_fill_user_input,NestedLoopIteration,NestedForLoopIteration
py_list_fill_user_input,NestedLoopIteration,NestedWhileLoopIteration
py_list_fill_user_input,ArithmeticOperation,FindAbsolute
py_list_fill_user_input,ArithmeticOperation,FindRemainder
py_list_fill_user_input,ArithmeticOperation,FindMaximum
py_list_fill_user_input,ArithmeticOperation,Addition
py_list_fill_user_input,ArithmeticOperation,Round
py_list_fill_user_input,ArithmeticOperation,Power
py_list_fill_user_input,ArithmeticOperation,FindMinimum
py_list_fill_user_input,ArithmeticOperation,Substraction
py_list_fill_user_input,ArithmeticOperation,Division
py_list_fill_user_input,ArithmeticOperation,Multiplication
py_list_fill_user_input,HandlingInteger,TransformingToIntType
py_list_fill_user_input,HandlingTuple,CreatingTuple
py_list_fill_user_input,HandlingTuple,SlicingTuple
py_list_fill_user_input,HandlingTuple,IndexingTuple
py_list_fill_user_input,HandlingFloat,TransformingToFloatType
py_list_fill_user_input,HandlingDictionary,ReplacingDictionaryElement
py_list_fill_user_input,HandlingDictionary,IndexingDictionary
py_list_fill_user_input,HandlingDictionary,AddingItemToDictionary
py_list_fill_user_input,HandlingDictionary,AccessingDictionary
py_list_fill_user_input,HandlingDictionary,CreatingDictionary
py_list_fill_user_input,HandlingList,DeletingListElement
py_list_fill_user_input,HandlingList,SlicingList
py_list_fill_user_input,HandlingList,ReplacingListElement
py_list_fill_user_input,HandlingList,ListReferencing
py_list_fill_user_input,HandlingList,ReversingList
py_list_fill_user_input,AddingListElement,AddingListElementWithInsert
py_list_fill_user_input,HandlingFile,ClosingFile
py_list_fill_user_input,HandlingFile,ReadingLine
py_list_fill_user_input,HandlingFile,OpeningFile
py_list_fill_user_input,HandlingString,ReplacingStringContent
py_list_fill_user_input,HandlingString,FormattingString
py_list_fill_user_input,HandlingString,TransformingToStringType
py_list_fill_user_input,HandlingString,SplittingString
py_list_fill_user_input,HandlingString,TrimmingString
py_list_fill_user_input,HandlingString,IndexingString
py_list_fill_user_input,HandlingString,SlicingString
py_list_fill_user_input,ModifyingStringCase,ConvertStringToUpperCase
py_list_fill_user_input,ModifyingStringCase,ConvertStringToLowerCase
py_list_fill_user_input,ModifyingStringCase,CapitalizeString
py_print_medals_row_column_total,Python,Importing
py_print_medals_row_column_total,Python,CheckingForItem
py_print_medals_row_column_total,CheckingCondition,AssertChecking
py_print_medals_row_column_total,CheckingCondition,IfElifChecking
py_print_medals_row_column_total,CheckingInForLoop,IfElifCheckingInForLoop
py_print_medals_row_column_total,CheckingInWhileLoop,IfElifElseCheckingInWhileLoop
py_print_medals_row_column_total,ManagingVariable,SwappingVariablesValue
py_print_medals_row_column_total,HandlingAdvancedDataStructure,BinaryTreeTask
py_print_medals_row_column_total,HandlingAdvancedDataStructure,LinkedListTask
py_print_medals_row_column_total,HandlingAdvancedDataStructure,QueueTask
py_print_medals_row_column_total,HandlingAdvancedDataStructure,StackTask
py_print_medals_row_column_total,TwoDimensionalArrayTask,ReplacingElement2DArray
py_print_medals_row_column_total,TwoDimensionalArrayTask,Indexing2DArray
py_print_medals_row_column_total,TwoDimensionalArrayTask,Create2DArray
py_print_medals_row_column_total,HandlingObjectOrientedProgramming,CallingOOPMethod
py_print_medals_row_column_total,HandlingObjectOrientedProgramming,CreatingObject
py_print_medals_row_column_total,HandlingObjectOrientedProgramming,DefiningClass
py_print_medals_row_column_total,HandlingObjectOrientedProgramming,DefiningOOPMethod
py_print_medals_row_column_total,HandlingFunctionCallingFunction,CallingFunctionCallingFunction
py_print_medals_row_column_total,HandlingFunctionCallingFunction,DefiningFunctionCallingFunction
py_print_medals_row_column_total,HandlingRecursiveFunction,CallingRecursiveFunction
py_print_medals_row_column_total,HandlingRecursiveFunction,DefiningRecursiveFunction
py_print_medals_row_column_total,HandlingNestedFunction,CallingNestedFunction
py_print_medals_row_column_total,HandlingNestedFunction,DefiningNestedFunction
py_print_medals_row_column_total,HandlingStandardFunction,CallingStandardFunction
py_print_medals_row_column_total,HandlingStandardFunction,DefiningStandardFunction
py_print_medals_row_column_total,NonNestedIteration,SingleWhileLoopIteration
py_print_medals_row_column_total,WhileLoopWithUpdate,WhileLoopWithListIndexing
py_print_medals_row_column_total,WhileLoopWithUpdate,WhileLoopWith*=
py_print_medals_row_column_total,WhileLoopWithUpdate,WhileLoopWith+=
py_print_medals_row_column_total,ForLoopWithUpdate,ForLoopWith+=
py_print_medals_row_column_total,ForLoopWithUpdate,ForLoopWith*=
py_print_medals_row_column_total,ForLoopWithUpdate,ForLoopWithListIndexing
py_print_medals_row_column_total,NestedLoopIteration,MixedNestedLoopIteration
py_print_medals_row_column_total,NestedLoopIteration,NestedForLoopIteration
py_print_medals_row_column_total,NestedLoopIteration,NestedWhileLoopIteration
py_print_medals_row_column_total,ArithmeticOperation,FindAbsolute
py_print_medals_row_column_total,ArithmeticOperation,FindRemainder
py_print_medals_row_column_total,ArithmeticOperation,Round
py_print_medals_row_column_total,ArithmeticOperation,Power
py_print_medals_row_column_total,HandlingFloat,TransformingToFloatType
py_print_medals_row_column_total,HandlingDictionary,ReplacingDictionaryElement
py_print_medals_row_column_total,HandlingList,DeletingListElement
py_print_medals_row_column_total,HandlingList,SlicingList
py_print_medals_row_column_total,HandlingList,ListReferencing
py_print_medals_row_column_total,HandlingList,ReversingList
py_print_medals_row_column_total,HandlingString,ReplacingStringContent
py_print_medals_row_column_total,HandlingString,TransformingToStringType
py_print_medals_row_column_total,HandlingString,SplittingString
py_print_medals_row_column_total,HandlingString,TrimmingString
py_print_medals_row_column_total,HandlingString,IndexingString
py_print_medals_row_column_total,HandlingString,SlicingString
py_print_medals_row_column_total,ModifyingStringCase,ConvertStringToUpperCase
py_print_medals_row_column_total,ModifyingStringCase,ConvertStringToLowerCase
py_print_medals_row_column_total,ModifyingStringCase,CapitalizeString
py_list_process_elements,Python,Importing
py_list_process_elements,Python,CheckingForItem
py_list_process_elements,CheckingCondition,AssertChecking
py_list_process_elements,CheckingCondition,IfElifChecking
py_list_process_elements,CheckingCondition,BooleanEvaluating
py_list_process_elements,CheckingInForLoop,IfElseCheckingInForLoop
py_list_process_elements,CheckingInForLoop,IfElifCheckingInForLoop
py_list_process_elements,CheckingInForLoop,IfCheckingInForLoop
py_list_process_elements,CheckingInForLoop,IfElifElseCheckingInForLoop
py_list_process_elements,CheckingInWhileLoop,IfElifElseCheckingInWhileLoop
py_list_process_elements,CheckingInWhileLoop,IfCheckingInWhileLoop
py_list_process_elements,CheckingInWhileLoop,IfElseCheckingInWhileLoop
py_list_process_elements,CheckingInWhileLoop,IfElifCheckingInWhileLoop
py_list_process_elements,ManagingVariable,UpdatingVariable
py_list_process_elements,HandlingAdvancedDataStructure,BinaryTreeTask
py_list_process_elements,HandlingAdvancedDataStructure,LinkedListTask
py_list_process_elements,HandlingAdvancedDataStructure,QueueTask
py_list_process_elements,HandlingAdvancedDataStructure,StackTask
py_list_process_elements,TwoDimensionalArrayTask,ReplacingElement2DArray
py_list_process_elements,TwoDimensionalArrayTask,Indexing2DArray
py_list_process_elements,TwoDimensionalArrayTask,Create2DArray
py_list_process_elements,HandlingObjectOrientedProgramming,CallingOOPMethod
py_list_process_elements,HandlingObjectOrientedProgramming,CreatingObject
py_list_process_elements,HandlingObjectOrientedProgramming,DefiningClass
py_list_process_elements,HandlingObjectOrientedProgramming,DefiningOOPMethod
py_list_process_elements,HandlingFunctionCallingFunction,DefiningFunctionCallingFunction
py_list_process_elements,HandlingStandardFunction,CallingStandardFunction
py_list_process_elements,HandlingStandardFunction,DefiningStandardFunction
py_list_process_elements,NonNestedIteration,SingleWhileLoopIteration
py_list_process_elements,WhileLoopWithUpdate,WhileLoopWithListIndexing
py_list_process_elements,WhileLoopWithUpdate,WhileLoopWith*=
py_list_process_elements,WhileLoopWithUpdate,WhileLoopWith+=
py_list_process_elements,ForLoopWithUpdate,ForLoopWith+=
py_list_process_elements,ForLoopWithUpdate,ForLoopWith*=
py_list_process_elements,ForLoopWithUpdate,ForLoopWithListIndexing
py_list_process_elements,NestedLoopIteration,MixedNestedLoopIteration
py_list_process_elements,NestedLoopIteration,NestedForLoopIteration
py_list_process_elements,NestedLoopIteration,NestedWhileLoopIteration
py_list_process_elements,ArithmeticOperation,FindAbsolute
py_list_process_elements,ArithmeticOperation,FindRemainder
py_list_process_elements,ArithmeticOperation,FindMaximum
py_list_process_elements,ArithmeticOperation,Round
py_list_process_elements,ArithmeticOperation,Power
py_list_process_elements,ArithmeticOperation,FindMinimum
py_list_process_elements,ArithmeticOperation,Substraction
py_list_process_elements,ArithmeticOperation,Division
py_list_process_elements,ArithmeticOperation,Multiplication
py_list_process_elements,HandlingInteger,TransformingToIntType
py_list_process_elements,HandlingTuple,CreatingTuple
py_list_process_elements,HandlingTuple,SlicingTuple
py_list_process_elements,HandlingTuple,IndexingTuple
py_list_process_elements,HandlingFloat,TransformingToFloatType
py_list_process_elements,HandlingDictionary,IndexingDictionary
py_list_process_elements,HandlingList,DeletingListElement
py_list_process_elements,HandlingList,SlicingList
py_list_process_elements,HandlingList,ReplacingListElement
py_list_process_elements,HandlingList,ListReferencing
py_list_process_elements,HandlingList,ReversingList
py_list_process_elements,AddingListElement,AddingListElementWithInsert
py_list_process_elements,AddingListElement,AddingListElementWithAppend
py_list_process_elements,HandlingFile,ClosingFile
py_list_process_elements,HandlingFile,ReadingLine
py_list_process_elements,HandlingFile,OpeningFile
py_list_process_elements,HandlingString,ReplacingStringContent
py_list_process_elements,HandlingString,TransformingToStringType
py_list_process_elements,HandlingString,SlicingString
py_list_process_elements,ModifyingStringCase,ConvertStringToUpperCase
py_list_process_elements,ModifyingStringCase,ConvertStringToLowerCase
py_list_process_elements,ModifyingStringCase,CapitalizeString
py_search_list_count_each,CheckingCondition,AssertChecking
py_temperature,Python,Concatenation
py_temperature_list_days_above_threshold,Python,Concatenation
py_temperature_list_days_above_threshold,Python,CheckingForItem
py_temperature_list_days_above_threshold,CheckingCondition,IfElseChecking
py_temperature_list_days_above_threshold,CheckingCondition,AssertChecking
py_temperature_list_days_above_threshold,CheckingCondition,IfElifElseChecking
py_temperature_list_days_above_threshold,CheckingCondition,NestedIfChecking
py_temperature_list_days_above_threshold,CheckingCondition,IfElifChecking
py_temperature_list_days_above_threshold,CheckingCondition,BooleanEvaluating
py_temperature_list_days_above_threshold,CheckingInForLoop,IfElseCheckingInForLoop
py_temperature_list_days_above_threshold,CheckingInForLoop,IfElifCheckingInForLoop
py_temperature_list_days_above_threshold,CheckingInForLoop,IfElifElseCheckingInForLoop
py_temperature_list_days_above_threshold,CheckingInWhileLoop,IfElifElseCheckingInWhileLoop
py_temperature_list_days_above_threshold,CheckingInWhileLoop,IfCheckingInWhileLoop
py_temperature_list_days_above_threshold,CheckingInWhileLoop,IfElseCheckingInWhileLoop
py_temperature_list_days_above_threshold,CheckingInWhileLoop,IfElifCheckingInWhileLoop
py_temperature_list_days_above_threshold,ManagingVariable,SwappingVariablesValue
py_temperature_list_days_above_threshold,HandlingAdvancedDataStructure,BinaryTreeTask
py_temperature_list_days_above_threshold,HandlingAdvancedDataStructure,LinkedListTask
py_temperature_list_days_above_threshold,HandlingAdvancedDataStructure,QueueTask
py_temperature_list_days_above_threshold,HandlingAdvancedDataStructure,StackTask
py_temperature_list_days_above_threshold,TwoDimensionalArrayTask,ReplacingElement2DArray
py_temperature_list_days_above_threshold,TwoDimensionalArrayTask,Indexing2DArray
py_temperature_list_days_above_threshold,TwoDimensionalArrayTask,Create2DArray
py_temperature_list_days_above_threshold,HandlingObjectOrientedProgramming,CallingOOPMethod
py_temperature_list_days_above_threshold,HandlingObjectOrientedProgramming,CreatingObject
py_temperature_list_days_above_threshold,HandlingObjectOrientedProgramming,DefiningClass
py_temperature_list_days_above_threshold,HandlingObjectOrientedProgramming,DefiningOOPMethod
py_temperature_list_days_above_threshold,HandlingFunction,CallingFunctionLibrary
py_temperature_list_days_above_threshold,HandlingFunction,NestedFunctionCall
py_temperature_list_days_above_threshold,HandlingFunctionCallingFunction,CallingFunctionCallingFunction
py_temperature_list_days_above_threshold,HandlingFunctionCallingFunction,DefiningFunctionCallingFunction
py_temperature_list_days_above_threshold,HandlingRecursiveFunction,CallingRecursiveFunction
py_temperature_list_days_above_threshold,HandlingRecursiveFunction,DefiningRecursiveFunction
py_temperature_list_days_above_threshold,HandlingNestedFunction,CallingNestedFunction
py_temperature_list_days_above_threshold,HandlingNestedFunction,DefiningNestedFunction
py_temperature_list_days_above_threshold,HandlingStandardFunction,CallingStandardFunction
py_temperature_list_days_above_threshold,HandlingStandardFunction,DefiningStandardFunction
py_temperature_list_days_above_threshold,NonNestedIteration,SingleWhileLoopIteration
py_temperature_list_days_above_threshold,WhileLoopWithUpdate,WhileLoopWithListIndexing
py_temperature_list_days_above_threshold,WhileLoopWithUpdate,WhileLoopWith*=
py_temperature_list_days_above_threshold,WhileLoopWithUpdate,WhileLoopWith+=
py_temperature_list_days_above_threshold,ForLoopWithUpdate,ForLoopWith+=
py_temperature_list_days_above_threshold,ForLoopWithUpdate,ForLoopWith*=
py_temperature_list_days_above_threshold,ForLoopWithUpdate,ForLoopWithListIndexing
py_temperature_list_days_above_threshold,NestedLoopIteration,MixedNestedLoopIteration
py_temperature_list_days_above_threshold,NestedLoopIteration,NestedForLoopIteration
py_temperature_list_days_above_threshold,NestedLoopIteration,NestedWhileLoopIteration
py_temperature_list_days_above_threshold,ArithmeticOperation,FindAbsolute
py_temperature_list_days_above_threshold,ArithmeticOperation,FindRemainder
py_temperature_list_days_above_threshold,ArithmeticOperation,FindMaximum
py_temperature_list_days_above_threshold,ArithmeticOperation,Round
py_temperature_list_days_above_threshold,ArithmeticOperation,Power
py_temperature_list_days_above_threshold,ArithmeticOperation,FindMinimum
py_temperature_list_days_above_threshold,ArithmeticOperation,Substraction
py_temperature_list_days_above_threshold,ArithmeticOperation,Division
py_temperature_list_days_above_threshold,ArithmeticOperation,Multiplication
py_temperature_list_days_above_threshold,HandlingInteger,TransformingToIntType
py_temperature_list_days_above_threshold,HandlingTuple,CreatingTuple
py_temperature_list_days_above_threshold,HandlingTuple,SlicingTuple
py_temperature_list_days_above_threshold,HandlingTuple,IndexingTuple
py_temperature_list_days_above_threshold,HandlingDictionary,ReplacingDictionaryElement
py_temperature_list_days_above_threshold,HandlingDictionary,IndexingDictionary
py_temperature_list_days_above_threshold,HandlingDictionary,AddingItemToDictionary
py_temperature_list_days_above_threshold,HandlingDictionary,AccessingDictionary
py_temperature_list_days_above_threshold,HandlingDictionary,CreatingDictionary
py_temperature_list_days_above_threshold,HandlingList,DeletingListElement
py_temperature_list_days_above_threshold,HandlingList,SlicingList
py_temperature_list_days_above_threshold,HandlingList,ReplacingListElement
py_temperature_list_days_above_threshold,HandlingList,ListReferencing
py_temperature_list_days_above_threshold,HandlingList,ReversingList
py_temperature_list_days_above_threshold,AddingListElement,AddingListElementWithInsert
py_temperature_list_days_above_threshold,AddingListElement,AddingListElementWithAppend
py_temperature_list_days_above_threshold,HandlingFile,ClosingFile
py_temperature_list_days_above_threshold,HandlingFile,ReadingLine
py_temperature_list_days_above_threshold,HandlingFile,OpeningFile
py_temperature_list_days_above_threshold,HandlingString,ReplacingStringContent
py_temperature_list_days_above_threshold,HandlingString,FormattingString
py_temperature_list_days_above_threshold,HandlingString,SplittingString
py_temperature_list_days_above_threshold,HandlingString,TrimmingString
py_temperature_list_days_above_threshold,HandlingString,IndexingString
py_temperature_list_days_above_threshold,HandlingString,SlicingString
py_temperature_list_days_above_threshold,ModifyingStringCase,ConvertStringToUpperCase
py_temperature_list_days_above_threshold,ModifyingStringCase,ConvertStringToLowerCase
py_temperature_list_days_above_threshold,ModifyingStringCase,CapitalizeString
py_temperature_list_days_above_threshold,HandlingError,HandlingSpecificError
py_temperature_list_days_above_threshold,HandlingError,HandlingGeneralError
py_digits,Python,CheckingForItem
py_digits,Python,HandlingInput
py_digits,CheckingInWhileLoop,IfElifCheckingInWhileLoop
py_digits,ManagingVariable,SwappingVariablesValue
py_if_else_num,CheckingCondition,AssertChecking
py_ifelse_odd_even,Python,Concatenation
py_ifelse_odd_even,Python,FindingLength
py_star_patterns,Python,FindingLength
py_star_patterns,Python,CheckingForItem
py_input,Python,Concatenation
py_input,ManagingVariable,SwappingVariablesValue
py_input2,Python,Concatenation
ps_simple_function,Python,CheckingForItem
ps_simple_function,CheckingCondition,AssertChecking
ps_simple_function,HandlingStandardFunction,DefiningStandardFunction
ps_simple_params,HandlingStandardFunction,CallingStandardFunction
ps_simple_params,HandlingStandardFunction,DefiningStandardFunction
ps_python_addition,CheckingInForLoop,IfElseCheckingInForLoop
ps_python_addition,CheckingInForLoop,IfElifCheckingInForLoop
ps_python_addition,CheckingInForLoop,IfCheckingInForLoop
ps_python_addition,CheckingInForLoop,IfElifElseCheckingInForLoop
ps_python_addition,CheckingInWhileLoop,IfElifElseCheckingInWhileLoop
ps_python_addition,CheckingInWhileLoop,IfCheckingInWhileLoop
ps_python_addition,CheckingInWhileLoop,IfElseCheckingInWhileLoop
ps_python_addition,CheckingInWhileLoop,IfElifCheckingInWhileLoop
ps_python_addition,ManagingVariable,SwappingVariablesValue
ps_python_addition,HandlingAdvancedDataStructure,BinaryTreeTask
ps_python_addition,HandlingAdvancedDataStructure,LinkedListTask
ps_python_addition,HandlingAdvancedDataStructure,QueueTask
ps_python_addition,HandlingAdvancedDataStructure,StackTask
ps_python_addition,TwoDimensionalArrayTask,ReplacingElement2DArray
ps_python_addition,TwoDimensionalArrayTask,Indexing2DArray
ps_python_addition,TwoDimensionalArrayTask,Create2DArray
ps_python_addition,HandlingObjectOrientedProgramming,CallingOOPMethod
ps_python_addition,HandlingObjectOrientedProgramming,CreatingObject
ps_python_addition,HandlingObjectOrientedProgramming,DefiningClass
ps_python_addition,HandlingObjectOrientedProgramming,DefiningOOPMethod
ps_python_addition,ArithmeticOperation,FindAbsolute
ps_python_addition,ArithmeticOperation,FindRemainder
ps_python_addition,ArithmeticOperation,FindMaximum
ps_python_addition,ArithmeticOperation,Round
ps_python_addition,ArithmeticOperation,Power
ps_python_addition,ArithmeticOperation,FindMinimum
ps_python_addition,ArithmeticOperation,Substraction
ps_python_addition,ArithmeticOperation,Division
ps_python_addition,ArithmeticOperation,Multiplication
ps_python_iteration_addition,CheckingInForLoop,IfElseCheckingInForLoop
ps_python_iteration_addition,CheckingInForLoop,IfElifCheckingInForLoop
ps_python_iteration_addition,CheckingInForLoop,IfCheckingInForLoop
ps_python_iteration_addition,CheckingInForLoop,IfElifElseCheckingInForLoop
ps_python_iteration_addition,HandlingAdvancedDataStructure,BinaryTreeTask
ps_python_iteration_addition,HandlingAdvancedDataStructure,LinkedListTask
ps_python_iteration_addition,HandlingAdvancedDataStructure,QueueTask
ps_python_iteration_addition,HandlingAdvancedDataStructure,StackTask
ps_python_iteration_addition,TwoDimensionalArrayTask,ReplacingElement2DArray
ps_python_iteration_addition,TwoDimensionalArrayTask,Indexing2DArray
ps_python_iteration_addition,TwoDimensionalArrayTask,Create2DArray
ps_python_iteration_addition,HandlingObjectOrientedProgramming,CallingOOPMethod
ps_python_iteration_addition,HandlingObjectOrientedProgramming,CreatingObject
ps_python_iteration_addition,HandlingObjectOrientedProgramming,DefiningClass
ps_python_iteration_addition,HandlingObjectOrientedProgramming,DefiningOOPMethod
ps_python_iteration_addition,NonNestedIteration,SingleForLoopIteration
ps_python_iteration_addition,WhileLoopWithUpdate,WhileLoopWith*=
ps_python_iteration_addition,ForLoopWithUpdate,ForLoopWith+=
ps_python_iteration_addition,ForLoopWithUpdate,ForLoopWith*=
ps_python_iteration_addition,ForLoopWithUpdate,ForLoopWithListIndexing
ps_python_iteration_addition,ArithmeticOperation,FindAbsolute
ps_python_iteration_addition,HandlingTuple,CreatingTuple
ps_python_iteration_addition,HandlingTuple,SlicingTuple
ps_python_iteration_addition,HandlingTuple,IndexingTuple
ps_python_iteration_addition,HandlingFloat,TransformingToFloatType
ps_python_iteration_addition,HandlingList,SlicingList
ps_python_iteration_addition,HandlingList,ListReferencing
ps_python_iteration_addition,HandlingFile,ClosingFile
ps_python_iteration_addition,HandlingFile,ReadingLine
ps_python_iteration_addition,HandlingFile,OpeningFile
ps_python_iteration_addition,HandlingString,ReplacingStringContent
ps_python_iteration_addition,HandlingString,TransformingToStringType
ps_python_iteration_addition,ModifyingStringCase,ConvertStringToUpperCase
ps_python_iteration_addition,ModifyingStringCase,ConvertStringToLowerCase
ps_python_iteration_addition,ModifyingStringCase,CapitalizeString
ps_python_iteration_multiplication,CheckingInForLoop,IfElseCheckingInForLoop
ps_python_iteration_multiplication,CheckingInForLoop,IfElifCheckingInForLoop
ps_python_iteration_multiplication,CheckingInForLoop,IfCheckingInForLoop
ps_python_iteration_multiplication,CheckingInForLoop,IfElifElseCheckingInForLoop
ps_python_calculate_function,Python,Concatenation
ps_python_calculate_function,Python,Importing
ps_python_calculate_function,Python,FindingLength
ps_python_calculate_function,Python,CheckingForItem
ps_python_calculate_function,CheckingCondition,AssertChecking
ps_python_calculate_function,CheckingCondition,IfElifChecking
ps_python_calculate_function,CheckingCondition,BooleanEvaluating
ps_python_calculate_function,CheckingInForLoop,IfElseCheckingInForLoop
ps_python_calculate_function,CheckingInForLoop,IfElifCheckingInForLoop
ps_python_calculate_function,CheckingInForLoop,IfCheckingInForLoop
ps_python_calculate_function,CheckingInForLoop,IfElifElseCheckingInForLoop
ps_python_calculate_function,CheckingInWhileLoop,IfElifElseCheckingInWhileLoop
ps_python_calculate_function,CheckingInWhileLoop,IfCheckingInWhileLoop
ps_python_calculate_function,CheckingInWhileLoop,IfElseCheckingInWhileLoop
ps_python_calculate_function,CheckingInWhileLoop,IfElifCheckingInWhileLoop
ps_python_calculate_function,ManagingVariable,SwappingVariablesValue
ps_python_calculate_function,ManagingVariable,UpdatingVariable
ps_python_calculate_function,HandlingAdvancedDataStructure,BinaryTreeTask
ps_python_calculate_function,HandlingAdvancedDataStructure,LinkedListTask
ps_python_calculate_function,HandlingAdvancedDataStructure,QueueTask
ps_python_calculate_function,HandlingAdvancedDataStructure,StackTask
ps_python_calculate_function,TwoDimensionalArrayTask,ReplacingElement2DArray
ps_python_calculate_function,TwoDimensionalArrayTask,Indexing2DArray
ps_python_calculate_function,TwoDimensionalArrayTask,Create2DArray
ps_python_calculate_function,HandlingObjectOrientedProgramming,CallingOOPMethod
ps_python_calculate_function,HandlingObjectOrientedProgramming,CreatingObject
ps_python_calculate_function,HandlingObjectOrientedProgramming,DefiningClass
ps_python_calculate_function,HandlingObjectOrientedProgramming,DefiningOOPMethod
ps_python_calculate_function,HandlingFunctionCallingFunction,CallingFunctionCallingFunction
ps_python_calculate_function,HandlingFunctionCallingFunction,DefiningFunctionCallingFunction
ps_python_calculate_function,HandlingNestedFunction,CallingNestedFunction
ps_python_calculate_function,HandlingNestedFunction,DefiningNestedFunction
ps_python_calculate_function,HandlingStandardFunction,CallingStandardFunction
ps_python_calculate_function,HandlingStandardFunction,DefiningStandardFunction
ps_python_calculate_function,WhileLoopWithUpdate,WhileLoopWithListIndexing
ps_python_calculate_function,WhileLoopWithUpdate,WhileLoopWith*=
ps_python_calculate_function,WhileLoopWithUpdate,WhileLoopWith+=
ps_python_calculate_function,ForLoopWithUpdate,ForLoopWith+=
ps_python_calculate_function,ForLoopWithUpdate,ForLoopWith*=
ps_python_calculate_function,ForLoopWithUpdate,ForLoopWithListIndexing
ps_python_calculate_function,NestedLoopIteration,MixedNestedLoopIteration
ps_python_calculate_function,NestedLoopIteration,NestedForLoopIteration
ps_python_calculate_function,NestedLoopIteration,NestedWhileLoopIteration
ps_python_calculate_function,ArithmeticOperation,FindAbsolute
ps_python_calculate_function,ArithmeticOperation,FindRemainder
ps_python_calculate_function,ArithmeticOperation,FindMaximum
ps_python_calculate_function,ArithmeticOperation,Round
ps_python_calculate_function,ArithmeticOperation,Power
ps_python_calculate_function,ArithmeticOperation,FindMinimum
ps_python_calculate_function,ArithmeticOperation,Substraction
ps_python_calculate_function,ArithmeticOperation,Division
ps_python_calculate_function,HandlingInteger,TransformingToIntType
ps_python_calculate_function,HandlingTuple,CreatingTuple
ps_python_calculate_function,HandlingTuple,SlicingTuple
ps_python_calculate_function,HandlingTuple,IndexingTuple
ps_python_calculate_function,HandlingFloat,TransformingToFloatType
ps_python_calculate_function,HandlingDictionary,ReplacingDictionaryElement
ps_python_calculate_function,HandlingDictionary,IndexingDictionary
ps_python_calculate_function,HandlingDictionary,AddingItemToDictionary
ps_python_calculate_function,HandlingDictionary,AccessingDictionary
ps_python_calculate_function,HandlingDictionary,CreatingDictionary
ps_python_calculate_function,HandlingList,DeletingListElement
ps_python_calculate_function,HandlingList,SlicingList
ps_python_calculate_function,HandlingList,ReplacingListElement
ps_python_calculate_function,HandlingList,ListReferencing
ps_python_calculate_function,HandlingList,ReversingList
ps_python_calculate_function,AddingListElement,AddingListElementWithInsert
ps_python_calculate_function,AddingListElement,AddingListElementWithAppend
ps_python_calculate_function,HandlingFile,ClosingFile
ps_python_calculate_function,HandlingFile,ReadingLine
ps_python_calculate_function,HandlingFile,OpeningFile
ps_python_calculate_function,HandlingString,ReplacingStringContent
ps_python_calculate_function,HandlingString,FormattingString
ps_python_calculate_function,HandlingString,TransformingToStringType
ps_python_calculate_function,HandlingString,SplittingString
ps_python_calculate_function,HandlingString,TrimmingString
ps_python_calculate_function,HandlingString,IndexingString
ps_python_calculate_function,HandlingString,SlicingString
ps_python_calculate_function,ModifyingStringCase,ConvertStringToUpperCase
ps_python_calculate_function,ModifyingStringCase,ConvertStringToLowerCase
ps_python_calculate_function,ModifyingStringCase,CapitalizeString
ps_python_calculate_function,HandlingError,HandlingSpecificError
ps_python_calculate_function,HandlingError,HandlingGeneralError
ps_python_nested_calls,HandlingFunctionCallingFunction,DefiningFunctionCallingFunction
ps_python_nested_calls,HandlingStandardFunction,DefiningStandardFunction
ps_python_nested_calls,ArithmeticOperation,FindAbsolute
ps_python_nested_calls,ArithmeticOperation,FindRemainder
ps_python_nested_calls,ArithmeticOperation,FindMaximum
ps_python_nested_calls,ArithmeticOperation,Round
ps_python_nested_calls,ArithmeticOperation,Power
ps_python_nested_calls,ArithmeticOperation,FindMinimum
ps_python_nested_calls,ArithmeticOperation,Substraction
ps_python_nested_calls,ArithmeticOperation,Division
ps_python_recursive_factorial,CheckingCondition,AssertChecking
ps_python_recursive_factorial,CheckingCondition,IfElifChecking
ps_python_recursive_factorial,CheckingCondition,BooleanEvaluating
ps_python_recursive_factorial,CheckingInForLoop,IfElseCheckingInForLoop
ps_python_recursive_factorial,CheckingInForLoop,IfElifCheckingInForLoop
ps_python_recursive_factorial,CheckingInForLoop,IfCheckingInForLoop
ps_python_recursive_factorial,CheckingInForLoop,IfElifElseCheckingInForLoop
ps_python_recursive_factorial,CheckingInWhileLoop,IfElifElseCheckingInWhileLoop
ps_python_recursive_factorial,CheckingInWhileLoop,IfCheckingInWhileLoop
ps_python_recursive_factorial,CheckingInWhileLoop,IfElseCheckingInWhileLoop
ps_python_recursive_factorial,CheckingInWhileLoop,IfElifCheckingInWhileLoop
ps_python_recursive_factorial,ManagingVariable,SwappingVariablesValue
ps_python_recursive_factorial,HandlingFunctionCallingFunction,DefiningFunctionCallingFunction
ps_python_recursive_factorial,HandlingRecursiveFunction,CallingRecursiveFunction
ps_python_recursive_factorial,HandlingNestedFunction,CallingNestedFunction
ps_python_recursive_factorial,HandlingNestedFunction,DefiningNestedFunction
ps_python_recursive_factorial,HandlingStandardFunction,CallingStandardFunction
ps_python_recursive_factorial,HandlingStandardFunction,DefiningStandardFunction
ps_python_class_person,Python,Concatenation
ps_python_class_person,CheckingCondition,AssertChecking
ps_python_class_person,HandlingAdvancedDataStructure,BinaryTreeTask
ps_python_class_person,HandlingAdvancedDataStructure,LinkedListTask
ps_python_class_person,HandlingAdvancedDataStructure,QueueTask
ps_python_class_person,HandlingAdvancedDataStructure,StackTask
ps_python_class_person,TwoDimensionalArrayTask,ReplacingElement2DArray
ps_python_class_person,TwoDimensionalArrayTask,Indexing2DArray
ps_python_class_person,TwoDimensionalArrayTask,Create2DArray
ps_python_class_person,HandlingObjectOrientedProgramming,DefiningOOPMethod
ps_python_list_to_dict,Python,CheckingForItem
ps_python_bigger_than,Python,HandlingInput
ps_python_bigger_than,CheckingInForLoop,IfElseCheckingInForLoop
ps_python_bigger_than,CheckingInForLoop,IfElifCheckingInForLoop
ps_python_bigger_than,CheckingInForLoop,IfCheckingInForLoop
ps_python_bigger_than,CheckingInForLoop,IfElifElseCheckingInForLoop
ps_python_bigger_than,CheckingInWhileLoop,IfElifElseCheckingInWhileLoop
ps_python_bigger_than,CheckingInWhileLoop,IfCheckingInWhileLoop
ps_python_bigger_than,CheckingInWhileLoop,IfElseCheckingInWhileLoop
ps_python_bigger_than,CheckingInWhileLoop,IfElifCheckingInWhileLoop
ps_python_bigger_than,ManagingVariable,SwappingVariablesValue
ps_python_bigger_than,HandlingAdvancedDataStructure,BinaryTreeTask
ps_python_bigger_than,HandlingAdvancedDataStructure,LinkedListTask
ps_python_bigger_than,HandlingAdvancedDataStructure,QueueTask
ps_python_bigger_than,HandlingAdvancedDataStructure,StackTask
ps_python_bigger_than,TwoDimensionalArrayTask,ReplacingElement2DArray
ps_python_bigger_than,TwoDimensionalArrayTask,Indexing2DArray
ps_python_bigger_than,TwoDimensionalArrayTask,Create2DArray
ps_python_bigger_than,HandlingObjectOrientedProgramming,CallingOOPMethod
ps_python_bigger_than,HandlingObjectOrientedProgramming,CreatingObject
ps_python_bigger_than,HandlingObjectOrientedProgramming,DefiningClass
ps_python_bigger_than,HandlingObjectOrientedProgramming,DefiningOOPMethod
ps_python_bigger_than,HandlingFunctionCallingFunction,DefiningFunctionCallingFunction
ps_python_bigger_than,HandlingList,ReversingList
ps_python_conditionals_temperature,Python,CheckingForItem
ps_python_conditionals_temperature,CheckingCondition,IfElseChecking
ps_python_conditionals_temperature,CheckingCondition,AssertChecking
ps_python_conditionals_temperature,CheckingInForLoop,IfElseCheckingInForLoop
ps_python_conditionals_temperature,CheckingInForLoop,IfElifCheckingInForLoop
ps_python_conditionals_temperature,CheckingInForLoop,IfCheckingInForLoop
ps_python_conditionals_temperature,CheckingInForLoop,IfElifElseCheckingInForLoop
ps_python_conditionals_temperature,CheckingInWhileLoop,IfElifElseCheckingInWhileLoop
ps_python_conditionals_temperature,CheckingInWhileLoop,IfCheckingInWhileLoop
ps_python_conditionals_temperature,CheckingInWhileLoop,IfElseCheckingInWhileLoop
ps_python_conditionals_temperature,CheckingInWhileLoop,IfElifCheckingInWhileLoop
ps_python_conditionals_temperature,ManagingVariable,SwappingVariablesValue
ps_python_conditionals_temperature,HandlingAdvancedDataStructure,BinaryTreeTask
ps_python_conditionals_temperature,HandlingAdvancedDataStructure,LinkedListTask
ps_python_conditionals_temperature,HandlingAdvancedDataStructure,QueueTask
ps_python_conditionals_temperature,HandlingAdvancedDataStructure,StackTask
ps_python_conditionals_temperature,TwoDimensionalArrayTask,ReplacingElement2DArray
ps_python_conditionals_temperature,TwoDimensionalArrayTask,Indexing2DArray
ps_python_conditionals_temperature,TwoDimensionalArrayTask,Create2DArray
ps_python_conditionals_temperature,HandlingObjectOrientedProgramming,CallingOOPMethod
ps_python_conditionals_temperature,HandlingObjectOrientedProgramming,CreatingObject
ps_python_conditionals_temperature,HandlingObjectOrientedProgramming,DefiningClass
ps_python_conditionals_temperature,HandlingObjectOrientedProgramming,DefiningOOPMethod
ps_python_conditionals_temperature,HandlingStandardFunction,CallingStandardFunction
ps_python_conditionals_temperature,HandlingStandardFunction,DefiningStandardFunction
ps_python_printing_file_contents,Python,Concatenation
ps_python_nested_ifs,CheckingCondition,AssertChecking
ps_python_nested_ifs,CheckingInForLoop,IfElifCheckingInForLoop
ps_python_nested_ifs,CheckingInForLoop,IfCheckingInForLoop
ps_python_nested_ifs,CheckingInForLoop,IfElifElseCheckingInForLoop
ps_python_nested_ifs,CheckingInWhileLoop,IfElifElseCheckingInWhileLoop
ps_python_nested_ifs,CheckingInWhileLoop,IfCheckingInWhileLoop
ps_python_nested_ifs,CheckingInWhileLoop,IfElifCheckingInWhileLoop
ps_python_nested_ifs,ManagingVariable,SwappingVariablesValue
ps_python_xor,Python,CheckingForItem
ps_python_xor,Python,HandlingInput
ps_python_xor,CheckingCondition,AssertChecking
ps_python_xor,CheckingInForLoop,IfElseCheckingInForLoop
ps_python_xor,CheckingInForLoop,IfElifCheckingInForLoop
ps_python_xor,CheckingInForLoop,IfCheckingInForLoop
ps_python_xor,CheckingInForLoop,IfElifElseCheckingInForLoop
ps_python_xor,CheckingInWhileLoop,IfElifElseCheckingInWhileLoop
ps_python_xor,CheckingInWhileLoop,IfCheckingInWhileLoop
ps_python_xor,CheckingInWhileLoop,IfElseCheckingInWhileLoop
ps_python_xor,CheckingInWhileLoop,IfElifCheckingInWhileLoop
ps_python_xor,ManagingVariable,SwappingVariablesValue
ps_python_xor,HandlingAdvancedDataStructure,BinaryTreeTask
ps_python_xor,HandlingAdvancedDataStructure,LinkedListTask
ps_python_xor,HandlingAdvancedDataStructure,QueueTask
ps_python_xor,HandlingAdvancedDataStructure,StackTask
ps_python_xor,TwoDimensionalArrayTask,ReplacingElement2DArray
ps_python_xor,TwoDimensionalArrayTask,Indexing2DArray
ps_python_xor,TwoDimensionalArrayTask,Create2DArray
ps_python_xor,HandlingObjectOrientedProgramming,CallingOOPMethod
ps_python_xor,HandlingObjectOrientedProgramming,CreatingObject
ps_python_xor,HandlingObjectOrientedProgramming,DefiningClass
ps_python_xor,HandlingObjectOrientedProgramming,DefiningOOPMethod
ps_python_xor,HandlingFunctionCallingFunction,CallingFunctionCallingFunction
ps_python_xor,HandlingFunctionCallingFunction,DefiningFunctionCallingFunction
ps_python_xor,HandlingRecursiveFunction,CallingRecursiveFunction
ps_python_xor,HandlingRecursiveFunction,DefiningRecursiveFunction
ps_python_xor,HandlingNestedFunction,CallingNestedFunction
ps_python_xor,HandlingNestedFunction,DefiningNestedFunction
ps_python_xor,HandlingStandardFunction,DefiningStandardFunction
ps_python_xor,WhileLoopWithUpdate,WhileLoopWithListIndexing
ps_python_xor,WhileLoopWithUpdate,WhileLoopWith*=
ps_python_xor,WhileLoopWithUpdate,WhileLoopWith+=
ps_python_xor,ForLoopWithUpdate,ForLoopWith+=
ps_python_xor,ForLoopWithUpdate,ForLoopWith*=
ps_python_xor,ForLoopWithUpdate,ForLoopWithListIndexing
ps_python_xor,NestedLoopIteration,MixedNestedLoopIteration
ps_python_xor,NestedLoopIteration,NestedForLoopIteration
ps_python_xor,NestedLoopIteration,NestedWhileLoopIteration
ps_python_xor,ArithmeticOperation,FindAbsolute
ps_python_xor,ArithmeticOperation,FindRemainder
ps_python_xor,ArithmeticOperation,FindMaximum
ps_python_xor,ArithmeticOperation,Addition
ps_python_xor,ArithmeticOperation,Round
ps_python_xor,ArithmeticOperation,Power
ps_python_xor,ArithmeticOperation,FindMinimum
ps_python_xor,ArithmeticOperation,Substraction
ps_python_xor,ArithmeticOperation,Division
ps_python_xor,ArithmeticOperation,Multiplication
ps_python_xor,HandlingInteger,TransformingToIntType
ps_python_xor,HandlingTuple,CreatingTuple
ps_python_xor,HandlingTuple,SlicingTuple
ps_python_xor,HandlingTuple,IndexingTuple
ps_python_xor,HandlingFloat,TransformingToFloatType
ps_python_xor,HandlingDictionary,ReplacingDictionaryElement
ps_python_xor,HandlingDictionary,IndexingDictionary
ps_python_xor,HandlingDictionary,AddingItemToDictionary
ps_python_xor,HandlingDictionary,AccessingDictionary
ps_python_xor,HandlingDictionary,CreatingDictionary
ps_python_xor,HandlingList,DeletingListElement
ps_python_xor,HandlingList,IndexingList
ps_python_xor,HandlingList,CreatingList
ps_python_xor,HandlingList,SlicingList
ps_python_xor,HandlingList,ReplacingListElement
ps_python_xor,HandlingList,ListReferencing
ps_python_xor,HandlingList,ReversingList
ps_python_xor,AddingListElement,AddingListElementWithInsert
ps_python_xor,AddingListElement,AddingListElementWithAppend
ps_python_xor,HandlingFile,ClosingFile
ps_python_xor,HandlingFile,ReadingLine
ps_python_xor,HandlingFile,OpeningFile
ps_python_xor,HandlingString,CreatingString
ps_python_xor,HandlingString,ReplacingStringContent
ps_python_xor,HandlingString,FormattingString
ps_python_xor,HandlingString,TransformingToStringType
ps_python_xor,HandlingString,SplittingString
ps_python_xor,HandlingString,TrimmingString
ps_python_xor,HandlingString,IndexingString
ps_python_xor,HandlingString,SlicingString
ps_python_xor,ModifyingStringCase,ConvertStringToUpperCase
ps_python_xor,ModifyingStringCase,ConvertStringToLowerCase
ps_python_xor,ModifyingStringCase,CapitalizeString
ps_python_for_odd_or_even,CheckingCondition,AssertChecking
ps_python_for_odd_or_even,CheckingInWhileLoop,IfElifElseCheckingInWhileLoop
ps_python_for_odd_or_even,CheckingInWhileLoop,IfCheckingInWhileLoop
ps_python_for_odd_or_even,CheckingInWhileLoop,IfElseCheckingInWhileLoop
ps_python_for_odd_or_even,CheckingInWhileLoop,IfElifCheckingInWhileLoop
ps_python_for_odd_or_even,HandlingAdvancedDataStructure,BinaryTreeTask
ps_python_for_odd_or_even,HandlingAdvancedDataStructure,LinkedListTask
ps_python_for_odd_or_even,HandlingAdvancedDataStructure,QueueTask
ps_python_for_odd_or_even,HandlingAdvancedDataStructure,StackTask
ps_python_for_odd_or_even,TwoDimensionalArrayTask,ReplacingElement2DArray
ps_python_for_odd_or_even,TwoDimensionalArrayTask,Indexing2DArray
ps_python_for_odd_or_even,TwoDimensionalArrayTask,Create2DArray
ps_python_for_odd_or_even,HandlingObjectOrientedProgramming,CallingOOPMethod
ps_python_for_odd_or_even,HandlingObjectOrientedProgramming,CreatingObject
ps_python_for_odd_or_even,HandlingObjectOrientedProgramming,DefiningClass
ps_python_for_odd_or_even,HandlingObjectOrientedProgramming,DefiningOOPMethod
ps_python_for_odd_or_even,HandlingFunctionCallingFunction,CallingFunctionCallingFunction
ps_python_for_odd_or_even,HandlingFunctionCallingFunction,DefiningFunctionCallingFunction
ps_python_for_odd_or_even,HandlingRecursiveFunction,CallingRecursiveFunction
ps_python_for_odd_or_even,HandlingRecursiveFunction,DefiningRecursiveFunction
ps_python_for_odd_or_even,HandlingNestedFunction,CallingNestedFunction
ps_python_for_odd_or_even,HandlingNestedFunction,DefiningNestedFunction
ps_python_for_odd_or_even,HandlingStandardFunction,CallingStandardFunction
ps_python_for_odd_or_even,HandlingStandardFunction,DefiningStandardFunction
ps_python_for_odd_or_even,WhileLoopWithUpdate,WhileLoopWithListIndexing
ps_python_for_odd_or_even,WhileLoopWithUpdate,WhileLoopWith*=
ps_python_for_odd_or_even,WhileLoopWithUpdate,WhileLoopWith+=
ps_python_for_odd_or_even,ForLoopWithUpdate,ForLoopWith+=
ps_python_for_odd_or_even,ForLoopWithUpdate,ForLoopWith*=
ps_python_for_odd_or_even,ForLoopWithUpdate,ForLoopWithListIndexing
ps_python_for_odd_or_even,NestedLoopIteration,MixedNestedLoopIteration
ps_python_for_odd_or_even,NestedLoopIteration,NestedForLoopIteration
ps_python_for_odd_or_even,NestedLoopIteration,NestedWhileLoopIteration
ps_python_for_odd_or_even,ArithmeticOperation,FindAbsolute
ps_python_for_odd_or_even,ArithmeticOperation,FindMaximum
ps_python_for_odd_or_even,ArithmeticOperation,Round
ps_python_for_odd_or_even,ArithmeticOperation,Power
ps_python_for_odd_or_even,ArithmeticOperation,FindMinimum
ps_python_for_odd_or_even,HandlingInteger,TransformingToIntType
ps_python_for_odd_or_even,HandlingTuple,CreatingTuple
ps_python_for_odd_or_even,HandlingTuple,SlicingTuple
ps_python_for_odd_or_even,HandlingTuple,IndexingTuple
ps_python_for_odd_or_even,HandlingFloat,TransformingToFloatType
ps_python_for_odd_or_even,HandlingDictionary,ReplacingDictionaryElement
ps_python_for_odd_or_even,HandlingDictionary,IndexingDictionary
ps_python_for_odd_or_even,HandlingDictionary,AddingItemToDictionary
ps_python_for_odd_or_even,HandlingDictionary,AccessingDictionary
ps_python_for_odd_or_even,HandlingDictionary,CreatingDictionary
ps_python_for_odd_or_even,HandlingList,ReversingList
ps_python_for_odd_or_even,AddingListElement,AddingListElementWithInsert
ps_python_for_odd_or_even,AddingListElement,AddingListElementWithAppend
ps_python_for_odd_or_even,HandlingFile,ClosingFile
ps_python_for_odd_or_even,HandlingFile,ReadingLine
ps_python_for_odd_or_even,HandlingFile,OpeningFile
ps_python_for_odd_or_even,HandlingString,TransformingToStringType
ps_python_for_odd_or_even,HandlingString,SplittingString
ps_python_for_odd_or_even,HandlingString,TrimmingString
ps_python_for_odd_or_even,ModifyingStringCase,ConvertStringToUpperCase
ps_python_for_odd_or_even,ModifyingStringCase,ConvertStringToLowerCase
ps_python_for_odd_or_even,ModifyingStringCase,CapitalizeString
ps_python_try_adding,HandlingStandardFunction,DefiningStandardFunction
ps_python_try_adding,ArithmeticOperation,FindAbsolute
ps_python_try_adding,ArithmeticOperation,FindRemainder
ps_python_try_adding,ArithmeticOperation,FindMaximum
ps_python_try_adding,ArithmeticOperation,Round
ps_python_try_adding,ArithmeticOperation,Power
ps_python_try_adding,ArithmeticOperation,FindMinimum
ps_python_try_adding,ArithmeticOperation,Substraction
ps_python_try_adding,ArithmeticOperation,Division
ps_python_try_adding,ArithmeticOperation,Multiplication
ps_python_class_point,HandlingObjectOrientedProgramming,CreatingObject
ps_python_class_point,HandlingFunction,NestedFunctionCall
ps_python_class_point,HandlingFunctionCallingFunction,DefiningFunctionCallingFunction
ps_python_class_point,HandlingStandardFunction,DefiningStandardFunction
ps_python_2d_list,Python,CheckingForItem
ps_python_2d_list,Python,HandlingInput
ps_python_2d_list,CheckingCondition,AssertChecking
ps_python_2d_list,CheckingCondition,IfElifChecking
ps_python_2d_list,CheckingCondition,BooleanEvaluating
ps_python_2d_list,CheckingInForLoop,IfElseCheckingInForLoop
ps_python_2d_list,CheckingInForLoop,IfElifCheckingInForLoop
ps_python_2d_list,CheckingInForLoop,IfCheckingInForLoop
ps_python_2d_list,CheckingInForLoop,IfElifElseCheckingInForLoop
ps_python_2d_list,CheckingInWhileLoop,IfElifElseCheckingInWhileLoop
ps_python_2d_list,CheckingInWhileLoop,IfCheckingInWhileLoop
ps_python_2d_list,CheckingInWhileLoop,IfElseCheckingInWhileLoop
ps_python_2d_list,CheckingInWhileLoop,IfElifCheckingInWhileLoop
ps_python_2d_list,ManagingVariable,SwappingVariablesValue
ps_python_2d_list,ManagingVariable,AssigningVariable
ps_python_2d_list,ManagingVariable,UpdatingVariable
ps_python_2d_list,HandlingAdvancedDataStructure,BinaryTreeTask
ps_python_2d_list,HandlingAdvancedDataStructure,LinkedListTask
ps_python_2d_list,HandlingAdvancedDataStructure,QueueTask
ps_python_2d_list,HandlingAdvancedDataStructure,StackTask
ps_python_2d_list,TwoDimensionalArrayTask,ReplacingElement2DArray
ps_python_2d_list,TwoDimensionalArrayTask,Indexing2DArray
ps_python_2d_list,TwoDimensionalArrayTask,Create2DArray
ps_python_2d_list,HandlingObjectOrientedProgramming,CallingOOPMethod
ps_python_2d_list,HandlingObjectOrientedProgramming,CreatingObject
ps_python_2d_list,HandlingObjectOrientedProgramming,DefiningClass
ps_python_2d_list,HandlingObjectOrientedProgramming,DefiningOOPMethod
ps_python_2d_list,HandlingFunction,NestedFunctionCall
ps_python_2d_list,HandlingFunctionCallingFunction,CallingFunctionCallingFunction
ps_python_2d_list,HandlingFunctionCallingFunction,DefiningFunctionCallingFunction
ps_python_2d_list,HandlingRecursiveFunction,CallingRecursiveFunction
ps_python_2d_list,HandlingRecursiveFunction,DefiningRecursiveFunction
ps_python_2d_list,HandlingNestedFunction,CallingNestedFunction
ps_python_2d_list,HandlingNestedFunction,DefiningNestedFunction
ps_python_2d_list,HandlingStandardFunction,CallingStandardFunction
ps_python_2d_list,HandlingStandardFunction,DefiningStandardFunction
ps_python_2d_list,NonNestedIteration,SingleWhileLoopIteration
ps_python_2d_list,WhileLoopWithUpdate,WhileLoopWithListIndexing
ps_python_2d_list,WhileLoopWithUpdate,WhileLoopWith*=
ps_python_2d_list,WhileLoopWithUpdate,WhileLoopWith+=
ps_python_2d_list,ForLoopWithUpdate,ForLoopWith+=
ps_python_2d_list,ForLoopWithUpdate,ForLoopWith*=
ps_python_2d_list,ForLoopWithUpdate,ForLoopWithListIndexing
ps_python_2d_list,NestedLoopIteration,MixedNestedLoopIteration
ps_python_2d_list,NestedLoopIteration,NestedWhileLoopIteration
ps_python_2d_list,ArithmeticOperation,FindAbsolute
ps_python_2d_list,ArithmeticOperation,FindRemainder
ps_python_2d_list,ArithmeticOperation,FindMaximum
ps_python_2d_list,ArithmeticOperation,Addition
ps_python_2d_list,ArithmeticOperation,Round
ps_python_2d_list,ArithmeticOperation,Power
ps_python_2d_list,ArithmeticOperation,FindMinimum
ps_python_2d_list,ArithmeticOperation,Substraction
ps_python_2d_list,ArithmeticOperation,Division
ps_python_2d_list,ArithmeticOperation,Multiplication
ps_python_2d_list,HandlingInteger,TransformingToIntType
ps_python_2d_list,HandlingTuple,CreatingTuple
ps_python_2d_list,HandlingTuple,SlicingTuple
ps_python_2d_list,HandlingTuple,IndexingTuple
ps_python_2d_list,HandlingFloat,TransformingToFloatType
ps_python_2d_list,HandlingDictionary,ReplacingDictionaryElement
ps_python_2d_list,HandlingDictionary,IndexingDictionary
ps_python_2d_list,HandlingDictionary,AddingItemToDictionary
ps_python_2d_list,HandlingDictionary,AccessingDictionary
ps_python_2d_list,HandlingDictionary,CreatingDictionary
ps_python_2d_list,HandlingList,DeletingListElement
ps_python_2d_list,HandlingList,ListReferencing
ps_python_2d_list,HandlingList,ReversingList
ps_python_2d_list,AddingListElement,AddingListElementWithInsert
ps_python_2d_list,AddingListElement,AddingListElementWithAppend
ps_python_2d_list,HandlingFile,ClosingFile
ps_python_2d_list,HandlingFile,ReadingLine
ps_python_2d_list,HandlingFile,OpeningFile
ps_python_2d_list,HandlingString,ReplacingStringContent
ps_python_2d_list,HandlingString,FormattingString
ps_python_2d_list,HandlingString,TransformingToStringType
ps_python_2d_list,HandlingString,SplittingString
ps_python_2d_list,HandlingString,TrimmingString
ps_python_2d_list,HandlingString,IndexingString
ps_python_2d_list,HandlingString,SlicingString
ps_python_2d_list,ModifyingStringCase,ConvertStringToUpperCase
ps_python_2d_list,ModifyingStringCase,ConvertStringToLowerCase
ps_python_2d_list,ModifyingStringCase,CapitalizeString
