exercise_name,parent,leaf_class
py_fail_course,Python,Concatenation
py_phone_age,Python,Concatenation
py_phone_age2,Python,Concatenation
py_phone_age2,Python,FindingLength
py_phone_age2,Python,CheckingForItem
py_phone_age2,CheckingCondition,AssertChecking
py_phone_age2,CheckingCondition,IfElifElseChecking
py_phone_age2,CheckingCondition,NestedIfChecking
py_phone_age2,CheckingCondition,IfElifChecking
py_phone_age2,CheckingInForLoop,IfElseCheckingInForLoop
py_phone_age2,CheckingInForLoop,IfElifCheckingInForLoop
py_phone_age2,CheckingInForLoop,IfCheckingInForLoop
py_phone_age2,CheckingInForLoop,IfElifElseCheckingInForLoop
py_phone_age2,CheckingInWhileLoop,IfElifElseCheckingInWhileLoop
py_phone_age2,CheckingInWhileLoop,IfCheckingInWhileLoop
py_phone_age2,CheckingInWhileLoop,IfElseCheckingInWhileLoop
py_phone_age2,CheckingInWhileLoop,IfElifCheckingInWhileLoop
py_phone_age2,ManagingVariable,SwappingVariablesValue
py_phone_age2,HandlingAdvancedDataStructure,BinaryTreeTask
py_phone_age2,HandlingAdvancedDataStructure,LinkedListTask
py_phone_age2,HandlingAdvancedDataStructure,QueueTask
py_phone_age2,HandlingAdvancedDataStructure,StackTask
py_phone_age2,TwoDimensionalArrayTask,ReplacingElement2DArray
py_phone_age2,TwoDimensionalArrayTask,Indexing2DArray
py_phone_age2,TwoDimensionalArrayTask,Create2DArray
py_phone_age2,HandlingObjectOrientedProgramming,CallingOOPMethod
py_phone_age2,HandlingObjectOrientedProgramming,CreatingObject
py_phone_age2,HandlingObjectOrientedProgramming,DefiningClass
py_phone_age2,HandlingObjectOrientedProgramming,DefiningOOPMethod
py_phone_age2,HandlingFunctionCallingFunction,DefiningFunctionCallingFunction
py_phone_age2,HandlingRecursiveFunction,CallingRecursiveFunction
py_phone_age2,HandlingRecursiveFunction,DefiningRecursiveFunction
py_phone_age2,HandlingNestedFunction,CallingNestedFunction
py_phone_age2,HandlingNestedFunction,DefiningNestedFunction
py_phone_age2,WhileLoopWithUpdate,WhileLoopWithListIndexing
py_phone_age2,WhileLoopWithUpdate,WhileLoopWith*=
py_phone_age2,WhileLoopWithUpdate,WhileLoopWith+=
py_phone_age2,ForLoopWithUpdate,ForLoopWith+=
py_phone_age2,ForLoopWithUpdate,ForLoopWith*=
py_phone_age2,ForLoopWithUpdate,ForLoopWithListIndexing
py_phone_age2,NestedLoopIteration,NestedForLoopIteration
py_phone_age2,NestedLoopIteration,NestedWhileLoopIteration
py_phone_age2,ArithmeticOperation,FindAbsolute
py_phone_age2,ArithmeticOperation,FindRemainder
py_phone_age2,ArithmeticOperation,FindMaximum
py_phone_age2,ArithmeticOperation,Addition
py_phone_age2,ArithmeticOperation,Round
py_phone_age2,ArithmeticOperation,Power
py_phone_age2,ArithmeticOperation,FindMinimum
py_phone_age2,ArithmeticOperation,Substraction
py_phone_age2,ArithmeticOperation,Division
py_phone_age2,ArithmeticOperation,Multiplication
py_phone_age2,HandlingTuple,CreatingTuple
py_phone_age2,HandlingTuple,SlicingTuple
py_phone_age2,HandlingTuple,IndexingTuple
py_phone_age2,HandlingFloat,TransformingToFloatType
py_phone_age2,HandlingDictionary,ReplacingDictionaryElement
py_phone_age2,HandlingDictionary,IndexingDictionary
py_phone_age2,HandlingDictionary,AddingItemToDictionary
py_phone_age2,HandlingDictionary,AccessingDictionary
py_phone_age2,HandlingDictionary,CreatingDictionary
py_phone_age2,HandlingList,DeletingListElement
py_phone_age2,HandlingList,SlicingList
py_phone_age2,HandlingList,ReplacingListElement
py_phone_age2,HandlingList,ListReferencing
py_phone_age2,HandlingList,ReversingList
py_phone_age2,AddingListElement,AddingListElementWithInsert
py_phone_age2,AddingListElement,AddingListElementWithAppend
py_phone_age2,HandlingFile,ClosingFile
py_phone_age2,HandlingFile,ReadingLine
py_phone_age2,HandlingFile,OpeningFile
py_phone_age2,HandlingString,ReplacingStringContent
py_phone_age2,HandlingString,TransformingToStringType
py_phone_age2,HandlingString,TrimmingString
py_phone_age2,HandlingString,SlicingString
py_phone_age2,ModifyingStringCase,ConvertStringToUpperCase
py_phone_age2,ModifyingStringCase,ConvertStringToLowerCase
py_phone_age2,ModifyingStringCase,CapitalizeString
py_rent_car,Python,Concatenation
py_three_boolean,Python,Concatenation
py_three_boolean,CheckingCondition,AssertChecking
py_three_boolean,CheckingCondition,IfElifChecking
py_three_boolean,CheckingInForLoop,IfElseCheckingInForLoop
py_three_boolean,CheckingInForLoop,IfElifCheckingInForLoop
py_three_boolean,CheckingInForLoop,IfCheckingInForLoop
py_three_boolean,CheckingInForLoop,IfElifElseCheckingInForLoop
py_three_boolean,CheckingInWhileLoop,IfElifElseCheckingInWhileLoop
py_three_boolean,CheckingInWhileLoop,IfCheckingInWhileLoop
py_three_boolean,CheckingInWhileLoop,IfElseCheckingInWhileLoop
py_three_boolean,CheckingInWhileLoop,IfElifCheckingInWhileLoop
py_three_boolean,ManagingVariable,SwappingVariablesValue
py_three_boolean,HandlingAdvancedDataStructure,BinaryTreeTask
py_three_boolean,HandlingAdvancedDataStructure,LinkedListTask
py_three_boolean,HandlingAdvancedDataStructure,QueueTask
py_three_boolean,HandlingAdvancedDataStructure,StackTask
py_three_boolean,TwoDimensionalArrayTask,ReplacingElement2DArray
py_three_boolean,TwoDimensionalArrayTask,Indexing2DArray
py_three_boolean,TwoDimensionalArrayTask,Create2DArray
py_three_boolean,HandlingObjectOrientedProgramming,CallingOOPMethod
py_three_boolean,HandlingObjectOrientedProgramming,CreatingObject
py_three_boolean,HandlingObjectOrientedProgramming,DefiningClass
py_three_boolean,HandlingObjectOrientedProgramming,DefiningOOPMethod
py_three_boolean,HandlingFunctionCallingFunction,CallingFunctionCallingFunction
py_three_boolean,HandlingFunctionCallingFunction,DefiningFunctionCallingFunction
py_three_boolean,WhileLoopWithUpdate,WhileLoopWithListIndexing
py_three_boolean,WhileLoopWithUpdate,WhileLoopWith*=
py_three_boolean,WhileLoopWithUpdate,WhileLoopWith+=
py_three_boolean,ForLoopWithUpdate,ForLoopWith+=
py_three_boolean,ForLoopWithUpdate,ForLoopWith*=
py_three_boolean,ForLoopWithUpdate,ForLoopWithListIndexing
py_three_boolean,NestedLoopIteration,MixedNestedLoopIteration
py_three_boolean,NestedLoopIteration,NestedForLoopIteration
py_three_boolean,NestedLoopIteration,NestedWhileLoopIteration
py_three_boolean,ArithmeticOperation,Round
py_three_boolean,HandlingFloat,TransformingToFloatType
py_three_boolean,HandlingList,SlicingList
py_three_boolean,HandlingList,ListReferencing
py_three_boolean,HandlingFile,ClosingFile
py_three_boolean,HandlingFile,ReadingLine
py_three_boolean,HandlingFile,OpeningFile
py_three_boolean,HandlingString,ReplacingStringContent
py_three_boolean,HandlingString,TransformingToStringType
py_three_boolean,ModifyingStringCase,ConvertStringToUpperCase
py_three_boolean,ModifyingStringCase,ConvertStringToLowerCase
py_three_boolean,ModifyingStringCase,CapitalizeString
py_three_boolean3,Python,Concatenation
py_three_boolean3,CheckingCondition,AssertChecking
py_three_boolean3,CheckingInForLoop,IfElseCheckingInForLoop
py_three_boolean3,CheckingInForLoop,IfElifCheckingInForLoop
py_three_boolean3,CheckingInForLoop,IfCheckingInForLoop
py_three_boolean3,CheckingInForLoop,IfElifElseCheckingInForLoop
py_three_boolean3,CheckingInWhileLoop,IfElifElseCheckingInWhileLoop
py_three_boolean3,CheckingInWhileLoop,IfCheckingInWhileLoop
py_three_boolean3,CheckingInWhileLoop,IfElseCheckingInWhileLoop
py_three_boolean3,CheckingInWhileLoop,IfElifCheckingInWhileLoop
py_three_boolean3,ManagingVariable,SwappingVariablesValue
py_three_boolean3,HandlingAdvancedDataStructure,BinaryTreeTask
py_three_boolean3,HandlingAdvancedDataStructure,LinkedListTask
py_three_boolean3,HandlingAdvancedDataStructure,QueueTask
py_three_boolean3,HandlingAdvancedDataStructure,StackTask
py_three_boolean3,TwoDimensionalArrayTask,ReplacingElement2DArray
py_three_boolean3,TwoDimensionalArrayTask,Indexing2DArray
py_three_boolean3,TwoDimensionalArrayTask,Create2DArray
py_three_boolean3,HandlingObjectOrientedProgramming,CallingOOPMethod
py_three_boolean3,HandlingObjectOrientedProgramming,CreatingObject
py_three_boolean3,HandlingObjectOrientedProgramming,DefiningClass
py_three_boolean3,HandlingObjectOrientedProgramming,DefiningOOPMethod
py_three_boolean3,HandlingFunctionCallingFunction,CallingFunctionCallingFunction
py_three_boolean3,HandlingFunctionCallingFunction,DefiningFunctionCallingFunction
py_three_boolean3,HandlingRecursiveFunction,CallingRecursiveFunction
py_three_boolean3,HandlingRecursiveFunction,DefiningRecursiveFunction
py_three_boolean3,HandlingNestedFunction,CallingNestedFunction
py_three_boolean3,HandlingNestedFunction,DefiningNestedFunction
py_three_boolean3,WhileLoopWithUpdate,WhileLoopWithListIndexing
py_three_boolean3,WhileLoopWithUpdate,WhileLoopWith*=
py_three_boolean3,WhileLoopWithUpdate,WhileLoopWith+=
py_three_boolean3,ForLoopWithUpdate,ForLoopWith+=
py_three_boolean3,ForLoopWithUpdate,ForLoopWith*=
py_three_boolean3,ForLoopWithUpdate,ForLoopWithListIndexing
py_three_boolean3,NestedLoopIteration,MixedNestedLoopIteration
py_three_boolean3,NestedLoopIteration,NestedForLoopIteration
py_three_boolean3,NestedLoopIteration,NestedWhileLoopIteration
py_three_boolean3,ArithmeticOperation,FindAbsolute
py_three_boolean3,ArithmeticOperation,FindRemainder
py_three_boolean3,ArithmeticOperation,Round
py_three_boolean3,ArithmeticOperation,Power
py_three_boolean3,HandlingTuple,CreatingTuple
py_three_boolean3,HandlingTuple,SlicingTuple
py_three_boolean3,HandlingTuple,IndexingTuple
py_three_boolean3,HandlingFloat,TransformingToFloatType
py_three_boolean3,HandlingDictionary,ReplacingDictionaryElement
py_three_boolean3,HandlingDictionary,IndexingDictionary
py_three_boolean3,HandlingDictionary,AddingItemToDictionary
py_three_boolean3,HandlingDictionary,AccessingDictionary
py_three_boolean3,HandlingDictionary,CreatingDictionary
py_three_boolean3,HandlingList,DeletingListElement
py_three_boolean3,HandlingList,IndexingList
py_three_boolean3,HandlingList,CreatingList
py_three_boolean3,HandlingList,SlicingList
py_three_boolean3,HandlingList,ReplacingListElement
py_three_boolean3,HandlingList,ListReferencing
py_three_boolean3,HandlingList,ReversingList
py_three_boolean3,AddingListElement,AddingListElementWithInsert
py_three_boolean3,AddingListElement,AddingListElementWithAppend
py_three_boolean3,HandlingFile,ClosingFile
py_three_boolean3,HandlingFile,ReadingLine
py_three_boolean3,HandlingFile,OpeningFile
py_three_boolean3,HandlingString,ReplacingStringContent
py_three_boolean3,HandlingString,TransformingToStringType
py_three_boolean3,ModifyingStringCase,ConvertStringToUpperCase
py_three_boolean3,ModifyingStringCase,ConvertStringToLowerCase
py_three_boolean3,ModifyingStringCase,CapitalizeString
py_boolean_dry_hot,Python,Concatenation
py_boolean_dry_hot,ManagingVariable,SwappingVariablesValue
py_boolean_dry_hot,HandlingAdvancedDataStructure,BinaryTreeTask
py_boolean_dry_hot,HandlingAdvancedDataStructure,LinkedListTask
py_boolean_dry_hot,HandlingAdvancedDataStructure,QueueTask
py_boolean_dry_hot,HandlingAdvancedDataStructure,StackTask
py_boolean_dry_hot,TwoDimensionalArrayTask,ReplacingElement2DArray
py_boolean_dry_hot,TwoDimensionalArrayTask,Indexing2DArray
py_boolean_dry_hot,TwoDimensionalArrayTask,Create2DArray
py_boolean_dry_hot,HandlingObjectOrientedProgramming,CallingOOPMethod
py_boolean_dry_hot,HandlingObjectOrientedProgramming,CreatingObject
py_boolean_dry_hot,HandlingObjectOrientedProgramming,DefiningClass
py_boolean_dry_hot,HandlingObjectOrientedProgramming,DefiningOOPMethod
py_boolean_dry_hot,HandlingFunctionCallingFunction,CallingFunctionCallingFunction
py_boolean_dry_hot,HandlingFunctionCallingFunction,DefiningFunctionCallingFunction
py_boolean_dry_hot,HandlingRecursiveFunction,CallingRecursiveFunction
py_boolean_dry_hot,HandlingRecursiveFunction,DefiningRecursiveFunction
py_boolean_dry_hot,HandlingNestedFunction,CallingNestedFunction
py_boolean_dry_hot,HandlingNestedFunction,DefiningNestedFunction
py_boolean_dry_hot,WhileLoopWithUpdate,WhileLoopWithListIndexing
py_boolean_dry_hot,WhileLoopWithUpdate,WhileLoopWith*=
py_boolean_dry_hot,WhileLoopWithUpdate,WhileLoopWith+=
py_boolean_dry_hot,ForLoopWithUpdate,ForLoopWith+=
py_boolean_dry_hot,ForLoopWithUpdate,ForLoopWith*=
py_boolean_dry_hot,ForLoopWithUpdate,ForLoopWithListIndexing
py_boolean_dry_hot,NestedLoopIteration,MixedNestedLoopIteration
py_boolean_dry_hot,NestedLoopIteration,NestedForLoopIteration
py_boolean_dry_hot,NestedLoopIteration,NestedWhileLoopIteration
py_boolean_dry_hot,ArithmeticOperation,FindAbsolute
py_boolean_dry_hot,ArithmeticOperation,FindRemainder
py_boolean_dry_hot,ArithmeticOperation,FindMaximum
py_boolean_dry_hot,ArithmeticOperation,Round
py_boolean_dry_hot,ArithmeticOperation,Power
py_boolean_dry_hot,ArithmeticOperation,FindMinimum
py_boolean_dry_hot,HandlingTuple,CreatingTuple
py_boolean_dry_hot,HandlingTuple,SlicingTuple
py_boolean_dry_hot,HandlingTuple,IndexingTuple
py_boolean_dry_hot,HandlingFloat,TransformingToFloatType
py_boolean_dry_hot,HandlingDictionary,ReplacingDictionaryElement
py_boolean_dry_hot,HandlingDictionary,IndexingDictionary
py_boolean_dry_hot,HandlingDictionary,AddingItemToDictionary
py_boolean_dry_hot,HandlingDictionary,AccessingDictionary
py_boolean_dry_hot,HandlingDictionary,CreatingDictionary
py_boolean_dry_hot,HandlingList,DeletingListElement
py_boolean_dry_hot,HandlingList,IndexingList
py_boolean_dry_hot,HandlingList,CreatingList
py_boolean_dry_hot,HandlingList,SlicingList
py_boolean_dry_hot,HandlingList,ReplacingListElement
py_boolean_dry_hot,HandlingList,ListReferencing
py_boolean_dry_hot,HandlingList,ReversingList
py_boolean_dry_hot,AddingListElement,AddingListElementWithInsert
py_boolean_dry_hot,AddingListElement,AddingListElementWithAppend
py_boolean_dry_hot,HandlingFile,ClosingFile
py_boolean_dry_hot,HandlingFile,ReadingLine
py_boolean_dry_hot,HandlingFile,OpeningFile
py_boolean_dry_hot,HandlingString,ReplacingStringContent
py_boolean_dry_hot,HandlingString,TransformingToStringType
py_boolean_dry_hot,ModifyingStringCase,ConvertStringToUpperCase
py_boolean_dry_hot,ModifyingStringCase,ConvertStringToLowerCase
py_boolean_dry_hot,ModifyingStringCase,CapitalizeString
py_boolean_dry_hot2,Python,Concatenation
py_boolean_dry_hot2,CheckingCondition,AssertChecking
py_boolean_dry_hot2,ManagingVariable,SwappingVariablesValue
py_boolean_dry_hot2,HandlingFunction,CallingFunctionLibrary
py_boolean_dry_hot2,HandlingFunction,NestedFunctionCall
bjects_classes_loan,Python,Concatenation
bjects_classes_loan,Python,Importing
bjects_classes_loan,Python,FindingLength
bjects_classes_loan,Python,CheckingForItem
bjects_classes_loan,CheckingCondition,IfElseChecking
bjects_classes_loan,CheckingCondition,AssertChecking
bjects_classes_loan,CheckingCondition,IfElifElseChecking
bjects_classes_loan,CheckingCondition,NestedIfChecking
bjects_classes_loan,CheckingCondition,IfChecking
bjects_classes_loan,CheckingCondition,IfElifChecking
bjects_classes_loan,CheckingInForLoop,IfElseCheckingInForLoop
bjects_classes_loan,CheckingInForLoop,IfElifCheckingInForLoop
bjects_classes_loan,CheckingInForLoop,IfCheckingInForLoop
bjects_classes_loan,CheckingInForLoop,IfElifElseCheckingInForLoop
bjects_classes_loan,CheckingInWhileLoop,IfElifElseCheckingInWhileLoop
bjects_classes_loan,CheckingInWhileLoop,IfCheckingInWhileLoop
bjects_classes_loan,CheckingInWhileLoop,IfElseCheckingInWhileLoop
bjects_classes_loan,CheckingInWhileLoop,IfElifCheckingInWhileLoop
bjects_classes_loan,ManagingVariable,SwappingVariablesValue
bjects_classes_loan,HandlingAdvancedDataStructure,BinaryTreeTask
bjects_classes_loan,HandlingAdvancedDataStructure,LinkedListTask
bjects_classes_loan,HandlingAdvancedDataStructure,QueueTask
bjects_classes_loan,HandlingAdvancedDataStructure,StackTask
bjects_classes_loan,TwoDimensionalArrayTask,ReplacingElement2DArray
bjects_classes_loan,TwoDimensionalArrayTask,Indexing2DArray
bjects_classes_loan,TwoDimensionalArrayTask,Create2DArray
bjects_classes_loan,HandlingObjectOrientedProgramming,CallingOOPMethod
bjects_classes_loan,HandlingFunctionCallingFunction,CallingFunctionCallingFunction
bjects_classes_loan,HandlingFunctionCallingFunction,DefiningFunctionCallingFunction
bjects_classes_loan,HandlingRecursiveFunction,CallingRecursiveFunction
bjects_classes_loan,HandlingRecursiveFunction,DefiningRecursiveFunction
bjects_classes_loan,HandlingNestedFunction,CallingNestedFunction
bjects_classes_loan,HandlingNestedFunction,DefiningNestedFunction
bjects_classes_loan,HandlingStandardFunction,CallingStandardFunction
bjects_classes_loan,HandlingStandardFunction,DefiningStandardFunction
bjects_classes_loan,NonNestedIteration,SingleForLoopIteration
bjects_classes_loan,NonNestedIteration,SingleWhileLoopIteration
bjects_classes_loan,WhileLoopWithUpdate,WhileLoopWithListIndexing
bjects_classes_loan,WhileLoopWithUpdate,WhileLoopWith*=
bjects_classes_loan,WhileLoopWithUpdate,WhileLoopWith+=
bjects_classes_loan,ForLoopWithUpdate,ForLoopWith+=
bjects_classes_loan,ForLoopWithUpdate,ForLoopWith*=
bjects_classes_loan,ForLoopWithUpdate,ForLoopWithListIndexing
bjects_classes_loan,NestedLoopIteration,MixedNestedLoopIteration
bjects_classes_loan,NestedLoopIteration,NestedForLoopIteration
bjects_classes_loan,NestedLoopIteration,NestedWhileLoopIteration
bjects_classes_loan,ArithmeticOperation,FindAbsolute
bjects_classes_loan,ArithmeticOperation,FindRemainder
bjects_classes_loan,ArithmeticOperation,FindMaximum
bjects_classes_loan,ArithmeticOperation,Addition
bjects_classes_loan,ArithmeticOperation,Round
bjects_classes_loan,ArithmeticOperation,FindMinimum
bjects_classes_loan,ArithmeticOperation,Multiplication
bjects_classes_loan,HandlingTuple,CreatingTuple
bjects_classes_loan,HandlingTuple,SlicingTuple
bjects_classes_loan,HandlingTuple,IndexingTuple
bjects_classes_loan,HandlingDictionary,ReplacingDictionaryElement
bjects_classes_loan,HandlingDictionary,IndexingDictionary
bjects_classes_loan,HandlingDictionary,AddingItemToDictionary
bjects_classes_loan,HandlingDictionary,AccessingDictionary
bjects_classes_loan,HandlingDictionary,CreatingDictionary
bjects_classes_loan,HandlingList,DeletingListElement
bjects_classes_loan,HandlingList,IndexingList
bjects_classes_loan,HandlingList,CreatingList
bjects_classes_loan,HandlingList,SlicingList
bjects_classes_loan,HandlingList,ReplacingListElement
bjects_classes_loan,HandlingList,ListReferencing
bjects_classes_loan,HandlingList,ReversingList
bjects_classes_loan,AddingListElement,AddingListElementWithInsert
bjects_classes_loan,AddingListElement,AddingListElementWithAppend
bjects_classes_loan,HandlingFile,ClosingFile
bjects_classes_loan,HandlingFile,ReadingLine
bjects_classes_loan,HandlingFile,OpeningFile
bjects_classes_loan,HandlingString,CreatingString
bjects_classes_loan,HandlingString,ReplacingStringContent
bjects_classes_loan,HandlingString,FormattingString
bjects_classes_loan,HandlingString,TransformingToStringType
bjects_classes_loan,HandlingString,SplittingString
bjects_classes_loan,HandlingString,TrimmingString
bjects_classes_loan,HandlingString,IndexingString
bjects_classes_loan,HandlingString,SlicingString
bjects_classes_loan,ModifyingStringCase,ConvertStringToUpperCase
bjects_classes_loan,ModifyingStringCase,ConvertStringToLowerCase
bjects_classes_loan,ModifyingStringCase,CapitalizeString
bjects_classes_loan,HandlingError,HandlingSpecificError
bjects_classes_loan,HandlingError,HandlingGeneralError
py_loan2,Python,Concatenation
py_loan2,Python,Importing
py_loan2,Python,FindingLength
py_loan2,Python,Printing
py_loan2,Python,CheckingForItem
py_loan2,Python,HandlingInput
py_loan2,CheckingCondition,AssertChecking
py_loan2,CheckingCondition,IfElifChecking
py_loan2,CheckingInForLoop,IfElseCheckingInForLoop
py_loan2,CheckingInForLoop,IfElifCheckingInForLoop
py_loan2,CheckingInForLoop,IfCheckingInForLoop
py_loan2,CheckingInForLoop,IfElifElseCheckingInForLoop
py_loan2,CheckingInWhileLoop,IfElifElseCheckingInWhileLoop
py_loan2,CheckingInWhileLoop,IfCheckingInWhileLoop
py_loan2,CheckingInWhileLoop,IfElseCheckingInWhileLoop
py_loan2,CheckingInWhileLoop,IfElifCheckingInWhileLoop
py_loan2,ManagingVariable,SwappingVariablesValue
py_loan2,ManagingVariable,AssigningVariable
py_loan2,ManagingVariable,UpdatingVariable
py_loan2,HandlingAdvancedDataStructure,BinaryTreeTask
py_loan2,HandlingAdvancedDataStructure,LinkedListTask
py_loan2,HandlingAdvancedDataStructure,QueueTask
py_loan2,HandlingAdvancedDataStructure,StackTask
py_loan2,TwoDimensionalArrayTask,ReplacingElement2DArray
py_loan2,TwoDimensionalArrayTask,Indexing2DArray
py_loan2,TwoDimensionalArrayTask,Create2DArray
py_loan2,HandlingObjectOrientedProgramming,CallingOOPMethod
py_loan2,HandlingFunctionCallingFunction,CallingFunctionCallingFunction
py_loan2,HandlingFunctionCallingFunction,DefiningFunctionCallingFunction
py_loan2,HandlingNestedFunction,CallingNestedFunction
py_loan2,HandlingNestedFunction,DefiningNestedFunction
py_loan2,HandlingStandardFunction,CallingStandardFunction
py_loan2,HandlingStandardFunction,DefiningStandardFunction
py_loan2,WhileLoopWithUpdate,WhileLoopWithListIndexing
py_loan2,WhileLoopWithUpdate,WhileLoopWith*=
py_loan2,WhileLoopWithUpdate,WhileLoopWith+=
py_loan2,ForLoopWithUpdate,ForLoopWith+=
py_loan2,ForLoopWithUpdate,ForLoopWith*=
py_loan2,ForLoopWithUpdate,ForLoopWithListIndexing
py_loan2,NestedLoopIteration,MixedNestedLoopIteration
py_loan2,NestedLoopIteration,NestedWhileLoopIteration
py_loan2,ArithmeticOperation,FindAbsolute
py_loan2,ArithmeticOperation,FindRemainder
py_loan2,ArithmeticOperation,FindMaximum
py_loan2,ArithmeticOperation,Addition
py_loan2,ArithmeticOperation,Round
py_loan2,ArithmeticOperation,FindMinimum
py_loan2,ArithmeticOperation,Substraction
py_loan2,HandlingTuple,SlicingTuple
py_loan2,HandlingTuple,IndexingTuple
py_loan2,HandlingDictionary,ReplacingDictionaryElement
py_loan2,HandlingDictionary,IndexingDictionary
py_loan2,HandlingDictionary,AddingItemToDictionary
py_loan2,HandlingDictionary,AccessingDictionary
py_loan2,HandlingList,DeletingListElement
py_loan2,HandlingList,SlicingList
py_loan2,HandlingList,ReplacingListElement
py_loan2,HandlingList,ListReferencing
py_loan2,HandlingList,ReversingList
py_loan2,AddingListElement,AddingListElementWithInsert
py_loan2,AddingListElement,AddingListElementWithAppend
py_loan2,HandlingFile,ClosingFile
py_loan2,HandlingFile,ReadingLine
py_loan2,HandlingFile,OpeningFile
py_loan2,HandlingString,CreatingString
py_loan2,HandlingString,ReplacingStringContent
py_loan2,HandlingString,TransformingToStringType
py_loan2,HandlingString,SplittingString
py_loan2,HandlingString,TrimmingString
py_loan2,HandlingString,IndexingString
py_loan2,HandlingString,SlicingString
py_loan2,ModifyingStringCase,ConvertStringToUpperCase
py_loan2,ModifyingStringCase,ConvertStringToLowerCase
py_loan2,ModifyingStringCase,CapitalizeString
objects_classes_point,Python,Importing
objects_classes_point,Python,FindingLength
objects_classes_point,Python,CheckingForItem
objects_classes_point,Python,HandlingInput
objects_classes_point,CheckingCondition,AssertChecking
objects_classes_point,CheckingCondition,IfElifChecking
objects_classes_point,CheckingCondition,BooleanEvaluating
objects_classes_point,CheckingInForLoop,IfElseCheckingInForLoop
objects_classes_point,CheckingInForLoop,IfElifCheckingInForLoop
objects_classes_point,CheckingInForLoop,IfCheckingInForLoop
objects_classes_point,CheckingInForLoop,IfElifElseCheckingInForLoop
objects_classes_point,CheckingInWhileLoop,IfElifElseCheckingInWhileLoop
objects_classes_point,CheckingInWhileLoop,IfCheckingInWhileLoop
objects_classes_point,CheckingInWhileLoop,IfElseCheckingInWhileLoop
objects_classes_point,CheckingInWhileLoop,IfElifCheckingInWhileLoop
objects_classes_point,ManagingVariable,SwappingVariablesValue
objects_classes_point,TwoDimensionalArrayTask,ReplacingElement2DArray
objects_classes_point,TwoDimensionalArrayTask,Indexing2DArray
objects_classes_point,TwoDimensionalArrayTask,Create2DArray
objects_classes_point,HandlingObjectOrientedProgramming,CallingOOPMethod
objects_classes_point,HandlingFunctionCallingFunction,CallingFunctionCallingFunction
objects_classes_point,HandlingFunctionCallingFunction,DefiningFunctionCallingFunction
objects_classes_point,HandlingRecursiveFunction,CallingRecursiveFunction
objects_classes_point,HandlingRecursiveFunction,DefiningRecursiveFunction
objects_classes_point,HandlingNestedFunction,CallingNestedFunction
objects_classes_point,HandlingNestedFunction,DefiningNestedFunction
objects_classes_point,HandlingStandardFunction,CallingStandardFunction
objects_classes_point,HandlingStandardFunction,DefiningStandardFunction
objects_classes_point,WhileLoopWithUpdate,WhileLoopWithListIndexing
objects_classes_point,WhileLoopWithUpdate,WhileLoopWith*=
objects_classes_point,WhileLoopWithUpdate,WhileLoopWith+=
objects_classes_point,ForLoopWithUpdate,ForLoopWith+=
objects_classes_point,ForLoopWithUpdate,ForLoopWith*=
objects_classes_point,ForLoopWithUpdate,ForLoopWithListIndexing
objects_classes_point,NestedLoopIteration,MixedNestedLoopIteration
objects_classes_point,NestedLoopIteration,NestedForLoopIteration
objects_classes_point,NestedLoopIteration,NestedWhileLoopIteration
objects_classes_point,ArithmeticOperation,FindAbsolute
objects_classes_point,ArithmeticOperation,FindRemainder
objects_classes_point,ArithmeticOperation,FindMaximum
objects_classes_point,ArithmeticOperation,Addition
objects_classes_point,ArithmeticOperation,Round
objects_classes_point,ArithmeticOperation,Power
objects_classes_point,ArithmeticOperation,FindMinimum
objects_classes_point,ArithmeticOperation,Substraction
objects_classes_point,ArithmeticOperation,Division
objects_classes_point,ArithmeticOperation,Multiplication
objects_classes_point,HandlingInteger,TransformingToIntType
objects_classes_point,HandlingTuple,CreatingTuple
objects_classes_point,HandlingTuple,SlicingTuple
objects_classes_point,HandlingTuple,IndexingTuple
objects_classes_point,HandlingFloat,TransformingToFloatType
objects_classes_point,HandlingDictionary,ReplacingDictionaryElement
objects_classes_point,HandlingDictionary,IndexingDictionary
objects_classes_point,HandlingDictionary,AddingItemToDictionary
objects_classes_point,HandlingDictionary,AccessingDictionary
objects_classes_point,HandlingList,DeletingListElement
objects_classes_point,HandlingList,IndexingList
objects_classes_point,HandlingList,SlicingList
objects_classes_point,HandlingList,ReplacingListElement
objects_classes_point,HandlingList,ListReferencing
objects_classes_point,HandlingList,ReversingList
objects_classes_point,AddingListElement,AddingListElementWithInsert
objects_classes_point,AddingListElement,AddingListElementWithAppend
objects_classes_point,HandlingFile,ClosingFile
objects_classes_point,HandlingFile,ReadingLine
objects_classes_point,HandlingFile,OpeningFile
objects_classes_point,HandlingString,CreatingString
objects_classes_point,HandlingString,ReplacingStringContent
objects_classes_point,HandlingString,FormattingString
objects_classes_point,HandlingString,SplittingString
objects_classes_point,HandlingString,TrimmingString
objects_classes_point,HandlingString,IndexingString
objects_classes_point,HandlingString,SlicingString
objects_classes_point,ModifyingStringCase,ConvertStringToUpperCase
objects_classes_point,ModifyingStringCase,ConvertStringToLowerCase
objects_classes_point,ModifyingStringCase,CapitalizeString
py_point2,Python,HandlingInput
py_point2,CheckingCondition,AssertChecking
py_point2,ManagingVariable,UpdatingVariable
py_point2,HandlingObjectOrientedProgramming,CallingOOPMethod
py_point2,HandlingStandardFunction,CallingStandardFunction
py_point2,HandlingStandardFunction,DefiningStandardFunction
objects_classes_account,HandlingObjectOrientedProgramming,CallingOOPMethod
objects_classes_account,HandlingFunction,NestedFunctionCall
py_account2,CheckingCondition,AssertChecking
py_account2,CheckingCondition,IfElifChecking
py_account2,CheckingCondition,BooleanEvaluating
py_account2,CheckingInForLoop,IfElseCheckingInForLoop
py_account2,CheckingInForLoop,IfElifCheckingInForLoop
py_account2,CheckingInForLoop,IfCheckingInForLoop
py_account2,CheckingInForLoop,IfElifElseCheckingInForLoop
py_account2,CheckingInWhileLoop,IfElifElseCheckingInWhileLoop
py_account2,CheckingInWhileLoop,IfCheckingInWhileLoop
py_account2,CheckingInWhileLoop,IfElseCheckingInWhileLoop
py_account2,CheckingInWhileLoop,IfElifCheckingInWhileLoop
py_account2,ManagingVariable,SwappingVariablesValue
py_account2,HandlingAdvancedDataStructure,BinaryTreeTask
py_account2,HandlingAdvancedDataStructure,LinkedListTask
py_account2,HandlingAdvancedDataStructure,QueueTask
py_account2,HandlingAdvancedDataStructure,StackTask
py_account2,TwoDimensionalArrayTask,ReplacingElement2DArray
py_account2,TwoDimensionalArrayTask,Indexing2DArray
py_account2,TwoDimensionalArrayTask,Create2DArray
py_account2,HandlingObjectOrientedProgramming,CallingOOPMethod
py_account2,HandlingStandardFunction,CallingStandardFunction
py_account2,HandlingStandardFunction,DefiningStandardFunction
py_account2,ArithmeticOperation,FindAbsolute
py_account2,ArithmeticOperation,FindRemainder
py_account2,ArithmeticOperation,FindMaximum
py_account2,ArithmeticOperation,Round
py_account2,ArithmeticOperation,Power
py_account2,ArithmeticOperation,FindMinimum
py_account2,ArithmeticOperation,Division
py_account2,HandlingTuple,CreatingTuple
py_account2,HandlingTuple,SlicingTuple
py_account2,HandlingTuple,IndexingTuple
py_account2,HandlingDictionary,ReplacingDictionaryElement
py_account2,HandlingDictionary,IndexingDictionary
py_account2,HandlingDictionary,AddingItemToDictionary
py_account2,HandlingDictionary,AccessingDictionary
py_account2,HandlingList,DeletingListElement
py_account2,HandlingList,IndexingList
py_account2,HandlingList,SlicingList
py_account2,HandlingList,ReplacingListElement
py_account2,HandlingList,ListReferencing
py_account2,HandlingList,ReversingList
py_account2,AddingListElement,AddingListElementWithInsert
py_account2,AddingListElement,AddingListElementWithAppend
py_account2,HandlingFile,ClosingFile
py_account2,HandlingFile,ReadingLine
py_account2,HandlingFile,OpeningFile
py_account2,HandlingString,ReplacingStringContent
py_account2,HandlingString,TransformingToStringType
py_account2,HandlingString,SplittingString
py_account2,HandlingString,TrimmingString
py_account2,HandlingString,IndexingString
py_account2,HandlingString,SlicingString
py_account2,ModifyingStringCase,ConvertStringToUpperCase
py_account2,ModifyingStringCase,ConvertStringToLowerCase
py_account2,ModifyingStringCase,CapitalizeString
ae_adl_simple_arithmetics,HandlingFunction,NestedFunctionCall
ae_adl_simple_arithmetics,HandlingFunctionCallingFunction,CallingFunctionCallingFunction
ae_adl_simple_arithmetics,HandlingFunctionCallingFunction,DefiningFunctionCallingFunction
ae_adl_arithmetics2,Python,Importing
ae_adl_arithmetics2,Python,FindingLength
ae_adl_arithmetics2,Python,CheckingForItem
ae_adl_arithmetics2,CheckingCondition,AssertChecking
ae_adl_arithmetics2,CheckingCondition,NestedIfChecking
ae_adl_arithmetics2,CheckingCondition,IfElifChecking
ae_adl_arithmetics2,CheckingCondition,BooleanEvaluating
ae_adl_arithmetics2,CheckingInForLoop,IfElseCheckingInForLoop
ae_adl_arithmetics2,CheckingInForLoop,IfElifCheckingInForLoop
ae_adl_arithmetics2,CheckingInForLoop,IfCheckingInForLoop
ae_adl_arithmetics2,CheckingInForLoop,IfElifElseCheckingInForLoop
ae_adl_arithmetics2,CheckingInWhileLoop,IfElifElseCheckingInWhileLoop
ae_adl_arithmetics2,CheckingInWhileLoop,IfCheckingInWhileLoop
ae_adl_arithmetics2,CheckingInWhileLoop,IfElseCheckingInWhileLoop
ae_adl_arithmetics2,CheckingInWhileLoop,IfElifCheckingInWhileLoop
ae_adl_arithmetics2,ManagingVariable,SwappingVariablesValue
ae_adl_arithmetics2,HandlingAdvancedDataStructure,BinaryTreeTask
ae_adl_arithmetics2,HandlingAdvancedDataStructure,LinkedListTask
ae_adl_arithmetics2,HandlingAdvancedDataStructure,QueueTask
ae_adl_arithmetics2,HandlingAdvancedDataStructure,StackTask
ae_adl_arithmetics2,TwoDimensionalArrayTask,ReplacingElement2DArray
ae_adl_arithmetics2,TwoDimensionalArrayTask,Indexing2DArray
ae_adl_arithmetics2,TwoDimensionalArrayTask,Create2DArray
ae_adl_arithmetics2,HandlingObjectOrientedProgramming,CallingOOPMethod
ae_adl_arithmetics2,HandlingObjectOrientedProgramming,CreatingObject
ae_adl_arithmetics2,HandlingObjectOrientedProgramming,DefiningClass
ae_adl_arithmetics2,HandlingObjectOrientedProgramming,DefiningOOPMethod
ae_adl_arithmetics2,HandlingFunctionCallingFunction,CallingFunctionCallingFunction
ae_adl_arithmetics2,HandlingFunctionCallingFunction,DefiningFunctionCallingFunction
ae_adl_arithmetics2,HandlingRecursiveFunction,CallingRecursiveFunction
ae_adl_arithmetics2,HandlingRecursiveFunction,DefiningRecursiveFunction
ae_adl_arithmetics2,HandlingNestedFunction,CallingNestedFunction
ae_adl_arithmetics2,HandlingNestedFunction,DefiningNestedFunction
ae_adl_arithmetics2,HandlingStandardFunction,DefiningStandardFunction
ae_adl_arithmetics2,NonNestedIteration,SingleForLoopIteration
ae_adl_arithmetics2,NonNestedIteration,SingleWhileLoopIteration
ae_adl_arithmetics2,WhileLoopWithUpdate,WhileLoopWithListIndexing
ae_adl_arithmetics2,WhileLoopWithUpdate,WhileLoopWith*=
ae_adl_arithmetics2,WhileLoopWithUpdate,WhileLoopWith+=
ae_adl_arithmetics2,ForLoopWithUpdate,ForLoopWith+=
ae_adl_arithmetics2,ForLoopWithUpdate,ForLoopWith*=
ae_adl_arithmetics2,ForLoopWithUpdate,ForLoopWithListIndexing
ae_adl_arithmetics2,NestedLoopIteration,MixedNestedLoopIteration
ae_adl_arithmetics2,NestedLoopIteration,NestedForLoopIteration
ae_adl_arithmetics2,NestedLoopIteration,NestedWhileLoopIteration
ae_adl_arithmetics2,ArithmeticOperation,FindAbsolute
ae_adl_arithmetics2,ArithmeticOperation,FindRemainder
ae_adl_arithmetics2,ArithmeticOperation,FindMaximum
ae_adl_arithmetics2,ArithmeticOperation,Round
ae_adl_arithmetics2,ArithmeticOperation,Power
ae_adl_arithmetics2,ArithmeticOperation,FindMinimum
ae_adl_arithmetics2,HandlingTuple,CreatingTuple
ae_adl_arithmetics2,HandlingTuple,SlicingTuple
ae_adl_arithmetics2,HandlingTuple,IndexingTuple
ae_adl_arithmetics2,HandlingDictionary,ReplacingDictionaryElement
ae_adl_arithmetics2,HandlingDictionary,AddingItemToDictionary
ae_adl_arithmetics2,HandlingDictionary,AccessingDictionary
ae_adl_arithmetics2,HandlingList,DeletingListElement
ae_adl_arithmetics2,HandlingList,SlicingList
ae_adl_arithmetics2,HandlingList,ListReferencing
ae_adl_arithmetics2,HandlingList,ReversingList
ae_adl_arithmetics2,AddingListElement,AddingListElementWithInsert
ae_adl_arithmetics2,AddingListElement,AddingListElementWithAppend
ae_adl_arithmetics2,HandlingFile,ClosingFile
ae_adl_arithmetics2,HandlingFile,ReadingLine
ae_adl_arithmetics2,HandlingFile,OpeningFile
ae_adl_arithmetics2,HandlingString,ReplacingStringContent
ae_adl_arithmetics2,HandlingString,TransformingToStringType
ae_adl_arithmetics2,HandlingString,SlicingString
ae_adl_arithmetics2,ModifyingStringCase,ConvertStringToUpperCase
ae_adl_arithmetics2,ModifyingStringCase,ConvertStringToLowerCase
ae_adl_arithmetics2,ModifyingStringCase,CapitalizeString
ae_adl_arithmetics2,HandlingError,HandlingSpecificError
ae_adl_comparison,Python,CheckingForItem
ae_adl_comparison,Python,HandlingInput
ae_adl_comparison,CheckingCondition,AssertChecking
ae_adl_comparison,CheckingInForLoop,IfElseCheckingInForLoop
ae_adl_comparison,CheckingInForLoop,IfElifCheckingInForLoop
ae_adl_comparison,CheckingInForLoop,IfCheckingInForLoop
ae_adl_comparison,CheckingInForLoop,IfElifElseCheckingInForLoop
ae_adl_comparison,CheckingInWhileLoop,IfElifElseCheckingInWhileLoop
ae_adl_comparison,CheckingInWhileLoop,IfCheckingInWhileLoop
ae_adl_comparison,CheckingInWhileLoop,IfElseCheckingInWhileLoop
ae_adl_comparison,CheckingInWhileLoop,IfElifCheckingInWhileLoop
ae_adl_comparison,ManagingVariable,SwappingVariablesValue
ae_adl_comparison,HandlingAdvancedDataStructure,BinaryTreeTask
ae_adl_comparison,HandlingAdvancedDataStructure,LinkedListTask
ae_adl_comparison,HandlingAdvancedDataStructure,QueueTask
ae_adl_comparison,HandlingAdvancedDataStructure,StackTask
ae_adl_comparison,TwoDimensionalArrayTask,ReplacingElement2DArray
ae_adl_comparison,TwoDimensionalArrayTask,Indexing2DArray
ae_adl_comparison,TwoDimensionalArrayTask,Create2DArray
ae_adl_comparison,HandlingObjectOrientedProgramming,CallingOOPMethod
ae_adl_comparison,HandlingObjectOrientedProgramming,CreatingObject
ae_adl_comparison,HandlingObjectOrientedProgramming,DefiningClass
ae_adl_comparison,HandlingObjectOrientedProgramming,DefiningOOPMethod
ae_adl_comparison,HandlingFunctionCallingFunction,CallingFunctionCallingFunction
ae_adl_comparison,HandlingFunctionCallingFunction,DefiningFunctionCallingFunction
ae_adl_comparison,HandlingRecursiveFunction,CallingRecursiveFunction
ae_adl_comparison,HandlingRecursiveFunction,DefiningRecursiveFunction
ae_adl_comparison,HandlingNestedFunction,CallingNestedFunction
ae_adl_comparison,HandlingNestedFunction,DefiningNestedFunction
ae_adl_comparison,HandlingStandardFunction,CallingStandardFunction
ae_adl_comparison,HandlingStandardFunction,DefiningStandardFunction
ae_adl_comparison,NonNestedIteration,SingleForLoopIteration
ae_adl_comparison,NonNestedIteration,SingleWhileLoopIteration
ae_adl_comparison,WhileLoopWithUpdate,WhileLoopWithListIndexing
ae_adl_comparison,WhileLoopWithUpdate,WhileLoopWith*=
ae_adl_comparison,WhileLoopWithUpdate,WhileLoopWith+=
ae_adl_comparison,ForLoopWithUpdate,ForLoopWith+=
ae_adl_comparison,ForLoopWithUpdate,ForLoopWith*=
ae_adl_comparison,ForLoopWithUpdate,ForLoopWithListIndexing
ae_adl_comparison,NestedLoopIteration,MixedNestedLoopIteration
ae_adl_comparison,NestedLoopIteration,NestedForLoopIteration
ae_adl_comparison,NestedLoopIteration,NestedWhileLoopIteration
ae_adl_comparison,ArithmeticOperation,FindAbsolute
ae_adl_comparison,ArithmeticOperation,FindRemainder
ae_adl_comparison,ArithmeticOperation,Round
ae_adl_comparison,ArithmeticOperation,Power
ae_adl_comparison,HandlingInteger,TransformingToIntType
ae_adl_comparison,HandlingTuple,CreatingTuple
ae_adl_comparison,HandlingTuple,SlicingTuple
ae_adl_comparison,HandlingTuple,IndexingTuple
ae_adl_comparison,HandlingFloat,TransformingToFloatType
ae_adl_comparison,HandlingDictionary,ReplacingDictionaryElement
ae_adl_comparison,HandlingDictionary,IndexingDictionary
ae_adl_comparison,HandlingDictionary,AddingItemToDictionary
ae_adl_comparison,HandlingDictionary,AccessingDictionary
ae_adl_comparison,HandlingDictionary,CreatingDictionary
ae_adl_comparison,HandlingList,DeletingListElement
ae_adl_comparison,HandlingList,SlicingList
ae_adl_comparison,HandlingList,ReplacingListElement
ae_adl_comparison,HandlingList,ListReferencing
ae_adl_comparison,HandlingList,ReversingList
ae_adl_comparison,AddingListElement,AddingListElementWithInsert
ae_adl_comparison,AddingListElement,AddingListElementWithAppend
ae_adl_comparison,HandlingFile,ClosingFile
ae_adl_comparison,HandlingFile,ReadingLine
ae_adl_comparison,HandlingFile,OpeningFile
ae_adl_comparison,HandlingString,ReplacingStringContent
ae_adl_comparison,HandlingString,TransformingToStringType
ae_adl_comparison,ModifyingStringCase,ConvertStringToUpperCase
ae_adl_comparison,ModifyingStringCase,ConvertStringToLowerCase
ae_adl_comparison,ModifyingStringCase,CapitalizeString
ae_adl_greet,Python,Importing
ae_adl_greet,Python,FindingLength
ae_adl_greet,Python,CheckingForItem
ae_adl_greet,CheckingCondition,AssertChecking
ae_adl_greet,CheckingCondition,IfElifChecking
ae_adl_greet,CheckingCondition,BooleanEvaluating
ae_adl_greet,CheckingInForLoop,IfElseCheckingInForLoop
ae_adl_greet,CheckingInForLoop,IfElifCheckingInForLoop
ae_adl_greet,CheckingInForLoop,IfCheckingInForLoop
ae_adl_greet,CheckingInForLoop,IfElifElseCheckingInForLoop
ae_adl_greet,CheckingInWhileLoop,IfElifElseCheckingInWhileLoop
ae_adl_greet,CheckingInWhileLoop,IfCheckingInWhileLoop
ae_adl_greet,CheckingInWhileLoop,IfElseCheckingInWhileLoop
ae_adl_greet,CheckingInWhileLoop,IfElifCheckingInWhileLoop
ae_adl_greet,ManagingVariable,SwappingVariablesValue
ae_adl_greet,HandlingAdvancedDataStructure,BinaryTreeTask
ae_adl_greet,HandlingAdvancedDataStructure,LinkedListTask
ae_adl_greet,HandlingAdvancedDataStructure,QueueTask
ae_adl_greet,HandlingAdvancedDataStructure,StackTask
ae_adl_greet,TwoDimensionalArrayTask,ReplacingElement2DArray
ae_adl_greet,TwoDimensionalArrayTask,Indexing2DArray
ae_adl_greet,TwoDimensionalArrayTask,Create2DArray
ae_adl_greet,HandlingObjectOrientedProgramming,CallingOOPMethod
ae_adl_greet,HandlingObjectOrientedProgramming,CreatingObject
ae_adl_greet,HandlingObjectOrientedProgramming,DefiningClass
ae_adl_greet,HandlingObjectOrientedProgramming,DefiningOOPMethod
ae_adl_greet,HandlingFunction,NestedFunctionCall
ae_adl_greet,HandlingFunctionCallingFunction,CallingFunctionCallingFunction
ae_adl_greet,HandlingFunctionCallingFunction,DefiningFunctionCallingFunction
ae_adl_greet,HandlingRecursiveFunction,CallingRecursiveFunction
ae_adl_greet,HandlingRecursiveFunction,DefiningRecursiveFunction
ae_adl_greet,HandlingNestedFunction,CallingNestedFunction
ae_adl_greet,HandlingNestedFunction,DefiningNestedFunction
ae_adl_greet,HandlingStandardFunction,CallingStandardFunction
ae_adl_greet,HandlingStandardFunction,DefiningStandardFunction
ae_adl_greet,WhileLoopWithUpdate,WhileLoopWithListIndexing
ae_adl_greet,WhileLoopWithUpdate,WhileLoopWith*=
ae_adl_greet,WhileLoopWithUpdate,WhileLoopWith+=
ae_adl_greet,ForLoopWithUpdate,ForLoopWith+=
ae_adl_greet,ForLoopWithUpdate,ForLoopWith*=
ae_adl_greet,ForLoopWithUpdate,ForLoopWithListIndexing
ae_adl_greet,NestedLoopIteration,MixedNestedLoopIteration
ae_adl_greet,NestedLoopIteration,NestedForLoopIteration
ae_adl_greet,NestedLoopIteration,NestedWhileLoopIteration
ae_adl_greet,ArithmeticOperation,FindAbsolute
ae_adl_greet,ArithmeticOperation,FindRemainder
ae_adl_greet,ArithmeticOperation,FindMaximum
ae_adl_greet,ArithmeticOperation,Addition
ae_adl_greet,ArithmeticOperation,Round
ae_adl_greet,ArithmeticOperation,Power
ae_adl_greet,ArithmeticOperation,FindMinimum
ae_adl_greet,ArithmeticOperation,Substraction
ae_adl_greet,ArithmeticOperation,Division
ae_adl_greet,ArithmeticOperation,Multiplication
ae_adl_greet,HandlingInteger,TransformingToIntType
ae_adl_greet,HandlingTuple,CreatingTuple
ae_adl_greet,HandlingTuple,SlicingTuple
ae_adl_greet,HandlingTuple,IndexingTuple
ae_adl_greet,HandlingFloat,TransformingToFloatType
ae_adl_greet,HandlingDictionary,ReplacingDictionaryElement
ae_adl_greet,HandlingDictionary,IndexingDictionary
ae_adl_greet,HandlingDictionary,AddingItemToDictionary
ae_adl_greet,HandlingDictionary,AccessingDictionary
ae_adl_greet,HandlingList,DeletingListElement
ae_adl_greet,HandlingList,SlicingList
ae_adl_greet,HandlingList,ReplacingListElement
ae_adl_greet,HandlingList,ListReferencing
ae_adl_greet,HandlingList,ReversingList
ae_adl_greet,AddingListElement,AddingListElementWithInsert
ae_adl_greet,AddingListElement,AddingListElementWithAppend
ae_adl_greet,HandlingFile,ClosingFile
ae_adl_greet,HandlingFile,ReadingLine
ae_adl_greet,HandlingFile,OpeningFile
ae_adl_greet,HandlingString,ReplacingStringContent
ae_adl_greet,HandlingString,TransformingToStringType
ae_adl_greet,HandlingString,TrimmingString
ae_adl_greet,HandlingString,SlicingString
ae_adl_greet,ModifyingStringCase,ConvertStringToUpperCase
ae_adl_greet,ModifyingStringCase,ConvertStringToLowerCase
ae_adl_greet,ModifyingStringCase,CapitalizeString
ae_adl_greet,HandlingError,HandlingSpecificError
ae_adl_greet,HandlingError,HandlingGeneralError
ae_adl_input1,Python,Concatenation
ae_adl_input1,Python,FindingLength
ae_adl_input1,Python,CheckingForItem
ae_adl_input1,CheckingCondition,AssertChecking
ae_adl_input1,CheckingCondition,IfElifChecking
ae_adl_input1,CheckingCondition,BooleanEvaluating
ae_adl_input1,CheckingInForLoop,IfElseCheckingInForLoop
ae_adl_input1,CheckingInForLoop,IfElifCheckingInForLoop
ae_adl_input1,CheckingInForLoop,IfCheckingInForLoop
ae_adl_input1,CheckingInForLoop,IfElifElseCheckingInForLoop
ae_adl_input1,CheckingInWhileLoop,IfElifElseCheckingInWhileLoop
ae_adl_input1,CheckingInWhileLoop,IfCheckingInWhileLoop
ae_adl_input1,CheckingInWhileLoop,IfElseCheckingInWhileLoop
ae_adl_input1,CheckingInWhileLoop,IfElifCheckingInWhileLoop
ae_adl_input1,ManagingVariable,SwappingVariablesValue
ae_adl_input1,HandlingAdvancedDataStructure,BinaryTreeTask
ae_adl_input1,HandlingAdvancedDataStructure,LinkedListTask
ae_adl_input1,HandlingAdvancedDataStructure,QueueTask
ae_adl_input1,HandlingAdvancedDataStructure,StackTask
ae_adl_input1,TwoDimensionalArrayTask,ReplacingElement2DArray
ae_adl_input1,TwoDimensionalArrayTask,Indexing2DArray
ae_adl_input1,TwoDimensionalArrayTask,Create2DArray
ae_adl_input1,HandlingObjectOrientedProgramming,CallingOOPMethod
ae_adl_input1,HandlingObjectOrientedProgramming,CreatingObject
ae_adl_input1,HandlingObjectOrientedProgramming,DefiningClass
ae_adl_input1,HandlingObjectOrientedProgramming,DefiningOOPMethod
ae_adl_input1,HandlingFunctionCallingFunction,CallingFunctionCallingFunction
ae_adl_input1,HandlingFunctionCallingFunction,DefiningFunctionCallingFunction
ae_adl_input1,HandlingRecursiveFunction,CallingRecursiveFunction
ae_adl_input1,HandlingRecursiveFunction,DefiningRecursiveFunction
ae_adl_input1,HandlingNestedFunction,CallingNestedFunction
ae_adl_input1,HandlingNestedFunction,DefiningNestedFunction
ae_adl_input1,HandlingStandardFunction,CallingStandardFunction
ae_adl_input1,HandlingStandardFunction,DefiningStandardFunction
ae_adl_input1,NonNestedIteration,SingleForLoopIteration
ae_adl_input1,NonNestedIteration,SingleWhileLoopIteration
ae_adl_input1,WhileLoopWithUpdate,WhileLoopWithListIndexing
ae_adl_input1,WhileLoopWithUpdate,WhileLoopWith*=
ae_adl_input1,WhileLoopWithUpdate,WhileLoopWith+=
ae_adl_input1,ForLoopWithUpdate,ForLoopWith+=
ae_adl_input1,ForLoopWithUpdate,ForLoopWith*=
ae_adl_input1,ForLoopWithUpdate,ForLoopWithListIndexing
ae_adl_input1,NestedLoopIteration,MixedNestedLoopIteration
ae_adl_input1,NestedLoopIteration,NestedForLoopIteration
ae_adl_input1,NestedLoopIteration,NestedWhileLoopIteration
ae_adl_input1,ArithmeticOperation,FindAbsolute
ae_adl_input1,ArithmeticOperation,FindRemainder
ae_adl_input1,ArithmeticOperation,FindMaximum
ae_adl_input1,ArithmeticOperation,Round
ae_adl_input1,ArithmeticOperation,Power
ae_adl_input1,ArithmeticOperation,FindMinimum
ae_adl_input1,ArithmeticOperation,Substraction
ae_adl_input1,ArithmeticOperation,Division
ae_adl_input1,HandlingTuple,CreatingTuple
ae_adl_input1,HandlingTuple,SlicingTuple
ae_adl_input1,HandlingTuple,IndexingTuple
ae_adl_input1,HandlingFloat,TransformingToFloatType
ae_adl_input1,HandlingDictionary,ReplacingDictionaryElement
ae_adl_input1,HandlingDictionary,IndexingDictionary
ae_adl_input1,HandlingDictionary,AddingItemToDictionary
ae_adl_input1,HandlingDictionary,AccessingDictionary
ae_adl_input1,HandlingDictionary,CreatingDictionary
ae_adl_input1,HandlingList,DeletingListElement
ae_adl_input1,HandlingList,IndexingList
ae_adl_input1,HandlingList,CreatingList
ae_adl_input1,HandlingList,SlicingList
ae_adl_input1,HandlingList,ReplacingListElement
ae_adl_input1,HandlingList,ListReferencing
ae_adl_input1,HandlingList,ReversingList
ae_adl_input1,AddingListElement,AddingListElementWithInsert
ae_adl_input1,AddingListElement,AddingListElementWithAppend
ae_adl_input1,HandlingFile,ClosingFile
ae_adl_input1,HandlingFile,ReadingLine
ae_adl_input1,HandlingFile,OpeningFile
ae_adl_input1,HandlingString,ReplacingStringContent
ae_adl_input1,HandlingString,TransformingToStringType
ae_adl_input1,HandlingString,SplittingString
ae_adl_input1,HandlingString,TrimmingString
ae_adl_input1,HandlingString,IndexingString
ae_adl_input1,HandlingString,SlicingString
ae_adl_input1,ModifyingStringCase,ConvertStringToUpperCase
ae_adl_input1,ModifyingStringCase,ConvertStringToLowerCase
ae_adl_input1,ModifyingStringCase,CapitalizeString
ae_adl_input1,HandlingError,HandlingSpecificError
ae_adl_input1,HandlingError,HandlingGeneralError
ae_adl_input2,Python,Importing
ae_adl_input2,Python,FindingLength
ae_adl_input2,Python,CheckingForItem
ae_adl_input2,CheckingCondition,AssertChecking
ae_adl_input2,CheckingCondition,IfElifChecking
ae_adl_input2,CheckingCondition,BooleanEvaluating
ae_adl_input2,CheckingInForLoop,IfElseCheckingInForLoop
ae_adl_input2,CheckingInForLoop,IfElifCheckingInForLoop
ae_adl_input2,CheckingInForLoop,IfCheckingInForLoop
ae_adl_input2,CheckingInForLoop,IfElifElseCheckingInForLoop
ae_adl_input2,CheckingInWhileLoop,IfElifElseCheckingInWhileLoop
ae_adl_input2,CheckingInWhileLoop,IfCheckingInWhileLoop
ae_adl_input2,CheckingInWhileLoop,IfElseCheckingInWhileLoop
ae_adl_input2,CheckingInWhileLoop,IfElifCheckingInWhileLoop
ae_adl_input2,ManagingVariable,SwappingVariablesValue
ae_adl_input2,HandlingAdvancedDataStructure,BinaryTreeTask
ae_adl_input2,HandlingAdvancedDataStructure,LinkedListTask
ae_adl_input2,HandlingAdvancedDataStructure,QueueTask
ae_adl_input2,HandlingAdvancedDataStructure,StackTask
ae_adl_input2,TwoDimensionalArrayTask,ReplacingElement2DArray
ae_adl_input2,TwoDimensionalArrayTask,Indexing2DArray
ae_adl_input2,TwoDimensionalArrayTask,Create2DArray
ae_adl_input2,HandlingObjectOrientedProgramming,CallingOOPMethod
ae_adl_input2,HandlingObjectOrientedProgramming,CreatingObject
ae_adl_input2,HandlingObjectOrientedProgramming,DefiningClass
ae_adl_input2,HandlingObjectOrientedProgramming,DefiningOOPMethod
ae_adl_input2,HandlingFunctionCallingFunction,CallingFunctionCallingFunction
ae_adl_input2,HandlingFunctionCallingFunction,DefiningFunctionCallingFunction
ae_adl_input2,HandlingRecursiveFunction,CallingRecursiveFunction
ae_adl_input2,HandlingRecursiveFunction,DefiningRecursiveFunction
ae_adl_input2,HandlingNestedFunction,CallingNestedFunction
ae_adl_input2,HandlingNestedFunction,DefiningNestedFunction
ae_adl_input2,HandlingStandardFunction,CallingStandardFunction
ae_adl_input2,HandlingStandardFunction,DefiningStandardFunction
ae_adl_input2,NonNestedIteration,SingleForLoopIteration
ae_adl_input2,NonNestedIteration,SingleWhileLoopIteration
ae_adl_input2,WhileLoopWithUpdate,WhileLoopWithListIndexing
ae_adl_input2,WhileLoopWithUpdate,WhileLoopWith*=
ae_adl_input2,WhileLoopWithUpdate,WhileLoopWith+=
ae_adl_input2,ForLoopWithUpdate,ForLoopWith+=
ae_adl_input2,ForLoopWithUpdate,ForLoopWith*=
ae_adl_input2,ForLoopWithUpdate,ForLoopWithListIndexing
ae_adl_input2,NestedLoopIteration,MixedNestedLoopIteration
ae_adl_input2,NestedLoopIteration,NestedForLoopIteration
ae_adl_input2,NestedLoopIteration,NestedWhileLoopIteration
ae_adl_input2,ArithmeticOperation,FindAbsolute
ae_adl_input2,ArithmeticOperation,FindRemainder
ae_adl_input2,ArithmeticOperation,FindMaximum
ae_adl_input2,ArithmeticOperation,Addition
ae_adl_input2,ArithmeticOperation,Round
ae_adl_input2,ArithmeticOperation,Power
ae_adl_input2,ArithmeticOperation,FindMinimum
ae_adl_input2,ArithmeticOperation,Substraction
ae_adl_input2,ArithmeticOperation,Division
ae_adl_input2,HandlingInteger,TransformingToIntType
ae_adl_input2,HandlingTuple,CreatingTuple
ae_adl_input2,HandlingTuple,SlicingTuple
ae_adl_input2,HandlingTuple,IndexingTuple
ae_adl_input2,HandlingFloat,TransformingToFloatType
ae_adl_input2,HandlingDictionary,ReplacingDictionaryElement
ae_adl_input2,HandlingDictionary,IndexingDictionary
ae_adl_input2,HandlingDictionary,AddingItemToDictionary
ae_adl_input2,HandlingDictionary,AccessingDictionary
ae_adl_input2,HandlingDictionary,CreatingDictionary
ae_adl_input2,HandlingList,DeletingListElement
ae_adl_input2,HandlingList,IndexingList
ae_adl_input2,HandlingList,SlicingList
ae_adl_input2,HandlingList,ReplacingListElement
ae_adl_input2,HandlingList,ListReferencing
ae_adl_input2,HandlingList,ReversingList
ae_adl_input2,AddingListElement,AddingListElementWithInsert
ae_adl_input2,AddingListElement,AddingListElementWithAppend
ae_adl_input2,HandlingFile,ClosingFile
ae_adl_input2,HandlingFile,ReadingLine
ae_adl_input2,HandlingFile,OpeningFile
ae_adl_input2,HandlingString,ReplacingStringContent
ae_adl_input2,HandlingString,TransformingToStringType
ae_adl_input2,HandlingString,TrimmingString
ae_adl_input2,HandlingString,IndexingString
ae_adl_input2,HandlingString,SlicingString
ae_adl_input2,ModifyingStringCase,ConvertStringToUpperCase
ae_adl_input2,ModifyingStringCase,ConvertStringToLowerCase
ae_adl_input2,ModifyingStringCase,CapitalizeString
ae_adl_hiscore1,HandlingAdvancedDataStructure,BinaryTreeTask
ae_adl_hiscore1,HandlingAdvancedDataStructure,LinkedListTask
ae_adl_hiscore1,HandlingAdvancedDataStructure,QueueTask
ae_adl_hiscore1,HandlingAdvancedDataStructure,StackTask
ae_adl_hiscore1,TwoDimensionalArrayTask,ReplacingElement2DArray
ae_adl_hiscore1,TwoDimensionalArrayTask,Indexing2DArray
ae_adl_hiscore1,TwoDimensionalArrayTask,Create2DArray
ae_adl_hiscore1,HandlingObjectOrientedProgramming,CallingOOPMethod
ae_adl_hiscore1,HandlingObjectOrientedProgramming,CreatingObject
ae_adl_hiscore1,HandlingObjectOrientedProgramming,DefiningClass
ae_adl_hiscore1,HandlingObjectOrientedProgramming,DefiningOOPMethod
ae_adl_ifelse,Python,FindingLength
ae_adl_ifelse,Python,CheckingForItem
ae_adl_ifelse,CheckingCondition,AssertChecking
ae_adl_ifelse,ArithmeticOperation,FindAbsolute
ae_adl_ifelifelse,Python,Importing
ae_adl_ifelifelse,Python,FindingLength
ae_adl_ifelifelse,Python,CheckingForItem
ae_adl_ifelifelse,CheckingCondition,AssertChecking
ae_adl_ifelifelse,CheckingCondition,IfElifChecking
ae_adl_ifelifelse,CheckingInForLoop,IfElseCheckingInForLoop
ae_adl_ifelifelse,CheckingInForLoop,IfElifCheckingInForLoop
ae_adl_ifelifelse,CheckingInForLoop,IfCheckingInForLoop
ae_adl_ifelifelse,CheckingInForLoop,IfElifElseCheckingInForLoop
ae_adl_ifelifelse,CheckingInWhileLoop,IfElifElseCheckingInWhileLoop
ae_adl_ifelifelse,CheckingInWhileLoop,IfCheckingInWhileLoop
ae_adl_ifelifelse,CheckingInWhileLoop,IfElseCheckingInWhileLoop
ae_adl_ifelifelse,CheckingInWhileLoop,IfElifCheckingInWhileLoop
ae_adl_ifelifelse,ManagingVariable,SwappingVariablesValue
ae_adl_ifelifelse,HandlingAdvancedDataStructure,BinaryTreeTask
ae_adl_ifelifelse,HandlingAdvancedDataStructure,LinkedListTask
ae_adl_ifelifelse,HandlingAdvancedDataStructure,QueueTask
ae_adl_ifelifelse,HandlingAdvancedDataStructure,StackTask
ae_adl_ifelifelse,TwoDimensionalArrayTask,ReplacingElement2DArray
ae_adl_ifelifelse,TwoDimensionalArrayTask,Indexing2DArray
ae_adl_ifelifelse,TwoDimensionalArrayTask,Create2DArray
ae_adl_ifelifelse,HandlingObjectOrientedProgramming,CallingOOPMethod
ae_adl_ifelifelse,HandlingObjectOrientedProgramming,CreatingObject
ae_adl_ifelifelse,HandlingObjectOrientedProgramming,DefiningClass
ae_adl_ifelifelse,HandlingObjectOrientedProgramming,DefiningOOPMethod
ae_adl_ifelifelse,HandlingFunctionCallingFunction,DefiningFunctionCallingFunction
ae_adl_ifelifelse,HandlingRecursiveFunction,CallingRecursiveFunction
ae_adl_ifelifelse,HandlingRecursiveFunction,DefiningRecursiveFunction
ae_adl_ifelifelse,HandlingNestedFunction,CallingNestedFunction
ae_adl_ifelifelse,HandlingNestedFunction,DefiningNestedFunction
ae_adl_ifelifelse,NonNestedIteration,SingleForLoopIteration
ae_adl_ifelifelse,NonNestedIteration,SingleWhileLoopIteration
ae_adl_ifelifelse,WhileLoopWithUpdate,WhileLoopWithListIndexing
ae_adl_ifelifelse,WhileLoopWithUpdate,WhileLoopWith*=
ae_adl_ifelifelse,WhileLoopWithUpdate,WhileLoopWith+=
ae_adl_ifelifelse,ForLoopWithUpdate,ForLoopWith+=
ae_adl_ifelifelse,ForLoopWithUpdate,ForLoopWith*=
ae_adl_ifelifelse,ForLoopWithUpdate,ForLoopWithListIndexing
ae_adl_ifelifelse,NestedLoopIteration,MixedNestedLoopIteration
ae_adl_ifelifelse,NestedLoopIteration,NestedForLoopIteration
ae_adl_ifelifelse,NestedLoopIteration,NestedWhileLoopIteration
ae_adl_ifelifelse,ArithmeticOperation,FindAbsolute
ae_adl_ifelifelse,ArithmeticOperation,FindRemainder
ae_adl_ifelifelse,ArithmeticOperation,FindMaximum
ae_adl_ifelifelse,ArithmeticOperation,Addition
ae_adl_ifelifelse,ArithmeticOperation,Round
ae_adl_ifelifelse,ArithmeticOperation,Power
ae_adl_ifelifelse,ArithmeticOperation,FindMinimum
ae_adl_ifelifelse,ArithmeticOperation,Substraction
ae_adl_ifelifelse,ArithmeticOperation,Division
ae_adl_ifelifelse,ArithmeticOperation,Multiplication
ae_adl_ifelifelse,HandlingInteger,TransformingToIntType
ae_adl_ifelifelse,HandlingTuple,CreatingTuple
ae_adl_ifelifelse,HandlingTuple,SlicingTuple
ae_adl_ifelifelse,HandlingTuple,IndexingTuple
ae_adl_ifelifelse,HandlingFloat,TransformingToFloatType
ae_adl_ifelifelse,HandlingDictionary,ReplacingDictionaryElement
ae_adl_ifelifelse,HandlingDictionary,IndexingDictionary
ae_adl_ifelifelse,HandlingDictionary,AddingItemToDictionary
ae_adl_ifelifelse,HandlingDictionary,AccessingDictionary
ae_adl_ifelifelse,HandlingDictionary,CreatingDictionary
ae_adl_ifelifelse,HandlingList,DeletingListElement
ae_adl_ifelifelse,HandlingList,SlicingList
ae_adl_ifelifelse,HandlingList,ReplacingListElement
ae_adl_ifelifelse,HandlingList,ListReferencing
ae_adl_ifelifelse,HandlingList,ReversingList
ae_adl_ifelifelse,AddingListElement,AddingListElementWithInsert
ae_adl_ifelifelse,AddingListElement,AddingListElementWithAppend
ae_adl_ifelifelse,HandlingFile,ClosingFile
ae_adl_ifelifelse,HandlingFile,ReadingLine
ae_adl_ifelifelse,HandlingFile,OpeningFile
ae_adl_ifelifelse,HandlingString,ReplacingStringContent
ae_adl_ifelifelse,HandlingString,TransformingToStringType
ae_adl_ifelifelse,HandlingString,TrimmingString
ae_adl_ifelifelse,HandlingString,SlicingString
ae_adl_ifelifelse,ModifyingStringCase,ConvertStringToUpperCase
ae_adl_ifelifelse,ModifyingStringCase,ConvertStringToLowerCase
ae_adl_ifelifelse,ModifyingStringCase,CapitalizeString
ae_adl_nested_if,Python,CheckingForItem
ae_adl_nested_if,Python,HandlingInput
ae_adl_nested_if,CheckingInForLoop,IfElseCheckingInForLoop
ae_adl_nested_if,CheckingInForLoop,IfElifCheckingInForLoop
ae_adl_nested_if,CheckingInForLoop,IfCheckingInForLoop
ae_adl_nested_if,CheckingInForLoop,IfElifElseCheckingInForLoop
ae_adl_nested_if,CheckingInWhileLoop,IfElifElseCheckingInWhileLoop
ae_adl_nested_if,CheckingInWhileLoop,IfCheckingInWhileLoop
ae_adl_nested_if,CheckingInWhileLoop,IfElseCheckingInWhileLoop
ae_adl_nested_if,CheckingInWhileLoop,IfElifCheckingInWhileLoop
ae_adl_nested_if,ManagingVariable,SwappingVariablesValue
ae_adl_nested_if,ManagingVariable,AssigningVariable
ae_adl_nested_if,ManagingVariable,UpdatingVariable
ae_adl_nested_if,HandlingAdvancedDataStructure,BinaryTreeTask
ae_adl_nested_if,HandlingAdvancedDataStructure,LinkedListTask
ae_adl_nested_if,HandlingAdvancedDataStructure,QueueTask
ae_adl_nested_if,HandlingAdvancedDataStructure,StackTask
ae_adl_nested_if,TwoDimensionalArrayTask,ReplacingElement2DArray
ae_adl_nested_if,TwoDimensionalArrayTask,Indexing2DArray
ae_adl_nested_if,TwoDimensionalArrayTask,Create2DArray
ae_adl_nested_if,HandlingObjectOrientedProgramming,CallingOOPMethod
ae_adl_nested_if,HandlingObjectOrientedProgramming,CreatingObject
ae_adl_nested_if,HandlingObjectOrientedProgramming,DefiningClass
ae_adl_nested_if,HandlingObjectOrientedProgramming,DefiningOOPMethod
ae_adl_while,CheckingInForLoop,IfElseCheckingInForLoop
ae_adl_while,CheckingInForLoop,IfElifCheckingInForLoop
ae_adl_while,CheckingInForLoop,IfCheckingInForLoop
ae_adl_while,CheckingInForLoop,IfElifElseCheckingInForLoop
ae_adl_while,HandlingAdvancedDataStructure,BinaryTreeTask
ae_adl_while,HandlingAdvancedDataStructure,LinkedListTask
ae_adl_while,HandlingAdvancedDataStructure,QueueTask
ae_adl_while,HandlingAdvancedDataStructure,StackTask
ae_adl_while,TwoDimensionalArrayTask,ReplacingElement2DArray
ae_adl_while,TwoDimensionalArrayTask,Indexing2DArray
ae_adl_while,TwoDimensionalArrayTask,Create2DArray
ae_adl_while,HandlingFunctionCallingFunction,CallingFunctionCallingFunction
ae_adl_while,HandlingFunctionCallingFunction,DefiningFunctionCallingFunction
ae_adl_while,NonNestedIteration,SingleForLoopIteration
ae_adl_while,ForLoopWithUpdate,ForLoopWith+=
ae_adl_while,ForLoopWithUpdate,ForLoopWith*=
ae_adl_while,ForLoopWithUpdate,ForLoopWithListIndexing
ae_adl_while,NestedLoopIteration,MixedNestedLoopIteration
ae_adl_while,NestedLoopIteration,NestedForLoopIteration
ae_adl_while,NestedLoopIteration,NestedWhileLoopIteration
ae_adl_while,ArithmeticOperation,Round
ae_adl_while,HandlingList,SlicingList
ae_adl_while,HandlingList,ListReferencing
ae_adl_while,HandlingList,ReversingList
ae_adl_while,HandlingFile,ClosingFile
ae_adl_while,HandlingFile,ReadingLine
ae_adl_while,HandlingFile,OpeningFile
ae_adl_while,HandlingString,TransformingToStringType
ae_adl_while,ModifyingStringCase,ConvertStringToUpperCase
ae_adl_while,ModifyingStringCase,ConvertStringToLowerCase
ae_adl_while,ModifyingStringCase,CapitalizeString
ae_adl_format2,ManagingVariable,AssigningVariable
ae_adl_functions1,HandlingFunctionCallingFunction,DefiningFunctionCallingFunction
ae_adl_functions1,HandlingStandardFunction,DefiningStandardFunction
ae_adl_returnvalue,Python,Importing
ae_adl_returnvalue,Python,FindingLength
ae_adl_returnvalue,Python,CheckingForItem
ae_adl_returnvalue,CheckingCondition,AssertChecking
ae_adl_returnvalue,CheckingCondition,IfElifChecking
ae_adl_returnvalue,CheckingInForLoop,IfElseCheckingInForLoop
ae_adl_returnvalue,CheckingInForLoop,IfElifCheckingInForLoop
ae_adl_returnvalue,CheckingInForLoop,IfCheckingInForLoop
ae_adl_returnvalue,CheckingInForLoop,IfElifElseCheckingInForLoop
ae_adl_returnvalue,CheckingInWhileLoop,IfElifElseCheckingInWhileLoop
ae_adl_returnvalue,CheckingInWhileLoop,IfCheckingInWhileLoop
ae_adl_returnvalue,CheckingInWhileLoop,IfElseCheckingInWhileLoop
ae_adl_returnvalue,CheckingInWhileLoop,IfElifCheckingInWhileLoop
ae_adl_returnvalue,ManagingVariable,SwappingVariablesValue
ae_adl_returnvalue,HandlingAdvancedDataStructure,BinaryTreeTask
ae_adl_returnvalue,HandlingAdvancedDataStructure,LinkedListTask
ae_adl_returnvalue,HandlingAdvancedDataStructure,QueueTask
ae_adl_returnvalue,HandlingAdvancedDataStructure,StackTask
ae_adl_returnvalue,TwoDimensionalArrayTask,ReplacingElement2DArray
ae_adl_returnvalue,TwoDimensionalArrayTask,Indexing2DArray
ae_adl_returnvalue,TwoDimensionalArrayTask,Create2DArray
ae_adl_returnvalue,HandlingObjectOrientedProgramming,CallingOOPMethod
ae_adl_returnvalue,HandlingObjectOrientedProgramming,CreatingObject
ae_adl_returnvalue,HandlingObjectOrientedProgramming,DefiningClass
ae_adl_returnvalue,HandlingObjectOrientedProgramming,DefiningOOPMethod
ae_adl_returnvalue,HandlingFunctionCallingFunction,DefiningFunctionCallingFunction
ae_adl_returnvalue,HandlingStandardFunction,CallingStandardFunction
ae_adl_returnvalue,HandlingStandardFunction,DefiningStandardFunction
ae_adl_returnvalue,WhileLoopWithUpdate,WhileLoopWithListIndexing
ae_adl_returnvalue,WhileLoopWithUpdate,WhileLoopWith*=
ae_adl_returnvalue,WhileLoopWithUpdate,WhileLoopWith+=
ae_adl_returnvalue,ForLoopWithUpdate,ForLoopWith+=
ae_adl_returnvalue,ForLoopWithUpdate,ForLoopWith*=
ae_adl_returnvalue,ForLoopWithUpdate,ForLoopWithListIndexing
ae_adl_returnvalue,NestedLoopIteration,MixedNestedLoopIteration
ae_adl_returnvalue,NestedLoopIteration,NestedForLoopIteration
ae_adl_returnvalue,NestedLoopIteration,NestedWhileLoopIteration
ae_adl_returnvalue,ArithmeticOperation,FindAbsolute
ae_adl_returnvalue,ArithmeticOperation,FindRemainder
ae_adl_returnvalue,ArithmeticOperation,FindMaximum
ae_adl_returnvalue,ArithmeticOperation,Addition
ae_adl_returnvalue,ArithmeticOperation,Round
ae_adl_returnvalue,ArithmeticOperation,Power
ae_adl_returnvalue,ArithmeticOperation,FindMinimum
ae_adl_returnvalue,ArithmeticOperation,Substraction
ae_adl_returnvalue,ArithmeticOperation,Division
ae_adl_returnvalue,HandlingInteger,TransformingToIntType
ae_adl_returnvalue,HandlingTuple,CreatingTuple
ae_adl_returnvalue,HandlingTuple,SlicingTuple
ae_adl_returnvalue,HandlingTuple,IndexingTuple
ae_adl_returnvalue,HandlingFloat,TransformingToFloatType
ae_adl_returnvalue,HandlingDictionary,ReplacingDictionaryElement
ae_adl_returnvalue,HandlingDictionary,IndexingDictionary
ae_adl_returnvalue,HandlingDictionary,AddingItemToDictionary
ae_adl_returnvalue,HandlingDictionary,AccessingDictionary
ae_adl_returnvalue,HandlingDictionary,CreatingDictionary
ae_adl_returnvalue,HandlingList,DeletingListElement
ae_adl_returnvalue,HandlingList,IndexingList
ae_adl_returnvalue,HandlingList,CreatingList
ae_adl_returnvalue,HandlingList,SlicingList
ae_adl_returnvalue,HandlingList,ReplacingListElement
ae_adl_returnvalue,HandlingList,ListReferencing
ae_adl_returnvalue,HandlingList,ReversingList
ae_adl_returnvalue,AddingListElement,AddingListElementWithInsert
ae_adl_returnvalue,AddingListElement,AddingListElementWithAppend
ae_adl_returnvalue,HandlingFile,ClosingFile
ae_adl_returnvalue,HandlingFile,ReadingLine
ae_adl_returnvalue,HandlingFile,OpeningFile
ae_adl_returnvalue,HandlingString,TransformingToStringType
ae_adl_returnvalue,HandlingString,SlicingString
ae_adl_returnvalue,ModifyingStringCase,ConvertStringToUpperCase
ae_adl_returnvalue,ModifyingStringCase,ConvertStringToLowerCase
ae_adl_returnvalue,ModifyingStringCase,CapitalizeString
ae_adl_functions3,Python,HandlingInput
ae_adl_functions3,CheckingCondition,AssertChecking
ae_adl_functions3,ManagingVariable,AssigningVariable
ae_adl_functions3,ManagingVariable,UpdatingVariable
ae_adl_functions3,HandlingFunction,NestedFunctionCall
ae_adl_functions3,HandlingFunctionCallingFunction,DefiningFunctionCallingFunction
ae_adl_functions3,HandlingStandardFunction,DefiningStandardFunction
ae_adl_functions3,ArithmeticOperation,FindAbsolute
ae_adl_functions3,ArithmeticOperation,FindRemainder
ae_adl_functions3,ArithmeticOperation,FindMaximum
ae_adl_functions3,ArithmeticOperation,Round
ae_adl_functions3,ArithmeticOperation,Power
ae_adl_functions3,ArithmeticOperation,FindMinimum
ae_adl_functions3,ArithmeticOperation,Substraction
ae_adl_functions3,ArithmeticOperation,Division
ae_adl_recursion,Python,CheckingForItem
ae_adl_recursion,CheckingCondition,AssertChecking
ae_adl_recursion,CheckingCondition,IfElifChecking
ae_adl_recursion,CheckingInForLoop,IfElifCheckingInForLoop
ae_adl_recursion,CheckingInForLoop,IfCheckingInForLoop
ae_adl_recursion,CheckingInForLoop,IfElifElseCheckingInForLoop
ae_adl_recursion,CheckingInWhileLoop,IfElifElseCheckingInWhileLoop
ae_adl_recursion,CheckingInWhileLoop,IfCheckingInWhileLoop
ae_adl_recursion,CheckingInWhileLoop,IfElifCheckingInWhileLoop
ae_adl_recursion,ManagingVariable,SwappingVariablesValue
ae_adl_recursion,HandlingFunctionCallingFunction,DefiningFunctionCallingFunction
ae_adl_recursion,HandlingRecursiveFunction,CallingRecursiveFunction
ae_adl_recursion,HandlingStandardFunction,CallingStandardFunction
ae_adl_recursion,HandlingStandardFunction,DefiningStandardFunction
ae_adl_dict1,Python,Concatenation
ae_adl_dict1,Python,Importing
ae_adl_dict1,Python,HandlingInput
ae_adl_dict1,CheckingCondition,AssertChecking
ae_adl_dict1,CheckingCondition,IfElifElseChecking
ae_adl_dict1,CheckingCondition,NestedIfChecking
ae_adl_dict1,CheckingCondition,IfChecking
ae_adl_dict1,CheckingCondition,IfElifChecking
ae_adl_dict1,CheckingCondition,BooleanEvaluating
ae_adl_dict1,CheckingInForLoop,IfElseCheckingInForLoop
ae_adl_dict1,CheckingInForLoop,IfElifCheckingInForLoop
ae_adl_dict1,CheckingInForLoop,IfCheckingInForLoop
ae_adl_dict1,CheckingInForLoop,IfElifElseCheckingInForLoop
ae_adl_dict1,CheckingInWhileLoop,IfElifElseCheckingInWhileLoop
ae_adl_dict1,CheckingInWhileLoop,IfCheckingInWhileLoop
ae_adl_dict1,CheckingInWhileLoop,IfElseCheckingInWhileLoop
ae_adl_dict1,CheckingInWhileLoop,IfElifCheckingInWhileLoop
ae_adl_dict1,ManagingVariable,SwappingVariablesValue
ae_adl_dict1,ManagingVariable,UpdatingVariable
ae_adl_dict1,HandlingAdvancedDataStructure,BinaryTreeTask
ae_adl_dict1,HandlingAdvancedDataStructure,LinkedListTask
ae_adl_dict1,HandlingAdvancedDataStructure,QueueTask
ae_adl_dict1,HandlingAdvancedDataStructure,StackTask
ae_adl_dict1,TwoDimensionalArrayTask,ReplacingElement2DArray
ae_adl_dict1,TwoDimensionalArrayTask,Indexing2DArray
ae_adl_dict1,TwoDimensionalArrayTask,Create2DArray
ae_adl_dict1,HandlingObjectOrientedProgramming,CallingOOPMethod
ae_adl_dict1,HandlingObjectOrientedProgramming,CreatingObject
ae_adl_dict1,HandlingObjectOrientedProgramming,DefiningClass
ae_adl_dict1,HandlingObjectOrientedProgramming,DefiningOOPMethod
ae_adl_dict1,HandlingFunction,NestedFunctionCall
ae_adl_dict1,HandlingFunctionCallingFunction,CallingFunctionCallingFunction
ae_adl_dict1,HandlingFunctionCallingFunction,DefiningFunctionCallingFunction
ae_adl_dict1,HandlingRecursiveFunction,CallingRecursiveFunction
ae_adl_dict1,HandlingRecursiveFunction,DefiningRecursiveFunction
ae_adl_dict1,HandlingNestedFunction,CallingNestedFunction
ae_adl_dict1,HandlingNestedFunction,DefiningNestedFunction
ae_adl_dict1,HandlingStandardFunction,CallingStandardFunction
ae_adl_dict1,HandlingStandardFunction,DefiningStandardFunction
ae_adl_dict1,NonNestedIteration,SingleForLoopIteration
ae_adl_dict1,NonNestedIteration,SingleWhileLoopIteration
ae_adl_dict1,WhileLoopWithUpdate,WhileLoopWithListIndexing
ae_adl_dict1,WhileLoopWithUpdate,WhileLoopWith*=
ae_adl_dict1,WhileLoopWithUpdate,WhileLoopWith+=
ae_adl_dict1,ForLoopWithUpdate,ForLoopWith+=
ae_adl_dict1,ForLoopWithUpdate,ForLoopWith*=
ae_adl_dict1,ForLoopWithUpdate,ForLoopWithListIndexing
ae_adl_dict1,NestedLoopIteration,MixedNestedLoopIteration
ae_adl_dict1,NestedLoopIteration,NestedForLoopIteration
ae_adl_dict1,NestedLoopIteration,NestedWhileLoopIteration
ae_adl_dict1,ArithmeticOperation,FindAbsolute
ae_adl_dict1,ArithmeticOperation,FindRemainder
ae_adl_dict1,ArithmeticOperation,FindMaximum
ae_adl_dict1,ArithmeticOperation,Addition
ae_adl_dict1,ArithmeticOperation,Round
ae_adl_dict1,ArithmeticOperation,Power
ae_adl_dict1,ArithmeticOperation,FindMinimum
ae_adl_dict1,ArithmeticOperation,Substraction
ae_adl_dict1,ArithmeticOperation,Division
ae_adl_dict1,ArithmeticOperation,Multiplication
ae_adl_dict1,HandlingInteger,TransformingToIntType
ae_adl_dict1,HandlingTuple,CreatingTuple
ae_adl_dict1,HandlingTuple,SlicingTuple
ae_adl_dict1,HandlingTuple,IndexingTuple
ae_adl_dict1,HandlingFloat,TransformingToFloatType
ae_adl_dict1,HandlingDictionary,ReplacingDictionaryElement
ae_adl_dict1,HandlingDictionary,CreatingDictionary
ae_adl_dict1,HandlingList,DeletingListElement
ae_adl_dict1,HandlingList,IndexingList
ae_adl_dict1,HandlingList,CreatingList
ae_adl_dict1,HandlingList,SlicingList
ae_adl_dict1,HandlingList,ReplacingListElement
ae_adl_dict1,HandlingList,ListReferencing
ae_adl_dict1,HandlingList,ReversingList
ae_adl_dict1,AddingListElement,AddingListElementWithInsert
ae_adl_dict1,AddingListElement,AddingListElementWithAppend
ae_adl_dict1,HandlingFile,ClosingFile
ae_adl_dict1,HandlingFile,ReadingLine
ae_adl_dict1,HandlingFile,OpeningFile
ae_adl_dict1,HandlingString,CreatingString
ae_adl_dict1,HandlingString,ReplacingStringContent
ae_adl_dict1,HandlingString,FormattingString
ae_adl_dict1,HandlingString,TransformingToStringType
ae_adl_dict1,HandlingString,SplittingString
ae_adl_dict1,HandlingString,TrimmingString
ae_adl_dict1,HandlingString,IndexingString
ae_adl_dict1,HandlingString,SlicingString
ae_adl_dict1,ModifyingStringCase,ConvertStringToUpperCase
ae_adl_dict1,ModifyingStringCase,ConvertStringToLowerCase
ae_adl_dict1,ModifyingStringCase,CapitalizeString
ae_adl_dict1,HandlingError,HandlingSpecificError
ae_adl_dict1,HandlingError,HandlingGeneralError
ae_adl_dict3,Python,Concatenation
ae_adl_dict3,Python,Importing
ae_adl_dict3,Python,FindingLength
ae_adl_dict3,Python,Printing
ae_adl_dict3,Python,CheckingForItem
ae_adl_dict3,Python,HandlingInput
ae_adl_dict3,CheckingCondition,IfElseChecking
ae_adl_dict3,CheckingCondition,AssertChecking
ae_adl_dict3,CheckingCondition,IfElifElseChecking
ae_adl_dict3,CheckingCondition,NestedIfChecking
ae_adl_dict3,CheckingCondition,IfElifChecking
ae_adl_dict3,CheckingInForLoop,IfElseCheckingInForLoop
ae_adl_dict3,CheckingInForLoop,IfElifCheckingInForLoop
ae_adl_dict3,CheckingInForLoop,IfCheckingInForLoop
ae_adl_dict3,CheckingInForLoop,IfElifElseCheckingInForLoop
ae_adl_dict3,CheckingInWhileLoop,IfElifElseCheckingInWhileLoop
ae_adl_dict3,CheckingInWhileLoop,IfCheckingInWhileLoop
ae_adl_dict3,CheckingInWhileLoop,IfElseCheckingInWhileLoop
ae_adl_dict3,CheckingInWhileLoop,IfElifCheckingInWhileLoop
ae_adl_dict3,ManagingVariable,SwappingVariablesValue
ae_adl_dict3,HandlingAdvancedDataStructure,BinaryTreeTask
ae_adl_dict3,HandlingAdvancedDataStructure,LinkedListTask
ae_adl_dict3,HandlingAdvancedDataStructure,QueueTask
ae_adl_dict3,HandlingAdvancedDataStructure,StackTask
ae_adl_dict3,TwoDimensionalArrayTask,ReplacingElement2DArray
ae_adl_dict3,TwoDimensionalArrayTask,Indexing2DArray
ae_adl_dict3,TwoDimensionalArrayTask,Create2DArray
ae_adl_dict3,HandlingObjectOrientedProgramming,CallingOOPMethod
ae_adl_dict3,HandlingObjectOrientedProgramming,CreatingObject
ae_adl_dict3,HandlingObjectOrientedProgramming,DefiningClass
ae_adl_dict3,HandlingObjectOrientedProgramming,DefiningOOPMethod
ae_adl_dict3,HandlingFunction,CallingFunctionLibrary
ae_adl_dict3,HandlingFunction,NestedFunctionCall
ae_adl_dict3,HandlingFunctionCallingFunction,CallingFunctionCallingFunction
ae_adl_dict3,HandlingFunctionCallingFunction,DefiningFunctionCallingFunction
ae_adl_dict3,HandlingRecursiveFunction,CallingRecursiveFunction
ae_adl_dict3,HandlingRecursiveFunction,DefiningRecursiveFunction
ae_adl_dict3,HandlingNestedFunction,CallingNestedFunction
ae_adl_dict3,HandlingNestedFunction,DefiningNestedFunction
ae_adl_dict3,HandlingStandardFunction,CallingStandardFunction
ae_adl_dict3,HandlingStandardFunction,DefiningStandardFunction
ae_adl_dict3,NonNestedIteration,SingleWhileLoopIteration
ae_adl_dict3,WhileLoopWithUpdate,WhileLoopWithListIndexing
ae_adl_dict3,WhileLoopWithUpdate,WhileLoopWith*=
ae_adl_dict3,WhileLoopWithUpdate,WhileLoopWith+=
ae_adl_dict3,ForLoopWithUpdate,ForLoopWith+=
ae_adl_dict3,ForLoopWithUpdate,ForLoopWith*=
ae_adl_dict3,ForLoopWithUpdate,ForLoopWithListIndexing
ae_adl_dict3,NestedLoopIteration,MixedNestedLoopIteration
ae_adl_dict3,NestedLoopIteration,NestedForLoopIteration
ae_adl_dict3,NestedLoopIteration,NestedWhileLoopIteration
ae_adl_dict3,ArithmeticOperation,FindAbsolute
ae_adl_dict3,ArithmeticOperation,FindRemainder
ae_adl_dict3,ArithmeticOperation,FindMaximum
ae_adl_dict3,ArithmeticOperation,Addition
ae_adl_dict3,ArithmeticOperation,Round
ae_adl_dict3,ArithmeticOperation,Power
ae_adl_dict3,ArithmeticOperation,FindMinimum
ae_adl_dict3,ArithmeticOperation,Substraction
ae_adl_dict3,ArithmeticOperation,Division
ae_adl_dict3,ArithmeticOperation,Multiplication
ae_adl_dict3,HandlingInteger,TransformingToIntType
ae_adl_dict3,HandlingTuple,CreatingTuple
ae_adl_dict3,HandlingTuple,SlicingTuple
ae_adl_dict3,HandlingTuple,IndexingTuple
ae_adl_dict3,HandlingFloat,TransformingToFloatType
ae_adl_dict3,HandlingDictionary,ReplacingDictionaryElement
ae_adl_dict3,HandlingDictionary,AccessingDictionary
ae_adl_dict3,HandlingList,DeletingListElement
ae_adl_dict3,HandlingList,IndexingList
ae_adl_dict3,HandlingList,CreatingList
ae_adl_dict3,HandlingList,SlicingList
ae_adl_dict3,HandlingList,ReplacingListElement
ae_adl_dict3,HandlingList,ListReferencing
ae_adl_dict3,HandlingList,ReversingList
ae_adl_dict3,AddingListElement,AddingListElementWithInsert
ae_adl_dict3,AddingListElement,AddingListElementWithAppend
ae_adl_dict3,HandlingFile,ClosingFile
ae_adl_dict3,HandlingFile,ReadingLine
ae_adl_dict3,HandlingFile,OpeningFile
ae_adl_dict3,HandlingString,CreatingString
ae_adl_dict3,HandlingString,ReplacingStringContent
ae_adl_dict3,HandlingString,FormattingString
ae_adl_dict3,HandlingString,TransformingToStringType
ae_adl_dict3,HandlingString,SplittingString
ae_adl_dict3,HandlingString,TrimmingString
ae_adl_dict3,HandlingString,IndexingString
ae_adl_dict3,HandlingString,SlicingString
ae_adl_dict3,ModifyingStringCase,ConvertStringToUpperCase
ae_adl_dict3,ModifyingStringCase,ConvertStringToLowerCase
ae_adl_dict3,ModifyingStringCase,CapitalizeString
ae_adl_dict3,HandlingError,HandlingSpecificError
ae_adl_dict3,HandlingError,HandlingGeneralError
py_time_conversion,Python,Concatenation
py_bmi_calculator,Python,Concatenation
py_bmi_calculator2,Python,CheckingForItem
py_pythagorean_theorem,Python,CheckingForItem
py_fahrenheit_to_celsius,Python,Concatenation
py_fahrenheit_to_celsius,Python,FindingLength
py_fahrenheit_to_celsius,Python,CheckingForItem
py_fahrenheit_to_celsius,CheckingCondition,AssertChecking
py_fahrenheit_to_celsius,CheckingCondition,IfElifChecking
py_fahrenheit_to_celsius,CheckingCondition,BooleanEvaluating
py_fahrenheit_to_celsius,CheckingInForLoop,IfElseCheckingInForLoop
py_fahrenheit_to_celsius,CheckingInForLoop,IfElifCheckingInForLoop
py_fahrenheit_to_celsius,CheckingInForLoop,IfCheckingInForLoop
py_fahrenheit_to_celsius,CheckingInForLoop,IfElifElseCheckingInForLoop
py_fahrenheit_to_celsius,CheckingInWhileLoop,IfElifElseCheckingInWhileLoop
py_fahrenheit_to_celsius,CheckingInWhileLoop,IfCheckingInWhileLoop
py_fahrenheit_to_celsius,CheckingInWhileLoop,IfElseCheckingInWhileLoop
py_fahrenheit_to_celsius,CheckingInWhileLoop,IfElifCheckingInWhileLoop
py_fahrenheit_to_celsius,ManagingVariable,AssigningVariable
py_fahrenheit_to_celsius,HandlingAdvancedDataStructure,BinaryTreeTask
py_fahrenheit_to_celsius,HandlingAdvancedDataStructure,LinkedListTask
py_fahrenheit_to_celsius,HandlingAdvancedDataStructure,QueueTask
py_fahrenheit_to_celsius,HandlingAdvancedDataStructure,StackTask
py_fahrenheit_to_celsius,TwoDimensionalArrayTask,ReplacingElement2DArray
py_fahrenheit_to_celsius,TwoDimensionalArrayTask,Indexing2DArray
py_fahrenheit_to_celsius,TwoDimensionalArrayTask,Create2DArray
py_fahrenheit_to_celsius,HandlingObjectOrientedProgramming,CallingOOPMethod
py_fahrenheit_to_celsius,HandlingObjectOrientedProgramming,CreatingObject
py_fahrenheit_to_celsius,HandlingObjectOrientedProgramming,DefiningClass
py_fahrenheit_to_celsius,HandlingObjectOrientedProgramming,DefiningOOPMethod
py_fahrenheit_to_celsius,HandlingFunctionCallingFunction,CallingFunctionCallingFunction
py_fahrenheit_to_celsius,HandlingFunctionCallingFunction,DefiningFunctionCallingFunction
py_fahrenheit_to_celsius,HandlingRecursiveFunction,CallingRecursiveFunction
py_fahrenheit_to_celsius,HandlingRecursiveFunction,DefiningRecursiveFunction
py_fahrenheit_to_celsius,HandlingNestedFunction,CallingNestedFunction
py_fahrenheit_to_celsius,HandlingNestedFunction,DefiningNestedFunction
py_fahrenheit_to_celsius,HandlingStandardFunction,CallingStandardFunction
py_fahrenheit_to_celsius,HandlingStandardFunction,DefiningStandardFunction
py_fahrenheit_to_celsius,WhileLoopWithUpdate,WhileLoopWithListIndexing
py_fahrenheit_to_celsius,WhileLoopWithUpdate,WhileLoopWith*=
py_fahrenheit_to_celsius,WhileLoopWithUpdate,WhileLoopWith+=
py_fahrenheit_to_celsius,ForLoopWithUpdate,ForLoopWith+=
py_fahrenheit_to_celsius,ForLoopWithUpdate,ForLoopWith*=
py_fahrenheit_to_celsius,ForLoopWithUpdate,ForLoopWithListIndexing
py_fahrenheit_to_celsius,NestedLoopIteration,MixedNestedLoopIteration
py_fahrenheit_to_celsius,NestedLoopIteration,NestedForLoopIteration
py_fahrenheit_to_celsius,NestedLoopIteration,NestedWhileLoopIteration
py_fahrenheit_to_celsius,ArithmeticOperation,FindAbsolute
py_fahrenheit_to_celsius,ArithmeticOperation,FindRemainder
py_fahrenheit_to_celsius,ArithmeticOperation,FindMaximum
py_fahrenheit_to_celsius,ArithmeticOperation,Addition
py_fahrenheit_to_celsius,ArithmeticOperation,Round
py_fahrenheit_to_celsius,ArithmeticOperation,Power
py_fahrenheit_to_celsius,ArithmeticOperation,FindMinimum
py_fahrenheit_to_celsius,ArithmeticOperation,Substraction
py_fahrenheit_to_celsius,ArithmeticOperation,Division
py_fahrenheit_to_celsius,ArithmeticOperation,Multiplication
py_fahrenheit_to_celsius,HandlingInteger,TransformingToIntType
py_fahrenheit_to_celsius,HandlingTuple,CreatingTuple
py_fahrenheit_to_celsius,HandlingTuple,SlicingTuple
py_fahrenheit_to_celsius,HandlingTuple,IndexingTuple
py_fahrenheit_to_celsius,HandlingFloat,TransformingToFloatType
py_fahrenheit_to_celsius,HandlingDictionary,ReplacingDictionaryElement
py_fahrenheit_to_celsius,HandlingList,DeletingListElement
py_fahrenheit_to_celsius,HandlingList,SlicingList
py_fahrenheit_to_celsius,HandlingList,ListReferencing
py_fahrenheit_to_celsius,HandlingList,ReversingList
py_fahrenheit_to_celsius,AddingListElement,AddingListElementWithInsert
py_fahrenheit_to_celsius,AddingListElement,AddingListElementWithAppend
py_fahrenheit_to_celsius,HandlingFile,ClosingFile
py_fahrenheit_to_celsius,HandlingFile,ReadingLine
py_fahrenheit_to_celsius,HandlingFile,OpeningFile
py_fahrenheit_to_celsius,HandlingString,ReplacingStringContent
py_fahrenheit_to_celsius,HandlingString,TransformingToStringType
py_fahrenheit_to_celsius,HandlingString,SlicingString
py_fahrenheit_to_celsius,ModifyingStringCase,ConvertStringToUpperCase
py_fahrenheit_to_celsius,ModifyingStringCase,ConvertStringToLowerCase
py_fahrenheit_to_celsius,ModifyingStringCase,CapitalizeString
py_nested_if_min_max,Python,CheckingForItem
py_nested_if_min_max,Python,HandlingInput
py_nested_if_min_max,CheckingCondition,AssertChecking
py_nested_if_min_max,CheckingCondition,IfElifChecking
py_nested_if_min_max,CheckingInForLoop,IfElseCheckingInForLoop
py_nested_if_min_max,CheckingInForLoop,IfElifCheckingInForLoop
py_nested_if_min_max,CheckingInForLoop,IfCheckingInForLoop
py_nested_if_min_max,CheckingInForLoop,IfElifElseCheckingInForLoop
py_nested_if_min_max,CheckingInWhileLoop,IfElifElseCheckingInWhileLoop
py_nested_if_min_max,CheckingInWhileLoop,IfCheckingInWhileLoop
py_nested_if_min_max,CheckingInWhileLoop,IfElseCheckingInWhileLoop
py_nested_if_min_max,CheckingInWhileLoop,IfElifCheckingInWhileLoop
py_nested_if_min_max,ManagingVariable,SwappingVariablesValue
py_nested_if_min_max,HandlingAdvancedDataStructure,BinaryTreeTask
py_nested_if_min_max,HandlingAdvancedDataStructure,LinkedListTask
py_nested_if_min_max,HandlingAdvancedDataStructure,QueueTask
py_nested_if_min_max,HandlingAdvancedDataStructure,StackTask
py_nested_if_min_max,TwoDimensionalArrayTask,ReplacingElement2DArray
py_nested_if_min_max,TwoDimensionalArrayTask,Indexing2DArray
py_nested_if_min_max,TwoDimensionalArrayTask,Create2DArray
py_nested_if_min_max,HandlingObjectOrientedProgramming,CallingOOPMethod
py_nested_if_min_max,HandlingObjectOrientedProgramming,CreatingObject
py_nested_if_min_max,HandlingObjectOrientedProgramming,DefiningClass
py_nested_if_min_max,HandlingObjectOrientedProgramming,DefiningOOPMethod
py_nested_if_min_max,HandlingStandardFunction,CallingStandardFunction
py_nested_if_min_max,HandlingStandardFunction,DefiningStandardFunction
py_nested_if_min_max,ArithmeticOperation,FindAbsolute
py_nested_if_min_max,ArithmeticOperation,FindRemainder
py_nested_if_min_max,ArithmeticOperation,Round
py_nested_if_min_max,ArithmeticOperation,Power
py_nested_if_min_max,HandlingTuple,CreatingTuple
py_nested_if_min_max,HandlingTuple,SlicingTuple
py_nested_if_min_max,HandlingTuple,IndexingTuple
py_nested_if_min_max,HandlingFloat,TransformingToFloatType
py_nested_if_min_max,HandlingDictionary,ReplacingDictionaryElement
py_nested_if_min_max,HandlingList,ListReferencing
py_nested_if_min_max,HandlingList,ReversingList
py_nested_if_min_max,HandlingFile,ClosingFile
py_nested_if_min_max,HandlingFile,ReadingLine
py_nested_if_min_max,HandlingFile,OpeningFile
py_nested_if_min_max,HandlingString,ReplacingStringContent
py_nested_if_min_max,HandlingString,FormattingString
py_nested_if_max_of_three,Python,Concatenation
py_nested_if_max_of_three,CheckingCondition,AssertChecking
py_nested_if_max_of_three,CheckingCondition,IfElifChecking
py_nested_if_max_of_three,CheckingCondition,BooleanEvaluating
py_nested_if_temperature,CheckingCondition,AssertChecking
py_nested_if_temperature2,Python,Concatenation
py_nested_if_temperature2,CheckingCondition,AssertChecking
py_nested_if_temperature2,CheckingCondition,IfChecking
py_nested_if_temperature2,CheckingCondition,IfElifChecking
py_nested_if_temperature2,CheckingCondition,BooleanEvaluating
py_nested_if_temperature2,CheckingInForLoop,IfElseCheckingInForLoop
py_nested_if_temperature2,CheckingInForLoop,IfElifCheckingInForLoop
py_nested_if_temperature2,CheckingInForLoop,IfCheckingInForLoop
py_nested_if_temperature2,CheckingInForLoop,IfElifElseCheckingInForLoop
py_nested_if_temperature2,CheckingInWhileLoop,IfElifElseCheckingInWhileLoop
py_nested_if_temperature2,CheckingInWhileLoop,IfCheckingInWhileLoop
py_nested_if_temperature2,CheckingInWhileLoop,IfElseCheckingInWhileLoop
py_nested_if_temperature2,CheckingInWhileLoop,IfElifCheckingInWhileLoop
py_nested_if_temperature2,ManagingVariable,SwappingVariablesValue
py_nested_if_temperature2,HandlingAdvancedDataStructure,BinaryTreeTask
py_nested_if_temperature2,HandlingAdvancedDataStructure,LinkedListTask
py_nested_if_temperature2,HandlingAdvancedDataStructure,QueueTask
py_nested_if_temperature2,HandlingAdvancedDataStructure,StackTask
py_nested_if_temperature2,TwoDimensionalArrayTask,ReplacingElement2DArray
py_nested_if_temperature2,TwoDimensionalArrayTask,Indexing2DArray
py_nested_if_temperature2,TwoDimensionalArrayTask,Create2DArray
py_nested_if_temperature2,HandlingObjectOrientedProgramming,CallingOOPMethod
py_nested_if_temperature2,HandlingObjectOrientedProgramming,CreatingObject
py_nested_if_temperature2,HandlingObjectOrientedProgramming,DefiningClass
py_nested_if_temperature2,HandlingObjectOrientedProgramming,DefiningOOPMethod
py_nested_if_temperature2,HandlingFunctionCallingFunction,CallingFunctionCallingFunction
py_nested_if_temperature2,HandlingFunctionCallingFunction,DefiningFunctionCallingFunction
py_nested_if_temperature2,HandlingRecursiveFunction,CallingRecursiveFunction
py_nested_if_temperature2,HandlingRecursiveFunction,DefiningRecursiveFunction
py_nested_if_temperature2,HandlingNestedFunction,CallingNestedFunction
py_nested_if_temperature2,HandlingNestedFunction,DefiningNestedFunction
py_nested_if_temperature2,WhileLoopWithUpdate,WhileLoopWithListIndexing
py_nested_if_temperature2,WhileLoopWithUpdate,WhileLoopWith*=
py_nested_if_temperature2,WhileLoopWithUpdate,WhileLoopWith+=
py_nested_if_temperature2,ForLoopWithUpdate,ForLoopWith+=
py_nested_if_temperature2,ForLoopWithUpdate,ForLoopWith*=
py_nested_if_temperature2,ForLoopWithUpdate,ForLoopWithListIndexing
py_nested_if_temperature2,NestedLoopIteration,MixedNestedLoopIteration
py_nested_if_temperature2,NestedLoopIteration,NestedForLoopIteration
py_nested_if_temperature2,NestedLoopIteration,NestedWhileLoopIteration
py_nested_if_temperature2,ArithmeticOperation,FindAbsolute
py_nested_if_temperature2,ArithmeticOperation,Round
py_nested_if_temperature2,HandlingInteger,TransformingToIntType
py_nested_if_temperature2,HandlingTuple,CreatingTuple
py_nested_if_temperature2,HandlingTuple,SlicingTuple
py_nested_if_temperature2,HandlingTuple,IndexingTuple
py_nested_if_temperature2,HandlingFloat,TransformingToFloatType
py_nested_if_temperature2,HandlingDictionary,ReplacingDictionaryElement
py_nested_if_temperature2,HandlingDictionary,IndexingDictionary
py_nested_if_temperature2,HandlingDictionary,AddingItemToDictionary
py_nested_if_temperature2,HandlingDictionary,AccessingDictionary
py_nested_if_temperature2,HandlingDictionary,CreatingDictionary
py_nested_if_temperature2,HandlingList,DeletingListElement
py_nested_if_temperature2,HandlingList,IndexingList
py_nested_if_temperature2,HandlingList,CreatingList
py_nested_if_temperature2,HandlingList,SlicingList
py_nested_if_temperature2,HandlingList,ReplacingListElement
py_nested_if_temperature2,HandlingList,ListReferencing
py_nested_if_temperature2,HandlingList,ReversingList
py_nested_if_temperature2,AddingListElement,AddingListElementWithInsert
py_nested_if_temperature2,AddingListElement,AddingListElementWithAppend
py_nested_if_temperature2,HandlingFile,ClosingFile
py_nested_if_temperature2,HandlingFile,ReadingLine
py_nested_if_temperature2,HandlingFile,OpeningFile
py_nested_if_temperature2,HandlingString,ReplacingStringContent
py_nested_if_temperature2,HandlingString,TransformingToStringType
py_nested_if_temperature2,HandlingString,SlicingString
py_nested_if_temperature2,ModifyingStringCase,ConvertStringToUpperCase
py_nested_if_temperature2,ModifyingStringCase,ConvertStringToLowerCase
py_nested_if_temperature2,ModifyingStringCase,CapitalizeString
q_py_topic_dictionary:q_py_dict_access1,Python,Concatenation
q_py_topic_dictionary:q_py_dict_access1,Python,Importing
q_py_topic_dictionary:q_py_dict_access1,Python,FindingLength
q_py_topic_dictionary:q_py_dict_access1,Python,CheckingForItem
q_py_topic_dictionary:q_py_dict_access1,Python,HandlingInput
q_py_topic_dictionary:q_py_dict_access1,CheckingCondition,IfElseChecking
q_py_topic_dictionary:q_py_dict_access1,CheckingCondition,AssertChecking
q_py_topic_dictionary:q_py_dict_access1,CheckingCondition,IfElifElseChecking
q_py_topic_dictionary:q_py_dict_access1,CheckingCondition,NestedIfChecking
q_py_topic_dictionary:q_py_dict_access1,CheckingCondition,IfChecking
q_py_topic_dictionary:q_py_dict_access1,CheckingCondition,IfElifChecking
q_py_topic_dictionary:q_py_dict_access1,CheckingCondition,BooleanEvaluating
q_py_topic_dictionary:q_py_dict_access1,CheckingInForLoop,IfElseCheckingInForLoop
q_py_topic_dictionary:q_py_dict_access1,CheckingInForLoop,IfElifCheckingInForLoop
q_py_topic_dictionary:q_py_dict_access1,CheckingInForLoop,IfCheckingInForLoop
q_py_topic_dictionary:q_py_dict_access1,CheckingInForLoop,IfElifElseCheckingInForLoop
q_py_topic_dictionary:q_py_dict_access1,CheckingInWhileLoop,IfElifElseCheckingInWhileLoop
q_py_topic_dictionary:q_py_dict_access1,CheckingInWhileLoop,IfCheckingInWhileLoop
q_py_topic_dictionary:q_py_dict_access1,CheckingInWhileLoop,IfElseCheckingInWhileLoop
q_py_topic_dictionary:q_py_dict_access1,CheckingInWhileLoop,IfElifCheckingInWhileLoop
q_py_topic_dictionary:q_py_dict_access1,ManagingVariable,SwappingVariablesValue
q_py_topic_dictionary:q_py_dict_access1,ManagingVariable,AssigningVariable
q_py_topic_dictionary:q_py_dict_access1,ManagingVariable,UpdatingVariable
q_py_topic_dictionary:q_py_dict_access1,HandlingAdvancedDataStructure,BinaryTreeTask
q_py_topic_dictionary:q_py_dict_access1,HandlingAdvancedDataStructure,LinkedListTask
q_py_topic_dictionary:q_py_dict_access1,HandlingAdvancedDataStructure,QueueTask
q_py_topic_dictionary:q_py_dict_access1,HandlingAdvancedDataStructure,StackTask
q_py_topic_dictionary:q_py_dict_access1,TwoDimensionalArrayTask,ReplacingElement2DArray
q_py_topic_dictionary:q_py_dict_access1,TwoDimensionalArrayTask,Indexing2DArray
q_py_topic_dictionary:q_py_dict_access1,TwoDimensionalArrayTask,Create2DArray
q_py_topic_dictionary:q_py_dict_access1,HandlingObjectOrientedProgramming,CallingOOPMethod
q_py_topic_dictionary:q_py_dict_access1,HandlingObjectOrientedProgramming,CreatingObject
q_py_topic_dictionary:q_py_dict_access1,HandlingObjectOrientedProgramming,DefiningClass
q_py_topic_dictionary:q_py_dict_access1,HandlingObjectOrientedProgramming,DefiningOOPMethod
q_py_topic_dictionary:q_py_dict_access1,HandlingFunction,CallingFunctionLibrary
q_py_topic_dictionary:q_py_dict_access1,HandlingFunction,NestedFunctionCall
q_py_topic_dictionary:q_py_dict_access1,HandlingFunctionCallingFunction,CallingFunctionCallingFunction
q_py_topic_dictionary:q_py_dict_access1,HandlingFunctionCallingFunction,DefiningFunctionCallingFunction
q_py_topic_dictionary:q_py_dict_access1,HandlingRecursiveFunction,CallingRecursiveFunction
q_py_topic_dictionary:q_py_dict_access1,HandlingRecursiveFunction,DefiningRecursiveFunction
q_py_topic_dictionary:q_py_dict_access1,HandlingNestedFunction,CallingNestedFunction
q_py_topic_dictionary:q_py_dict_access1,HandlingNestedFunction,DefiningNestedFunction
q_py_topic_dictionary:q_py_dict_access1,HandlingStandardFunction,CallingStandardFunction
q_py_topic_dictionary:q_py_dict_access1,HandlingStandardFunction,DefiningStandardFunction
q_py_topic_dictionary:q_py_dict_access1,NonNestedIteration,SingleForLoopIteration
q_py_topic_dictionary:q_py_dict_access1,NonNestedIteration,SingleWhileLoopIteration
q_py_topic_dictionary:q_py_dict_access1,WhileLoopWithUpdate,WhileLoopWithListIndexing
q_py_topic_dictionary:q_py_dict_access1,WhileLoopWithUpdate,WhileLoopWith*=
q_py_topic_dictionary:q_py_dict_access1,WhileLoopWithUpdate,WhileLoopWith+=
q_py_topic_dictionary:q_py_dict_access1,ForLoopWithUpdate,ForLoopWith+=
q_py_topic_dictionary:q_py_dict_access1,ForLoopWithUpdate,ForLoopWith*=
q_py_topic_dictionary:q_py_dict_access1,ForLoopWithUpdate,ForLoopWithListIndexing
q_py_topic_dictionary:q_py_dict_access1,NestedLoopIteration,MixedNestedLoopIteration
q_py_topic_dictionary:q_py_dict_access1,NestedLoopIteration,NestedForLoopIteration
q_py_topic_dictionary:q_py_dict_access1,NestedLoopIteration,NestedWhileLoopIteration
q_py_topic_dictionary:q_py_dict_access1,ArithmeticOperation,FindAbsolute
q_py_topic_dictionary:q_py_dict_access1,ArithmeticOperation,FindRemainder
q_py_topic_dictionary:q_py_dict_access1,ArithmeticOperation,FindMaximum
q_py_topic_dictionary:q_py_dict_access1,ArithmeticOperation,Addition
q_py_topic_dictionary:q_py_dict_access1,ArithmeticOperation,Round
q_py_topic_dictionary:q_py_dict_access1,ArithmeticOperation,Power
q_py_topic_dictionary:q_py_dict_access1,ArithmeticOperation,FindMinimum
q_py_topic_dictionary:q_py_dict_access1,ArithmeticOperation,Substraction
q_py_topic_dictionary:q_py_dict_access1,ArithmeticOperation,Division
q_py_topic_dictionary:q_py_dict_access1,ArithmeticOperation,Multiplication
q_py_topic_dictionary:q_py_dict_access1,HandlingInteger,TransformingToIntType
q_py_topic_dictionary:q_py_dict_access1,HandlingTuple,CreatingTuple
q_py_topic_dictionary:q_py_dict_access1,HandlingTuple,SlicingTuple
q_py_topic_dictionary:q_py_dict_access1,HandlingTuple,IndexingTuple
q_py_topic_dictionary:q_py_dict_access1,HandlingFloat,TransformingToFloatType
q_py_topic_dictionary:q_py_dict_access1,HandlingDictionary,ReplacingDictionaryElement
q_py_topic_dictionary:q_py_dict_access1,HandlingDictionary,IndexingDictionary
q_py_topic_dictionary:q_py_dict_access1,HandlingDictionary,AddingItemToDictionary
q_py_topic_dictionary:q_py_dict_access1,HandlingDictionary,CreatingDictionary
q_py_topic_dictionary:q_py_dict_access1,HandlingList,DeletingListElement
q_py_topic_dictionary:q_py_dict_access1,HandlingList,IndexingList
q_py_topic_dictionary:q_py_dict_access1,HandlingList,CreatingList
q_py_topic_dictionary:q_py_dict_access1,HandlingList,SlicingList
q_py_topic_dictionary:q_py_dict_access1,HandlingList,ReplacingListElement
q_py_topic_dictionary:q_py_dict_access1,HandlingList,ListReferencing
q_py_topic_dictionary:q_py_dict_access1,HandlingList,ReversingList
q_py_topic_dictionary:q_py_dict_access1,AddingListElement,AddingListElementWithInsert
q_py_topic_dictionary:q_py_dict_access1,AddingListElement,AddingListElementWithAppend
q_py_topic_dictionary:q_py_dict_access1,HandlingFile,ClosingFile
q_py_topic_dictionary:q_py_dict_access1,HandlingFile,ReadingLine
q_py_topic_dictionary:q_py_dict_access1,HandlingFile,OpeningFile
q_py_topic_dictionary:q_py_dict_access1,HandlingString,CreatingString
q_py_topic_dictionary:q_py_dict_access1,HandlingString,ReplacingStringContent
q_py_topic_dictionary:q_py_dict_access1,HandlingString,FormattingString
q_py_topic_dictionary:q_py_dict_access1,HandlingString,TransformingToStringType
q_py_topic_dictionary:q_py_dict_access1,HandlingString,SplittingString
q_py_topic_dictionary:q_py_dict_access1,HandlingString,TrimmingString
q_py_topic_dictionary:q_py_dict_access1,HandlingString,IndexingString
q_py_topic_dictionary:q_py_dict_access1,HandlingString,SlicingString
q_py_topic_dictionary:q_py_dict_access1,ModifyingStringCase,ConvertStringToUpperCase
q_py_topic_dictionary:q_py_dict_access1,ModifyingStringCase,ConvertStringToLowerCase
q_py_topic_dictionary:q_py_dict_access1,ModifyingStringCase,CapitalizeString
q_py_topic_dictionary:q_py_dict_access1,HandlingError,HandlingSpecificError
q_py_topic_dictionary:q_py_dict_access1,HandlingError,HandlingGeneralError
q_py_topic_functions:q_py_fun_car1,Python,Concatenation
q_py_topic_functions:q_py_fun_car1,Python,Importing
q_py_topic_functions:q_py_fun_car1,Python,FindingLength
q_py_topic_functions:q_py_fun_car1,Python,Printing
q_py_topic_functions:q_py_fun_car1,Python,CheckingForItem
q_py_topic_functions:q_py_fun_car1,Python,HandlingInput
q_py_topic_functions:q_py_fun_car1,CheckingCondition,IfElseChecking
q_py_topic_functions:q_py_fun_car1,CheckingCondition,AssertChecking
q_py_topic_functions:q_py_fun_car1,CheckingCondition,IfElifElseChecking
q_py_topic_functions:q_py_fun_car1,CheckingCondition,NestedIfChecking
q_py_topic_functions:q_py_fun_car1,CheckingCondition,IfChecking
q_py_topic_functions:q_py_fun_car1,CheckingCondition,IfElifChecking
q_py_topic_functions:q_py_fun_car1,CheckingCondition,BooleanEvaluating
q_py_topic_functions:q_py_fun_car1,CheckingInForLoop,IfElseCheckingInForLoop
q_py_topic_functions:q_py_fun_car1,CheckingInForLoop,IfElifCheckingInForLoop
q_py_topic_functions:q_py_fun_car1,CheckingInForLoop,IfCheckingInForLoop
q_py_topic_functions:q_py_fun_car1,CheckingInForLoop,IfElifElseCheckingInForLoop
q_py_topic_functions:q_py_fun_car1,CheckingInWhileLoop,IfElifElseCheckingInWhileLoop
q_py_topic_functions:q_py_fun_car1,CheckingInWhileLoop,IfCheckingInWhileLoop
q_py_topic_functions:q_py_fun_car1,CheckingInWhileLoop,IfElseCheckingInWhileLoop
q_py_topic_functions:q_py_fun_car1,CheckingInWhileLoop,IfElifCheckingInWhileLoop
q_py_topic_functions:q_py_fun_car1,ManagingVariable,SwappingVariablesValue
q_py_topic_functions:q_py_fun_car1,ManagingVariable,AssigningVariable
q_py_topic_functions:q_py_fun_car1,ManagingVariable,UpdatingVariable
q_py_topic_functions:q_py_fun_car1,HandlingAdvancedDataStructure,BinaryTreeTask
q_py_topic_functions:q_py_fun_car1,HandlingAdvancedDataStructure,LinkedListTask
q_py_topic_functions:q_py_fun_car1,HandlingAdvancedDataStructure,QueueTask
q_py_topic_functions:q_py_fun_car1,HandlingAdvancedDataStructure,StackTask
q_py_topic_functions:q_py_fun_car1,TwoDimensionalArrayTask,ReplacingElement2DArray
q_py_topic_functions:q_py_fun_car1,TwoDimensionalArrayTask,Indexing2DArray
q_py_topic_functions:q_py_fun_car1,TwoDimensionalArrayTask,Create2DArray
q_py_topic_functions:q_py_fun_car1,HandlingObjectOrientedProgramming,CallingOOPMethod
q_py_topic_functions:q_py_fun_car1,HandlingObjectOrientedProgramming,CreatingObject
q_py_topic_functions:q_py_fun_car1,HandlingObjectOrientedProgramming,DefiningClass
q_py_topic_functions:q_py_fun_car1,HandlingObjectOrientedProgramming,DefiningOOPMethod
q_py_topic_functions:q_py_fun_car1,HandlingFunction,CallingFunctionLibrary
q_py_topic_functions:q_py_fun_car1,HandlingFunction,NestedFunctionCall
q_py_topic_functions:q_py_fun_car1,HandlingFunctionCallingFunction,CallingFunctionCallingFunction
q_py_topic_functions:q_py_fun_car1,HandlingFunctionCallingFunction,DefiningFunctionCallingFunction
q_py_topic_functions:q_py_fun_car1,HandlingRecursiveFunction,CallingRecursiveFunction
q_py_topic_functions:q_py_fun_car1,HandlingRecursiveFunction,DefiningRecursiveFunction
q_py_topic_functions:q_py_fun_car1,HandlingNestedFunction,CallingNestedFunction
q_py_topic_functions:q_py_fun_car1,HandlingNestedFunction,DefiningNestedFunction
q_py_topic_functions:q_py_fun_car1,HandlingStandardFunction,CallingStandardFunction
q_py_topic_functions:q_py_fun_car1,HandlingStandardFunction,DefiningStandardFunction
q_py_topic_functions:q_py_fun_car1,NonNestedIteration,SingleForLoopIteration
q_py_topic_functions:q_py_fun_car1,NonNestedIteration,SingleWhileLoopIteration
q_py_topic_functions:q_py_fun_car1,WhileLoopWithUpdate,WhileLoopWithListIndexing
q_py_topic_functions:q_py_fun_car1,WhileLoopWithUpdate,WhileLoopWith*=
q_py_topic_functions:q_py_fun_car1,WhileLoopWithUpdate,WhileLoopWith+=
q_py_topic_functions:q_py_fun_car1,ForLoopWithUpdate,ForLoopWith+=
q_py_topic_functions:q_py_fun_car1,ForLoopWithUpdate,ForLoopWith*=
q_py_topic_functions:q_py_fun_car1,ForLoopWithUpdate,ForLoopWithListIndexing
q_py_topic_functions:q_py_fun_car1,NestedLoopIteration,MixedNestedLoopIteration
q_py_topic_functions:q_py_fun_car1,NestedLoopIteration,NestedForLoopIteration
q_py_topic_functions:q_py_fun_car1,NestedLoopIteration,NestedWhileLoopIteration
q_py_topic_functions:q_py_fun_car1,ArithmeticOperation,FindAbsolute
q_py_topic_functions:q_py_fun_car1,ArithmeticOperation,FindRemainder
q_py_topic_functions:q_py_fun_car1,ArithmeticOperation,FindMaximum
q_py_topic_functions:q_py_fun_car1,ArithmeticOperation,Addition
q_py_topic_functions:q_py_fun_car1,ArithmeticOperation,Round
q_py_topic_functions:q_py_fun_car1,ArithmeticOperation,Power
q_py_topic_functions:q_py_fun_car1,ArithmeticOperation,FindMinimum
q_py_topic_functions:q_py_fun_car1,ArithmeticOperation,Substraction
q_py_topic_functions:q_py_fun_car1,ArithmeticOperation,Division
q_py_topic_functions:q_py_fun_car1,ArithmeticOperation,Multiplication
q_py_topic_functions:q_py_fun_car1,HandlingInteger,TransformingToIntType
q_py_topic_functions:q_py_fun_car1,HandlingTuple,CreatingTuple
q_py_topic_functions:q_py_fun_car1,HandlingTuple,SlicingTuple
q_py_topic_functions:q_py_fun_car1,HandlingTuple,IndexingTuple
q_py_topic_functions:q_py_fun_car1,HandlingFloat,TransformingToFloatType
q_py_topic_functions:q_py_fun_car1,HandlingDictionary,ReplacingDictionaryElement
q_py_topic_functions:q_py_fun_car1,HandlingDictionary,IndexingDictionary
q_py_topic_functions:q_py_fun_car1,HandlingDictionary,AddingItemToDictionary
q_py_topic_functions:q_py_fun_car1,HandlingDictionary,AccessingDictionary
q_py_topic_functions:q_py_fun_car1,HandlingDictionary,CreatingDictionary
q_py_topic_functions:q_py_fun_car1,HandlingList,DeletingListElement
q_py_topic_functions:q_py_fun_car1,HandlingList,IndexingList
q_py_topic_functions:q_py_fun_car1,HandlingList,CreatingList
q_py_topic_functions:q_py_fun_car1,HandlingList,SlicingList
q_py_topic_functions:q_py_fun_car1,HandlingList,ReplacingListElement
q_py_topic_functions:q_py_fun_car1,HandlingList,ListReferencing
q_py_topic_functions:q_py_fun_car1,HandlingList,ReversingList
q_py_topic_functions:q_py_fun_car1,AddingListElement,AddingListElementWithInsert
q_py_topic_functions:q_py_fun_car1,AddingListElement,AddingListElementWithAppend
q_py_topic_functions:q_py_fun_car1,HandlingFile,ClosingFile
q_py_topic_functions:q_py_fun_car1,HandlingFile,ReadingLine
q_py_topic_functions:q_py_fun_car1,HandlingFile,OpeningFile
q_py_topic_functions:q_py_fun_car1,HandlingString,CreatingString
q_py_topic_functions:q_py_fun_car1,HandlingString,ReplacingStringContent
q_py_topic_functions:q_py_fun_car1,HandlingString,FormattingString
q_py_topic_functions:q_py_fun_car1,HandlingString,TransformingToStringType
q_py_topic_functions:q_py_fun_car1,HandlingString,SplittingString
q_py_topic_functions:q_py_fun_car1,HandlingString,TrimmingString
q_py_topic_functions:q_py_fun_car1,HandlingString,IndexingString
q_py_topic_functions:q_py_fun_car1,HandlingString,SlicingString
q_py_topic_functions:q_py_fun_car1,ModifyingStringCase,ConvertStringToUpperCase
q_py_topic_functions:q_py_fun_car1,ModifyingStringCase,ConvertStringToLowerCase
q_py_topic_functions:q_py_fun_car1,ModifyingStringCase,CapitalizeString
q_py_topic_functions:q_py_fun_car1,HandlingError,HandlingSpecificError
q_py_topic_functions:q_py_fun_car1,HandlingError,HandlingGeneralError
q_py_topic_if_statement:q_py_if_elif1,Python,Concatenation
q_py_topic_if_statement:q_py_if_elif1,Python,Importing
q_py_topic_if_statement:q_py_if_elif1,Python,FindingLength
q_py_topic_if_statement:q_py_if_elif1,Python,CheckingForItem
q_py_topic_if_statement:q_py_if_elif1,Python,HandlingInput
q_py_topic_if_statement:q_py_if_elif1,CheckingCondition,IfElseChecking
q_py_topic_if_statement:q_py_if_elif1,CheckingCondition,AssertChecking
q_py_topic_if_statement:q_py_if_elif1,CheckingCondition,NestedIfChecking
q_py_topic_if_statement:q_py_if_elif1,CheckingCondition,IfChecking
q_py_topic_if_statement:q_py_if_elif1,CheckingCondition,IfElifChecking
q_py_topic_if_statement:q_py_if_elif1,CheckingInForLoop,IfElseCheckingInForLoop
q_py_topic_if_statement:q_py_if_elif1,CheckingInForLoop,IfElifCheckingInForLoop
q_py_topic_if_statement:q_py_if_elif1,CheckingInForLoop,IfCheckingInForLoop
q_py_topic_if_statement:q_py_if_elif1,CheckingInForLoop,IfElifElseCheckingInForLoop
q_py_topic_if_statement:q_py_if_elif1,CheckingInWhileLoop,IfElifElseCheckingInWhileLoop
q_py_topic_if_statement:q_py_if_elif1,CheckingInWhileLoop,IfCheckingInWhileLoop
q_py_topic_if_statement:q_py_if_elif1,CheckingInWhileLoop,IfElseCheckingInWhileLoop
q_py_topic_if_statement:q_py_if_elif1,CheckingInWhileLoop,IfElifCheckingInWhileLoop
q_py_topic_if_statement:q_py_if_elif1,ManagingVariable,SwappingVariablesValue
q_py_topic_if_statement:q_py_if_elif1,ManagingVariable,AssigningVariable
q_py_topic_if_statement:q_py_if_elif1,ManagingVariable,UpdatingVariable
q_py_topic_if_statement:q_py_if_elif1,HandlingAdvancedDataStructure,BinaryTreeTask
q_py_topic_if_statement:q_py_if_elif1,HandlingAdvancedDataStructure,LinkedListTask
q_py_topic_if_statement:q_py_if_elif1,HandlingAdvancedDataStructure,QueueTask
q_py_topic_if_statement:q_py_if_elif1,HandlingAdvancedDataStructure,StackTask
q_py_topic_if_statement:q_py_if_elif1,TwoDimensionalArrayTask,ReplacingElement2DArray
q_py_topic_if_statement:q_py_if_elif1,TwoDimensionalArrayTask,Indexing2DArray
q_py_topic_if_statement:q_py_if_elif1,TwoDimensionalArrayTask,Create2DArray
q_py_topic_if_statement:q_py_if_elif1,HandlingObjectOrientedProgramming,CallingOOPMethod
q_py_topic_if_statement:q_py_if_elif1,HandlingObjectOrientedProgramming,CreatingObject
q_py_topic_if_statement:q_py_if_elif1,HandlingObjectOrientedProgramming,DefiningClass
q_py_topic_if_statement:q_py_if_elif1,HandlingObjectOrientedProgramming,DefiningOOPMethod
q_py_topic_if_statement:q_py_if_elif1,HandlingFunction,NestedFunctionCall
q_py_topic_if_statement:q_py_if_elif1,HandlingFunctionCallingFunction,CallingFunctionCallingFunction
q_py_topic_if_statement:q_py_if_elif1,HandlingFunctionCallingFunction,DefiningFunctionCallingFunction
q_py_topic_if_statement:q_py_if_elif1,HandlingRecursiveFunction,CallingRecursiveFunction
q_py_topic_if_statement:q_py_if_elif1,HandlingRecursiveFunction,DefiningRecursiveFunction
q_py_topic_if_statement:q_py_if_elif1,HandlingNestedFunction,CallingNestedFunction
q_py_topic_if_statement:q_py_if_elif1,HandlingNestedFunction,DefiningNestedFunction
q_py_topic_if_statement:q_py_if_elif1,HandlingStandardFunction,CallingStandardFunction
q_py_topic_if_statement:q_py_if_elif1,HandlingStandardFunction,DefiningStandardFunction
q_py_topic_if_statement:q_py_if_elif1,NonNestedIteration,SingleForLoopIteration
q_py_topic_if_statement:q_py_if_elif1,NonNestedIteration,SingleWhileLoopIteration
q_py_topic_if_statement:q_py_if_elif1,WhileLoopWithUpdate,WhileLoopWithListIndexing
q_py_topic_if_statement:q_py_if_elif1,WhileLoopWithUpdate,WhileLoopWith*=
q_py_topic_if_statement:q_py_if_elif1,WhileLoopWithUpdate,WhileLoopWith+=
q_py_topic_if_statement:q_py_if_elif1,ForLoopWithUpdate,ForLoopWith+=
q_py_topic_if_statement:q_py_if_elif1,ForLoopWithUpdate,ForLoopWith*=
q_py_topic_if_statement:q_py_if_elif1,ForLoopWithUpdate,ForLoopWithListIndexing
q_py_topic_if_statement:q_py_if_elif1,NestedLoopIteration,MixedNestedLoopIteration
q_py_topic_if_statement:q_py_if_elif1,NestedLoopIteration,NestedForLoopIteration
q_py_topic_if_statement:q_py_if_elif1,NestedLoopIteration,NestedWhileLoopIteration
q_py_topic_if_statement:q_py_if_elif1,ArithmeticOperation,FindAbsolute
q_py_topic_if_statement:q_py_if_elif1,ArithmeticOperation,FindRemainder
q_py_topic_if_statement:q_py_if_elif1,ArithmeticOperation,FindMaximum
q_py_topic_if_statement:q_py_if_elif1,ArithmeticOperation,Addition
q_py_topic_if_statement:q_py_if_elif1,ArithmeticOperation,Round
q_py_topic_if_statement:q_py_if_elif1,ArithmeticOperation,Power
q_py_topic_if_statement:q_py_if_elif1,ArithmeticOperation,FindMinimum
q_py_topic_if_statement:q_py_if_elif1,ArithmeticOperation,Substraction
q_py_topic_if_statement:q_py_if_elif1,ArithmeticOperation,Division
q_py_topic_if_statement:q_py_if_elif1,ArithmeticOperation,Multiplication
q_py_topic_if_statement:q_py_if_elif1,HandlingInteger,TransformingToIntType
q_py_topic_if_statement:q_py_if_elif1,HandlingTuple,CreatingTuple
q_py_topic_if_statement:q_py_if_elif1,HandlingTuple,SlicingTuple
q_py_topic_if_statement:q_py_if_elif1,HandlingTuple,IndexingTuple
q_py_topic_if_statement:q_py_if_elif1,HandlingFloat,TransformingToFloatType
q_py_topic_if_statement:q_py_if_elif1,HandlingDictionary,ReplacingDictionaryElement
q_py_topic_if_statement:q_py_if_elif1,HandlingDictionary,IndexingDictionary
q_py_topic_if_statement:q_py_if_elif1,HandlingDictionary,AddingItemToDictionary
q_py_topic_if_statement:q_py_if_elif1,HandlingDictionary,AccessingDictionary
q_py_topic_if_statement:q_py_if_elif1,HandlingDictionary,CreatingDictionary
q_py_topic_if_statement:q_py_if_elif1,HandlingList,DeletingListElement
q_py_topic_if_statement:q_py_if_elif1,HandlingList,IndexingList
q_py_topic_if_statement:q_py_if_elif1,HandlingList,CreatingList
q_py_topic_if_statement:q_py_if_elif1,HandlingList,SlicingList
q_py_topic_if_statement:q_py_if_elif1,HandlingList,ReplacingListElement
q_py_topic_if_statement:q_py_if_elif1,HandlingList,ListReferencing
q_py_topic_if_statement:q_py_if_elif1,HandlingList,ReversingList
q_py_topic_if_statement:q_py_if_elif1,AddingListElement,AddingListElementWithInsert
q_py_topic_if_statement:q_py_if_elif1,AddingListElement,AddingListElementWithAppend
q_py_topic_if_statement:q_py_if_elif1,HandlingFile,ClosingFile
q_py_topic_if_statement:q_py_if_elif1,HandlingFile,ReadingLine
q_py_topic_if_statement:q_py_if_elif1,HandlingFile,OpeningFile
q_py_topic_if_statement:q_py_if_elif1,HandlingString,CreatingString
q_py_topic_if_statement:q_py_if_elif1,HandlingString,ReplacingStringContent
q_py_topic_if_statement:q_py_if_elif1,HandlingString,FormattingString
q_py_topic_if_statement:q_py_if_elif1,HandlingString,TransformingToStringType
q_py_topic_if_statement:q_py_if_elif1,HandlingString,SplittingString
q_py_topic_if_statement:q_py_if_elif1,HandlingString,TrimmingString
q_py_topic_if_statement:q_py_if_elif1,HandlingString,IndexingString
q_py_topic_if_statement:q_py_if_elif1,HandlingString,SlicingString
q_py_topic_if_statement:q_py_if_elif1,ModifyingStringCase,ConvertStringToUpperCase
q_py_topic_if_statement:q_py_if_elif1,ModifyingStringCase,ConvertStringToLowerCase
q_py_topic_if_statement:q_py_if_elif1,ModifyingStringCase,CapitalizeString
q_py_topic_if_statement:q_py_if_elif1,HandlingError,HandlingSpecificError
q_py_topic_if_statement:q_py_if_elif1,HandlingError,HandlingGeneralError
q_py_topic_if_statement:q_py_nested_if1,Python,Concatenation
q_py_topic_if_statement:q_py_nested_if1,Python,Importing
q_py_topic_if_statement:q_py_nested_if1,Python,FindingLength
q_py_topic_if_statement:q_py_nested_if1,Python,Printing
q_py_topic_if_statement:q_py_nested_if1,Python,CheckingForItem
q_py_topic_if_statement:q_py_nested_if1,Python,HandlingInput
q_py_topic_if_statement:q_py_nested_if1,CheckingCondition,AssertChecking
q_py_topic_if_statement:q_py_nested_if1,CheckingInForLoop,IfElseCheckingInForLoop
q_py_topic_if_statement:q_py_nested_if1,CheckingInForLoop,IfElifCheckingInForLoop
q_py_topic_if_statement:q_py_nested_if1,CheckingInForLoop,IfCheckingInForLoop
q_py_topic_if_statement:q_py_nested_if1,CheckingInForLoop,IfElifElseCheckingInForLoop
q_py_topic_if_statement:q_py_nested_if1,CheckingInWhileLoop,IfElifElseCheckingInWhileLoop
q_py_topic_if_statement:q_py_nested_if1,CheckingInWhileLoop,IfCheckingInWhileLoop
q_py_topic_if_statement:q_py_nested_if1,CheckingInWhileLoop,IfElseCheckingInWhileLoop
q_py_topic_if_statement:q_py_nested_if1,CheckingInWhileLoop,IfElifCheckingInWhileLoop
q_py_topic_if_statement:q_py_nested_if1,ManagingVariable,SwappingVariablesValue
q_py_topic_if_statement:q_py_nested_if1,ManagingVariable,AssigningVariable
q_py_topic_if_statement:q_py_nested_if1,ManagingVariable,UpdatingVariable
q_py_topic_if_statement:q_py_nested_if1,HandlingAdvancedDataStructure,BinaryTreeTask
q_py_topic_if_statement:q_py_nested_if1,HandlingAdvancedDataStructure,LinkedListTask
q_py_topic_if_statement:q_py_nested_if1,HandlingAdvancedDataStructure,QueueTask
q_py_topic_if_statement:q_py_nested_if1,HandlingAdvancedDataStructure,StackTask
q_py_topic_if_statement:q_py_nested_if1,TwoDimensionalArrayTask,ReplacingElement2DArray
q_py_topic_if_statement:q_py_nested_if1,TwoDimensionalArrayTask,Indexing2DArray
q_py_topic_if_statement:q_py_nested_if1,TwoDimensionalArrayTask,Create2DArray
q_py_topic_if_statement:q_py_nested_if1,HandlingObjectOrientedProgramming,CallingOOPMethod
q_py_topic_if_statement:q_py_nested_if1,HandlingObjectOrientedProgramming,CreatingObject
q_py_topic_if_statement:q_py_nested_if1,HandlingObjectOrientedProgramming,DefiningClass
q_py_topic_if_statement:q_py_nested_if1,HandlingObjectOrientedProgramming,DefiningOOPMethod
q_py_topic_if_statement:q_py_nested_if1,HandlingFunction,CallingFunctionLibrary
q_py_topic_if_statement:q_py_nested_if1,HandlingFunction,NestedFunctionCall
q_py_topic_if_statement:q_py_nested_if1,HandlingFunctionCallingFunction,CallingFunctionCallingFunction
q_py_topic_if_statement:q_py_nested_if1,HandlingFunctionCallingFunction,DefiningFunctionCallingFunction
q_py_topic_if_statement:q_py_nested_if1,HandlingRecursiveFunction,CallingRecursiveFunction
q_py_topic_if_statement:q_py_nested_if1,HandlingRecursiveFunction,DefiningRecursiveFunction
q_py_topic_if_statement:q_py_nested_if1,HandlingNestedFunction,CallingNestedFunction
q_py_topic_if_statement:q_py_nested_if1,HandlingNestedFunction,DefiningNestedFunction
q_py_topic_if_statement:q_py_nested_if1,HandlingStandardFunction,CallingStandardFunction
q_py_topic_if_statement:q_py_nested_if1,HandlingStandardFunction,DefiningStandardFunction
q_py_topic_if_statement:q_py_nested_if1,NonNestedIteration,SingleForLoopIteration
q_py_topic_if_statement:q_py_nested_if1,NonNestedIteration,SingleWhileLoopIteration
q_py_topic_if_statement:q_py_nested_if1,WhileLoopWithUpdate,WhileLoopWithListIndexing
q_py_topic_if_statement:q_py_nested_if1,WhileLoopWithUpdate,WhileLoopWith*=
q_py_topic_if_statement:q_py_nested_if1,WhileLoopWithUpdate,WhileLoopWith+=
q_py_topic_if_statement:q_py_nested_if1,ForLoopWithUpdate,ForLoopWith+=
q_py_topic_if_statement:q_py_nested_if1,ForLoopWithUpdate,ForLoopWith*=
q_py_topic_if_statement:q_py_nested_if1,ForLoopWithUpdate,ForLoopWithListIndexing
q_py_topic_if_statement:q_py_nested_if1,NestedLoopIteration,MixedNestedLoopIteration
q_py_topic_if_statement:q_py_nested_if1,NestedLoopIteration,NestedForLoopIteration
q_py_topic_if_statement:q_py_nested_if1,NestedLoopIteration,NestedWhileLoopIteration
q_py_topic_if_statement:q_py_nested_if1,ArithmeticOperation,FindAbsolute
q_py_topic_if_statement:q_py_nested_if1,ArithmeticOperation,FindRemainder
q_py_topic_if_statement:q_py_nested_if1,ArithmeticOperation,FindMaximum
q_py_topic_if_statement:q_py_nested_if1,ArithmeticOperation,Addition
q_py_topic_if_statement:q_py_nested_if1,ArithmeticOperation,Round
q_py_topic_if_statement:q_py_nested_if1,ArithmeticOperation,Power
q_py_topic_if_statement:q_py_nested_if1,ArithmeticOperation,FindMinimum
q_py_topic_if_statement:q_py_nested_if1,ArithmeticOperation,Substraction
q_py_topic_if_statement:q_py_nested_if1,ArithmeticOperation,Division
q_py_topic_if_statement:q_py_nested_if1,ArithmeticOperation,Multiplication
q_py_topic_if_statement:q_py_nested_if1,HandlingInteger,TransformingToIntType
q_py_topic_if_statement:q_py_nested_if1,HandlingTuple,CreatingTuple
q_py_topic_if_statement:q_py_nested_if1,HandlingTuple,SlicingTuple
q_py_topic_if_statement:q_py_nested_if1,HandlingTuple,IndexingTuple
q_py_topic_if_statement:q_py_nested_if1,HandlingFloat,TransformingToFloatType
q_py_topic_if_statement:q_py_nested_if1,HandlingDictionary,ReplacingDictionaryElement
q_py_topic_if_statement:q_py_nested_if1,HandlingDictionary,IndexingDictionary
q_py_topic_if_statement:q_py_nested_if1,HandlingDictionary,AddingItemToDictionary
q_py_topic_if_statement:q_py_nested_if1,HandlingDictionary,AccessingDictionary
q_py_topic_if_statement:q_py_nested_if1,HandlingDictionary,CreatingDictionary
q_py_topic_if_statement:q_py_nested_if1,HandlingList,DeletingListElement
q_py_topic_if_statement:q_py_nested_if1,HandlingList,IndexingList
q_py_topic_if_statement:q_py_nested_if1,HandlingList,CreatingList
q_py_topic_if_statement:q_py_nested_if1,HandlingList,SlicingList
q_py_topic_if_statement:q_py_nested_if1,HandlingList,ReplacingListElement
q_py_topic_if_statement:q_py_nested_if1,HandlingList,ListReferencing
q_py_topic_if_statement:q_py_nested_if1,HandlingList,ReversingList
q_py_topic_if_statement:q_py_nested_if1,AddingListElement,AddingListElementWithInsert
q_py_topic_if_statement:q_py_nested_if1,AddingListElement,AddingListElementWithAppend
q_py_topic_if_statement:q_py_nested_if1,HandlingFile,ClosingFile
q_py_topic_if_statement:q_py_nested_if1,HandlingFile,ReadingLine
q_py_topic_if_statement:q_py_nested_if1,HandlingFile,OpeningFile
q_py_topic_if_statement:q_py_nested_if1,HandlingString,CreatingString
q_py_topic_if_statement:q_py_nested_if1,HandlingString,ReplacingStringContent
q_py_topic_if_statement:q_py_nested_if1,HandlingString,FormattingString
q_py_topic_if_statement:q_py_nested_if1,HandlingString,TransformingToStringType
q_py_topic_if_statement:q_py_nested_if1,HandlingString,SplittingString
q_py_topic_if_statement:q_py_nested_if1,HandlingString,TrimmingString
q_py_topic_if_statement:q_py_nested_if1,HandlingString,IndexingString
q_py_topic_if_statement:q_py_nested_if1,HandlingString,SlicingString
q_py_topic_if_statement:q_py_nested_if1,ModifyingStringCase,ConvertStringToUpperCase
q_py_topic_if_statement:q_py_nested_if1,ModifyingStringCase,ConvertStringToLowerCase
q_py_topic_if_statement:q_py_nested_if1,ModifyingStringCase,CapitalizeString
q_py_topic_if_statement:q_py_nested_if1,HandlingError,HandlingSpecificError
q_py_topic_if_statement:q_py_nested_if1,HandlingError,HandlingGeneralError
q_py_topic_if_statement:q_py_nested_if_elif1,Python,Concatenation
q_py_topic_if_statement:q_py_nested_if_elif1,Python,Importing
q_py_topic_if_statement:q_py_nested_if_elif1,Python,FindingLength
q_py_topic_if_statement:q_py_nested_if_elif1,Python,CheckingForItem
q_py_topic_if_statement:q_py_nested_if_elif1,Python,HandlingInput
q_py_topic_if_statement:q_py_nested_if_elif1,CheckingCondition,AssertChecking
q_py_topic_if_statement:q_py_nested_if_elif1,CheckingCondition,IfElifElseChecking
q_py_topic_if_statement:q_py_nested_if_elif1,CheckingCondition,IfChecking
q_py_topic_if_statement:q_py_nested_if_elif1,CheckingCondition,IfElifChecking
q_py_topic_if_statement:q_py_nested_if_elif1,CheckingInForLoop,IfElseCheckingInForLoop
q_py_topic_if_statement:q_py_nested_if_elif1,CheckingInForLoop,IfElifCheckingInForLoop
q_py_topic_if_statement:q_py_nested_if_elif1,CheckingInForLoop,IfCheckingInForLoop
q_py_topic_if_statement:q_py_nested_if_elif1,CheckingInForLoop,IfElifElseCheckingInForLoop
q_py_topic_if_statement:q_py_nested_if_elif1,CheckingInWhileLoop,IfElifElseCheckingInWhileLoop
q_py_topic_if_statement:q_py_nested_if_elif1,CheckingInWhileLoop,IfCheckingInWhileLoop
q_py_topic_if_statement:q_py_nested_if_elif1,CheckingInWhileLoop,IfElseCheckingInWhileLoop
q_py_topic_if_statement:q_py_nested_if_elif1,CheckingInWhileLoop,IfElifCheckingInWhileLoop
q_py_topic_if_statement:q_py_nested_if_elif1,ManagingVariable,SwappingVariablesValue
q_py_topic_if_statement:q_py_nested_if_elif1,ManagingVariable,UpdatingVariable
q_py_topic_if_statement:q_py_nested_if_elif1,HandlingAdvancedDataStructure,BinaryTreeTask
q_py_topic_if_statement:q_py_nested_if_elif1,HandlingAdvancedDataStructure,LinkedListTask
q_py_topic_if_statement:q_py_nested_if_elif1,HandlingAdvancedDataStructure,QueueTask
q_py_topic_if_statement:q_py_nested_if_elif1,HandlingAdvancedDataStructure,StackTask
q_py_topic_if_statement:q_py_nested_if_elif1,TwoDimensionalArrayTask,ReplacingElement2DArray
q_py_topic_if_statement:q_py_nested_if_elif1,TwoDimensionalArrayTask,Indexing2DArray
q_py_topic_if_statement:q_py_nested_if_elif1,TwoDimensionalArrayTask,Create2DArray
q_py_topic_if_statement:q_py_nested_if_elif1,HandlingObjectOrientedProgramming,CallingOOPMethod
q_py_topic_if_statement:q_py_nested_if_elif1,HandlingObjectOrientedProgramming,CreatingObject
q_py_topic_if_statement:q_py_nested_if_elif1,HandlingObjectOrientedProgramming,DefiningClass
q_py_topic_if_statement:q_py_nested_if_elif1,HandlingObjectOrientedProgramming,DefiningOOPMethod
q_py_topic_if_statement:q_py_nested_if_elif1,HandlingFunction,CallingFunctionLibrary
q_py_topic_if_statement:q_py_nested_if_elif1,HandlingFunction,NestedFunctionCall
q_py_topic_if_statement:q_py_nested_if_elif1,HandlingFunctionCallingFunction,CallingFunctionCallingFunction
q_py_topic_if_statement:q_py_nested_if_elif1,HandlingFunctionCallingFunction,DefiningFunctionCallingFunction
q_py_topic_if_statement:q_py_nested_if_elif1,HandlingRecursiveFunction,CallingRecursiveFunction
q_py_topic_if_statement:q_py_nested_if_elif1,HandlingRecursiveFunction,DefiningRecursiveFunction
q_py_topic_if_statement:q_py_nested_if_elif1,HandlingNestedFunction,CallingNestedFunction
q_py_topic_if_statement:q_py_nested_if_elif1,HandlingNestedFunction,DefiningNestedFunction
q_py_topic_if_statement:q_py_nested_if_elif1,HandlingStandardFunction,CallingStandardFunction
q_py_topic_if_statement:q_py_nested_if_elif1,HandlingStandardFunction,DefiningStandardFunction
q_py_topic_if_statement:q_py_nested_if_elif1,NonNestedIteration,SingleForLoopIteration
q_py_topic_if_statement:q_py_nested_if_elif1,NonNestedIteration,SingleWhileLoopIteration
q_py_topic_if_statement:q_py_nested_if_elif1,WhileLoopWithUpdate,WhileLoopWithListIndexing
q_py_topic_if_statement:q_py_nested_if_elif1,WhileLoopWithUpdate,WhileLoopWith*=
q_py_topic_if_statement:q_py_nested_if_elif1,WhileLoopWithUpdate,WhileLoopWith+=
q_py_topic_if_statement:q_py_nested_if_elif1,ForLoopWithUpdate,ForLoopWith+=
q_py_topic_if_statement:q_py_nested_if_elif1,ForLoopWithUpdate,ForLoopWith*=
q_py_topic_if_statement:q_py_nested_if_elif1,ForLoopWithUpdate,ForLoopWithListIndexing
q_py_topic_if_statement:q_py_nested_if_elif1,NestedLoopIteration,MixedNestedLoopIteration
q_py_topic_if_statement:q_py_nested_if_elif1,NestedLoopIteration,NestedForLoopIteration
q_py_topic_if_statement:q_py_nested_if_elif1,NestedLoopIteration,NestedWhileLoopIteration
q_py_topic_if_statement:q_py_nested_if_elif1,ArithmeticOperation,FindAbsolute
q_py_topic_if_statement:q_py_nested_if_elif1,ArithmeticOperation,FindMaximum
q_py_topic_if_statement:q_py_nested_if_elif1,ArithmeticOperation,Addition
q_py_topic_if_statement:q_py_nested_if_elif1,ArithmeticOperation,Round
q_py_topic_if_statement:q_py_nested_if_elif1,ArithmeticOperation,Power
q_py_topic_if_statement:q_py_nested_if_elif1,ArithmeticOperation,FindMinimum
q_py_topic_if_statement:q_py_nested_if_elif1,ArithmeticOperation,Substraction
q_py_topic_if_statement:q_py_nested_if_elif1,ArithmeticOperation,Division
q_py_topic_if_statement:q_py_nested_if_elif1,ArithmeticOperation,Multiplication
q_py_topic_if_statement:q_py_nested_if_elif1,HandlingInteger,TransformingToIntType
q_py_topic_if_statement:q_py_nested_if_elif1,HandlingTuple,CreatingTuple
q_py_topic_if_statement:q_py_nested_if_elif1,HandlingTuple,SlicingTuple
q_py_topic_if_statement:q_py_nested_if_elif1,HandlingTuple,IndexingTuple
q_py_topic_if_statement:q_py_nested_if_elif1,HandlingFloat,TransformingToFloatType
q_py_topic_if_statement:q_py_nested_if_elif1,HandlingDictionary,ReplacingDictionaryElement
q_py_topic_if_statement:q_py_nested_if_elif1,HandlingDictionary,IndexingDictionary
q_py_topic_if_statement:q_py_nested_if_elif1,HandlingDictionary,AddingItemToDictionary
q_py_topic_if_statement:q_py_nested_if_elif1,HandlingDictionary,AccessingDictionary
q_py_topic_if_statement:q_py_nested_if_elif1,HandlingDictionary,CreatingDictionary
q_py_topic_if_statement:q_py_nested_if_elif1,HandlingList,DeletingListElement
q_py_topic_if_statement:q_py_nested_if_elif1,HandlingList,IndexingList
q_py_topic_if_statement:q_py_nested_if_elif1,HandlingList,CreatingList
q_py_topic_if_statement:q_py_nested_if_elif1,HandlingList,SlicingList
q_py_topic_if_statement:q_py_nested_if_elif1,HandlingList,ReplacingListElement
q_py_topic_if_statement:q_py_nested_if_elif1,HandlingList,ListReferencing
q_py_topic_if_statement:q_py_nested_if_elif1,HandlingList,ReversingList
q_py_topic_if_statement:q_py_nested_if_elif1,AddingListElement,AddingListElementWithInsert
q_py_topic_if_statement:q_py_nested_if_elif1,AddingListElement,AddingListElementWithAppend
q_py_topic_if_statement:q_py_nested_if_elif1,HandlingFile,ClosingFile
q_py_topic_if_statement:q_py_nested_if_elif1,HandlingFile,ReadingLine
q_py_topic_if_statement:q_py_nested_if_elif1,HandlingFile,OpeningFile
q_py_topic_if_statement:q_py_nested_if_elif1,HandlingString,CreatingString
q_py_topic_if_statement:q_py_nested_if_elif1,HandlingString,ReplacingStringContent
q_py_topic_if_statement:q_py_nested_if_elif1,HandlingString,FormattingString
q_py_topic_if_statement:q_py_nested_if_elif1,HandlingString,TransformingToStringType
q_py_topic_if_statement:q_py_nested_if_elif1,HandlingString,SplittingString
q_py_topic_if_statement:q_py_nested_if_elif1,HandlingString,TrimmingString
q_py_topic_if_statement:q_py_nested_if_elif1,HandlingString,IndexingString
q_py_topic_if_statement:q_py_nested_if_elif1,HandlingString,SlicingString
q_py_topic_if_statement:q_py_nested_if_elif1,ModifyingStringCase,ConvertStringToUpperCase
q_py_topic_if_statement:q_py_nested_if_elif1,ModifyingStringCase,ConvertStringToLowerCase
q_py_topic_if_statement:q_py_nested_if_elif1,ModifyingStringCase,CapitalizeString
q_py_topic_if_statement:q_py_nested_if_elif1,HandlingError,HandlingSpecificError
q_py_topic_if_statement:q_py_nested_if_elif1,HandlingError,HandlingGeneralError
q_py_topic_if_statement:q_py_nested_if_elif2,CheckingCondition,AssertChecking
q_py_topic_logical_operators:q_py_account_logic1,ManagingVariable,AssigningVariable
q_py_topic_logical_operators:q_py_comparison_logic1,Python,Concatenation
q_py_topic_logical_operators:q_py_comparison_logic1,Python,Importing
q_py_topic_logical_operators:q_py_comparison_logic1,Python,FindingLength
q_py_topic_logical_operators:q_py_comparison_logic1,Python,HandlingInput
q_py_topic_logical_operators:q_py_comparison_logic1,CheckingCondition,IfElseChecking
q_py_topic_logical_operators:q_py_comparison_logic1,CheckingCondition,AssertChecking
q_py_topic_logical_operators:q_py_comparison_logic1,CheckingCondition,IfElifElseChecking
q_py_topic_logical_operators:q_py_comparison_logic1,CheckingCondition,NestedIfChecking
q_py_topic_logical_operators:q_py_comparison_logic1,CheckingCondition,IfChecking
q_py_topic_logical_operators:q_py_comparison_logic1,CheckingCondition,IfElifChecking
q_py_topic_logical_operators:q_py_comparison_logic1,CheckingCondition,BooleanEvaluating
q_py_topic_logical_operators:q_py_comparison_logic1,CheckingInForLoop,IfElseCheckingInForLoop
q_py_topic_logical_operators:q_py_comparison_logic1,CheckingInForLoop,IfElifCheckingInForLoop
q_py_topic_logical_operators:q_py_comparison_logic1,CheckingInForLoop,IfCheckingInForLoop
q_py_topic_logical_operators:q_py_comparison_logic1,CheckingInForLoop,IfElifElseCheckingInForLoop
q_py_topic_logical_operators:q_py_comparison_logic1,CheckingInWhileLoop,IfElifElseCheckingInWhileLoop
q_py_topic_logical_operators:q_py_comparison_logic1,CheckingInWhileLoop,IfCheckingInWhileLoop
q_py_topic_logical_operators:q_py_comparison_logic1,CheckingInWhileLoop,IfElseCheckingInWhileLoop
q_py_topic_logical_operators:q_py_comparison_logic1,CheckingInWhileLoop,IfElifCheckingInWhileLoop
q_py_topic_logical_operators:q_py_comparison_logic1,ManagingVariable,SwappingVariablesValue
q_py_topic_logical_operators:q_py_comparison_logic1,ManagingVariable,AssigningVariable
q_py_topic_logical_operators:q_py_comparison_logic1,ManagingVariable,UpdatingVariable
q_py_topic_logical_operators:q_py_comparison_logic1,HandlingAdvancedDataStructure,BinaryTreeTask
q_py_topic_logical_operators:q_py_comparison_logic1,HandlingAdvancedDataStructure,LinkedListTask
q_py_topic_logical_operators:q_py_comparison_logic1,HandlingAdvancedDataStructure,QueueTask
q_py_topic_logical_operators:q_py_comparison_logic1,HandlingAdvancedDataStructure,StackTask
q_py_topic_logical_operators:q_py_comparison_logic1,TwoDimensionalArrayTask,ReplacingElement2DArray
q_py_topic_logical_operators:q_py_comparison_logic1,TwoDimensionalArrayTask,Indexing2DArray
q_py_topic_logical_operators:q_py_comparison_logic1,TwoDimensionalArrayTask,Create2DArray
q_py_topic_logical_operators:q_py_comparison_logic1,HandlingObjectOrientedProgramming,CallingOOPMethod
q_py_topic_logical_operators:q_py_comparison_logic1,HandlingObjectOrientedProgramming,CreatingObject
q_py_topic_logical_operators:q_py_comparison_logic1,HandlingObjectOrientedProgramming,DefiningClass
q_py_topic_logical_operators:q_py_comparison_logic1,HandlingObjectOrientedProgramming,DefiningOOPMethod
q_py_topic_logical_operators:q_py_comparison_logic1,HandlingFunction,CallingFunctionLibrary
q_py_topic_logical_operators:q_py_comparison_logic1,HandlingFunction,NestedFunctionCall
q_py_topic_logical_operators:q_py_comparison_logic1,HandlingFunctionCallingFunction,CallingFunctionCallingFunction
q_py_topic_logical_operators:q_py_comparison_logic1,HandlingFunctionCallingFunction,DefiningFunctionCallingFunction
q_py_topic_logical_operators:q_py_comparison_logic1,HandlingRecursiveFunction,CallingRecursiveFunction
q_py_topic_logical_operators:q_py_comparison_logic1,HandlingRecursiveFunction,DefiningRecursiveFunction
q_py_topic_logical_operators:q_py_comparison_logic1,HandlingNestedFunction,CallingNestedFunction
q_py_topic_logical_operators:q_py_comparison_logic1,HandlingNestedFunction,DefiningNestedFunction
q_py_topic_logical_operators:q_py_comparison_logic1,HandlingStandardFunction,CallingStandardFunction
q_py_topic_logical_operators:q_py_comparison_logic1,HandlingStandardFunction,DefiningStandardFunction
q_py_topic_logical_operators:q_py_comparison_logic1,NonNestedIteration,SingleForLoopIteration
q_py_topic_logical_operators:q_py_comparison_logic1,NonNestedIteration,SingleWhileLoopIteration
q_py_topic_logical_operators:q_py_comparison_logic1,WhileLoopWithUpdate,WhileLoopWithListIndexing
q_py_topic_logical_operators:q_py_comparison_logic1,WhileLoopWithUpdate,WhileLoopWith*=
q_py_topic_logical_operators:q_py_comparison_logic1,WhileLoopWithUpdate,WhileLoopWith+=
q_py_topic_logical_operators:q_py_comparison_logic1,ForLoopWithUpdate,ForLoopWith+=
q_py_topic_logical_operators:q_py_comparison_logic1,ForLoopWithUpdate,ForLoopWith*=
q_py_topic_logical_operators:q_py_comparison_logic1,ForLoopWithUpdate,ForLoopWithListIndexing
q_py_topic_logical_operators:q_py_comparison_logic1,NestedLoopIteration,MixedNestedLoopIteration
q_py_topic_logical_operators:q_py_comparison_logic1,NestedLoopIteration,NestedForLoopIteration
q_py_topic_logical_operators:q_py_comparison_logic1,NestedLoopIteration,NestedWhileLoopIteration
q_py_topic_logical_operators:q_py_comparison_logic1,ArithmeticOperation,FindAbsolute
q_py_topic_logical_operators:q_py_comparison_logic1,ArithmeticOperation,FindRemainder
q_py_topic_logical_operators:q_py_comparison_logic1,ArithmeticOperation,FindMaximum
q_py_topic_logical_operators:q_py_comparison_logic1,ArithmeticOperation,Addition
q_py_topic_logical_operators:q_py_comparison_logic1,ArithmeticOperation,Round
q_py_topic_logical_operators:q_py_comparison_logic1,ArithmeticOperation,Power
q_py_topic_logical_operators:q_py_comparison_logic1,ArithmeticOperation,FindMinimum
q_py_topic_logical_operators:q_py_comparison_logic1,ArithmeticOperation,Substraction
q_py_topic_logical_operators:q_py_comparison_logic1,ArithmeticOperation,Division
q_py_topic_logical_operators:q_py_comparison_logic1,ArithmeticOperation,Multiplication
q_py_topic_logical_operators:q_py_comparison_logic1,HandlingInteger,TransformingToIntType
q_py_topic_logical_operators:q_py_comparison_logic1,HandlingTuple,CreatingTuple
q_py_topic_logical_operators:q_py_comparison_logic1,HandlingTuple,SlicingTuple
q_py_topic_logical_operators:q_py_comparison_logic1,HandlingTuple,IndexingTuple
q_py_topic_logical_operators:q_py_comparison_logic1,HandlingFloat,TransformingToFloatType
q_py_topic_logical_operators:q_py_comparison_logic1,HandlingDictionary,ReplacingDictionaryElement
q_py_topic_logical_operators:q_py_comparison_logic1,HandlingDictionary,IndexingDictionary
q_py_topic_logical_operators:q_py_comparison_logic1,HandlingDictionary,AddingItemToDictionary
q_py_topic_logical_operators:q_py_comparison_logic1,HandlingDictionary,AccessingDictionary
q_py_topic_logical_operators:q_py_comparison_logic1,HandlingDictionary,CreatingDictionary
q_py_topic_logical_operators:q_py_comparison_logic1,HandlingList,DeletingListElement
q_py_topic_logical_operators:q_py_comparison_logic1,HandlingList,IndexingList
q_py_topic_logical_operators:q_py_comparison_logic1,HandlingList,CreatingList
q_py_topic_logical_operators:q_py_comparison_logic1,HandlingList,SlicingList
q_py_topic_logical_operators:q_py_comparison_logic1,HandlingList,ReplacingListElement
q_py_topic_logical_operators:q_py_comparison_logic1,HandlingList,ListReferencing
q_py_topic_logical_operators:q_py_comparison_logic1,HandlingList,ReversingList
q_py_topic_logical_operators:q_py_comparison_logic1,AddingListElement,AddingListElementWithInsert
q_py_topic_logical_operators:q_py_comparison_logic1,AddingListElement,AddingListElementWithAppend
q_py_topic_logical_operators:q_py_comparison_logic1,HandlingFile,ClosingFile
q_py_topic_logical_operators:q_py_comparison_logic1,HandlingFile,ReadingLine
q_py_topic_logical_operators:q_py_comparison_logic1,HandlingFile,OpeningFile
q_py_topic_logical_operators:q_py_comparison_logic1,HandlingString,CreatingString
q_py_topic_logical_operators:q_py_comparison_logic1,HandlingString,ReplacingStringContent
q_py_topic_logical_operators:q_py_comparison_logic1,HandlingString,FormattingString
q_py_topic_logical_operators:q_py_comparison_logic1,HandlingString,TransformingToStringType
q_py_topic_logical_operators:q_py_comparison_logic1,HandlingString,SplittingString
q_py_topic_logical_operators:q_py_comparison_logic1,HandlingString,TrimmingString
q_py_topic_logical_operators:q_py_comparison_logic1,HandlingString,IndexingString
q_py_topic_logical_operators:q_py_comparison_logic1,HandlingString,SlicingString
q_py_topic_logical_operators:q_py_comparison_logic1,ModifyingStringCase,ConvertStringToUpperCase
q_py_topic_logical_operators:q_py_comparison_logic1,ModifyingStringCase,ConvertStringToLowerCase
q_py_topic_logical_operators:q_py_comparison_logic1,ModifyingStringCase,CapitalizeString
q_py_topic_logical_operators:q_py_comparison_logic1,HandlingError,HandlingSpecificError
q_py_topic_logical_operators:q_py_comparison_logic1,HandlingError,HandlingGeneralError
q_py_topic_loops:q_py_for_loop1,Python,Concatenation
q_py_topic_loops:q_py_for_loop1,Python,Importing
q_py_topic_loops:q_py_for_loop1,Python,FindingLength
q_py_topic_loops:q_py_for_loop1,Python,CheckingForItem
q_py_topic_loops:q_py_for_loop1,Python,HandlingInput
q_py_topic_loops:q_py_for_loop1,CheckingCondition,IfElseChecking
q_py_topic_loops:q_py_for_loop1,CheckingCondition,AssertChecking
q_py_topic_loops:q_py_for_loop1,CheckingCondition,IfElifElseChecking
q_py_topic_loops:q_py_for_loop1,CheckingCondition,NestedIfChecking
q_py_topic_loops:q_py_for_loop1,CheckingCondition,IfChecking
q_py_topic_loops:q_py_for_loop1,CheckingCondition,IfElifChecking
q_py_topic_loops:q_py_for_loop1,CheckingInForLoop,IfElseCheckingInForLoop
q_py_topic_loops:q_py_for_loop1,CheckingInForLoop,IfElifCheckingInForLoop
q_py_topic_loops:q_py_for_loop1,CheckingInForLoop,IfCheckingInForLoop
q_py_topic_loops:q_py_for_loop1,CheckingInForLoop,IfElifElseCheckingInForLoop
q_py_topic_loops:q_py_for_loop1,CheckingInWhileLoop,IfElifElseCheckingInWhileLoop
q_py_topic_loops:q_py_for_loop1,CheckingInWhileLoop,IfCheckingInWhileLoop
q_py_topic_loops:q_py_for_loop1,CheckingInWhileLoop,IfElseCheckingInWhileLoop
q_py_topic_loops:q_py_for_loop1,CheckingInWhileLoop,IfElifCheckingInWhileLoop
q_py_topic_loops:q_py_for_loop1,ManagingVariable,SwappingVariablesValue
q_py_topic_loops:q_py_for_loop1,ManagingVariable,AssigningVariable
q_py_topic_loops:q_py_for_loop1,ManagingVariable,UpdatingVariable
q_py_topic_loops:q_py_for_loop1,HandlingAdvancedDataStructure,BinaryTreeTask
q_py_topic_loops:q_py_for_loop1,HandlingAdvancedDataStructure,LinkedListTask
q_py_topic_loops:q_py_for_loop1,HandlingAdvancedDataStructure,QueueTask
q_py_topic_loops:q_py_for_loop1,HandlingAdvancedDataStructure,StackTask
q_py_topic_loops:q_py_for_loop1,TwoDimensionalArrayTask,ReplacingElement2DArray
q_py_topic_loops:q_py_for_loop1,TwoDimensionalArrayTask,Indexing2DArray
q_py_topic_loops:q_py_for_loop1,TwoDimensionalArrayTask,Create2DArray
q_py_topic_loops:q_py_for_loop1,HandlingObjectOrientedProgramming,CallingOOPMethod
q_py_topic_loops:q_py_for_loop1,HandlingObjectOrientedProgramming,CreatingObject
q_py_topic_loops:q_py_for_loop1,HandlingObjectOrientedProgramming,DefiningClass
q_py_topic_loops:q_py_for_loop1,HandlingObjectOrientedProgramming,DefiningOOPMethod
q_py_topic_loops:q_py_for_loop1,HandlingFunction,NestedFunctionCall
q_py_topic_loops:q_py_for_loop1,HandlingFunctionCallingFunction,CallingFunctionCallingFunction
q_py_topic_loops:q_py_for_loop1,HandlingFunctionCallingFunction,DefiningFunctionCallingFunction
q_py_topic_loops:q_py_for_loop1,HandlingRecursiveFunction,CallingRecursiveFunction
q_py_topic_loops:q_py_for_loop1,HandlingRecursiveFunction,DefiningRecursiveFunction
q_py_topic_loops:q_py_for_loop1,HandlingNestedFunction,CallingNestedFunction
q_py_topic_loops:q_py_for_loop1,HandlingNestedFunction,DefiningNestedFunction
q_py_topic_loops:q_py_for_loop1,HandlingStandardFunction,CallingStandardFunction
q_py_topic_loops:q_py_for_loop1,HandlingStandardFunction,DefiningStandardFunction
q_py_topic_loops:q_py_for_loop1,NonNestedIteration,SingleWhileLoopIteration
q_py_topic_loops:q_py_for_loop1,WhileLoopWithUpdate,WhileLoopWithListIndexing
q_py_topic_loops:q_py_for_loop1,WhileLoopWithUpdate,WhileLoopWith*=
q_py_topic_loops:q_py_for_loop1,WhileLoopWithUpdate,WhileLoopWith+=
q_py_topic_loops:q_py_for_loop1,ForLoopWithUpdate,ForLoopWith+=
q_py_topic_loops:q_py_for_loop1,ForLoopWithUpdate,ForLoopWith*=
q_py_topic_loops:q_py_for_loop1,ForLoopWithUpdate,ForLoopWithListIndexing
q_py_topic_loops:q_py_for_loop1,NestedLoopIteration,MixedNestedLoopIteration
q_py_topic_loops:q_py_for_loop1,NestedLoopIteration,NestedForLoopIteration
q_py_topic_loops:q_py_for_loop1,NestedLoopIteration,NestedWhileLoopIteration
q_py_topic_loops:q_py_for_loop1,ArithmeticOperation,FindAbsolute
q_py_topic_loops:q_py_for_loop1,ArithmeticOperation,FindRemainder
q_py_topic_loops:q_py_for_loop1,ArithmeticOperation,FindMaximum
q_py_topic_loops:q_py_for_loop1,ArithmeticOperation,Addition
q_py_topic_loops:q_py_for_loop1,ArithmeticOperation,Round
q_py_topic_loops:q_py_for_loop1,ArithmeticOperation,Power
q_py_topic_loops:q_py_for_loop1,ArithmeticOperation,FindMinimum
q_py_topic_loops:q_py_for_loop1,ArithmeticOperation,Substraction
q_py_topic_loops:q_py_for_loop1,ArithmeticOperation,Division
q_py_topic_loops:q_py_for_loop1,ArithmeticOperation,Multiplication
q_py_topic_loops:q_py_for_loop1,HandlingInteger,TransformingToIntType
q_py_topic_loops:q_py_for_loop1,HandlingTuple,CreatingTuple
q_py_topic_loops:q_py_for_loop1,HandlingTuple,SlicingTuple
q_py_topic_loops:q_py_for_loop1,HandlingTuple,IndexingTuple
q_py_topic_loops:q_py_for_loop1,HandlingFloat,TransformingToFloatType
q_py_topic_loops:q_py_for_loop1,HandlingDictionary,ReplacingDictionaryElement
q_py_topic_loops:q_py_for_loop1,HandlingDictionary,IndexingDictionary
q_py_topic_loops:q_py_for_loop1,HandlingDictionary,AddingItemToDictionary
q_py_topic_loops:q_py_for_loop1,HandlingDictionary,AccessingDictionary
q_py_topic_loops:q_py_for_loop1,HandlingDictionary,CreatingDictionary
q_py_topic_loops:q_py_for_loop1,HandlingList,DeletingListElement
q_py_topic_loops:q_py_for_loop1,HandlingList,IndexingList
q_py_topic_loops:q_py_for_loop1,HandlingList,CreatingList
q_py_topic_loops:q_py_for_loop1,HandlingList,SlicingList
q_py_topic_loops:q_py_for_loop1,HandlingList,ReplacingListElement
q_py_topic_loops:q_py_for_loop1,HandlingList,ListReferencing
q_py_topic_loops:q_py_for_loop1,HandlingList,ReversingList
q_py_topic_loops:q_py_for_loop1,AddingListElement,AddingListElementWithInsert
q_py_topic_loops:q_py_for_loop1,AddingListElement,AddingListElementWithAppend
q_py_topic_loops:q_py_for_loop1,HandlingFile,ClosingFile
q_py_topic_loops:q_py_for_loop1,HandlingFile,ReadingLine
q_py_topic_loops:q_py_for_loop1,HandlingFile,OpeningFile
q_py_topic_loops:q_py_for_loop1,HandlingString,CreatingString
q_py_topic_loops:q_py_for_loop1,HandlingString,ReplacingStringContent
q_py_topic_loops:q_py_for_loop1,HandlingString,FormattingString
q_py_topic_loops:q_py_for_loop1,HandlingString,TransformingToStringType
q_py_topic_loops:q_py_for_loop1,HandlingString,SplittingString
q_py_topic_loops:q_py_for_loop1,HandlingString,TrimmingString
q_py_topic_loops:q_py_for_loop1,HandlingString,IndexingString
q_py_topic_loops:q_py_for_loop1,HandlingString,SlicingString
q_py_topic_loops:q_py_for_loop1,ModifyingStringCase,ConvertStringToUpperCase
q_py_topic_loops:q_py_for_loop1,ModifyingStringCase,ConvertStringToLowerCase
q_py_topic_loops:q_py_for_loop1,ModifyingStringCase,CapitalizeString
q_py_topic_loops:q_py_for_loop1,HandlingError,HandlingSpecificError
q_py_topic_loops:q_py_for_loop1,HandlingError,HandlingGeneralError
q_py_topic_loops:q_py_nested_while1,Python,Concatenation
q_py_topic_loops:q_py_nested_while1,Python,Importing
q_py_topic_loops:q_py_nested_while1,Python,FindingLength
q_py_topic_loops:q_py_nested_while1,Python,CheckingForItem
q_py_topic_loops:q_py_nested_while1,Python,HandlingInput
q_py_topic_loops:q_py_nested_while1,CheckingCondition,IfElseChecking
q_py_topic_loops:q_py_nested_while1,CheckingCondition,AssertChecking
q_py_topic_loops:q_py_nested_while1,CheckingCondition,IfElifElseChecking
q_py_topic_loops:q_py_nested_while1,CheckingCondition,NestedIfChecking
q_py_topic_loops:q_py_nested_while1,CheckingCondition,IfChecking
q_py_topic_loops:q_py_nested_while1,CheckingCondition,IfElifChecking
q_py_topic_loops:q_py_nested_while1,CheckingCondition,BooleanEvaluating
q_py_topic_loops:q_py_nested_while1,CheckingInForLoop,IfElseCheckingInForLoop
q_py_topic_loops:q_py_nested_while1,CheckingInForLoop,IfElifCheckingInForLoop
q_py_topic_loops:q_py_nested_while1,CheckingInForLoop,IfCheckingInForLoop
q_py_topic_loops:q_py_nested_while1,CheckingInForLoop,IfElifElseCheckingInForLoop
q_py_topic_loops:q_py_nested_while1,CheckingInWhileLoop,IfElifElseCheckingInWhileLoop
q_py_topic_loops:q_py_nested_while1,CheckingInWhileLoop,IfCheckingInWhileLoop
q_py_topic_loops:q_py_nested_while1,CheckingInWhileLoop,IfElseCheckingInWhileLoop
q_py_topic_loops:q_py_nested_while1,CheckingInWhileLoop,IfElifCheckingInWhileLoop
q_py_topic_loops:q_py_nested_while1,ManagingVariable,SwappingVariablesValue
q_py_topic_loops:q_py_nested_while1,ManagingVariable,AssigningVariable
q_py_topic_loops:q_py_nested_while1,ManagingVariable,UpdatingVariable
q_py_topic_loops:q_py_nested_while1,HandlingAdvancedDataStructure,BinaryTreeTask
q_py_topic_loops:q_py_nested_while1,HandlingAdvancedDataStructure,LinkedListTask
q_py_topic_loops:q_py_nested_while1,HandlingAdvancedDataStructure,QueueTask
q_py_topic_loops:q_py_nested_while1,HandlingAdvancedDataStructure,StackTask
q_py_topic_loops:q_py_nested_while1,TwoDimensionalArrayTask,ReplacingElement2DArray
q_py_topic_loops:q_py_nested_while1,TwoDimensionalArrayTask,Indexing2DArray
q_py_topic_loops:q_py_nested_while1,TwoDimensionalArrayTask,Create2DArray
q_py_topic_loops:q_py_nested_while1,HandlingObjectOrientedProgramming,CallingOOPMethod
q_py_topic_loops:q_py_nested_while1,HandlingObjectOrientedProgramming,CreatingObject
q_py_topic_loops:q_py_nested_while1,HandlingObjectOrientedProgramming,DefiningClass
q_py_topic_loops:q_py_nested_while1,HandlingObjectOrientedProgramming,DefiningOOPMethod
q_py_topic_loops:q_py_nested_while1,HandlingFunction,CallingFunctionLibrary
q_py_topic_loops:q_py_nested_while1,HandlingFunction,NestedFunctionCall
q_py_topic_loops:q_py_nested_while1,HandlingFunctionCallingFunction,CallingFunctionCallingFunction
q_py_topic_loops:q_py_nested_while1,HandlingFunctionCallingFunction,DefiningFunctionCallingFunction
q_py_topic_loops:q_py_nested_while1,HandlingRecursiveFunction,CallingRecursiveFunction
q_py_topic_loops:q_py_nested_while1,HandlingRecursiveFunction,DefiningRecursiveFunction
q_py_topic_loops:q_py_nested_while1,HandlingNestedFunction,CallingNestedFunction
q_py_topic_loops:q_py_nested_while1,HandlingNestedFunction,DefiningNestedFunction
q_py_topic_loops:q_py_nested_while1,HandlingStandardFunction,CallingStandardFunction
q_py_topic_loops:q_py_nested_while1,HandlingStandardFunction,DefiningStandardFunction
q_py_topic_loops:q_py_nested_while1,NonNestedIteration,SingleForLoopIteration
q_py_topic_loops:q_py_nested_while1,NonNestedIteration,SingleWhileLoopIteration
q_py_topic_loops:q_py_nested_while1,WhileLoopWithUpdate,WhileLoopWithListIndexing
q_py_topic_loops:q_py_nested_while1,WhileLoopWithUpdate,WhileLoopWith*=
q_py_topic_loops:q_py_nested_while1,WhileLoopWithUpdate,WhileLoopWith+=
q_py_topic_loops:q_py_nested_while1,ForLoopWithUpdate,ForLoopWith+=
q_py_topic_loops:q_py_nested_while1,ForLoopWithUpdate,ForLoopWith*=
q_py_topic_loops:q_py_nested_while1,ForLoopWithUpdate,ForLoopWithListIndexing
q_py_topic_loops:q_py_nested_while1,NestedLoopIteration,MixedNestedLoopIteration
q_py_topic_loops:q_py_nested_while1,NestedLoopIteration,NestedForLoopIteration
q_py_topic_loops:q_py_nested_while1,NestedLoopIteration,NestedWhileLoopIteration
q_py_topic_loops:q_py_nested_while1,ArithmeticOperation,FindAbsolute
q_py_topic_loops:q_py_nested_while1,ArithmeticOperation,FindRemainder
q_py_topic_loops:q_py_nested_while1,ArithmeticOperation,FindMaximum
q_py_topic_loops:q_py_nested_while1,ArithmeticOperation,Addition
q_py_topic_loops:q_py_nested_while1,ArithmeticOperation,Round
q_py_topic_loops:q_py_nested_while1,ArithmeticOperation,Power
q_py_topic_loops:q_py_nested_while1,ArithmeticOperation,FindMinimum
q_py_topic_loops:q_py_nested_while1,ArithmeticOperation,Substraction
q_py_topic_loops:q_py_nested_while1,ArithmeticOperation,Division
q_py_topic_loops:q_py_nested_while1,ArithmeticOperation,Multiplication
q_py_topic_loops:q_py_nested_while1,HandlingInteger,TransformingToIntType
q_py_topic_loops:q_py_nested_while1,HandlingTuple,CreatingTuple
q_py_topic_loops:q_py_nested_while1,HandlingTuple,SlicingTuple
q_py_topic_loops:q_py_nested_while1,HandlingTuple,IndexingTuple
q_py_topic_loops:q_py_nested_while1,HandlingFloat,TransformingToFloatType
q_py_topic_loops:q_py_nested_while1,HandlingDictionary,ReplacingDictionaryElement
q_py_topic_loops:q_py_nested_while1,HandlingDictionary,IndexingDictionary
q_py_topic_loops:q_py_nested_while1,HandlingDictionary,AddingItemToDictionary
q_py_topic_loops:q_py_nested_while1,HandlingDictionary,AccessingDictionary
q_py_topic_loops:q_py_nested_while1,HandlingDictionary,CreatingDictionary
q_py_topic_loops:q_py_nested_while1,HandlingList,DeletingListElement
q_py_topic_loops:q_py_nested_while1,HandlingList,IndexingList
q_py_topic_loops:q_py_nested_while1,HandlingList,CreatingList
q_py_topic_loops:q_py_nested_while1,HandlingList,SlicingList
q_py_topic_loops:q_py_nested_while1,HandlingList,ReplacingListElement
q_py_topic_loops:q_py_nested_while1,HandlingList,ListReferencing
q_py_topic_loops:q_py_nested_while1,HandlingList,ReversingList
q_py_topic_loops:q_py_nested_while1,AddingListElement,AddingListElementWithInsert
q_py_topic_loops:q_py_nested_while1,AddingListElement,AddingListElementWithAppend
q_py_topic_loops:q_py_nested_while1,HandlingFile,ClosingFile
q_py_topic_loops:q_py_nested_while1,HandlingFile,ReadingLine
q_py_topic_loops:q_py_nested_while1,HandlingFile,OpeningFile
q_py_topic_loops:q_py_nested_while1,HandlingString,CreatingString
q_py_topic_loops:q_py_nested_while1,HandlingString,ReplacingStringContent
q_py_topic_loops:q_py_nested_while1,HandlingString,FormattingString
q_py_topic_loops:q_py_nested_while1,HandlingString,TransformingToStringType
q_py_topic_loops:q_py_nested_while1,HandlingString,SplittingString
q_py_topic_loops:q_py_nested_while1,HandlingString,TrimmingString
q_py_topic_loops:q_py_nested_while1,HandlingString,IndexingString
q_py_topic_loops:q_py_nested_while1,HandlingString,SlicingString
q_py_topic_loops:q_py_nested_while1,ModifyingStringCase,ConvertStringToUpperCase
q_py_topic_loops:q_py_nested_while1,ModifyingStringCase,ConvertStringToLowerCase
q_py_topic_loops:q_py_nested_while1,ModifyingStringCase,CapitalizeString
q_py_topic_loops:q_py_nested_while1,HandlingError,HandlingSpecificError
q_py_topic_loops:q_py_nested_while1,HandlingError,HandlingGeneralError
q_py_topic_loops:q_py_while_loop1,CheckingInForLoop,IfElseCheckingInForLoop
q_py_topic_loops:q_py_while_loop1,CheckingInForLoop,IfElifCheckingInForLoop
q_py_topic_loops:q_py_while_loop1,CheckingInForLoop,IfCheckingInForLoop
q_py_topic_loops:q_py_while_loop1,CheckingInForLoop,IfElifElseCheckingInForLoop
q_py_topic_loops:q_py_while_loop1,ManagingVariable,SwappingVariablesValue
q_py_topic_loops:q_py_while_loop1,HandlingAdvancedDataStructure,BinaryTreeTask
q_py_topic_loops:q_py_while_loop1,HandlingAdvancedDataStructure,LinkedListTask
q_py_topic_loops:q_py_while_loop1,HandlingAdvancedDataStructure,QueueTask
q_py_topic_loops:q_py_while_loop1,HandlingAdvancedDataStructure,StackTask
q_py_topic_loops:q_py_while_loop1,TwoDimensionalArrayTask,ReplacingElement2DArray
q_py_topic_loops:q_py_while_loop1,TwoDimensionalArrayTask,Indexing2DArray
q_py_topic_loops:q_py_while_loop1,TwoDimensionalArrayTask,Create2DArray
q_py_topic_loops:q_py_while_loop1,HandlingObjectOrientedProgramming,CallingOOPMethod
q_py_topic_loops:q_py_while_loop1,HandlingObjectOrientedProgramming,CreatingObject
q_py_topic_loops:q_py_while_loop1,HandlingObjectOrientedProgramming,DefiningClass
q_py_topic_loops:q_py_while_loop1,HandlingObjectOrientedProgramming,DefiningOOPMethod
q_py_topic_loops:q_py_while_loop1,NonNestedIteration,SingleForLoopIteration
q_py_topic_loops:q_py_while_loop1,WhileLoopWithUpdate,WhileLoopWith*=
q_py_topic_loops:q_py_while_loop1,ForLoopWithUpdate,ForLoopWith+=
q_py_topic_loops:q_py_while_loop1,ForLoopWithUpdate,ForLoopWith*=
q_py_topic_loops:q_py_while_loop1,ForLoopWithUpdate,ForLoopWithListIndexing
q_py_topic_loops:q_py_while_loop1,ArithmeticOperation,Round
q_py_topic_loops:q_py_while_loop2,HandlingAdvancedDataStructure,BinaryTreeTask
q_py_topic_loops:q_py_while_loop2,HandlingAdvancedDataStructure,LinkedListTask
q_py_topic_loops:q_py_while_loop2,HandlingAdvancedDataStructure,QueueTask
q_py_topic_loops:q_py_while_loop2,HandlingAdvancedDataStructure,StackTask
q_py_topic_loops:q_py_while_loop2,TwoDimensionalArrayTask,ReplacingElement2DArray
q_py_topic_loops:q_py_while_loop2,TwoDimensionalArrayTask,Indexing2DArray
q_py_topic_loops:q_py_while_loop2,TwoDimensionalArrayTask,Create2DArray
q_py_topic_loops:q_py_while_loop2,HandlingObjectOrientedProgramming,CallingOOPMethod
q_py_topic_loops:q_py_while_loop2,HandlingObjectOrientedProgramming,CreatingObject
q_py_topic_loops:q_py_while_loop2,HandlingObjectOrientedProgramming,DefiningClass
q_py_topic_loops:q_py_while_loop2,HandlingObjectOrientedProgramming,DefiningOOPMethod
q_py_topic_loops:q_py_while_loop2,HandlingFunctionCallingFunction,CallingFunctionCallingFunction
q_py_topic_loops:q_py_while_loop2,HandlingFunctionCallingFunction,DefiningFunctionCallingFunction
q_py_topic_loops:q_py_while_loop2,HandlingRecursiveFunction,CallingRecursiveFunction
q_py_topic_loops:q_py_while_loop2,HandlingRecursiveFunction,DefiningRecursiveFunction
q_py_topic_loops:q_py_while_loop2,HandlingNestedFunction,CallingNestedFunction
q_py_topic_loops:q_py_while_loop2,HandlingNestedFunction,DefiningNestedFunction
q_py_topic_loops:q_py_while_loop2,HandlingStandardFunction,CallingStandardFunction
q_py_topic_loops:q_py_while_loop2,HandlingStandardFunction,DefiningStandardFunction
q_py_topic_loops:q_py_while_loop2,NonNestedIteration,SingleForLoopIteration
q_py_topic_loops:q_py_while_loop2,WhileLoopWithUpdate,WhileLoopWith*=
q_py_topic_loops:q_py_while_loop2,ForLoopWithUpdate,ForLoopWith+=
q_py_topic_loops:q_py_while_loop2,ForLoopWithUpdate,ForLoopWith*=
q_py_topic_loops:q_py_while_loop2,ForLoopWithUpdate,ForLoopWithListIndexing
q_py_topic_loops:q_py_while_loop2,NestedLoopIteration,MixedNestedLoopIteration
q_py_topic_loops:q_py_while_loop2,NestedLoopIteration,NestedForLoopIteration
q_py_topic_loops:q_py_while_loop2,NestedLoopIteration,NestedWhileLoopIteration
q_py_topic_loops:q_py_while_loop2,ArithmeticOperation,Round
q_py_topic_loops:q_py_while_loop2,HandlingTuple,CreatingTuple
q_py_topic_loops:q_py_while_loop2,HandlingTuple,SlicingTuple
q_py_topic_loops:q_py_while_loop2,HandlingTuple,IndexingTuple
q_py_topic_loops:q_py_while_loop2,HandlingFloat,TransformingToFloatType
q_py_topic_loops:q_py_while_loop2,HandlingDictionary,ReplacingDictionaryElement
q_py_topic_loops:q_py_while_loop2,HandlingDictionary,IndexingDictionary
q_py_topic_loops:q_py_while_loop2,HandlingDictionary,AddingItemToDictionary
q_py_topic_loops:q_py_while_loop2,HandlingDictionary,AccessingDictionary
q_py_topic_loops:q_py_while_loop2,HandlingDictionary,CreatingDictionary
q_py_topic_loops:q_py_while_loop2,HandlingList,SlicingList
q_py_topic_loops:q_py_while_loop2,HandlingList,ListReferencing
q_py_topic_loops:q_py_while_loop2,HandlingList,ReversingList
q_py_topic_loops:q_py_while_loop2,HandlingFile,ClosingFile
q_py_topic_loops:q_py_while_loop2,HandlingFile,ReadingLine
q_py_topic_loops:q_py_while_loop2,HandlingFile,OpeningFile
q_py_topic_loops:q_py_while_loop2,HandlingString,TransformingToStringType
q_py_topic_loops:q_py_while_loop2,ModifyingStringCase,ConvertStringToUpperCase
q_py_topic_loops:q_py_while_loop2,ModifyingStringCase,ConvertStringToLowerCase
q_py_topic_loops:q_py_while_loop2,ModifyingStringCase,CapitalizeString
q_py_topic_output_formatting:q_py_output3,ManagingVariable,AssigningVariable
q_py_topic_output_formatting:q_py_output3,HandlingString,TransformingToStringType
q_py_topic_output_formatting:q_py_output4,Python,Concatenation
q_py_topic_output_formatting:q_py_output4,Python,Importing
q_py_topic_output_formatting:q_py_output4,Python,FindingLength
q_py_topic_output_formatting:q_py_output4,Python,CheckingForItem
q_py_topic_output_formatting:q_py_output4,Python,HandlingInput
q_py_topic_output_formatting:q_py_output4,CheckingCondition,IfElseChecking
q_py_topic_output_formatting:q_py_output4,CheckingCondition,AssertChecking
q_py_topic_output_formatting:q_py_output4,CheckingCondition,IfElifElseChecking
q_py_topic_output_formatting:q_py_output4,CheckingCondition,NestedIfChecking
q_py_topic_output_formatting:q_py_output4,CheckingCondition,IfChecking
q_py_topic_output_formatting:q_py_output4,CheckingCondition,IfElifChecking
q_py_topic_output_formatting:q_py_output4,CheckingCondition,BooleanEvaluating
q_py_topic_output_formatting:q_py_output4,CheckingInForLoop,IfElseCheckingInForLoop
q_py_topic_output_formatting:q_py_output4,CheckingInForLoop,IfElifCheckingInForLoop
q_py_topic_output_formatting:q_py_output4,CheckingInForLoop,IfCheckingInForLoop
q_py_topic_output_formatting:q_py_output4,CheckingInForLoop,IfElifElseCheckingInForLoop
q_py_topic_output_formatting:q_py_output4,CheckingInWhileLoop,IfElifElseCheckingInWhileLoop
q_py_topic_output_formatting:q_py_output4,CheckingInWhileLoop,IfCheckingInWhileLoop
q_py_topic_output_formatting:q_py_output4,CheckingInWhileLoop,IfElseCheckingInWhileLoop
q_py_topic_output_formatting:q_py_output4,CheckingInWhileLoop,IfElifCheckingInWhileLoop
q_py_topic_output_formatting:q_py_output4,ManagingVariable,SwappingVariablesValue
q_py_topic_output_formatting:q_py_output4,ManagingVariable,AssigningVariable
q_py_topic_output_formatting:q_py_output4,ManagingVariable,UpdatingVariable
q_py_topic_output_formatting:q_py_output4,HandlingAdvancedDataStructure,BinaryTreeTask
q_py_topic_output_formatting:q_py_output4,HandlingAdvancedDataStructure,LinkedListTask
q_py_topic_output_formatting:q_py_output4,HandlingAdvancedDataStructure,QueueTask
q_py_topic_output_formatting:q_py_output4,HandlingAdvancedDataStructure,StackTask
q_py_topic_output_formatting:q_py_output4,TwoDimensionalArrayTask,ReplacingElement2DArray
q_py_topic_output_formatting:q_py_output4,TwoDimensionalArrayTask,Indexing2DArray
q_py_topic_output_formatting:q_py_output4,TwoDimensionalArrayTask,Create2DArray
q_py_topic_output_formatting:q_py_output4,HandlingObjectOrientedProgramming,CallingOOPMethod
q_py_topic_output_formatting:q_py_output4,HandlingObjectOrientedProgramming,CreatingObject
q_py_topic_output_formatting:q_py_output4,HandlingObjectOrientedProgramming,DefiningClass
q_py_topic_output_formatting:q_py_output4,HandlingObjectOrientedProgramming,DefiningOOPMethod
q_py_topic_output_formatting:q_py_output4,HandlingFunction,CallingFunctionLibrary
q_py_topic_output_formatting:q_py_output4,HandlingFunction,NestedFunctionCall
q_py_topic_output_formatting:q_py_output4,HandlingFunctionCallingFunction,CallingFunctionCallingFunction
q_py_topic_output_formatting:q_py_output4,HandlingFunctionCallingFunction,DefiningFunctionCallingFunction
q_py_topic_output_formatting:q_py_output4,HandlingRecursiveFunction,CallingRecursiveFunction
q_py_topic_output_formatting:q_py_output4,HandlingRecursiveFunction,DefiningRecursiveFunction
q_py_topic_output_formatting:q_py_output4,HandlingNestedFunction,CallingNestedFunction
q_py_topic_output_formatting:q_py_output4,HandlingNestedFunction,DefiningNestedFunction
q_py_topic_output_formatting:q_py_output4,HandlingStandardFunction,CallingStandardFunction
q_py_topic_output_formatting:q_py_output4,HandlingStandardFunction,DefiningStandardFunction
q_py_topic_output_formatting:q_py_output4,NonNestedIteration,SingleForLoopIteration
q_py_topic_output_formatting:q_py_output4,NonNestedIteration,SingleWhileLoopIteration
q_py_topic_output_formatting:q_py_output4,WhileLoopWithUpdate,WhileLoopWithListIndexing
q_py_topic_output_formatting:q_py_output4,WhileLoopWithUpdate,WhileLoopWith*=
q_py_topic_output_formatting:q_py_output4,WhileLoopWithUpdate,WhileLoopWith+=
q_py_topic_output_formatting:q_py_output4,ForLoopWithUpdate,ForLoopWith+=
q_py_topic_output_formatting:q_py_output4,ForLoopWithUpdate,ForLoopWith*=
q_py_topic_output_formatting:q_py_output4,ForLoopWithUpdate,ForLoopWithListIndexing
q_py_topic_output_formatting:q_py_output4,NestedLoopIteration,MixedNestedLoopIteration
q_py_topic_output_formatting:q_py_output4,NestedLoopIteration,NestedForLoopIteration
q_py_topic_output_formatting:q_py_output4,NestedLoopIteration,NestedWhileLoopIteration
q_py_topic_output_formatting:q_py_output4,ArithmeticOperation,FindAbsolute
q_py_topic_output_formatting:q_py_output4,ArithmeticOperation,FindRemainder
q_py_topic_output_formatting:q_py_output4,ArithmeticOperation,FindMaximum
q_py_topic_output_formatting:q_py_output4,ArithmeticOperation,Addition
q_py_topic_output_formatting:q_py_output4,ArithmeticOperation,Round
q_py_topic_output_formatting:q_py_output4,ArithmeticOperation,Power
q_py_topic_output_formatting:q_py_output4,ArithmeticOperation,FindMinimum
q_py_topic_output_formatting:q_py_output4,ArithmeticOperation,Substraction
q_py_topic_output_formatting:q_py_output4,ArithmeticOperation,Division
q_py_topic_output_formatting:q_py_output4,ArithmeticOperation,Multiplication
q_py_topic_output_formatting:q_py_output4,HandlingInteger,TransformingToIntType
q_py_topic_output_formatting:q_py_output4,HandlingTuple,CreatingTuple
q_py_topic_output_formatting:q_py_output4,HandlingTuple,SlicingTuple
q_py_topic_output_formatting:q_py_output4,HandlingTuple,IndexingTuple
q_py_topic_output_formatting:q_py_output4,HandlingFloat,TransformingToFloatType
q_py_topic_output_formatting:q_py_output4,HandlingDictionary,ReplacingDictionaryElement
q_py_topic_output_formatting:q_py_output4,HandlingDictionary,IndexingDictionary
q_py_topic_output_formatting:q_py_output4,HandlingDictionary,AddingItemToDictionary
q_py_topic_output_formatting:q_py_output4,HandlingDictionary,AccessingDictionary
q_py_topic_output_formatting:q_py_output4,HandlingDictionary,CreatingDictionary
q_py_topic_output_formatting:q_py_output4,HandlingList,DeletingListElement
q_py_topic_output_formatting:q_py_output4,HandlingList,IndexingList
q_py_topic_output_formatting:q_py_output4,HandlingList,CreatingList
q_py_topic_output_formatting:q_py_output4,HandlingList,SlicingList
q_py_topic_output_formatting:q_py_output4,HandlingList,ReplacingListElement
q_py_topic_output_formatting:q_py_output4,HandlingList,ListReferencing
q_py_topic_output_formatting:q_py_output4,HandlingList,ReversingList
q_py_topic_output_formatting:q_py_output4,AddingListElement,AddingListElementWithInsert
q_py_topic_output_formatting:q_py_output4,AddingListElement,AddingListElementWithAppend
q_py_topic_output_formatting:q_py_output4,HandlingFile,ClosingFile
q_py_topic_output_formatting:q_py_output4,HandlingFile,ReadingLine
q_py_topic_output_formatting:q_py_output4,HandlingFile,OpeningFile
q_py_topic_output_formatting:q_py_output4,HandlingString,CreatingString
q_py_topic_output_formatting:q_py_output4,HandlingString,ReplacingStringContent
q_py_topic_output_formatting:q_py_output4,HandlingString,TransformingToStringType
q_py_topic_output_formatting:q_py_output4,HandlingString,SplittingString
q_py_topic_output_formatting:q_py_output4,HandlingString,TrimmingString
q_py_topic_output_formatting:q_py_output4,HandlingString,IndexingString
q_py_topic_output_formatting:q_py_output4,HandlingString,SlicingString
q_py_topic_output_formatting:q_py_output4,ModifyingStringCase,ConvertStringToUpperCase
q_py_topic_output_formatting:q_py_output4,ModifyingStringCase,ConvertStringToLowerCase
q_py_topic_output_formatting:q_py_output4,ModifyingStringCase,CapitalizeString
q_py_topic_output_formatting:q_py_output4,HandlingError,HandlingSpecificError
q_py_topic_output_formatting:q_py_output4,HandlingError,HandlingGeneralError
q_py_topic_references:q_py_list_int_ref1,Python,CheckingForItem
q_py_topic_references:q_py_list_int_ref1,HandlingStandardFunction,CallingStandardFunction
q_py_topic_references:q_py_list_int_ref1,HandlingStandardFunction,DefiningStandardFunction
q_py_topic_references:q_py_list_int_ref1,AddingListElement,AddingListElementWithInsert
q_py_topic_references:q_py_list_int_ref1,AddingListElement,AddingListElementWithAppend
q_py_topic_references:q_py_list_int_ref1,HandlingFile,ClosingFile
q_py_topic_references:q_py_list_int_ref1,HandlingFile,ReadingLine
q_py_topic_references:q_py_list_int_ref1,HandlingFile,OpeningFile
q_py_topic_references:q_py_list_str_ref1,HandlingFunction,NestedFunctionCall
q_py_topic_references:q_py_list_str_ref1,HandlingStandardFunction,CallingStandardFunction
q_py_topic_references:q_py_list_str_ref1,HandlingStandardFunction,DefiningStandardFunction
ae_adl_objects3,HandlingStandardFunction,CallingStandardFunction
ae_adl_objects3,HandlingStandardFunction,DefiningStandardFunction
ae_python_float,Python,Importing
ae_python_if,Python,Concatenation
ae_python_if,Python,Importing
ae_python_if,Python,FindingLength
ae_python_if,Python,CheckingForItem
ae_python_if,CheckingCondition,AssertChecking
ae_python_if,CheckingCondition,IfElifElseChecking
ae_python_if,CheckingCondition,NestedIfChecking
ae_python_if,CheckingCondition,IfChecking
ae_python_if,CheckingCondition,IfElifChecking
ae_python_if,CheckingCondition,BooleanEvaluating
ae_python_if,CheckingInForLoop,IfElseCheckingInForLoop
ae_python_if,CheckingInForLoop,IfElifCheckingInForLoop
ae_python_if,CheckingInForLoop,IfCheckingInForLoop
ae_python_if,CheckingInForLoop,IfElifElseCheckingInForLoop
ae_python_if,CheckingInWhileLoop,IfElifElseCheckingInWhileLoop
ae_python_if,CheckingInWhileLoop,IfCheckingInWhileLoop
ae_python_if,CheckingInWhileLoop,IfElseCheckingInWhileLoop
ae_python_if,CheckingInWhileLoop,IfElifCheckingInWhileLoop
ae_python_if,ManagingVariable,SwappingVariablesValue
ae_python_if,ManagingVariable,AssigningVariable
ae_python_if,ManagingVariable,UpdatingVariable
ae_python_if,HandlingAdvancedDataStructure,BinaryTreeTask
ae_python_if,HandlingAdvancedDataStructure,LinkedListTask
ae_python_if,HandlingAdvancedDataStructure,QueueTask
ae_python_if,HandlingAdvancedDataStructure,StackTask
ae_python_if,TwoDimensionalArrayTask,ReplacingElement2DArray
ae_python_if,TwoDimensionalArrayTask,Indexing2DArray
ae_python_if,TwoDimensionalArrayTask,Create2DArray
ae_python_if,HandlingObjectOrientedProgramming,CallingOOPMethod
ae_python_if,HandlingObjectOrientedProgramming,CreatingObject
ae_python_if,HandlingObjectOrientedProgramming,DefiningClass
ae_python_if,HandlingObjectOrientedProgramming,DefiningOOPMethod
ae_python_if,HandlingFunction,NestedFunctionCall
ae_python_if,HandlingFunctionCallingFunction,CallingFunctionCallingFunction
ae_python_if,HandlingFunctionCallingFunction,DefiningFunctionCallingFunction
ae_python_if,HandlingRecursiveFunction,CallingRecursiveFunction
ae_python_if,HandlingRecursiveFunction,DefiningRecursiveFunction
ae_python_if,HandlingNestedFunction,CallingNestedFunction
ae_python_if,HandlingNestedFunction,DefiningNestedFunction
ae_python_if,HandlingStandardFunction,CallingStandardFunction
ae_python_if,HandlingStandardFunction,DefiningStandardFunction
ae_python_if,NonNestedIteration,SingleForLoopIteration
ae_python_if,NonNestedIteration,SingleWhileLoopIteration
ae_python_if,WhileLoopWithUpdate,WhileLoopWithListIndexing
ae_python_if,WhileLoopWithUpdate,WhileLoopWith*=
ae_python_if,WhileLoopWithUpdate,WhileLoopWith+=
ae_python_if,ForLoopWithUpdate,ForLoopWith+=
ae_python_if,ForLoopWithUpdate,ForLoopWith*=
ae_python_if,ForLoopWithUpdate,ForLoopWithListIndexing
ae_python_if,NestedLoopIteration,MixedNestedLoopIteration
ae_python_if,NestedLoopIteration,NestedForLoopIteration
ae_python_if,NestedLoopIteration,NestedWhileLoopIteration
ae_python_if,ArithmeticOperation,FindAbsolute
ae_python_if,ArithmeticOperation,FindRemainder
ae_python_if,ArithmeticOperation,FindMaximum
ae_python_if,ArithmeticOperation,Addition
ae_python_if,ArithmeticOperation,Round
ae_python_if,ArithmeticOperation,Power
ae_python_if,ArithmeticOperation,FindMinimum
ae_python_if,ArithmeticOperation,Substraction
ae_python_if,ArithmeticOperation,Division
ae_python_if,ArithmeticOperation,Multiplication
ae_python_if,HandlingInteger,TransformingToIntType
ae_python_if,HandlingTuple,CreatingTuple
ae_python_if,HandlingTuple,SlicingTuple
ae_python_if,HandlingTuple,IndexingTuple
ae_python_if,HandlingFloat,TransformingToFloatType
ae_python_if,HandlingDictionary,ReplacingDictionaryElement
ae_python_if,HandlingDictionary,IndexingDictionary
ae_python_if,HandlingDictionary,AddingItemToDictionary
ae_python_if,HandlingDictionary,AccessingDictionary
ae_python_if,HandlingDictionary,CreatingDictionary
ae_python_if,HandlingList,DeletingListElement
ae_python_if,HandlingList,IndexingList
ae_python_if,HandlingList,CreatingList
ae_python_if,HandlingList,SlicingList
ae_python_if,HandlingList,ReplacingListElement
ae_python_if,HandlingList,ListReferencing
ae_python_if,HandlingList,ReversingList
ae_python_if,AddingListElement,AddingListElementWithInsert
ae_python_if,AddingListElement,AddingListElementWithAppend
ae_python_if,HandlingFile,ClosingFile
ae_python_if,HandlingFile,ReadingLine
ae_python_if,HandlingFile,OpeningFile
ae_python_if,HandlingString,CreatingString
ae_python_if,HandlingString,ReplacingStringContent
ae_python_if,HandlingString,FormattingString
ae_python_if,HandlingString,TransformingToStringType
ae_python_if,HandlingString,SplittingString
ae_python_if,HandlingString,TrimmingString
ae_python_if,HandlingString,IndexingString
ae_python_if,HandlingString,SlicingString
ae_python_if,ModifyingStringCase,ConvertStringToUpperCase
ae_python_if,ModifyingStringCase,ConvertStringToLowerCase
ae_python_if,ModifyingStringCase,CapitalizeString
ae_python_if,HandlingError,HandlingSpecificError
ae_python_if,HandlingError,HandlingGeneralError
ae_python_while,Python,Concatenation
ae_python_while,Python,FindingLength
ae_python_while,CheckingCondition,AssertChecking
ae_python_while,CheckingCondition,IfElifChecking
ae_python_while,CheckingInForLoop,IfElseCheckingInForLoop
ae_python_while,CheckingInForLoop,IfElifCheckingInForLoop
ae_python_while,CheckingInForLoop,IfCheckingInForLoop
ae_python_while,CheckingInForLoop,IfElifElseCheckingInForLoop
ae_python_while,ManagingVariable,SwappingVariablesValue
ae_python_while,HandlingAdvancedDataStructure,BinaryTreeTask
ae_python_while,HandlingAdvancedDataStructure,LinkedListTask
ae_python_while,HandlingAdvancedDataStructure,QueueTask
ae_python_while,HandlingAdvancedDataStructure,StackTask
ae_python_while,TwoDimensionalArrayTask,ReplacingElement2DArray
ae_python_while,TwoDimensionalArrayTask,Indexing2DArray
ae_python_while,TwoDimensionalArrayTask,Create2DArray
ae_python_while,HandlingObjectOrientedProgramming,CallingOOPMethod
ae_python_while,HandlingObjectOrientedProgramming,CreatingObject
ae_python_while,HandlingObjectOrientedProgramming,DefiningClass
ae_python_while,HandlingObjectOrientedProgramming,DefiningOOPMethod
ae_python_while,HandlingFunction,NestedFunctionCall
ae_python_while,HandlingFunctionCallingFunction,CallingFunctionCallingFunction
ae_python_while,HandlingFunctionCallingFunction,DefiningFunctionCallingFunction
ae_python_while,HandlingRecursiveFunction,CallingRecursiveFunction
ae_python_while,HandlingRecursiveFunction,DefiningRecursiveFunction
ae_python_while,HandlingNestedFunction,CallingNestedFunction
ae_python_while,HandlingNestedFunction,DefiningNestedFunction
ae_python_while,HandlingStandardFunction,CallingStandardFunction
ae_python_while,HandlingStandardFunction,DefiningStandardFunction
ae_python_while,NonNestedIteration,SingleForLoopIteration
ae_python_while,WhileLoopWithUpdate,WhileLoopWithListIndexing
ae_python_while,WhileLoopWithUpdate,WhileLoopWith*=
ae_python_while,WhileLoopWithUpdate,WhileLoopWith+=
ae_python_while,ForLoopWithUpdate,ForLoopWith+=
ae_python_while,ForLoopWithUpdate,ForLoopWith*=
ae_python_while,ForLoopWithUpdate,ForLoopWithListIndexing
ae_python_while,NestedLoopIteration,MixedNestedLoopIteration
ae_python_while,NestedLoopIteration,NestedForLoopIteration
ae_python_while,NestedLoopIteration,NestedWhileLoopIteration
ae_python_while,ArithmeticOperation,FindAbsolute
ae_python_while,ArithmeticOperation,FindRemainder
ae_python_while,ArithmeticOperation,FindMaximum
ae_python_while,ArithmeticOperation,Addition
ae_python_while,ArithmeticOperation,Round
ae_python_while,ArithmeticOperation,Power
ae_python_while,ArithmeticOperation,FindMinimum
ae_python_while,ArithmeticOperation,Substraction
ae_python_while,ArithmeticOperation,Division
ae_python_while,ArithmeticOperation,Multiplication
ae_python_while,HandlingTuple,CreatingTuple
ae_python_while,HandlingTuple,SlicingTuple
ae_python_while,HandlingTuple,IndexingTuple
ae_python_while,HandlingFloat,TransformingToFloatType
ae_python_while,HandlingDictionary,ReplacingDictionaryElement
ae_python_while,HandlingDictionary,IndexingDictionary
ae_python_while,HandlingDictionary,AddingItemToDictionary
ae_python_while,HandlingDictionary,AccessingDictionary
ae_python_while,HandlingDictionary,CreatingDictionary
ae_python_while,HandlingList,DeletingListElement
ae_python_while,HandlingList,IndexingList
ae_python_while,HandlingList,CreatingList
ae_python_while,HandlingList,SlicingList
ae_python_while,HandlingList,ReplacingListElement
ae_python_while,HandlingList,ListReferencing
ae_python_while,HandlingList,ReversingList
ae_python_while,AddingListElement,AddingListElementWithInsert
ae_python_while,AddingListElement,AddingListElementWithAppend
ae_python_while,HandlingFile,ClosingFile
ae_python_while,HandlingFile,ReadingLine
ae_python_while,HandlingFile,OpeningFile
ae_python_while,HandlingString,CreatingString
ae_python_while,HandlingString,ReplacingStringContent
ae_python_while,HandlingString,FormattingString
ae_python_while,HandlingString,TransformingToStringType
ae_python_while,HandlingString,SplittingString
ae_python_while,HandlingString,TrimmingString
ae_python_while,HandlingString,IndexingString
ae_python_while,HandlingString,SlicingString
ae_python_while,ModifyingStringCase,ConvertStringToUpperCase
ae_python_while,ModifyingStringCase,ConvertStringToLowerCase
ae_python_while,ModifyingStringCase,CapitalizeString
ae_python_while,HandlingError,HandlingSpecificError
ae_python_while,HandlingError,HandlingGeneralError
ae_python_function,Python,Importing
ae_python_function,Python,CheckingForItem
ae_python_function,CheckingCondition,AssertChecking
ae_python_function,CheckingCondition,IfElifChecking
ae_python_function,CheckingCondition,BooleanEvaluating
ae_python_function,CheckingInForLoop,IfElseCheckingInForLoop
ae_python_function,CheckingInForLoop,IfElifCheckingInForLoop
ae_python_function,CheckingInForLoop,IfCheckingInForLoop
ae_python_function,CheckingInForLoop,IfElifElseCheckingInForLoop
ae_python_function,CheckingInWhileLoop,IfElifElseCheckingInWhileLoop
ae_python_function,CheckingInWhileLoop,IfCheckingInWhileLoop
ae_python_function,CheckingInWhileLoop,IfElseCheckingInWhileLoop
ae_python_function,CheckingInWhileLoop,IfElifCheckingInWhileLoop
ae_python_function,ManagingVariable,AssigningVariable
ae_python_function,ManagingVariable,UpdatingVariable
ae_python_function,HandlingAdvancedDataStructure,BinaryTreeTask
ae_python_function,HandlingAdvancedDataStructure,LinkedListTask
ae_python_function,HandlingAdvancedDataStructure,QueueTask
ae_python_function,HandlingAdvancedDataStructure,StackTask
ae_python_function,TwoDimensionalArrayTask,ReplacingElement2DArray
ae_python_function,TwoDimensionalArrayTask,Indexing2DArray
ae_python_function,TwoDimensionalArrayTask,Create2DArray
ae_python_function,HandlingObjectOrientedProgramming,CallingOOPMethod
ae_python_function,HandlingObjectOrientedProgramming,CreatingObject
ae_python_function,HandlingObjectOrientedProgramming,DefiningClass
ae_python_function,HandlingObjectOrientedProgramming,DefiningOOPMethod
ae_python_function,HandlingFunction,CallingFunctionLibrary
ae_python_function,HandlingFunctionCallingFunction,DefiningFunctionCallingFunction
ae_python_function,HandlingStandardFunction,CallingStandardFunction
ae_python_function,HandlingStandardFunction,DefiningStandardFunction
ae_python_function,NonNestedIteration,SingleForLoopIteration
ae_python_function,NonNestedIteration,SingleWhileLoopIteration
ae_python_function,WhileLoopWithUpdate,WhileLoopWithListIndexing
ae_python_function,WhileLoopWithUpdate,WhileLoopWith*=
ae_python_function,WhileLoopWithUpdate,WhileLoopWith+=
ae_python_function,ForLoopWithUpdate,ForLoopWith+=
ae_python_function,ForLoopWithUpdate,ForLoopWith*=
ae_python_function,ForLoopWithUpdate,ForLoopWithListIndexing
ae_python_function,NestedLoopIteration,MixedNestedLoopIteration
ae_python_function,NestedLoopIteration,NestedForLoopIteration
ae_python_function,NestedLoopIteration,NestedWhileLoopIteration
ae_python_function,ArithmeticOperation,FindAbsolute
ae_python_function,ArithmeticOperation,FindRemainder
ae_python_function,ArithmeticOperation,FindMaximum
ae_python_function,ArithmeticOperation,Addition
ae_python_function,ArithmeticOperation,Round
ae_python_function,ArithmeticOperation,Power
ae_python_function,ArithmeticOperation,FindMinimum
ae_python_function,ArithmeticOperation,Substraction
ae_python_function,ArithmeticOperation,Division
ae_python_function,ArithmeticOperation,Multiplication
ae_python_function,HandlingInteger,TransformingToIntType
ae_python_function,HandlingTuple,CreatingTuple
ae_python_function,HandlingTuple,SlicingTuple
ae_python_function,HandlingTuple,IndexingTuple
ae_python_function,HandlingFloat,TransformingToFloatType
ae_python_function,HandlingDictionary,ReplacingDictionaryElement
ae_python_function,HandlingDictionary,IndexingDictionary
ae_python_function,HandlingDictionary,AddingItemToDictionary
ae_python_function,HandlingDictionary,AccessingDictionary
ae_python_function,HandlingDictionary,CreatingDictionary
ae_python_function,HandlingList,DeletingListElement
ae_python_function,HandlingList,IndexingList
ae_python_function,HandlingList,CreatingList
ae_python_function,HandlingList,SlicingList
ae_python_function,HandlingList,ReplacingListElement
ae_python_function,HandlingList,ListReferencing
ae_python_function,HandlingList,ReversingList
ae_python_function,AddingListElement,AddingListElementWithInsert
ae_python_function,AddingListElement,AddingListElementWithAppend
ae_python_function,HandlingFile,ClosingFile
ae_python_function,HandlingFile,ReadingLine
ae_python_function,HandlingFile,OpeningFile
ae_python_function,HandlingString,CreatingString
ae_python_function,HandlingString,ReplacingStringContent
ae_python_function,HandlingString,FormattingString
ae_python_function,HandlingString,TransformingToStringType
ae_python_function,HandlingString,SplittingString
ae_python_function,HandlingString,TrimmingString
ae_python_function,HandlingString,IndexingString
ae_python_function,HandlingString,SlicingString
ae_python_function,ModifyingStringCase,ConvertStringToUpperCase
ae_python_function,ModifyingStringCase,ConvertStringToLowerCase
ae_python_function,ModifyingStringCase,CapitalizeString
ae_python_function,HandlingError,HandlingSpecificError
ae_python_function,HandlingError,HandlingGeneralError
ae_python_split,HandlingObjectOrientedProgramming,CreatingObject
ae_python_split,HandlingObjectOrientedProgramming,DefiningClass
ae_python_split,HandlingObjectOrientedProgramming,DefiningOOPMethod
ae_python_split,HandlingFunction,CallingFunctionLibrary
ae_python_split,HandlingFunction,NestedFunctionCall
ae_python_split,HandlingFunctionCallingFunction,CallingFunctionCallingFunction
ae_python_split,HandlingFunctionCallingFunction,DefiningFunctionCallingFunction
ae_python_split,HandlingRecursiveFunction,CallingRecursiveFunction
ae_python_split,HandlingRecursiveFunction,DefiningRecursiveFunction
ae_python_split,HandlingNestedFunction,CallingNestedFunction
ae_python_split,HandlingNestedFunction,DefiningNestedFunction
ae_python_split,HandlingStandardFunction,CallingStandardFunction
ae_python_split,HandlingStandardFunction,DefiningStandardFunction
ae_python_split,NonNestedIteration,SingleForLoopIteration
ae_python_split,NonNestedIteration,SingleWhileLoopIteration
ae_python_split,WhileLoopWithUpdate,WhileLoopWithListIndexing
ae_python_split,WhileLoopWithUpdate,WhileLoopWith*=
ae_python_split,WhileLoopWithUpdate,WhileLoopWith+=
ae_python_split,ForLoopWithUpdate,ForLoopWith+=
ae_python_split,ForLoopWithUpdate,ForLoopWith*=
ae_python_split,ForLoopWithUpdate,ForLoopWithListIndexing
ae_python_split,NestedLoopIteration,MixedNestedLoopIteration
ae_python_split,NestedLoopIteration,NestedForLoopIteration
ae_python_split,NestedLoopIteration,NestedWhileLoopIteration
ae_python_split,ArithmeticOperation,FindAbsolute
ae_python_split,ArithmeticOperation,FindRemainder
ae_python_split,ArithmeticOperation,FindMaximum
ae_python_split,ArithmeticOperation,Addition
ae_python_split,ArithmeticOperation,Round
ae_python_split,ArithmeticOperation,Power
ae_python_split,ArithmeticOperation,FindMinimum
ae_python_split,ArithmeticOperation,Substraction
ae_python_split,ArithmeticOperation,Division
ae_python_split,ArithmeticOperation,Multiplication
ae_python_split,HandlingInteger,TransformingToIntType
ae_python_split,HandlingTuple,CreatingTuple
ae_python_split,HandlingTuple,SlicingTuple
ae_python_split,HandlingTuple,IndexingTuple
ae_python_split,HandlingFloat,TransformingToFloatType
ae_python_split,HandlingDictionary,ReplacingDictionaryElement
ae_python_split,HandlingDictionary,IndexingDictionary
ae_python_split,HandlingDictionary,AddingItemToDictionary
ae_python_split,HandlingDictionary,AccessingDictionary
ae_python_split,HandlingDictionary,CreatingDictionary
ae_python_split,HandlingList,DeletingListElement
ae_python_split,HandlingList,IndexingList
ae_python_split,HandlingList,CreatingList
ae_python_split,HandlingList,SlicingList
ae_python_split,HandlingList,ReplacingListElement
ae_python_split,HandlingList,ListReferencing
ae_python_split,HandlingList,ReversingList
ae_python_split,AddingListElement,AddingListElementWithInsert
ae_python_split,AddingListElement,AddingListElementWithAppend
ae_python_split,HandlingFile,ClosingFile
ae_python_split,HandlingFile,ReadingLine
ae_python_split,HandlingFile,OpeningFile
ae_python_split,HandlingString,CreatingString
ae_python_split,HandlingString,ReplacingStringContent
ae_python_split,HandlingString,FormattingString
ae_python_split,HandlingString,TransformingToStringType
ae_python_split,HandlingString,SplittingString
ae_python_split,HandlingString,TrimmingString
ae_python_split,HandlingString,IndexingString
ae_python_split,HandlingString,SlicingString
ae_python_split,ModifyingStringCase,ConvertStringToUpperCase
ae_python_split,ModifyingStringCase,ConvertStringToLowerCase
ae_python_split,ModifyingStringCase,CapitalizeString
ae_python_split,HandlingError,HandlingSpecificError
ae_python_split,HandlingError,HandlingGeneralError
ae_python_file,Python,Concatenation
ae_python_file,Python,FindingLength
ae_python_file,Python,CheckingForItem
ae_python_file,Python,HandlingInput
ae_python_file,CheckingCondition,IfElseChecking
ae_python_file,CheckingCondition,AssertChecking
ae_python_file,CheckingCondition,IfElifElseChecking
ae_python_file,CheckingCondition,NestedIfChecking
ae_python_file,CheckingCondition,IfElifChecking
ae_python_file,CheckingCondition,BooleanEvaluating
ae_python_file,CheckingInForLoop,IfElseCheckingInForLoop
ae_python_file,CheckingInForLoop,IfElifCheckingInForLoop
ae_python_file,CheckingInForLoop,IfCheckingInForLoop
ae_python_file,CheckingInForLoop,IfElifElseCheckingInForLoop
ae_python_file,CheckingInWhileLoop,IfElifElseCheckingInWhileLoop
ae_python_file,CheckingInWhileLoop,IfCheckingInWhileLoop
ae_python_file,CheckingInWhileLoop,IfElseCheckingInWhileLoop
ae_python_file,CheckingInWhileLoop,IfElifCheckingInWhileLoop
ae_python_file,ManagingVariable,SwappingVariablesValue
ae_python_file,HandlingAdvancedDataStructure,BinaryTreeTask
ae_python_file,HandlingAdvancedDataStructure,LinkedListTask
ae_python_file,HandlingAdvancedDataStructure,QueueTask
ae_python_file,HandlingAdvancedDataStructure,StackTask
ae_python_file,TwoDimensionalArrayTask,ReplacingElement2DArray
ae_python_file,TwoDimensionalArrayTask,Indexing2DArray
ae_python_file,TwoDimensionalArrayTask,Create2DArray
ae_python_file,HandlingObjectOrientedProgramming,CallingOOPMethod
ae_python_file,HandlingObjectOrientedProgramming,CreatingObject
ae_python_file,HandlingObjectOrientedProgramming,DefiningClass
ae_python_file,HandlingObjectOrientedProgramming,DefiningOOPMethod
ae_python_file,HandlingFunction,NestedFunctionCall
ae_python_file,HandlingFunctionCallingFunction,CallingFunctionCallingFunction
ae_python_file,HandlingFunctionCallingFunction,DefiningFunctionCallingFunction
ae_python_file,HandlingRecursiveFunction,CallingRecursiveFunction
ae_python_file,HandlingRecursiveFunction,DefiningRecursiveFunction
ae_python_file,HandlingNestedFunction,CallingNestedFunction
ae_python_file,HandlingNestedFunction,DefiningNestedFunction
ae_python_file,HandlingStandardFunction,CallingStandardFunction
ae_python_file,HandlingStandardFunction,DefiningStandardFunction
ae_python_file,NonNestedIteration,SingleWhileLoopIteration
ae_python_file,WhileLoopWithUpdate,WhileLoopWithListIndexing
ae_python_file,WhileLoopWithUpdate,WhileLoopWith*=
ae_python_file,WhileLoopWithUpdate,WhileLoopWith+=
ae_python_file,ForLoopWithUpdate,ForLoopWith+=
ae_python_file,ForLoopWithUpdate,ForLoopWith*=
ae_python_file,ForLoopWithUpdate,ForLoopWithListIndexing
ae_python_file,NestedLoopIteration,MixedNestedLoopIteration
ae_python_file,NestedLoopIteration,NestedForLoopIteration
ae_python_file,NestedLoopIteration,NestedWhileLoopIteration
ae_python_file,ArithmeticOperation,FindAbsolute
ae_python_file,ArithmeticOperation,FindRemainder
ae_python_file,ArithmeticOperation,FindMaximum
ae_python_file,ArithmeticOperation,Addition
ae_python_file,ArithmeticOperation,Round
ae_python_file,ArithmeticOperation,Power
ae_python_file,ArithmeticOperation,FindMinimum
ae_python_file,ArithmeticOperation,Substraction
ae_python_file,ArithmeticOperation,Division
ae_python_file,ArithmeticOperation,Multiplication
ae_python_file,HandlingTuple,CreatingTuple
ae_python_file,HandlingTuple,SlicingTuple
ae_python_file,HandlingTuple,IndexingTuple
ae_python_file,HandlingFloat,TransformingToFloatType
ae_python_file,HandlingDictionary,ReplacingDictionaryElement
ae_python_file,HandlingDictionary,IndexingDictionary
ae_python_file,HandlingDictionary,AddingItemToDictionary
ae_python_file,HandlingDictionary,AccessingDictionary
ae_python_file,HandlingDictionary,CreatingDictionary
ae_python_file,HandlingList,DeletingListElement
ae_python_file,HandlingList,IndexingList
ae_python_file,HandlingList,CreatingList
ae_python_file,HandlingList,SlicingList
ae_python_file,HandlingList,ReplacingListElement
ae_python_file,HandlingList,ListReferencing
ae_python_file,HandlingList,ReversingList
ae_python_file,AddingListElement,AddingListElementWithInsert
ae_python_file,AddingListElement,AddingListElementWithAppend
ae_python_file,HandlingString,CreatingString
ae_python_file,HandlingString,ReplacingStringContent
ae_python_file,HandlingString,FormattingString
ae_python_file,HandlingString,TransformingToStringType
ae_python_file,HandlingString,SlicingString
ae_python_file,ModifyingStringCase,ConvertStringToUpperCase
ae_python_file,ModifyingStringCase,ConvertStringToLowerCase
ae_python_file,ModifyingStringCase,CapitalizeString
ae_python_file,HandlingError,HandlingSpecificError
ae_python_file,HandlingError,HandlingGeneralError
ae_python_class1,HandlingStandardFunction,CallingStandardFunction
ae_python_class1,NonNestedIteration,SingleForLoopIteration
ae_python_class1,NonNestedIteration,SingleWhileLoopIteration
ae_python_class1,WhileLoopWithUpdate,WhileLoopWithListIndexing
ae_python_class1,WhileLoopWithUpdate,WhileLoopWith*=
ae_python_class1,WhileLoopWithUpdate,WhileLoopWith+=
ae_python_class1,ForLoopWithUpdate,ForLoopWith+=
ae_python_class1,ForLoopWithUpdate,ForLoopWith*=
ae_python_class1,ForLoopWithUpdate,ForLoopWithListIndexing
ae_python_class1,NestedLoopIteration,MixedNestedLoopIteration
ae_python_class1,NestedLoopIteration,NestedForLoopIteration
ae_python_class1,NestedLoopIteration,NestedWhileLoopIteration
ae_python_class1,ArithmeticOperation,FindAbsolute
ae_python_class1,ArithmeticOperation,FindRemainder
ae_python_class1,ArithmeticOperation,FindMaximum
ae_python_class1,ArithmeticOperation,Addition
ae_python_class1,ArithmeticOperation,Round
ae_python_class1,ArithmeticOperation,Power
ae_python_class1,ArithmeticOperation,FindMinimum
ae_python_class1,ArithmeticOperation,Substraction
ae_python_class1,ArithmeticOperation,Division
ae_python_class1,ArithmeticOperation,Multiplication
ae_python_class1,HandlingInteger,TransformingToIntType
ae_python_class1,HandlingTuple,CreatingTuple
ae_python_class1,HandlingTuple,SlicingTuple
ae_python_class1,HandlingTuple,IndexingTuple
ae_python_class1,HandlingFloat,TransformingToFloatType
ae_python_class1,HandlingDictionary,ReplacingDictionaryElement
ae_python_class1,HandlingDictionary,IndexingDictionary
ae_python_class1,HandlingDictionary,AddingItemToDictionary
ae_python_class1,HandlingDictionary,AccessingDictionary
ae_python_class1,HandlingDictionary,CreatingDictionary
ae_python_class1,HandlingList,DeletingListElement
ae_python_class1,HandlingList,IndexingList
ae_python_class1,HandlingList,CreatingList
ae_python_class1,HandlingList,SlicingList
ae_python_class1,HandlingList,ReplacingListElement
ae_python_class1,HandlingList,ListReferencing
ae_python_class1,HandlingList,ReversingList
ae_python_class1,AddingListElement,AddingListElementWithInsert
ae_python_class1,AddingListElement,AddingListElementWithAppend
ae_python_class1,HandlingFile,ClosingFile
ae_python_class1,HandlingFile,ReadingLine
ae_python_class1,HandlingFile,OpeningFile
ae_python_class1,HandlingString,CreatingString
ae_python_class1,HandlingString,ReplacingStringContent
ae_python_class1,HandlingString,FormattingString
ae_python_class1,HandlingString,TransformingToStringType
ae_python_class1,HandlingString,SplittingString
ae_python_class1,HandlingString,TrimmingString
ae_python_class1,HandlingString,IndexingString
ae_python_class1,HandlingString,SlicingString
ae_python_class1,ModifyingStringCase,ConvertStringToUpperCase
ae_python_class1,ModifyingStringCase,ConvertStringToLowerCase
ae_python_class1,ModifyingStringCase,CapitalizeString
ae_python_class1,HandlingError,HandlingSpecificError
ae_python_class1,HandlingError,HandlingGeneralError
ae_python_class2,Python,HandlingInput
ae_python_class2,CheckingCondition,AssertChecking
ae_python_class2,CheckingCondition,BooleanEvaluating
ae_python_class2,CheckingInForLoop,IfElseCheckingInForLoop
ae_python_class2,CheckingInForLoop,IfElifCheckingInForLoop
ae_python_class2,CheckingInForLoop,IfCheckingInForLoop
ae_python_class2,CheckingInForLoop,IfElifElseCheckingInForLoop
ae_python_class2,CheckingInWhileLoop,IfElifElseCheckingInWhileLoop
ae_python_class2,CheckingInWhileLoop,IfCheckingInWhileLoop
ae_python_class2,CheckingInWhileLoop,IfElseCheckingInWhileLoop
ae_python_class2,CheckingInWhileLoop,IfElifCheckingInWhileLoop
ae_python_class2,ManagingVariable,SwappingVariablesValue
ae_python_class2,ManagingVariable,AssigningVariable
ae_python_class2,HandlingAdvancedDataStructure,BinaryTreeTask
ae_python_class2,HandlingAdvancedDataStructure,LinkedListTask
ae_python_class2,HandlingAdvancedDataStructure,QueueTask
ae_python_class2,HandlingAdvancedDataStructure,StackTask
ae_python_class2,TwoDimensionalArrayTask,ReplacingElement2DArray
ae_python_class2,TwoDimensionalArrayTask,Indexing2DArray
ae_python_class2,TwoDimensionalArrayTask,Create2DArray
ae_python_class2,HandlingFunctionCallingFunction,DefiningFunctionCallingFunction
ae_python_class2,HandlingStandardFunction,CallingStandardFunction
ae_python_class2,HandlingStandardFunction,DefiningStandardFunction
ae_adl_vals_refs1,Python,FindingLength
ae_adl_vals_refs1,Python,CheckingForItem
ae_adl_vals_refs1,Python,HandlingInput
ae_adl_vals_refs1,CheckingCondition,AssertChecking
ae_adl_vals_refs1,CheckingCondition,IfElifChecking
ae_adl_vals_refs1,CheckingInForLoop,IfElseCheckingInForLoop
ae_adl_vals_refs1,CheckingInForLoop,IfElifCheckingInForLoop
ae_adl_vals_refs1,CheckingInForLoop,IfElifElseCheckingInForLoop
ae_adl_vals_refs1,CheckingInWhileLoop,IfElifElseCheckingInWhileLoop
ae_adl_vals_refs1,CheckingInWhileLoop,IfElseCheckingInWhileLoop
ae_adl_vals_refs1,CheckingInWhileLoop,IfElifCheckingInWhileLoop
ae_adl_vals_refs1,HandlingAdvancedDataStructure,BinaryTreeTask
ae_adl_vals_refs1,HandlingAdvancedDataStructure,LinkedListTask
ae_adl_vals_refs1,HandlingAdvancedDataStructure,QueueTask
ae_adl_vals_refs1,HandlingAdvancedDataStructure,StackTask
ae_adl_vals_refs1,TwoDimensionalArrayTask,ReplacingElement2DArray
ae_adl_vals_refs1,TwoDimensionalArrayTask,Indexing2DArray
ae_adl_vals_refs1,TwoDimensionalArrayTask,Create2DArray
ae_adl_vals_refs1,HandlingObjectOrientedProgramming,CallingOOPMethod
ae_adl_vals_refs1,HandlingObjectOrientedProgramming,CreatingObject
ae_adl_vals_refs1,HandlingObjectOrientedProgramming,DefiningClass
ae_adl_vals_refs1,HandlingObjectOrientedProgramming,DefiningOOPMethod
ae_adl_vals_refs1,HandlingRecursiveFunction,CallingRecursiveFunction
ae_adl_vals_refs1,HandlingRecursiveFunction,DefiningRecursiveFunction
ae_adl_vals_refs1,HandlingNestedFunction,CallingNestedFunction
ae_adl_vals_refs1,HandlingNestedFunction,DefiningNestedFunction
ae_adl_vals_refs1,HandlingStandardFunction,CallingStandardFunction
ae_adl_vals_refs1,HandlingStandardFunction,DefiningStandardFunction
ae_adl_vals_refs1,WhileLoopWithUpdate,WhileLoopWithListIndexing
ae_adl_vals_refs1,WhileLoopWithUpdate,WhileLoopWith*=
ae_adl_vals_refs1,WhileLoopWithUpdate,WhileLoopWith+=
ae_adl_vals_refs1,ForLoopWithUpdate,ForLoopWith+=
ae_adl_vals_refs1,ForLoopWithUpdate,ForLoopWith*=
ae_adl_vals_refs1,ForLoopWithUpdate,ForLoopWithListIndexing
ae_adl_vals_refs1,NestedLoopIteration,MixedNestedLoopIteration
ae_adl_vals_refs1,NestedLoopIteration,NestedForLoopIteration
ae_adl_vals_refs1,NestedLoopIteration,NestedWhileLoopIteration
ae_adl_vals_refs1,ArithmeticOperation,FindAbsolute
ae_adl_vals_refs1,ArithmeticOperation,FindRemainder
ae_adl_vals_refs1,ArithmeticOperation,FindMaximum
ae_adl_vals_refs1,ArithmeticOperation,Addition
ae_adl_vals_refs1,ArithmeticOperation,Round
ae_adl_vals_refs1,ArithmeticOperation,Power
ae_adl_vals_refs1,ArithmeticOperation,FindMinimum
ae_adl_vals_refs1,ArithmeticOperation,Substraction
ae_adl_vals_refs1,ArithmeticOperation,Division
ae_adl_vals_refs1,ArithmeticOperation,Multiplication
ae_adl_vals_refs1,HandlingTuple,CreatingTuple
ae_adl_vals_refs1,HandlingTuple,SlicingTuple
ae_adl_vals_refs1,HandlingTuple,IndexingTuple
ae_adl_vals_refs1,HandlingFloat,TransformingToFloatType
ae_adl_vals_refs1,HandlingDictionary,ReplacingDictionaryElement
ae_adl_vals_refs1,HandlingDictionary,IndexingDictionary
ae_adl_vals_refs1,HandlingDictionary,AddingItemToDictionary
ae_adl_vals_refs1,HandlingDictionary,AccessingDictionary
ae_adl_vals_refs1,HandlingDictionary,CreatingDictionary
ae_adl_vals_refs1,HandlingList,DeletingListElement
ae_adl_vals_refs1,HandlingList,SlicingList
ae_adl_vals_refs1,HandlingList,ListReferencing
ae_adl_vals_refs1,HandlingList,ReversingList
ae_adl_vals_refs1,AddingListElement,AddingListElementWithInsert
ae_adl_vals_refs1,AddingListElement,AddingListElementWithAppend
ae_adl_vals_refs1,HandlingFile,ClosingFile
ae_adl_vals_refs1,HandlingFile,ReadingLine
ae_adl_vals_refs1,HandlingFile,OpeningFile
ae_adl_vals_refs1,HandlingString,ReplacingStringContent
ae_adl_vals_refs1,HandlingString,TransformingToStringType
ae_adl_vals_refs1,HandlingString,SplittingString
ae_adl_vals_refs1,HandlingString,TrimmingString
ae_adl_vals_refs1,HandlingString,IndexingString
ae_adl_vals_refs1,HandlingString,SlicingString
ae_adl_vals_refs1,ModifyingStringCase,ConvertStringToUpperCase
ae_adl_vals_refs1,ModifyingStringCase,ConvertStringToLowerCase
ae_adl_vals_refs1,ModifyingStringCase,CapitalizeString
ae_adl_vals_refs2,HandlingFunction,NestedFunctionCall
ae_adl_vals_refs2,HandlingFunctionCallingFunction,DefiningFunctionCallingFunction
ae_adl_vals_refs2,HandlingStandardFunction,DefiningStandardFunction
ae_adl_vals_refs3,HandlingStandardFunction,DefiningStandardFunction
ae_adl_vals_refs3,HandlingList,ReversingList
ae_adl_tryexcept1,HandlingError,HandlingGeneralError
ae_adl_file1,Python,Concatenation
ae_adl_file1,Python,FindingLength
ae_adl_file1,Python,CheckingForItem
ae_adl_file1,Python,HandlingInput
ae_adl_file1,CheckingCondition,IfElseChecking
ae_adl_file1,CheckingCondition,AssertChecking
ae_adl_file1,CheckingCondition,IfElifElseChecking
ae_adl_file1,CheckingCondition,NestedIfChecking
ae_adl_file1,CheckingCondition,IfChecking
ae_adl_file1,CheckingCondition,IfElifChecking
ae_adl_file1,CheckingCondition,BooleanEvaluating
ae_adl_file1,CheckingInForLoop,IfElseCheckingInForLoop
ae_adl_file1,CheckingInForLoop,IfElifCheckingInForLoop
ae_adl_file1,CheckingInForLoop,IfCheckingInForLoop
ae_adl_file1,CheckingInForLoop,IfElifElseCheckingInForLoop
ae_adl_file1,CheckingInWhileLoop,IfElifElseCheckingInWhileLoop
ae_adl_file1,CheckingInWhileLoop,IfCheckingInWhileLoop
ae_adl_file1,CheckingInWhileLoop,IfElseCheckingInWhileLoop
ae_adl_file1,CheckingInWhileLoop,IfElifCheckingInWhileLoop
ae_adl_file1,ManagingVariable,SwappingVariablesValue
ae_adl_file1,ManagingVariable,AssigningVariable
ae_adl_file1,HandlingAdvancedDataStructure,BinaryTreeTask
ae_adl_file1,HandlingAdvancedDataStructure,LinkedListTask
ae_adl_file1,HandlingAdvancedDataStructure,QueueTask
ae_adl_file1,HandlingAdvancedDataStructure,StackTask
ae_adl_file1,TwoDimensionalArrayTask,ReplacingElement2DArray
ae_adl_file1,TwoDimensionalArrayTask,Indexing2DArray
ae_adl_file1,TwoDimensionalArrayTask,Create2DArray
ae_adl_file1,HandlingObjectOrientedProgramming,CallingOOPMethod
ae_adl_file1,HandlingObjectOrientedProgramming,CreatingObject
ae_adl_file1,HandlingObjectOrientedProgramming,DefiningClass
ae_adl_file1,HandlingObjectOrientedProgramming,DefiningOOPMethod
ae_adl_file1,HandlingFunction,NestedFunctionCall
ae_adl_file1,HandlingFunctionCallingFunction,CallingFunctionCallingFunction
ae_adl_file1,HandlingFunctionCallingFunction,DefiningFunctionCallingFunction
ae_adl_file1,HandlingRecursiveFunction,CallingRecursiveFunction
ae_adl_file1,HandlingRecursiveFunction,DefiningRecursiveFunction
ae_adl_file1,HandlingNestedFunction,CallingNestedFunction
ae_adl_file1,HandlingNestedFunction,DefiningNestedFunction
ae_adl_file1,HandlingStandardFunction,CallingStandardFunction
ae_adl_file1,HandlingStandardFunction,DefiningStandardFunction
ae_adl_file1,NonNestedIteration,SingleWhileLoopIteration
ae_adl_file1,WhileLoopWithUpdate,WhileLoopWithListIndexing
ae_adl_file1,WhileLoopWithUpdate,WhileLoopWith*=
ae_adl_file1,WhileLoopWithUpdate,WhileLoopWith+=
ae_adl_file1,ForLoopWithUpdate,ForLoopWith+=
ae_adl_file1,ForLoopWithUpdate,ForLoopWith*=
ae_adl_file1,ForLoopWithUpdate,ForLoopWithListIndexing
ae_adl_file1,NestedLoopIteration,MixedNestedLoopIteration
ae_adl_file1,NestedLoopIteration,NestedForLoopIteration
ae_adl_file1,NestedLoopIteration,NestedWhileLoopIteration
ae_adl_file1,ArithmeticOperation,FindAbsolute
ae_adl_file1,ArithmeticOperation,FindRemainder
ae_adl_file1,ArithmeticOperation,FindMaximum
ae_adl_file1,ArithmeticOperation,Round
ae_adl_file1,ArithmeticOperation,Power
ae_adl_file1,ArithmeticOperation,FindMinimum
ae_adl_file1,ArithmeticOperation,Substraction
ae_adl_file1,ArithmeticOperation,Multiplication
ae_adl_file1,HandlingTuple,CreatingTuple
ae_adl_file1,HandlingTuple,SlicingTuple
ae_adl_file1,HandlingTuple,IndexingTuple
ae_adl_file1,HandlingFloat,TransformingToFloatType
ae_adl_file1,HandlingDictionary,ReplacingDictionaryElement
ae_adl_file1,HandlingDictionary,IndexingDictionary
ae_adl_file1,HandlingDictionary,AddingItemToDictionary
ae_adl_file1,HandlingDictionary,AccessingDictionary
ae_adl_file1,HandlingDictionary,CreatingDictionary
ae_adl_file1,HandlingList,DeletingListElement
ae_adl_file1,HandlingList,IndexingList
ae_adl_file1,HandlingList,CreatingList
ae_adl_file1,HandlingList,SlicingList
ae_adl_file1,HandlingList,ReplacingListElement
ae_adl_file1,HandlingList,ListReferencing
ae_adl_file1,HandlingList,ReversingList
ae_adl_file1,AddingListElement,AddingListElementWithInsert
ae_adl_file1,AddingListElement,AddingListElementWithAppend
ae_adl_file1,HandlingFile,ReadingLine
ae_adl_file1,HandlingString,CreatingString
ae_adl_file1,HandlingString,ReplacingStringContent
ae_adl_file1,HandlingString,FormattingString
ae_adl_file1,HandlingString,TransformingToStringType
ae_adl_file1,HandlingString,SplittingString
ae_adl_file1,HandlingString,TrimmingString
ae_adl_file1,HandlingString,IndexingString
ae_adl_file1,HandlingString,SlicingString
ae_adl_file1,ModifyingStringCase,ConvertStringToUpperCase
ae_adl_file1,ModifyingStringCase,ConvertStringToLowerCase
ae_adl_file1,ModifyingStringCase,CapitalizeString
ae_adl_file1,HandlingError,HandlingSpecificError
ae_adl_file1,HandlingError,HandlingGeneralError
ae_adl_file2,Python,Concatenation
ae_adl_file2,Python,FindingLength
ae_adl_file2,Python,CheckingForItem
ae_adl_file2,Python,HandlingInput
ae_adl_file2,CheckingCondition,IfElseChecking
ae_adl_file2,CheckingCondition,AssertChecking
ae_adl_file2,CheckingCondition,IfElifElseChecking
ae_adl_file2,CheckingCondition,NestedIfChecking
ae_adl_file2,CheckingCondition,IfElifChecking
ae_adl_file2,CheckingCondition,BooleanEvaluating
ae_adl_file2,CheckingInForLoop,IfElseCheckingInForLoop
ae_adl_file2,CheckingInForLoop,IfElifCheckingInForLoop
ae_adl_file2,CheckingInForLoop,IfElifElseCheckingInForLoop
ae_adl_file2,CheckingInWhileLoop,IfElifElseCheckingInWhileLoop
ae_adl_file2,CheckingInWhileLoop,IfCheckingInWhileLoop
ae_adl_file2,CheckingInWhileLoop,IfElseCheckingInWhileLoop
ae_adl_file2,CheckingInWhileLoop,IfElifCheckingInWhileLoop
ae_adl_file2,ManagingVariable,SwappingVariablesValue
ae_adl_file2,HandlingAdvancedDataStructure,BinaryTreeTask
ae_adl_file2,HandlingAdvancedDataStructure,LinkedListTask
ae_adl_file2,HandlingAdvancedDataStructure,QueueTask
ae_adl_file2,HandlingAdvancedDataStructure,StackTask
ae_adl_file2,TwoDimensionalArrayTask,ReplacingElement2DArray
ae_adl_file2,TwoDimensionalArrayTask,Indexing2DArray
ae_adl_file2,TwoDimensionalArrayTask,Create2DArray
ae_adl_file2,HandlingObjectOrientedProgramming,CallingOOPMethod
ae_adl_file2,HandlingObjectOrientedProgramming,CreatingObject
ae_adl_file2,HandlingObjectOrientedProgramming,DefiningClass
ae_adl_file2,HandlingObjectOrientedProgramming,DefiningOOPMethod
ae_adl_file2,HandlingFunction,NestedFunctionCall
ae_adl_file2,HandlingFunctionCallingFunction,CallingFunctionCallingFunction
ae_adl_file2,HandlingFunctionCallingFunction,DefiningFunctionCallingFunction
ae_adl_file2,HandlingRecursiveFunction,CallingRecursiveFunction
ae_adl_file2,HandlingRecursiveFunction,DefiningRecursiveFunction
ae_adl_file2,HandlingNestedFunction,CallingNestedFunction
ae_adl_file2,HandlingNestedFunction,DefiningNestedFunction
ae_adl_file2,NonNestedIteration,SingleWhileLoopIteration
ae_adl_file2,WhileLoopWithUpdate,WhileLoopWithListIndexing
ae_adl_file2,WhileLoopWithUpdate,WhileLoopWith*=
ae_adl_file2,WhileLoopWithUpdate,WhileLoopWith+=
ae_adl_file2,ForLoopWithUpdate,ForLoopWith+=
ae_adl_file2,ForLoopWithUpdate,ForLoopWith*=
ae_adl_file2,ForLoopWithUpdate,ForLoopWithListIndexing
ae_adl_file2,NestedLoopIteration,MixedNestedLoopIteration
ae_adl_file2,NestedLoopIteration,NestedForLoopIteration
ae_adl_file2,NestedLoopIteration,NestedWhileLoopIteration
ae_adl_file2,ArithmeticOperation,FindAbsolute
ae_adl_file2,ArithmeticOperation,FindRemainder
ae_adl_file2,ArithmeticOperation,FindMaximum
ae_adl_file2,ArithmeticOperation,Addition
ae_adl_file2,ArithmeticOperation,Round
ae_adl_file2,ArithmeticOperation,Power
ae_adl_file2,ArithmeticOperation,FindMinimum
ae_adl_file2,ArithmeticOperation,Substraction
ae_adl_file2,ArithmeticOperation,Division
ae_adl_file2,ArithmeticOperation,Multiplication
ae_adl_file2,HandlingInteger,TransformingToIntType
ae_adl_file2,HandlingTuple,CreatingTuple
ae_adl_file2,HandlingTuple,SlicingTuple
ae_adl_file2,HandlingTuple,IndexingTuple
ae_adl_file2,HandlingFloat,TransformingToFloatType
ae_adl_file2,HandlingDictionary,ReplacingDictionaryElement
ae_adl_file2,HandlingDictionary,IndexingDictionary
ae_adl_file2,HandlingDictionary,AddingItemToDictionary
ae_adl_file2,HandlingDictionary,AccessingDictionary
ae_adl_file2,HandlingDictionary,CreatingDictionary
ae_adl_file2,HandlingList,DeletingListElement
ae_adl_file2,HandlingList,CreatingList
ae_adl_file2,HandlingList,SlicingList
ae_adl_file2,HandlingList,ReplacingListElement
ae_adl_file2,HandlingList,ListReferencing
ae_adl_file2,HandlingList,ReversingList
ae_adl_file2,AddingListElement,AddingListElementWithInsert
ae_adl_file2,AddingListElement,AddingListElementWithAppend
ae_adl_file2,HandlingString,CreatingString
ae_adl_file2,HandlingString,ReplacingStringContent
ae_adl_file2,HandlingString,FormattingString
ae_adl_file2,HandlingString,TransformingToStringType
ae_adl_file2,HandlingString,SlicingString
ae_adl_file2,ModifyingStringCase,ConvertStringToUpperCase
ae_adl_file2,ModifyingStringCase,ConvertStringToLowerCase
ae_adl_file2,ModifyingStringCase,CapitalizeString
ae_adl_file2,HandlingError,HandlingSpecificError
ae_adl_file2,HandlingError,HandlingGeneralError
q_py_topic_strings:q_py_substring1,Python,CheckingForItem
q_py_topic_strings:q_py_substring1,CheckingCondition,AssertChecking
q_py_topic_strings:q_py_substring1,CheckingCondition,IfElifChecking
q_py_topic_strings:q_py_substring1,CheckingCondition,BooleanEvaluating
q_py_topic_strings:q_py_substring1,CheckingInForLoop,IfElseCheckingInForLoop
q_py_topic_strings:q_py_substring1,CheckingInForLoop,IfElifCheckingInForLoop
q_py_topic_strings:q_py_substring1,CheckingInForLoop,IfCheckingInForLoop
q_py_topic_strings:q_py_substring1,CheckingInForLoop,IfElifElseCheckingInForLoop
q_py_topic_strings:q_py_substring1,CheckingInWhileLoop,IfElifElseCheckingInWhileLoop
q_py_topic_strings:q_py_substring1,CheckingInWhileLoop,IfCheckingInWhileLoop
q_py_topic_strings:q_py_substring1,CheckingInWhileLoop,IfElseCheckingInWhileLoop
q_py_topic_strings:q_py_substring1,CheckingInWhileLoop,IfElifCheckingInWhileLoop
q_py_topic_strings:q_py_substring1,ManagingVariable,SwappingVariablesValue
q_py_topic_strings:q_py_substring1,HandlingAdvancedDataStructure,BinaryTreeTask
q_py_topic_strings:q_py_substring1,HandlingAdvancedDataStructure,LinkedListTask
q_py_topic_strings:q_py_substring1,HandlingAdvancedDataStructure,QueueTask
q_py_topic_strings:q_py_substring1,HandlingAdvancedDataStructure,StackTask
q_py_topic_strings:q_py_substring1,TwoDimensionalArrayTask,ReplacingElement2DArray
q_py_topic_strings:q_py_substring1,TwoDimensionalArrayTask,Indexing2DArray
q_py_topic_strings:q_py_substring1,TwoDimensionalArrayTask,Create2DArray
q_py_topic_strings:q_py_substring1,HandlingObjectOrientedProgramming,CallingOOPMethod
q_py_topic_strings:q_py_substring1,HandlingObjectOrientedProgramming,CreatingObject
q_py_topic_strings:q_py_substring1,HandlingObjectOrientedProgramming,DefiningClass
q_py_topic_strings:q_py_substring1,HandlingObjectOrientedProgramming,DefiningOOPMethod
q_py_topic_strings:q_py_substring1,HandlingFunctionCallingFunction,CallingFunctionCallingFunction
q_py_topic_strings:q_py_substring1,HandlingFunctionCallingFunction,DefiningFunctionCallingFunction
q_py_topic_strings:q_py_substring1,HandlingRecursiveFunction,CallingRecursiveFunction
q_py_topic_strings:q_py_substring1,HandlingRecursiveFunction,DefiningRecursiveFunction
q_py_topic_strings:q_py_substring1,HandlingNestedFunction,CallingNestedFunction
q_py_topic_strings:q_py_substring1,HandlingNestedFunction,DefiningNestedFunction
q_py_topic_strings:q_py_substring1,HandlingStandardFunction,DefiningStandardFunction
q_py_topic_strings:q_py_substring1,NonNestedIteration,SingleForLoopIteration
q_py_topic_strings:q_py_substring1,NonNestedIteration,SingleWhileLoopIteration
q_py_topic_strings:q_py_substring1,WhileLoopWithUpdate,WhileLoopWithListIndexing
q_py_topic_strings:q_py_substring1,WhileLoopWithUpdate,WhileLoopWith*=
q_py_topic_strings:q_py_substring1,WhileLoopWithUpdate,WhileLoopWith+=
q_py_topic_strings:q_py_substring1,ForLoopWithUpdate,ForLoopWith+=
q_py_topic_strings:q_py_substring1,ForLoopWithUpdate,ForLoopWith*=
q_py_topic_strings:q_py_substring1,ForLoopWithUpdate,ForLoopWithListIndexing
q_py_topic_strings:q_py_substring1,NestedLoopIteration,MixedNestedLoopIteration
q_py_topic_strings:q_py_substring1,NestedLoopIteration,NestedForLoopIteration
q_py_topic_strings:q_py_substring1,NestedLoopIteration,NestedWhileLoopIteration
q_py_topic_strings:q_py_substring1,ArithmeticOperation,FindAbsolute
q_py_topic_strings:q_py_substring1,ArithmeticOperation,FindRemainder
q_py_topic_strings:q_py_substring1,ArithmeticOperation,FindMaximum
q_py_topic_strings:q_py_substring1,ArithmeticOperation,Addition
q_py_topic_strings:q_py_substring1,ArithmeticOperation,Round
q_py_topic_strings:q_py_substring1,ArithmeticOperation,Power
q_py_topic_strings:q_py_substring1,ArithmeticOperation,FindMinimum
q_py_topic_strings:q_py_substring1,ArithmeticOperation,Substraction
q_py_topic_strings:q_py_substring1,ArithmeticOperation,Division
q_py_topic_strings:q_py_substring1,ArithmeticOperation,Multiplication
q_py_topic_strings:q_py_substring1,HandlingInteger,TransformingToIntType
q_py_topic_strings:q_py_substring1,HandlingTuple,CreatingTuple
q_py_topic_strings:q_py_substring1,HandlingTuple,SlicingTuple
q_py_topic_strings:q_py_substring1,HandlingTuple,IndexingTuple
q_py_topic_strings:q_py_substring1,HandlingFloat,TransformingToFloatType
q_py_topic_strings:q_py_substring1,HandlingDictionary,ReplacingDictionaryElement
q_py_topic_strings:q_py_substring1,HandlingDictionary,IndexingDictionary
q_py_topic_strings:q_py_substring1,HandlingDictionary,AddingItemToDictionary
q_py_topic_strings:q_py_substring1,HandlingDictionary,AccessingDictionary
q_py_topic_strings:q_py_substring1,HandlingDictionary,CreatingDictionary
q_py_topic_strings:q_py_substring1,HandlingList,DeletingListElement
q_py_topic_strings:q_py_substring1,HandlingList,IndexingList
q_py_topic_strings:q_py_substring1,HandlingList,CreatingList
q_py_topic_strings:q_py_substring1,HandlingList,SlicingList
q_py_topic_strings:q_py_substring1,HandlingList,ReplacingListElement
q_py_topic_strings:q_py_substring1,HandlingList,ListReferencing
q_py_topic_strings:q_py_substring1,HandlingList,ReversingList
q_py_topic_strings:q_py_substring1,AddingListElement,AddingListElementWithInsert
q_py_topic_strings:q_py_substring1,AddingListElement,AddingListElementWithAppend
q_py_topic_strings:q_py_substring1,HandlingFile,ClosingFile
q_py_topic_strings:q_py_substring1,HandlingFile,ReadingLine
q_py_topic_strings:q_py_substring1,HandlingFile,OpeningFile
q_py_topic_strings:q_py_substring1,HandlingString,CreatingString
q_py_topic_strings:q_py_substring1,HandlingString,ReplacingStringContent
q_py_topic_strings:q_py_substring1,HandlingString,FormattingString
q_py_topic_strings:q_py_substring1,HandlingString,TransformingToStringType
q_py_topic_strings:q_py_substring1,HandlingString,SplittingString
q_py_topic_strings:q_py_substring1,HandlingString,TrimmingString
q_py_topic_strings:q_py_substring1,HandlingString,IndexingString
q_py_topic_strings:q_py_substring1,ModifyingStringCase,ConvertStringToUpperCase
q_py_topic_strings:q_py_substring1,ModifyingStringCase,ConvertStringToLowerCase
q_py_topic_strings:q_py_substring1,ModifyingStringCase,CapitalizeString
q_py_topic_strings:q_py_substring1,HandlingError,HandlingSpecificError
q_py_topic_strings:q_py_substring1,HandlingError,HandlingGeneralError
q_py_topic_two_dimensional_array:q_py_2d_arrays1,ManagingVariable,AssigningVariable
q_py_topic_two_dimensional_array:q_py_2d_arrays2,NonNestedIteration,SingleWhileLoopIteration
q_py_topic_two_dimensional_array:q_py_2d_arrays2,WhileLoopWithUpdate,WhileLoopWithListIndexing
q_py_topic_two_dimensional_array:q_py_2d_arrays2,WhileLoopWithUpdate,WhileLoopWith*=
q_py_topic_two_dimensional_array:q_py_2d_arrays2,WhileLoopWithUpdate,WhileLoopWith+=
q_py_topic_two_dimensional_array:q_py_2d_arrays2,ForLoopWithUpdate,ForLoopWith+=
q_py_topic_two_dimensional_array:q_py_2d_arrays2,ForLoopWithUpdate,ForLoopWith*=
q_py_topic_two_dimensional_array:q_py_2d_arrays2,ForLoopWithUpdate,ForLoopWithListIndexing
q_py_topic_two_dimensional_array:q_py_2d_arrays2,ArithmeticOperation,FindAbsolute
q_py_topic_two_dimensional_array:q_py_2d_arrays4,NonNestedIteration,SingleWhileLoopIteration
q_py_topic_two_dimensional_array:q_py_2d_arrays4,WhileLoopWithUpdate,WhileLoopWithListIndexing
q_py_topic_two_dimensional_array:q_py_2d_arrays4,WhileLoopWithUpdate,WhileLoopWith*=
q_py_topic_two_dimensional_array:q_py_2d_arrays4,WhileLoopWithUpdate,WhileLoopWith+=
q_py_topic_two_dimensional_array:q_py_2d_arrays4,ForLoopWithUpdate,ForLoopWith+=
q_py_topic_two_dimensional_array:q_py_2d_arrays4,ForLoopWithUpdate,ForLoopWith*=
q_py_topic_two_dimensional_array:q_py_2d_arrays4,ForLoopWithUpdate,ForLoopWithListIndexing
q_topic_classes_objects:q_py_inheritance_animal1,Python,Concatenation
q_topic_classes_objects:q_py_inheritance_animal1,Python,Importing
q_topic_classes_objects:q_py_inheritance_animal1,Python,FindingLength
q_topic_classes_objects:q_py_inheritance_animal1,Python,Printing
q_topic_classes_objects:q_py_inheritance_animal1,Python,CheckingForItem
q_topic_classes_objects:q_py_inheritance_animal1,Python,HandlingInput
q_topic_classes_objects:q_py_inheritance_animal1,CheckingCondition,IfElseChecking
q_topic_classes_objects:q_py_inheritance_animal1,CheckingCondition,AssertChecking
q_topic_classes_objects:q_py_inheritance_animal1,CheckingCondition,IfElifElseChecking
q_topic_classes_objects:q_py_inheritance_animal1,CheckingCondition,NestedIfChecking
q_topic_classes_objects:q_py_inheritance_animal1,CheckingCondition,IfChecking
q_topic_classes_objects:q_py_inheritance_animal1,CheckingCondition,IfElifChecking
q_topic_classes_objects:q_py_inheritance_animal1,CheckingCondition,BooleanEvaluating
q_topic_classes_objects:q_py_inheritance_animal1,CheckingInForLoop,IfElseCheckingInForLoop
q_topic_classes_objects:q_py_inheritance_animal1,CheckingInForLoop,IfElifCheckingInForLoop
q_topic_classes_objects:q_py_inheritance_animal1,CheckingInForLoop,IfCheckingInForLoop
q_topic_classes_objects:q_py_inheritance_animal1,CheckingInForLoop,IfElifElseCheckingInForLoop
q_topic_classes_objects:q_py_inheritance_animal1,CheckingInWhileLoop,IfElifElseCheckingInWhileLoop
q_topic_classes_objects:q_py_inheritance_animal1,CheckingInWhileLoop,IfCheckingInWhileLoop
q_topic_classes_objects:q_py_inheritance_animal1,CheckingInWhileLoop,IfElseCheckingInWhileLoop
q_topic_classes_objects:q_py_inheritance_animal1,CheckingInWhileLoop,IfElifCheckingInWhileLoop
q_topic_classes_objects:q_py_inheritance_animal1,ManagingVariable,SwappingVariablesValue
q_topic_classes_objects:q_py_inheritance_animal1,ManagingVariable,AssigningVariable
q_topic_classes_objects:q_py_inheritance_animal1,ManagingVariable,UpdatingVariable
q_topic_classes_objects:q_py_inheritance_animal1,HandlingAdvancedDataStructure,BinaryTreeTask
q_topic_classes_objects:q_py_inheritance_animal1,HandlingAdvancedDataStructure,LinkedListTask
q_topic_classes_objects:q_py_inheritance_animal1,HandlingAdvancedDataStructure,QueueTask
q_topic_classes_objects:q_py_inheritance_animal1,HandlingAdvancedDataStructure,StackTask
q_topic_classes_objects:q_py_inheritance_animal1,TwoDimensionalArrayTask,ReplacingElement2DArray
q_topic_classes_objects:q_py_inheritance_animal1,TwoDimensionalArrayTask,Indexing2DArray
q_topic_classes_objects:q_py_inheritance_animal1,TwoDimensionalArrayTask,Create2DArray
q_topic_classes_objects:q_py_inheritance_animal1,HandlingFunction,NestedFunctionCall
q_topic_classes_objects:q_py_inheritance_animal1,HandlingFunctionCallingFunction,CallingFunctionCallingFunction
q_topic_classes_objects:q_py_inheritance_animal1,HandlingFunctionCallingFunction,DefiningFunctionCallingFunction
q_topic_classes_objects:q_py_inheritance_animal1,HandlingRecursiveFunction,CallingRecursiveFunction
q_topic_classes_objects:q_py_inheritance_animal1,HandlingRecursiveFunction,DefiningRecursiveFunction
q_topic_classes_objects:q_py_inheritance_animal1,HandlingNestedFunction,CallingNestedFunction
q_topic_classes_objects:q_py_inheritance_animal1,HandlingNestedFunction,DefiningNestedFunction
q_topic_classes_objects:q_py_inheritance_animal1,HandlingStandardFunction,CallingStandardFunction
q_topic_classes_objects:q_py_inheritance_animal1,HandlingStandardFunction,DefiningStandardFunction
q_topic_classes_objects:q_py_inheritance_animal1,NonNestedIteration,SingleForLoopIteration
q_topic_classes_objects:q_py_inheritance_animal1,NonNestedIteration,SingleWhileLoopIteration
q_topic_classes_objects:q_py_inheritance_animal1,WhileLoopWithUpdate,WhileLoopWithListIndexing
q_topic_classes_objects:q_py_inheritance_animal1,WhileLoopWithUpdate,WhileLoopWith*=
q_topic_classes_objects:q_py_inheritance_animal1,WhileLoopWithUpdate,WhileLoopWith+=
q_topic_classes_objects:q_py_inheritance_animal1,ForLoopWithUpdate,ForLoopWith+=
q_topic_classes_objects:q_py_inheritance_animal1,ForLoopWithUpdate,ForLoopWith*=
q_topic_classes_objects:q_py_inheritance_animal1,ForLoopWithUpdate,ForLoopWithListIndexing
q_topic_classes_objects:q_py_inheritance_animal1,NestedLoopIteration,MixedNestedLoopIteration
q_topic_classes_objects:q_py_inheritance_animal1,NestedLoopIteration,NestedForLoopIteration
q_topic_classes_objects:q_py_inheritance_animal1,NestedLoopIteration,NestedWhileLoopIteration
q_topic_classes_objects:q_py_inheritance_animal1,ArithmeticOperation,FindAbsolute
q_topic_classes_objects:q_py_inheritance_animal1,ArithmeticOperation,FindRemainder
q_topic_classes_objects:q_py_inheritance_animal1,ArithmeticOperation,FindMaximum
q_topic_classes_objects:q_py_inheritance_animal1,ArithmeticOperation,Addition
q_topic_classes_objects:q_py_inheritance_animal1,ArithmeticOperation,Round
q_topic_classes_objects:q_py_inheritance_animal1,ArithmeticOperation,Power
q_topic_classes_objects:q_py_inheritance_animal1,ArithmeticOperation,FindMinimum
q_topic_classes_objects:q_py_inheritance_animal1,ArithmeticOperation,Substraction
q_topic_classes_objects:q_py_inheritance_animal1,ArithmeticOperation,Division
q_topic_classes_objects:q_py_inheritance_animal1,ArithmeticOperation,Multiplication
q_topic_classes_objects:q_py_inheritance_animal1,HandlingInteger,TransformingToIntType
q_topic_classes_objects:q_py_inheritance_animal1,HandlingTuple,CreatingTuple
q_topic_classes_objects:q_py_inheritance_animal1,HandlingTuple,SlicingTuple
q_topic_classes_objects:q_py_inheritance_animal1,HandlingTuple,IndexingTuple
q_topic_classes_objects:q_py_inheritance_animal1,HandlingFloat,TransformingToFloatType
q_topic_classes_objects:q_py_inheritance_animal1,HandlingDictionary,ReplacingDictionaryElement
q_topic_classes_objects:q_py_inheritance_animal1,HandlingDictionary,IndexingDictionary
q_topic_classes_objects:q_py_inheritance_animal1,HandlingDictionary,AddingItemToDictionary
q_topic_classes_objects:q_py_inheritance_animal1,HandlingDictionary,AccessingDictionary
q_topic_classes_objects:q_py_inheritance_animal1,HandlingDictionary,CreatingDictionary
q_topic_classes_objects:q_py_inheritance_animal1,HandlingList,DeletingListElement
q_topic_classes_objects:q_py_inheritance_animal1,HandlingList,IndexingList
q_topic_classes_objects:q_py_inheritance_animal1,HandlingList,CreatingList
q_topic_classes_objects:q_py_inheritance_animal1,HandlingList,SlicingList
q_topic_classes_objects:q_py_inheritance_animal1,HandlingList,ReplacingListElement
q_topic_classes_objects:q_py_inheritance_animal1,HandlingList,ListReferencing
q_topic_classes_objects:q_py_inheritance_animal1,HandlingList,ReversingList
q_topic_classes_objects:q_py_inheritance_animal1,AddingListElement,AddingListElementWithInsert
q_topic_classes_objects:q_py_inheritance_animal1,AddingListElement,AddingListElementWithAppend
q_topic_classes_objects:q_py_inheritance_animal1,HandlingFile,ClosingFile
q_topic_classes_objects:q_py_inheritance_animal1,HandlingFile,ReadingLine
q_topic_classes_objects:q_py_inheritance_animal1,HandlingFile,OpeningFile
q_topic_classes_objects:q_py_inheritance_animal1,HandlingString,CreatingString
q_topic_classes_objects:q_py_inheritance_animal1,HandlingString,ReplacingStringContent
q_topic_classes_objects:q_py_inheritance_animal1,HandlingString,FormattingString
q_topic_classes_objects:q_py_inheritance_animal1,HandlingString,TransformingToStringType
q_topic_classes_objects:q_py_inheritance_animal1,HandlingString,SplittingString
q_topic_classes_objects:q_py_inheritance_animal1,HandlingString,TrimmingString
q_topic_classes_objects:q_py_inheritance_animal1,HandlingString,IndexingString
q_topic_classes_objects:q_py_inheritance_animal1,HandlingString,SlicingString
q_topic_classes_objects:q_py_inheritance_animal1,ModifyingStringCase,ConvertStringToUpperCase
q_topic_classes_objects:q_py_inheritance_animal1,ModifyingStringCase,ConvertStringToLowerCase
q_topic_classes_objects:q_py_inheritance_animal1,ModifyingStringCase,CapitalizeString
q_topic_classes_objects:q_py_inheritance_animal1,HandlingError,HandlingSpecificError
q_topic_classes_objects:q_py_inheritance_animal1,HandlingError,HandlingGeneralError
q_topic_classes_objects:q_py_obj_account1,Python,Concatenation
q_topic_classes_objects:q_py_obj_account1,Python,Importing
q_topic_classes_objects:q_py_obj_account1,Python,FindingLength
q_topic_classes_objects:q_py_obj_account1,Python,Printing
q_topic_classes_objects:q_py_obj_account1,Python,CheckingForItem
q_topic_classes_objects:q_py_obj_account1,Python,HandlingInput
q_topic_classes_objects:q_py_obj_account1,CheckingCondition,IfElseChecking
q_topic_classes_objects:q_py_obj_account1,CheckingCondition,AssertChecking
q_topic_classes_objects:q_py_obj_account1,CheckingCondition,IfElifElseChecking
q_topic_classes_objects:q_py_obj_account1,CheckingCondition,NestedIfChecking
q_topic_classes_objects:q_py_obj_account1,CheckingCondition,IfChecking
q_topic_classes_objects:q_py_obj_account1,CheckingCondition,IfElifChecking
q_topic_classes_objects:q_py_obj_account1,CheckingCondition,BooleanEvaluating
q_topic_classes_objects:q_py_obj_account1,CheckingInForLoop,IfElseCheckingInForLoop
q_topic_classes_objects:q_py_obj_account1,CheckingInForLoop,IfElifCheckingInForLoop
q_topic_classes_objects:q_py_obj_account1,CheckingInForLoop,IfCheckingInForLoop
q_topic_classes_objects:q_py_obj_account1,CheckingInForLoop,IfElifElseCheckingInForLoop
q_topic_classes_objects:q_py_obj_account1,CheckingInWhileLoop,IfElifElseCheckingInWhileLoop
q_topic_classes_objects:q_py_obj_account1,CheckingInWhileLoop,IfCheckingInWhileLoop
q_topic_classes_objects:q_py_obj_account1,CheckingInWhileLoop,IfElseCheckingInWhileLoop
q_topic_classes_objects:q_py_obj_account1,CheckingInWhileLoop,IfElifCheckingInWhileLoop
q_topic_classes_objects:q_py_obj_account1,ManagingVariable,SwappingVariablesValue
q_topic_classes_objects:q_py_obj_account1,HandlingAdvancedDataStructure,BinaryTreeTask
q_topic_classes_objects:q_py_obj_account1,HandlingAdvancedDataStructure,LinkedListTask
q_topic_classes_objects:q_py_obj_account1,HandlingAdvancedDataStructure,QueueTask
q_topic_classes_objects:q_py_obj_account1,HandlingAdvancedDataStructure,StackTask
q_topic_classes_objects:q_py_obj_account1,TwoDimensionalArrayTask,ReplacingElement2DArray
q_topic_classes_objects:q_py_obj_account1,TwoDimensionalArrayTask,Indexing2DArray
q_topic_classes_objects:q_py_obj_account1,TwoDimensionalArrayTask,Create2DArray
q_topic_classes_objects:q_py_obj_account1,HandlingObjectOrientedProgramming,CallingOOPMethod
q_topic_classes_objects:q_py_obj_account1,HandlingFunction,NestedFunctionCall
q_topic_classes_objects:q_py_obj_account1,HandlingFunctionCallingFunction,DefiningFunctionCallingFunction
q_topic_classes_objects:q_py_obj_account1,HandlingRecursiveFunction,CallingRecursiveFunction
q_topic_classes_objects:q_py_obj_account1,HandlingRecursiveFunction,DefiningRecursiveFunction
q_topic_classes_objects:q_py_obj_account1,HandlingNestedFunction,CallingNestedFunction
q_topic_classes_objects:q_py_obj_account1,HandlingNestedFunction,DefiningNestedFunction
q_topic_classes_objects:q_py_obj_account1,HandlingStandardFunction,CallingStandardFunction
q_topic_classes_objects:q_py_obj_account1,HandlingStandardFunction,DefiningStandardFunction
q_topic_classes_objects:q_py_obj_account1,NonNestedIteration,SingleForLoopIteration
q_topic_classes_objects:q_py_obj_account1,NonNestedIteration,SingleWhileLoopIteration
q_topic_classes_objects:q_py_obj_account1,WhileLoopWithUpdate,WhileLoopWithListIndexing
q_topic_classes_objects:q_py_obj_account1,WhileLoopWithUpdate,WhileLoopWith*=
q_topic_classes_objects:q_py_obj_account1,WhileLoopWithUpdate,WhileLoopWith+=
q_topic_classes_objects:q_py_obj_account1,ForLoopWithUpdate,ForLoopWith+=
q_topic_classes_objects:q_py_obj_account1,ForLoopWithUpdate,ForLoopWith*=
q_topic_classes_objects:q_py_obj_account1,ForLoopWithUpdate,ForLoopWithListIndexing
q_topic_classes_objects:q_py_obj_account1,NestedLoopIteration,MixedNestedLoopIteration
q_topic_classes_objects:q_py_obj_account1,NestedLoopIteration,NestedForLoopIteration
q_topic_classes_objects:q_py_obj_account1,NestedLoopIteration,NestedWhileLoopIteration
q_topic_classes_objects:q_py_obj_account1,ArithmeticOperation,FindAbsolute
q_topic_classes_objects:q_py_obj_account1,ArithmeticOperation,FindRemainder
q_topic_classes_objects:q_py_obj_account1,ArithmeticOperation,FindMaximum
q_topic_classes_objects:q_py_obj_account1,ArithmeticOperation,Round
q_topic_classes_objects:q_py_obj_account1,ArithmeticOperation,Power
q_topic_classes_objects:q_py_obj_account1,ArithmeticOperation,FindMinimum
q_topic_classes_objects:q_py_obj_account1,ArithmeticOperation,Division
q_topic_classes_objects:q_py_obj_account1,ArithmeticOperation,Multiplication
q_topic_classes_objects:q_py_obj_account1,HandlingInteger,TransformingToIntType
q_topic_classes_objects:q_py_obj_account1,HandlingTuple,CreatingTuple
q_topic_classes_objects:q_py_obj_account1,HandlingTuple,SlicingTuple
q_topic_classes_objects:q_py_obj_account1,HandlingTuple,IndexingTuple
q_topic_classes_objects:q_py_obj_account1,HandlingFloat,TransformingToFloatType
q_topic_classes_objects:q_py_obj_account1,HandlingDictionary,ReplacingDictionaryElement
q_topic_classes_objects:q_py_obj_account1,HandlingDictionary,AccessingDictionary
q_topic_classes_objects:q_py_obj_account1,HandlingList,DeletingListElement
q_topic_classes_objects:q_py_obj_account1,HandlingList,IndexingList
q_topic_classes_objects:q_py_obj_account1,HandlingList,CreatingList
q_topic_classes_objects:q_py_obj_account1,HandlingList,SlicingList
q_topic_classes_objects:q_py_obj_account1,HandlingList,ReplacingListElement
q_topic_classes_objects:q_py_obj_account1,HandlingList,ListReferencing
q_topic_classes_objects:q_py_obj_account1,HandlingList,ReversingList
q_topic_classes_objects:q_py_obj_account1,AddingListElement,AddingListElementWithInsert
q_topic_classes_objects:q_py_obj_account1,AddingListElement,AddingListElementWithAppend
q_topic_classes_objects:q_py_obj_account1,HandlingFile,ClosingFile
q_topic_classes_objects:q_py_obj_account1,HandlingFile,ReadingLine
q_topic_classes_objects:q_py_obj_account1,HandlingFile,OpeningFile
q_topic_classes_objects:q_py_obj_account1,HandlingString,CreatingString
q_topic_classes_objects:q_py_obj_account1,HandlingString,ReplacingStringContent
q_topic_classes_objects:q_py_obj_account1,HandlingString,FormattingString
q_topic_classes_objects:q_py_obj_account1,HandlingString,TransformingToStringType
q_topic_classes_objects:q_py_obj_account1,HandlingString,SplittingString
q_topic_classes_objects:q_py_obj_account1,HandlingString,TrimmingString
q_topic_classes_objects:q_py_obj_account1,HandlingString,IndexingString
q_topic_classes_objects:q_py_obj_account1,HandlingString,SlicingString
q_topic_classes_objects:q_py_obj_account1,ModifyingStringCase,ConvertStringToUpperCase
q_topic_classes_objects:q_py_obj_account1,ModifyingStringCase,ConvertStringToLowerCase
q_topic_classes_objects:q_py_obj_account1,ModifyingStringCase,CapitalizeString
q_topic_classes_objects:q_py_obj_account1,HandlingError,HandlingSpecificError
q_topic_classes_objects:q_py_obj_account1,HandlingError,HandlingGeneralError
q_topic_classes_objects:q_py_obj_bus1,Python,Concatenation
q_topic_classes_objects:q_py_obj_bus1,Python,Importing
q_topic_classes_objects:q_py_obj_bus1,Python,FindingLength
q_topic_classes_objects:q_py_obj_bus1,Python,Printing
q_topic_classes_objects:q_py_obj_bus1,Python,CheckingForItem
q_topic_classes_objects:q_py_obj_bus1,Python,HandlingInput
q_topic_classes_objects:q_py_obj_bus1,CheckingCondition,IfElseChecking
q_topic_classes_objects:q_py_obj_bus1,CheckingCondition,AssertChecking
q_topic_classes_objects:q_py_obj_bus1,CheckingCondition,IfElifElseChecking
q_topic_classes_objects:q_py_obj_bus1,CheckingCondition,NestedIfChecking
q_topic_classes_objects:q_py_obj_bus1,CheckingCondition,IfChecking
q_topic_classes_objects:q_py_obj_bus1,CheckingCondition,IfElifChecking
q_topic_classes_objects:q_py_obj_bus1,CheckingCondition,BooleanEvaluating
q_topic_classes_objects:q_py_obj_bus1,CheckingInForLoop,IfElseCheckingInForLoop
q_topic_classes_objects:q_py_obj_bus1,CheckingInForLoop,IfElifCheckingInForLoop
q_topic_classes_objects:q_py_obj_bus1,CheckingInForLoop,IfCheckingInForLoop
q_topic_classes_objects:q_py_obj_bus1,CheckingInForLoop,IfElifElseCheckingInForLoop
q_topic_classes_objects:q_py_obj_bus1,CheckingInWhileLoop,IfElifElseCheckingInWhileLoop
q_topic_classes_objects:q_py_obj_bus1,CheckingInWhileLoop,IfCheckingInWhileLoop
q_topic_classes_objects:q_py_obj_bus1,CheckingInWhileLoop,IfElseCheckingInWhileLoop
q_topic_classes_objects:q_py_obj_bus1,CheckingInWhileLoop,IfElifCheckingInWhileLoop
q_topic_classes_objects:q_py_obj_bus1,ManagingVariable,SwappingVariablesValue
q_topic_classes_objects:q_py_obj_bus1,ManagingVariable,AssigningVariable
q_topic_classes_objects:q_py_obj_bus1,ManagingVariable,UpdatingVariable
q_topic_classes_objects:q_py_obj_bus1,HandlingAdvancedDataStructure,BinaryTreeTask
q_topic_classes_objects:q_py_obj_bus1,HandlingAdvancedDataStructure,LinkedListTask
q_topic_classes_objects:q_py_obj_bus1,HandlingAdvancedDataStructure,QueueTask
q_topic_classes_objects:q_py_obj_bus1,HandlingAdvancedDataStructure,StackTask
q_topic_classes_objects:q_py_obj_bus1,TwoDimensionalArrayTask,ReplacingElement2DArray
q_topic_classes_objects:q_py_obj_bus1,TwoDimensionalArrayTask,Indexing2DArray
q_topic_classes_objects:q_py_obj_bus1,TwoDimensionalArrayTask,Create2DArray
q_topic_classes_objects:q_py_obj_bus1,HandlingObjectOrientedProgramming,DefiningOOPMethod
q_topic_classes_objects:q_py_obj_bus1,HandlingFunction,CallingFunctionLibrary
q_topic_classes_objects:q_py_obj_bus1,HandlingFunction,NestedFunctionCall
q_topic_classes_objects:q_py_obj_bus1,HandlingFunctionCallingFunction,CallingFunctionCallingFunction
q_topic_classes_objects:q_py_obj_bus1,HandlingFunctionCallingFunction,DefiningFunctionCallingFunction
q_topic_classes_objects:q_py_obj_bus1,HandlingRecursiveFunction,CallingRecursiveFunction
q_topic_classes_objects:q_py_obj_bus1,HandlingRecursiveFunction,DefiningRecursiveFunction
q_topic_classes_objects:q_py_obj_bus1,HandlingNestedFunction,CallingNestedFunction
q_topic_classes_objects:q_py_obj_bus1,HandlingNestedFunction,DefiningNestedFunction
q_topic_classes_objects:q_py_obj_bus1,HandlingStandardFunction,CallingStandardFunction
q_topic_classes_objects:q_py_obj_bus1,HandlingStandardFunction,DefiningStandardFunction
q_topic_classes_objects:q_py_obj_bus1,NonNestedIteration,SingleForLoopIteration
q_topic_classes_objects:q_py_obj_bus1,NonNestedIteration,SingleWhileLoopIteration
q_topic_classes_objects:q_py_obj_bus1,WhileLoopWithUpdate,WhileLoopWithListIndexing
q_topic_classes_objects:q_py_obj_bus1,WhileLoopWithUpdate,WhileLoopWith*=
q_topic_classes_objects:q_py_obj_bus1,WhileLoopWithUpdate,WhileLoopWith+=
q_topic_classes_objects:q_py_obj_bus1,ForLoopWithUpdate,ForLoopWith+=
q_topic_classes_objects:q_py_obj_bus1,ForLoopWithUpdate,ForLoopWith*=
q_topic_classes_objects:q_py_obj_bus1,ForLoopWithUpdate,ForLoopWithListIndexing
q_topic_classes_objects:q_py_obj_bus1,NestedLoopIteration,MixedNestedLoopIteration
q_topic_classes_objects:q_py_obj_bus1,NestedLoopIteration,NestedForLoopIteration
q_topic_classes_objects:q_py_obj_bus1,NestedLoopIteration,NestedWhileLoopIteration
q_topic_classes_objects:q_py_obj_bus1,ArithmeticOperation,FindAbsolute
q_topic_classes_objects:q_py_obj_bus1,ArithmeticOperation,FindRemainder
q_topic_classes_objects:q_py_obj_bus1,ArithmeticOperation,FindMaximum
q_topic_classes_objects:q_py_obj_bus1,ArithmeticOperation,Addition
q_topic_classes_objects:q_py_obj_bus1,ArithmeticOperation,Round
q_topic_classes_objects:q_py_obj_bus1,ArithmeticOperation,Power
q_topic_classes_objects:q_py_obj_bus1,ArithmeticOperation,FindMinimum
q_topic_classes_objects:q_py_obj_bus1,ArithmeticOperation,Substraction
q_topic_classes_objects:q_py_obj_bus1,ArithmeticOperation,Division
q_topic_classes_objects:q_py_obj_bus1,ArithmeticOperation,Multiplication
q_topic_classes_objects:q_py_obj_bus1,HandlingInteger,TransformingToIntType
q_topic_classes_objects:q_py_obj_bus1,HandlingTuple,CreatingTuple
q_topic_classes_objects:q_py_obj_bus1,HandlingTuple,SlicingTuple
q_topic_classes_objects:q_py_obj_bus1,HandlingTuple,IndexingTuple
q_topic_classes_objects:q_py_obj_bus1,HandlingFloat,TransformingToFloatType
q_topic_classes_objects:q_py_obj_bus1,HandlingDictionary,ReplacingDictionaryElement
q_topic_classes_objects:q_py_obj_bus1,HandlingDictionary,IndexingDictionary
q_topic_classes_objects:q_py_obj_bus1,HandlingDictionary,AddingItemToDictionary
q_topic_classes_objects:q_py_obj_bus1,HandlingDictionary,AccessingDictionary
q_topic_classes_objects:q_py_obj_bus1,HandlingDictionary,CreatingDictionary
q_topic_classes_objects:q_py_obj_bus1,HandlingList,DeletingListElement
q_topic_classes_objects:q_py_obj_bus1,HandlingList,IndexingList
q_topic_classes_objects:q_py_obj_bus1,HandlingList,CreatingList
q_topic_classes_objects:q_py_obj_bus1,HandlingList,SlicingList
q_topic_classes_objects:q_py_obj_bus1,HandlingList,ReplacingListElement
q_topic_classes_objects:q_py_obj_bus1,HandlingList,ListReferencing
q_topic_classes_objects:q_py_obj_bus1,HandlingList,ReversingList
q_topic_classes_objects:q_py_obj_bus1,AddingListElement,AddingListElementWithInsert
q_topic_classes_objects:q_py_obj_bus1,AddingListElement,AddingListElementWithAppend
q_topic_classes_objects:q_py_obj_bus1,HandlingFile,ClosingFile
q_topic_classes_objects:q_py_obj_bus1,HandlingFile,ReadingLine
q_topic_classes_objects:q_py_obj_bus1,HandlingFile,OpeningFile
q_topic_classes_objects:q_py_obj_bus1,HandlingString,CreatingString
q_topic_classes_objects:q_py_obj_bus1,HandlingString,ReplacingStringContent
q_topic_classes_objects:q_py_obj_bus1,HandlingString,FormattingString
q_topic_classes_objects:q_py_obj_bus1,HandlingString,TransformingToStringType
q_topic_classes_objects:q_py_obj_bus1,HandlingString,SplittingString
q_topic_classes_objects:q_py_obj_bus1,HandlingString,TrimmingString
q_topic_classes_objects:q_py_obj_bus1,HandlingString,IndexingString
q_topic_classes_objects:q_py_obj_bus1,HandlingString,SlicingString
q_topic_classes_objects:q_py_obj_bus1,ModifyingStringCase,ConvertStringToUpperCase
q_topic_classes_objects:q_py_obj_bus1,ModifyingStringCase,ConvertStringToLowerCase
q_topic_classes_objects:q_py_obj_bus1,ModifyingStringCase,CapitalizeString
q_topic_classes_objects:q_py_obj_bus1,HandlingError,HandlingSpecificError
q_topic_classes_objects:q_py_obj_bus1,HandlingError,HandlingGeneralError
q_topic_classes_objects:q_py_obj_car1,Python,Concatenation
q_topic_classes_objects:q_py_obj_car1,Python,Importing
q_topic_classes_objects:q_py_obj_car1,Python,FindingLength
q_topic_classes_objects:q_py_obj_car1,Python,Printing
q_topic_classes_objects:q_py_obj_car1,Python,CheckingForItem
q_topic_classes_objects:q_py_obj_car1,Python,HandlingInput
q_topic_classes_objects:q_py_obj_car1,CheckingCondition,IfElseChecking
q_topic_classes_objects:q_py_obj_car1,CheckingCondition,AssertChecking
q_topic_classes_objects:q_py_obj_car1,CheckingCondition,IfElifElseChecking
q_topic_classes_objects:q_py_obj_car1,CheckingCondition,NestedIfChecking
q_topic_classes_objects:q_py_obj_car1,CheckingCondition,IfChecking
q_topic_classes_objects:q_py_obj_car1,CheckingCondition,IfElifChecking
q_topic_classes_objects:q_py_obj_car1,CheckingCondition,BooleanEvaluating
q_topic_classes_objects:q_py_obj_car1,CheckingInForLoop,IfElseCheckingInForLoop
q_topic_classes_objects:q_py_obj_car1,CheckingInForLoop,IfElifCheckingInForLoop
q_topic_classes_objects:q_py_obj_car1,CheckingInForLoop,IfCheckingInForLoop
q_topic_classes_objects:q_py_obj_car1,CheckingInForLoop,IfElifElseCheckingInForLoop
q_topic_classes_objects:q_py_obj_car1,CheckingInWhileLoop,IfElifElseCheckingInWhileLoop
q_topic_classes_objects:q_py_obj_car1,CheckingInWhileLoop,IfCheckingInWhileLoop
q_topic_classes_objects:q_py_obj_car1,CheckingInWhileLoop,IfElseCheckingInWhileLoop
q_topic_classes_objects:q_py_obj_car1,CheckingInWhileLoop,IfElifCheckingInWhileLoop
q_topic_classes_objects:q_py_obj_car1,ManagingVariable,SwappingVariablesValue
q_topic_classes_objects:q_py_obj_car1,ManagingVariable,AssigningVariable
q_topic_classes_objects:q_py_obj_car1,ManagingVariable,UpdatingVariable
q_topic_classes_objects:q_py_obj_car1,HandlingAdvancedDataStructure,BinaryTreeTask
q_topic_classes_objects:q_py_obj_car1,HandlingAdvancedDataStructure,LinkedListTask
q_topic_classes_objects:q_py_obj_car1,HandlingAdvancedDataStructure,QueueTask
q_topic_classes_objects:q_py_obj_car1,HandlingAdvancedDataStructure,StackTask
q_topic_classes_objects:q_py_obj_car1,TwoDimensionalArrayTask,ReplacingElement2DArray
q_topic_classes_objects:q_py_obj_car1,TwoDimensionalArrayTask,Indexing2DArray
q_topic_classes_objects:q_py_obj_car1,TwoDimensionalArrayTask,Create2DArray
q_topic_classes_objects:q_py_obj_car1,HandlingObjectOrientedProgramming,CallingOOPMethod
q_topic_classes_objects:q_py_obj_car1,HandlingFunction,CallingFunctionLibrary
q_topic_classes_objects:q_py_obj_car1,HandlingFunction,NestedFunctionCall
q_topic_classes_objects:q_py_obj_car1,HandlingFunctionCallingFunction,CallingFunctionCallingFunction
q_topic_classes_objects:q_py_obj_car1,HandlingFunctionCallingFunction,DefiningFunctionCallingFunction
q_topic_classes_objects:q_py_obj_car1,HandlingRecursiveFunction,CallingRecursiveFunction
q_topic_classes_objects:q_py_obj_car1,HandlingRecursiveFunction,DefiningRecursiveFunction
q_topic_classes_objects:q_py_obj_car1,HandlingNestedFunction,CallingNestedFunction
q_topic_classes_objects:q_py_obj_car1,HandlingNestedFunction,DefiningNestedFunction
q_topic_classes_objects:q_py_obj_car1,HandlingStandardFunction,CallingStandardFunction
q_topic_classes_objects:q_py_obj_car1,HandlingStandardFunction,DefiningStandardFunction
q_topic_classes_objects:q_py_obj_car1,NonNestedIteration,SingleForLoopIteration
q_topic_classes_objects:q_py_obj_car1,NonNestedIteration,SingleWhileLoopIteration
q_topic_classes_objects:q_py_obj_car1,WhileLoopWithUpdate,WhileLoopWithListIndexing
q_topic_classes_objects:q_py_obj_car1,WhileLoopWithUpdate,WhileLoopWith*=
q_topic_classes_objects:q_py_obj_car1,WhileLoopWithUpdate,WhileLoopWith+=
q_topic_classes_objects:q_py_obj_car1,ForLoopWithUpdate,ForLoopWith+=
q_topic_classes_objects:q_py_obj_car1,ForLoopWithUpdate,ForLoopWith*=
q_topic_classes_objects:q_py_obj_car1,ForLoopWithUpdate,ForLoopWithListIndexing
q_topic_classes_objects:q_py_obj_car1,NestedLoopIteration,MixedNestedLoopIteration
q_topic_classes_objects:q_py_obj_car1,NestedLoopIteration,NestedForLoopIteration
q_topic_classes_objects:q_py_obj_car1,NestedLoopIteration,NestedWhileLoopIteration
q_topic_classes_objects:q_py_obj_car1,ArithmeticOperation,FindAbsolute
q_topic_classes_objects:q_py_obj_car1,ArithmeticOperation,FindRemainder
q_topic_classes_objects:q_py_obj_car1,ArithmeticOperation,FindMaximum
q_topic_classes_objects:q_py_obj_car1,ArithmeticOperation,Addition
q_topic_classes_objects:q_py_obj_car1,ArithmeticOperation,Round
q_topic_classes_objects:q_py_obj_car1,ArithmeticOperation,Power
q_topic_classes_objects:q_py_obj_car1,ArithmeticOperation,FindMinimum
q_topic_classes_objects:q_py_obj_car1,ArithmeticOperation,Substraction
q_topic_classes_objects:q_py_obj_car1,ArithmeticOperation,Division
q_topic_classes_objects:q_py_obj_car1,ArithmeticOperation,Multiplication
q_topic_classes_objects:q_py_obj_car1,HandlingInteger,TransformingToIntType
q_topic_classes_objects:q_py_obj_car1,HandlingTuple,CreatingTuple
q_topic_classes_objects:q_py_obj_car1,HandlingTuple,SlicingTuple
q_topic_classes_objects:q_py_obj_car1,HandlingTuple,IndexingTuple
q_topic_classes_objects:q_py_obj_car1,HandlingFloat,TransformingToFloatType
q_topic_classes_objects:q_py_obj_car1,HandlingDictionary,ReplacingDictionaryElement
q_topic_classes_objects:q_py_obj_car1,HandlingDictionary,IndexingDictionary
q_topic_classes_objects:q_py_obj_car1,HandlingDictionary,AddingItemToDictionary
q_topic_classes_objects:q_py_obj_car1,HandlingDictionary,AccessingDictionary
q_topic_classes_objects:q_py_obj_car1,HandlingDictionary,CreatingDictionary
q_topic_classes_objects:q_py_obj_car1,HandlingList,DeletingListElement
q_topic_classes_objects:q_py_obj_car1,HandlingList,IndexingList
q_topic_classes_objects:q_py_obj_car1,HandlingList,CreatingList
q_topic_classes_objects:q_py_obj_car1,HandlingList,SlicingList
q_topic_classes_objects:q_py_obj_car1,HandlingList,ReplacingListElement
q_topic_classes_objects:q_py_obj_car1,HandlingList,ListReferencing
q_topic_classes_objects:q_py_obj_car1,HandlingList,ReversingList
q_topic_classes_objects:q_py_obj_car1,AddingListElement,AddingListElementWithInsert
q_topic_classes_objects:q_py_obj_car1,AddingListElement,AddingListElementWithAppend
q_topic_classes_objects:q_py_obj_car1,HandlingFile,ClosingFile
q_topic_classes_objects:q_py_obj_car1,HandlingFile,ReadingLine
q_topic_classes_objects:q_py_obj_car1,HandlingFile,OpeningFile
q_topic_classes_objects:q_py_obj_car1,HandlingString,CreatingString
q_topic_classes_objects:q_py_obj_car1,HandlingString,ReplacingStringContent
q_topic_classes_objects:q_py_obj_car1,HandlingString,FormattingString
q_topic_classes_objects:q_py_obj_car1,HandlingString,TransformingToStringType
q_topic_classes_objects:q_py_obj_car1,HandlingString,SplittingString
q_topic_classes_objects:q_py_obj_car1,HandlingString,TrimmingString
q_topic_classes_objects:q_py_obj_car1,HandlingString,IndexingString
q_topic_classes_objects:q_py_obj_car1,HandlingString,SlicingString
q_topic_classes_objects:q_py_obj_car1,ModifyingStringCase,ConvertStringToUpperCase
q_topic_classes_objects:q_py_obj_car1,ModifyingStringCase,ConvertStringToLowerCase
q_topic_classes_objects:q_py_obj_car1,ModifyingStringCase,CapitalizeString
q_topic_classes_objects:q_py_obj_car1,HandlingError,HandlingSpecificError
q_topic_classes_objects:q_py_obj_car1,HandlingError,HandlingGeneralError
q_topic_classes_objects:q_py_obj_car2,Python,Concatenation
q_topic_classes_objects:q_py_obj_car2,Python,Importing
q_topic_classes_objects:q_py_obj_car2,Python,FindingLength
q_topic_classes_objects:q_py_obj_car2,Python,Printing
q_topic_classes_objects:q_py_obj_car2,Python,CheckingForItem
q_topic_classes_objects:q_py_obj_car2,Python,HandlingInput
q_topic_classes_objects:q_py_obj_car2,CheckingCondition,IfElseChecking
q_topic_classes_objects:q_py_obj_car2,CheckingCondition,AssertChecking
q_topic_classes_objects:q_py_obj_car2,CheckingCondition,IfElifElseChecking
q_topic_classes_objects:q_py_obj_car2,CheckingCondition,NestedIfChecking
q_topic_classes_objects:q_py_obj_car2,CheckingCondition,IfChecking
q_topic_classes_objects:q_py_obj_car2,CheckingCondition,IfElifChecking
q_topic_classes_objects:q_py_obj_car2,CheckingCondition,BooleanEvaluating
q_topic_classes_objects:q_py_obj_car2,CheckingInForLoop,IfElseCheckingInForLoop
q_topic_classes_objects:q_py_obj_car2,CheckingInForLoop,IfElifCheckingInForLoop
q_topic_classes_objects:q_py_obj_car2,CheckingInForLoop,IfCheckingInForLoop
q_topic_classes_objects:q_py_obj_car2,CheckingInForLoop,IfElifElseCheckingInForLoop
q_topic_classes_objects:q_py_obj_car2,CheckingInWhileLoop,IfElifElseCheckingInWhileLoop
q_topic_classes_objects:q_py_obj_car2,CheckingInWhileLoop,IfCheckingInWhileLoop
q_topic_classes_objects:q_py_obj_car2,CheckingInWhileLoop,IfElseCheckingInWhileLoop
q_topic_classes_objects:q_py_obj_car2,CheckingInWhileLoop,IfElifCheckingInWhileLoop
q_topic_classes_objects:q_py_obj_car2,ManagingVariable,SwappingVariablesValue
q_topic_classes_objects:q_py_obj_car2,ManagingVariable,AssigningVariable
q_topic_classes_objects:q_py_obj_car2,ManagingVariable,UpdatingVariable
q_topic_classes_objects:q_py_obj_car2,HandlingAdvancedDataStructure,BinaryTreeTask
q_topic_classes_objects:q_py_obj_car2,HandlingAdvancedDataStructure,LinkedListTask
q_topic_classes_objects:q_py_obj_car2,HandlingAdvancedDataStructure,QueueTask
q_topic_classes_objects:q_py_obj_car2,HandlingAdvancedDataStructure,StackTask
q_topic_classes_objects:q_py_obj_car2,TwoDimensionalArrayTask,ReplacingElement2DArray
q_topic_classes_objects:q_py_obj_car2,TwoDimensionalArrayTask,Indexing2DArray
q_topic_classes_objects:q_py_obj_car2,TwoDimensionalArrayTask,Create2DArray
q_topic_classes_objects:q_py_obj_car2,HandlingObjectOrientedProgramming,CallingOOPMethod
q_topic_classes_objects:q_py_obj_car2,HandlingFunction,CallingFunctionLibrary
q_topic_classes_objects:q_py_obj_car2,HandlingFunction,NestedFunctionCall
q_topic_classes_objects:q_py_obj_car2,HandlingFunctionCallingFunction,CallingFunctionCallingFunction
q_topic_classes_objects:q_py_obj_car2,HandlingFunctionCallingFunction,DefiningFunctionCallingFunction
q_topic_classes_objects:q_py_obj_car2,HandlingRecursiveFunction,CallingRecursiveFunction
q_topic_classes_objects:q_py_obj_car2,HandlingRecursiveFunction,DefiningRecursiveFunction
q_topic_classes_objects:q_py_obj_car2,HandlingNestedFunction,CallingNestedFunction
q_topic_classes_objects:q_py_obj_car2,HandlingNestedFunction,DefiningNestedFunction
q_topic_classes_objects:q_py_obj_car2,HandlingStandardFunction,CallingStandardFunction
q_topic_classes_objects:q_py_obj_car2,HandlingStandardFunction,DefiningStandardFunction
q_topic_classes_objects:q_py_obj_car2,NonNestedIteration,SingleForLoopIteration
q_topic_classes_objects:q_py_obj_car2,NonNestedIteration,SingleWhileLoopIteration
q_topic_classes_objects:q_py_obj_car2,WhileLoopWithUpdate,WhileLoopWithListIndexing
q_topic_classes_objects:q_py_obj_car2,WhileLoopWithUpdate,WhileLoopWith*=
q_topic_classes_objects:q_py_obj_car2,WhileLoopWithUpdate,WhileLoopWith+=
q_topic_classes_objects:q_py_obj_car2,ForLoopWithUpdate,ForLoopWith+=
q_topic_classes_objects:q_py_obj_car2,ForLoopWithUpdate,ForLoopWith*=
q_topic_classes_objects:q_py_obj_car2,ForLoopWithUpdate,ForLoopWithListIndexing
q_topic_classes_objects:q_py_obj_car2,NestedLoopIteration,MixedNestedLoopIteration
q_topic_classes_objects:q_py_obj_car2,NestedLoopIteration,NestedForLoopIteration
q_topic_classes_objects:q_py_obj_car2,NestedLoopIteration,NestedWhileLoopIteration
q_topic_classes_objects:q_py_obj_car2,ArithmeticOperation,FindAbsolute
q_topic_classes_objects:q_py_obj_car2,ArithmeticOperation,FindRemainder
q_topic_classes_objects:q_py_obj_car2,ArithmeticOperation,FindMaximum
q_topic_classes_objects:q_py_obj_car2,ArithmeticOperation,Addition
q_topic_classes_objects:q_py_obj_car2,ArithmeticOperation,Round
q_topic_classes_objects:q_py_obj_car2,ArithmeticOperation,Power
q_topic_classes_objects:q_py_obj_car2,ArithmeticOperation,FindMinimum
q_topic_classes_objects:q_py_obj_car2,ArithmeticOperation,Substraction
q_topic_classes_objects:q_py_obj_car2,ArithmeticOperation,Division
q_topic_classes_objects:q_py_obj_car2,ArithmeticOperation,Multiplication
q_topic_classes_objects:q_py_obj_car2,HandlingInteger,TransformingToIntType
q_topic_classes_objects:q_py_obj_car2,HandlingTuple,CreatingTuple
q_topic_classes_objects:q_py_obj_car2,HandlingTuple,SlicingTuple
q_topic_classes_objects:q_py_obj_car2,HandlingTuple,IndexingTuple
q_topic_classes_objects:q_py_obj_car2,HandlingFloat,TransformingToFloatType
q_topic_classes_objects:q_py_obj_car2,HandlingDictionary,ReplacingDictionaryElement
q_topic_classes_objects:q_py_obj_car2,HandlingDictionary,IndexingDictionary
q_topic_classes_objects:q_py_obj_car2,HandlingDictionary,AddingItemToDictionary
q_topic_classes_objects:q_py_obj_car2,HandlingDictionary,AccessingDictionary
q_topic_classes_objects:q_py_obj_car2,HandlingDictionary,CreatingDictionary
q_topic_classes_objects:q_py_obj_car2,HandlingList,DeletingListElement
q_topic_classes_objects:q_py_obj_car2,HandlingList,IndexingList
q_topic_classes_objects:q_py_obj_car2,HandlingList,CreatingList
q_topic_classes_objects:q_py_obj_car2,HandlingList,SlicingList
q_topic_classes_objects:q_py_obj_car2,HandlingList,ReplacingListElement
q_topic_classes_objects:q_py_obj_car2,HandlingList,ListReferencing
q_topic_classes_objects:q_py_obj_car2,HandlingList,ReversingList
q_topic_classes_objects:q_py_obj_car2,AddingListElement,AddingListElementWithInsert
q_topic_classes_objects:q_py_obj_car2,AddingListElement,AddingListElementWithAppend
q_topic_classes_objects:q_py_obj_car2,HandlingFile,ClosingFile
q_topic_classes_objects:q_py_obj_car2,HandlingFile,ReadingLine
q_topic_classes_objects:q_py_obj_car2,HandlingFile,OpeningFile
q_topic_classes_objects:q_py_obj_car2,HandlingString,CreatingString
q_topic_classes_objects:q_py_obj_car2,HandlingString,ReplacingStringContent
q_topic_classes_objects:q_py_obj_car2,HandlingString,FormattingString
q_topic_classes_objects:q_py_obj_car2,HandlingString,TransformingToStringType
q_topic_classes_objects:q_py_obj_car2,HandlingString,SplittingString
q_topic_classes_objects:q_py_obj_car2,HandlingString,TrimmingString
q_topic_classes_objects:q_py_obj_car2,HandlingString,IndexingString
q_topic_classes_objects:q_py_obj_car2,HandlingString,SlicingString
q_topic_classes_objects:q_py_obj_car2,ModifyingStringCase,ConvertStringToUpperCase
q_topic_classes_objects:q_py_obj_car2,ModifyingStringCase,ConvertStringToLowerCase
q_topic_classes_objects:q_py_obj_car2,ModifyingStringCase,CapitalizeString
q_topic_classes_objects:q_py_obj_car2,HandlingError,HandlingSpecificError
q_topic_classes_objects:q_py_obj_car2,HandlingError,HandlingGeneralError
q_topic_classes_objects:q_py_obj_point1,Python,Concatenation
q_topic_classes_objects:q_py_obj_point1,Python,Importing
q_topic_classes_objects:q_py_obj_point1,Python,FindingLength
q_topic_classes_objects:q_py_obj_point1,Python,Printing
q_topic_classes_objects:q_py_obj_point1,Python,CheckingForItem
q_topic_classes_objects:q_py_obj_point1,Python,HandlingInput
q_topic_classes_objects:q_py_obj_point1,CheckingCondition,IfElseChecking
q_topic_classes_objects:q_py_obj_point1,CheckingCondition,AssertChecking
q_topic_classes_objects:q_py_obj_point1,CheckingCondition,IfElifElseChecking
q_topic_classes_objects:q_py_obj_point1,CheckingCondition,NestedIfChecking
q_topic_classes_objects:q_py_obj_point1,CheckingCondition,IfChecking
q_topic_classes_objects:q_py_obj_point1,CheckingCondition,IfElifChecking
q_topic_classes_objects:q_py_obj_point1,CheckingCondition,BooleanEvaluating
q_topic_classes_objects:q_py_obj_point1,CheckingInForLoop,IfElseCheckingInForLoop
q_topic_classes_objects:q_py_obj_point1,CheckingInForLoop,IfElifCheckingInForLoop
q_topic_classes_objects:q_py_obj_point1,CheckingInForLoop,IfCheckingInForLoop
q_topic_classes_objects:q_py_obj_point1,CheckingInForLoop,IfElifElseCheckingInForLoop
q_topic_classes_objects:q_py_obj_point1,CheckingInWhileLoop,IfElifElseCheckingInWhileLoop
q_topic_classes_objects:q_py_obj_point1,CheckingInWhileLoop,IfCheckingInWhileLoop
q_topic_classes_objects:q_py_obj_point1,CheckingInWhileLoop,IfElseCheckingInWhileLoop
q_topic_classes_objects:q_py_obj_point1,CheckingInWhileLoop,IfElifCheckingInWhileLoop
q_topic_classes_objects:q_py_obj_point1,ManagingVariable,SwappingVariablesValue
q_topic_classes_objects:q_py_obj_point1,ManagingVariable,AssigningVariable
q_topic_classes_objects:q_py_obj_point1,ManagingVariable,UpdatingVariable
q_topic_classes_objects:q_py_obj_point1,HandlingAdvancedDataStructure,BinaryTreeTask
q_topic_classes_objects:q_py_obj_point1,HandlingAdvancedDataStructure,LinkedListTask
q_topic_classes_objects:q_py_obj_point1,HandlingAdvancedDataStructure,QueueTask
q_topic_classes_objects:q_py_obj_point1,HandlingAdvancedDataStructure,StackTask
q_topic_classes_objects:q_py_obj_point1,TwoDimensionalArrayTask,ReplacingElement2DArray
q_topic_classes_objects:q_py_obj_point1,TwoDimensionalArrayTask,Indexing2DArray
q_topic_classes_objects:q_py_obj_point1,TwoDimensionalArrayTask,Create2DArray
q_topic_classes_objects:q_py_obj_point1,HandlingObjectOrientedProgramming,CallingOOPMethod
q_topic_classes_objects:q_py_obj_point1,HandlingFunction,CallingFunctionLibrary
q_topic_classes_objects:q_py_obj_point1,HandlingFunction,NestedFunctionCall
q_topic_classes_objects:q_py_obj_point1,HandlingFunctionCallingFunction,CallingFunctionCallingFunction
q_topic_classes_objects:q_py_obj_point1,HandlingFunctionCallingFunction,DefiningFunctionCallingFunction
q_topic_classes_objects:q_py_obj_point1,HandlingRecursiveFunction,CallingRecursiveFunction
q_topic_classes_objects:q_py_obj_point1,HandlingRecursiveFunction,DefiningRecursiveFunction
q_topic_classes_objects:q_py_obj_point1,HandlingNestedFunction,CallingNestedFunction
q_topic_classes_objects:q_py_obj_point1,HandlingNestedFunction,DefiningNestedFunction
q_topic_classes_objects:q_py_obj_point1,HandlingStandardFunction,CallingStandardFunction
q_topic_classes_objects:q_py_obj_point1,HandlingStandardFunction,DefiningStandardFunction
q_topic_classes_objects:q_py_obj_point1,NonNestedIteration,SingleForLoopIteration
q_topic_classes_objects:q_py_obj_point1,NonNestedIteration,SingleWhileLoopIteration
q_topic_classes_objects:q_py_obj_point1,WhileLoopWithUpdate,WhileLoopWithListIndexing
q_topic_classes_objects:q_py_obj_point1,WhileLoopWithUpdate,WhileLoopWith*=
q_topic_classes_objects:q_py_obj_point1,WhileLoopWithUpdate,WhileLoopWith+=
q_topic_classes_objects:q_py_obj_point1,ForLoopWithUpdate,ForLoopWith+=
q_topic_classes_objects:q_py_obj_point1,ForLoopWithUpdate,ForLoopWith*=
q_topic_classes_objects:q_py_obj_point1,ForLoopWithUpdate,ForLoopWithListIndexing
q_topic_classes_objects:q_py_obj_point1,NestedLoopIteration,MixedNestedLoopIteration
q_topic_classes_objects:q_py_obj_point1,NestedLoopIteration,NestedForLoopIteration
q_topic_classes_objects:q_py_obj_point1,NestedLoopIteration,NestedWhileLoopIteration
q_topic_classes_objects:q_py_obj_point1,ArithmeticOperation,FindAbsolute
q_topic_classes_objects:q_py_obj_point1,ArithmeticOperation,FindRemainder
q_topic_classes_objects:q_py_obj_point1,ArithmeticOperation,FindMaximum
q_topic_classes_objects:q_py_obj_point1,ArithmeticOperation,Addition
q_topic_classes_objects:q_py_obj_point1,ArithmeticOperation,Round
q_topic_classes_objects:q_py_obj_point1,ArithmeticOperation,Power
q_topic_classes_objects:q_py_obj_point1,ArithmeticOperation,FindMinimum
q_topic_classes_objects:q_py_obj_point1,ArithmeticOperation,Substraction
q_topic_classes_objects:q_py_obj_point1,ArithmeticOperation,Division
q_topic_classes_objects:q_py_obj_point1,ArithmeticOperation,Multiplication
q_topic_classes_objects:q_py_obj_point1,HandlingInteger,TransformingToIntType
q_topic_classes_objects:q_py_obj_point1,HandlingTuple,CreatingTuple
q_topic_classes_objects:q_py_obj_point1,HandlingTuple,SlicingTuple
q_topic_classes_objects:q_py_obj_point1,HandlingTuple,IndexingTuple
q_topic_classes_objects:q_py_obj_point1,HandlingFloat,TransformingToFloatType
q_topic_classes_objects:q_py_obj_point1,HandlingDictionary,ReplacingDictionaryElement
q_topic_classes_objects:q_py_obj_point1,HandlingDictionary,IndexingDictionary
q_topic_classes_objects:q_py_obj_point1,HandlingDictionary,AddingItemToDictionary
q_topic_classes_objects:q_py_obj_point1,HandlingDictionary,AccessingDictionary
q_topic_classes_objects:q_py_obj_point1,HandlingDictionary,CreatingDictionary
q_topic_classes_objects:q_py_obj_point1,HandlingList,DeletingListElement
q_topic_classes_objects:q_py_obj_point1,HandlingList,IndexingList
q_topic_classes_objects:q_py_obj_point1,HandlingList,CreatingList
q_topic_classes_objects:q_py_obj_point1,HandlingList,SlicingList
q_topic_classes_objects:q_py_obj_point1,HandlingList,ReplacingListElement
q_topic_classes_objects:q_py_obj_point1,HandlingList,ListReferencing
q_topic_classes_objects:q_py_obj_point1,HandlingList,ReversingList
q_topic_classes_objects:q_py_obj_point1,AddingListElement,AddingListElementWithInsert
q_topic_classes_objects:q_py_obj_point1,AddingListElement,AddingListElementWithAppend
q_topic_classes_objects:q_py_obj_point1,HandlingFile,ClosingFile
q_topic_classes_objects:q_py_obj_point1,HandlingFile,ReadingLine
q_topic_classes_objects:q_py_obj_point1,HandlingFile,OpeningFile
q_topic_classes_objects:q_py_obj_point1,HandlingString,CreatingString
q_topic_classes_objects:q_py_obj_point1,HandlingString,ReplacingStringContent
q_topic_classes_objects:q_py_obj_point1,HandlingString,FormattingString
q_topic_classes_objects:q_py_obj_point1,HandlingString,TransformingToStringType
q_topic_classes_objects:q_py_obj_point1,HandlingString,SplittingString
q_topic_classes_objects:q_py_obj_point1,HandlingString,TrimmingString
q_topic_classes_objects:q_py_obj_point1,HandlingString,IndexingString
q_topic_classes_objects:q_py_obj_point1,HandlingString,SlicingString
q_topic_classes_objects:q_py_obj_point1,ModifyingStringCase,ConvertStringToUpperCase
q_topic_classes_objects:q_py_obj_point1,ModifyingStringCase,ConvertStringToLowerCase
q_topic_classes_objects:q_py_obj_point1,ModifyingStringCase,CapitalizeString
q_topic_classes_objects:q_py_obj_point1,HandlingError,HandlingSpecificError
q_topic_classes_objects:q_py_obj_point1,HandlingError,HandlingGeneralError
q_topic_classes_objects:q_py_obj_student1,Python,Concatenation
q_topic_classes_objects:q_py_obj_student1,Python,Importing
q_topic_classes_objects:q_py_obj_student1,Python,FindingLength
q_topic_classes_objects:q_py_obj_student1,Python,Printing
q_topic_classes_objects:q_py_obj_student1,Python,CheckingForItem
q_topic_classes_objects:q_py_obj_student1,Python,HandlingInput
q_topic_classes_objects:q_py_obj_student1,CheckingCondition,IfElseChecking
q_topic_classes_objects:q_py_obj_student1,CheckingCondition,AssertChecking
q_topic_classes_objects:q_py_obj_student1,CheckingCondition,IfElifElseChecking
q_topic_classes_objects:q_py_obj_student1,CheckingCondition,NestedIfChecking
q_topic_classes_objects:q_py_obj_student1,CheckingCondition,IfChecking
q_topic_classes_objects:q_py_obj_student1,CheckingCondition,IfElifChecking
q_topic_classes_objects:q_py_obj_student1,CheckingCondition,BooleanEvaluating
q_topic_classes_objects:q_py_obj_student1,CheckingInForLoop,IfElseCheckingInForLoop
q_topic_classes_objects:q_py_obj_student1,CheckingInForLoop,IfElifCheckingInForLoop
q_topic_classes_objects:q_py_obj_student1,CheckingInForLoop,IfCheckingInForLoop
q_topic_classes_objects:q_py_obj_student1,CheckingInForLoop,IfElifElseCheckingInForLoop
q_topic_classes_objects:q_py_obj_student1,CheckingInWhileLoop,IfElifElseCheckingInWhileLoop
q_topic_classes_objects:q_py_obj_student1,CheckingInWhileLoop,IfCheckingInWhileLoop
q_topic_classes_objects:q_py_obj_student1,CheckingInWhileLoop,IfElseCheckingInWhileLoop
q_topic_classes_objects:q_py_obj_student1,CheckingInWhileLoop,IfElifCheckingInWhileLoop
q_topic_classes_objects:q_py_obj_student1,ManagingVariable,SwappingVariablesValue
q_topic_classes_objects:q_py_obj_student1,ManagingVariable,AssigningVariable
q_topic_classes_objects:q_py_obj_student1,ManagingVariable,UpdatingVariable
q_topic_classes_objects:q_py_obj_student1,HandlingAdvancedDataStructure,BinaryTreeTask
q_topic_classes_objects:q_py_obj_student1,HandlingAdvancedDataStructure,LinkedListTask
q_topic_classes_objects:q_py_obj_student1,HandlingAdvancedDataStructure,QueueTask
q_topic_classes_objects:q_py_obj_student1,HandlingAdvancedDataStructure,StackTask
q_topic_classes_objects:q_py_obj_student1,TwoDimensionalArrayTask,ReplacingElement2DArray
q_topic_classes_objects:q_py_obj_student1,TwoDimensionalArrayTask,Indexing2DArray
q_topic_classes_objects:q_py_obj_student1,TwoDimensionalArrayTask,Create2DArray
q_topic_classes_objects:q_py_obj_student1,HandlingObjectOrientedProgramming,CallingOOPMethod
q_topic_classes_objects:q_py_obj_student1,HandlingFunction,CallingFunctionLibrary
q_topic_classes_objects:q_py_obj_student1,HandlingFunction,NestedFunctionCall
q_topic_classes_objects:q_py_obj_student1,HandlingFunctionCallingFunction,CallingFunctionCallingFunction
q_topic_classes_objects:q_py_obj_student1,HandlingFunctionCallingFunction,DefiningFunctionCallingFunction
q_topic_classes_objects:q_py_obj_student1,HandlingRecursiveFunction,CallingRecursiveFunction
q_topic_classes_objects:q_py_obj_student1,HandlingRecursiveFunction,DefiningRecursiveFunction
q_topic_classes_objects:q_py_obj_student1,HandlingNestedFunction,CallingNestedFunction
q_topic_classes_objects:q_py_obj_student1,HandlingNestedFunction,DefiningNestedFunction
q_topic_classes_objects:q_py_obj_student1,HandlingStandardFunction,CallingStandardFunction
q_topic_classes_objects:q_py_obj_student1,HandlingStandardFunction,DefiningStandardFunction
q_topic_classes_objects:q_py_obj_student1,NonNestedIteration,SingleForLoopIteration
q_topic_classes_objects:q_py_obj_student1,NonNestedIteration,SingleWhileLoopIteration
q_topic_classes_objects:q_py_obj_student1,WhileLoopWithUpdate,WhileLoopWithListIndexing
q_topic_classes_objects:q_py_obj_student1,WhileLoopWithUpdate,WhileLoopWith*=
q_topic_classes_objects:q_py_obj_student1,WhileLoopWithUpdate,WhileLoopWith+=
q_topic_classes_objects:q_py_obj_student1,ForLoopWithUpdate,ForLoopWith+=
q_topic_classes_objects:q_py_obj_student1,ForLoopWithUpdate,ForLoopWith*=
q_topic_classes_objects:q_py_obj_student1,ForLoopWithUpdate,ForLoopWithListIndexing
q_topic_classes_objects:q_py_obj_student1,NestedLoopIteration,MixedNestedLoopIteration
q_topic_classes_objects:q_py_obj_student1,NestedLoopIteration,NestedForLoopIteration
q_topic_classes_objects:q_py_obj_student1,NestedLoopIteration,NestedWhileLoopIteration
q_topic_classes_objects:q_py_obj_student1,ArithmeticOperation,FindAbsolute
q_topic_classes_objects:q_py_obj_student1,ArithmeticOperation,FindRemainder
q_topic_classes_objects:q_py_obj_student1,ArithmeticOperation,FindMaximum
q_topic_classes_objects:q_py_obj_student1,ArithmeticOperation,Addition
q_topic_classes_objects:q_py_obj_student1,ArithmeticOperation,Round
q_topic_classes_objects:q_py_obj_student1,ArithmeticOperation,Power
q_topic_classes_objects:q_py_obj_student1,ArithmeticOperation,FindMinimum
q_topic_classes_objects:q_py_obj_student1,ArithmeticOperation,Substraction
q_topic_classes_objects:q_py_obj_student1,ArithmeticOperation,Division
q_topic_classes_objects:q_py_obj_student1,ArithmeticOperation,Multiplication
q_topic_classes_objects:q_py_obj_student1,HandlingInteger,TransformingToIntType
q_topic_classes_objects:q_py_obj_student1,HandlingTuple,CreatingTuple
q_topic_classes_objects:q_py_obj_student1,HandlingTuple,SlicingTuple
q_topic_classes_objects:q_py_obj_student1,HandlingTuple,IndexingTuple
q_topic_classes_objects:q_py_obj_student1,HandlingFloat,TransformingToFloatType
q_topic_classes_objects:q_py_obj_student1,HandlingDictionary,ReplacingDictionaryElement
q_topic_classes_objects:q_py_obj_student1,HandlingDictionary,IndexingDictionary
q_topic_classes_objects:q_py_obj_student1,HandlingDictionary,AddingItemToDictionary
q_topic_classes_objects:q_py_obj_student1,HandlingDictionary,AccessingDictionary
q_topic_classes_objects:q_py_obj_student1,HandlingDictionary,CreatingDictionary
q_topic_classes_objects:q_py_obj_student1,HandlingList,DeletingListElement
q_topic_classes_objects:q_py_obj_student1,HandlingList,IndexingList
q_topic_classes_objects:q_py_obj_student1,HandlingList,CreatingList
q_topic_classes_objects:q_py_obj_student1,HandlingList,SlicingList
q_topic_classes_objects:q_py_obj_student1,HandlingList,ReplacingListElement
q_topic_classes_objects:q_py_obj_student1,HandlingList,ListReferencing
q_topic_classes_objects:q_py_obj_student1,HandlingList,ReversingList
q_topic_classes_objects:q_py_obj_student1,AddingListElement,AddingListElementWithInsert
q_topic_classes_objects:q_py_obj_student1,AddingListElement,AddingListElementWithAppend
q_topic_classes_objects:q_py_obj_student1,HandlingFile,ClosingFile
q_topic_classes_objects:q_py_obj_student1,HandlingFile,ReadingLine
q_topic_classes_objects:q_py_obj_student1,HandlingFile,OpeningFile
q_topic_classes_objects:q_py_obj_student1,HandlingString,CreatingString
q_topic_classes_objects:q_py_obj_student1,HandlingString,ReplacingStringContent
q_topic_classes_objects:q_py_obj_student1,HandlingString,FormattingString
q_topic_classes_objects:q_py_obj_student1,HandlingString,TransformingToStringType
q_topic_classes_objects:q_py_obj_student1,HandlingString,SplittingString
q_topic_classes_objects:q_py_obj_student1,HandlingString,TrimmingString
q_topic_classes_objects:q_py_obj_student1,HandlingString,IndexingString
q_topic_classes_objects:q_py_obj_student1,HandlingString,SlicingString
q_topic_classes_objects:q_py_obj_student1,ModifyingStringCase,ConvertStringToUpperCase
q_topic_classes_objects:q_py_obj_student1,ModifyingStringCase,ConvertStringToLowerCase
q_topic_classes_objects:q_py_obj_student1,ModifyingStringCase,CapitalizeString
q_topic_classes_objects:q_py_obj_student1,HandlingError,HandlingSpecificError
q_topic_classes_objects:q_py_obj_student1,HandlingError,HandlingGeneralError
py_adjacent_consecutive,Python,Concatenation
py_adjacent_consecutive,Python,FindingLength
py_adjacent_consecutive,Python,Printing
py_adjacent_consecutive,Python,CheckingForItem
py_adjacent_consecutive,CheckingCondition,AssertChecking
py_adjacent_consecutive,CheckingCondition,IfElifChecking
py_adjacent_consecutive,CheckingInForLoop,IfElseCheckingInForLoop
py_adjacent_consecutive,CheckingInForLoop,IfElifCheckingInForLoop
py_adjacent_consecutive,CheckingInForLoop,IfCheckingInForLoop
py_adjacent_consecutive,CheckingInForLoop,IfElifElseCheckingInForLoop
py_adjacent_consecutive,CheckingInWhileLoop,IfElifCheckingInWhileLoop
py_adjacent_consecutive,ManagingVariable,SwappingVariablesValue
py_adjacent_consecutive,HandlingAdvancedDataStructure,BinaryTreeTask
py_adjacent_consecutive,HandlingAdvancedDataStructure,LinkedListTask
py_adjacent_consecutive,HandlingAdvancedDataStructure,QueueTask
py_adjacent_consecutive,HandlingAdvancedDataStructure,StackTask
py_adjacent_consecutive,TwoDimensionalArrayTask,ReplacingElement2DArray
py_adjacent_consecutive,TwoDimensionalArrayTask,Indexing2DArray
py_adjacent_consecutive,TwoDimensionalArrayTask,Create2DArray
py_adjacent_consecutive,HandlingObjectOrientedProgramming,CallingOOPMethod
py_adjacent_consecutive,HandlingObjectOrientedProgramming,CreatingObject
py_adjacent_consecutive,HandlingObjectOrientedProgramming,DefiningClass
py_adjacent_consecutive,HandlingObjectOrientedProgramming,DefiningOOPMethod
py_adjacent_consecutive,HandlingFunction,NestedFunctionCall
py_adjacent_consecutive,HandlingFunctionCallingFunction,CallingFunctionCallingFunction
py_adjacent_consecutive,HandlingFunctionCallingFunction,DefiningFunctionCallingFunction
py_adjacent_consecutive,HandlingRecursiveFunction,CallingRecursiveFunction
py_adjacent_consecutive,HandlingRecursiveFunction,DefiningRecursiveFunction
py_adjacent_consecutive,HandlingNestedFunction,CallingNestedFunction
py_adjacent_consecutive,HandlingNestedFunction,DefiningNestedFunction
py_adjacent_consecutive,HandlingStandardFunction,CallingStandardFunction
py_adjacent_consecutive,HandlingStandardFunction,DefiningStandardFunction
py_adjacent_consecutive,NonNestedIteration,SingleForLoopIteration
py_adjacent_consecutive,WhileLoopWithUpdate,WhileLoopWithListIndexing
py_adjacent_consecutive,WhileLoopWithUpdate,WhileLoopWith*=
py_adjacent_consecutive,WhileLoopWithUpdate,WhileLoopWith+=
py_adjacent_consecutive,ForLoopWithUpdate,ForLoopWith+=
py_adjacent_consecutive,ForLoopWithUpdate,ForLoopWith*=
py_adjacent_consecutive,ForLoopWithUpdate,ForLoopWithListIndexing
py_adjacent_consecutive,NestedLoopIteration,MixedNestedLoopIteration
py_adjacent_consecutive,NestedLoopIteration,NestedForLoopIteration
py_adjacent_consecutive,NestedLoopIteration,NestedWhileLoopIteration
py_adjacent_consecutive,ArithmeticOperation,FindAbsolute
py_adjacent_consecutive,ArithmeticOperation,FindRemainder
py_adjacent_consecutive,ArithmeticOperation,FindMaximum
py_adjacent_consecutive,ArithmeticOperation,Addition
py_adjacent_consecutive,ArithmeticOperation,Round
py_adjacent_consecutive,ArithmeticOperation,Power
py_adjacent_consecutive,ArithmeticOperation,FindMinimum
py_adjacent_consecutive,ArithmeticOperation,Substraction
py_adjacent_consecutive,ArithmeticOperation,Division
py_adjacent_consecutive,ArithmeticOperation,Multiplication
py_adjacent_consecutive,HandlingInteger,TransformingToIntType
py_adjacent_consecutive,HandlingTuple,CreatingTuple
py_adjacent_consecutive,HandlingTuple,SlicingTuple
py_adjacent_consecutive,HandlingTuple,IndexingTuple
py_adjacent_consecutive,HandlingFloat,TransformingToFloatType
py_adjacent_consecutive,HandlingDictionary,ReplacingDictionaryElement
py_adjacent_consecutive,HandlingDictionary,IndexingDictionary
py_adjacent_consecutive,HandlingDictionary,AddingItemToDictionary
py_adjacent_consecutive,HandlingDictionary,AccessingDictionary
py_adjacent_consecutive,HandlingDictionary,CreatingDictionary
py_adjacent_consecutive,HandlingList,DeletingListElement
py_adjacent_consecutive,HandlingList,IndexingList
py_adjacent_consecutive,HandlingList,CreatingList
py_adjacent_consecutive,HandlingList,SlicingList
py_adjacent_consecutive,HandlingList,ReplacingListElement
py_adjacent_consecutive,HandlingList,ListReferencing
py_adjacent_consecutive,HandlingList,ReversingList
py_adjacent_consecutive,AddingListElement,AddingListElementWithInsert
py_adjacent_consecutive,AddingListElement,AddingListElementWithAppend
py_adjacent_consecutive,HandlingFile,ClosingFile
py_adjacent_consecutive,HandlingFile,ReadingLine
py_adjacent_consecutive,HandlingFile,OpeningFile
py_adjacent_consecutive,HandlingString,ReplacingStringContent
py_adjacent_consecutive,HandlingString,SlicingString
py_adjacent_consecutive,ModifyingStringCase,ConvertStringToUpperCase
py_adjacent_consecutive,ModifyingStringCase,ConvertStringToLowerCase
py_adjacent_consecutive,ModifyingStringCase,CapitalizeString
py_adjacent_consecutive,HandlingError,HandlingSpecificError
py_adjacent_consecutive,HandlingError,HandlingGeneralError
py_win_percentage,Python,Concatenation
py_win_percentage,CheckingInForLoop,IfElseCheckingInForLoop
py_win_percentage,CheckingInForLoop,IfElifCheckingInForLoop
py_win_percentage,CheckingInForLoop,IfCheckingInForLoop
py_win_percentage,CheckingInForLoop,IfElifElseCheckingInForLoop
py_win_percentage,ManagingVariable,SwappingVariablesValue
py_win_percentage,HandlingAdvancedDataStructure,BinaryTreeTask
py_win_percentage,HandlingAdvancedDataStructure,LinkedListTask
py_win_percentage,HandlingAdvancedDataStructure,QueueTask
py_win_percentage,HandlingAdvancedDataStructure,StackTask
py_win_percentage,TwoDimensionalArrayTask,ReplacingElement2DArray
py_win_percentage,TwoDimensionalArrayTask,Indexing2DArray
py_win_percentage,TwoDimensionalArrayTask,Create2DArray
py_win_percentage,HandlingObjectOrientedProgramming,CallingOOPMethod
py_win_percentage,HandlingObjectOrientedProgramming,CreatingObject
py_win_percentage,HandlingObjectOrientedProgramming,DefiningClass
py_win_percentage,HandlingObjectOrientedProgramming,DefiningOOPMethod
py_win_percentage,HandlingFunctionCallingFunction,CallingFunctionCallingFunction
py_win_percentage,HandlingFunctionCallingFunction,DefiningFunctionCallingFunction
py_win_percentage,HandlingRecursiveFunction,CallingRecursiveFunction
py_win_percentage,HandlingRecursiveFunction,DefiningRecursiveFunction
py_win_percentage,HandlingNestedFunction,CallingNestedFunction
py_win_percentage,HandlingNestedFunction,DefiningNestedFunction
py_win_percentage,HandlingStandardFunction,CallingStandardFunction
py_win_percentage,HandlingStandardFunction,DefiningStandardFunction
py_win_percentage,NonNestedIteration,SingleForLoopIteration
py_win_percentage,WhileLoopWithUpdate,WhileLoopWith*=
py_win_percentage,ForLoopWithUpdate,ForLoopWith+=
py_win_percentage,ForLoopWithUpdate,ForLoopWith*=
py_win_percentage,ForLoopWithUpdate,ForLoopWithListIndexing
py_win_percentage,NestedLoopIteration,MixedNestedLoopIteration
py_win_percentage,NestedLoopIteration,NestedForLoopIteration
py_win_percentage,NestedLoopIteration,NestedWhileLoopIteration
py_win_percentage,ArithmeticOperation,FindAbsolute
py_win_percentage,ArithmeticOperation,FindRemainder
py_win_percentage,ArithmeticOperation,FindMaximum
py_win_percentage,ArithmeticOperation,Round
py_win_percentage,ArithmeticOperation,Power
py_win_percentage,ArithmeticOperation,FindMinimum
py_win_percentage,HandlingTuple,CreatingTuple
py_win_percentage,HandlingTuple,SlicingTuple
py_win_percentage,HandlingTuple,IndexingTuple
py_win_percentage,HandlingFloat,TransformingToFloatType
py_win_percentage,HandlingDictionary,ReplacingDictionaryElement
py_win_percentage,HandlingDictionary,IndexingDictionary
py_win_percentage,HandlingDictionary,AddingItemToDictionary
py_win_percentage,HandlingDictionary,AccessingDictionary
py_win_percentage,HandlingDictionary,CreatingDictionary
py_win_percentage,HandlingList,DeletingListElement
py_win_percentage,HandlingList,IndexingList
py_win_percentage,HandlingList,CreatingList
py_win_percentage,HandlingList,SlicingList
py_win_percentage,HandlingList,ReplacingListElement
py_win_percentage,HandlingList,ListReferencing
py_win_percentage,HandlingList,ReversingList
py_win_percentage,AddingListElement,AddingListElementWithInsert
py_win_percentage,AddingListElement,AddingListElementWithAppend
py_win_percentage,HandlingFile,ClosingFile
py_win_percentage,HandlingFile,ReadingLine
py_win_percentage,HandlingFile,OpeningFile
py_win_percentage,HandlingString,ReplacingStringContent
py_win_percentage,HandlingString,TransformingToStringType
py_win_percentage,HandlingString,TrimmingString
py_win_percentage,HandlingString,SlicingString
py_win_percentage,ModifyingStringCase,ConvertStringToUpperCase
py_win_percentage,ModifyingStringCase,ConvertStringToLowerCase
py_win_percentage,ModifyingStringCase,CapitalizeString
py_win_percentage_input,Python,Concatenation
py_win_percentage_input,ManagingVariable,SwappingVariablesValue
py_find_average,Python,Concatenation
py_find_average,CheckingCondition,AssertChecking
py_find_average,CheckingCondition,IfElifChecking
py_find_average,CheckingCondition,BooleanEvaluating
py_find_average,CheckingInForLoop,IfElseCheckingInForLoop
py_find_average,CheckingInForLoop,IfElifCheckingInForLoop
py_find_average,CheckingInForLoop,IfCheckingInForLoop
py_find_average,CheckingInForLoop,IfElifElseCheckingInForLoop
py_find_average,CheckingInWhileLoop,IfElifCheckingInWhileLoop
py_find_average,ManagingVariable,SwappingVariablesValue
py_find_average,HandlingAdvancedDataStructure,BinaryTreeTask
py_find_average,HandlingAdvancedDataStructure,LinkedListTask
py_find_average,HandlingAdvancedDataStructure,QueueTask
py_find_average,HandlingAdvancedDataStructure,StackTask
py_find_average,TwoDimensionalArrayTask,ReplacingElement2DArray
py_find_average,TwoDimensionalArrayTask,Indexing2DArray
py_find_average,TwoDimensionalArrayTask,Create2DArray
py_find_average,HandlingObjectOrientedProgramming,CallingOOPMethod
py_find_average,HandlingObjectOrientedProgramming,CreatingObject
py_find_average,HandlingObjectOrientedProgramming,DefiningClass
py_find_average,HandlingObjectOrientedProgramming,DefiningOOPMethod
py_find_average,HandlingFunction,CallingFunctionLibrary
py_find_average,HandlingFunction,NestedFunctionCall
py_find_average,HandlingFunctionCallingFunction,DefiningFunctionCallingFunction
py_find_average,HandlingRecursiveFunction,CallingRecursiveFunction
py_find_average,HandlingRecursiveFunction,DefiningRecursiveFunction
py_find_average,HandlingNestedFunction,CallingNestedFunction
py_find_average,HandlingNestedFunction,DefiningNestedFunction
py_find_average,HandlingStandardFunction,CallingStandardFunction
py_find_average,HandlingStandardFunction,DefiningStandardFunction
py_find_average,NonNestedIteration,SingleForLoopIteration
py_find_average,WhileLoopWithUpdate,WhileLoopWithListIndexing
py_find_average,WhileLoopWithUpdate,WhileLoopWith*=
py_find_average,ForLoopWithUpdate,ForLoopWith+=
py_find_average,ForLoopWithUpdate,ForLoopWith*=
py_find_average,ForLoopWithUpdate,ForLoopWithListIndexing
py_find_average,NestedLoopIteration,MixedNestedLoopIteration
py_find_average,NestedLoopIteration,NestedForLoopIteration
py_find_average,NestedLoopIteration,NestedWhileLoopIteration
py_find_average,ArithmeticOperation,FindAbsolute
py_find_average,ArithmeticOperation,FindRemainder
py_find_average,ArithmeticOperation,FindMaximum
py_find_average,ArithmeticOperation,Round
py_find_average,ArithmeticOperation,Power
py_find_average,ArithmeticOperation,FindMinimum
py_find_average,ArithmeticOperation,Substraction
py_find_average,ArithmeticOperation,Multiplication
py_find_average,HandlingTuple,CreatingTuple
py_find_average,HandlingTuple,SlicingTuple
py_find_average,HandlingTuple,IndexingTuple
py_find_average,HandlingFloat,TransformingToFloatType
py_find_average,HandlingDictionary,ReplacingDictionaryElement
py_find_average,HandlingDictionary,AddingItemToDictionary
py_find_average,HandlingDictionary,AccessingDictionary
py_find_average,HandlingList,DeletingListElement
py_find_average,HandlingList,SlicingList
py_find_average,HandlingList,ListReferencing
py_find_average,HandlingList,ReversingList
py_find_average,AddingListElement,AddingListElementWithInsert
py_find_average,AddingListElement,AddingListElementWithAppend
py_find_average,HandlingFile,ClosingFile
py_find_average,HandlingFile,ReadingLine
py_find_average,HandlingFile,OpeningFile
py_find_average,HandlingString,ReplacingStringContent
py_find_average,HandlingString,TransformingToStringType
py_find_average,HandlingString,SplittingString
py_find_average,HandlingString,TrimmingString
py_find_average,HandlingString,SlicingString
py_find_average,ModifyingStringCase,ConvertStringToUpperCase
py_find_average,ModifyingStringCase,ConvertStringToLowerCase
py_find_average,ModifyingStringCase,CapitalizeString
py_average_even_nums,Python,Concatenation
py_average_even_nums,HandlingAdvancedDataStructure,BinaryTreeTask
py_average_even_nums,HandlingAdvancedDataStructure,LinkedListTask
py_average_even_nums,HandlingAdvancedDataStructure,QueueTask
py_average_even_nums,HandlingAdvancedDataStructure,StackTask
py_average_even_nums,TwoDimensionalArrayTask,ReplacingElement2DArray
py_average_even_nums,TwoDimensionalArrayTask,Indexing2DArray
py_average_even_nums,TwoDimensionalArrayTask,Create2DArray
py_average_even_nums,HandlingObjectOrientedProgramming,CallingOOPMethod
py_average_even_nums,HandlingObjectOrientedProgramming,CreatingObject
py_average_even_nums,HandlingObjectOrientedProgramming,DefiningClass
py_average_even_nums,HandlingObjectOrientedProgramming,DefiningOOPMethod
py_average_even_nums,HandlingFunctionCallingFunction,CallingFunctionCallingFunction
py_average_even_nums,HandlingFunctionCallingFunction,DefiningFunctionCallingFunction
py_average_even_nums,HandlingRecursiveFunction,CallingRecursiveFunction
py_average_even_nums,HandlingRecursiveFunction,DefiningRecursiveFunction
py_average_even_nums,HandlingNestedFunction,CallingNestedFunction
py_average_even_nums,HandlingNestedFunction,DefiningNestedFunction
py_average_even_nums,ForLoopWithUpdate,ForLoopWith+=
py_average_even_nums,ForLoopWithUpdate,ForLoopWith*=
py_average_even_nums,ForLoopWithUpdate,ForLoopWithListIndexing
py_average_even_nums,NestedLoopIteration,MixedNestedLoopIteration
py_average_even_nums,NestedLoopIteration,NestedForLoopIteration
py_average_even_nums,NestedLoopIteration,NestedWhileLoopIteration
py_average_even_nums,ArithmeticOperation,FindAbsolute
py_average_even_nums,HandlingTuple,CreatingTuple
py_average_even_nums,HandlingTuple,SlicingTuple
py_average_even_nums,HandlingTuple,IndexingTuple
py_average_even_nums,HandlingFloat,TransformingToFloatType
py_average_even_nums,HandlingDictionary,ReplacingDictionaryElement
py_average_even_nums,HandlingList,SlicingList
py_average_even_nums,HandlingList,ListReferencing
py_average_even_nums,HandlingFile,ClosingFile
py_average_even_nums,HandlingFile,ReadingLine
py_average_even_nums,HandlingFile,OpeningFile
py_average_even_nums,HandlingString,ReplacingStringContent
py_average_even_nums,HandlingString,TransformingToStringType
py_average_even_nums,HandlingString,SlicingString
py_average_even_nums,ModifyingStringCase,ConvertStringToUpperCase
py_average_even_nums,ModifyingStringCase,ConvertStringToLowerCase
py_average_even_nums,ModifyingStringCase,CapitalizeString
py_average_float,Python,Concatenation
py_average_float,CheckingCondition,AssertChecking
py_average_float,CheckingCondition,IfElifChecking
py_average_float,ManagingVariable,SwappingVariablesValue
py_average_float,HandlingAdvancedDataStructure,BinaryTreeTask
py_average_float,HandlingAdvancedDataStructure,LinkedListTask
py_average_float,HandlingAdvancedDataStructure,QueueTask
py_average_float,HandlingAdvancedDataStructure,StackTask
py_average_float,TwoDimensionalArrayTask,ReplacingElement2DArray
py_average_float,TwoDimensionalArrayTask,Indexing2DArray
py_average_float,TwoDimensionalArrayTask,Create2DArray
py_average_float,HandlingObjectOrientedProgramming,CallingOOPMethod
py_average_float,HandlingObjectOrientedProgramming,CreatingObject
py_average_float,HandlingObjectOrientedProgramming,DefiningClass
py_average_float,HandlingObjectOrientedProgramming,DefiningOOPMethod
py_average_float,HandlingFunctionCallingFunction,CallingFunctionCallingFunction
py_average_float,HandlingFunctionCallingFunction,DefiningFunctionCallingFunction
py_average_float,HandlingRecursiveFunction,CallingRecursiveFunction
py_average_float,HandlingRecursiveFunction,DefiningRecursiveFunction
py_average_float,HandlingNestedFunction,CallingNestedFunction
py_average_float,HandlingNestedFunction,DefiningNestedFunction
py_average_float,NonNestedIteration,SingleForLoopIteration
py_average_float,WhileLoopWithUpdate,WhileLoopWith*=
py_average_float,ForLoopWithUpdate,ForLoopWith+=
py_average_float,ForLoopWithUpdate,ForLoopWith*=
py_average_float,ForLoopWithUpdate,ForLoopWithListIndexing
py_average_float,NestedLoopIteration,MixedNestedLoopIteration
py_average_float,NestedLoopIteration,NestedForLoopIteration
py_average_float,NestedLoopIteration,NestedWhileLoopIteration
py_average_float,ArithmeticOperation,FindAbsolute
py_average_float,ArithmeticOperation,FindRemainder
py_average_float,ArithmeticOperation,FindMaximum
py_average_float,ArithmeticOperation,Round
py_average_float,ArithmeticOperation,Power
py_average_float,ArithmeticOperation,FindMinimum
py_average_float,ArithmeticOperation,Substraction
py_average_float,ArithmeticOperation,Multiplication
py_average_float,HandlingInteger,TransformingToIntType
py_average_float,HandlingTuple,CreatingTuple
py_average_float,HandlingTuple,SlicingTuple
py_average_float,HandlingTuple,IndexingTuple
py_average_float,HandlingDictionary,ReplacingDictionaryElement
py_average_float,HandlingDictionary,IndexingDictionary
py_average_float,HandlingDictionary,AddingItemToDictionary
py_average_float,HandlingDictionary,AccessingDictionary
py_average_float,HandlingDictionary,CreatingDictionary
py_average_float,HandlingList,DeletingListElement
py_average_float,HandlingList,IndexingList
py_average_float,HandlingList,CreatingList
py_average_float,HandlingList,SlicingList
py_average_float,HandlingList,ReplacingListElement
py_average_float,HandlingList,ListReferencing
py_average_float,HandlingList,ReversingList
py_average_float,AddingListElement,AddingListElementWithInsert
py_average_float,AddingListElement,AddingListElementWithAppend
py_average_float,HandlingFile,ClosingFile
py_average_float,HandlingFile,ReadingLine
py_average_float,HandlingFile,OpeningFile
py_average_float,HandlingString,ReplacingStringContent
py_average_float,HandlingString,TransformingToStringType
py_average_float,HandlingString,SplittingString
py_average_float,HandlingString,TrimmingString
py_average_float,ModifyingStringCase,ConvertStringToUpperCase
py_average_float,ModifyingStringCase,ConvertStringToLowerCase
py_average_float,ModifyingStringCase,CapitalizeString
py_list2d_basic,Python,CheckingForItem
py_list2d_basic,CheckingCondition,AssertChecking
py_list2d_basic,TwoDimensionalArrayTask,Indexing2DArray
py_list2d_basic,HandlingObjectOrientedProgramming,CallingOOPMethod
py_list2d_basic,HandlingObjectOrientedProgramming,CreatingObject
py_list2d_basic,HandlingObjectOrientedProgramming,DefiningClass
py_list2d_basic,HandlingObjectOrientedProgramming,DefiningOOPMethod
py_list2d_basic2,Python,Concatenation
py_list2d_basic2,Python,FindingLength
py_list2d_basic2,Python,CheckingForItem
py_list2d_basic2,CheckingCondition,AssertChecking
py_list2d_basic2,CheckingCondition,IfElifElseChecking
py_list2d_basic2,CheckingCondition,NestedIfChecking
py_list2d_basic2,CheckingCondition,IfElifChecking
py_list2d_basic2,CheckingCondition,BooleanEvaluating
py_list2d_basic2,CheckingInForLoop,IfElseCheckingInForLoop
py_list2d_basic2,CheckingInForLoop,IfElifCheckingInForLoop
py_list2d_basic2,CheckingInForLoop,IfCheckingInForLoop
py_list2d_basic2,CheckingInForLoop,IfElifElseCheckingInForLoop
py_list2d_basic2,CheckingInWhileLoop,IfElifElseCheckingInWhileLoop
py_list2d_basic2,CheckingInWhileLoop,IfCheckingInWhileLoop
py_list2d_basic2,CheckingInWhileLoop,IfElseCheckingInWhileLoop
py_list2d_basic2,CheckingInWhileLoop,IfElifCheckingInWhileLoop
py_list2d_basic2,ManagingVariable,SwappingVariablesValue
py_list2d_basic2,ManagingVariable,AssigningVariable
py_list2d_basic2,HandlingAdvancedDataStructure,BinaryTreeTask
py_list2d_basic2,HandlingAdvancedDataStructure,LinkedListTask
py_list2d_basic2,HandlingAdvancedDataStructure,QueueTask
py_list2d_basic2,HandlingAdvancedDataStructure,StackTask
py_list2d_basic2,HandlingObjectOrientedProgramming,CallingOOPMethod
py_list2d_basic2,HandlingObjectOrientedProgramming,CreatingObject
py_list2d_basic2,HandlingObjectOrientedProgramming,DefiningClass
py_list2d_basic2,HandlingObjectOrientedProgramming,DefiningOOPMethod
py_list2d_basic2,HandlingFunctionCallingFunction,CallingFunctionCallingFunction
py_list2d_basic2,HandlingFunctionCallingFunction,DefiningFunctionCallingFunction
py_list2d_basic2,HandlingRecursiveFunction,CallingRecursiveFunction
py_list2d_basic2,HandlingRecursiveFunction,DefiningRecursiveFunction
py_list2d_basic2,HandlingNestedFunction,CallingNestedFunction
py_list2d_basic2,HandlingNestedFunction,DefiningNestedFunction
py_list2d_basic2,HandlingStandardFunction,CallingStandardFunction
py_list2d_basic2,HandlingStandardFunction,DefiningStandardFunction
py_list2d_basic2,NonNestedIteration,SingleForLoopIteration
py_list2d_basic2,NonNestedIteration,SingleWhileLoopIteration
py_list2d_basic2,WhileLoopWithUpdate,WhileLoopWithListIndexing
py_list2d_basic2,WhileLoopWithUpdate,WhileLoopWith*=
py_list2d_basic2,WhileLoopWithUpdate,WhileLoopWith+=
py_list2d_basic2,ForLoopWithUpdate,ForLoopWith+=
py_list2d_basic2,ForLoopWithUpdate,ForLoopWith*=
py_list2d_basic2,ForLoopWithUpdate,ForLoopWithListIndexing
py_list2d_basic2,NestedLoopIteration,MixedNestedLoopIteration
py_list2d_basic2,NestedLoopIteration,NestedForLoopIteration
py_list2d_basic2,NestedLoopIteration,NestedWhileLoopIteration
py_list2d_basic2,ArithmeticOperation,FindAbsolute
py_list2d_basic2,ArithmeticOperation,FindRemainder
py_list2d_basic2,ArithmeticOperation,FindMaximum
py_list2d_basic2,ArithmeticOperation,Addition
py_list2d_basic2,ArithmeticOperation,Round
py_list2d_basic2,ArithmeticOperation,Power
py_list2d_basic2,ArithmeticOperation,FindMinimum
py_list2d_basic2,ArithmeticOperation,Substraction
py_list2d_basic2,ArithmeticOperation,Division
py_list2d_basic2,ArithmeticOperation,Multiplication
py_list2d_basic2,HandlingInteger,TransformingToIntType
py_list2d_basic2,HandlingTuple,CreatingTuple
py_list2d_basic2,HandlingTuple,SlicingTuple
py_list2d_basic2,HandlingTuple,IndexingTuple
py_list2d_basic2,HandlingFloat,TransformingToFloatType
py_list2d_basic2,HandlingDictionary,ReplacingDictionaryElement
py_list2d_basic2,HandlingDictionary,IndexingDictionary
py_list2d_basic2,HandlingDictionary,AddingItemToDictionary
py_list2d_basic2,HandlingDictionary,AccessingDictionary
py_list2d_basic2,HandlingList,DeletingListElement
py_list2d_basic2,HandlingList,SlicingList
py_list2d_basic2,HandlingList,ListReferencing
py_list2d_basic2,HandlingList,ReversingList
py_list2d_basic2,AddingListElement,AddingListElementWithInsert
py_list2d_basic2,AddingListElement,AddingListElementWithAppend
py_list2d_basic2,HandlingFile,ClosingFile
py_list2d_basic2,HandlingFile,ReadingLine
py_list2d_basic2,HandlingFile,OpeningFile
py_list2d_basic2,HandlingString,ReplacingStringContent
py_list2d_basic2,HandlingString,FormattingString
py_list2d_basic2,HandlingString,TransformingToStringType
py_list2d_basic2,HandlingString,SplittingString
py_list2d_basic2,HandlingString,TrimmingString
py_list2d_basic2,HandlingString,IndexingString
py_list2d_basic2,HandlingString,SlicingString
py_list2d_basic2,ModifyingStringCase,ConvertStringToUpperCase
py_list2d_basic2,ModifyingStringCase,ConvertStringToLowerCase
py_list2d_basic2,ModifyingStringCase,CapitalizeString
py_list2d_basic3,HandlingStandardFunction,CallingStandardFunction
py_list2d_basic3,HandlingList,CreatingList
py_list_basic2,CheckingCondition,AssertChecking
py_list_swap_adjacent_elements,WhileLoopWithUpdate,WhileLoopWithListIndexing
py_list_swap_adjacent_elements,WhileLoopWithUpdate,WhileLoopWith*=
py_list_swap_adjacent_elements,WhileLoopWithUpdate,WhileLoopWith+=
py_list_swap_adjacent_elements,ForLoopWithUpdate,ForLoopWith+=
py_list_swap_adjacent_elements,ForLoopWithUpdate,ForLoopWith*=
py_list_swap_adjacent_elements,ForLoopWithUpdate,ForLoopWithListIndexing
py_list_fill,Python,HandlingInput
py_list_fill,CheckingCondition,AssertChecking
py_list_fill,CheckingCondition,IfElifChecking
py_list_fill,CheckingCondition,BooleanEvaluating
py_list_fill,CheckingInForLoop,IfElseCheckingInForLoop
py_list_fill,CheckingInForLoop,IfElifCheckingInForLoop
py_list_fill,CheckingInForLoop,IfCheckingInForLoop
py_list_fill,CheckingInForLoop,IfElifElseCheckingInForLoop
py_list_fill,CheckingInWhileLoop,IfElifElseCheckingInWhileLoop
py_list_fill,CheckingInWhileLoop,IfCheckingInWhileLoop
py_list_fill,CheckingInWhileLoop,IfElseCheckingInWhileLoop
py_list_fill,CheckingInWhileLoop,IfElifCheckingInWhileLoop
py_list_fill,ManagingVariable,SwappingVariablesValue
py_list_fill,HandlingAdvancedDataStructure,BinaryTreeTask
py_list_fill,HandlingAdvancedDataStructure,LinkedListTask
py_list_fill,HandlingAdvancedDataStructure,QueueTask
py_list_fill,HandlingAdvancedDataStructure,StackTask
py_list_fill,TwoDimensionalArrayTask,ReplacingElement2DArray
py_list_fill,TwoDimensionalArrayTask,Indexing2DArray
py_list_fill,TwoDimensionalArrayTask,Create2DArray
py_list_fill,HandlingObjectOrientedProgramming,CallingOOPMethod
py_list_fill,HandlingObjectOrientedProgramming,CreatingObject
py_list_fill,HandlingObjectOrientedProgramming,DefiningClass
py_list_fill,HandlingObjectOrientedProgramming,DefiningOOPMethod
py_list_fill,NonNestedIteration,SingleWhileLoopIteration
py_list_fill,WhileLoopWithUpdate,WhileLoopWithListIndexing
py_list_fill,WhileLoopWithUpdate,WhileLoopWith*=
py_list_fill,WhileLoopWithUpdate,WhileLoopWith+=
py_list_fill,ForLoopWithUpdate,ForLoopWith+=
py_list_fill,ForLoopWithUpdate,ForLoopWith*=
py_list_fill,ForLoopWithUpdate,ForLoopWithListIndexing
py_list_fill,NestedLoopIteration,MixedNestedLoopIteration
py_list_fill,NestedLoopIteration,NestedForLoopIteration
py_list_fill,NestedLoopIteration,NestedWhileLoopIteration
py_list_fill,ArithmeticOperation,FindAbsolute
py_list_fill,ArithmeticOperation,FindRemainder
py_list_fill,ArithmeticOperation,FindMaximum
py_list_fill,ArithmeticOperation,Round
py_list_fill,ArithmeticOperation,Power
py_list_fill,ArithmeticOperation,FindMinimum
py_list_fill,ArithmeticOperation,Substraction
py_list_fill,ArithmeticOperation,Division
py_list_fill,HandlingInteger,TransformingToIntType
py_list_fill,HandlingTuple,CreatingTuple
py_list_fill,HandlingTuple,SlicingTuple
py_list_fill,HandlingTuple,IndexingTuple
py_list_fill,HandlingFloat,TransformingToFloatType
py_list_fill,HandlingDictionary,ReplacingDictionaryElement
py_list_fill,HandlingDictionary,IndexingDictionary
py_list_fill,HandlingDictionary,AddingItemToDictionary
py_list_fill,HandlingDictionary,AccessingDictionary
py_list_fill,HandlingDictionary,CreatingDictionary
py_list_fill,HandlingList,DeletingListElement
py_list_fill,HandlingList,IndexingList
py_list_fill,HandlingList,SlicingList
py_list_fill,HandlingList,ReplacingListElement
py_list_fill,HandlingList,ListReferencing
py_list_fill,HandlingList,ReversingList
py_list_fill,AddingListElement,AddingListElementWithInsert
py_list_fill,HandlingFile,ClosingFile
py_list_fill,HandlingFile,ReadingLine
py_list_fill,HandlingFile,OpeningFile
py_list_fill,HandlingString,CreatingString
py_list_fill,HandlingString,ReplacingStringContent
py_list_fill,HandlingString,FormattingString
py_list_fill,HandlingString,TransformingToStringType
py_list_fill,HandlingString,SplittingString
py_list_fill,HandlingString,TrimmingString
py_list_fill,HandlingString,IndexingString
py_list_fill,HandlingString,SlicingString
py_list_fill,ModifyingStringCase,ConvertStringToUpperCase
py_list_fill,ModifyingStringCase,ConvertStringToLowerCase
py_list_fill,ModifyingStringCase,CapitalizeString
py_list_fill,HandlingError,HandlingSpecificError
py_list_fill,HandlingError,HandlingGeneralError
py_list_min_max,Python,Concatenation
py_list_min,Python,Concatenation
py_print_medals_row_column_total,Python,Importing
py_print_medals_row_column_total,Python,CheckingForItem
py_print_medals_row_column_total,CheckingCondition,AssertChecking
py_print_medals_row_column_total,CheckingCondition,IfElifChecking
py_print_medals_row_column_total,ManagingVariable,SwappingVariablesValue
py_print_medals_row_column_total,HandlingAdvancedDataStructure,BinaryTreeTask
py_print_medals_row_column_total,HandlingAdvancedDataStructure,LinkedListTask
py_print_medals_row_column_total,HandlingAdvancedDataStructure,QueueTask
py_print_medals_row_column_total,HandlingAdvancedDataStructure,StackTask
py_print_medals_row_column_total,TwoDimensionalArrayTask,ReplacingElement2DArray
py_print_medals_row_column_total,TwoDimensionalArrayTask,Indexing2DArray
py_print_medals_row_column_total,TwoDimensionalArrayTask,Create2DArray
py_print_medals_row_column_total,HandlingObjectOrientedProgramming,CallingOOPMethod
py_print_medals_row_column_total,HandlingObjectOrientedProgramming,CreatingObject
py_print_medals_row_column_total,HandlingObjectOrientedProgramming,DefiningClass
py_print_medals_row_column_total,HandlingObjectOrientedProgramming,DefiningOOPMethod
py_print_medals_row_column_total,HandlingFunctionCallingFunction,CallingFunctionCallingFunction
py_print_medals_row_column_total,HandlingFunctionCallingFunction,DefiningFunctionCallingFunction
py_print_medals_row_column_total,HandlingRecursiveFunction,CallingRecursiveFunction
py_print_medals_row_column_total,HandlingRecursiveFunction,DefiningRecursiveFunction
py_print_medals_row_column_total,HandlingNestedFunction,CallingNestedFunction
py_print_medals_row_column_total,HandlingNestedFunction,DefiningNestedFunction
py_print_medals_row_column_total,HandlingStandardFunction,CallingStandardFunction
py_print_medals_row_column_total,HandlingStandardFunction,DefiningStandardFunction
py_print_medals_row_column_total,NonNestedIteration,SingleWhileLoopIteration
py_print_medals_row_column_total,WhileLoopWithUpdate,WhileLoopWithListIndexing
py_print_medals_row_column_total,WhileLoopWithUpdate,WhileLoopWith*=
py_print_medals_row_column_total,WhileLoopWithUpdate,WhileLoopWith+=
py_print_medals_row_column_total,ForLoopWithUpdate,ForLoopWith+=
py_print_medals_row_column_total,ForLoopWithUpdate,ForLoopWith*=
py_print_medals_row_column_total,ForLoopWithUpdate,ForLoopWithListIndexing
py_print_medals_row_column_total,NestedLoopIteration,MixedNestedLoopIteration
py_print_medals_row_column_total,NestedLoopIteration,NestedWhileLoopIteration
py_print_medals_row_column_total,ArithmeticOperation,FindAbsolute
py_print_medals_row_column_total,ArithmeticOperation,FindRemainder
py_print_medals_row_column_total,ArithmeticOperation,FindMaximum
py_print_medals_row_column_total,ArithmeticOperation,Round
py_print_medals_row_column_total,ArithmeticOperation,Power
py_print_medals_row_column_total,ArithmeticOperation,FindMinimum
py_print_medals_row_column_total,ArithmeticOperation,Substraction
py_print_medals_row_column_total,ArithmeticOperation,Division
py_print_medals_row_column_total,ArithmeticOperation,Multiplication
py_print_medals_row_column_total,HandlingInteger,TransformingToIntType
py_print_medals_row_column_total,HandlingFloat,TransformingToFloatType
py_print_medals_row_column_total,HandlingDictionary,ReplacingDictionaryElement
py_print_medals_row_column_total,HandlingList,DeletingListElement
py_print_medals_row_column_total,HandlingList,SlicingList
py_print_medals_row_column_total,HandlingList,ReplacingListElement
py_print_medals_row_column_total,HandlingList,ListReferencing
py_print_medals_row_column_total,HandlingList,ReversingList
py_print_medals_row_column_total,AddingListElement,AddingListElementWithInsert
py_print_medals_row_column_total,AddingListElement,AddingListElementWithAppend
py_print_medals_row_column_total,HandlingFile,ClosingFile
py_print_medals_row_column_total,HandlingFile,ReadingLine
py_print_medals_row_column_total,HandlingFile,OpeningFile
py_print_medals_row_column_total,HandlingString,ReplacingStringContent
py_print_medals_row_column_total,HandlingString,TransformingToStringType
py_print_medals_row_column_total,HandlingString,SplittingString
py_print_medals_row_column_total,HandlingString,TrimmingString
py_print_medals_row_column_total,HandlingString,IndexingString
py_print_medals_row_column_total,HandlingString,SlicingString
py_print_medals_row_column_total,ModifyingStringCase,ConvertStringToUpperCase
py_print_medals_row_column_total,ModifyingStringCase,ConvertStringToLowerCase
py_print_medals_row_column_total,ModifyingStringCase,CapitalizeString
py_list_process_elements,Python,FindingLength
py_list_process_elements,Python,CheckingForItem
py_list_process_elements,CheckingCondition,AssertChecking
py_list_process_elements,CheckingCondition,IfElifChecking
py_list_process_elements,CheckingCondition,BooleanEvaluating
py_list_process_elements,CheckingInForLoop,IfElseCheckingInForLoop
py_list_process_elements,CheckingInForLoop,IfElifCheckingInForLoop
py_list_process_elements,CheckingInForLoop,IfCheckingInForLoop
py_list_process_elements,CheckingInForLoop,IfElifElseCheckingInForLoop
py_list_process_elements,CheckingInWhileLoop,IfElifElseCheckingInWhileLoop
py_list_process_elements,CheckingInWhileLoop,IfCheckingInWhileLoop
py_list_process_elements,CheckingInWhileLoop,IfElseCheckingInWhileLoop
py_list_process_elements,CheckingInWhileLoop,IfElifCheckingInWhileLoop
py_list_process_elements,ManagingVariable,SwappingVariablesValue
py_list_process_elements,HandlingAdvancedDataStructure,BinaryTreeTask
py_list_process_elements,HandlingAdvancedDataStructure,LinkedListTask
py_list_process_elements,HandlingAdvancedDataStructure,QueueTask
py_list_process_elements,HandlingAdvancedDataStructure,StackTask
py_list_process_elements,TwoDimensionalArrayTask,ReplacingElement2DArray
py_list_process_elements,TwoDimensionalArrayTask,Indexing2DArray
py_list_process_elements,TwoDimensionalArrayTask,Create2DArray
py_list_process_elements,HandlingObjectOrientedProgramming,CallingOOPMethod
py_list_process_elements,HandlingObjectOrientedProgramming,CreatingObject
py_list_process_elements,HandlingObjectOrientedProgramming,DefiningClass
py_list_process_elements,HandlingObjectOrientedProgramming,DefiningOOPMethod
py_list_process_elements,HandlingFunction,CallingFunctionLibrary
py_list_process_elements,HandlingFunctionCallingFunction,DefiningFunctionCallingFunction
py_list_process_elements,HandlingStandardFunction,DefiningStandardFunction
py_list_process_elements,NonNestedIteration,SingleWhileLoopIteration
py_list_process_elements,WhileLoopWithUpdate,WhileLoopWithListIndexing
py_list_process_elements,WhileLoopWithUpdate,WhileLoopWith*=
py_list_process_elements,WhileLoopWithUpdate,WhileLoopWith+=
py_list_process_elements,ForLoopWithUpdate,ForLoopWith+=
py_list_process_elements,ForLoopWithUpdate,ForLoopWith*=
py_list_process_elements,ForLoopWithUpdate,ForLoopWithListIndexing
py_list_process_elements,NestedLoopIteration,MixedNestedLoopIteration
py_list_process_elements,NestedLoopIteration,NestedForLoopIteration
py_list_process_elements,NestedLoopIteration,NestedWhileLoopIteration
py_list_process_elements,ArithmeticOperation,FindAbsolute
py_list_process_elements,ArithmeticOperation,FindRemainder
py_list_process_elements,ArithmeticOperation,FindMaximum
py_list_process_elements,ArithmeticOperation,Addition
py_list_process_elements,ArithmeticOperation,Round
py_list_process_elements,ArithmeticOperation,Power
py_list_process_elements,ArithmeticOperation,FindMinimum
py_list_process_elements,ArithmeticOperation,Substraction
py_list_process_elements,ArithmeticOperation,Division
py_list_process_elements,ArithmeticOperation,Multiplication
py_list_process_elements,HandlingInteger,TransformingToIntType
py_list_process_elements,HandlingTuple,CreatingTuple
py_list_process_elements,HandlingTuple,SlicingTuple
py_list_process_elements,HandlingTuple,IndexingTuple
py_list_process_elements,HandlingFloat,TransformingToFloatType
py_list_process_elements,HandlingList,SlicingList
py_list_process_elements,HandlingFile,ClosingFile
py_list_process_elements,HandlingFile,ReadingLine
py_list_process_elements,HandlingFile,OpeningFile
py_list_process_elements,HandlingString,ReplacingStringContent
py_list_process_elements,HandlingString,TransformingToStringType
py_list_process_elements,ModifyingStringCase,ConvertStringToUpperCase
py_list_process_elements,ModifyingStringCase,ConvertStringToLowerCase
py_list_process_elements,ModifyingStringCase,CapitalizeString
py_temperature,Python,Concatenation
py_temperature_list_days_above_threshold,Python,Concatenation
py_temperature_list_days_above_threshold,CheckingCondition,AssertChecking
py_temperature_list_days_above_threshold,ManagingVariable,SwappingVariablesValue
py_digits,Python,CheckingForItem
py_digits,Python,HandlingInput
py_digits,ManagingVariable,SwappingVariablesValue
py_work_hours,NonNestedIteration,SingleWhileLoopIteration
py_work_hours,WhileLoopWithUpdate,WhileLoopWithListIndexing
py_work_hours,WhileLoopWithUpdate,WhileLoopWith*=
py_work_hours,WhileLoopWithUpdate,WhileLoopWith+=
py_work_hours,ForLoopWithUpdate,ForLoopWith+=
py_work_hours,ForLoopWithUpdate,ForLoopWith*=
py_work_hours,ForLoopWithUpdate,ForLoopWithListIndexing
py_work_hours,NestedLoopIteration,MixedNestedLoopIteration
py_work_hours,NestedLoopIteration,NestedWhileLoopIteration
py_work_hours,ArithmeticOperation,FindAbsolute
py_work_hours,ArithmeticOperation,FindRemainder
py_work_hours,ArithmeticOperation,FindMaximum
py_work_hours,ArithmeticOperation,Round
py_work_hours,ArithmeticOperation,Power
py_work_hours,ArithmeticOperation,FindMinimum
py_work_hours,ArithmeticOperation,Substraction
py_work_hours,ArithmeticOperation,Division
py_work_hours,ArithmeticOperation,Multiplication
py_ifelse_odd_even,Python,Concatenation
py_ifelse_odd_even,Python,FindingLength
py_repeated_sequence,NestedLoopIteration,MixedNestedLoopIteration
py_repeated_sequence,NestedLoopIteration,NestedWhileLoopIteration
py_star_patterns,Python,FindingLength
py_star_patterns,Python,CheckingForItem
py_star_patterns,HandlingAdvancedDataStructure,BinaryTreeTask
py_star_patterns,HandlingAdvancedDataStructure,LinkedListTask
py_star_patterns,HandlingAdvancedDataStructure,QueueTask
py_star_patterns,HandlingAdvancedDataStructure,StackTask
py_star_patterns,TwoDimensionalArrayTask,ReplacingElement2DArray
py_star_patterns,TwoDimensionalArrayTask,Indexing2DArray
py_star_patterns,TwoDimensionalArrayTask,Create2DArray
py_star_patterns,HandlingObjectOrientedProgramming,CallingOOPMethod
py_star_patterns,HandlingObjectOrientedProgramming,CreatingObject
py_star_patterns,HandlingObjectOrientedProgramming,DefiningClass
py_star_patterns,HandlingObjectOrientedProgramming,DefiningOOPMethod
py_star_patterns,HandlingFunctionCallingFunction,CallingFunctionCallingFunction
py_star_patterns,HandlingFunctionCallingFunction,DefiningFunctionCallingFunction
py_star_patterns,HandlingRecursiveFunction,CallingRecursiveFunction
py_star_patterns,HandlingRecursiveFunction,DefiningRecursiveFunction
py_star_patterns,HandlingNestedFunction,CallingNestedFunction
py_star_patterns,HandlingNestedFunction,DefiningNestedFunction
py_star_patterns,NonNestedIteration,SingleWhileLoopIteration
py_star_patterns,WhileLoopWithUpdate,WhileLoopWithListIndexing
py_star_patterns,WhileLoopWithUpdate,WhileLoopWith*=
py_star_patterns,WhileLoopWithUpdate,WhileLoopWith+=
py_star_patterns,ForLoopWithUpdate,ForLoopWith+=
py_star_patterns,ForLoopWithUpdate,ForLoopWith*=
py_star_patterns,ForLoopWithUpdate,ForLoopWithListIndexing
py_star_patterns,NestedLoopIteration,MixedNestedLoopIteration
py_star_patterns,NestedLoopIteration,NestedWhileLoopIteration
py_star_patterns,ArithmeticOperation,FindAbsolute
py_star_patterns,ArithmeticOperation,FindRemainder
py_star_patterns,ArithmeticOperation,FindMaximum
py_star_patterns,ArithmeticOperation,Round
py_star_patterns,ArithmeticOperation,Power
py_star_patterns,ArithmeticOperation,FindMinimum
py_star_patterns,ArithmeticOperation,Substraction
py_star_patterns,ArithmeticOperation,Division
py_star_patterns,ArithmeticOperation,Multiplication
py_star_patterns,HandlingList,SlicingList
py_star_patterns,HandlingList,ReversingList
py_star_patterns,AddingListElement,AddingListElementWithInsert
py_star_patterns,AddingListElement,AddingListElementWithAppend
py_star_patterns,HandlingFile,ClosingFile
py_star_patterns,HandlingFile,ReadingLine
py_star_patterns,HandlingFile,OpeningFile
py_star_patterns,HandlingString,ReplacingStringContent
py_star_patterns,HandlingString,FormattingString
py_star_patterns,HandlingString,TransformingToStringType
py_star_patterns,HandlingString,SplittingString
py_star_patterns,HandlingString,TrimmingString
py_star_patterns,HandlingString,IndexingString
py_star_patterns,HandlingString,SlicingString
py_star_patterns,ModifyingStringCase,ConvertStringToUpperCase
py_star_patterns,ModifyingStringCase,ConvertStringToLowerCase
py_star_patterns,ModifyingStringCase,CapitalizeString
py_input,Python,Concatenation
py_input2,Python,Concatenation
py_input2,CheckingCondition,AssertChecking
py_input2,CheckingCondition,IfElifChecking
py_input2,ManagingVariable,SwappingVariablesValue
ps_simple_function,Python,CheckingForItem
ps_simple_function,HandlingFunctionCallingFunction,DefiningFunctionCallingFunction
ps_simple_function,HandlingStandardFunction,DefiningStandardFunction
ps_simple_params,HandlingStandardFunction,DefiningStandardFunction
ps_python_iteration_addition,CheckingInForLoop,IfElseCheckingInForLoop
ps_python_iteration_addition,CheckingInForLoop,IfElifCheckingInForLoop
ps_python_iteration_addition,CheckingInForLoop,IfCheckingInForLoop
ps_python_iteration_addition,CheckingInForLoop,IfElifElseCheckingInForLoop
ps_python_iteration_addition,HandlingAdvancedDataStructure,BinaryTreeTask
ps_python_iteration_addition,HandlingAdvancedDataStructure,LinkedListTask
ps_python_iteration_addition,HandlingAdvancedDataStructure,QueueTask
ps_python_iteration_addition,HandlingAdvancedDataStructure,StackTask
ps_python_iteration_addition,TwoDimensionalArrayTask,ReplacingElement2DArray
ps_python_iteration_addition,TwoDimensionalArrayTask,Indexing2DArray
ps_python_iteration_addition,TwoDimensionalArrayTask,Create2DArray
ps_python_iteration_addition,HandlingObjectOrientedProgramming,DefiningOOPMethod
ps_python_iteration_addition,HandlingStandardFunction,CallingStandardFunction
ps_python_iteration_addition,HandlingStandardFunction,DefiningStandardFunction
ps_python_iteration_addition,NonNestedIteration,SingleForLoopIteration
ps_python_iteration_addition,WhileLoopWithUpdate,WhileLoopWith*=
ps_python_iteration_addition,ForLoopWithUpdate,ForLoopWith+=
ps_python_iteration_addition,ForLoopWithUpdate,ForLoopWith*=
ps_python_iteration_addition,ForLoopWithUpdate,ForLoopWithListIndexing
ps_python_iteration_addition,ArithmeticOperation,Round
ps_python_iteration_addition,HandlingTuple,CreatingTuple
ps_python_iteration_addition,HandlingTuple,SlicingTuple
ps_python_iteration_addition,HandlingTuple,IndexingTuple
ps_python_iteration_addition,HandlingFloat,TransformingToFloatType
ps_python_iteration_addition,HandlingList,SlicingList
ps_python_iteration_addition,HandlingList,ListReferencing
ps_python_iteration_addition,HandlingFile,ClosingFile
ps_python_iteration_addition,HandlingFile,ReadingLine
ps_python_iteration_addition,HandlingFile,OpeningFile
ps_python_iteration_addition,HandlingString,ReplacingStringContent
ps_python_iteration_addition,HandlingString,TransformingToStringType
ps_python_iteration_addition,ModifyingStringCase,ConvertStringToUpperCase
ps_python_iteration_addition,ModifyingStringCase,ConvertStringToLowerCase
ps_python_iteration_addition,ModifyingStringCase,CapitalizeString
ps_python_calculate_function,Python,Importing
ps_python_calculate_function,Python,CheckingForItem
ps_python_calculate_function,CheckingCondition,AssertChecking
ps_python_calculate_function,CheckingCondition,IfElifChecking
ps_python_calculate_function,CheckingCondition,BooleanEvaluating
ps_python_calculate_function,CheckingInForLoop,IfElseCheckingInForLoop
ps_python_calculate_function,CheckingInForLoop,IfElifCheckingInForLoop
ps_python_calculate_function,CheckingInForLoop,IfCheckingInForLoop
ps_python_calculate_function,CheckingInForLoop,IfElifElseCheckingInForLoop
ps_python_calculate_function,CheckingInWhileLoop,IfElifElseCheckingInWhileLoop
ps_python_calculate_function,CheckingInWhileLoop,IfCheckingInWhileLoop
ps_python_calculate_function,CheckingInWhileLoop,IfElseCheckingInWhileLoop
ps_python_calculate_function,CheckingInWhileLoop,IfElifCheckingInWhileLoop
ps_python_calculate_function,ManagingVariable,SwappingVariablesValue
ps_python_calculate_function,ManagingVariable,AssigningVariable
ps_python_calculate_function,ManagingVariable,UpdatingVariable
ps_python_calculate_function,HandlingAdvancedDataStructure,BinaryTreeTask
ps_python_calculate_function,HandlingAdvancedDataStructure,LinkedListTask
ps_python_calculate_function,HandlingAdvancedDataStructure,QueueTask
ps_python_calculate_function,HandlingAdvancedDataStructure,StackTask
ps_python_calculate_function,TwoDimensionalArrayTask,ReplacingElement2DArray
ps_python_calculate_function,TwoDimensionalArrayTask,Indexing2DArray
ps_python_calculate_function,TwoDimensionalArrayTask,Create2DArray
ps_python_calculate_function,HandlingObjectOrientedProgramming,CallingOOPMethod
ps_python_calculate_function,HandlingObjectOrientedProgramming,CreatingObject
ps_python_calculate_function,HandlingObjectOrientedProgramming,DefiningClass
ps_python_calculate_function,HandlingObjectOrientedProgramming,DefiningOOPMethod
ps_python_calculate_function,HandlingFunction,NestedFunctionCall
ps_python_calculate_function,HandlingFunctionCallingFunction,DefiningFunctionCallingFunction
ps_python_calculate_function,HandlingRecursiveFunction,CallingRecursiveFunction
ps_python_calculate_function,HandlingRecursiveFunction,DefiningRecursiveFunction
ps_python_calculate_function,HandlingNestedFunction,CallingNestedFunction
ps_python_calculate_function,HandlingNestedFunction,DefiningNestedFunction
ps_python_calculate_function,HandlingStandardFunction,CallingStandardFunction
ps_python_calculate_function,HandlingStandardFunction,DefiningStandardFunction
ps_python_calculate_function,NonNestedIteration,SingleForLoopIteration
ps_python_calculate_function,NonNestedIteration,SingleWhileLoopIteration
ps_python_calculate_function,WhileLoopWithUpdate,WhileLoopWithListIndexing
ps_python_calculate_function,WhileLoopWithUpdate,WhileLoopWith*=
ps_python_calculate_function,WhileLoopWithUpdate,WhileLoopWith+=
ps_python_calculate_function,ForLoopWithUpdate,ForLoopWith+=
ps_python_calculate_function,ForLoopWithUpdate,ForLoopWith*=
ps_python_calculate_function,ForLoopWithUpdate,ForLoopWithListIndexing
ps_python_calculate_function,NestedLoopIteration,MixedNestedLoopIteration
ps_python_calculate_function,NestedLoopIteration,NestedForLoopIteration
ps_python_calculate_function,NestedLoopIteration,NestedWhileLoopIteration
ps_python_calculate_function,ArithmeticOperation,FindAbsolute
ps_python_calculate_function,ArithmeticOperation,FindRemainder
ps_python_calculate_function,ArithmeticOperation,FindMaximum
ps_python_calculate_function,ArithmeticOperation,Round
ps_python_calculate_function,ArithmeticOperation,Power
ps_python_calculate_function,ArithmeticOperation,FindMinimum
ps_python_calculate_function,ArithmeticOperation,Substraction
ps_python_calculate_function,ArithmeticOperation,Division
ps_python_calculate_function,HandlingInteger,TransformingToIntType
ps_python_calculate_function,HandlingTuple,CreatingTuple
ps_python_calculate_function,HandlingTuple,SlicingTuple
ps_python_calculate_function,HandlingTuple,IndexingTuple
ps_python_calculate_function,HandlingFloat,TransformingToFloatType
ps_python_calculate_function,HandlingDictionary,ReplacingDictionaryElement
ps_python_calculate_function,HandlingDictionary,IndexingDictionary
ps_python_calculate_function,HandlingDictionary,AddingItemToDictionary
ps_python_calculate_function,HandlingDictionary,AccessingDictionary
ps_python_calculate_function,HandlingDictionary,CreatingDictionary
ps_python_calculate_function,HandlingList,DeletingListElement
ps_python_calculate_function,HandlingList,IndexingList
ps_python_calculate_function,HandlingList,CreatingList
ps_python_calculate_function,HandlingList,SlicingList
ps_python_calculate_function,HandlingList,ReplacingListElement
ps_python_calculate_function,HandlingList,ListReferencing
ps_python_calculate_function,HandlingList,ReversingList
ps_python_calculate_function,AddingListElement,AddingListElementWithInsert
ps_python_calculate_function,AddingListElement,AddingListElementWithAppend
ps_python_calculate_function,HandlingFile,ClosingFile
ps_python_calculate_function,HandlingFile,ReadingLine
ps_python_calculate_function,HandlingFile,OpeningFile
ps_python_calculate_function,HandlingString,CreatingString
ps_python_calculate_function,HandlingString,ReplacingStringContent
ps_python_calculate_function,HandlingString,FormattingString
ps_python_calculate_function,HandlingString,TransformingToStringType
ps_python_calculate_function,HandlingString,SplittingString
ps_python_calculate_function,HandlingString,TrimmingString
ps_python_calculate_function,HandlingString,IndexingString
ps_python_calculate_function,HandlingString,SlicingString
ps_python_calculate_function,ModifyingStringCase,ConvertStringToUpperCase
ps_python_calculate_function,ModifyingStringCase,ConvertStringToLowerCase
ps_python_calculate_function,ModifyingStringCase,CapitalizeString
ps_python_calculate_function,HandlingError,HandlingSpecificError
ps_python_calculate_function,HandlingError,HandlingGeneralError
ps_python_nested_calls,CheckingCondition,AssertChecking
ps_python_nested_calls,HandlingFunctionCallingFunction,DefiningFunctionCallingFunction
ps_python_nested_calls,HandlingStandardFunction,DefiningStandardFunction
ps_python_nested_calls,ArithmeticOperation,FindAbsolute
ps_python_nested_calls,ArithmeticOperation,FindRemainder
ps_python_nested_calls,ArithmeticOperation,FindMaximum
ps_python_nested_calls,ArithmeticOperation,Round
ps_python_nested_calls,ArithmeticOperation,Power
ps_python_nested_calls,ArithmeticOperation,FindMinimum
ps_python_nested_calls,ArithmeticOperation,Substraction
ps_python_nested_calls,ArithmeticOperation,Division
ps_python_recursive_factorial,CheckingCondition,AssertChecking
ps_python_recursive_factorial,CheckingCondition,IfElifElseChecking
ps_python_recursive_factorial,CheckingCondition,NestedIfChecking
ps_python_recursive_factorial,CheckingCondition,IfElifChecking
ps_python_recursive_factorial,CheckingInForLoop,IfElseCheckingInForLoop
ps_python_recursive_factorial,CheckingInForLoop,IfElifCheckingInForLoop
ps_python_recursive_factorial,CheckingInForLoop,IfCheckingInForLoop
ps_python_recursive_factorial,CheckingInForLoop,IfElifElseCheckingInForLoop
ps_python_recursive_factorial,CheckingInWhileLoop,IfElifElseCheckingInWhileLoop
ps_python_recursive_factorial,CheckingInWhileLoop,IfCheckingInWhileLoop
ps_python_recursive_factorial,CheckingInWhileLoop,IfElseCheckingInWhileLoop
ps_python_recursive_factorial,CheckingInWhileLoop,IfElifCheckingInWhileLoop
ps_python_recursive_factorial,ManagingVariable,SwappingVariablesValue
ps_python_recursive_factorial,HandlingAdvancedDataStructure,BinaryTreeTask
ps_python_recursive_factorial,HandlingAdvancedDataStructure,LinkedListTask
ps_python_recursive_factorial,HandlingAdvancedDataStructure,QueueTask
ps_python_recursive_factorial,HandlingAdvancedDataStructure,StackTask
ps_python_recursive_factorial,TwoDimensionalArrayTask,ReplacingElement2DArray
ps_python_recursive_factorial,TwoDimensionalArrayTask,Indexing2DArray
ps_python_recursive_factorial,TwoDimensionalArrayTask,Create2DArray
ps_python_recursive_factorial,HandlingObjectOrientedProgramming,CallingOOPMethod
ps_python_recursive_factorial,HandlingObjectOrientedProgramming,CreatingObject
ps_python_recursive_factorial,HandlingObjectOrientedProgramming,DefiningClass
ps_python_recursive_factorial,HandlingObjectOrientedProgramming,DefiningOOPMethod
ps_python_recursive_factorial,HandlingFunctionCallingFunction,DefiningFunctionCallingFunction
ps_python_recursive_factorial,HandlingRecursiveFunction,CallingRecursiveFunction
ps_python_recursive_factorial,HandlingStandardFunction,CallingStandardFunction
ps_python_recursive_factorial,HandlingStandardFunction,DefiningStandardFunction
ps_python_recursive_factorial,WhileLoopWithUpdate,WhileLoopWithListIndexing
ps_python_recursive_factorial,WhileLoopWithUpdate,WhileLoopWith*=
ps_python_recursive_factorial,WhileLoopWithUpdate,WhileLoopWith+=
ps_python_recursive_factorial,ForLoopWithUpdate,ForLoopWith+=
ps_python_recursive_factorial,ForLoopWithUpdate,ForLoopWith*=
ps_python_recursive_factorial,ForLoopWithUpdate,ForLoopWithListIndexing
ps_python_recursive_factorial,NestedLoopIteration,MixedNestedLoopIteration
ps_python_recursive_factorial,NestedLoopIteration,NestedForLoopIteration
ps_python_recursive_factorial,NestedLoopIteration,NestedWhileLoopIteration
ps_python_recursive_factorial,ArithmeticOperation,FindAbsolute
ps_python_recursive_factorial,ArithmeticOperation,FindRemainder
ps_python_recursive_factorial,ArithmeticOperation,FindMaximum
ps_python_recursive_factorial,ArithmeticOperation,Addition
ps_python_recursive_factorial,ArithmeticOperation,Round
ps_python_recursive_factorial,ArithmeticOperation,Power
ps_python_recursive_factorial,ArithmeticOperation,FindMinimum
ps_python_recursive_factorial,ArithmeticOperation,Division
ps_python_recursive_factorial,HandlingInteger,TransformingToIntType
ps_python_recursive_factorial,HandlingTuple,CreatingTuple
ps_python_recursive_factorial,HandlingTuple,SlicingTuple
ps_python_recursive_factorial,HandlingTuple,IndexingTuple
ps_python_recursive_factorial,HandlingFloat,TransformingToFloatType
ps_python_recursive_factorial,HandlingDictionary,ReplacingDictionaryElement
ps_python_recursive_factorial,HandlingDictionary,IndexingDictionary
ps_python_recursive_factorial,HandlingDictionary,AddingItemToDictionary
ps_python_recursive_factorial,HandlingDictionary,AccessingDictionary
ps_python_recursive_factorial,HandlingDictionary,CreatingDictionary
ps_python_recursive_factorial,HandlingList,DeletingListElement
ps_python_recursive_factorial,HandlingList,IndexingList
ps_python_recursive_factorial,HandlingList,CreatingList
ps_python_recursive_factorial,HandlingList,SlicingList
ps_python_recursive_factorial,HandlingList,ReplacingListElement
ps_python_recursive_factorial,HandlingList,ListReferencing
ps_python_recursive_factorial,HandlingList,ReversingList
ps_python_recursive_factorial,AddingListElement,AddingListElementWithInsert
ps_python_recursive_factorial,AddingListElement,AddingListElementWithAppend
ps_python_recursive_factorial,HandlingFile,ClosingFile
ps_python_recursive_factorial,HandlingFile,ReadingLine
ps_python_recursive_factorial,HandlingFile,OpeningFile
ps_python_recursive_factorial,HandlingString,CreatingString
ps_python_recursive_factorial,HandlingString,ReplacingStringContent
ps_python_recursive_factorial,HandlingString,FormattingString
ps_python_recursive_factorial,HandlingString,TransformingToStringType
ps_python_recursive_factorial,HandlingString,SplittingString
ps_python_recursive_factorial,HandlingString,TrimmingString
ps_python_recursive_factorial,HandlingString,IndexingString
ps_python_recursive_factorial,HandlingString,SlicingString
ps_python_recursive_factorial,ModifyingStringCase,ConvertStringToUpperCase
ps_python_recursive_factorial,ModifyingStringCase,ConvertStringToLowerCase
ps_python_recursive_factorial,ModifyingStringCase,CapitalizeString
ps_python_class_person,HandlingObjectOrientedProgramming,DefiningOOPMethod
ps_python_dict_keys,CheckingCondition,AssertChecking
ps_python_dict_keys,CheckingCondition,IfElifElseChecking
ps_python_dict_keys,CheckingCondition,NestedIfChecking
ps_python_dict_keys,CheckingCondition,IfElifChecking
ps_python_dict_keys,CheckingInWhileLoop,IfElifElseCheckingInWhileLoop
ps_python_dict_keys,CheckingInWhileLoop,IfCheckingInWhileLoop
ps_python_dict_keys,CheckingInWhileLoop,IfElseCheckingInWhileLoop
ps_python_dict_keys,CheckingInWhileLoop,IfElifCheckingInWhileLoop
ps_python_dict_keys,ManagingVariable,SwappingVariablesValue
ps_python_dict_keys,HandlingAdvancedDataStructure,BinaryTreeTask
ps_python_dict_keys,HandlingAdvancedDataStructure,LinkedListTask
ps_python_dict_keys,HandlingAdvancedDataStructure,QueueTask
ps_python_dict_keys,HandlingAdvancedDataStructure,StackTask
ps_python_dict_keys,TwoDimensionalArrayTask,ReplacingElement2DArray
ps_python_dict_keys,TwoDimensionalArrayTask,Indexing2DArray
ps_python_dict_keys,TwoDimensionalArrayTask,Create2DArray
ps_python_dict_keys,HandlingObjectOrientedProgramming,CallingOOPMethod
ps_python_dict_keys,HandlingObjectOrientedProgramming,CreatingObject
ps_python_dict_keys,HandlingObjectOrientedProgramming,DefiningClass
ps_python_dict_keys,HandlingObjectOrientedProgramming,DefiningOOPMethod
ps_python_dict_keys,HandlingFunctionCallingFunction,CallingFunctionCallingFunction
ps_python_dict_keys,HandlingFunctionCallingFunction,DefiningFunctionCallingFunction
ps_python_dict_keys,HandlingRecursiveFunction,CallingRecursiveFunction
ps_python_dict_keys,HandlingRecursiveFunction,DefiningRecursiveFunction
ps_python_dict_keys,HandlingNestedFunction,CallingNestedFunction
ps_python_dict_keys,HandlingNestedFunction,DefiningNestedFunction
ps_python_dict_keys,HandlingStandardFunction,CallingStandardFunction
ps_python_dict_keys,HandlingStandardFunction,DefiningStandardFunction
ps_python_dict_keys,NonNestedIteration,SingleWhileLoopIteration
ps_python_dict_keys,WhileLoopWithUpdate,WhileLoopWithListIndexing
ps_python_dict_keys,WhileLoopWithUpdate,WhileLoopWith*=
ps_python_dict_keys,WhileLoopWithUpdate,WhileLoopWith+=
ps_python_dict_keys,ForLoopWithUpdate,ForLoopWith+=
ps_python_dict_keys,ForLoopWithUpdate,ForLoopWith*=
ps_python_dict_keys,ForLoopWithUpdate,ForLoopWithListIndexing
ps_python_dict_keys,NestedLoopIteration,MixedNestedLoopIteration
ps_python_dict_keys,NestedLoopIteration,NestedForLoopIteration
ps_python_dict_keys,NestedLoopIteration,NestedWhileLoopIteration
ps_python_dict_keys,ArithmeticOperation,FindAbsolute
ps_python_dict_keys,ArithmeticOperation,FindRemainder
ps_python_dict_keys,ArithmeticOperation,FindMaximum
ps_python_dict_keys,ArithmeticOperation,Addition
ps_python_dict_keys,ArithmeticOperation,Round
ps_python_dict_keys,ArithmeticOperation,Power
ps_python_dict_keys,ArithmeticOperation,FindMinimum
ps_python_dict_keys,ArithmeticOperation,Substraction
ps_python_dict_keys,ArithmeticOperation,Division
ps_python_dict_keys,ArithmeticOperation,Multiplication
ps_python_dict_keys,HandlingInteger,TransformingToIntType
ps_python_dict_keys,HandlingTuple,CreatingTuple
ps_python_dict_keys,HandlingTuple,SlicingTuple
ps_python_dict_keys,HandlingTuple,IndexingTuple
ps_python_dict_keys,HandlingFloat,TransformingToFloatType
ps_python_dict_keys,HandlingDictionary,ReplacingDictionaryElement
ps_python_dict_keys,HandlingDictionary,AddingItemToDictionary
ps_python_dict_keys,HandlingList,DeletingListElement
ps_python_dict_keys,HandlingList,SlicingList
ps_python_dict_keys,HandlingList,ReplacingListElement
ps_python_dict_keys,HandlingList,ListReferencing
ps_python_dict_keys,HandlingList,ReversingList
ps_python_dict_keys,AddingListElement,AddingListElementWithInsert
ps_python_dict_keys,AddingListElement,AddingListElementWithAppend
ps_python_dict_keys,HandlingFile,ClosingFile
ps_python_dict_keys,HandlingFile,ReadingLine
ps_python_dict_keys,HandlingFile,OpeningFile
ps_python_dict_keys,HandlingString,ReplacingStringContent
ps_python_dict_keys,HandlingString,FormattingString
ps_python_dict_keys,HandlingString,TransformingToStringType
ps_python_dict_keys,HandlingString,SplittingString
ps_python_dict_keys,HandlingString,TrimmingString
ps_python_dict_keys,HandlingString,SlicingString
ps_python_dict_keys,ModifyingStringCase,ConvertStringToUpperCase
ps_python_dict_keys,ModifyingStringCase,ConvertStringToLowerCase
ps_python_dict_keys,ModifyingStringCase,CapitalizeString
ps_python_dict_values,ManagingVariable,SwappingVariablesValue
ps_python_dict_values,NonNestedIteration,SingleWhileLoopIteration
ps_python_dict_values,HandlingDictionary,CreatingDictionary
ps_python_bigger_than,Python,HandlingInput
ps_python_bigger_than,CheckingInForLoop,IfElseCheckingInForLoop
ps_python_bigger_than,CheckingInForLoop,IfElifCheckingInForLoop
ps_python_bigger_than,CheckingInForLoop,IfCheckingInForLoop
ps_python_bigger_than,CheckingInForLoop,IfElifElseCheckingInForLoop
ps_python_bigger_than,CheckingInWhileLoop,IfElifElseCheckingInWhileLoop
ps_python_bigger_than,CheckingInWhileLoop,IfCheckingInWhileLoop
ps_python_bigger_than,CheckingInWhileLoop,IfElseCheckingInWhileLoop
ps_python_bigger_than,CheckingInWhileLoop,IfElifCheckingInWhileLoop
ps_python_bigger_than,ManagingVariable,SwappingVariablesValue
ps_python_bigger_than,HandlingAdvancedDataStructure,BinaryTreeTask
ps_python_bigger_than,HandlingAdvancedDataStructure,LinkedListTask
ps_python_bigger_than,HandlingAdvancedDataStructure,QueueTask
ps_python_bigger_than,HandlingAdvancedDataStructure,StackTask
ps_python_bigger_than,TwoDimensionalArrayTask,ReplacingElement2DArray
ps_python_bigger_than,TwoDimensionalArrayTask,Indexing2DArray
ps_python_bigger_than,TwoDimensionalArrayTask,Create2DArray
ps_python_bigger_than,HandlingObjectOrientedProgramming,CallingOOPMethod
ps_python_bigger_than,HandlingObjectOrientedProgramming,CreatingObject
ps_python_bigger_than,HandlingObjectOrientedProgramming,DefiningClass
ps_python_bigger_than,HandlingObjectOrientedProgramming,DefiningOOPMethod
ps_python_bigger_than,HandlingFunctionCallingFunction,CallingFunctionCallingFunction
ps_python_bigger_than,HandlingFunctionCallingFunction,DefiningFunctionCallingFunction
ps_python_conditionals_temperature,Python,FindingLength
ps_python_conditionals_temperature,Python,CheckingForItem
ps_python_conditionals_temperature,CheckingCondition,IfElseChecking
ps_python_conditionals_temperature,CheckingCondition,AssertChecking
ps_python_conditionals_temperature,CheckingInForLoop,IfElseCheckingInForLoop
ps_python_conditionals_temperature,CheckingInForLoop,IfElifCheckingInForLoop
ps_python_conditionals_temperature,CheckingInForLoop,IfCheckingInForLoop
ps_python_conditionals_temperature,CheckingInForLoop,IfElifElseCheckingInForLoop
ps_python_conditionals_temperature,CheckingInWhileLoop,IfElifElseCheckingInWhileLoop
ps_python_conditionals_temperature,CheckingInWhileLoop,IfCheckingInWhileLoop
ps_python_conditionals_temperature,CheckingInWhileLoop,IfElseCheckingInWhileLoop
ps_python_conditionals_temperature,CheckingInWhileLoop,IfElifCheckingInWhileLoop
ps_python_conditionals_temperature,ManagingVariable,SwappingVariablesValue
ps_python_conditionals_temperature,HandlingAdvancedDataStructure,BinaryTreeTask
ps_python_conditionals_temperature,HandlingAdvancedDataStructure,LinkedListTask
ps_python_conditionals_temperature,HandlingAdvancedDataStructure,QueueTask
ps_python_conditionals_temperature,HandlingAdvancedDataStructure,StackTask
ps_python_conditionals_temperature,TwoDimensionalArrayTask,ReplacingElement2DArray
ps_python_conditionals_temperature,TwoDimensionalArrayTask,Indexing2DArray
ps_python_conditionals_temperature,TwoDimensionalArrayTask,Create2DArray
ps_python_conditionals_temperature,HandlingObjectOrientedProgramming,CallingOOPMethod
ps_python_conditionals_temperature,HandlingObjectOrientedProgramming,CreatingObject
ps_python_conditionals_temperature,HandlingObjectOrientedProgramming,DefiningClass
ps_python_conditionals_temperature,HandlingObjectOrientedProgramming,DefiningOOPMethod
ps_python_conditionals_temperature,HandlingFunctionCallingFunction,CallingFunctionCallingFunction
ps_python_conditionals_temperature,HandlingFunctionCallingFunction,DefiningFunctionCallingFunction
ps_python_conditionals_temperature,HandlingRecursiveFunction,CallingRecursiveFunction
ps_python_conditionals_temperature,HandlingRecursiveFunction,DefiningRecursiveFunction
ps_python_conditionals_temperature,HandlingNestedFunction,CallingNestedFunction
ps_python_conditionals_temperature,HandlingNestedFunction,DefiningNestedFunction
ps_python_conditionals_temperature,HandlingStandardFunction,CallingStandardFunction
ps_python_conditionals_temperature,HandlingStandardFunction,DefiningStandardFunction
ps_python_conditionals_temperature,WhileLoopWithUpdate,WhileLoopWithListIndexing
ps_python_conditionals_temperature,WhileLoopWithUpdate,WhileLoopWith*=
ps_python_conditionals_temperature,WhileLoopWithUpdate,WhileLoopWith+=
ps_python_conditionals_temperature,ForLoopWithUpdate,ForLoopWith+=
ps_python_conditionals_temperature,ForLoopWithUpdate,ForLoopWith*=
ps_python_conditionals_temperature,ForLoopWithUpdate,ForLoopWithListIndexing
ps_python_conditionals_temperature,NestedLoopIteration,MixedNestedLoopIteration
ps_python_conditionals_temperature,NestedLoopIteration,NestedForLoopIteration
ps_python_conditionals_temperature,NestedLoopIteration,NestedWhileLoopIteration
ps_python_conditionals_temperature,ArithmeticOperation,FindAbsolute
ps_python_conditionals_temperature,ArithmeticOperation,FindRemainder
ps_python_conditionals_temperature,ArithmeticOperation,FindMaximum
ps_python_conditionals_temperature,ArithmeticOperation,Addition
ps_python_conditionals_temperature,ArithmeticOperation,Round
ps_python_conditionals_temperature,ArithmeticOperation,Power
ps_python_conditionals_temperature,ArithmeticOperation,FindMinimum
ps_python_conditionals_temperature,ArithmeticOperation,Substraction
ps_python_conditionals_temperature,ArithmeticOperation,Division
ps_python_conditionals_temperature,ArithmeticOperation,Multiplication
ps_python_conditionals_temperature,HandlingInteger,TransformingToIntType
ps_python_conditionals_temperature,HandlingTuple,CreatingTuple
ps_python_conditionals_temperature,HandlingTuple,SlicingTuple
ps_python_conditionals_temperature,HandlingTuple,IndexingTuple
ps_python_conditionals_temperature,HandlingFloat,TransformingToFloatType
ps_python_conditionals_temperature,HandlingDictionary,ReplacingDictionaryElement
ps_python_conditionals_temperature,HandlingDictionary,IndexingDictionary
ps_python_conditionals_temperature,HandlingDictionary,AddingItemToDictionary
ps_python_conditionals_temperature,HandlingDictionary,AccessingDictionary
ps_python_conditionals_temperature,HandlingDictionary,CreatingDictionary
ps_python_conditionals_temperature,HandlingList,DeletingListElement
ps_python_conditionals_temperature,HandlingList,IndexingList
ps_python_conditionals_temperature,HandlingList,SlicingList
ps_python_conditionals_temperature,HandlingList,ReplacingListElement
ps_python_conditionals_temperature,HandlingList,ListReferencing
ps_python_conditionals_temperature,HandlingList,ReversingList
ps_python_conditionals_temperature,AddingListElement,AddingListElementWithInsert
ps_python_conditionals_temperature,AddingListElement,AddingListElementWithAppend
ps_python_conditionals_temperature,HandlingFile,ClosingFile
ps_python_conditionals_temperature,HandlingFile,ReadingLine
ps_python_conditionals_temperature,HandlingFile,OpeningFile
ps_python_conditionals_temperature,HandlingString,ReplacingStringContent
ps_python_conditionals_temperature,HandlingString,TransformingToStringType
ps_python_conditionals_temperature,HandlingString,SplittingString
ps_python_conditionals_temperature,HandlingString,TrimmingString
ps_python_conditionals_temperature,HandlingString,IndexingString
ps_python_conditionals_temperature,HandlingString,SlicingString
ps_python_conditionals_temperature,ModifyingStringCase,ConvertStringToUpperCase
ps_python_conditionals_temperature,ModifyingStringCase,ConvertStringToLowerCase
ps_python_conditionals_temperature,ModifyingStringCase,CapitalizeString
ps_python_printing_file_contents,Python,Concatenation
ps_python_try_except,Python,CheckingForItem
ps_python_nested_ifs,Python,CheckingForItem
ps_python_nested_ifs,Python,HandlingInput
ps_python_nested_ifs,CheckingCondition,BooleanEvaluating
ps_python_comparisons,CheckingInForLoop,IfElseCheckingInForLoop
ps_python_comparisons,CheckingInForLoop,IfElifCheckingInForLoop
ps_python_comparisons,CheckingInForLoop,IfCheckingInForLoop
ps_python_comparisons,CheckingInForLoop,IfElifElseCheckingInForLoop
ps_python_comparisons,CheckingInWhileLoop,IfElifElseCheckingInWhileLoop
ps_python_comparisons,CheckingInWhileLoop,IfCheckingInWhileLoop
ps_python_comparisons,CheckingInWhileLoop,IfElseCheckingInWhileLoop
ps_python_comparisons,CheckingInWhileLoop,IfElifCheckingInWhileLoop
ps_python_comparisons,ManagingVariable,SwappingVariablesValue
ps_python_comparisons,HandlingAdvancedDataStructure,BinaryTreeTask
ps_python_comparisons,HandlingAdvancedDataStructure,LinkedListTask
ps_python_comparisons,HandlingAdvancedDataStructure,QueueTask
ps_python_comparisons,HandlingAdvancedDataStructure,StackTask
ps_python_comparisons,TwoDimensionalArrayTask,ReplacingElement2DArray
ps_python_comparisons,TwoDimensionalArrayTask,Indexing2DArray
ps_python_comparisons,TwoDimensionalArrayTask,Create2DArray
ps_python_comparisons,HandlingObjectOrientedProgramming,CallingOOPMethod
ps_python_comparisons,HandlingObjectOrientedProgramming,CreatingObject
ps_python_comparisons,HandlingObjectOrientedProgramming,DefiningClass
ps_python_comparisons,HandlingObjectOrientedProgramming,DefiningOOPMethod
ps_python_comparisons,HandlingFunctionCallingFunction,CallingFunctionCallingFunction
ps_python_comparisons,HandlingFunctionCallingFunction,DefiningFunctionCallingFunction
ps_python_xor,Python,CheckingForItem
ps_python_xor,Python,HandlingInput
ps_python_xor,CheckingCondition,AssertChecking
ps_python_xor,CheckingInForLoop,IfElseCheckingInForLoop
ps_python_xor,CheckingInForLoop,IfElifCheckingInForLoop
ps_python_xor,CheckingInForLoop,IfCheckingInForLoop
ps_python_xor,CheckingInForLoop,IfElifElseCheckingInForLoop
ps_python_xor,CheckingInWhileLoop,IfElifElseCheckingInWhileLoop
ps_python_xor,CheckingInWhileLoop,IfCheckingInWhileLoop
ps_python_xor,CheckingInWhileLoop,IfElseCheckingInWhileLoop
ps_python_xor,CheckingInWhileLoop,IfElifCheckingInWhileLoop
ps_python_xor,ManagingVariable,SwappingVariablesValue
ps_python_xor,HandlingAdvancedDataStructure,BinaryTreeTask
ps_python_xor,HandlingAdvancedDataStructure,LinkedListTask
ps_python_xor,HandlingAdvancedDataStructure,QueueTask
ps_python_xor,HandlingAdvancedDataStructure,StackTask
ps_python_xor,TwoDimensionalArrayTask,ReplacingElement2DArray
ps_python_xor,TwoDimensionalArrayTask,Indexing2DArray
ps_python_xor,TwoDimensionalArrayTask,Create2DArray
ps_python_xor,HandlingObjectOrientedProgramming,CallingOOPMethod
ps_python_xor,HandlingObjectOrientedProgramming,CreatingObject
ps_python_xor,HandlingObjectOrientedProgramming,DefiningClass
ps_python_xor,HandlingObjectOrientedProgramming,DefiningOOPMethod
ps_python_xor,HandlingFunctionCallingFunction,CallingFunctionCallingFunction
ps_python_xor,HandlingFunctionCallingFunction,DefiningFunctionCallingFunction
ps_python_xor,HandlingRecursiveFunction,CallingRecursiveFunction
ps_python_xor,HandlingRecursiveFunction,DefiningRecursiveFunction
ps_python_xor,HandlingNestedFunction,CallingNestedFunction
ps_python_xor,HandlingNestedFunction,DefiningNestedFunction
ps_python_xor,HandlingStandardFunction,DefiningStandardFunction
ps_python_xor,WhileLoopWithUpdate,WhileLoopWithListIndexing
ps_python_xor,WhileLoopWithUpdate,WhileLoopWith*=
ps_python_xor,WhileLoopWithUpdate,WhileLoopWith+=
ps_python_xor,ForLoopWithUpdate,ForLoopWith+=
ps_python_xor,ForLoopWithUpdate,ForLoopWith*=
ps_python_xor,ForLoopWithUpdate,ForLoopWithListIndexing
ps_python_xor,NestedLoopIteration,MixedNestedLoopIteration
ps_python_xor,NestedLoopIteration,NestedForLoopIteration
ps_python_xor,NestedLoopIteration,NestedWhileLoopIteration
ps_python_xor,ArithmeticOperation,FindAbsolute
ps_python_xor,ArithmeticOperation,FindRemainder
ps_python_xor,ArithmeticOperation,FindMaximum
ps_python_xor,ArithmeticOperation,Addition
ps_python_xor,ArithmeticOperation,Round
ps_python_xor,ArithmeticOperation,Power
ps_python_xor,ArithmeticOperation,FindMinimum
ps_python_xor,ArithmeticOperation,Substraction
ps_python_xor,ArithmeticOperation,Division
ps_python_xor,ArithmeticOperation,Multiplication
ps_python_xor,HandlingInteger,TransformingToIntType
ps_python_xor,HandlingTuple,CreatingTuple
ps_python_xor,HandlingTuple,SlicingTuple
ps_python_xor,HandlingTuple,IndexingTuple
ps_python_xor,HandlingFloat,TransformingToFloatType
ps_python_xor,HandlingDictionary,ReplacingDictionaryElement
ps_python_xor,HandlingDictionary,IndexingDictionary
ps_python_xor,HandlingDictionary,AddingItemToDictionary
ps_python_xor,HandlingDictionary,AccessingDictionary
ps_python_xor,HandlingDictionary,CreatingDictionary
ps_python_xor,HandlingList,DeletingListElement
ps_python_xor,HandlingList,IndexingList
ps_python_xor,HandlingList,CreatingList
ps_python_xor,HandlingList,SlicingList
ps_python_xor,HandlingList,ReplacingListElement
ps_python_xor,HandlingList,ListReferencing
ps_python_xor,HandlingList,ReversingList
ps_python_xor,AddingListElement,AddingListElementWithInsert
ps_python_xor,AddingListElement,AddingListElementWithAppend
ps_python_xor,HandlingFile,ClosingFile
ps_python_xor,HandlingFile,ReadingLine
ps_python_xor,HandlingFile,OpeningFile
ps_python_xor,HandlingString,CreatingString
ps_python_xor,HandlingString,ReplacingStringContent
ps_python_xor,HandlingString,FormattingString
ps_python_xor,HandlingString,TransformingToStringType
ps_python_xor,HandlingString,SplittingString
ps_python_xor,HandlingString,TrimmingString
ps_python_xor,HandlingString,IndexingString
ps_python_xor,HandlingString,SlicingString
ps_python_xor,ModifyingStringCase,ConvertStringToUpperCase
ps_python_xor,ModifyingStringCase,ConvertStringToLowerCase
ps_python_xor,ModifyingStringCase,CapitalizeString
ps_python_for_odd_or_even,CheckingCondition,AssertChecking
ps_python_for_odd_or_even,HandlingAdvancedDataStructure,BinaryTreeTask
ps_python_for_odd_or_even,HandlingAdvancedDataStructure,LinkedListTask
ps_python_for_odd_or_even,HandlingAdvancedDataStructure,QueueTask
ps_python_for_odd_or_even,HandlingAdvancedDataStructure,StackTask
ps_python_for_odd_or_even,TwoDimensionalArrayTask,ReplacingElement2DArray
ps_python_for_odd_or_even,TwoDimensionalArrayTask,Indexing2DArray
ps_python_for_odd_or_even,TwoDimensionalArrayTask,Create2DArray
ps_python_for_odd_or_even,HandlingObjectOrientedProgramming,CallingOOPMethod
ps_python_for_odd_or_even,HandlingObjectOrientedProgramming,CreatingObject
ps_python_for_odd_or_even,HandlingObjectOrientedProgramming,DefiningClass
ps_python_for_odd_or_even,HandlingObjectOrientedProgramming,DefiningOOPMethod
ps_python_for_odd_or_even,HandlingFunctionCallingFunction,CallingFunctionCallingFunction
ps_python_for_odd_or_even,HandlingFunctionCallingFunction,DefiningFunctionCallingFunction
ps_python_for_odd_or_even,HandlingRecursiveFunction,CallingRecursiveFunction
ps_python_for_odd_or_even,HandlingRecursiveFunction,DefiningRecursiveFunction
ps_python_for_odd_or_even,HandlingNestedFunction,CallingNestedFunction
ps_python_for_odd_or_even,HandlingNestedFunction,DefiningNestedFunction
ps_python_for_odd_or_even,HandlingStandardFunction,CallingStandardFunction
ps_python_for_odd_or_even,HandlingStandardFunction,DefiningStandardFunction
ps_python_for_odd_or_even,WhileLoopWithUpdate,WhileLoopWithListIndexing
ps_python_for_odd_or_even,WhileLoopWithUpdate,WhileLoopWith*=
ps_python_for_odd_or_even,WhileLoopWithUpdate,WhileLoopWith+=
ps_python_for_odd_or_even,ForLoopWithUpdate,ForLoopWith+=
ps_python_for_odd_or_even,ForLoopWithUpdate,ForLoopWith*=
ps_python_for_odd_or_even,ForLoopWithUpdate,ForLoopWithListIndexing
ps_python_for_odd_or_even,NestedLoopIteration,MixedNestedLoopIteration
ps_python_for_odd_or_even,NestedLoopIteration,NestedForLoopIteration
ps_python_for_odd_or_even,NestedLoopIteration,NestedWhileLoopIteration
ps_python_for_odd_or_even,ArithmeticOperation,FindAbsolute
ps_python_for_odd_or_even,ArithmeticOperation,FindMaximum
ps_python_for_odd_or_even,ArithmeticOperation,Round
ps_python_for_odd_or_even,ArithmeticOperation,Power
ps_python_for_odd_or_even,ArithmeticOperation,FindMinimum
ps_python_for_odd_or_even,HandlingInteger,TransformingToIntType
ps_python_for_odd_or_even,HandlingTuple,CreatingTuple
ps_python_for_odd_or_even,HandlingTuple,SlicingTuple
ps_python_for_odd_or_even,HandlingTuple,IndexingTuple
ps_python_for_odd_or_even,HandlingFloat,TransformingToFloatType
ps_python_for_odd_or_even,HandlingDictionary,ReplacingDictionaryElement
ps_python_for_odd_or_even,HandlingDictionary,IndexingDictionary
ps_python_for_odd_or_even,HandlingDictionary,AddingItemToDictionary
ps_python_for_odd_or_even,HandlingDictionary,AccessingDictionary
ps_python_for_odd_or_even,HandlingDictionary,CreatingDictionary
ps_python_for_odd_or_even,HandlingList,DeletingListElement
ps_python_for_odd_or_even,HandlingList,ListReferencing
ps_python_for_odd_or_even,HandlingList,ReversingList
ps_python_for_odd_or_even,AddingListElement,AddingListElementWithInsert
ps_python_for_odd_or_even,AddingListElement,AddingListElementWithAppend
ps_python_for_odd_or_even,HandlingFile,ClosingFile
ps_python_for_odd_or_even,HandlingFile,ReadingLine
ps_python_for_odd_or_even,HandlingFile,OpeningFile
ps_python_for_odd_or_even,HandlingString,ReplacingStringContent
ps_python_for_odd_or_even,HandlingString,TransformingToStringType
ps_python_for_odd_or_even,HandlingString,SplittingString
ps_python_for_odd_or_even,HandlingString,TrimmingString
ps_python_for_odd_or_even,ModifyingStringCase,ConvertStringToUpperCase
ps_python_for_odd_or_even,ModifyingStringCase,ConvertStringToLowerCase
ps_python_for_odd_or_even,ModifyingStringCase,CapitalizeString
ps_python_try_adding,Python,FindingLength
ps_python_try_adding,CheckingCondition,AssertChecking
ps_python_try_adding,CheckingCondition,IfElifElseChecking
ps_python_try_adding,CheckingCondition,NestedIfChecking
ps_python_try_adding,CheckingCondition,IfElifChecking
ps_python_try_adding,CheckingInForLoop,IfElifCheckingInForLoop
ps_python_try_adding,CheckingInForLoop,IfCheckingInForLoop
ps_python_try_adding,CheckingInForLoop,IfElifElseCheckingInForLoop
ps_python_try_adding,CheckingInWhileLoop,IfElifElseCheckingInWhileLoop
ps_python_try_adding,CheckingInWhileLoop,IfCheckingInWhileLoop
ps_python_try_adding,CheckingInWhileLoop,IfElifCheckingInWhileLoop
ps_python_try_adding,ManagingVariable,SwappingVariablesValue
ps_python_try_adding,HandlingAdvancedDataStructure,BinaryTreeTask
ps_python_try_adding,HandlingAdvancedDataStructure,LinkedListTask
ps_python_try_adding,HandlingAdvancedDataStructure,QueueTask
ps_python_try_adding,HandlingAdvancedDataStructure,StackTask
ps_python_try_adding,TwoDimensionalArrayTask,ReplacingElement2DArray
ps_python_try_adding,TwoDimensionalArrayTask,Indexing2DArray
ps_python_try_adding,TwoDimensionalArrayTask,Create2DArray
ps_python_try_adding,HandlingObjectOrientedProgramming,CallingOOPMethod
ps_python_try_adding,HandlingObjectOrientedProgramming,CreatingObject
ps_python_try_adding,HandlingObjectOrientedProgramming,DefiningClass
ps_python_try_adding,HandlingObjectOrientedProgramming,DefiningOOPMethod
ps_python_try_adding,HandlingFunction,NestedFunctionCall
ps_python_try_adding,HandlingFunctionCallingFunction,DefiningFunctionCallingFunction
ps_python_try_adding,HandlingRecursiveFunction,CallingRecursiveFunction
ps_python_try_adding,HandlingNestedFunction,CallingNestedFunction
ps_python_try_adding,HandlingStandardFunction,DefiningStandardFunction
ps_python_try_adding,WhileLoopWithUpdate,WhileLoopWithListIndexing
ps_python_try_adding,WhileLoopWithUpdate,WhileLoopWith*=
ps_python_try_adding,WhileLoopWithUpdate,WhileLoopWith+=
ps_python_try_adding,ForLoopWithUpdate,ForLoopWith+=
ps_python_try_adding,ForLoopWithUpdate,ForLoopWith*=
ps_python_try_adding,ForLoopWithUpdate,ForLoopWithListIndexing
ps_python_try_adding,NestedLoopIteration,MixedNestedLoopIteration
ps_python_try_adding,NestedLoopIteration,NestedForLoopIteration
ps_python_try_adding,NestedLoopIteration,NestedWhileLoopIteration
ps_python_try_adding,ArithmeticOperation,FindAbsolute
ps_python_try_adding,HandlingTuple,CreatingTuple
ps_python_try_adding,HandlingTuple,SlicingTuple
ps_python_try_adding,HandlingTuple,IndexingTuple
ps_python_try_adding,HandlingDictionary,ReplacingDictionaryElement
ps_python_try_adding,HandlingList,SlicingList
ps_python_try_adding,HandlingList,ListReferencing
ps_python_try_adding,HandlingFile,ClosingFile
ps_python_try_adding,HandlingFile,ReadingLine
ps_python_try_adding,HandlingFile,OpeningFile
ps_python_try_adding,HandlingString,TransformingToStringType
ps_python_try_adding,ModifyingStringCase,ConvertStringToUpperCase
ps_python_try_adding,ModifyingStringCase,ConvertStringToLowerCase
ps_python_try_adding,ModifyingStringCase,CapitalizeString
ps_python_class_point,Python,Concatenation
ps_python_class_point,Python,FindingLength
ps_python_class_point,Python,Printing
ps_python_class_point,Python,CheckingForItem
ps_python_class_point,Python,HandlingInput
ps_python_class_point,CheckingCondition,IfElseChecking
ps_python_class_point,CheckingCondition,AssertChecking
ps_python_class_point,CheckingCondition,IfElifElseChecking
ps_python_class_point,CheckingCondition,NestedIfChecking
ps_python_class_point,CheckingCondition,IfChecking
ps_python_class_point,CheckingCondition,IfElifChecking
ps_python_class_point,CheckingCondition,BooleanEvaluating
ps_python_class_point,CheckingInForLoop,IfElseCheckingInForLoop
ps_python_class_point,CheckingInForLoop,IfElifCheckingInForLoop
ps_python_class_point,CheckingInForLoop,IfCheckingInForLoop
ps_python_class_point,CheckingInForLoop,IfElifElseCheckingInForLoop
ps_python_class_point,CheckingInWhileLoop,IfElifElseCheckingInWhileLoop
ps_python_class_point,CheckingInWhileLoop,IfCheckingInWhileLoop
ps_python_class_point,CheckingInWhileLoop,IfElseCheckingInWhileLoop
ps_python_class_point,CheckingInWhileLoop,IfElifCheckingInWhileLoop
ps_python_class_point,ManagingVariable,SwappingVariablesValue
ps_python_class_point,ManagingVariable,UpdatingVariable
ps_python_class_point,HandlingAdvancedDataStructure,BinaryTreeTask
ps_python_class_point,HandlingAdvancedDataStructure,LinkedListTask
ps_python_class_point,HandlingAdvancedDataStructure,QueueTask
ps_python_class_point,HandlingAdvancedDataStructure,StackTask
ps_python_class_point,TwoDimensionalArrayTask,ReplacingElement2DArray
ps_python_class_point,TwoDimensionalArrayTask,Indexing2DArray
ps_python_class_point,TwoDimensionalArrayTask,Create2DArray
ps_python_class_point,HandlingObjectOrientedProgramming,CallingOOPMethod
ps_python_class_point,HandlingFunction,NestedFunctionCall
ps_python_class_point,HandlingFunctionCallingFunction,CallingFunctionCallingFunction
ps_python_class_point,HandlingFunctionCallingFunction,DefiningFunctionCallingFunction
ps_python_class_point,HandlingRecursiveFunction,CallingRecursiveFunction
ps_python_class_point,HandlingRecursiveFunction,DefiningRecursiveFunction
ps_python_class_point,HandlingNestedFunction,CallingNestedFunction
ps_python_class_point,HandlingNestedFunction,DefiningNestedFunction
ps_python_class_point,HandlingStandardFunction,CallingStandardFunction
ps_python_class_point,HandlingStandardFunction,DefiningStandardFunction
ps_python_class_point,NonNestedIteration,SingleForLoopIteration
ps_python_class_point,NonNestedIteration,SingleWhileLoopIteration
ps_python_class_point,WhileLoopWithUpdate,WhileLoopWithListIndexing
ps_python_class_point,WhileLoopWithUpdate,WhileLoopWith*=
ps_python_class_point,WhileLoopWithUpdate,WhileLoopWith+=
ps_python_class_point,ForLoopWithUpdate,ForLoopWith+=
ps_python_class_point,ForLoopWithUpdate,ForLoopWith*=
ps_python_class_point,ForLoopWithUpdate,ForLoopWithListIndexing
ps_python_class_point,NestedLoopIteration,MixedNestedLoopIteration
ps_python_class_point,NestedLoopIteration,NestedForLoopIteration
ps_python_class_point,NestedLoopIteration,NestedWhileLoopIteration
ps_python_class_point,ArithmeticOperation,FindAbsolute
ps_python_class_point,ArithmeticOperation,FindRemainder
ps_python_class_point,ArithmeticOperation,FindMaximum
ps_python_class_point,ArithmeticOperation,Round
ps_python_class_point,ArithmeticOperation,Power
ps_python_class_point,ArithmeticOperation,FindMinimum
ps_python_class_point,ArithmeticOperation,Substraction
ps_python_class_point,ArithmeticOperation,Division
ps_python_class_point,HandlingInteger,TransformingToIntType
ps_python_class_point,HandlingTuple,CreatingTuple
ps_python_class_point,HandlingTuple,SlicingTuple
ps_python_class_point,HandlingTuple,IndexingTuple
ps_python_class_point,HandlingFloat,TransformingToFloatType
ps_python_class_point,HandlingDictionary,ReplacingDictionaryElement
ps_python_class_point,HandlingDictionary,IndexingDictionary
ps_python_class_point,HandlingDictionary,AddingItemToDictionary
ps_python_class_point,HandlingDictionary,AccessingDictionary
ps_python_class_point,HandlingDictionary,CreatingDictionary
ps_python_class_point,HandlingList,DeletingListElement
ps_python_class_point,HandlingList,IndexingList
ps_python_class_point,HandlingList,CreatingList
ps_python_class_point,HandlingList,SlicingList
ps_python_class_point,HandlingList,ReplacingListElement
ps_python_class_point,HandlingList,ListReferencing
ps_python_class_point,HandlingList,ReversingList
ps_python_class_point,AddingListElement,AddingListElementWithInsert
ps_python_class_point,AddingListElement,AddingListElementWithAppend
ps_python_class_point,HandlingFile,ClosingFile
ps_python_class_point,HandlingFile,ReadingLine
ps_python_class_point,HandlingFile,OpeningFile
ps_python_class_point,HandlingString,CreatingString
ps_python_class_point,HandlingString,ReplacingStringContent
ps_python_class_point,HandlingString,FormattingString
ps_python_class_point,HandlingString,TransformingToStringType
ps_python_class_point,HandlingString,SplittingString
ps_python_class_point,HandlingString,TrimmingString
ps_python_class_point,HandlingString,IndexingString
ps_python_class_point,HandlingString,SlicingString
ps_python_class_point,ModifyingStringCase,ConvertStringToUpperCase
ps_python_class_point,ModifyingStringCase,ConvertStringToLowerCase
ps_python_class_point,ModifyingStringCase,CapitalizeString
ps_python_class_point,HandlingError,HandlingSpecificError
ps_python_class_point,HandlingError,HandlingGeneralError
ps_python_2d_list,Python,HandlingInput
ps_python_2d_list,CheckingCondition,AssertChecking
ps_python_2d_list,HandlingObjectOrientedProgramming,CallingOOPMethod
ps_python_2d_list,HandlingObjectOrientedProgramming,CreatingObject
ps_python_2d_list,HandlingObjectOrientedProgramming,DefiningClass
ps_python_2d_list,HandlingObjectOrientedProgramming,DefiningOOPMethod
ps_python_2d_list,NonNestedIteration,SingleWhileLoopIteration
ps_python_2d_list,NestedLoopIteration,MixedNestedLoopIteration
ps_python_2d_list,NestedLoopIteration,NestedWhileLoopIteration
ps_python_2d_list,ArithmeticOperation,FindAbsolute
ps_python_2d_list,ArithmeticOperation,FindRemainder
ps_python_2d_list,ArithmeticOperation,FindMaximum
ps_python_2d_list,ArithmeticOperation,Addition
ps_python_2d_list,ArithmeticOperation,Round
ps_python_2d_list,ArithmeticOperation,Power
ps_python_2d_list,ArithmeticOperation,FindMinimum
ps_python_2d_list,ArithmeticOperation,Substraction
ps_python_2d_list,ArithmeticOperation,Division
ps_python_2d_list,ArithmeticOperation,Multiplication
ps_python_2d_list,HandlingList,IndexingList
ps_python_2d_list,AddingListElement,AddingListElementWithAppend
ps_python_nested_loops,CheckingInWhileLoop,IfElifCheckingInWhileLoop
ps_python_nested_loops,HandlingAdvancedDataStructure,BinaryTreeTask
ps_python_nested_loops,HandlingAdvancedDataStructure,LinkedListTask
ps_python_nested_loops,HandlingAdvancedDataStructure,QueueTask
ps_python_nested_loops,HandlingAdvancedDataStructure,StackTask
ps_python_nested_loops,TwoDimensionalArrayTask,ReplacingElement2DArray
ps_python_nested_loops,TwoDimensionalArrayTask,Indexing2DArray
ps_python_nested_loops,TwoDimensionalArrayTask,Create2DArray
ps_python_nested_loops,HandlingObjectOrientedProgramming,CallingOOPMethod
ps_python_nested_loops,HandlingFunctionCallingFunction,CallingFunctionCallingFunction
ps_python_nested_loops,HandlingFunctionCallingFunction,DefiningFunctionCallingFunction
ps_python_nested_loops,HandlingStandardFunction,CallingStandardFunction
ps_python_nested_loops,NonNestedIteration,SingleForLoopIteration
ps_python_nested_loops,WhileLoopWithUpdate,WhileLoopWithListIndexing
ps_python_nested_loops,WhileLoopWithUpdate,WhileLoopWith*=
ps_python_nested_loops,WhileLoopWithUpdate,WhileLoopWith+=
ps_python_nested_loops,ForLoopWithUpdate,ForLoopWith+=
ps_python_nested_loops,ForLoopWithUpdate,ForLoopWith*=
ps_python_nested_loops,ForLoopWithUpdate,ForLoopWithListIndexing
ps_python_nested_loops,NestedLoopIteration,MixedNestedLoopIteration
ps_python_nested_loops,NestedLoopIteration,NestedForLoopIteration
ps_python_nested_loops,ArithmeticOperation,Round
ps_python_nested_loops,HandlingTuple,CreatingTuple
ps_python_nested_loops,HandlingTuple,SlicingTuple
ps_python_nested_loops,HandlingTuple,IndexingTuple
ps_python_nested_loops,HandlingFloat,TransformingToFloatType
ps_python_nested_loops,HandlingList,SlicingList
ps_python_nested_loops,HandlingList,ListReferencing
ps_python_nested_loops,HandlingFile,ClosingFile
ps_python_nested_loops,HandlingFile,ReadingLine
ps_python_nested_loops,HandlingFile,OpeningFile
ps_python_nested_loops,HandlingString,ReplacingStringContent
ps_python_nested_loops,HandlingString,TransformingToStringType
ps_python_nested_loops,ModifyingStringCase,ConvertStringToUpperCase
ps_python_nested_loops,ModifyingStringCase,ConvertStringToLowerCase
ps_python_nested_loops,ModifyingStringCase,CapitalizeString
