exercise_name,parent,leaf_class
py_fail_course,ClassMethod,__init()__
py_fail_course2,ClassMethod,__init()__
py_phone_age,Call,FunctionCall
py_phone_age,ArithmeticExpression,BinaryOperation
py_phone_age,ArithmeticExpression,UnaryOperation
py_phone_age,Literal,StringLiteral
py_phone_age,Literal,NoneLiteral
py_phone_age,NumericLiteral,FloatLiteral
py_phone_age,NumericLiteral,IntegerLiteral
py_phone_age,LiteralCollection,TupleLiteral
py_phone_age,LiteralCollection,SetLiteral
py_phone_age,LiteralCollection,ListLiteral
py_phone_age,LiteralCollection,DictLiteral
py_phone_age,ClassMethod,__init()__
py_phone_age,ComparisonOperator,LessOrEqual
py_phone_age,ComparisonOperator,Less
py_phone_age,ComparisonOperator,Larger
py_phone_age,ComparisonOperator,NotEqual
py_phone_age,MembershipOperator,in
py_phone_age,LogicalOperator,and
py_phone_age,LogicalOperator,not
py_phone_age,ArtithmeticOperator,//
py_phone_age,ArtithmeticOperator,-
py_phone_age,ArtithmeticOperator,/
py_phone_age,ArtithmeticOperator,**
py_phone_age,ArtithmeticOperator,Modulus
py_phone_age,ArtithmeticOperator,*
py_phone_age,ConditionalStatement,IfElifElseStatement
py_phone_age,ConditionalStatement,IfStatement
py_phone_age,ConditionalStatement,IfElifStatement
py_phone_age,ImportStatement,Import
py_phone_age,ImportStatement,ImportFrom
py_phone_age,JumpStatement,PassStatement
py_phone_age,JumpStatement,BreakStatement
py_phone_age,JumpStatement,ContinueStatement
py_phone_age,AssignmentStatement,AugmentedAssignmentStatement
py_phone_age,BuiltInFunction,dict()
py_phone_age,BuiltInFunction,str()
py_phone_age,BuiltInFunction,next()
py_phone_age,BuiltInFunction,max()
py_phone_age,BuiltInFunction,float()
py_phone_age,BuiltInFunction,set()
py_phone_age,BuiltInFunction,open()
py_phone_age,BuiltInFunction,range()
py_phone_age,BuiltInFunction,tuple()
py_phone_age,BuiltInFunction,abs()
py_phone_age,BuiltInFunction,round()
py_phone_age,BuiltInFunction,len()
py_phone_age,BuiltInFunction,min()
py_phone_age,BuiltInFunction,list()
py_check_age,SubscriptExpression,SlicingExpression
py_check_age,Call,FunctionCall
py_check_age,ArithmeticExpression,BinaryOperation
py_check_age,ArithmeticExpression,UnaryOperation
py_check_age,LogicalExpression,BooleanExpression
py_check_age,Literal,StringLiteral
py_check_age,Literal,BooleanLiteral
py_check_age,Literal,NoneLiteral
py_check_age,NumericLiteral,FloatLiteral
py_check_age,NumericLiteral,IntegerLiteral
py_check_age,LiteralCollection,TupleLiteral
py_check_age,LiteralCollection,SetLiteral
py_check_age,LiteralCollection,ListLiteral
py_check_age,LiteralCollection,DictLiteral
py_check_age,Error,TypeError
py_check_age,Error,OSError
py_check_age,Error,IOError
py_check_age,Error,FileNotFoundError
py_check_age,Error,AssertionError
py_check_age,StringMethod,lower()
py_check_age,StringMethod,join()
py_check_age,StringMethod,format()
py_check_age,StringMethod,capitalize()
py_check_age,StringMethod,rstrip()
py_check_age,StringMethod,replace()
py_check_age,DictionaryMethod,values()
py_check_age,DictionaryMethod,keys()
py_check_age,DictionaryMethod,items()
py_check_age,DictionaryMethod,get()
py_check_age,ClassMethod,__init()__
py_check_age,ListMethod,reverse()
py_check_age,ListMethod,insert()
py_check_age,ListMethod,remove()
py_check_age,ListMethod,append()
py_check_age,ListMethod,pop()
py_check_age,FileMethod,readline()
py_check_age,FileMethod,close()
py_check_age,FileMethod,read()
py_check_age,Operator,=
py_check_age,ComparisonOperator,LessOrEqual
py_check_age,ComparisonOperator,Less
py_check_age,ComparisonOperator,Larger
py_check_age,ComparisonOperator,LargerOrEqual
py_check_age,ComparisonOperator,==
py_check_age,ComparisonOperator,NotEqual
py_check_age,MembershipOperator,in
py_check_age,LogicalOperator,or
py_check_age,LogicalOperator,not
py_check_age,ArtithmeticOperator,//
py_check_age,ArtithmeticOperator,-
py_check_age,ArtithmeticOperator,+
py_check_age,ArtithmeticOperator,/
py_check_age,ArtithmeticOperator,**
py_check_age,ArtithmeticOperator,Modulus
py_check_age,ArtithmeticOperator,*
py_check_age,Statement,ExpressionStatement
py_check_age,ConditionalStatement,IfElifElseStatement
py_check_age,ConditionalStatement,IfStatement
py_check_age,ConditionalStatement,IfElifStatement
py_check_age,ImportStatement,Import
py_check_age,ImportStatement,ImportFrom
py_check_age,JumpStatement,PassStatement
py_check_age,JumpStatement,BreakStatement
py_check_age,JumpStatement,ContinueStatement
py_check_age,JumpStatement,ReturnStatement
py_check_age,IterationStatement,ForStatement
py_check_age,IterationStatement,WhileStatement
py_check_age,AssignmentStatement,AugmentedAssignmentStatement
py_check_age,DefinitionStatement,FunctionDefinition
py_check_age,DefinitionStatement,ClassDefinition
py_check_age,BuiltInFunction,dict()
py_check_age,BuiltInFunction,str()
py_check_age,BuiltInFunction,next()
py_check_age,BuiltInFunction,max()
py_check_age,BuiltInFunction,float()
py_check_age,BuiltInFunction,set()
py_check_age,BuiltInFunction,open()
py_check_age,BuiltInFunction,range()
py_check_age,BuiltInFunction,tuple()
py_check_age,BuiltInFunction,abs()
py_check_age,BuiltInFunction,round()
py_check_age,BuiltInFunction,len()
py_check_age,BuiltInFunction,min()
py_check_age,BuiltInFunction,list()
py_check_age2,ClassMethod,__init()__
py_three_boolean,ClassMethod,__init()__
py_three_boolean2,ClassMethod,__init()__
py_three_boolean3,ClassMethod,__init()__
py_boolean_dry_hot2,ClassMethod,__init()__
py_boolean_dry_hot4,SubscriptExpression,IndexingExpression
py_boolean_dry_hot4,SubscriptExpression,SlicingExpression
py_boolean_dry_hot4,Call,FunctionCall
py_boolean_dry_hot4,ArithmeticExpression,UnaryOperation
py_boolean_dry_hot4,Literal,StringLiteral
py_boolean_dry_hot4,Literal,BooleanLiteral
py_boolean_dry_hot4,Literal,NoneLiteral
py_boolean_dry_hot4,NumericLiteral,FloatLiteral
py_boolean_dry_hot4,NumericLiteral,IntegerLiteral
py_boolean_dry_hot4,LiteralCollection,TupleLiteral
py_boolean_dry_hot4,LiteralCollection,SetLiteral
py_boolean_dry_hot4,LiteralCollection,ListLiteral
py_boolean_dry_hot4,LiteralCollection,DictLiteral
py_boolean_dry_hot4,Error,TypeError
py_boolean_dry_hot4,Error,OSError
py_boolean_dry_hot4,Error,IndexError
py_boolean_dry_hot4,Error,IOError
py_boolean_dry_hot4,Error,FileNotFoundError
py_boolean_dry_hot4,Error,ValueError
py_boolean_dry_hot4,Error,AssertionError
py_boolean_dry_hot4,StringMethod,split()
py_boolean_dry_hot4,StringMethod,lower()
py_boolean_dry_hot4,StringMethod,join()
py_boolean_dry_hot4,StringMethod,format()
py_boolean_dry_hot4,StringMethod,capitalize()
py_boolean_dry_hot4,StringMethod,rstrip()
py_boolean_dry_hot4,StringMethod,replace()
py_boolean_dry_hot4,DictionaryMethod,values()
py_boolean_dry_hot4,DictionaryMethod,keys()
py_boolean_dry_hot4,DictionaryMethod,items()
py_boolean_dry_hot4,DictionaryMethod,get()
py_boolean_dry_hot4,ClassMethod,__init()__
py_boolean_dry_hot4,ListMethod,reverse()
py_boolean_dry_hot4,ListMethod,insert()
py_boolean_dry_hot4,ListMethod,remove()
py_boolean_dry_hot4,ListMethod,append()
py_boolean_dry_hot4,ListMethod,pop()
py_boolean_dry_hot4,FileMethod,readline()
py_boolean_dry_hot4,FileMethod,close()
py_boolean_dry_hot4,FileMethod,read()
py_boolean_dry_hot4,Operator,=
py_boolean_dry_hot4,ComparisonOperator,LessOrEqual
py_boolean_dry_hot4,ComparisonOperator,Less
py_boolean_dry_hot4,ComparisonOperator,Larger
py_boolean_dry_hot4,ComparisonOperator,LargerOrEqual
py_boolean_dry_hot4,ComparisonOperator,==
py_boolean_dry_hot4,ComparisonOperator,NotEqual
py_boolean_dry_hot4,MembershipOperator,in
py_boolean_dry_hot4,ArtithmeticOperator,//
py_boolean_dry_hot4,ArtithmeticOperator,-
py_boolean_dry_hot4,ArtithmeticOperator,+
py_boolean_dry_hot4,ArtithmeticOperator,/
py_boolean_dry_hot4,ArtithmeticOperator,**
py_boolean_dry_hot4,ArtithmeticOperator,Modulus
py_boolean_dry_hot4,ArtithmeticOperator,*
py_boolean_dry_hot4,Statement,ExpressionStatement
py_boolean_dry_hot4,ConditionalStatement,IfElifElseStatement
py_boolean_dry_hot4,ConditionalStatement,IfElifStatement
py_boolean_dry_hot4,ImportStatement,Import
py_boolean_dry_hot4,ImportStatement,ImportFrom
py_boolean_dry_hot4,JumpStatement,PassStatement
py_boolean_dry_hot4,JumpStatement,BreakStatement
py_boolean_dry_hot4,JumpStatement,ContinueStatement
py_boolean_dry_hot4,JumpStatement,ReturnStatement
py_boolean_dry_hot4,IterationStatement,ForStatement
py_boolean_dry_hot4,IterationStatement,WhileStatement
py_boolean_dry_hot4,ExceptionHandlingStatement,TryStatement
py_boolean_dry_hot4,ExceptionHandlingStatement,RaiseStatement
py_boolean_dry_hot4,ExceptionHandlingStatement,AssertStatement
py_boolean_dry_hot4,AssignmentStatement,AugmentedAssignmentStatement
py_boolean_dry_hot4,DefinitionStatement,FunctionDefinition
py_boolean_dry_hot4,DefinitionStatement,ClassDefinition
py_boolean_dry_hot4,BuiltInFunction,dict()
py_boolean_dry_hot4,BuiltInFunction,str()
py_boolean_dry_hot4,BuiltInFunction,next()
py_boolean_dry_hot4,BuiltInFunction,max()
py_boolean_dry_hot4,BuiltInFunction,float()
py_boolean_dry_hot4,BuiltInFunction,set()
py_boolean_dry_hot4,BuiltInFunction,open()
py_boolean_dry_hot4,BuiltInFunction,range()
py_boolean_dry_hot4,BuiltInFunction,tuple()
py_boolean_dry_hot4,BuiltInFunction,abs()
py_boolean_dry_hot4,BuiltInFunction,round()
py_boolean_dry_hot4,BuiltInFunction,len()
py_boolean_dry_hot4,BuiltInFunction,min()
py_boolean_dry_hot4,BuiltInFunction,list()
py_str_repeat_chars,SubscriptExpression,IndexingExpression
py_str_repeat_chars,SubscriptExpression,SlicingExpression
py_str_repeat_chars,ArithmeticExpression,UnaryOperation
py_str_repeat_chars,LogicalExpression,ComparisonExpression
py_str_repeat_chars,LogicalExpression,BooleanExpression
py_str_repeat_chars,Literal,BooleanLiteral
py_str_repeat_chars,Literal,NoneLiteral
py_str_repeat_chars,NumericLiteral,FloatLiteral
py_str_repeat_chars,NumericLiteral,IntegerLiteral
py_str_repeat_chars,LiteralCollection,TupleLiteral
py_str_repeat_chars,LiteralCollection,SetLiteral
py_str_repeat_chars,LiteralCollection,ListLiteral
py_str_repeat_chars,LiteralCollection,DictLiteral
py_str_repeat_chars,Error,TypeError
py_str_repeat_chars,Error,OSError
py_str_repeat_chars,Error,IndexError
py_str_repeat_chars,Error,IOError
py_str_repeat_chars,Error,FileNotFoundError
py_str_repeat_chars,Error,ValueError
py_str_repeat_chars,Error,AssertionError
py_str_repeat_chars,StringMethod,split()
py_str_repeat_chars,StringMethod,lower()
py_str_repeat_chars,StringMethod,join()
py_str_repeat_chars,StringMethod,format()
py_str_repeat_chars,StringMethod,capitalize()
py_str_repeat_chars,StringMethod,rstrip()
py_str_repeat_chars,StringMethod,replace()
py_str_repeat_chars,DictionaryMethod,values()
py_str_repeat_chars,DictionaryMethod,keys()
py_str_repeat_chars,DictionaryMethod,items()
py_str_repeat_chars,DictionaryMethod,get()
py_str_repeat_chars,ClassMethod,__init()__
py_str_repeat_chars,ListMethod,reverse()
py_str_repeat_chars,ListMethod,insert()
py_str_repeat_chars,ListMethod,remove()
py_str_repeat_chars,ListMethod,append()
py_str_repeat_chars,ListMethod,pop()
py_str_repeat_chars,FileMethod,readline()
py_str_repeat_chars,FileMethod,close()
py_str_repeat_chars,FileMethod,read()
py_str_repeat_chars,Operator,=
py_str_repeat_chars,ComparisonOperator,LessOrEqual
py_str_repeat_chars,ComparisonOperator,Less
py_str_repeat_chars,ComparisonOperator,Larger
py_str_repeat_chars,ComparisonOperator,LargerOrEqual
py_str_repeat_chars,ComparisonOperator,==
py_str_repeat_chars,ComparisonOperator,NotEqual
py_str_repeat_chars,MembershipOperator,in
py_str_repeat_chars,LogicalOperator,and
py_str_repeat_chars,LogicalOperator,or
py_str_repeat_chars,LogicalOperator,not
py_str_repeat_chars,ArtithmeticOperator,//
py_str_repeat_chars,ArtithmeticOperator,-
py_str_repeat_chars,ArtithmeticOperator,+
py_str_repeat_chars,ArtithmeticOperator,/
py_str_repeat_chars,ArtithmeticOperator,**
py_str_repeat_chars,ArtithmeticOperator,Modulus
py_str_repeat_chars,ArtithmeticOperator,*
py_str_repeat_chars,Statement,ExpressionStatement
py_str_repeat_chars,ConditionalStatement,IfElifElseStatement
py_str_repeat_chars,ConditionalStatement,IfStatement
py_str_repeat_chars,ConditionalStatement,IfElseStatement
py_str_repeat_chars,ConditionalStatement,IfElifStatement
py_str_repeat_chars,ImportStatement,Import
py_str_repeat_chars,ImportStatement,ImportFrom
py_str_repeat_chars,JumpStatement,PassStatement
py_str_repeat_chars,JumpStatement,BreakStatement
py_str_repeat_chars,JumpStatement,ContinueStatement
py_str_repeat_chars,JumpStatement,ReturnStatement
py_str_repeat_chars,IterationStatement,WhileStatement
py_str_repeat_chars,ExceptionHandlingStatement,TryStatement
py_str_repeat_chars,ExceptionHandlingStatement,RaiseStatement
py_str_repeat_chars,ExceptionHandlingStatement,AssertStatement
py_str_repeat_chars,DefinitionStatement,ClassDefinition
py_str_repeat_chars,BuiltInFunction,dict()
py_str_repeat_chars,BuiltInFunction,str()
py_str_repeat_chars,BuiltInFunction,next()
py_str_repeat_chars,BuiltInFunction,input()
py_str_repeat_chars,BuiltInFunction,int()
py_str_repeat_chars,BuiltInFunction,max()
py_str_repeat_chars,BuiltInFunction,float()
py_str_repeat_chars,BuiltInFunction,set()
py_str_repeat_chars,BuiltInFunction,open()
py_str_repeat_chars,BuiltInFunction,range()
py_str_repeat_chars,BuiltInFunction,tuple()
py_str_repeat_chars,BuiltInFunction,abs()
py_str_repeat_chars,BuiltInFunction,round()
py_str_repeat_chars,BuiltInFunction,len()
py_str_repeat_chars,BuiltInFunction,min()
py_str_repeat_chars,BuiltInFunction,list()
py_str_repeat2,SubscriptExpression,SlicingExpression
py_str_repeat2,ArithmeticExpression,UnaryOperation
py_str_repeat2,LogicalExpression,ComparisonExpression
py_str_repeat2,LogicalExpression,BooleanExpression
py_str_repeat2,Literal,StringLiteral
py_str_repeat2,Literal,BooleanLiteral
py_str_repeat2,Literal,NoneLiteral
py_str_repeat2,NumericLiteral,FloatLiteral
py_str_repeat2,NumericLiteral,IntegerLiteral
py_str_repeat2,LiteralCollection,TupleLiteral
py_str_repeat2,LiteralCollection,SetLiteral
py_str_repeat2,LiteralCollection,ListLiteral
py_str_repeat2,LiteralCollection,DictLiteral
py_str_repeat2,Error,TypeError
py_str_repeat2,Error,OSError
py_str_repeat2,Error,IndexError
py_str_repeat2,Error,IOError
py_str_repeat2,Error,FileNotFoundError
py_str_repeat2,Error,ValueError
py_str_repeat2,Error,AssertionError
py_str_repeat2,StringMethod,split()
py_str_repeat2,StringMethod,lower()
py_str_repeat2,StringMethod,join()
py_str_repeat2,StringMethod,format()
py_str_repeat2,StringMethod,capitalize()
py_str_repeat2,StringMethod,rstrip()
py_str_repeat2,StringMethod,replace()
py_str_repeat2,DictionaryMethod,values()
py_str_repeat2,DictionaryMethod,keys()
py_str_repeat2,DictionaryMethod,items()
py_str_repeat2,DictionaryMethod,get()
py_str_repeat2,ClassMethod,__init()__
py_str_repeat2,ListMethod,reverse()
py_str_repeat2,ListMethod,insert()
py_str_repeat2,ListMethod,remove()
py_str_repeat2,ListMethod,append()
py_str_repeat2,ListMethod,pop()
py_str_repeat2,FileMethod,readline()
py_str_repeat2,FileMethod,close()
py_str_repeat2,FileMethod,read()
py_str_repeat2,Operator,=
py_str_repeat2,ComparisonOperator,LessOrEqual
py_str_repeat2,ComparisonOperator,Less
py_str_repeat2,ComparisonOperator,Larger
py_str_repeat2,ComparisonOperator,LargerOrEqual
py_str_repeat2,ComparisonOperator,==
py_str_repeat2,ComparisonOperator,NotEqual
py_str_repeat2,MembershipOperator,in
py_str_repeat2,LogicalOperator,and
py_str_repeat2,LogicalOperator,or
py_str_repeat2,LogicalOperator,not
py_str_repeat2,ArtithmeticOperator,//
py_str_repeat2,ArtithmeticOperator,-
py_str_repeat2,ArtithmeticOperator,+
py_str_repeat2,ArtithmeticOperator,/
py_str_repeat2,ArtithmeticOperator,**
py_str_repeat2,ArtithmeticOperator,Modulus
py_str_repeat2,ArtithmeticOperator,*
py_str_repeat2,Statement,ExpressionStatement
py_str_repeat2,ConditionalStatement,IfElifElseStatement
py_str_repeat2,ConditionalStatement,IfStatement
py_str_repeat2,ConditionalStatement,IfElseStatement
py_str_repeat2,ConditionalStatement,IfElifStatement
py_str_repeat2,ImportStatement,Import
py_str_repeat2,ImportStatement,ImportFrom
py_str_repeat2,JumpStatement,PassStatement
py_str_repeat2,JumpStatement,BreakStatement
py_str_repeat2,JumpStatement,ContinueStatement
py_str_repeat2,JumpStatement,ReturnStatement
py_str_repeat2,IterationStatement,WhileStatement
py_str_repeat2,ExceptionHandlingStatement,TryStatement
py_str_repeat2,ExceptionHandlingStatement,RaiseStatement
py_str_repeat2,ExceptionHandlingStatement,AssertStatement
py_str_repeat2,DefinitionStatement,ClassDefinition
py_str_repeat2,BuiltInFunction,dict()
py_str_repeat2,BuiltInFunction,str()
py_str_repeat2,BuiltInFunction,next()
py_str_repeat2,BuiltInFunction,input()
py_str_repeat2,BuiltInFunction,int()
py_str_repeat2,BuiltInFunction,max()
py_str_repeat2,BuiltInFunction,float()
py_str_repeat2,BuiltInFunction,set()
py_str_repeat2,BuiltInFunction,open()
py_str_repeat2,BuiltInFunction,tuple()
py_str_repeat2,BuiltInFunction,abs()
py_str_repeat2,BuiltInFunction,round()
py_str_repeat2,BuiltInFunction,min()
py_str_repeat2,BuiltInFunction,print()
py_str_repeat2,BuiltInFunction,list()
py_file_input_stat,SubscriptExpression,IndexingExpression
py_file_input_stat,SubscriptExpression,SlicingExpression
py_file_input_stat,Call,FunctionCall
py_file_input_stat,ArithmeticExpression,UnaryOperation
py_file_input_stat,LogicalExpression,BooleanExpression
py_file_input_stat,Literal,BooleanLiteral
py_file_input_stat,Literal,NoneLiteral
py_file_input_stat,NumericLiteral,FloatLiteral
py_file_input_stat,Error,OSError
py_file_input_stat,DictionaryMethod,values()
py_file_input_stat,DictionaryMethod,keys()
py_file_input_stat,DictionaryMethod,items()
py_file_input_stat,DictionaryMethod,get()
py_file_input_stat,ClassMethod,__init()__
py_file_input_stat,ListMethod,reverse()
py_file_input_stat,ListMethod,insert()
py_file_input_stat,ListMethod,remove()
py_file_input_stat,ListMethod,append()
py_file_input_stat,ListMethod,pop()
py_file_input_stat,ComparisonOperator,LessOrEqual
py_file_input_stat,ComparisonOperator,Less
py_file_input_stat,ComparisonOperator,LargerOrEqual
py_file_input_stat,ComparisonOperator,==
py_file_input_stat,ComparisonOperator,NotEqual
py_file_input_stat,MembershipOperator,in
py_file_input_stat,ArtithmeticOperator,//
py_file_input_stat,ArtithmeticOperator,-
py_file_input_stat,ArtithmeticOperator,+
py_file_input_stat,ArtithmeticOperator,/
py_file_input_stat,ArtithmeticOperator,**
py_file_input_stat,ArtithmeticOperator,Modulus
py_file_input_stat,ArtithmeticOperator,*
py_file_input_stat,Statement,ExpressionStatement
py_file_input_stat,ConditionalStatement,IfElifElseStatement
py_file_input_stat,ConditionalStatement,IfStatement
py_file_input_stat,ConditionalStatement,IfElseStatement
py_file_input_stat,ConditionalStatement,IfElifStatement
py_file_input_stat,ImportStatement,Import
py_file_input_stat,ImportStatement,ImportFrom
py_file_input_stat,JumpStatement,PassStatement
py_file_input_stat,JumpStatement,BreakStatement
py_file_input_stat,JumpStatement,ContinueStatement
py_file_input_stat,IterationStatement,WhileStatement
py_file_input_stat,AssignmentStatement,AugmentedAssignmentStatement
py_file_input_stat,DefinitionStatement,ClassDefinition
py_file_input_stat,BuiltInFunction,dict()
py_file_input_stat,BuiltInFunction,next()
py_file_input_stat,BuiltInFunction,input()
py_file_input_stat,BuiltInFunction,int()
py_file_input_stat,BuiltInFunction,max()
py_file_input_stat,BuiltInFunction,float()
py_file_input_stat,BuiltInFunction,set()
py_file_input_stat,BuiltInFunction,open()
py_file_input_stat,BuiltInFunction,range()
py_file_input_stat,BuiltInFunction,tuple()
py_file_input_stat,BuiltInFunction,abs()
py_file_input_stat,BuiltInFunction,round()
py_file_input_stat,BuiltInFunction,min()
py_file_input_stat,BuiltInFunction,list()
py_input_stat2,ClassMethod,__init()__
py_input_stat2,ArtithmeticOperator,/
py_student_score,ClassMethod,__init()__
py_score_dict2,ClassMethod,__init()__
bjects_classes_loan,SubscriptExpression,IndexingExpression
bjects_classes_loan,SubscriptExpression,SlicingExpression
bjects_classes_loan,Call,FunctionCall
bjects_classes_loan,ClassMethod,__init()__
bjects_classes_loan,AssignmentStatement,AugmentedAssignmentStatement
py_loan2,BuiltInFunction,list()
py_tv2,Call,FunctionCall
py_tv2,ArithmeticExpression,UnaryOperation
py_tv2,Literal,StringLiteral
py_tv2,Literal,BooleanLiteral
py_tv2,Literal,NoneLiteral
py_tv2,NumericLiteral,FloatLiteral
py_tv2,NumericLiteral,IntegerLiteral
py_tv2,LiteralCollection,TupleLiteral
py_tv2,LiteralCollection,SetLiteral
py_tv2,LiteralCollection,ListLiteral
py_tv2,LiteralCollection,DictLiteral
py_tv2,ClassMethod,__init()__
py_tv2,AssignmentStatement,AugmentedAssignmentStatement
objects_classes_point,Call,FunctionCall
objects_classes_point,ArithmeticExpression,UnaryOperation
objects_classes_point,NumericLiteral,FloatLiteral
objects_classes_point,ClassMethod,__init()__
objects_classes_point,AssignmentStatement,AugmentedAssignmentStatement
py_point2,Literal,StringLiteral
py_point2,ClassMethod,__init()__
py_point2,AssignmentStatement,AugmentedAssignmentStatement
py_point2,BuiltInFunction,list()
py_account2,Call,FunctionCall
py_account2,ArithmeticExpression,UnaryOperation
py_account2,Literal,BooleanLiteral
py_account2,Literal,NoneLiteral
py_account2,NumericLiteral,FloatLiteral
py_account2,NumericLiteral,IntegerLiteral
py_account2,LiteralCollection,TupleLiteral
py_account2,LiteralCollection,SetLiteral
py_account2,LiteralCollection,ListLiteral
py_account2,LiteralCollection,DictLiteral
py_account2,StringMethod,format()
py_account2,ClassMethod,__init()__
py_account2,Operator,=
py_account2,ComparisonOperator,==
py_account2,MembershipOperator,in
py_account2,AssignmentStatement,AugmentedAssignmentStatement
py_account2,DefinitionStatement,ClassDefinition
py_account2,BuiltInFunction,list()
py_char_dict,SubscriptExpression,SlicingExpression
py_char_dict,Call,FunctionCall
py_char_dict,ArithmeticExpression,BinaryOperation
py_char_dict,ArithmeticExpression,UnaryOperation
py_char_dict,LogicalExpression,BooleanExpression
py_char_dict,Literal,BooleanLiteral
py_char_dict,Literal,NoneLiteral
py_char_dict,NumericLiteral,FloatLiteral
py_char_dict,NumericLiteral,IntegerLiteral
py_char_dict,LiteralCollection,TupleLiteral
py_char_dict,LiteralCollection,SetLiteral
py_char_dict,LiteralCollection,ListLiteral
py_char_dict,Error,TypeError
py_char_dict,Error,OSError
py_char_dict,Error,IndexError
py_char_dict,Error,IOError
py_char_dict,Error,FileNotFoundError
py_char_dict,Error,ValueError
py_char_dict,Error,AssertionError
py_char_dict,StringMethod,split()
py_char_dict,StringMethod,lower()
py_char_dict,StringMethod,join()
py_char_dict,StringMethod,format()
py_char_dict,StringMethod,capitalize()
py_char_dict,StringMethod,rstrip()
py_char_dict,StringMethod,replace()
py_char_dict,DictionaryMethod,values()
py_char_dict,DictionaryMethod,keys()
py_char_dict,DictionaryMethod,items()
py_char_dict,DictionaryMethod,get()
py_char_dict,ClassMethod,__init()__
py_char_dict,ListMethod,reverse()
py_char_dict,ListMethod,insert()
py_char_dict,ListMethod,remove()
py_char_dict,ListMethod,append()
py_char_dict,ListMethod,pop()
py_char_dict,FileMethod,readline()
py_char_dict,FileMethod,close()
py_char_dict,FileMethod,read()
py_char_dict,ComparisonOperator,LessOrEqual
py_char_dict,ComparisonOperator,Less
py_char_dict,ComparisonOperator,Larger
py_char_dict,ComparisonOperator,LargerOrEqual
py_char_dict,ComparisonOperator,==
py_char_dict,ComparisonOperator,NotEqual
py_char_dict,MembershipOperator,in
py_char_dict,LogicalOperator,and
py_char_dict,LogicalOperator,or
py_char_dict,LogicalOperator,not
py_char_dict,ArtithmeticOperator,//
py_char_dict,ArtithmeticOperator,-
py_char_dict,ArtithmeticOperator,+
py_char_dict,ArtithmeticOperator,/
py_char_dict,ArtithmeticOperator,**
py_char_dict,ArtithmeticOperator,Modulus
py_char_dict,ArtithmeticOperator,*
py_char_dict,Statement,ExpressionStatement
py_char_dict,ConditionalStatement,IfElifElseStatement
py_char_dict,ConditionalStatement,IfStatement
py_char_dict,ConditionalStatement,IfElifStatement
py_char_dict,ImportStatement,Import
py_char_dict,ImportStatement,ImportFrom
py_char_dict,JumpStatement,PassStatement
py_char_dict,JumpStatement,BreakStatement
py_char_dict,JumpStatement,ContinueStatement
py_char_dict,JumpStatement,ReturnStatement
py_char_dict,IterationStatement,WhileStatement
py_char_dict,ExceptionHandlingStatement,TryStatement
py_char_dict,ExceptionHandlingStatement,RaiseStatement
py_char_dict,ExceptionHandlingStatement,AssertStatement
py_char_dict,AssignmentStatement,AugmentedAssignmentStatement
py_char_dict,DefinitionStatement,ClassDefinition
py_char_dict,BuiltInFunction,dict()
py_char_dict,BuiltInFunction,str()
py_char_dict,BuiltInFunction,next()
py_char_dict,BuiltInFunction,int()
py_char_dict,BuiltInFunction,max()
py_char_dict,BuiltInFunction,float()
py_char_dict,BuiltInFunction,set()
py_char_dict,BuiltInFunction,open()
py_char_dict,BuiltInFunction,range()
py_char_dict,BuiltInFunction,tuple()
py_char_dict,BuiltInFunction,abs()
py_char_dict,BuiltInFunction,round()
py_char_dict,BuiltInFunction,len()
py_char_dict,BuiltInFunction,min()
py_char_dict,BuiltInFunction,list()
py_first_char_words_dict,ClassMethod,__init()__
ae_adl_hello,Call,FunctionCall
ae_adl_hello,Literal,BooleanLiteral
ae_adl_hello,Literal,NoneLiteral
ae_adl_hello,NumericLiteral,FloatLiteral
ae_adl_hello,NumericLiteral,IntegerLiteral
ae_adl_hello,LiteralCollection,TupleLiteral
ae_adl_hello,LiteralCollection,SetLiteral
ae_adl_hello,LiteralCollection,ListLiteral
ae_adl_hello,LiteralCollection,DictLiteral
ae_adl_hello,Error,TypeError
ae_adl_hello,Error,OSError
ae_adl_hello,Error,IndexError
ae_adl_hello,Error,IOError
ae_adl_hello,Error,FileNotFoundError
ae_adl_hello,Error,ValueError
ae_adl_hello,Error,AssertionError
ae_adl_hello,StringMethod,split()
ae_adl_hello,StringMethod,lower()
ae_adl_hello,StringMethod,join()
ae_adl_hello,StringMethod,format()
ae_adl_hello,StringMethod,capitalize()
ae_adl_hello,StringMethod,rstrip()
ae_adl_hello,StringMethod,replace()
ae_adl_hello,DictionaryMethod,values()
ae_adl_hello,DictionaryMethod,keys()
ae_adl_hello,DictionaryMethod,items()
ae_adl_hello,DictionaryMethod,get()
ae_adl_hello,ClassMethod,__init()__
ae_adl_hello,ListMethod,reverse()
ae_adl_hello,ListMethod,insert()
ae_adl_hello,ListMethod,remove()
ae_adl_hello,ListMethod,append()
ae_adl_hello,ListMethod,pop()
ae_adl_hello,FileMethod,readline()
ae_adl_hello,FileMethod,close()
ae_adl_hello,FileMethod,read()
ae_adl_hello,Operator,=
ae_adl_hello,ComparisonOperator,LessOrEqual
ae_adl_hello,ComparisonOperator,Less
ae_adl_hello,ComparisonOperator,Larger
ae_adl_hello,ComparisonOperator,LargerOrEqual
ae_adl_hello,ComparisonOperator,==
ae_adl_hello,ComparisonOperator,NotEqual
ae_adl_hello,MembershipOperator,in
ae_adl_hello,LogicalOperator,and
ae_adl_hello,LogicalOperator,or
ae_adl_hello,LogicalOperator,not
ae_adl_hello,ArtithmeticOperator,//
ae_adl_hello,ArtithmeticOperator,-
ae_adl_hello,ArtithmeticOperator,+
ae_adl_hello,ArtithmeticOperator,/
ae_adl_hello,ArtithmeticOperator,**
ae_adl_hello,ArtithmeticOperator,Modulus
ae_adl_hello,ArtithmeticOperator,*
ae_adl_hello,ConditionalStatement,IfElifElseStatement
ae_adl_hello,ConditionalStatement,IfElseStatement
ae_adl_hello,ConditionalStatement,IfElifStatement
ae_adl_hello,ImportStatement,Import
ae_adl_hello,ImportStatement,ImportFrom
ae_adl_hello,JumpStatement,PassStatement
ae_adl_hello,JumpStatement,BreakStatement
ae_adl_hello,JumpStatement,ContinueStatement
ae_adl_hello,JumpStatement,ReturnStatement
ae_adl_hello,AssignmentStatement,AugmentedAssignmentStatement
ae_adl_hello,BuiltInFunction,dict()
ae_adl_hello,BuiltInFunction,str()
ae_adl_hello,BuiltInFunction,next()
ae_adl_hello,BuiltInFunction,input()
ae_adl_hello,BuiltInFunction,int()
ae_adl_hello,BuiltInFunction,max()
ae_adl_hello,BuiltInFunction,float()
ae_adl_hello,BuiltInFunction,set()
ae_adl_hello,BuiltInFunction,open()
ae_adl_hello,BuiltInFunction,range()
ae_adl_hello,BuiltInFunction,tuple()
ae_adl_hello,BuiltInFunction,abs()
ae_adl_hello,BuiltInFunction,round()
ae_adl_hello,BuiltInFunction,len()
ae_adl_hello,BuiltInFunction,min()
ae_adl_hello,BuiltInFunction,list()
ae_adl_variables,Call,FunctionCall
ae_adl_variables,Literal,BooleanLiteral
ae_adl_variables,Literal,NoneLiteral
ae_adl_variables,NumericLiteral,FloatLiteral
ae_adl_variables,NumericLiteral,IntegerLiteral
ae_adl_variables,LiteralCollection,TupleLiteral
ae_adl_variables,LiteralCollection,SetLiteral
ae_adl_variables,LiteralCollection,ListLiteral
ae_adl_variables,LiteralCollection,DictLiteral
ae_adl_variables,ClassMethod,__init()__
ae_adl_variables,BuiltInFunction,list()
ae_adl_simple_arithmetics,SubscriptExpression,IndexingExpression
ae_adl_simple_arithmetics,SubscriptExpression,SlicingExpression
ae_adl_simple_arithmetics,Call,FunctionCall
ae_adl_simple_arithmetics,ArithmeticExpression,UnaryOperation
ae_adl_simple_arithmetics,LogicalExpression,ComparisonExpression
ae_adl_simple_arithmetics,LogicalExpression,BooleanExpression
ae_adl_simple_arithmetics,Literal,StringLiteral
ae_adl_simple_arithmetics,Literal,BooleanLiteral
ae_adl_simple_arithmetics,Literal,NoneLiteral
ae_adl_simple_arithmetics,NumericLiteral,FloatLiteral
ae_adl_simple_arithmetics,NumericLiteral,IntegerLiteral
ae_adl_simple_arithmetics,LiteralCollection,TupleLiteral
ae_adl_simple_arithmetics,LiteralCollection,SetLiteral
ae_adl_simple_arithmetics,LiteralCollection,ListLiteral
ae_adl_simple_arithmetics,LiteralCollection,DictLiteral
ae_adl_simple_arithmetics,Error,TypeError
ae_adl_simple_arithmetics,Error,OSError
ae_adl_simple_arithmetics,Error,IndexError
ae_adl_simple_arithmetics,Error,IOError
ae_adl_simple_arithmetics,Error,FileNotFoundError
ae_adl_simple_arithmetics,Error,ValueError
ae_adl_simple_arithmetics,Error,AssertionError
ae_adl_simple_arithmetics,StringMethod,split()
ae_adl_simple_arithmetics,StringMethod,lower()
ae_adl_simple_arithmetics,StringMethod,join()
ae_adl_simple_arithmetics,StringMethod,format()
ae_adl_simple_arithmetics,StringMethod,capitalize()
ae_adl_simple_arithmetics,StringMethod,rstrip()
ae_adl_simple_arithmetics,StringMethod,replace()
ae_adl_simple_arithmetics,DictionaryMethod,values()
ae_adl_simple_arithmetics,DictionaryMethod,keys()
ae_adl_simple_arithmetics,DictionaryMethod,items()
ae_adl_simple_arithmetics,DictionaryMethod,get()
ae_adl_simple_arithmetics,ClassMethod,__init()__
ae_adl_simple_arithmetics,ListMethod,reverse()
ae_adl_simple_arithmetics,ListMethod,insert()
ae_adl_simple_arithmetics,ListMethod,remove()
ae_adl_simple_arithmetics,ListMethod,append()
ae_adl_simple_arithmetics,ListMethod,pop()
ae_adl_simple_arithmetics,FileMethod,readline()
ae_adl_simple_arithmetics,FileMethod,close()
ae_adl_simple_arithmetics,FileMethod,read()
ae_adl_simple_arithmetics,Operator,=
ae_adl_simple_arithmetics,ComparisonOperator,LessOrEqual
ae_adl_simple_arithmetics,ComparisonOperator,Less
ae_adl_simple_arithmetics,ComparisonOperator,Larger
ae_adl_simple_arithmetics,ComparisonOperator,LargerOrEqual
ae_adl_simple_arithmetics,ComparisonOperator,==
ae_adl_simple_arithmetics,ComparisonOperator,NotEqual
ae_adl_simple_arithmetics,MembershipOperator,in
ae_adl_simple_arithmetics,LogicalOperator,and
ae_adl_simple_arithmetics,LogicalOperator,or
ae_adl_simple_arithmetics,LogicalOperator,not
ae_adl_simple_arithmetics,ArtithmeticOperator,//
ae_adl_simple_arithmetics,ArtithmeticOperator,-
ae_adl_simple_arithmetics,ArtithmeticOperator,+
ae_adl_simple_arithmetics,ArtithmeticOperator,/
ae_adl_simple_arithmetics,ArtithmeticOperator,**
ae_adl_simple_arithmetics,ArtithmeticOperator,Modulus
ae_adl_simple_arithmetics,ArtithmeticOperator,*
ae_adl_simple_arithmetics,Statement,ExpressionStatement
ae_adl_simple_arithmetics,ConditionalStatement,IfElifElseStatement
ae_adl_simple_arithmetics,ConditionalStatement,IfStatement
ae_adl_simple_arithmetics,ConditionalStatement,IfElseStatement
ae_adl_simple_arithmetics,ConditionalStatement,IfElifStatement
ae_adl_simple_arithmetics,ImportStatement,Import
ae_adl_simple_arithmetics,ImportStatement,ImportFrom
ae_adl_simple_arithmetics,JumpStatement,PassStatement
ae_adl_simple_arithmetics,JumpStatement,BreakStatement
ae_adl_simple_arithmetics,JumpStatement,ContinueStatement
ae_adl_simple_arithmetics,JumpStatement,ReturnStatement
ae_adl_simple_arithmetics,IterationStatement,ForStatement
ae_adl_simple_arithmetics,IterationStatement,WhileStatement
ae_adl_simple_arithmetics,ExceptionHandlingStatement,TryStatement
ae_adl_simple_arithmetics,ExceptionHandlingStatement,RaiseStatement
ae_adl_simple_arithmetics,ExceptionHandlingStatement,AssertStatement
ae_adl_simple_arithmetics,AssignmentStatement,AugmentedAssignmentStatement
ae_adl_simple_arithmetics,DefinitionStatement,FunctionDefinition
ae_adl_simple_arithmetics,DefinitionStatement,ClassDefinition
ae_adl_simple_arithmetics,BuiltInFunction,dict()
ae_adl_simple_arithmetics,BuiltInFunction,str()
ae_adl_simple_arithmetics,BuiltInFunction,next()
ae_adl_simple_arithmetics,BuiltInFunction,input()
ae_adl_simple_arithmetics,BuiltInFunction,int()
ae_adl_simple_arithmetics,BuiltInFunction,max()
ae_adl_simple_arithmetics,BuiltInFunction,float()
ae_adl_simple_arithmetics,BuiltInFunction,set()
ae_adl_simple_arithmetics,BuiltInFunction,open()
ae_adl_simple_arithmetics,BuiltInFunction,range()
ae_adl_simple_arithmetics,BuiltInFunction,tuple()
ae_adl_simple_arithmetics,BuiltInFunction,abs()
ae_adl_simple_arithmetics,BuiltInFunction,round()
ae_adl_simple_arithmetics,BuiltInFunction,len()
ae_adl_simple_arithmetics,BuiltInFunction,min()
ae_adl_simple_arithmetics,BuiltInFunction,list()
ae_adl_arithmetics2,SubscriptExpression,IndexingExpression
ae_adl_arithmetics2,SubscriptExpression,SlicingExpression
ae_adl_arithmetics2,Call,FunctionCall
ae_adl_arithmetics2,ArithmeticExpression,UnaryOperation
ae_adl_arithmetics2,LogicalExpression,ComparisonExpression
ae_adl_arithmetics2,LogicalExpression,BooleanExpression
ae_adl_arithmetics2,Literal,BooleanLiteral
ae_adl_arithmetics2,Literal,NoneLiteral
ae_adl_arithmetics2,NumericLiteral,IntegerLiteral
ae_adl_arithmetics2,LiteralCollection,TupleLiteral
ae_adl_arithmetics2,LiteralCollection,SetLiteral
ae_adl_arithmetics2,LiteralCollection,ListLiteral
ae_adl_arithmetics2,LiteralCollection,DictLiteral
ae_adl_arithmetics2,Error,TypeError
ae_adl_arithmetics2,Error,OSError
ae_adl_arithmetics2,Error,IndexError
ae_adl_arithmetics2,Error,IOError
ae_adl_arithmetics2,Error,FileNotFoundError
ae_adl_arithmetics2,Error,ValueError
ae_adl_arithmetics2,Error,AssertionError
ae_adl_arithmetics2,StringMethod,split()
ae_adl_arithmetics2,StringMethod,lower()
ae_adl_arithmetics2,StringMethod,join()
ae_adl_arithmetics2,StringMethod,format()
ae_adl_arithmetics2,StringMethod,capitalize()
ae_adl_arithmetics2,StringMethod,rstrip()
ae_adl_arithmetics2,StringMethod,replace()
ae_adl_arithmetics2,DictionaryMethod,values()
ae_adl_arithmetics2,DictionaryMethod,keys()
ae_adl_arithmetics2,DictionaryMethod,items()
ae_adl_arithmetics2,DictionaryMethod,get()
ae_adl_arithmetics2,ClassMethod,__init()__
ae_adl_arithmetics2,ListMethod,reverse()
ae_adl_arithmetics2,ListMethod,insert()
ae_adl_arithmetics2,ListMethod,remove()
ae_adl_arithmetics2,ListMethod,append()
ae_adl_arithmetics2,ListMethod,pop()
ae_adl_arithmetics2,FileMethod,readline()
ae_adl_arithmetics2,FileMethod,close()
ae_adl_arithmetics2,FileMethod,read()
ae_adl_arithmetics2,Operator,=
ae_adl_arithmetics2,ComparisonOperator,LessOrEqual
ae_adl_arithmetics2,ComparisonOperator,Less
ae_adl_arithmetics2,ComparisonOperator,Larger
ae_adl_arithmetics2,ComparisonOperator,LargerOrEqual
ae_adl_arithmetics2,ComparisonOperator,==
ae_adl_arithmetics2,ComparisonOperator,NotEqual
ae_adl_arithmetics2,MembershipOperator,in
ae_adl_arithmetics2,LogicalOperator,and
ae_adl_arithmetics2,LogicalOperator,or
ae_adl_arithmetics2,LogicalOperator,not
ae_adl_arithmetics2,ArtithmeticOperator,//
ae_adl_arithmetics2,ArtithmeticOperator,-
ae_adl_arithmetics2,ArtithmeticOperator,+
ae_adl_arithmetics2,ArtithmeticOperator,/
ae_adl_arithmetics2,ArtithmeticOperator,**
ae_adl_arithmetics2,ArtithmeticOperator,Modulus
ae_adl_arithmetics2,ArtithmeticOperator,*
ae_adl_arithmetics2,Statement,ExpressionStatement
ae_adl_arithmetics2,ConditionalStatement,IfElifElseStatement
ae_adl_arithmetics2,ConditionalStatement,IfStatement
ae_adl_arithmetics2,ConditionalStatement,IfElseStatement
ae_adl_arithmetics2,ConditionalStatement,IfElifStatement
ae_adl_arithmetics2,ImportStatement,Import
ae_adl_arithmetics2,ImportStatement,ImportFrom
ae_adl_arithmetics2,JumpStatement,PassStatement
ae_adl_arithmetics2,JumpStatement,BreakStatement
ae_adl_arithmetics2,JumpStatement,ContinueStatement
ae_adl_arithmetics2,JumpStatement,ReturnStatement
ae_adl_arithmetics2,IterationStatement,ForStatement
ae_adl_arithmetics2,IterationStatement,WhileStatement
ae_adl_arithmetics2,ExceptionHandlingStatement,TryStatement
ae_adl_arithmetics2,ExceptionHandlingStatement,RaiseStatement
ae_adl_arithmetics2,ExceptionHandlingStatement,AssertStatement
ae_adl_arithmetics2,AssignmentStatement,AugmentedAssignmentStatement
ae_adl_arithmetics2,DefinitionStatement,FunctionDefinition
ae_adl_arithmetics2,DefinitionStatement,ClassDefinition
ae_adl_arithmetics2,BuiltInFunction,dict()
ae_adl_arithmetics2,BuiltInFunction,str()
ae_adl_arithmetics2,BuiltInFunction,next()
ae_adl_arithmetics2,BuiltInFunction,input()
ae_adl_arithmetics2,BuiltInFunction,int()
ae_adl_arithmetics2,BuiltInFunction,max()
ae_adl_arithmetics2,BuiltInFunction,float()
ae_adl_arithmetics2,BuiltInFunction,set()
ae_adl_arithmetics2,BuiltInFunction,open()
ae_adl_arithmetics2,BuiltInFunction,range()
ae_adl_arithmetics2,BuiltInFunction,tuple()
ae_adl_arithmetics2,BuiltInFunction,abs()
ae_adl_arithmetics2,BuiltInFunction,round()
ae_adl_arithmetics2,BuiltInFunction,len()
ae_adl_arithmetics2,BuiltInFunction,min()
ae_adl_arithmetics2,BuiltInFunction,list()
ae_adl_comparison,SubscriptExpression,IndexingExpression
ae_adl_comparison,SubscriptExpression,SlicingExpression
ae_adl_comparison,Call,FunctionCall
ae_adl_comparison,ArithmeticExpression,UnaryOperation
ae_adl_comparison,LogicalExpression,ComparisonExpression
ae_adl_comparison,LogicalExpression,BooleanExpression
ae_adl_comparison,Literal,StringLiteral
ae_adl_comparison,Literal,BooleanLiteral
ae_adl_comparison,Literal,NoneLiteral
ae_adl_comparison,NumericLiteral,FloatLiteral
ae_adl_comparison,NumericLiteral,IntegerLiteral
ae_adl_comparison,LiteralCollection,TupleLiteral
ae_adl_comparison,LiteralCollection,SetLiteral
ae_adl_comparison,LiteralCollection,ListLiteral
ae_adl_comparison,LiteralCollection,DictLiteral
ae_adl_comparison,Error,TypeError
ae_adl_comparison,Error,OSError
ae_adl_comparison,Error,IndexError
ae_adl_comparison,Error,IOError
ae_adl_comparison,Error,FileNotFoundError
ae_adl_comparison,Error,ValueError
ae_adl_comparison,Error,AssertionError
ae_adl_comparison,StringMethod,split()
ae_adl_comparison,StringMethod,lower()
ae_adl_comparison,StringMethod,join()
ae_adl_comparison,StringMethod,format()
ae_adl_comparison,StringMethod,capitalize()
ae_adl_comparison,StringMethod,rstrip()
ae_adl_comparison,StringMethod,replace()
ae_adl_comparison,DictionaryMethod,values()
ae_adl_comparison,DictionaryMethod,keys()
ae_adl_comparison,DictionaryMethod,items()
ae_adl_comparison,DictionaryMethod,get()
ae_adl_comparison,ClassMethod,__init()__
ae_adl_comparison,ListMethod,reverse()
ae_adl_comparison,ListMethod,insert()
ae_adl_comparison,ListMethod,remove()
ae_adl_comparison,ListMethod,append()
ae_adl_comparison,ListMethod,pop()
ae_adl_comparison,FileMethod,readline()
ae_adl_comparison,FileMethod,close()
ae_adl_comparison,FileMethod,read()
ae_adl_comparison,Operator,=
ae_adl_comparison,ComparisonOperator,LessOrEqual
ae_adl_comparison,ComparisonOperator,LargerOrEqual
ae_adl_comparison,MembershipOperator,in
ae_adl_comparison,LogicalOperator,and
ae_adl_comparison,LogicalOperator,or
ae_adl_comparison,LogicalOperator,not
ae_adl_comparison,ArtithmeticOperator,//
ae_adl_comparison,ArtithmeticOperator,-
ae_adl_comparison,ArtithmeticOperator,+
ae_adl_comparison,ArtithmeticOperator,/
ae_adl_comparison,ArtithmeticOperator,**
ae_adl_comparison,ArtithmeticOperator,Modulus
ae_adl_comparison,ArtithmeticOperator,*
ae_adl_comparison,Statement,ExpressionStatement
ae_adl_comparison,ConditionalStatement,IfElifElseStatement
ae_adl_comparison,ConditionalStatement,IfStatement
ae_adl_comparison,ConditionalStatement,IfElseStatement
ae_adl_comparison,ConditionalStatement,IfElifStatement
ae_adl_comparison,ImportStatement,Import
ae_adl_comparison,ImportStatement,ImportFrom
ae_adl_comparison,JumpStatement,PassStatement
ae_adl_comparison,JumpStatement,BreakStatement
ae_adl_comparison,JumpStatement,ContinueStatement
ae_adl_comparison,JumpStatement,ReturnStatement
ae_adl_comparison,IterationStatement,ForStatement
ae_adl_comparison,IterationStatement,WhileStatement
ae_adl_comparison,ExceptionHandlingStatement,TryStatement
ae_adl_comparison,ExceptionHandlingStatement,RaiseStatement
ae_adl_comparison,ExceptionHandlingStatement,AssertStatement
ae_adl_comparison,AssignmentStatement,SimpleAssignmentStatement
ae_adl_comparison,AssignmentStatement,AugmentedAssignmentStatement
ae_adl_comparison,DefinitionStatement,FunctionDefinition
ae_adl_comparison,DefinitionStatement,ClassDefinition
ae_adl_comparison,BuiltInFunction,dict()
ae_adl_comparison,BuiltInFunction,str()
ae_adl_comparison,BuiltInFunction,next()
ae_adl_comparison,BuiltInFunction,input()
ae_adl_comparison,BuiltInFunction,int()
ae_adl_comparison,BuiltInFunction,max()
ae_adl_comparison,BuiltInFunction,float()
ae_adl_comparison,BuiltInFunction,set()
ae_adl_comparison,BuiltInFunction,open()
ae_adl_comparison,BuiltInFunction,range()
ae_adl_comparison,BuiltInFunction,tuple()
ae_adl_comparison,BuiltInFunction,abs()
ae_adl_comparison,BuiltInFunction,round()
ae_adl_comparison,BuiltInFunction,len()
ae_adl_comparison,BuiltInFunction,min()
ae_adl_comparison,BuiltInFunction,list()
ae_adl_logic,Call,FunctionCall
ae_adl_logic,ArithmeticExpression,UnaryOperation
ae_adl_logic,Literal,StringLiteral
ae_adl_logic,Literal,BooleanLiteral
ae_adl_logic,Literal,NoneLiteral
ae_adl_logic,NumericLiteral,FloatLiteral
ae_adl_logic,NumericLiteral,IntegerLiteral
ae_adl_logic,LiteralCollection,TupleLiteral
ae_adl_logic,LiteralCollection,SetLiteral
ae_adl_logic,LiteralCollection,ListLiteral
ae_adl_logic,LiteralCollection,DictLiteral
ae_adl_logic,ClassMethod,__init()__
ae_adl_logic,Statement,ExpressionStatement
ae_adl_logic,ConditionalStatement,IfElifElseStatement
ae_adl_logic,ConditionalStatement,IfStatement
ae_adl_logic,ConditionalStatement,IfElseStatement
ae_adl_logic,ConditionalStatement,IfElifStatement
ae_adl_logic,ImportStatement,Import
ae_adl_logic,ImportStatement,ImportFrom
ae_adl_logic,JumpStatement,PassStatement
ae_adl_logic,JumpStatement,BreakStatement
ae_adl_logic,JumpStatement,ContinueStatement
ae_adl_logic,JumpStatement,ReturnStatement
ae_adl_logic,AssignmentStatement,AugmentedAssignmentStatement
ae_adl_logic,BuiltInFunction,dict()
ae_adl_logic,BuiltInFunction,str()
ae_adl_logic,BuiltInFunction,next()
ae_adl_logic,BuiltInFunction,input()
ae_adl_logic,BuiltInFunction,int()
ae_adl_logic,BuiltInFunction,max()
ae_adl_logic,BuiltInFunction,float()
ae_adl_logic,BuiltInFunction,set()
ae_adl_logic,BuiltInFunction,open()
ae_adl_logic,BuiltInFunction,range()
ae_adl_logic,BuiltInFunction,tuple()
ae_adl_logic,BuiltInFunction,abs()
ae_adl_logic,BuiltInFunction,round()
ae_adl_logic,BuiltInFunction,len()
ae_adl_logic,BuiltInFunction,min()
ae_adl_logic,BuiltInFunction,list()
ae_adl_greet,Literal,BooleanLiteral
ae_adl_greet,Literal,NoneLiteral
ae_adl_greet,NumericLiteral,FloatLiteral
ae_adl_greet,NumericLiteral,IntegerLiteral
ae_adl_greet,ClassMethod,__init()__
ae_adl_greet,IterationStatement,ForStatement
ae_adl_greet,IterationStatement,WhileStatement
ae_adl_greet,ExceptionHandlingStatement,TryStatement
ae_adl_greet,ExceptionHandlingStatement,RaiseStatement
ae_adl_greet,ExceptionHandlingStatement,AssertStatement
ae_adl_greet,AssignmentStatement,AugmentedAssignmentStatement
ae_adl_greet,DefinitionStatement,ClassDefinition
ae_adl_greet,BuiltInFunction,dict()
ae_adl_greet,BuiltInFunction,str()
ae_adl_greet,BuiltInFunction,next()
ae_adl_greet,BuiltInFunction,int()
ae_adl_greet,BuiltInFunction,max()
ae_adl_greet,BuiltInFunction,float()
ae_adl_greet,BuiltInFunction,set()
ae_adl_greet,BuiltInFunction,open()
ae_adl_greet,BuiltInFunction,range()
ae_adl_greet,BuiltInFunction,tuple()
ae_adl_greet,BuiltInFunction,abs()
ae_adl_greet,BuiltInFunction,round()
ae_adl_greet,BuiltInFunction,len()
ae_adl_greet,BuiltInFunction,min()
ae_adl_greet,BuiltInFunction,list()
ae_adl_input2,ClassMethod,__init()__
ae_adl_hiscore1,ArithmeticExpression,UnaryOperation
ae_adl_hiscore1,LogicalExpression,BooleanExpression
ae_adl_hiscore1,Literal,BooleanLiteral
ae_adl_hiscore1,Literal,NoneLiteral
ae_adl_hiscore1,NumericLiteral,FloatLiteral
ae_adl_hiscore1,NumericLiteral,IntegerLiteral
ae_adl_hiscore1,LiteralCollection,TupleLiteral
ae_adl_hiscore1,LiteralCollection,SetLiteral
ae_adl_hiscore1,LiteralCollection,ListLiteral
ae_adl_hiscore1,LiteralCollection,DictLiteral
ae_adl_hiscore1,ClassMethod,__init()__
ae_adl_hiscore1,ComparisonOperator,LessOrEqual
ae_adl_hiscore1,ComparisonOperator,Less
ae_adl_hiscore1,ComparisonOperator,LargerOrEqual
ae_adl_hiscore1,ComparisonOperator,==
ae_adl_hiscore1,ComparisonOperator,NotEqual
ae_adl_hiscore1,MembershipOperator,in
ae_adl_hiscore1,ConditionalStatement,IfElifElseStatement
ae_adl_hiscore1,ConditionalStatement,IfElseStatement
ae_adl_hiscore1,ConditionalStatement,IfElifStatement
ae_adl_hiscore1,JumpStatement,PassStatement
ae_adl_hiscore1,JumpStatement,BreakStatement
ae_adl_hiscore1,JumpStatement,ContinueStatement
ae_adl_hiscore1,IterationStatement,ForStatement
ae_adl_hiscore1,IterationStatement,WhileStatement
ae_adl_hiscore1,ExceptionHandlingStatement,RaiseStatement
ae_adl_hiscore1,ExceptionHandlingStatement,AssertStatement
ae_adl_hiscore1,AssignmentStatement,AugmentedAssignmentStatement
ae_adl_hiscore1,BuiltInFunction,list()
ae_adl_hiscore2,ClassMethod,__init()__
ae_adl_ifelse,SubscriptExpression,IndexingExpression
ae_adl_ifelse,SubscriptExpression,SlicingExpression
ae_adl_ifelse,Call,FunctionCall
ae_adl_ifelse,ArithmeticExpression,BinaryOperation
ae_adl_ifelse,ArithmeticExpression,UnaryOperation
ae_adl_ifelse,LogicalExpression,ComparisonExpression
ae_adl_ifelse,LogicalExpression,BooleanExpression
ae_adl_ifelse,Literal,StringLiteral
ae_adl_ifelse,Literal,BooleanLiteral
ae_adl_ifelse,Literal,NoneLiteral
ae_adl_ifelse,NumericLiteral,FloatLiteral
ae_adl_ifelse,NumericLiteral,IntegerLiteral
ae_adl_ifelse,LiteralCollection,TupleLiteral
ae_adl_ifelse,LiteralCollection,SetLiteral
ae_adl_ifelse,LiteralCollection,ListLiteral
ae_adl_ifelse,LiteralCollection,DictLiteral
ae_adl_ifelse,Error,TypeError
ae_adl_ifelse,Error,OSError
ae_adl_ifelse,Error,IndexError
ae_adl_ifelse,Error,IOError
ae_adl_ifelse,Error,FileNotFoundError
ae_adl_ifelse,Error,ValueError
ae_adl_ifelse,Error,AssertionError
ae_adl_ifelse,StringMethod,split()
ae_adl_ifelse,StringMethod,lower()
ae_adl_ifelse,StringMethod,join()
ae_adl_ifelse,StringMethod,format()
ae_adl_ifelse,StringMethod,capitalize()
ae_adl_ifelse,StringMethod,rstrip()
ae_adl_ifelse,StringMethod,replace()
ae_adl_ifelse,DictionaryMethod,values()
ae_adl_ifelse,DictionaryMethod,keys()
ae_adl_ifelse,DictionaryMethod,items()
ae_adl_ifelse,DictionaryMethod,get()
ae_adl_ifelse,ClassMethod,__init()__
ae_adl_ifelse,ListMethod,reverse()
ae_adl_ifelse,ListMethod,insert()
ae_adl_ifelse,ListMethod,remove()
ae_adl_ifelse,ListMethod,append()
ae_adl_ifelse,ListMethod,pop()
ae_adl_ifelse,FileMethod,readline()
ae_adl_ifelse,FileMethod,close()
ae_adl_ifelse,FileMethod,read()
ae_adl_ifelse,Operator,=
ae_adl_ifelse,ComparisonOperator,LessOrEqual
ae_adl_ifelse,ComparisonOperator,Less
ae_adl_ifelse,ComparisonOperator,Larger
ae_adl_ifelse,ComparisonOperator,LargerOrEqual
ae_adl_ifelse,ComparisonOperator,NotEqual
ae_adl_ifelse,MembershipOperator,in
ae_adl_ifelse,LogicalOperator,and
ae_adl_ifelse,LogicalOperator,or
ae_adl_ifelse,LogicalOperator,not
ae_adl_ifelse,ArtithmeticOperator,//
ae_adl_ifelse,ArtithmeticOperator,-
ae_adl_ifelse,ArtithmeticOperator,+
ae_adl_ifelse,ArtithmeticOperator,/
ae_adl_ifelse,ArtithmeticOperator,**
ae_adl_ifelse,ArtithmeticOperator,*
ae_adl_ifelse,Statement,ExpressionStatement
ae_adl_ifelse,ConditionalStatement,IfElifElseStatement
ae_adl_ifelse,ConditionalStatement,IfStatement
ae_adl_ifelse,ConditionalStatement,IfElifStatement
ae_adl_ifelse,ImportStatement,Import
ae_adl_ifelse,ImportStatement,ImportFrom
ae_adl_ifelse,JumpStatement,PassStatement
ae_adl_ifelse,JumpStatement,BreakStatement
ae_adl_ifelse,JumpStatement,ContinueStatement
ae_adl_ifelse,JumpStatement,ReturnStatement
ae_adl_ifelse,IterationStatement,ForStatement
ae_adl_ifelse,IterationStatement,WhileStatement
ae_adl_ifelse,ExceptionHandlingStatement,TryStatement
ae_adl_ifelse,ExceptionHandlingStatement,RaiseStatement
ae_adl_ifelse,ExceptionHandlingStatement,AssertStatement
ae_adl_ifelse,AssignmentStatement,AugmentedAssignmentStatement
ae_adl_ifelse,DefinitionStatement,FunctionDefinition
ae_adl_ifelse,DefinitionStatement,ClassDefinition
ae_adl_ifelse,BuiltInFunction,dict()
ae_adl_ifelse,BuiltInFunction,str()
ae_adl_ifelse,BuiltInFunction,next()
ae_adl_ifelse,BuiltInFunction,input()
ae_adl_ifelse,BuiltInFunction,int()
ae_adl_ifelse,BuiltInFunction,max()
ae_adl_ifelse,BuiltInFunction,float()
ae_adl_ifelse,BuiltInFunction,set()
ae_adl_ifelse,BuiltInFunction,open()
ae_adl_ifelse,BuiltInFunction,range()
ae_adl_ifelse,BuiltInFunction,tuple()
ae_adl_ifelse,BuiltInFunction,abs()
ae_adl_ifelse,BuiltInFunction,round()
ae_adl_ifelse,BuiltInFunction,len()
ae_adl_ifelse,BuiltInFunction,min()
ae_adl_ifelse,BuiltInFunction,list()
ae_adl_nested_if,ClassMethod,__init()__
ae_adl_while,SubscriptExpression,IndexingExpression
ae_adl_while,SubscriptExpression,SlicingExpression
ae_adl_while,Call,FunctionCall
ae_adl_while,ArithmeticExpression,UnaryOperation
ae_adl_while,LogicalExpression,BooleanExpression
ae_adl_while,Literal,StringLiteral
ae_adl_while,Literal,BooleanLiteral
ae_adl_while,Literal,NoneLiteral
ae_adl_while,NumericLiteral,FloatLiteral
ae_adl_while,NumericLiteral,IntegerLiteral
ae_adl_while,LiteralCollection,TupleLiteral
ae_adl_while,LiteralCollection,SetLiteral
ae_adl_while,LiteralCollection,ListLiteral
ae_adl_while,LiteralCollection,DictLiteral
ae_adl_while,Error,TypeError
ae_adl_while,Error,OSError
ae_adl_while,Error,IndexError
ae_adl_while,Error,IOError
ae_adl_while,Error,FileNotFoundError
ae_adl_while,Error,ValueError
ae_adl_while,Error,AssertionError
ae_adl_while,StringMethod,split()
ae_adl_while,StringMethod,lower()
ae_adl_while,StringMethod,join()
ae_adl_while,StringMethod,format()
ae_adl_while,StringMethod,capitalize()
ae_adl_while,StringMethod,rstrip()
ae_adl_while,StringMethod,replace()
ae_adl_while,DictionaryMethod,values()
ae_adl_while,DictionaryMethod,keys()
ae_adl_while,DictionaryMethod,items()
ae_adl_while,DictionaryMethod,get()
ae_adl_while,ClassMethod,__init()__
ae_adl_while,ListMethod,reverse()
ae_adl_while,ListMethod,insert()
ae_adl_while,ListMethod,remove()
ae_adl_while,ListMethod,append()
ae_adl_while,ListMethod,pop()
ae_adl_while,FileMethod,readline()
ae_adl_while,FileMethod,close()
ae_adl_while,FileMethod,read()
ae_adl_while,Operator,=
ae_adl_while,ComparisonOperator,LessOrEqual
ae_adl_while,ComparisonOperator,Less
ae_adl_while,ComparisonOperator,Larger
ae_adl_while,ComparisonOperator,LargerOrEqual
ae_adl_while,ComparisonOperator,==
ae_adl_while,ComparisonOperator,NotEqual
ae_adl_while,MembershipOperator,in
ae_adl_while,LogicalOperator,and
ae_adl_while,LogicalOperator,or
ae_adl_while,LogicalOperator,not
ae_adl_while,ArtithmeticOperator,//
ae_adl_while,ArtithmeticOperator,-
ae_adl_while,ArtithmeticOperator,+
ae_adl_while,ArtithmeticOperator,/
ae_adl_while,ArtithmeticOperator,**
ae_adl_while,ArtithmeticOperator,Modulus
ae_adl_while,ArtithmeticOperator,*
ae_adl_while,Statement,ExpressionStatement
ae_adl_while,ConditionalStatement,IfElifElseStatement
ae_adl_while,ConditionalStatement,IfStatement
ae_adl_while,ConditionalStatement,IfElseStatement
ae_adl_while,ConditionalStatement,IfElifStatement
ae_adl_while,ImportStatement,Import
ae_adl_while,ImportStatement,ImportFrom
ae_adl_while,JumpStatement,PassStatement
ae_adl_while,JumpStatement,BreakStatement
ae_adl_while,JumpStatement,ContinueStatement
ae_adl_while,JumpStatement,ReturnStatement
ae_adl_while,IterationStatement,ForStatement
ae_adl_while,ExceptionHandlingStatement,TryStatement
ae_adl_while,ExceptionHandlingStatement,RaiseStatement
ae_adl_while,ExceptionHandlingStatement,AssertStatement
ae_adl_while,AssignmentStatement,AugmentedAssignmentStatement
ae_adl_while,DefinitionStatement,FunctionDefinition
ae_adl_while,DefinitionStatement,ClassDefinition
ae_adl_while,BuiltInFunction,dict()
ae_adl_while,BuiltInFunction,str()
ae_adl_while,BuiltInFunction,next()
ae_adl_while,BuiltInFunction,input()
ae_adl_while,BuiltInFunction,int()
ae_adl_while,BuiltInFunction,max()
ae_adl_while,BuiltInFunction,float()
ae_adl_while,BuiltInFunction,set()
ae_adl_while,BuiltInFunction,open()
ae_adl_while,BuiltInFunction,range()
ae_adl_while,BuiltInFunction,tuple()
ae_adl_while,BuiltInFunction,abs()
ae_adl_while,BuiltInFunction,round()
ae_adl_while,BuiltInFunction,len()
ae_adl_while,BuiltInFunction,min()
ae_adl_while,BuiltInFunction,list()
ae_adl_for,SubscriptExpression,IndexingExpression
ae_adl_for,SubscriptExpression,SlicingExpression
ae_adl_for,Call,FunctionCall
ae_adl_for,ArithmeticExpression,UnaryOperation
ae_adl_for,LogicalExpression,ComparisonExpression
ae_adl_for,LogicalExpression,BooleanExpression
ae_adl_for,Literal,BooleanLiteral
ae_adl_for,Literal,NoneLiteral
ae_adl_for,NumericLiteral,FloatLiteral
ae_adl_for,NumericLiteral,IntegerLiteral
ae_adl_for,LiteralCollection,TupleLiteral
ae_adl_for,LiteralCollection,SetLiteral
ae_adl_for,LiteralCollection,ListLiteral
ae_adl_for,LiteralCollection,DictLiteral
ae_adl_for,Error,TypeError
ae_adl_for,Error,OSError
ae_adl_for,Error,IndexError
ae_adl_for,Error,IOError
ae_adl_for,Error,FileNotFoundError
ae_adl_for,Error,ValueError
ae_adl_for,Error,AssertionError
ae_adl_for,StringMethod,split()
ae_adl_for,StringMethod,lower()
ae_adl_for,StringMethod,join()
ae_adl_for,StringMethod,format()
ae_adl_for,StringMethod,capitalize()
ae_adl_for,StringMethod,rstrip()
ae_adl_for,StringMethod,replace()
ae_adl_for,DictionaryMethod,values()
ae_adl_for,DictionaryMethod,keys()
ae_adl_for,DictionaryMethod,items()
ae_adl_for,DictionaryMethod,get()
ae_adl_for,ClassMethod,__init()__
ae_adl_for,ListMethod,reverse()
ae_adl_for,ListMethod,insert()
ae_adl_for,ListMethod,remove()
ae_adl_for,ListMethod,append()
ae_adl_for,ListMethod,pop()
ae_adl_for,FileMethod,readline()
ae_adl_for,FileMethod,close()
ae_adl_for,FileMethod,read()
ae_adl_for,Operator,=
ae_adl_for,ComparisonOperator,LessOrEqual
ae_adl_for,ComparisonOperator,Less
ae_adl_for,ComparisonOperator,Larger
ae_adl_for,ComparisonOperator,LargerOrEqual
ae_adl_for,ComparisonOperator,==
ae_adl_for,ComparisonOperator,NotEqual
ae_adl_for,MembershipOperator,in
ae_adl_for,LogicalOperator,and
ae_adl_for,LogicalOperator,or
ae_adl_for,LogicalOperator,not
ae_adl_for,ArtithmeticOperator,//
ae_adl_for,ArtithmeticOperator,-
ae_adl_for,ArtithmeticOperator,+
ae_adl_for,ArtithmeticOperator,/
ae_adl_for,ArtithmeticOperator,**
ae_adl_for,ArtithmeticOperator,Modulus
ae_adl_for,ArtithmeticOperator,*
ae_adl_for,ConditionalStatement,IfElifElseStatement
ae_adl_for,ConditionalStatement,IfStatement
ae_adl_for,ConditionalStatement,IfElseStatement
ae_adl_for,ConditionalStatement,IfElifStatement
ae_adl_for,ImportStatement,Import
ae_adl_for,ImportStatement,ImportFrom
ae_adl_for,JumpStatement,PassStatement
ae_adl_for,JumpStatement,BreakStatement
ae_adl_for,JumpStatement,ContinueStatement
ae_adl_for,JumpStatement,ReturnStatement
ae_adl_for,IterationStatement,WhileStatement
ae_adl_for,ExceptionHandlingStatement,TryStatement
ae_adl_for,ExceptionHandlingStatement,RaiseStatement
ae_adl_for,ExceptionHandlingStatement,AssertStatement
ae_adl_for,AssignmentStatement,SimpleAssignmentStatement
ae_adl_for,AssignmentStatement,AugmentedAssignmentStatement
ae_adl_for,DefinitionStatement,FunctionDefinition
ae_adl_for,DefinitionStatement,ClassDefinition
ae_adl_for,BuiltInFunction,dict()
ae_adl_for,BuiltInFunction,str()
ae_adl_for,BuiltInFunction,next()
ae_adl_for,BuiltInFunction,input()
ae_adl_for,BuiltInFunction,int()
ae_adl_for,BuiltInFunction,max()
ae_adl_for,BuiltInFunction,float()
ae_adl_for,BuiltInFunction,set()
ae_adl_for,BuiltInFunction,open()
ae_adl_for,BuiltInFunction,tuple()
ae_adl_for,BuiltInFunction,abs()
ae_adl_for,BuiltInFunction,round()
ae_adl_for,BuiltInFunction,len()
ae_adl_for,BuiltInFunction,min()
ae_adl_for,BuiltInFunction,list()
ae_adl_strings,ClassMethod,__init()__
ae_adl_lists1,SubscriptExpression,SlicingExpression
ae_adl_lists1,Call,FunctionCall
ae_adl_lists1,ArithmeticExpression,BinaryOperation
ae_adl_lists1,ArithmeticExpression,UnaryOperation
ae_adl_lists1,LogicalExpression,ComparisonExpression
ae_adl_lists1,LogicalExpression,BooleanExpression
ae_adl_lists1,Literal,BooleanLiteral
ae_adl_lists1,Literal,NoneLiteral
ae_adl_lists1,NumericLiteral,FloatLiteral
ae_adl_lists1,NumericLiteral,IntegerLiteral
ae_adl_lists1,LiteralCollection,TupleLiteral
ae_adl_lists1,LiteralCollection,SetLiteral
ae_adl_lists1,LiteralCollection,DictLiteral
ae_adl_lists1,Error,TypeError
ae_adl_lists1,Error,OSError
ae_adl_lists1,Error,IndexError
ae_adl_lists1,Error,IOError
ae_adl_lists1,Error,FileNotFoundError
ae_adl_lists1,Error,ValueError
ae_adl_lists1,Error,AssertionError
ae_adl_lists1,StringMethod,split()
ae_adl_lists1,StringMethod,lower()
ae_adl_lists1,StringMethod,join()
ae_adl_lists1,StringMethod,format()
ae_adl_lists1,StringMethod,capitalize()
ae_adl_lists1,StringMethod,rstrip()
ae_adl_lists1,StringMethod,replace()
ae_adl_lists1,DictionaryMethod,values()
ae_adl_lists1,DictionaryMethod,keys()
ae_adl_lists1,DictionaryMethod,items()
ae_adl_lists1,DictionaryMethod,get()
ae_adl_lists1,ClassMethod,__init()__
ae_adl_lists1,ListMethod,reverse()
ae_adl_lists1,ListMethod,insert()
ae_adl_lists1,ListMethod,remove()
ae_adl_lists1,ListMethod,pop()
ae_adl_lists1,FileMethod,readline()
ae_adl_lists1,FileMethod,close()
ae_adl_lists1,FileMethod,read()
ae_adl_lists1,Operator,=
ae_adl_lists1,ComparisonOperator,LessOrEqual
ae_adl_lists1,ComparisonOperator,Less
ae_adl_lists1,ComparisonOperator,Larger
ae_adl_lists1,ComparisonOperator,LargerOrEqual
ae_adl_lists1,ComparisonOperator,==
ae_adl_lists1,ComparisonOperator,NotEqual
ae_adl_lists1,MembershipOperator,in
ae_adl_lists1,LogicalOperator,and
ae_adl_lists1,LogicalOperator,or
ae_adl_lists1,LogicalOperator,not
ae_adl_lists1,ArtithmeticOperator,//
ae_adl_lists1,ArtithmeticOperator,-
ae_adl_lists1,ArtithmeticOperator,+
ae_adl_lists1,ArtithmeticOperator,/
ae_adl_lists1,ArtithmeticOperator,**
ae_adl_lists1,ArtithmeticOperator,Modulus
ae_adl_lists1,ArtithmeticOperator,*
ae_adl_lists1,Statement,ExpressionStatement
ae_adl_lists1,ConditionalStatement,IfElifElseStatement
ae_adl_lists1,ConditionalStatement,IfStatement
ae_adl_lists1,ConditionalStatement,IfElseStatement
ae_adl_lists1,ConditionalStatement,IfElifStatement
ae_adl_lists1,ImportStatement,Import
ae_adl_lists1,ImportStatement,ImportFrom
ae_adl_lists1,JumpStatement,PassStatement
ae_adl_lists1,JumpStatement,BreakStatement
ae_adl_lists1,JumpStatement,ContinueStatement
ae_adl_lists1,JumpStatement,ReturnStatement
ae_adl_lists1,IterationStatement,ForStatement
ae_adl_lists1,IterationStatement,WhileStatement
ae_adl_lists1,ExceptionHandlingStatement,TryStatement
ae_adl_lists1,ExceptionHandlingStatement,RaiseStatement
ae_adl_lists1,ExceptionHandlingStatement,AssertStatement
ae_adl_lists1,AssignmentStatement,AugmentedAssignmentStatement
ae_adl_lists1,DefinitionStatement,FunctionDefinition
ae_adl_lists1,DefinitionStatement,ClassDefinition
ae_adl_lists1,BuiltInFunction,dict()
ae_adl_lists1,BuiltInFunction,str()
ae_adl_lists1,BuiltInFunction,next()
ae_adl_lists1,BuiltInFunction,input()
ae_adl_lists1,BuiltInFunction,int()
ae_adl_lists1,BuiltInFunction,max()
ae_adl_lists1,BuiltInFunction,float()
ae_adl_lists1,BuiltInFunction,set()
ae_adl_lists1,BuiltInFunction,open()
ae_adl_lists1,BuiltInFunction,range()
ae_adl_lists1,BuiltInFunction,tuple()
ae_adl_lists1,BuiltInFunction,abs()
ae_adl_lists1,BuiltInFunction,round()
ae_adl_lists1,BuiltInFunction,min()
ae_adl_lists1,BuiltInFunction,list()
ae_adl_lists2,ArithmeticExpression,BinaryOperation
ae_adl_lists2,ArithmeticExpression,UnaryOperation
ae_adl_lists2,Literal,BooleanLiteral
ae_adl_lists2,Literal,NoneLiteral
ae_adl_lists2,NumericLiteral,FloatLiteral
ae_adl_lists2,NumericLiteral,IntegerLiteral
ae_adl_lists2,LiteralCollection,TupleLiteral
ae_adl_lists2,LiteralCollection,SetLiteral
ae_adl_lists2,LiteralCollection,DictLiteral
ae_adl_lists2,ClassMethod,__init()__
ae_adl_lists2,IterationStatement,WhileStatement
ae_adl_lists2,BuiltInFunction,list()
ae_adl_lists3,Call,FunctionCall
ae_adl_lists3,ArithmeticExpression,UnaryOperation
ae_adl_lists3,LogicalExpression,ComparisonExpression
ae_adl_lists3,LogicalExpression,BooleanExpression
ae_adl_lists3,NumericLiteral,FloatLiteral
ae_adl_lists3,NumericLiteral,IntegerLiteral
ae_adl_lists3,ClassMethod,__init()__
ae_adl_lists3,MembershipOperator,in
ae_adl_lists3,ArtithmeticOperator,//
ae_adl_lists3,ArtithmeticOperator,-
ae_adl_lists3,ArtithmeticOperator,+
ae_adl_lists3,ArtithmeticOperator,/
ae_adl_lists3,ArtithmeticOperator,**
ae_adl_lists3,ArtithmeticOperator,Modulus
ae_adl_lists3,ArtithmeticOperator,*
ae_adl_lists3,ConditionalStatement,IfElifElseStatement
ae_adl_lists3,ConditionalStatement,IfElseStatement
ae_adl_lists3,ConditionalStatement,IfElifStatement
ae_adl_lists3,IterationStatement,WhileStatement
ae_adl_lists3,AssignmentStatement,AugmentedAssignmentStatement
ae_adl_lists3,BuiltInFunction,dict()
ae_adl_lists3,BuiltInFunction,str()
ae_adl_lists3,BuiltInFunction,next()
ae_adl_lists3,BuiltInFunction,input()
ae_adl_lists3,BuiltInFunction,int()
ae_adl_lists3,BuiltInFunction,max()
ae_adl_lists3,BuiltInFunction,float()
ae_adl_lists3,BuiltInFunction,set()
ae_adl_lists3,BuiltInFunction,open()
ae_adl_lists3,BuiltInFunction,tuple()
ae_adl_lists3,BuiltInFunction,abs()
ae_adl_lists3,BuiltInFunction,round()
ae_adl_lists3,BuiltInFunction,min()
ae_adl_lists3,BuiltInFunction,list()
ae_adl_format1,ClassMethod,__init()__
ae_adl_format1,BuiltInFunction,list()
ae_adl_format2,ClassMethod,__init()__
ae_adl_findmax,ClassMethod,__init()__
ae_adl_functions1,SubscriptExpression,SlicingExpression
ae_adl_functions1,ArithmeticExpression,UnaryOperation
ae_adl_functions1,LogicalExpression,BooleanExpression
ae_adl_functions1,Literal,BooleanLiteral
ae_adl_functions1,Literal,NoneLiteral
ae_adl_functions1,NumericLiteral,FloatLiteral
ae_adl_functions1,NumericLiteral,IntegerLiteral
ae_adl_functions1,LiteralCollection,SetLiteral
ae_adl_functions1,LiteralCollection,ListLiteral
ae_adl_functions1,LiteralCollection,DictLiteral
ae_adl_functions1,Error,TypeError
ae_adl_functions1,Error,OSError
ae_adl_functions1,Error,IndexError
ae_adl_functions1,Error,IOError
ae_adl_functions1,Error,FileNotFoundError
ae_adl_functions1,Error,ValueError
ae_adl_functions1,Error,AssertionError
ae_adl_functions1,StringMethod,split()
ae_adl_functions1,StringMethod,lower()
ae_adl_functions1,StringMethod,join()
ae_adl_functions1,StringMethod,format()
ae_adl_functions1,StringMethod,capitalize()
ae_adl_functions1,StringMethod,rstrip()
ae_adl_functions1,StringMethod,replace()
ae_adl_functions1,DictionaryMethod,values()
ae_adl_functions1,DictionaryMethod,keys()
ae_adl_functions1,DictionaryMethod,items()
ae_adl_functions1,DictionaryMethod,get()
ae_adl_functions1,ClassMethod,__init()__
ae_adl_functions1,ListMethod,reverse()
ae_adl_functions1,ListMethod,insert()
ae_adl_functions1,ListMethod,remove()
ae_adl_functions1,ListMethod,append()
ae_adl_functions1,ListMethod,pop()
ae_adl_functions1,FileMethod,readline()
ae_adl_functions1,FileMethod,close()
ae_adl_functions1,FileMethod,read()
ae_adl_functions1,Operator,=
ae_adl_functions1,ComparisonOperator,LessOrEqual
ae_adl_functions1,ComparisonOperator,Less
ae_adl_functions1,ComparisonOperator,Larger
ae_adl_functions1,ComparisonOperator,LargerOrEqual
ae_adl_functions1,ComparisonOperator,==
ae_adl_functions1,ComparisonOperator,NotEqual
ae_adl_functions1,MembershipOperator,in
ae_adl_functions1,LogicalOperator,and
ae_adl_functions1,LogicalOperator,or
ae_adl_functions1,LogicalOperator,not
ae_adl_functions1,ArtithmeticOperator,//
ae_adl_functions1,ArtithmeticOperator,-
ae_adl_functions1,ArtithmeticOperator,+
ae_adl_functions1,ArtithmeticOperator,/
ae_adl_functions1,ArtithmeticOperator,**
ae_adl_functions1,ArtithmeticOperator,Modulus
ae_adl_functions1,ArtithmeticOperator,*
ae_adl_functions1,Statement,ExpressionStatement
ae_adl_functions1,ConditionalStatement,IfElifElseStatement
ae_adl_functions1,ConditionalStatement,IfStatement
ae_adl_functions1,ConditionalStatement,IfElseStatement
ae_adl_functions1,ConditionalStatement,IfElifStatement
ae_adl_functions1,ImportStatement,ImportFrom
ae_adl_functions1,JumpStatement,PassStatement
ae_adl_functions1,JumpStatement,BreakStatement
ae_adl_functions1,JumpStatement,ContinueStatement
ae_adl_functions1,IterationStatement,ForStatement
ae_adl_functions1,IterationStatement,WhileStatement
ae_adl_functions1,ExceptionHandlingStatement,RaiseStatement
ae_adl_functions1,ExceptionHandlingStatement,AssertStatement
ae_adl_functions1,AssignmentStatement,AugmentedAssignmentStatement
ae_adl_functions1,DefinitionStatement,ClassDefinition
ae_adl_functions1,BuiltInFunction,dict()
ae_adl_functions1,BuiltInFunction,str()
ae_adl_functions1,BuiltInFunction,next()
ae_adl_functions1,BuiltInFunction,input()
ae_adl_functions1,BuiltInFunction,int()
ae_adl_functions1,BuiltInFunction,max()
ae_adl_functions1,BuiltInFunction,float()
ae_adl_functions1,BuiltInFunction,set()
ae_adl_functions1,BuiltInFunction,open()
ae_adl_functions1,BuiltInFunction,range()
ae_adl_functions1,BuiltInFunction,tuple()
ae_adl_functions1,BuiltInFunction,abs()
ae_adl_functions1,BuiltInFunction,round()
ae_adl_functions1,BuiltInFunction,len()
ae_adl_functions1,BuiltInFunction,min()
ae_adl_functions1,BuiltInFunction,list()
ae_adl_returnvalue,ClassMethod,__init()__
ae_adl_functions2,SubscriptExpression,IndexingExpression
ae_adl_functions2,SubscriptExpression,SlicingExpression
ae_adl_functions2,ArithmeticExpression,UnaryOperation
ae_adl_functions2,LogicalExpression,ComparisonExpression
ae_adl_functions2,LogicalExpression,BooleanExpression
ae_adl_functions2,Literal,StringLiteral
ae_adl_functions2,Literal,BooleanLiteral
ae_adl_functions2,Literal,NoneLiteral
ae_adl_functions2,NumericLiteral,FloatLiteral
ae_adl_functions2,NumericLiteral,IntegerLiteral
ae_adl_functions2,LiteralCollection,TupleLiteral
ae_adl_functions2,LiteralCollection,SetLiteral
ae_adl_functions2,LiteralCollection,ListLiteral
ae_adl_functions2,LiteralCollection,DictLiteral
ae_adl_functions2,Error,TypeError
ae_adl_functions2,Error,OSError
ae_adl_functions2,Error,IndexError
ae_adl_functions2,Error,IOError
ae_adl_functions2,Error,FileNotFoundError
ae_adl_functions2,Error,ValueError
ae_adl_functions2,Error,AssertionError
ae_adl_functions2,StringMethod,split()
ae_adl_functions2,StringMethod,lower()
ae_adl_functions2,StringMethod,join()
ae_adl_functions2,StringMethod,format()
ae_adl_functions2,StringMethod,capitalize()
ae_adl_functions2,StringMethod,rstrip()
ae_adl_functions2,StringMethod,replace()
ae_adl_functions2,DictionaryMethod,values()
ae_adl_functions2,DictionaryMethod,keys()
ae_adl_functions2,DictionaryMethod,items()
ae_adl_functions2,DictionaryMethod,get()
ae_adl_functions2,ClassMethod,__init()__
ae_adl_functions2,ListMethod,reverse()
ae_adl_functions2,ListMethod,insert()
ae_adl_functions2,ListMethod,remove()
ae_adl_functions2,ListMethod,append()
ae_adl_functions2,ListMethod,pop()
ae_adl_functions2,FileMethod,readline()
ae_adl_functions2,FileMethod,close()
ae_adl_functions2,FileMethod,read()
ae_adl_functions2,Operator,=
ae_adl_functions2,ComparisonOperator,LessOrEqual
ae_adl_functions2,ComparisonOperator,Less
ae_adl_functions2,ComparisonOperator,Larger
ae_adl_functions2,ComparisonOperator,LargerOrEqual
ae_adl_functions2,ComparisonOperator,==
ae_adl_functions2,ComparisonOperator,NotEqual
ae_adl_functions2,MembershipOperator,in
ae_adl_functions2,LogicalOperator,and
ae_adl_functions2,LogicalOperator,or
ae_adl_functions2,LogicalOperator,not
ae_adl_functions2,ArtithmeticOperator,//
ae_adl_functions2,ArtithmeticOperator,-
ae_adl_functions2,ArtithmeticOperator,+
ae_adl_functions2,ArtithmeticOperator,/
ae_adl_functions2,ArtithmeticOperator,**
ae_adl_functions2,ArtithmeticOperator,Modulus
ae_adl_functions2,ArtithmeticOperator,*
ae_adl_functions2,ConditionalStatement,IfElifElseStatement
ae_adl_functions2,ConditionalStatement,IfStatement
ae_adl_functions2,ConditionalStatement,IfElseStatement
ae_adl_functions2,ConditionalStatement,IfElifStatement
ae_adl_functions2,ImportStatement,Import
ae_adl_functions2,ImportStatement,ImportFrom
ae_adl_functions2,JumpStatement,PassStatement
ae_adl_functions2,JumpStatement,BreakStatement
ae_adl_functions2,JumpStatement,ContinueStatement
ae_adl_functions2,JumpStatement,ReturnStatement
ae_adl_functions2,IterationStatement,ForStatement
ae_adl_functions2,IterationStatement,WhileStatement
ae_adl_functions2,ExceptionHandlingStatement,TryStatement
ae_adl_functions2,ExceptionHandlingStatement,RaiseStatement
ae_adl_functions2,ExceptionHandlingStatement,AssertStatement
ae_adl_functions2,AssignmentStatement,AugmentedAssignmentStatement
ae_adl_functions2,DefinitionStatement,ClassDefinition
ae_adl_functions2,BuiltInFunction,dict()
ae_adl_functions2,BuiltInFunction,str()
ae_adl_functions2,BuiltInFunction,next()
ae_adl_functions2,BuiltInFunction,input()
ae_adl_functions2,BuiltInFunction,int()
ae_adl_functions2,BuiltInFunction,max()
ae_adl_functions2,BuiltInFunction,float()
ae_adl_functions2,BuiltInFunction,set()
ae_adl_functions2,BuiltInFunction,open()
ae_adl_functions2,BuiltInFunction,range()
ae_adl_functions2,BuiltInFunction,tuple()
ae_adl_functions2,BuiltInFunction,abs()
ae_adl_functions2,BuiltInFunction,round()
ae_adl_functions2,BuiltInFunction,len()
ae_adl_functions2,BuiltInFunction,min()
ae_adl_functions2,BuiltInFunction,list()
ae_adl_functions3,ArithmeticExpression,UnaryOperation
ae_adl_functions3,LiteralCollection,TupleLiteral
ae_adl_functions3,LiteralCollection,SetLiteral
ae_adl_functions3,LiteralCollection,DictLiteral
ae_adl_functions3,ClassMethod,__init()__
ae_adl_functions3,IterationStatement,ForStatement
ae_adl_functions3,IterationStatement,WhileStatement
ae_adl_functions3,ExceptionHandlingStatement,TryStatement
ae_adl_functions3,ExceptionHandlingStatement,RaiseStatement
ae_adl_functions3,ExceptionHandlingStatement,AssertStatement
ae_adl_functions3,AssignmentStatement,SimpleAssignmentStatement
ae_adl_functions3,AssignmentStatement,AugmentedAssignmentStatement
ae_adl_functions3,DefinitionStatement,ClassDefinition
ae_adl_functions3,BuiltInFunction,dict()
ae_adl_functions3,BuiltInFunction,str()
ae_adl_functions3,BuiltInFunction,next()
ae_adl_functions3,BuiltInFunction,input()
ae_adl_functions3,BuiltInFunction,int()
ae_adl_functions3,BuiltInFunction,max()
ae_adl_functions3,BuiltInFunction,set()
ae_adl_functions3,BuiltInFunction,open()
ae_adl_functions3,BuiltInFunction,range()
ae_adl_functions3,BuiltInFunction,tuple()
ae_adl_functions3,BuiltInFunction,abs()
ae_adl_functions3,BuiltInFunction,round()
ae_adl_functions3,BuiltInFunction,len()
ae_adl_functions3,BuiltInFunction,min()
ae_adl_functions3,BuiltInFunction,list()
ae_adl_recursion,SubscriptExpression,IndexingExpression
ae_adl_recursion,SubscriptExpression,SlicingExpression
ae_adl_recursion,ArithmeticExpression,UnaryOperation
ae_adl_recursion,LogicalExpression,BooleanExpression
ae_adl_recursion,Literal,BooleanLiteral
ae_adl_recursion,Literal,NoneLiteral
ae_adl_recursion,NumericLiteral,FloatLiteral
ae_adl_recursion,NumericLiteral,IntegerLiteral
ae_adl_recursion,LiteralCollection,TupleLiteral
ae_adl_recursion,LiteralCollection,SetLiteral
ae_adl_recursion,LiteralCollection,ListLiteral
ae_adl_recursion,LiteralCollection,DictLiteral
ae_adl_recursion,Error,TypeError
ae_adl_recursion,Error,OSError
ae_adl_recursion,Error,IndexError
ae_adl_recursion,Error,IOError
ae_adl_recursion,Error,FileNotFoundError
ae_adl_recursion,Error,ValueError
ae_adl_recursion,Error,AssertionError
ae_adl_recursion,StringMethod,split()
ae_adl_recursion,StringMethod,lower()
ae_adl_recursion,StringMethod,join()
ae_adl_recursion,StringMethod,format()
ae_adl_recursion,StringMethod,capitalize()
ae_adl_recursion,StringMethod,rstrip()
ae_adl_recursion,StringMethod,replace()
ae_adl_recursion,DictionaryMethod,values()
ae_adl_recursion,DictionaryMethod,keys()
ae_adl_recursion,DictionaryMethod,items()
ae_adl_recursion,DictionaryMethod,get()
ae_adl_recursion,ClassMethod,__init()__
ae_adl_recursion,ListMethod,reverse()
ae_adl_recursion,ListMethod,insert()
ae_adl_recursion,ListMethod,remove()
ae_adl_recursion,ListMethod,append()
ae_adl_recursion,ListMethod,pop()
ae_adl_recursion,FileMethod,readline()
ae_adl_recursion,FileMethod,close()
ae_adl_recursion,FileMethod,read()
ae_adl_recursion,Operator,=
ae_adl_recursion,ComparisonOperator,LessOrEqual
ae_adl_recursion,ComparisonOperator,Less
ae_adl_recursion,ComparisonOperator,Larger
ae_adl_recursion,ComparisonOperator,LargerOrEqual
ae_adl_recursion,ComparisonOperator,==
ae_adl_recursion,ComparisonOperator,NotEqual
ae_adl_recursion,MembershipOperator,in
ae_adl_recursion,LogicalOperator,and
ae_adl_recursion,LogicalOperator,or
ae_adl_recursion,LogicalOperator,not
ae_adl_recursion,ArtithmeticOperator,//
ae_adl_recursion,ArtithmeticOperator,-
ae_adl_recursion,ArtithmeticOperator,+
ae_adl_recursion,ArtithmeticOperator,/
ae_adl_recursion,ArtithmeticOperator,**
ae_adl_recursion,ArtithmeticOperator,Modulus
ae_adl_recursion,ArtithmeticOperator,*
ae_adl_recursion,Statement,ExpressionStatement
ae_adl_recursion,ConditionalStatement,IfElifElseStatement
ae_adl_recursion,ConditionalStatement,IfStatement
ae_adl_recursion,ConditionalStatement,IfElifStatement
ae_adl_recursion,ImportStatement,Import
ae_adl_recursion,ImportStatement,ImportFrom
ae_adl_recursion,JumpStatement,PassStatement
ae_adl_recursion,JumpStatement,BreakStatement
ae_adl_recursion,JumpStatement,ContinueStatement
ae_adl_recursion,JumpStatement,ReturnStatement
ae_adl_recursion,IterationStatement,ForStatement
ae_adl_recursion,IterationStatement,WhileStatement
ae_adl_recursion,ExceptionHandlingStatement,TryStatement
ae_adl_recursion,ExceptionHandlingStatement,RaiseStatement
ae_adl_recursion,ExceptionHandlingStatement,AssertStatement
ae_adl_recursion,AssignmentStatement,SimpleAssignmentStatement
ae_adl_recursion,AssignmentStatement,AugmentedAssignmentStatement
ae_adl_recursion,DefinitionStatement,ClassDefinition
ae_adl_recursion,BuiltInFunction,dict()
ae_adl_recursion,BuiltInFunction,str()
ae_adl_recursion,BuiltInFunction,next()
ae_adl_recursion,BuiltInFunction,input()
ae_adl_recursion,BuiltInFunction,int()
ae_adl_recursion,BuiltInFunction,max()
ae_adl_recursion,BuiltInFunction,float()
ae_adl_recursion,BuiltInFunction,set()
ae_adl_recursion,BuiltInFunction,open()
ae_adl_recursion,BuiltInFunction,range()
ae_adl_recursion,BuiltInFunction,tuple()
ae_adl_recursion,BuiltInFunction,abs()
ae_adl_recursion,BuiltInFunction,round()
ae_adl_recursion,BuiltInFunction,len()
ae_adl_recursion,BuiltInFunction,min()
ae_adl_recursion,BuiltInFunction,list()
ae_adl_dict2,ClassMethod,__init()__
ae_adl_dict3,ClassMethod,__init()__
ae_adl_objects1,ClassMethod,__init()__
ae_adl_objects2,SubscriptExpression,IndexingExpression
ae_adl_objects2,SubscriptExpression,SlicingExpression
ae_adl_objects2,ArithmeticExpression,UnaryOperation
ae_adl_objects2,LogicalExpression,BooleanExpression
ae_adl_objects2,Literal,StringLiteral
ae_adl_objects2,Literal,BooleanLiteral
ae_adl_objects2,Literal,NoneLiteral
ae_adl_objects2,NumericLiteral,FloatLiteral
ae_adl_objects2,NumericLiteral,IntegerLiteral
ae_adl_objects2,LiteralCollection,TupleLiteral
ae_adl_objects2,LiteralCollection,SetLiteral
ae_adl_objects2,LiteralCollection,ListLiteral
ae_adl_objects2,LiteralCollection,DictLiteral
ae_adl_objects2,Error,TypeError
ae_adl_objects2,Error,OSError
ae_adl_objects2,Error,IndexError
ae_adl_objects2,Error,IOError
ae_adl_objects2,Error,FileNotFoundError
ae_adl_objects2,Error,ValueError
ae_adl_objects2,Error,AssertionError
ae_adl_objects2,StringMethod,split()
ae_adl_objects2,StringMethod,lower()
ae_adl_objects2,StringMethod,join()
ae_adl_objects2,StringMethod,format()
ae_adl_objects2,StringMethod,capitalize()
ae_adl_objects2,StringMethod,rstrip()
ae_adl_objects2,StringMethod,replace()
ae_adl_objects2,DictionaryMethod,values()
ae_adl_objects2,DictionaryMethod,keys()
ae_adl_objects2,DictionaryMethod,items()
ae_adl_objects2,DictionaryMethod,get()
ae_adl_objects2,ClassMethod,__init()__
ae_adl_objects2,ListMethod,reverse()
ae_adl_objects2,ListMethod,insert()
ae_adl_objects2,ListMethod,remove()
ae_adl_objects2,ListMethod,append()
ae_adl_objects2,ListMethod,pop()
ae_adl_objects2,FileMethod,readline()
ae_adl_objects2,FileMethod,close()
ae_adl_objects2,FileMethod,read()
ae_adl_objects2,Operator,=
ae_adl_objects2,ComparisonOperator,LessOrEqual
ae_adl_objects2,ComparisonOperator,Less
ae_adl_objects2,ComparisonOperator,Larger
ae_adl_objects2,ComparisonOperator,LargerOrEqual
ae_adl_objects2,ComparisonOperator,==
ae_adl_objects2,ComparisonOperator,NotEqual
ae_adl_objects2,MembershipOperator,in
ae_adl_objects2,LogicalOperator,and
ae_adl_objects2,LogicalOperator,or
ae_adl_objects2,LogicalOperator,not
ae_adl_objects2,ArtithmeticOperator,//
ae_adl_objects2,ArtithmeticOperator,-
ae_adl_objects2,ArtithmeticOperator,+
ae_adl_objects2,ArtithmeticOperator,/
ae_adl_objects2,ArtithmeticOperator,**
ae_adl_objects2,ArtithmeticOperator,Modulus
ae_adl_objects2,ArtithmeticOperator,*
ae_adl_objects2,Statement,ExpressionStatement
ae_adl_objects2,ConditionalStatement,IfElifElseStatement
ae_adl_objects2,ConditionalStatement,IfElseStatement
ae_adl_objects2,ConditionalStatement,IfElifStatement
ae_adl_objects2,ImportStatement,Import
ae_adl_objects2,ImportStatement,ImportFrom
ae_adl_objects2,JumpStatement,PassStatement
ae_adl_objects2,JumpStatement,BreakStatement
ae_adl_objects2,JumpStatement,ContinueStatement
ae_adl_objects2,JumpStatement,ReturnStatement
ae_adl_objects2,IterationStatement,ForStatement
ae_adl_objects2,IterationStatement,WhileStatement
ae_adl_objects2,ExceptionHandlingStatement,TryStatement
ae_adl_objects2,ExceptionHandlingStatement,RaiseStatement
ae_adl_objects2,ExceptionHandlingStatement,AssertStatement
ae_adl_objects2,AssignmentStatement,AugmentedAssignmentStatement
ae_adl_objects2,BuiltInFunction,dict()
ae_adl_objects2,BuiltInFunction,str()
ae_adl_objects2,BuiltInFunction,next()
ae_adl_objects2,BuiltInFunction,input()
ae_adl_objects2,BuiltInFunction,int()
ae_adl_objects2,BuiltInFunction,max()
ae_adl_objects2,BuiltInFunction,float()
ae_adl_objects2,BuiltInFunction,set()
ae_adl_objects2,BuiltInFunction,open()
ae_adl_objects2,BuiltInFunction,range()
ae_adl_objects2,BuiltInFunction,tuple()
ae_adl_objects2,BuiltInFunction,abs()
ae_adl_objects2,BuiltInFunction,round()
ae_adl_objects2,BuiltInFunction,len()
ae_adl_objects2,BuiltInFunction,list()
py_concat_str_num2,Call,FunctionCall
py_concat_str_num2,NumericLiteral,FloatLiteral
py_concat_str_num2,NumericLiteral,IntegerLiteral
py_concat_str_num2,ClassMethod,__init()__
py_concat_str_num2,BuiltInFunction,list()
py_concat_string_num3,SubscriptExpression,IndexingExpression
py_concat_string_num3,SubscriptExpression,SlicingExpression
py_concat_string_num3,ArithmeticExpression,UnaryOperation
py_concat_string_num3,LogicalExpression,ComparisonExpression
py_concat_string_num3,LogicalExpression,BooleanExpression
py_concat_string_num3,Literal,BooleanLiteral
py_concat_string_num3,Literal,NoneLiteral
py_concat_string_num3,NumericLiteral,FloatLiteral
py_concat_string_num3,NumericLiteral,IntegerLiteral
py_concat_string_num3,LiteralCollection,TupleLiteral
py_concat_string_num3,LiteralCollection,SetLiteral
py_concat_string_num3,LiteralCollection,ListLiteral
py_concat_string_num3,LiteralCollection,DictLiteral
py_concat_string_num3,Error,TypeError
py_concat_string_num3,Error,OSError
py_concat_string_num3,Error,IndexError
py_concat_string_num3,Error,IOError
py_concat_string_num3,Error,FileNotFoundError
py_concat_string_num3,Error,ValueError
py_concat_string_num3,Error,AssertionError
py_concat_string_num3,StringMethod,split()
py_concat_string_num3,StringMethod,lower()
py_concat_string_num3,StringMethod,join()
py_concat_string_num3,StringMethod,format()
py_concat_string_num3,StringMethod,capitalize()
py_concat_string_num3,StringMethod,rstrip()
py_concat_string_num3,StringMethod,replace()
py_concat_string_num3,DictionaryMethod,values()
py_concat_string_num3,DictionaryMethod,keys()
py_concat_string_num3,DictionaryMethod,items()
py_concat_string_num3,DictionaryMethod,get()
py_concat_string_num3,ClassMethod,__init()__
py_concat_string_num3,ListMethod,reverse()
py_concat_string_num3,ListMethod,insert()
py_concat_string_num3,ListMethod,remove()
py_concat_string_num3,ListMethod,append()
py_concat_string_num3,ListMethod,pop()
py_concat_string_num3,FileMethod,readline()
py_concat_string_num3,FileMethod,close()
py_concat_string_num3,FileMethod,read()
py_concat_string_num3,Operator,=
py_concat_string_num3,ComparisonOperator,LessOrEqual
py_concat_string_num3,ComparisonOperator,Less
py_concat_string_num3,ComparisonOperator,Larger
py_concat_string_num3,ComparisonOperator,LargerOrEqual
py_concat_string_num3,ComparisonOperator,==
py_concat_string_num3,ComparisonOperator,NotEqual
py_concat_string_num3,MembershipOperator,in
py_concat_string_num3,LogicalOperator,and
py_concat_string_num3,LogicalOperator,or
py_concat_string_num3,LogicalOperator,not
py_concat_string_num3,ArtithmeticOperator,//
py_concat_string_num3,ArtithmeticOperator,-
py_concat_string_num3,ArtithmeticOperator,+
py_concat_string_num3,ArtithmeticOperator,/
py_concat_string_num3,ArtithmeticOperator,**
py_concat_string_num3,ArtithmeticOperator,Modulus
py_concat_string_num3,ArtithmeticOperator,*
py_concat_string_num3,ConditionalStatement,IfElifElseStatement
py_concat_string_num3,ConditionalStatement,IfStatement
py_concat_string_num3,ConditionalStatement,IfElseStatement
py_concat_string_num3,ConditionalStatement,IfElifStatement
py_concat_string_num3,ImportStatement,Import
py_concat_string_num3,ImportStatement,ImportFrom
py_concat_string_num3,JumpStatement,PassStatement
py_concat_string_num3,JumpStatement,BreakStatement
py_concat_string_num3,JumpStatement,ContinueStatement
py_concat_string_num3,JumpStatement,ReturnStatement
py_concat_string_num3,IterationStatement,ForStatement
py_concat_string_num3,IterationStatement,WhileStatement
py_concat_string_num3,ExceptionHandlingStatement,TryStatement
py_concat_string_num3,ExceptionHandlingStatement,RaiseStatement
py_concat_string_num3,ExceptionHandlingStatement,AssertStatement
py_concat_string_num3,AssignmentStatement,AugmentedAssignmentStatement
py_concat_string_num3,DefinitionStatement,FunctionDefinition
py_concat_string_num3,DefinitionStatement,ClassDefinition
py_concat_string_num3,BuiltInFunction,dict()
py_concat_string_num3,BuiltInFunction,next()
py_concat_string_num3,BuiltInFunction,input()
py_concat_string_num3,BuiltInFunction,int()
py_concat_string_num3,BuiltInFunction,max()
py_concat_string_num3,BuiltInFunction,float()
py_concat_string_num3,BuiltInFunction,set()
py_concat_string_num3,BuiltInFunction,open()
py_concat_string_num3,BuiltInFunction,range()
py_concat_string_num3,BuiltInFunction,tuple()
py_concat_string_num3,BuiltInFunction,abs()
py_concat_string_num3,BuiltInFunction,round()
py_concat_string_num3,BuiltInFunction,len()
py_concat_string_num3,BuiltInFunction,min()
py_concat_string_num3,BuiltInFunction,print()
py_concat_string_num3,BuiltInFunction,list()
py_display_time2,ClassMethod,__init()__
py_display_time2,ArtithmeticOperator,/
py_bmi_calculator,ClassMethod,__init()__
py_bmi_calculator2,BuiltInFunction,list()
py_pythagorean_theorem,ClassMethod,__init()__
py_pythagorean_theorem2,ClassMethod,__init()__
py_f_to_c_conversion,ClassMethod,__init()__
py_fahrenheit_to_celsius,LogicalExpression,BooleanExpression
py_fahrenheit_to_celsius,Literal,BooleanLiteral
py_fahrenheit_to_celsius,Literal,NoneLiteral
py_fahrenheit_to_celsius,NumericLiteral,FloatLiteral
py_fahrenheit_to_celsius,NumericLiteral,IntegerLiteral
py_fahrenheit_to_celsius,ClassMethod,__init()__
py_fahrenheit_to_celsius,FileMethod,readline()
py_fahrenheit_to_celsius,FileMethod,close()
py_fahrenheit_to_celsius,FileMethod,read()
py_fahrenheit_to_celsius,ComparisonOperator,LessOrEqual
py_fahrenheit_to_celsius,ComparisonOperator,Less
py_fahrenheit_to_celsius,ComparisonOperator,Larger
py_fahrenheit_to_celsius,ComparisonOperator,LargerOrEqual
py_fahrenheit_to_celsius,ComparisonOperator,NotEqual
py_fahrenheit_to_celsius,MembershipOperator,in
py_fahrenheit_to_celsius,LogicalOperator,and
py_fahrenheit_to_celsius,LogicalOperator,or
py_fahrenheit_to_celsius,LogicalOperator,not
py_fahrenheit_to_celsius,ArtithmeticOperator,//
py_fahrenheit_to_celsius,ArtithmeticOperator,+
py_fahrenheit_to_celsius,ArtithmeticOperator,**
py_fahrenheit_to_celsius,ArtithmeticOperator,Modulus
py_fahrenheit_to_celsius,Statement,ExpressionStatement
py_fahrenheit_to_celsius,ConditionalStatement,IfElifElseStatement
py_fahrenheit_to_celsius,ConditionalStatement,IfElseStatement
py_fahrenheit_to_celsius,ConditionalStatement,IfElifStatement
py_fahrenheit_to_celsius,AssignmentStatement,AugmentedAssignmentStatement
py_fahrenheit_to_celsius,BuiltInFunction,dict()
py_fahrenheit_to_celsius,BuiltInFunction,str()
py_fahrenheit_to_celsius,BuiltInFunction,next()
py_fahrenheit_to_celsius,BuiltInFunction,max()
py_fahrenheit_to_celsius,BuiltInFunction,float()
py_fahrenheit_to_celsius,BuiltInFunction,set()
py_fahrenheit_to_celsius,BuiltInFunction,open()
py_fahrenheit_to_celsius,BuiltInFunction,range()
py_fahrenheit_to_celsius,BuiltInFunction,tuple()
py_fahrenheit_to_celsius,BuiltInFunction,abs()
py_fahrenheit_to_celsius,BuiltInFunction,round()
py_fahrenheit_to_celsius,BuiltInFunction,len()
py_fahrenheit_to_celsius,BuiltInFunction,min()
py_fahrenheit_to_celsius,BuiltInFunction,print()
py_fahrenheit_to_celsius,BuiltInFunction,list()
py_vending_machine,ClassMethod,__init()__
py_nested_if_min_max,ClassMethod,__init()__
py_nested_if_max_of_three,ClassMethod,__init()__
py_nested_if_temperature,ClassMethod,__init()__
py_if_else_grade,ClassMethod,__init()__
q_py_topic_dictionary:q_py_dict_access1,DefinitionStatement,FunctionDefinition
q_py_topic_dictionary:q_py_dict_access1,DefinitionStatement,ClassDefinition
q_py_topic_dictionary:q_py_dict_access1,BuiltInFunction,dict()
q_py_topic_dictionary:q_py_dict_access1,BuiltInFunction,str()
q_py_topic_dictionary:q_py_dict_access1,BuiltInFunction,next()
q_py_topic_dictionary:q_py_dict_access1,BuiltInFunction,input()
q_py_topic_dictionary:q_py_dict_access1,BuiltInFunction,int()
q_py_topic_dictionary:q_py_dict_access1,BuiltInFunction,max()
q_py_topic_dictionary:q_py_dict_access1,BuiltInFunction,float()
q_py_topic_dictionary:q_py_dict_access1,BuiltInFunction,set()
q_py_topic_dictionary:q_py_dict_access1,BuiltInFunction,open()
q_py_topic_dictionary:q_py_dict_access1,BuiltInFunction,range()
q_py_topic_dictionary:q_py_dict_access1,BuiltInFunction,tuple()
q_py_topic_dictionary:q_py_dict_access1,BuiltInFunction,abs()
q_py_topic_dictionary:q_py_dict_access1,BuiltInFunction,round()
q_py_topic_dictionary:q_py_dict_access1,BuiltInFunction,len()
q_py_topic_dictionary:q_py_dict_access1,BuiltInFunction,min()
q_py_topic_dictionary:q_py_dict_access1,BuiltInFunction,print()
q_py_topic_dictionary:q_py_dict_access1,BuiltInFunction,list()
q_py_topic_dictionary:q_py_dict_access2,SubscriptExpression,SlicingExpression
q_py_topic_dictionary:q_py_dict_access2,ArithmeticExpression,UnaryOperation
q_py_topic_dictionary:q_py_dict_access2,LogicalExpression,ComparisonExpression
q_py_topic_dictionary:q_py_dict_access2,LogicalExpression,BooleanExpression
q_py_topic_dictionary:q_py_dict_access2,NumericLiteral,FloatLiteral
q_py_topic_dictionary:q_py_dict_access2,NumericLiteral,IntegerLiteral
q_py_topic_dictionary:q_py_dict_access2,ClassMethod,__init()__
q_py_topic_exceptions:q_py_exception_assertion,SubscriptExpression,IndexingExpression
q_py_topic_exceptions:q_py_exception_assertion,SubscriptExpression,SlicingExpression
q_py_topic_exceptions:q_py_exception_assertion,Call,FunctionCall
q_py_topic_exceptions:q_py_exception_assertion,ArithmeticExpression,BinaryOperation
q_py_topic_exceptions:q_py_exception_assertion,ArithmeticExpression,UnaryOperation
q_py_topic_exceptions:q_py_exception_assertion,Literal,BooleanLiteral
q_py_topic_exceptions:q_py_exception_assertion,Literal,NoneLiteral
q_py_topic_exceptions:q_py_exception_assertion,NumericLiteral,FloatLiteral
q_py_topic_exceptions:q_py_exception_assertion,NumericLiteral,IntegerLiteral
q_py_topic_exceptions:q_py_exception_assertion,LiteralCollection,TupleLiteral
q_py_topic_exceptions:q_py_exception_assertion,LiteralCollection,SetLiteral
q_py_topic_exceptions:q_py_exception_assertion,LiteralCollection,DictLiteral
q_py_topic_exceptions:q_py_exception_assertion,Error,TypeError
q_py_topic_exceptions:q_py_exception_assertion,Error,OSError
q_py_topic_exceptions:q_py_exception_assertion,Error,IndexError
q_py_topic_exceptions:q_py_exception_assertion,Error,IOError
q_py_topic_exceptions:q_py_exception_assertion,Error,FileNotFoundError
q_py_topic_exceptions:q_py_exception_assertion,Error,ValueError
q_py_topic_exceptions:q_py_exception_assertion,StringMethod,split()
q_py_topic_exceptions:q_py_exception_assertion,StringMethod,lower()
q_py_topic_exceptions:q_py_exception_assertion,StringMethod,join()
q_py_topic_exceptions:q_py_exception_assertion,StringMethod,format()
q_py_topic_exceptions:q_py_exception_assertion,StringMethod,capitalize()
q_py_topic_exceptions:q_py_exception_assertion,StringMethod,rstrip()
q_py_topic_exceptions:q_py_exception_assertion,StringMethod,replace()
q_py_topic_exceptions:q_py_exception_assertion,DictionaryMethod,values()
q_py_topic_exceptions:q_py_exception_assertion,DictionaryMethod,keys()
q_py_topic_exceptions:q_py_exception_assertion,DictionaryMethod,items()
q_py_topic_exceptions:q_py_exception_assertion,DictionaryMethod,get()
q_py_topic_exceptions:q_py_exception_assertion,ClassMethod,__init()__
q_py_topic_exceptions:q_py_exception_assertion,ListMethod,reverse()
q_py_topic_exceptions:q_py_exception_assertion,ListMethod,insert()
q_py_topic_exceptions:q_py_exception_assertion,ListMethod,remove()
q_py_topic_exceptions:q_py_exception_assertion,ListMethod,pop()
q_py_topic_exceptions:q_py_exception_assertion,FileMethod,readline()
q_py_topic_exceptions:q_py_exception_assertion,FileMethod,close()
q_py_topic_exceptions:q_py_exception_assertion,FileMethod,read()
q_py_topic_exceptions:q_py_exception_assertion,Operator,=
q_py_topic_exceptions:q_py_exception_assertion,ComparisonOperator,LessOrEqual
q_py_topic_exceptions:q_py_exception_assertion,ComparisonOperator,Less
q_py_topic_exceptions:q_py_exception_assertion,ComparisonOperator,Larger
q_py_topic_exceptions:q_py_exception_assertion,ComparisonOperator,LargerOrEqual
q_py_topic_exceptions:q_py_exception_assertion,ComparisonOperator,==
q_py_topic_exceptions:q_py_exception_assertion,ComparisonOperator,NotEqual
q_py_topic_exceptions:q_py_exception_assertion,MembershipOperator,in
q_py_topic_exceptions:q_py_exception_assertion,LogicalOperator,and
q_py_topic_exceptions:q_py_exception_assertion,LogicalOperator,or
q_py_topic_exceptions:q_py_exception_assertion,LogicalOperator,not
q_py_topic_exceptions:q_py_exception_assertion,ArtithmeticOperator,//
q_py_topic_exceptions:q_py_exception_assertion,ArtithmeticOperator,-
q_py_topic_exceptions:q_py_exception_assertion,ArtithmeticOperator,+
q_py_topic_exceptions:q_py_exception_assertion,ArtithmeticOperator,/
q_py_topic_exceptions:q_py_exception_assertion,ArtithmeticOperator,**
q_py_topic_exceptions:q_py_exception_assertion,ArtithmeticOperator,Modulus
q_py_topic_exceptions:q_py_exception_assertion,ArtithmeticOperator,*
q_py_topic_exceptions:q_py_exception_assertion,ConditionalStatement,IfElifElseStatement
q_py_topic_exceptions:q_py_exception_assertion,ConditionalStatement,IfStatement
q_py_topic_exceptions:q_py_exception_assertion,ConditionalStatement,IfElseStatement
q_py_topic_exceptions:q_py_exception_assertion,ConditionalStatement,IfElifStatement
q_py_topic_exceptions:q_py_exception_assertion,ImportStatement,Import
q_py_topic_exceptions:q_py_exception_assertion,ImportStatement,ImportFrom
q_py_topic_exceptions:q_py_exception_assertion,JumpStatement,PassStatement
q_py_topic_exceptions:q_py_exception_assertion,JumpStatement,BreakStatement
q_py_topic_exceptions:q_py_exception_assertion,JumpStatement,ContinueStatement
q_py_topic_exceptions:q_py_exception_assertion,JumpStatement,ReturnStatement
q_py_topic_exceptions:q_py_exception_assertion,IterationStatement,WhileStatement
q_py_topic_exceptions:q_py_exception_assertion,DefinitionStatement,ClassDefinition
q_py_topic_exceptions:q_py_exception_assertion,BuiltInFunction,dict()
q_py_topic_exceptions:q_py_exception_assertion,BuiltInFunction,str()
q_py_topic_exceptions:q_py_exception_assertion,BuiltInFunction,next()
q_py_topic_exceptions:q_py_exception_assertion,BuiltInFunction,input()
q_py_topic_exceptions:q_py_exception_assertion,BuiltInFunction,int()
q_py_topic_exceptions:q_py_exception_assertion,BuiltInFunction,max()
q_py_topic_exceptions:q_py_exception_assertion,BuiltInFunction,float()
q_py_topic_exceptions:q_py_exception_assertion,BuiltInFunction,set()
q_py_topic_exceptions:q_py_exception_assertion,BuiltInFunction,open()
q_py_topic_exceptions:q_py_exception_assertion,BuiltInFunction,range()
q_py_topic_exceptions:q_py_exception_assertion,BuiltInFunction,tuple()
q_py_topic_exceptions:q_py_exception_assertion,BuiltInFunction,abs()
q_py_topic_exceptions:q_py_exception_assertion,BuiltInFunction,round()
q_py_topic_exceptions:q_py_exception_assertion,BuiltInFunction,len()
q_py_topic_exceptions:q_py_exception_assertion,BuiltInFunction,min()
q_py_topic_exceptions:q_py_exception_assertion,BuiltInFunction,list()
q_py_topic_exceptions:q_py_list_except1,ClassMethod,__init()__
q_py_topic_exceptions:q_py_value_except1,Call,FunctionCall
q_py_topic_exceptions:q_py_value_except1,Literal,BooleanLiteral
q_py_topic_exceptions:q_py_value_except1,Literal,NoneLiteral
q_py_topic_exceptions:q_py_value_except1,NumericLiteral,FloatLiteral
q_py_topic_exceptions:q_py_value_except1,NumericLiteral,IntegerLiteral
q_py_topic_exceptions:q_py_value_except1,LiteralCollection,TupleLiteral
q_py_topic_exceptions:q_py_value_except1,LiteralCollection,SetLiteral
q_py_topic_exceptions:q_py_value_except1,LiteralCollection,DictLiteral
q_py_topic_exceptions:q_py_value_except1,Error,TypeError
q_py_topic_exceptions:q_py_value_except1,Error,OSError
q_py_topic_exceptions:q_py_value_except1,Error,IndexError
q_py_topic_exceptions:q_py_value_except1,Error,IOError
q_py_topic_exceptions:q_py_value_except1,Error,FileNotFoundError
q_py_topic_exceptions:q_py_value_except1,Error,AssertionError
q_py_topic_exceptions:q_py_value_except1,StringMethod,split()
q_py_topic_exceptions:q_py_value_except1,StringMethod,lower()
q_py_topic_exceptions:q_py_value_except1,StringMethod,join()
q_py_topic_exceptions:q_py_value_except1,StringMethod,format()
q_py_topic_exceptions:q_py_value_except1,StringMethod,capitalize()
q_py_topic_exceptions:q_py_value_except1,StringMethod,rstrip()
q_py_topic_exceptions:q_py_value_except1,StringMethod,replace()
q_py_topic_exceptions:q_py_value_except1,DictionaryMethod,values()
q_py_topic_exceptions:q_py_value_except1,DictionaryMethod,keys()
q_py_topic_exceptions:q_py_value_except1,DictionaryMethod,items()
q_py_topic_exceptions:q_py_value_except1,DictionaryMethod,get()
q_py_topic_exceptions:q_py_value_except1,ClassMethod,__init()__
q_py_topic_exceptions:q_py_value_except1,ListMethod,reverse()
q_py_topic_exceptions:q_py_value_except1,ListMethod,insert()
q_py_topic_exceptions:q_py_value_except1,ListMethod,remove()
q_py_topic_exceptions:q_py_value_except1,ListMethod,append()
q_py_topic_exceptions:q_py_value_except1,ListMethod,pop()
q_py_topic_exceptions:q_py_value_except1,FileMethod,readline()
q_py_topic_exceptions:q_py_value_except1,FileMethod,close()
q_py_topic_exceptions:q_py_value_except1,FileMethod,read()
q_py_topic_exceptions:q_py_value_except1,Operator,=
q_py_topic_exceptions:q_py_value_except1,ComparisonOperator,LessOrEqual
q_py_topic_exceptions:q_py_value_except1,ComparisonOperator,Less
q_py_topic_exceptions:q_py_value_except1,ComparisonOperator,Larger
q_py_topic_exceptions:q_py_value_except1,ComparisonOperator,LargerOrEqual
q_py_topic_exceptions:q_py_value_except1,ComparisonOperator,==
q_py_topic_exceptions:q_py_value_except1,ComparisonOperator,NotEqual
q_py_topic_exceptions:q_py_value_except1,MembershipOperator,in
q_py_topic_exceptions:q_py_value_except1,LogicalOperator,and
q_py_topic_exceptions:q_py_value_except1,LogicalOperator,or
q_py_topic_exceptions:q_py_value_except1,LogicalOperator,not
q_py_topic_exceptions:q_py_value_except1,ArtithmeticOperator,//
q_py_topic_exceptions:q_py_value_except1,ArtithmeticOperator,-
q_py_topic_exceptions:q_py_value_except1,ArtithmeticOperator,+
q_py_topic_exceptions:q_py_value_except1,ArtithmeticOperator,/
q_py_topic_exceptions:q_py_value_except1,ArtithmeticOperator,**
q_py_topic_exceptions:q_py_value_except1,ArtithmeticOperator,Modulus
q_py_topic_exceptions:q_py_value_except1,ArtithmeticOperator,*
q_py_topic_exceptions:q_py_value_except1,ConditionalStatement,IfElifElseStatement
q_py_topic_exceptions:q_py_value_except1,ConditionalStatement,IfStatement
q_py_topic_exceptions:q_py_value_except1,ConditionalStatement,IfElseStatement
q_py_topic_exceptions:q_py_value_except1,ConditionalStatement,IfElifStatement
q_py_topic_exceptions:q_py_value_except1,ImportStatement,ImportFrom
q_py_topic_exceptions:q_py_value_except1,AssignmentStatement,AugmentedAssignmentStatement
q_py_topic_exceptions:q_py_value_except1,DefinitionStatement,ClassDefinition
q_py_topic_exceptions:q_py_value_except1,BuiltInFunction,dict()
q_py_topic_exceptions:q_py_value_except1,BuiltInFunction,str()
q_py_topic_exceptions:q_py_value_except1,BuiltInFunction,next()
q_py_topic_exceptions:q_py_value_except1,BuiltInFunction,input()
q_py_topic_exceptions:q_py_value_except1,BuiltInFunction,max()
q_py_topic_exceptions:q_py_value_except1,BuiltInFunction,float()
q_py_topic_exceptions:q_py_value_except1,BuiltInFunction,set()
q_py_topic_exceptions:q_py_value_except1,BuiltInFunction,open()
q_py_topic_exceptions:q_py_value_except1,BuiltInFunction,range()
q_py_topic_exceptions:q_py_value_except1,BuiltInFunction,tuple()
q_py_topic_exceptions:q_py_value_except1,BuiltInFunction,abs()
q_py_topic_exceptions:q_py_value_except1,BuiltInFunction,round()
q_py_topic_exceptions:q_py_value_except1,BuiltInFunction,len()
q_py_topic_exceptions:q_py_value_except1,BuiltInFunction,min()
q_py_topic_exceptions:q_py_value_except1,BuiltInFunction,list()
q_py_topic_file_processing:q_py_file1,NumericLiteral,FloatLiteral
q_py_topic_file_processing:q_py_file1,NumericLiteral,IntegerLiteral
q_py_topic_file_processing:q_py_file1,ClassMethod,__init()__
q_py_topic_file_processing:q_py_file1,MembershipOperator,in
q_py_topic_file_processing:q_py_file1,ImportStatement,ImportFrom
q_py_topic_file_processing:q_py_file1,AssignmentStatement,AugmentedAssignmentStatement
q_py_topic_file_processing:q_py_file1,BuiltInFunction,list()
q_py_topic_functions:q_py_fun_car1,ClassMethod,__init()__
q_py_topic_functions:q_py_fun_car2,SubscriptExpression,IndexingExpression
q_py_topic_functions:q_py_fun_car2,SubscriptExpression,SlicingExpression
q_py_topic_functions:q_py_fun_car2,Call,FunctionCall
q_py_topic_functions:q_py_fun_car2,ArithmeticExpression,BinaryOperation
q_py_topic_functions:q_py_fun_car2,ArithmeticExpression,UnaryOperation
q_py_topic_functions:q_py_fun_car2,LogicalExpression,ComparisonExpression
q_py_topic_functions:q_py_fun_car2,LogicalExpression,BooleanExpression
q_py_topic_functions:q_py_fun_car2,Literal,StringLiteral
q_py_topic_functions:q_py_fun_car2,Literal,BooleanLiteral
q_py_topic_functions:q_py_fun_car2,Literal,NoneLiteral
q_py_topic_functions:q_py_fun_car2,NumericLiteral,FloatLiteral
q_py_topic_functions:q_py_fun_car2,NumericLiteral,IntegerLiteral
q_py_topic_functions:q_py_fun_car2,LiteralCollection,TupleLiteral
q_py_topic_functions:q_py_fun_car2,LiteralCollection,SetLiteral
q_py_topic_functions:q_py_fun_car2,LiteralCollection,ListLiteral
q_py_topic_functions:q_py_fun_car2,LiteralCollection,DictLiteral
q_py_topic_functions:q_py_fun_car2,Error,TypeError
q_py_topic_functions:q_py_fun_car2,Error,OSError
q_py_topic_functions:q_py_fun_car2,Error,IndexError
q_py_topic_functions:q_py_fun_car2,Error,IOError
q_py_topic_functions:q_py_fun_car2,Error,FileNotFoundError
q_py_topic_functions:q_py_fun_car2,Error,ValueError
q_py_topic_functions:q_py_fun_car2,Error,AssertionError
q_py_topic_functions:q_py_fun_car2,StringMethod,split()
q_py_topic_functions:q_py_fun_car2,StringMethod,lower()
q_py_topic_functions:q_py_fun_car2,StringMethod,join()
q_py_topic_functions:q_py_fun_car2,StringMethod,format()
q_py_topic_functions:q_py_fun_car2,StringMethod,capitalize()
q_py_topic_functions:q_py_fun_car2,StringMethod,rstrip()
q_py_topic_functions:q_py_fun_car2,StringMethod,replace()
q_py_topic_functions:q_py_fun_car2,DictionaryMethod,values()
q_py_topic_functions:q_py_fun_car2,DictionaryMethod,keys()
q_py_topic_functions:q_py_fun_car2,DictionaryMethod,items()
q_py_topic_functions:q_py_fun_car2,DictionaryMethod,get()
q_py_topic_functions:q_py_fun_car2,ClassMethod,__init()__
q_py_topic_functions:q_py_fun_car2,ListMethod,reverse()
q_py_topic_functions:q_py_fun_car2,ListMethod,insert()
q_py_topic_functions:q_py_fun_car2,ListMethod,remove()
q_py_topic_functions:q_py_fun_car2,ListMethod,append()
q_py_topic_functions:q_py_fun_car2,ListMethod,pop()
q_py_topic_functions:q_py_fun_car2,FileMethod,readline()
q_py_topic_functions:q_py_fun_car2,FileMethod,close()
q_py_topic_functions:q_py_fun_car2,FileMethod,read()
q_py_topic_functions:q_py_fun_car2,Operator,=
q_py_topic_functions:q_py_fun_car2,ComparisonOperator,LessOrEqual
q_py_topic_functions:q_py_fun_car2,ComparisonOperator,Less
q_py_topic_functions:q_py_fun_car2,ComparisonOperator,Larger
q_py_topic_functions:q_py_fun_car2,ComparisonOperator,LargerOrEqual
q_py_topic_functions:q_py_fun_car2,ComparisonOperator,==
q_py_topic_functions:q_py_fun_car2,ComparisonOperator,NotEqual
q_py_topic_functions:q_py_fun_car2,MembershipOperator,in
q_py_topic_functions:q_py_fun_car2,LogicalOperator,and
q_py_topic_functions:q_py_fun_car2,LogicalOperator,or
q_py_topic_functions:q_py_fun_car2,LogicalOperator,not
q_py_topic_functions:q_py_fun_car2,ArtithmeticOperator,//
q_py_topic_functions:q_py_fun_car2,ArtithmeticOperator,-
q_py_topic_functions:q_py_fun_car2,ArtithmeticOperator,+
q_py_topic_functions:q_py_fun_car2,ArtithmeticOperator,/
q_py_topic_functions:q_py_fun_car2,ArtithmeticOperator,**
q_py_topic_functions:q_py_fun_car2,ArtithmeticOperator,Modulus
q_py_topic_functions:q_py_fun_car2,ArtithmeticOperator,*
q_py_topic_functions:q_py_fun_car2,Statement,ExpressionStatement
q_py_topic_functions:q_py_fun_car2,ConditionalStatement,IfElifElseStatement
q_py_topic_functions:q_py_fun_car2,ConditionalStatement,IfStatement
q_py_topic_functions:q_py_fun_car2,ConditionalStatement,IfElseStatement
q_py_topic_functions:q_py_fun_car2,ConditionalStatement,IfElifStatement
q_py_topic_functions:q_py_fun_car2,ImportStatement,Import
q_py_topic_functions:q_py_fun_car2,ImportStatement,ImportFrom
q_py_topic_functions:q_py_fun_car2,JumpStatement,PassStatement
q_py_topic_functions:q_py_fun_car2,JumpStatement,BreakStatement
q_py_topic_functions:q_py_fun_car2,JumpStatement,ContinueStatement
q_py_topic_functions:q_py_fun_car2,JumpStatement,ReturnStatement
q_py_topic_functions:q_py_fun_car2,IterationStatement,ForStatement
q_py_topic_functions:q_py_fun_car2,IterationStatement,WhileStatement
q_py_topic_functions:q_py_fun_car2,ExceptionHandlingStatement,TryStatement
q_py_topic_functions:q_py_fun_car2,ExceptionHandlingStatement,RaiseStatement
q_py_topic_functions:q_py_fun_car2,ExceptionHandlingStatement,AssertStatement
q_py_topic_functions:q_py_fun_car2,AssignmentStatement,SimpleAssignmentStatement
q_py_topic_functions:q_py_fun_car2,AssignmentStatement,AugmentedAssignmentStatement
q_py_topic_functions:q_py_fun_car2,DefinitionStatement,FunctionDefinition
q_py_topic_functions:q_py_fun_car2,DefinitionStatement,ClassDefinition
q_py_topic_functions:q_py_fun_car2,BuiltInFunction,dict()
q_py_topic_functions:q_py_fun_car2,BuiltInFunction,str()
q_py_topic_functions:q_py_fun_car2,BuiltInFunction,next()
q_py_topic_functions:q_py_fun_car2,BuiltInFunction,input()
q_py_topic_functions:q_py_fun_car2,BuiltInFunction,int()
q_py_topic_functions:q_py_fun_car2,BuiltInFunction,max()
q_py_topic_functions:q_py_fun_car2,BuiltInFunction,float()
q_py_topic_functions:q_py_fun_car2,BuiltInFunction,set()
q_py_topic_functions:q_py_fun_car2,BuiltInFunction,open()
q_py_topic_functions:q_py_fun_car2,BuiltInFunction,range()
q_py_topic_functions:q_py_fun_car2,BuiltInFunction,tuple()
q_py_topic_functions:q_py_fun_car2,BuiltInFunction,abs()
q_py_topic_functions:q_py_fun_car2,BuiltInFunction,round()
q_py_topic_functions:q_py_fun_car2,BuiltInFunction,len()
q_py_topic_functions:q_py_fun_car2,BuiltInFunction,min()
q_py_topic_functions:q_py_fun_car2,BuiltInFunction,print()
q_py_topic_functions:q_py_fun_car2,BuiltInFunction,list()
q_py_topic_if_statement:q_py_if_elif1,Call,FunctionCall
q_py_topic_if_statement:q_py_if_elif1,ArithmeticExpression,UnaryOperation
q_py_topic_if_statement:q_py_if_elif1,LogicalExpression,BooleanExpression
q_py_topic_if_statement:q_py_if_elif1,NumericLiteral,FloatLiteral
q_py_topic_if_statement:q_py_if_elif1,NumericLiteral,IntegerLiteral
q_py_topic_if_statement:q_py_if_elif1,ClassMethod,__init()__
q_py_topic_if_statement:q_py_if_elif1,MembershipOperator,in
q_py_topic_if_statement:q_py_if_elif1,ArtithmeticOperator,//
q_py_topic_if_statement:q_py_if_elif1,ArtithmeticOperator,-
q_py_topic_if_statement:q_py_if_elif1,ArtithmeticOperator,+
q_py_topic_if_statement:q_py_if_elif1,ArtithmeticOperator,/
q_py_topic_if_statement:q_py_if_elif1,ArtithmeticOperator,**
q_py_topic_if_statement:q_py_if_elif1,ArtithmeticOperator,*
q_py_topic_if_statement:q_py_if_elif1,ConditionalStatement,IfStatement
q_py_topic_if_statement:q_py_if_elif1,ConditionalStatement,IfElseStatement
q_py_topic_if_statement:q_py_if_elif1,ConditionalStatement,IfElifStatement
q_py_topic_if_statement:q_py_if_elif1,ImportStatement,Import
q_py_topic_if_statement:q_py_if_elif1,ImportStatement,ImportFrom
q_py_topic_if_statement:q_py_if_elif1,JumpStatement,PassStatement
q_py_topic_if_statement:q_py_if_elif1,JumpStatement,BreakStatement
q_py_topic_if_statement:q_py_if_elif1,JumpStatement,ContinueStatement
q_py_topic_if_statement:q_py_if_elif1,JumpStatement,ReturnStatement
q_py_topic_if_statement:q_py_if_elif1,IterationStatement,ForStatement
q_py_topic_if_statement:q_py_if_elif1,IterationStatement,WhileStatement
q_py_topic_if_statement:q_py_if_elif1,ExceptionHandlingStatement,TryStatement
q_py_topic_if_statement:q_py_if_elif1,ExceptionHandlingStatement,RaiseStatement
q_py_topic_if_statement:q_py_if_elif1,ExceptionHandlingStatement,AssertStatement
q_py_topic_if_statement:q_py_if_elif1,AssignmentStatement,AugmentedAssignmentStatement
q_py_topic_if_statement:q_py_if_elif1,BuiltInFunction,dict()
q_py_topic_if_statement:q_py_if_elif1,BuiltInFunction,tuple()
q_py_topic_if_statement:q_py_nested_if1,SubscriptExpression,IndexingExpression
q_py_topic_if_statement:q_py_nested_if1,SubscriptExpression,SlicingExpression
q_py_topic_if_statement:q_py_nested_if1,Call,FunctionCall
q_py_topic_if_statement:q_py_nested_if1,ArithmeticExpression,UnaryOperation
q_py_topic_if_statement:q_py_nested_if1,LogicalExpression,ComparisonExpression
q_py_topic_if_statement:q_py_nested_if1,LogicalExpression,BooleanExpression
q_py_topic_if_statement:q_py_nested_if1,Literal,StringLiteral
q_py_topic_if_statement:q_py_nested_if1,Literal,BooleanLiteral
q_py_topic_if_statement:q_py_nested_if1,Literal,NoneLiteral
q_py_topic_if_statement:q_py_nested_if1,NumericLiteral,FloatLiteral
q_py_topic_if_statement:q_py_nested_if1,NumericLiteral,IntegerLiteral
q_py_topic_if_statement:q_py_nested_if1,LiteralCollection,TupleLiteral
q_py_topic_if_statement:q_py_nested_if1,LiteralCollection,SetLiteral
q_py_topic_if_statement:q_py_nested_if1,LiteralCollection,ListLiteral
q_py_topic_if_statement:q_py_nested_if1,LiteralCollection,DictLiteral
q_py_topic_if_statement:q_py_nested_if1,Error,TypeError
q_py_topic_if_statement:q_py_nested_if1,Error,OSError
q_py_topic_if_statement:q_py_nested_if1,Error,IndexError
q_py_topic_if_statement:q_py_nested_if1,Error,IOError
q_py_topic_if_statement:q_py_nested_if1,Error,FileNotFoundError
q_py_topic_if_statement:q_py_nested_if1,Error,ValueError
q_py_topic_if_statement:q_py_nested_if1,Error,AssertionError
q_py_topic_if_statement:q_py_nested_if1,StringMethod,split()
q_py_topic_if_statement:q_py_nested_if1,StringMethod,lower()
q_py_topic_if_statement:q_py_nested_if1,StringMethod,join()
q_py_topic_if_statement:q_py_nested_if1,StringMethod,format()
q_py_topic_if_statement:q_py_nested_if1,StringMethod,capitalize()
q_py_topic_if_statement:q_py_nested_if1,StringMethod,rstrip()
q_py_topic_if_statement:q_py_nested_if1,StringMethod,replace()
q_py_topic_if_statement:q_py_nested_if1,DictionaryMethod,values()
q_py_topic_if_statement:q_py_nested_if1,DictionaryMethod,keys()
q_py_topic_if_statement:q_py_nested_if1,DictionaryMethod,items()
q_py_topic_if_statement:q_py_nested_if1,DictionaryMethod,get()
q_py_topic_if_statement:q_py_nested_if1,ClassMethod,__init()__
q_py_topic_if_statement:q_py_nested_if1,ListMethod,reverse()
q_py_topic_if_statement:q_py_nested_if1,ListMethod,insert()
q_py_topic_if_statement:q_py_nested_if1,ListMethod,remove()
q_py_topic_if_statement:q_py_nested_if1,ListMethod,append()
q_py_topic_if_statement:q_py_nested_if1,ListMethod,pop()
q_py_topic_if_statement:q_py_nested_if1,FileMethod,readline()
q_py_topic_if_statement:q_py_nested_if1,FileMethod,close()
q_py_topic_if_statement:q_py_nested_if1,FileMethod,read()
q_py_topic_if_statement:q_py_nested_if1,Operator,=
q_py_topic_if_statement:q_py_nested_if1,ComparisonOperator,LessOrEqual
q_py_topic_if_statement:q_py_nested_if1,ComparisonOperator,Less
q_py_topic_if_statement:q_py_nested_if1,ComparisonOperator,Larger
q_py_topic_if_statement:q_py_nested_if1,ComparisonOperator,LargerOrEqual
q_py_topic_if_statement:q_py_nested_if1,ComparisonOperator,==
q_py_topic_if_statement:q_py_nested_if1,ComparisonOperator,NotEqual
q_py_topic_if_statement:q_py_nested_if1,MembershipOperator,in
q_py_topic_if_statement:q_py_nested_if1,ArtithmeticOperator,//
q_py_topic_if_statement:q_py_nested_if1,ArtithmeticOperator,-
q_py_topic_if_statement:q_py_nested_if1,ArtithmeticOperator,+
q_py_topic_if_statement:q_py_nested_if1,ArtithmeticOperator,/
q_py_topic_if_statement:q_py_nested_if1,ArtithmeticOperator,**
q_py_topic_if_statement:q_py_nested_if1,ArtithmeticOperator,Modulus
q_py_topic_if_statement:q_py_nested_if1,ArtithmeticOperator,*
q_py_topic_if_statement:q_py_nested_if1,ConditionalStatement,IfElifElseStatement
q_py_topic_if_statement:q_py_nested_if1,ConditionalStatement,IfStatement
q_py_topic_if_statement:q_py_nested_if1,ConditionalStatement,IfElseStatement
q_py_topic_if_statement:q_py_nested_if1,ConditionalStatement,IfElifStatement
q_py_topic_if_statement:q_py_nested_if1,ImportStatement,Import
q_py_topic_if_statement:q_py_nested_if1,ImportStatement,ImportFrom
q_py_topic_if_statement:q_py_nested_if1,JumpStatement,PassStatement
q_py_topic_if_statement:q_py_nested_if1,JumpStatement,BreakStatement
q_py_topic_if_statement:q_py_nested_if1,JumpStatement,ContinueStatement
q_py_topic_if_statement:q_py_nested_if1,IterationStatement,ForStatement
q_py_topic_if_statement:q_py_nested_if1,IterationStatement,WhileStatement
q_py_topic_if_statement:q_py_nested_if1,AssignmentStatement,AugmentedAssignmentStatement
q_py_topic_if_statement:q_py_nested_if1,DefinitionStatement,ClassDefinition
q_py_topic_if_statement:q_py_nested_if1,BuiltInFunction,dict()
q_py_topic_if_statement:q_py_nested_if1,BuiltInFunction,str()
q_py_topic_if_statement:q_py_nested_if1,BuiltInFunction,next()
q_py_topic_if_statement:q_py_nested_if1,BuiltInFunction,input()
q_py_topic_if_statement:q_py_nested_if1,BuiltInFunction,int()
q_py_topic_if_statement:q_py_nested_if1,BuiltInFunction,max()
q_py_topic_if_statement:q_py_nested_if1,BuiltInFunction,float()
q_py_topic_if_statement:q_py_nested_if1,BuiltInFunction,set()
q_py_topic_if_statement:q_py_nested_if1,BuiltInFunction,open()
q_py_topic_if_statement:q_py_nested_if1,BuiltInFunction,range()
q_py_topic_if_statement:q_py_nested_if1,BuiltInFunction,tuple()
q_py_topic_if_statement:q_py_nested_if1,BuiltInFunction,abs()
q_py_topic_if_statement:q_py_nested_if1,BuiltInFunction,round()
q_py_topic_if_statement:q_py_nested_if1,BuiltInFunction,len()
q_py_topic_if_statement:q_py_nested_if1,BuiltInFunction,min()
q_py_topic_if_statement:q_py_nested_if1,BuiltInFunction,list()
q_py_topic_if_statement:q_py_nested_if_elif1,SubscriptExpression,IndexingExpression
q_py_topic_if_statement:q_py_nested_if_elif1,SubscriptExpression,SlicingExpression
q_py_topic_if_statement:q_py_nested_if_elif1,Call,FunctionCall
q_py_topic_if_statement:q_py_nested_if_elif1,ArithmeticExpression,UnaryOperation
q_py_topic_if_statement:q_py_nested_if_elif1,LogicalExpression,ComparisonExpression
q_py_topic_if_statement:q_py_nested_if_elif1,LogicalExpression,BooleanExpression
q_py_topic_if_statement:q_py_nested_if_elif1,Literal,BooleanLiteral
q_py_topic_if_statement:q_py_nested_if_elif1,Literal,NoneLiteral
q_py_topic_if_statement:q_py_nested_if_elif1,NumericLiteral,FloatLiteral
q_py_topic_if_statement:q_py_nested_if_elif1,NumericLiteral,IntegerLiteral
q_py_topic_if_statement:q_py_nested_if_elif1,LiteralCollection,TupleLiteral
q_py_topic_if_statement:q_py_nested_if_elif1,LiteralCollection,SetLiteral
q_py_topic_if_statement:q_py_nested_if_elif1,LiteralCollection,ListLiteral
q_py_topic_if_statement:q_py_nested_if_elif1,LiteralCollection,DictLiteral
q_py_topic_if_statement:q_py_nested_if_elif1,Error,TypeError
q_py_topic_if_statement:q_py_nested_if_elif1,Error,OSError
q_py_topic_if_statement:q_py_nested_if_elif1,Error,IndexError
q_py_topic_if_statement:q_py_nested_if_elif1,Error,IOError
q_py_topic_if_statement:q_py_nested_if_elif1,Error,FileNotFoundError
q_py_topic_if_statement:q_py_nested_if_elif1,Error,ValueError
q_py_topic_if_statement:q_py_nested_if_elif1,Error,AssertionError
q_py_topic_if_statement:q_py_nested_if_elif1,StringMethod,split()
q_py_topic_if_statement:q_py_nested_if_elif1,StringMethod,lower()
q_py_topic_if_statement:q_py_nested_if_elif1,StringMethod,join()
q_py_topic_if_statement:q_py_nested_if_elif1,StringMethod,format()
q_py_topic_if_statement:q_py_nested_if_elif1,StringMethod,capitalize()
q_py_topic_if_statement:q_py_nested_if_elif1,StringMethod,rstrip()
q_py_topic_if_statement:q_py_nested_if_elif1,StringMethod,replace()
q_py_topic_if_statement:q_py_nested_if_elif1,DictionaryMethod,values()
q_py_topic_if_statement:q_py_nested_if_elif1,DictionaryMethod,keys()
q_py_topic_if_statement:q_py_nested_if_elif1,DictionaryMethod,items()
q_py_topic_if_statement:q_py_nested_if_elif1,DictionaryMethod,get()
q_py_topic_if_statement:q_py_nested_if_elif1,ClassMethod,__init()__
q_py_topic_if_statement:q_py_nested_if_elif1,ListMethod,reverse()
q_py_topic_if_statement:q_py_nested_if_elif1,ListMethod,insert()
q_py_topic_if_statement:q_py_nested_if_elif1,ListMethod,remove()
q_py_topic_if_statement:q_py_nested_if_elif1,ListMethod,append()
q_py_topic_if_statement:q_py_nested_if_elif1,ListMethod,pop()
q_py_topic_if_statement:q_py_nested_if_elif1,FileMethod,readline()
q_py_topic_if_statement:q_py_nested_if_elif1,FileMethod,close()
q_py_topic_if_statement:q_py_nested_if_elif1,FileMethod,read()
q_py_topic_if_statement:q_py_nested_if_elif1,Operator,=
q_py_topic_if_statement:q_py_nested_if_elif1,ComparisonOperator,LessOrEqual
q_py_topic_if_statement:q_py_nested_if_elif1,ComparisonOperator,Less
q_py_topic_if_statement:q_py_nested_if_elif1,ComparisonOperator,Larger
q_py_topic_if_statement:q_py_nested_if_elif1,ComparisonOperator,NotEqual
q_py_topic_if_statement:q_py_nested_if_elif1,MembershipOperator,in
q_py_topic_if_statement:q_py_nested_if_elif1,LogicalOperator,and
q_py_topic_if_statement:q_py_nested_if_elif1,LogicalOperator,or
q_py_topic_if_statement:q_py_nested_if_elif1,LogicalOperator,not
q_py_topic_if_statement:q_py_nested_if_elif1,ArtithmeticOperator,//
q_py_topic_if_statement:q_py_nested_if_elif1,ArtithmeticOperator,-
q_py_topic_if_statement:q_py_nested_if_elif1,ArtithmeticOperator,+
q_py_topic_if_statement:q_py_nested_if_elif1,ArtithmeticOperator,/
q_py_topic_if_statement:q_py_nested_if_elif1,ArtithmeticOperator,**
q_py_topic_if_statement:q_py_nested_if_elif1,ArtithmeticOperator,Modulus
q_py_topic_if_statement:q_py_nested_if_elif1,ArtithmeticOperator,*
q_py_topic_if_statement:q_py_nested_if_elif1,Statement,ExpressionStatement
q_py_topic_if_statement:q_py_nested_if_elif1,ConditionalStatement,IfElifElseStatement
q_py_topic_if_statement:q_py_nested_if_elif1,ConditionalStatement,IfStatement
q_py_topic_if_statement:q_py_nested_if_elif1,ConditionalStatement,IfElifStatement
q_py_topic_if_statement:q_py_nested_if_elif1,ImportStatement,Import
q_py_topic_if_statement:q_py_nested_if_elif1,ImportStatement,ImportFrom
q_py_topic_if_statement:q_py_nested_if_elif1,JumpStatement,PassStatement
q_py_topic_if_statement:q_py_nested_if_elif1,JumpStatement,BreakStatement
q_py_topic_if_statement:q_py_nested_if_elif1,JumpStatement,ContinueStatement
q_py_topic_if_statement:q_py_nested_if_elif1,JumpStatement,ReturnStatement
q_py_topic_if_statement:q_py_nested_if_elif1,IterationStatement,ForStatement
q_py_topic_if_statement:q_py_nested_if_elif1,IterationStatement,WhileStatement
q_py_topic_if_statement:q_py_nested_if_elif1,ExceptionHandlingStatement,TryStatement
q_py_topic_if_statement:q_py_nested_if_elif1,ExceptionHandlingStatement,RaiseStatement
q_py_topic_if_statement:q_py_nested_if_elif1,ExceptionHandlingStatement,AssertStatement
q_py_topic_if_statement:q_py_nested_if_elif1,AssignmentStatement,AugmentedAssignmentStatement
q_py_topic_if_statement:q_py_nested_if_elif1,DefinitionStatement,FunctionDefinition
q_py_topic_if_statement:q_py_nested_if_elif1,DefinitionStatement,ClassDefinition
q_py_topic_if_statement:q_py_nested_if_elif1,BuiltInFunction,dict()
q_py_topic_if_statement:q_py_nested_if_elif1,BuiltInFunction,str()
q_py_topic_if_statement:q_py_nested_if_elif1,BuiltInFunction,next()
q_py_topic_if_statement:q_py_nested_if_elif1,BuiltInFunction,input()
q_py_topic_if_statement:q_py_nested_if_elif1,BuiltInFunction,int()
q_py_topic_if_statement:q_py_nested_if_elif1,BuiltInFunction,max()
q_py_topic_if_statement:q_py_nested_if_elif1,BuiltInFunction,float()
q_py_topic_if_statement:q_py_nested_if_elif1,BuiltInFunction,set()
q_py_topic_if_statement:q_py_nested_if_elif1,BuiltInFunction,open()
q_py_topic_if_statement:q_py_nested_if_elif1,BuiltInFunction,range()
q_py_topic_if_statement:q_py_nested_if_elif1,BuiltInFunction,tuple()
q_py_topic_if_statement:q_py_nested_if_elif1,BuiltInFunction,abs()
q_py_topic_if_statement:q_py_nested_if_elif1,BuiltInFunction,round()
q_py_topic_if_statement:q_py_nested_if_elif1,BuiltInFunction,len()
q_py_topic_if_statement:q_py_nested_if_elif1,BuiltInFunction,min()
q_py_topic_if_statement:q_py_nested_if_elif1,BuiltInFunction,list()
q_py_topic_if_statement:q_py_nested_if_elif2,ClassMethod,__init()__
q_py_topic_lists:q_py_add_two_lists1,ClassMethod,__init()__
q_py_topic_lists:q_py_list_access1,ClassMethod,__init()__
q_py_topic_lists:q_py_list_access2,ClassMethod,__init()__
q_py_topic_lists:q_py_list_append1,SubscriptExpression,SlicingExpression
q_py_topic_lists:q_py_list_append1,Call,FunctionCall
q_py_topic_lists:q_py_list_append1,ArithmeticExpression,UnaryOperation
q_py_topic_lists:q_py_list_append1,LogicalExpression,ComparisonExpression
q_py_topic_lists:q_py_list_append1,LogicalExpression,BooleanExpression
q_py_topic_lists:q_py_list_append1,Literal,StringLiteral
q_py_topic_lists:q_py_list_append1,Literal,BooleanLiteral
q_py_topic_lists:q_py_list_append1,Literal,NoneLiteral
q_py_topic_lists:q_py_list_append1,NumericLiteral,FloatLiteral
q_py_topic_lists:q_py_list_append1,NumericLiteral,IntegerLiteral
q_py_topic_lists:q_py_list_append1,LiteralCollection,TupleLiteral
q_py_topic_lists:q_py_list_append1,LiteralCollection,SetLiteral
q_py_topic_lists:q_py_list_append1,LiteralCollection,DictLiteral
q_py_topic_lists:q_py_list_append1,Error,TypeError
q_py_topic_lists:q_py_list_append1,Error,OSError
q_py_topic_lists:q_py_list_append1,Error,IndexError
q_py_topic_lists:q_py_list_append1,Error,IOError
q_py_topic_lists:q_py_list_append1,Error,FileNotFoundError
q_py_topic_lists:q_py_list_append1,Error,ValueError
q_py_topic_lists:q_py_list_append1,Error,AssertionError
q_py_topic_lists:q_py_list_append1,StringMethod,split()
q_py_topic_lists:q_py_list_append1,StringMethod,lower()
q_py_topic_lists:q_py_list_append1,StringMethod,join()
q_py_topic_lists:q_py_list_append1,StringMethod,format()
q_py_topic_lists:q_py_list_append1,StringMethod,capitalize()
q_py_topic_lists:q_py_list_append1,StringMethod,rstrip()
q_py_topic_lists:q_py_list_append1,StringMethod,replace()
q_py_topic_lists:q_py_list_append1,DictionaryMethod,values()
q_py_topic_lists:q_py_list_append1,DictionaryMethod,keys()
q_py_topic_lists:q_py_list_append1,DictionaryMethod,items()
q_py_topic_lists:q_py_list_append1,DictionaryMethod,get()
q_py_topic_lists:q_py_list_append1,ClassMethod,__init()__
q_py_topic_lists:q_py_list_append1,ListMethod,reverse()
q_py_topic_lists:q_py_list_append1,ListMethod,insert()
q_py_topic_lists:q_py_list_append1,ListMethod,remove()
q_py_topic_lists:q_py_list_append1,ListMethod,pop()
q_py_topic_lists:q_py_list_append1,FileMethod,readline()
q_py_topic_lists:q_py_list_append1,FileMethod,close()
q_py_topic_lists:q_py_list_append1,FileMethod,read()
q_py_topic_lists:q_py_list_append1,Operator,=
q_py_topic_lists:q_py_list_append1,ComparisonOperator,LessOrEqual
q_py_topic_lists:q_py_list_append1,ComparisonOperator,Less
q_py_topic_lists:q_py_list_append1,ComparisonOperator,Larger
q_py_topic_lists:q_py_list_append1,ComparisonOperator,LargerOrEqual
q_py_topic_lists:q_py_list_append1,ComparisonOperator,==
q_py_topic_lists:q_py_list_append1,ComparisonOperator,NotEqual
q_py_topic_lists:q_py_list_append1,MembershipOperator,in
q_py_topic_lists:q_py_list_append1,LogicalOperator,and
q_py_topic_lists:q_py_list_append1,LogicalOperator,or
q_py_topic_lists:q_py_list_append1,LogicalOperator,not
q_py_topic_lists:q_py_list_append1,ArtithmeticOperator,//
q_py_topic_lists:q_py_list_append1,ArtithmeticOperator,-
q_py_topic_lists:q_py_list_append1,ArtithmeticOperator,+
q_py_topic_lists:q_py_list_append1,ArtithmeticOperator,/
q_py_topic_lists:q_py_list_append1,ArtithmeticOperator,**
q_py_topic_lists:q_py_list_append1,ArtithmeticOperator,Modulus
q_py_topic_lists:q_py_list_append1,ArtithmeticOperator,*
q_py_topic_lists:q_py_list_append1,Statement,ExpressionStatement
q_py_topic_lists:q_py_list_append1,ConditionalStatement,IfElifElseStatement
q_py_topic_lists:q_py_list_append1,ConditionalStatement,IfStatement
q_py_topic_lists:q_py_list_append1,ConditionalStatement,IfElseStatement
q_py_topic_lists:q_py_list_append1,ConditionalStatement,IfElifStatement
q_py_topic_lists:q_py_list_append1,ImportStatement,Import
q_py_topic_lists:q_py_list_append1,ImportStatement,ImportFrom
q_py_topic_lists:q_py_list_append1,JumpStatement,PassStatement
q_py_topic_lists:q_py_list_append1,JumpStatement,BreakStatement
q_py_topic_lists:q_py_list_append1,JumpStatement,ContinueStatement
q_py_topic_lists:q_py_list_append1,JumpStatement,ReturnStatement
q_py_topic_lists:q_py_list_append1,IterationStatement,WhileStatement
q_py_topic_lists:q_py_list_append1,ExceptionHandlingStatement,TryStatement
q_py_topic_lists:q_py_list_append1,ExceptionHandlingStatement,RaiseStatement
q_py_topic_lists:q_py_list_append1,ExceptionHandlingStatement,AssertStatement
q_py_topic_lists:q_py_list_append1,AssignmentStatement,SimpleAssignmentStatement
q_py_topic_lists:q_py_list_append1,AssignmentStatement,AugmentedAssignmentStatement
q_py_topic_lists:q_py_list_append1,DefinitionStatement,FunctionDefinition
q_py_topic_lists:q_py_list_append1,DefinitionStatement,ClassDefinition
q_py_topic_lists:q_py_list_append1,BuiltInFunction,dict()
q_py_topic_lists:q_py_list_append1,BuiltInFunction,str()
q_py_topic_lists:q_py_list_append1,BuiltInFunction,next()
q_py_topic_lists:q_py_list_append1,BuiltInFunction,input()
q_py_topic_lists:q_py_list_append1,BuiltInFunction,int()
q_py_topic_lists:q_py_list_append1,BuiltInFunction,max()
q_py_topic_lists:q_py_list_append1,BuiltInFunction,float()
q_py_topic_lists:q_py_list_append1,BuiltInFunction,set()
q_py_topic_lists:q_py_list_append1,BuiltInFunction,open()
q_py_topic_lists:q_py_list_append1,BuiltInFunction,tuple()
q_py_topic_lists:q_py_list_append1,BuiltInFunction,abs()
q_py_topic_lists:q_py_list_append1,BuiltInFunction,round()
q_py_topic_lists:q_py_list_append1,BuiltInFunction,min()
q_py_topic_lists:q_py_list_append1,BuiltInFunction,list()
q_py_topic_lists:q_py_list_remove1,SubscriptExpression,SlicingExpression
q_py_topic_lists:q_py_list_remove1,Call,FunctionCall
q_py_topic_lists:q_py_list_remove1,ArithmeticExpression,BinaryOperation
q_py_topic_lists:q_py_list_remove1,ArithmeticExpression,UnaryOperation
q_py_topic_lists:q_py_list_remove1,LogicalExpression,ComparisonExpression
q_py_topic_lists:q_py_list_remove1,LogicalExpression,BooleanExpression
q_py_topic_lists:q_py_list_remove1,Literal,StringLiteral
q_py_topic_lists:q_py_list_remove1,Literal,BooleanLiteral
q_py_topic_lists:q_py_list_remove1,Literal,NoneLiteral
q_py_topic_lists:q_py_list_remove1,NumericLiteral,FloatLiteral
q_py_topic_lists:q_py_list_remove1,NumericLiteral,IntegerLiteral
q_py_topic_lists:q_py_list_remove1,LiteralCollection,TupleLiteral
q_py_topic_lists:q_py_list_remove1,LiteralCollection,SetLiteral
q_py_topic_lists:q_py_list_remove1,LiteralCollection,DictLiteral
q_py_topic_lists:q_py_list_remove1,Error,TypeError
q_py_topic_lists:q_py_list_remove1,Error,OSError
q_py_topic_lists:q_py_list_remove1,Error,IndexError
q_py_topic_lists:q_py_list_remove1,Error,IOError
q_py_topic_lists:q_py_list_remove1,Error,FileNotFoundError
q_py_topic_lists:q_py_list_remove1,Error,ValueError
q_py_topic_lists:q_py_list_remove1,Error,AssertionError
q_py_topic_lists:q_py_list_remove1,StringMethod,split()
q_py_topic_lists:q_py_list_remove1,StringMethod,lower()
q_py_topic_lists:q_py_list_remove1,StringMethod,join()
q_py_topic_lists:q_py_list_remove1,StringMethod,format()
q_py_topic_lists:q_py_list_remove1,StringMethod,capitalize()
q_py_topic_lists:q_py_list_remove1,StringMethod,rstrip()
q_py_topic_lists:q_py_list_remove1,StringMethod,replace()
q_py_topic_lists:q_py_list_remove1,DictionaryMethod,values()
q_py_topic_lists:q_py_list_remove1,DictionaryMethod,keys()
q_py_topic_lists:q_py_list_remove1,DictionaryMethod,items()
q_py_topic_lists:q_py_list_remove1,DictionaryMethod,get()
q_py_topic_lists:q_py_list_remove1,ClassMethod,__init()__
q_py_topic_lists:q_py_list_remove1,ListMethod,reverse()
q_py_topic_lists:q_py_list_remove1,ListMethod,insert()
q_py_topic_lists:q_py_list_remove1,ListMethod,remove()
q_py_topic_lists:q_py_list_remove1,ListMethod,append()
q_py_topic_lists:q_py_list_remove1,FileMethod,readline()
q_py_topic_lists:q_py_list_remove1,FileMethod,close()
q_py_topic_lists:q_py_list_remove1,FileMethod,read()
q_py_topic_lists:q_py_list_remove1,Operator,=
q_py_topic_lists:q_py_list_remove1,ComparisonOperator,LessOrEqual
q_py_topic_lists:q_py_list_remove1,ComparisonOperator,Less
q_py_topic_lists:q_py_list_remove1,ComparisonOperator,Larger
q_py_topic_lists:q_py_list_remove1,ComparisonOperator,LargerOrEqual
q_py_topic_lists:q_py_list_remove1,ComparisonOperator,==
q_py_topic_lists:q_py_list_remove1,ComparisonOperator,NotEqual
q_py_topic_lists:q_py_list_remove1,MembershipOperator,in
q_py_topic_lists:q_py_list_remove1,LogicalOperator,and
q_py_topic_lists:q_py_list_remove1,LogicalOperator,or
q_py_topic_lists:q_py_list_remove1,LogicalOperator,not
q_py_topic_lists:q_py_list_remove1,ArtithmeticOperator,//
q_py_topic_lists:q_py_list_remove1,ArtithmeticOperator,-
q_py_topic_lists:q_py_list_remove1,ArtithmeticOperator,+
q_py_topic_lists:q_py_list_remove1,ArtithmeticOperator,/
q_py_topic_lists:q_py_list_remove1,ArtithmeticOperator,**
q_py_topic_lists:q_py_list_remove1,ArtithmeticOperator,Modulus
q_py_topic_lists:q_py_list_remove1,ArtithmeticOperator,*
q_py_topic_lists:q_py_list_remove1,Statement,ExpressionStatement
q_py_topic_lists:q_py_list_remove1,ConditionalStatement,IfElifElseStatement
q_py_topic_lists:q_py_list_remove1,ConditionalStatement,IfStatement
q_py_topic_lists:q_py_list_remove1,ConditionalStatement,IfElseStatement
q_py_topic_lists:q_py_list_remove1,ConditionalStatement,IfElifStatement
q_py_topic_lists:q_py_list_remove1,ImportStatement,Import
q_py_topic_lists:q_py_list_remove1,ImportStatement,ImportFrom
q_py_topic_lists:q_py_list_remove1,JumpStatement,PassStatement
q_py_topic_lists:q_py_list_remove1,JumpStatement,BreakStatement
q_py_topic_lists:q_py_list_remove1,JumpStatement,ContinueStatement
q_py_topic_lists:q_py_list_remove1,JumpStatement,ReturnStatement
q_py_topic_lists:q_py_list_remove1,IterationStatement,ForStatement
q_py_topic_lists:q_py_list_remove1,IterationStatement,WhileStatement
q_py_topic_lists:q_py_list_remove1,ExceptionHandlingStatement,TryStatement
q_py_topic_lists:q_py_list_remove1,ExceptionHandlingStatement,RaiseStatement
q_py_topic_lists:q_py_list_remove1,ExceptionHandlingStatement,AssertStatement
q_py_topic_lists:q_py_list_remove1,AssignmentStatement,AugmentedAssignmentStatement
q_py_topic_lists:q_py_list_remove1,DefinitionStatement,FunctionDefinition
q_py_topic_lists:q_py_list_remove1,DefinitionStatement,ClassDefinition
q_py_topic_lists:q_py_list_remove1,BuiltInFunction,dict()
q_py_topic_lists:q_py_list_remove1,BuiltInFunction,str()
q_py_topic_lists:q_py_list_remove1,BuiltInFunction,next()
q_py_topic_lists:q_py_list_remove1,BuiltInFunction,input()
q_py_topic_lists:q_py_list_remove1,BuiltInFunction,int()
q_py_topic_lists:q_py_list_remove1,BuiltInFunction,max()
q_py_topic_lists:q_py_list_remove1,BuiltInFunction,float()
q_py_topic_lists:q_py_list_remove1,BuiltInFunction,set()
q_py_topic_lists:q_py_list_remove1,BuiltInFunction,open()
q_py_topic_lists:q_py_list_remove1,BuiltInFunction,range()
q_py_topic_lists:q_py_list_remove1,BuiltInFunction,tuple()
q_py_topic_lists:q_py_list_remove1,BuiltInFunction,abs()
q_py_topic_lists:q_py_list_remove1,BuiltInFunction,round()
q_py_topic_lists:q_py_list_remove1,BuiltInFunction,len()
q_py_topic_lists:q_py_list_remove1,BuiltInFunction,min()
q_py_topic_lists:q_py_list_remove1,BuiltInFunction,list()
q_py_topic_logical_operators:q_py_account_logic1,ClassMethod,__init()__
q_py_topic_logical_operators:q_py_comparison_logic1,ClassMethod,__init()__
q_py_topic_loops:q_py_for_loop1,SubscriptExpression,IndexingExpression
q_py_topic_loops:q_py_for_loop1,SubscriptExpression,SlicingExpression
q_py_topic_loops:q_py_for_loop1,Call,FunctionCall
q_py_topic_loops:q_py_for_loop1,ArithmeticExpression,UnaryOperation
q_py_topic_loops:q_py_for_loop1,LogicalExpression,ComparisonExpression
q_py_topic_loops:q_py_for_loop1,LogicalExpression,BooleanExpression
q_py_topic_loops:q_py_for_loop1,Literal,StringLiteral
q_py_topic_loops:q_py_for_loop1,Literal,BooleanLiteral
q_py_topic_loops:q_py_for_loop1,Literal,NoneLiteral
q_py_topic_loops:q_py_for_loop1,NumericLiteral,FloatLiteral
q_py_topic_loops:q_py_for_loop1,LiteralCollection,TupleLiteral
q_py_topic_loops:q_py_for_loop1,LiteralCollection,SetLiteral
q_py_topic_loops:q_py_for_loop1,LiteralCollection,ListLiteral
q_py_topic_loops:q_py_for_loop1,LiteralCollection,DictLiteral
q_py_topic_loops:q_py_for_loop1,Error,TypeError
q_py_topic_loops:q_py_for_loop1,Error,OSError
q_py_topic_loops:q_py_for_loop1,Error,IndexError
q_py_topic_loops:q_py_for_loop1,Error,IOError
q_py_topic_loops:q_py_for_loop1,Error,FileNotFoundError
q_py_topic_loops:q_py_for_loop1,Error,ValueError
q_py_topic_loops:q_py_for_loop1,Error,AssertionError
q_py_topic_loops:q_py_for_loop1,StringMethod,split()
q_py_topic_loops:q_py_for_loop1,StringMethod,lower()
q_py_topic_loops:q_py_for_loop1,StringMethod,join()
q_py_topic_loops:q_py_for_loop1,StringMethod,format()
q_py_topic_loops:q_py_for_loop1,StringMethod,capitalize()
q_py_topic_loops:q_py_for_loop1,StringMethod,rstrip()
q_py_topic_loops:q_py_for_loop1,StringMethod,replace()
q_py_topic_loops:q_py_for_loop1,DictionaryMethod,values()
q_py_topic_loops:q_py_for_loop1,DictionaryMethod,keys()
q_py_topic_loops:q_py_for_loop1,DictionaryMethod,items()
q_py_topic_loops:q_py_for_loop1,DictionaryMethod,get()
q_py_topic_loops:q_py_for_loop1,ClassMethod,__init()__
q_py_topic_loops:q_py_for_loop1,ListMethod,reverse()
q_py_topic_loops:q_py_for_loop1,ListMethod,insert()
q_py_topic_loops:q_py_for_loop1,ListMethod,remove()
q_py_topic_loops:q_py_for_loop1,ListMethod,append()
q_py_topic_loops:q_py_for_loop1,ListMethod,pop()
q_py_topic_loops:q_py_for_loop1,FileMethod,readline()
q_py_topic_loops:q_py_for_loop1,FileMethod,close()
q_py_topic_loops:q_py_for_loop1,FileMethod,read()
q_py_topic_loops:q_py_for_loop1,Operator,=
q_py_topic_loops:q_py_for_loop1,ComparisonOperator,LessOrEqual
q_py_topic_loops:q_py_for_loop1,ComparisonOperator,Less
q_py_topic_loops:q_py_for_loop1,ComparisonOperator,Larger
q_py_topic_loops:q_py_for_loop1,ComparisonOperator,LargerOrEqual
q_py_topic_loops:q_py_for_loop1,ComparisonOperator,==
q_py_topic_loops:q_py_for_loop1,ComparisonOperator,NotEqual
q_py_topic_loops:q_py_for_loop1,MembershipOperator,in
q_py_topic_loops:q_py_for_loop1,LogicalOperator,and
q_py_topic_loops:q_py_for_loop1,LogicalOperator,or
q_py_topic_loops:q_py_for_loop1,LogicalOperator,not
q_py_topic_loops:q_py_for_loop1,ArtithmeticOperator,//
q_py_topic_loops:q_py_for_loop1,ArtithmeticOperator,-
q_py_topic_loops:q_py_for_loop1,ArtithmeticOperator,+
q_py_topic_loops:q_py_for_loop1,ArtithmeticOperator,/
q_py_topic_loops:q_py_for_loop1,ArtithmeticOperator,**
q_py_topic_loops:q_py_for_loop1,ArtithmeticOperator,Modulus
q_py_topic_loops:q_py_for_loop1,ArtithmeticOperator,*
q_py_topic_loops:q_py_for_loop1,Statement,ExpressionStatement
q_py_topic_loops:q_py_for_loop1,ConditionalStatement,IfElifElseStatement
q_py_topic_loops:q_py_for_loop1,ConditionalStatement,IfStatement
q_py_topic_loops:q_py_for_loop1,ConditionalStatement,IfElseStatement
q_py_topic_loops:q_py_for_loop1,ConditionalStatement,IfElifStatement
q_py_topic_loops:q_py_for_loop1,ImportStatement,Import
q_py_topic_loops:q_py_for_loop1,ImportStatement,ImportFrom
q_py_topic_loops:q_py_for_loop1,JumpStatement,PassStatement
q_py_topic_loops:q_py_for_loop1,JumpStatement,BreakStatement
q_py_topic_loops:q_py_for_loop1,JumpStatement,ContinueStatement
q_py_topic_loops:q_py_for_loop1,JumpStatement,ReturnStatement
q_py_topic_loops:q_py_for_loop1,IterationStatement,WhileStatement
q_py_topic_loops:q_py_for_loop1,ExceptionHandlingStatement,TryStatement
q_py_topic_loops:q_py_for_loop1,ExceptionHandlingStatement,RaiseStatement
q_py_topic_loops:q_py_for_loop1,ExceptionHandlingStatement,AssertStatement
q_py_topic_loops:q_py_for_loop1,AssignmentStatement,AugmentedAssignmentStatement
q_py_topic_loops:q_py_for_loop1,DefinitionStatement,FunctionDefinition
q_py_topic_loops:q_py_for_loop1,DefinitionStatement,ClassDefinition
q_py_topic_loops:q_py_for_loop1,BuiltInFunction,dict()
q_py_topic_loops:q_py_for_loop1,BuiltInFunction,str()
q_py_topic_loops:q_py_for_loop1,BuiltInFunction,next()
q_py_topic_loops:q_py_for_loop1,BuiltInFunction,input()
q_py_topic_loops:q_py_for_loop1,BuiltInFunction,int()
q_py_topic_loops:q_py_for_loop1,BuiltInFunction,max()
q_py_topic_loops:q_py_for_loop1,BuiltInFunction,float()
q_py_topic_loops:q_py_for_loop1,BuiltInFunction,set()
q_py_topic_loops:q_py_for_loop1,BuiltInFunction,open()
q_py_topic_loops:q_py_for_loop1,BuiltInFunction,tuple()
q_py_topic_loops:q_py_for_loop1,BuiltInFunction,abs()
q_py_topic_loops:q_py_for_loop1,BuiltInFunction,round()
q_py_topic_loops:q_py_for_loop1,BuiltInFunction,len()
q_py_topic_loops:q_py_for_loop1,BuiltInFunction,min()
q_py_topic_loops:q_py_for_loop1,BuiltInFunction,list()
q_py_topic_loops:q_py_nested_while1,SubscriptExpression,IndexingExpression
q_py_topic_loops:q_py_nested_while1,SubscriptExpression,SlicingExpression
q_py_topic_loops:q_py_nested_while1,Call,FunctionCall
q_py_topic_loops:q_py_nested_while1,ArithmeticExpression,BinaryOperation
q_py_topic_loops:q_py_nested_while1,ArithmeticExpression,UnaryOperation
q_py_topic_loops:q_py_nested_while1,LogicalExpression,BooleanExpression
q_py_topic_loops:q_py_nested_while1,Literal,StringLiteral
q_py_topic_loops:q_py_nested_while1,Literal,BooleanLiteral
q_py_topic_loops:q_py_nested_while1,Literal,NoneLiteral
q_py_topic_loops:q_py_nested_while1,NumericLiteral,FloatLiteral
q_py_topic_loops:q_py_nested_while1,NumericLiteral,IntegerLiteral
q_py_topic_loops:q_py_nested_while1,LiteralCollection,TupleLiteral
q_py_topic_loops:q_py_nested_while1,LiteralCollection,SetLiteral
q_py_topic_loops:q_py_nested_while1,LiteralCollection,ListLiteral
q_py_topic_loops:q_py_nested_while1,LiteralCollection,DictLiteral
q_py_topic_loops:q_py_nested_while1,Error,TypeError
q_py_topic_loops:q_py_nested_while1,Error,OSError
q_py_topic_loops:q_py_nested_while1,Error,IndexError
q_py_topic_loops:q_py_nested_while1,Error,IOError
q_py_topic_loops:q_py_nested_while1,Error,FileNotFoundError
q_py_topic_loops:q_py_nested_while1,Error,ValueError
q_py_topic_loops:q_py_nested_while1,Error,AssertionError
q_py_topic_loops:q_py_nested_while1,StringMethod,split()
q_py_topic_loops:q_py_nested_while1,StringMethod,lower()
q_py_topic_loops:q_py_nested_while1,StringMethod,join()
q_py_topic_loops:q_py_nested_while1,StringMethod,format()
q_py_topic_loops:q_py_nested_while1,StringMethod,capitalize()
q_py_topic_loops:q_py_nested_while1,StringMethod,rstrip()
q_py_topic_loops:q_py_nested_while1,StringMethod,replace()
q_py_topic_loops:q_py_nested_while1,DictionaryMethod,values()
q_py_topic_loops:q_py_nested_while1,DictionaryMethod,keys()
q_py_topic_loops:q_py_nested_while1,DictionaryMethod,items()
q_py_topic_loops:q_py_nested_while1,DictionaryMethod,get()
q_py_topic_loops:q_py_nested_while1,ClassMethod,__init()__
q_py_topic_loops:q_py_nested_while1,ListMethod,reverse()
q_py_topic_loops:q_py_nested_while1,ListMethod,insert()
q_py_topic_loops:q_py_nested_while1,ListMethod,remove()
q_py_topic_loops:q_py_nested_while1,ListMethod,append()
q_py_topic_loops:q_py_nested_while1,ListMethod,pop()
q_py_topic_loops:q_py_nested_while1,FileMethod,readline()
q_py_topic_loops:q_py_nested_while1,FileMethod,close()
q_py_topic_loops:q_py_nested_while1,FileMethod,read()
q_py_topic_loops:q_py_nested_while1,Operator,=
q_py_topic_loops:q_py_nested_while1,ComparisonOperator,LessOrEqual
q_py_topic_loops:q_py_nested_while1,ComparisonOperator,Larger
q_py_topic_loops:q_py_nested_while1,ComparisonOperator,LargerOrEqual
q_py_topic_loops:q_py_nested_while1,ComparisonOperator,==
q_py_topic_loops:q_py_nested_while1,ComparisonOperator,NotEqual
q_py_topic_loops:q_py_nested_while1,MembershipOperator,in
q_py_topic_loops:q_py_nested_while1,LogicalOperator,and
q_py_topic_loops:q_py_nested_while1,LogicalOperator,or
q_py_topic_loops:q_py_nested_while1,LogicalOperator,not
q_py_topic_loops:q_py_nested_while1,ArtithmeticOperator,//
q_py_topic_loops:q_py_nested_while1,ArtithmeticOperator,-
q_py_topic_loops:q_py_nested_while1,ArtithmeticOperator,+
q_py_topic_loops:q_py_nested_while1,ArtithmeticOperator,/
q_py_topic_loops:q_py_nested_while1,ArtithmeticOperator,**
q_py_topic_loops:q_py_nested_while1,ArtithmeticOperator,Modulus
q_py_topic_loops:q_py_nested_while1,ArtithmeticOperator,*
q_py_topic_loops:q_py_nested_while1,ConditionalStatement,IfElifElseStatement
q_py_topic_loops:q_py_nested_while1,ConditionalStatement,IfStatement
q_py_topic_loops:q_py_nested_while1,ConditionalStatement,IfElseStatement
q_py_topic_loops:q_py_nested_while1,ConditionalStatement,IfElifStatement
q_py_topic_loops:q_py_nested_while1,ImportStatement,Import
q_py_topic_loops:q_py_nested_while1,ImportStatement,ImportFrom
q_py_topic_loops:q_py_nested_while1,JumpStatement,PassStatement
q_py_topic_loops:q_py_nested_while1,JumpStatement,BreakStatement
q_py_topic_loops:q_py_nested_while1,JumpStatement,ContinueStatement
q_py_topic_loops:q_py_nested_while1,JumpStatement,ReturnStatement
q_py_topic_loops:q_py_nested_while1,IterationStatement,ForStatement
q_py_topic_loops:q_py_nested_while1,ExceptionHandlingStatement,TryStatement
q_py_topic_loops:q_py_nested_while1,ExceptionHandlingStatement,RaiseStatement
q_py_topic_loops:q_py_nested_while1,ExceptionHandlingStatement,AssertStatement
q_py_topic_loops:q_py_nested_while1,DefinitionStatement,FunctionDefinition
q_py_topic_loops:q_py_nested_while1,DefinitionStatement,ClassDefinition
q_py_topic_loops:q_py_nested_while1,BuiltInFunction,dict()
q_py_topic_loops:q_py_nested_while1,BuiltInFunction,str()
q_py_topic_loops:q_py_nested_while1,BuiltInFunction,next()
q_py_topic_loops:q_py_nested_while1,BuiltInFunction,input()
q_py_topic_loops:q_py_nested_while1,BuiltInFunction,int()
q_py_topic_loops:q_py_nested_while1,BuiltInFunction,max()
q_py_topic_loops:q_py_nested_while1,BuiltInFunction,float()
q_py_topic_loops:q_py_nested_while1,BuiltInFunction,set()
q_py_topic_loops:q_py_nested_while1,BuiltInFunction,open()
q_py_topic_loops:q_py_nested_while1,BuiltInFunction,range()
q_py_topic_loops:q_py_nested_while1,BuiltInFunction,tuple()
q_py_topic_loops:q_py_nested_while1,BuiltInFunction,abs()
q_py_topic_loops:q_py_nested_while1,BuiltInFunction,round()
q_py_topic_loops:q_py_nested_while1,BuiltInFunction,len()
q_py_topic_loops:q_py_nested_while1,BuiltInFunction,min()
q_py_topic_loops:q_py_nested_while1,BuiltInFunction,list()
q_py_topic_loops:q_py_while_loop1,SubscriptExpression,IndexingExpression
q_py_topic_loops:q_py_while_loop1,SubscriptExpression,SlicingExpression
q_py_topic_loops:q_py_while_loop1,Call,FunctionCall
q_py_topic_loops:q_py_while_loop1,ArithmeticExpression,UnaryOperation
q_py_topic_loops:q_py_while_loop1,LogicalExpression,BooleanExpression
q_py_topic_loops:q_py_while_loop1,Literal,StringLiteral
q_py_topic_loops:q_py_while_loop1,Literal,BooleanLiteral
q_py_topic_loops:q_py_while_loop1,Literal,NoneLiteral
q_py_topic_loops:q_py_while_loop1,NumericLiteral,FloatLiteral
q_py_topic_loops:q_py_while_loop1,NumericLiteral,IntegerLiteral
q_py_topic_loops:q_py_while_loop1,LiteralCollection,TupleLiteral
q_py_topic_loops:q_py_while_loop1,LiteralCollection,SetLiteral
q_py_topic_loops:q_py_while_loop1,LiteralCollection,ListLiteral
q_py_topic_loops:q_py_while_loop1,LiteralCollection,DictLiteral
q_py_topic_loops:q_py_while_loop1,Error,TypeError
q_py_topic_loops:q_py_while_loop1,Error,OSError
q_py_topic_loops:q_py_while_loop1,Error,IndexError
q_py_topic_loops:q_py_while_loop1,Error,IOError
q_py_topic_loops:q_py_while_loop1,Error,FileNotFoundError
q_py_topic_loops:q_py_while_loop1,Error,ValueError
q_py_topic_loops:q_py_while_loop1,Error,AssertionError
q_py_topic_loops:q_py_while_loop1,StringMethod,split()
q_py_topic_loops:q_py_while_loop1,StringMethod,lower()
q_py_topic_loops:q_py_while_loop1,StringMethod,join()
q_py_topic_loops:q_py_while_loop1,StringMethod,format()
q_py_topic_loops:q_py_while_loop1,StringMethod,capitalize()
q_py_topic_loops:q_py_while_loop1,StringMethod,rstrip()
q_py_topic_loops:q_py_while_loop1,StringMethod,replace()
q_py_topic_loops:q_py_while_loop1,DictionaryMethod,values()
q_py_topic_loops:q_py_while_loop1,DictionaryMethod,keys()
q_py_topic_loops:q_py_while_loop1,DictionaryMethod,items()
q_py_topic_loops:q_py_while_loop1,DictionaryMethod,get()
q_py_topic_loops:q_py_while_loop1,ClassMethod,__init()__
q_py_topic_loops:q_py_while_loop1,ListMethod,reverse()
q_py_topic_loops:q_py_while_loop1,ListMethod,insert()
q_py_topic_loops:q_py_while_loop1,ListMethod,remove()
q_py_topic_loops:q_py_while_loop1,ListMethod,append()
q_py_topic_loops:q_py_while_loop1,ListMethod,pop()
q_py_topic_loops:q_py_while_loop1,FileMethod,readline()
q_py_topic_loops:q_py_while_loop1,FileMethod,close()
q_py_topic_loops:q_py_while_loop1,FileMethod,read()
q_py_topic_loops:q_py_while_loop1,ComparisonOperator,LessOrEqual
q_py_topic_loops:q_py_while_loop1,ComparisonOperator,Less
q_py_topic_loops:q_py_while_loop1,ComparisonOperator,Larger
q_py_topic_loops:q_py_while_loop1,ComparisonOperator,LargerOrEqual
q_py_topic_loops:q_py_while_loop1,ComparisonOperator,==
q_py_topic_loops:q_py_while_loop1,ComparisonOperator,NotEqual
q_py_topic_loops:q_py_while_loop1,MembershipOperator,in
q_py_topic_loops:q_py_while_loop1,LogicalOperator,and
q_py_topic_loops:q_py_while_loop1,LogicalOperator,or
q_py_topic_loops:q_py_while_loop1,LogicalOperator,not
q_py_topic_loops:q_py_while_loop1,ArtithmeticOperator,//
q_py_topic_loops:q_py_while_loop1,ArtithmeticOperator,-
q_py_topic_loops:q_py_while_loop1,ArtithmeticOperator,+
q_py_topic_loops:q_py_while_loop1,ArtithmeticOperator,/
q_py_topic_loops:q_py_while_loop1,ArtithmeticOperator,**
q_py_topic_loops:q_py_while_loop1,ArtithmeticOperator,Modulus
q_py_topic_loops:q_py_while_loop1,ArtithmeticOperator,*
q_py_topic_loops:q_py_while_loop1,Statement,ExpressionStatement
q_py_topic_loops:q_py_while_loop1,ConditionalStatement,IfElifElseStatement
q_py_topic_loops:q_py_while_loop1,ConditionalStatement,IfStatement
q_py_topic_loops:q_py_while_loop1,ConditionalStatement,IfElseStatement
q_py_topic_loops:q_py_while_loop1,ConditionalStatement,IfElifStatement
q_py_topic_loops:q_py_while_loop1,ImportStatement,Import
q_py_topic_loops:q_py_while_loop1,ImportStatement,ImportFrom
q_py_topic_loops:q_py_while_loop1,JumpStatement,PassStatement
q_py_topic_loops:q_py_while_loop1,JumpStatement,BreakStatement
q_py_topic_loops:q_py_while_loop1,JumpStatement,ContinueStatement
q_py_topic_loops:q_py_while_loop1,JumpStatement,ReturnStatement
q_py_topic_loops:q_py_while_loop1,IterationStatement,ForStatement
q_py_topic_loops:q_py_while_loop1,ExceptionHandlingStatement,TryStatement
q_py_topic_loops:q_py_while_loop1,ExceptionHandlingStatement,RaiseStatement
q_py_topic_loops:q_py_while_loop1,ExceptionHandlingStatement,AssertStatement
q_py_topic_loops:q_py_while_loop1,AssignmentStatement,AugmentedAssignmentStatement
q_py_topic_loops:q_py_while_loop1,DefinitionStatement,FunctionDefinition
q_py_topic_loops:q_py_while_loop1,DefinitionStatement,ClassDefinition
q_py_topic_loops:q_py_while_loop1,BuiltInFunction,dict()
q_py_topic_loops:q_py_while_loop1,BuiltInFunction,str()
q_py_topic_loops:q_py_while_loop1,BuiltInFunction,next()
q_py_topic_loops:q_py_while_loop1,BuiltInFunction,input()
q_py_topic_loops:q_py_while_loop1,BuiltInFunction,int()
q_py_topic_loops:q_py_while_loop1,BuiltInFunction,max()
q_py_topic_loops:q_py_while_loop1,BuiltInFunction,float()
q_py_topic_loops:q_py_while_loop1,BuiltInFunction,set()
q_py_topic_loops:q_py_while_loop1,BuiltInFunction,open()
q_py_topic_loops:q_py_while_loop1,BuiltInFunction,range()
q_py_topic_loops:q_py_while_loop1,BuiltInFunction,tuple()
q_py_topic_loops:q_py_while_loop1,BuiltInFunction,abs()
q_py_topic_loops:q_py_while_loop1,BuiltInFunction,round()
q_py_topic_loops:q_py_while_loop1,BuiltInFunction,len()
q_py_topic_loops:q_py_while_loop1,BuiltInFunction,min()
q_py_topic_loops:q_py_while_loop1,BuiltInFunction,list()
q_py_topic_loops:q_py_while_loop2,ClassMethod,__init()__
q_py_topic_output_formatting:q_py_output1,SubscriptExpression,IndexingExpression
q_py_topic_output_formatting:q_py_output1,SubscriptExpression,SlicingExpression
q_py_topic_output_formatting:q_py_output1,Call,FunctionCall
q_py_topic_output_formatting:q_py_output1,ArithmeticExpression,BinaryOperation
q_py_topic_output_formatting:q_py_output1,ArithmeticExpression,UnaryOperation
q_py_topic_output_formatting:q_py_output1,LogicalExpression,ComparisonExpression
q_py_topic_output_formatting:q_py_output1,LogicalExpression,BooleanExpression
q_py_topic_output_formatting:q_py_output1,Literal,BooleanLiteral
q_py_topic_output_formatting:q_py_output1,Literal,NoneLiteral
q_py_topic_output_formatting:q_py_output1,NumericLiteral,IntegerLiteral
q_py_topic_output_formatting:q_py_output1,LiteralCollection,TupleLiteral
q_py_topic_output_formatting:q_py_output1,LiteralCollection,SetLiteral
q_py_topic_output_formatting:q_py_output1,LiteralCollection,ListLiteral
q_py_topic_output_formatting:q_py_output1,LiteralCollection,DictLiteral
q_py_topic_output_formatting:q_py_output1,Error,TypeError
q_py_topic_output_formatting:q_py_output1,Error,OSError
q_py_topic_output_formatting:q_py_output1,Error,IndexError
q_py_topic_output_formatting:q_py_output1,Error,IOError
q_py_topic_output_formatting:q_py_output1,Error,FileNotFoundError
q_py_topic_output_formatting:q_py_output1,Error,ValueError
q_py_topic_output_formatting:q_py_output1,Error,AssertionError
q_py_topic_output_formatting:q_py_output1,StringMethod,split()
q_py_topic_output_formatting:q_py_output1,StringMethod,lower()
q_py_topic_output_formatting:q_py_output1,StringMethod,join()
q_py_topic_output_formatting:q_py_output1,StringMethod,capitalize()
q_py_topic_output_formatting:q_py_output1,StringMethod,rstrip()
q_py_topic_output_formatting:q_py_output1,StringMethod,replace()
q_py_topic_output_formatting:q_py_output1,DictionaryMethod,values()
q_py_topic_output_formatting:q_py_output1,DictionaryMethod,keys()
q_py_topic_output_formatting:q_py_output1,DictionaryMethod,items()
q_py_topic_output_formatting:q_py_output1,DictionaryMethod,get()
q_py_topic_output_formatting:q_py_output1,ClassMethod,__init()__
q_py_topic_output_formatting:q_py_output1,ListMethod,reverse()
q_py_topic_output_formatting:q_py_output1,ListMethod,insert()
q_py_topic_output_formatting:q_py_output1,ListMethod,remove()
q_py_topic_output_formatting:q_py_output1,ListMethod,append()
q_py_topic_output_formatting:q_py_output1,ListMethod,pop()
q_py_topic_output_formatting:q_py_output1,FileMethod,readline()
q_py_topic_output_formatting:q_py_output1,FileMethod,close()
q_py_topic_output_formatting:q_py_output1,FileMethod,read()
q_py_topic_output_formatting:q_py_output1,Operator,=
q_py_topic_output_formatting:q_py_output1,ComparisonOperator,LessOrEqual
q_py_topic_output_formatting:q_py_output1,ComparisonOperator,Less
q_py_topic_output_formatting:q_py_output1,ComparisonOperator,Larger
q_py_topic_output_formatting:q_py_output1,ComparisonOperator,LargerOrEqual
q_py_topic_output_formatting:q_py_output1,ComparisonOperator,==
q_py_topic_output_formatting:q_py_output1,ComparisonOperator,NotEqual
q_py_topic_output_formatting:q_py_output1,MembershipOperator,in
q_py_topic_output_formatting:q_py_output1,LogicalOperator,and
q_py_topic_output_formatting:q_py_output1,LogicalOperator,or
q_py_topic_output_formatting:q_py_output1,LogicalOperator,not
q_py_topic_output_formatting:q_py_output1,ArtithmeticOperator,//
q_py_topic_output_formatting:q_py_output1,ArtithmeticOperator,-
q_py_topic_output_formatting:q_py_output1,ArtithmeticOperator,+
q_py_topic_output_formatting:q_py_output1,ArtithmeticOperator,/
q_py_topic_output_formatting:q_py_output1,ArtithmeticOperator,**
q_py_topic_output_formatting:q_py_output1,ArtithmeticOperator,Modulus
q_py_topic_output_formatting:q_py_output1,ArtithmeticOperator,*
q_py_topic_output_formatting:q_py_output1,ConditionalStatement,IfElifElseStatement
q_py_topic_output_formatting:q_py_output1,ConditionalStatement,IfStatement
q_py_topic_output_formatting:q_py_output1,ConditionalStatement,IfElseStatement
q_py_topic_output_formatting:q_py_output1,ConditionalStatement,IfElifStatement
q_py_topic_output_formatting:q_py_output1,ImportStatement,Import
q_py_topic_output_formatting:q_py_output1,ImportStatement,ImportFrom
q_py_topic_output_formatting:q_py_output1,JumpStatement,PassStatement
q_py_topic_output_formatting:q_py_output1,JumpStatement,BreakStatement
q_py_topic_output_formatting:q_py_output1,JumpStatement,ContinueStatement
q_py_topic_output_formatting:q_py_output1,JumpStatement,ReturnStatement
q_py_topic_output_formatting:q_py_output1,IterationStatement,ForStatement
q_py_topic_output_formatting:q_py_output1,IterationStatement,WhileStatement
q_py_topic_output_formatting:q_py_output1,ExceptionHandlingStatement,TryStatement
q_py_topic_output_formatting:q_py_output1,ExceptionHandlingStatement,RaiseStatement
q_py_topic_output_formatting:q_py_output1,ExceptionHandlingStatement,AssertStatement
q_py_topic_output_formatting:q_py_output1,AssignmentStatement,SimpleAssignmentStatement
q_py_topic_output_formatting:q_py_output1,AssignmentStatement,AugmentedAssignmentStatement
q_py_topic_output_formatting:q_py_output1,DefinitionStatement,FunctionDefinition
q_py_topic_output_formatting:q_py_output1,DefinitionStatement,ClassDefinition
q_py_topic_output_formatting:q_py_output1,BuiltInFunction,dict()
q_py_topic_output_formatting:q_py_output1,BuiltInFunction,str()
q_py_topic_output_formatting:q_py_output1,BuiltInFunction,next()
q_py_topic_output_formatting:q_py_output1,BuiltInFunction,input()
q_py_topic_output_formatting:q_py_output1,BuiltInFunction,int()
q_py_topic_output_formatting:q_py_output1,BuiltInFunction,max()
q_py_topic_output_formatting:q_py_output1,BuiltInFunction,float()
q_py_topic_output_formatting:q_py_output1,BuiltInFunction,set()
q_py_topic_output_formatting:q_py_output1,BuiltInFunction,open()
q_py_topic_output_formatting:q_py_output1,BuiltInFunction,range()
q_py_topic_output_formatting:q_py_output1,BuiltInFunction,tuple()
q_py_topic_output_formatting:q_py_output1,BuiltInFunction,abs()
q_py_topic_output_formatting:q_py_output1,BuiltInFunction,round()
q_py_topic_output_formatting:q_py_output1,BuiltInFunction,len()
q_py_topic_output_formatting:q_py_output1,BuiltInFunction,min()
q_py_topic_output_formatting:q_py_output1,BuiltInFunction,list()
q_py_topic_output_formatting:q_py_output2,ArithmeticExpression,UnaryOperation
q_py_topic_output_formatting:q_py_output2,NumericLiteral,IntegerLiteral
q_py_topic_output_formatting:q_py_output2,ClassMethod,__init()__
q_py_topic_output_formatting:q_py_output2,AssignmentStatement,AugmentedAssignmentStatement
q_py_topic_output_formatting:q_py_output2,BuiltInFunction,list()
q_py_topic_output_formatting:q_py_output3,SubscriptExpression,IndexingExpression
q_py_topic_output_formatting:q_py_output3,SubscriptExpression,SlicingExpression
q_py_topic_output_formatting:q_py_output3,Call,FunctionCall
q_py_topic_output_formatting:q_py_output3,LogicalExpression,ComparisonExpression
q_py_topic_output_formatting:q_py_output3,LogicalExpression,BooleanExpression
q_py_topic_output_formatting:q_py_output3,Literal,StringLiteral
q_py_topic_output_formatting:q_py_output3,Literal,BooleanLiteral
q_py_topic_output_formatting:q_py_output3,Literal,NoneLiteral
q_py_topic_output_formatting:q_py_output3,NumericLiteral,FloatLiteral
q_py_topic_output_formatting:q_py_output3,NumericLiteral,IntegerLiteral
q_py_topic_output_formatting:q_py_output3,LiteralCollection,TupleLiteral
q_py_topic_output_formatting:q_py_output3,LiteralCollection,SetLiteral
q_py_topic_output_formatting:q_py_output3,LiteralCollection,ListLiteral
q_py_topic_output_formatting:q_py_output3,LiteralCollection,DictLiteral
q_py_topic_output_formatting:q_py_output3,Error,TypeError
q_py_topic_output_formatting:q_py_output3,Error,OSError
q_py_topic_output_formatting:q_py_output3,Error,IndexError
q_py_topic_output_formatting:q_py_output3,Error,IOError
q_py_topic_output_formatting:q_py_output3,Error,FileNotFoundError
q_py_topic_output_formatting:q_py_output3,Error,ValueError
q_py_topic_output_formatting:q_py_output3,Error,AssertionError
q_py_topic_output_formatting:q_py_output3,StringMethod,split()
q_py_topic_output_formatting:q_py_output3,StringMethod,lower()
q_py_topic_output_formatting:q_py_output3,StringMethod,join()
q_py_topic_output_formatting:q_py_output3,StringMethod,capitalize()
q_py_topic_output_formatting:q_py_output3,StringMethod,rstrip()
q_py_topic_output_formatting:q_py_output3,StringMethod,replace()
q_py_topic_output_formatting:q_py_output3,DictionaryMethod,values()
q_py_topic_output_formatting:q_py_output3,DictionaryMethod,keys()
q_py_topic_output_formatting:q_py_output3,DictionaryMethod,items()
q_py_topic_output_formatting:q_py_output3,DictionaryMethod,get()
q_py_topic_output_formatting:q_py_output3,ClassMethod,__init()__
q_py_topic_output_formatting:q_py_output3,ListMethod,reverse()
q_py_topic_output_formatting:q_py_output3,ListMethod,insert()
q_py_topic_output_formatting:q_py_output3,ListMethod,remove()
q_py_topic_output_formatting:q_py_output3,ListMethod,append()
q_py_topic_output_formatting:q_py_output3,ListMethod,pop()
q_py_topic_output_formatting:q_py_output3,FileMethod,readline()
q_py_topic_output_formatting:q_py_output3,FileMethod,close()
q_py_topic_output_formatting:q_py_output3,FileMethod,read()
q_py_topic_output_formatting:q_py_output3,ComparisonOperator,LessOrEqual
q_py_topic_output_formatting:q_py_output3,ComparisonOperator,Less
q_py_topic_output_formatting:q_py_output3,ComparisonOperator,Larger
q_py_topic_output_formatting:q_py_output3,ComparisonOperator,LargerOrEqual
q_py_topic_output_formatting:q_py_output3,ComparisonOperator,==
q_py_topic_output_formatting:q_py_output3,ComparisonOperator,NotEqual
q_py_topic_output_formatting:q_py_output3,MembershipOperator,in
q_py_topic_output_formatting:q_py_output3,LogicalOperator,and
q_py_topic_output_formatting:q_py_output3,LogicalOperator,or
q_py_topic_output_formatting:q_py_output3,LogicalOperator,not
q_py_topic_output_formatting:q_py_output3,ArtithmeticOperator,//
q_py_topic_output_formatting:q_py_output3,ArtithmeticOperator,-
q_py_topic_output_formatting:q_py_output3,ArtithmeticOperator,+
q_py_topic_output_formatting:q_py_output3,ArtithmeticOperator,/
q_py_topic_output_formatting:q_py_output3,ArtithmeticOperator,**
q_py_topic_output_formatting:q_py_output3,ArtithmeticOperator,Modulus
q_py_topic_output_formatting:q_py_output3,ArtithmeticOperator,*
q_py_topic_output_formatting:q_py_output3,ConditionalStatement,IfElifElseStatement
q_py_topic_output_formatting:q_py_output3,ConditionalStatement,IfStatement
q_py_topic_output_formatting:q_py_output3,ConditionalStatement,IfElseStatement
q_py_topic_output_formatting:q_py_output3,ConditionalStatement,IfElifStatement
q_py_topic_output_formatting:q_py_output3,ImportStatement,Import
q_py_topic_output_formatting:q_py_output3,ImportStatement,ImportFrom
q_py_topic_output_formatting:q_py_output3,JumpStatement,PassStatement
q_py_topic_output_formatting:q_py_output3,JumpStatement,BreakStatement
q_py_topic_output_formatting:q_py_output3,JumpStatement,ContinueStatement
q_py_topic_output_formatting:q_py_output3,JumpStatement,ReturnStatement
q_py_topic_output_formatting:q_py_output3,IterationStatement,ForStatement
q_py_topic_output_formatting:q_py_output3,IterationStatement,WhileStatement
q_py_topic_output_formatting:q_py_output3,ExceptionHandlingStatement,TryStatement
q_py_topic_output_formatting:q_py_output3,ExceptionHandlingStatement,RaiseStatement
q_py_topic_output_formatting:q_py_output3,ExceptionHandlingStatement,AssertStatement
q_py_topic_output_formatting:q_py_output3,AssignmentStatement,AugmentedAssignmentStatement
q_py_topic_output_formatting:q_py_output3,DefinitionStatement,FunctionDefinition
q_py_topic_output_formatting:q_py_output3,DefinitionStatement,ClassDefinition
q_py_topic_output_formatting:q_py_output3,BuiltInFunction,dict()
q_py_topic_output_formatting:q_py_output3,BuiltInFunction,str()
q_py_topic_output_formatting:q_py_output3,BuiltInFunction,next()
q_py_topic_output_formatting:q_py_output3,BuiltInFunction,input()
q_py_topic_output_formatting:q_py_output3,BuiltInFunction,int()
q_py_topic_output_formatting:q_py_output3,BuiltInFunction,max()
q_py_topic_output_formatting:q_py_output3,BuiltInFunction,float()
q_py_topic_output_formatting:q_py_output3,BuiltInFunction,set()
q_py_topic_output_formatting:q_py_output3,BuiltInFunction,open()
q_py_topic_output_formatting:q_py_output3,BuiltInFunction,range()
q_py_topic_output_formatting:q_py_output3,BuiltInFunction,tuple()
q_py_topic_output_formatting:q_py_output3,BuiltInFunction,abs()
q_py_topic_output_formatting:q_py_output3,BuiltInFunction,round()
q_py_topic_output_formatting:q_py_output3,BuiltInFunction,len()
q_py_topic_output_formatting:q_py_output3,BuiltInFunction,min()
q_py_topic_output_formatting:q_py_output3,BuiltInFunction,list()
q_py_topic_output_formatting:q_py_output4,Literal,BooleanLiteral
q_py_topic_output_formatting:q_py_output4,Literal,NoneLiteral
q_py_topic_output_formatting:q_py_output4,LiteralCollection,SetLiteral
q_py_topic_output_formatting:q_py_output4,LiteralCollection,ListLiteral
q_py_topic_output_formatting:q_py_output4,LiteralCollection,DictLiteral
q_py_topic_output_formatting:q_py_output4,ClassMethod,__init()__
q_py_topic_output_formatting:q_py_output4,ComparisonOperator,==
q_py_topic_output_formatting:q_py_output4,MembershipOperator,in
q_py_topic_output_formatting:q_py_output4,AssignmentStatement,SimpleAssignmentStatement
q_py_topic_output_formatting:q_py_output4,AssignmentStatement,AugmentedAssignmentStatement
q_py_topic_output_formatting:q_py_output4,BuiltInFunction,dict()
q_py_topic_output_formatting:q_py_output4,BuiltInFunction,str()
q_py_topic_output_formatting:q_py_output4,BuiltInFunction,next()
q_py_topic_output_formatting:q_py_output4,BuiltInFunction,input()
q_py_topic_output_formatting:q_py_output4,BuiltInFunction,max()
q_py_topic_output_formatting:q_py_output4,BuiltInFunction,set()
q_py_topic_output_formatting:q_py_output4,BuiltInFunction,open()
q_py_topic_output_formatting:q_py_output4,BuiltInFunction,range()
q_py_topic_output_formatting:q_py_output4,BuiltInFunction,tuple()
q_py_topic_output_formatting:q_py_output4,BuiltInFunction,abs()
q_py_topic_output_formatting:q_py_output4,BuiltInFunction,round()
q_py_topic_output_formatting:q_py_output4,BuiltInFunction,len()
q_py_topic_output_formatting:q_py_output4,BuiltInFunction,min()
q_py_topic_output_formatting:q_py_output4,BuiltInFunction,list()
q_py_topic_references:q_py_int_ref1,Call,FunctionCall
q_py_topic_references:q_py_int_ref1,ArithmeticExpression,UnaryOperation
q_py_topic_references:q_py_int_ref1,NumericLiteral,IntegerLiteral
q_py_topic_references:q_py_int_ref1,ClassMethod,__init()__
q_py_topic_references:q_py_int_ref1,MembershipOperator,in
q_py_topic_references:q_py_int_ref1,ConditionalStatement,IfElifElseStatement
q_py_topic_references:q_py_int_ref1,ConditionalStatement,IfElseStatement
q_py_topic_references:q_py_int_ref1,ConditionalStatement,IfElifStatement
q_py_topic_references:q_py_int_ref1,ImportStatement,Import
q_py_topic_references:q_py_int_ref1,ImportStatement,ImportFrom
q_py_topic_references:q_py_int_ref1,AssignmentStatement,AugmentedAssignmentStatement
q_py_topic_references:q_py_int_ref1,DefinitionStatement,ClassDefinition
q_py_topic_references:q_py_int_ref1,BuiltInFunction,dict()
q_py_topic_references:q_py_int_ref1,BuiltInFunction,str()
q_py_topic_references:q_py_int_ref1,BuiltInFunction,next()
q_py_topic_references:q_py_int_ref1,BuiltInFunction,input()
q_py_topic_references:q_py_int_ref1,BuiltInFunction,max()
q_py_topic_references:q_py_int_ref1,BuiltInFunction,float()
q_py_topic_references:q_py_int_ref1,BuiltInFunction,set()
q_py_topic_references:q_py_int_ref1,BuiltInFunction,open()
q_py_topic_references:q_py_int_ref1,BuiltInFunction,range()
q_py_topic_references:q_py_int_ref1,BuiltInFunction,tuple()
q_py_topic_references:q_py_int_ref1,BuiltInFunction,abs()
q_py_topic_references:q_py_int_ref1,BuiltInFunction,round()
q_py_topic_references:q_py_int_ref1,BuiltInFunction,len()
q_py_topic_references:q_py_int_ref1,BuiltInFunction,min()
q_py_topic_references:q_py_int_ref1,BuiltInFunction,list()
q_py_topic_references:q_py_list_int_ref1,ClassMethod,__init()__
q_py_topic_references:q_py_list_str_ref1,SubscriptExpression,SlicingExpression
q_py_topic_references:q_py_list_str_ref1,ClassMethod,__init()__
q_py_topic_references:q_py_str_ref1,Call,FunctionCall
q_py_topic_references:q_py_str_ref1,Literal,BooleanLiteral
q_py_topic_references:q_py_str_ref1,Literal,NoneLiteral
q_py_topic_references:q_py_str_ref1,NumericLiteral,FloatLiteral
q_py_topic_references:q_py_str_ref1,NumericLiteral,IntegerLiteral
q_py_topic_references:q_py_str_ref1,DictionaryMethod,values()
q_py_topic_references:q_py_str_ref1,DictionaryMethod,keys()
q_py_topic_references:q_py_str_ref1,DictionaryMethod,items()
q_py_topic_references:q_py_str_ref1,DictionaryMethod,get()
q_py_topic_references:q_py_str_ref1,ClassMethod,__init()__
q_py_topic_references:q_py_str_ref1,FileMethod,readline()
q_py_topic_references:q_py_str_ref1,FileMethod,close()
q_py_topic_references:q_py_str_ref1,FileMethod,read()
q_py_topic_references:q_py_str_ref1,ComparisonOperator,LessOrEqual
q_py_topic_references:q_py_str_ref1,ComparisonOperator,Less
q_py_topic_references:q_py_str_ref1,ComparisonOperator,Larger
q_py_topic_references:q_py_str_ref1,ComparisonOperator,LargerOrEqual
q_py_topic_references:q_py_str_ref1,ComparisonOperator,NotEqual
q_py_topic_references:q_py_str_ref1,MembershipOperator,in
q_py_topic_references:q_py_str_ref1,ArtithmeticOperator,//
q_py_topic_references:q_py_str_ref1,ArtithmeticOperator,-
q_py_topic_references:q_py_str_ref1,ArtithmeticOperator,+
q_py_topic_references:q_py_str_ref1,ArtithmeticOperator,/
q_py_topic_references:q_py_str_ref1,ArtithmeticOperator,**
q_py_topic_references:q_py_str_ref1,ArtithmeticOperator,Modulus
q_py_topic_references:q_py_str_ref1,ArtithmeticOperator,*
q_py_topic_references:q_py_str_ref1,ConditionalStatement,IfElifElseStatement
q_py_topic_references:q_py_str_ref1,ConditionalStatement,IfStatement
q_py_topic_references:q_py_str_ref1,ConditionalStatement,IfElseStatement
q_py_topic_references:q_py_str_ref1,ConditionalStatement,IfElifStatement
q_py_topic_references:q_py_str_ref1,ImportStatement,ImportFrom
q_py_topic_references:q_py_str_ref1,AssignmentStatement,AugmentedAssignmentStatement
q_py_topic_references:q_py_str_ref1,DefinitionStatement,ClassDefinition
q_py_topic_references:q_py_str_ref1,BuiltInFunction,next()
q_py_topic_references:q_py_str_ref1,BuiltInFunction,tuple()
q_py_topic_strings:q_py_concat_strings1,ClassMethod,__init()__
ae_adl_objects3,SubscriptExpression,SlicingExpression
ae_adl_objects3,ArithmeticExpression,BinaryOperation
ae_adl_objects3,ArithmeticExpression,UnaryOperation
ae_adl_objects3,LogicalExpression,ComparisonExpression
ae_adl_objects3,LogicalExpression,BooleanExpression
ae_adl_objects3,NumericLiteral,FloatLiteral
ae_adl_objects3,LiteralCollection,TupleLiteral
ae_adl_objects3,LiteralCollection,SetLiteral
ae_adl_objects3,LiteralCollection,ListLiteral
ae_adl_objects3,ClassMethod,__init()__
ae_adl_objects3,ListMethod,reverse()
ae_adl_objects3,ListMethod,insert()
ae_adl_objects3,ComparisonOperator,LessOrEqual
ae_adl_objects3,ComparisonOperator,Less
ae_adl_objects3,ComparisonOperator,Larger
ae_adl_objects3,ComparisonOperator,LargerOrEqual
ae_adl_objects3,ComparisonOperator,NotEqual
ae_adl_objects3,MembershipOperator,in
ae_adl_objects3,LogicalOperator,or
ae_adl_objects3,LogicalOperator,not
ae_adl_objects3,ArtithmeticOperator,//
ae_adl_objects3,ArtithmeticOperator,-
ae_adl_objects3,ArtithmeticOperator,+
ae_adl_objects3,ArtithmeticOperator,/
ae_adl_objects3,ArtithmeticOperator,**
ae_adl_objects3,ArtithmeticOperator,Modulus
ae_adl_objects3,ArtithmeticOperator,*
ae_adl_objects3,ConditionalStatement,IfElifElseStatement
ae_adl_objects3,ConditionalStatement,IfElseStatement
ae_adl_objects3,ConditionalStatement,IfElifStatement
ae_adl_objects3,ImportStatement,Import
ae_adl_objects3,ImportStatement,ImportFrom
ae_adl_objects3,JumpStatement,PassStatement
ae_adl_objects3,JumpStatement,BreakStatement
ae_adl_objects3,JumpStatement,ContinueStatement
ae_adl_objects3,JumpStatement,ReturnStatement
ae_adl_objects3,AssignmentStatement,AugmentedAssignmentStatement
ae_adl_objects3,DefinitionStatement,ClassDefinition
ae_adl_objects3,BuiltInFunction,str()
ae_adl_objects3,BuiltInFunction,next()
ae_adl_objects3,BuiltInFunction,input()
ae_adl_objects3,BuiltInFunction,int()
ae_adl_objects3,BuiltInFunction,max()
ae_adl_objects3,BuiltInFunction,float()
ae_adl_objects3,BuiltInFunction,set()
ae_adl_objects3,BuiltInFunction,open()
ae_adl_objects3,BuiltInFunction,range()
ae_adl_objects3,BuiltInFunction,tuple()
ae_adl_objects3,BuiltInFunction,abs()
ae_adl_objects3,BuiltInFunction,round()
ae_adl_objects3,BuiltInFunction,len()
ae_adl_objects3,BuiltInFunction,min()
ae_adl_objects3,BuiltInFunction,list()
ae_python_intro,SubscriptExpression,IndexingExpression
ae_python_intro,SubscriptExpression,SlicingExpression
ae_python_intro,Call,FunctionCall
ae_python_intro,ArithmeticExpression,UnaryOperation
ae_python_intro,LogicalExpression,ComparisonExpression
ae_python_intro,LogicalExpression,BooleanExpression
ae_python_intro,Literal,StringLiteral
ae_python_intro,Literal,BooleanLiteral
ae_python_intro,Literal,NoneLiteral
ae_python_intro,LiteralCollection,TupleLiteral
ae_python_intro,LiteralCollection,SetLiteral
ae_python_intro,LiteralCollection,ListLiteral
ae_python_intro,LiteralCollection,DictLiteral
ae_python_intro,Error,TypeError
ae_python_intro,Error,OSError
ae_python_intro,Error,IndexError
ae_python_intro,Error,IOError
ae_python_intro,Error,FileNotFoundError
ae_python_intro,Error,ValueError
ae_python_intro,Error,AssertionError
ae_python_intro,StringMethod,split()
ae_python_intro,StringMethod,lower()
ae_python_intro,StringMethod,join()
ae_python_intro,StringMethod,format()
ae_python_intro,StringMethod,capitalize()
ae_python_intro,StringMethod,rstrip()
ae_python_intro,StringMethod,replace()
ae_python_intro,DictionaryMethod,values()
ae_python_intro,DictionaryMethod,keys()
ae_python_intro,DictionaryMethod,items()
ae_python_intro,DictionaryMethod,get()
ae_python_intro,ClassMethod,__init()__
ae_python_intro,ListMethod,reverse()
ae_python_intro,ListMethod,insert()
ae_python_intro,ListMethod,remove()
ae_python_intro,ListMethod,append()
ae_python_intro,ListMethod,pop()
ae_python_intro,FileMethod,readline()
ae_python_intro,FileMethod,close()
ae_python_intro,FileMethod,read()
ae_python_intro,ComparisonOperator,LessOrEqual
ae_python_intro,ComparisonOperator,Less
ae_python_intro,ComparisonOperator,Larger
ae_python_intro,ComparisonOperator,LargerOrEqual
ae_python_intro,ComparisonOperator,==
ae_python_intro,ComparisonOperator,NotEqual
ae_python_intro,MembershipOperator,in
ae_python_intro,LogicalOperator,and
ae_python_intro,LogicalOperator,or
ae_python_intro,LogicalOperator,not
ae_python_intro,ArtithmeticOperator,//
ae_python_intro,ArtithmeticOperator,-
ae_python_intro,ArtithmeticOperator,/
ae_python_intro,ArtithmeticOperator,**
ae_python_intro,ArtithmeticOperator,Modulus
ae_python_intro,ConditionalStatement,IfElifElseStatement
ae_python_intro,ConditionalStatement,IfStatement
ae_python_intro,ConditionalStatement,IfElseStatement
ae_python_intro,ConditionalStatement,IfElifStatement
ae_python_intro,ImportStatement,Import
ae_python_intro,ImportStatement,ImportFrom
ae_python_intro,JumpStatement,PassStatement
ae_python_intro,JumpStatement,BreakStatement
ae_python_intro,JumpStatement,ContinueStatement
ae_python_intro,JumpStatement,ReturnStatement
ae_python_intro,IterationStatement,ForStatement
ae_python_intro,IterationStatement,WhileStatement
ae_python_intro,ExceptionHandlingStatement,TryStatement
ae_python_intro,ExceptionHandlingStatement,RaiseStatement
ae_python_intro,ExceptionHandlingStatement,AssertStatement
ae_python_intro,AssignmentStatement,AugmentedAssignmentStatement
ae_python_intro,DefinitionStatement,FunctionDefinition
ae_python_intro,DefinitionStatement,ClassDefinition
ae_python_intro,BuiltInFunction,dict()
ae_python_intro,BuiltInFunction,str()
ae_python_intro,BuiltInFunction,next()
ae_python_intro,BuiltInFunction,input()
ae_python_intro,BuiltInFunction,int()
ae_python_intro,BuiltInFunction,max()
ae_python_intro,BuiltInFunction,float()
ae_python_intro,BuiltInFunction,set()
ae_python_intro,BuiltInFunction,open()
ae_python_intro,BuiltInFunction,range()
ae_python_intro,BuiltInFunction,tuple()
ae_python_intro,BuiltInFunction,abs()
ae_python_intro,BuiltInFunction,round()
ae_python_intro,BuiltInFunction,len()
ae_python_intro,BuiltInFunction,min()
ae_python_intro,BuiltInFunction,print()
ae_python_intro,BuiltInFunction,list()
ae_python_assignment,ArithmeticExpression,UnaryOperation
ae_python_assignment,NumericLiteral,FloatLiteral
ae_python_assignment,NumericLiteral,IntegerLiteral
ae_python_assignment,ClassMethod,__init()__
ae_python_assignment,ComparisonOperator,==
ae_python_assignment,ArtithmeticOperator,*
ae_python_assignment,Statement,ExpressionStatement
ae_python_assignment,ConditionalStatement,IfElifElseStatement
ae_python_assignment,ConditionalStatement,IfStatement
ae_python_assignment,ConditionalStatement,IfElseStatement
ae_python_assignment,ConditionalStatement,IfElifStatement
ae_python_assignment,ImportStatement,Import
ae_python_assignment,ImportStatement,ImportFrom
ae_python_assignment,AssignmentStatement,AugmentedAssignmentStatement
ae_python_input,SubscriptExpression,SlicingExpression
ae_python_input,Call,FunctionCall
ae_python_input,ArithmeticExpression,UnaryOperation
ae_python_input,LogicalExpression,BooleanExpression
ae_python_input,Literal,BooleanLiteral
ae_python_input,Literal,NoneLiteral
ae_python_input,NumericLiteral,FloatLiteral
ae_python_input,NumericLiteral,IntegerLiteral
ae_python_input,Error,OSError
ae_python_input,Error,IndexError
ae_python_input,Error,IOError
ae_python_input,Error,FileNotFoundError
ae_python_input,Error,AssertionError
ae_python_input,StringMethod,split()
ae_python_input,StringMethod,lower()
ae_python_input,StringMethod,join()
ae_python_input,StringMethod,format()
ae_python_input,StringMethod,capitalize()
ae_python_input,StringMethod,rstrip()
ae_python_input,StringMethod,replace()
ae_python_input,DictionaryMethod,values()
ae_python_input,DictionaryMethod,keys()
ae_python_input,DictionaryMethod,items()
ae_python_input,DictionaryMethod,get()
ae_python_input,ClassMethod,__init()__
ae_python_input,ListMethod,reverse()
ae_python_input,ListMethod,insert()
ae_python_input,ListMethod,remove()
ae_python_input,ListMethod,append()
ae_python_input,ListMethod,pop()
ae_python_input,FileMethod,readline()
ae_python_input,FileMethod,close()
ae_python_input,FileMethod,read()
ae_python_input,ComparisonOperator,LessOrEqual
ae_python_input,ComparisonOperator,Less
ae_python_input,ComparisonOperator,Larger
ae_python_input,ComparisonOperator,LargerOrEqual
ae_python_input,ComparisonOperator,==
ae_python_input,ComparisonOperator,NotEqual
ae_python_input,MembershipOperator,in
ae_python_input,LogicalOperator,and
ae_python_input,LogicalOperator,or
ae_python_input,LogicalOperator,not
ae_python_input,ArtithmeticOperator,//
ae_python_input,ArtithmeticOperator,-
ae_python_input,ArtithmeticOperator,+
ae_python_input,ArtithmeticOperator,/
ae_python_input,ArtithmeticOperator,**
ae_python_input,ArtithmeticOperator,Modulus
ae_python_input,ArtithmeticOperator,*
ae_python_input,ConditionalStatement,IfElifElseStatement
ae_python_input,ConditionalStatement,IfElseStatement
ae_python_input,ConditionalStatement,IfElifStatement
ae_python_input,ImportStatement,Import
ae_python_input,ImportStatement,ImportFrom
ae_python_input,JumpStatement,PassStatement
ae_python_input,JumpStatement,BreakStatement
ae_python_input,JumpStatement,ContinueStatement
ae_python_input,JumpStatement,ReturnStatement
ae_python_input,IterationStatement,WhileStatement
ae_python_input,ExceptionHandlingStatement,RaiseStatement
ae_python_input,ExceptionHandlingStatement,AssertStatement
ae_python_input,AssignmentStatement,AugmentedAssignmentStatement
ae_python_input,DefinitionStatement,ClassDefinition
ae_python_input,BuiltInFunction,dict()
ae_python_input,BuiltInFunction,str()
ae_python_input,BuiltInFunction,next()
ae_python_input,BuiltInFunction,int()
ae_python_input,BuiltInFunction,max()
ae_python_input,BuiltInFunction,float()
ae_python_input,BuiltInFunction,set()
ae_python_input,BuiltInFunction,open()
ae_python_input,BuiltInFunction,range()
ae_python_input,BuiltInFunction,tuple()
ae_python_input,BuiltInFunction,abs()
ae_python_input,BuiltInFunction,round()
ae_python_input,BuiltInFunction,len()
ae_python_input,BuiltInFunction,min()
ae_python_input,BuiltInFunction,list()
ae_python_float,ClassMethod,__init()__
ae_python_if,ClassMethod,__init()__
ae_python_while,SubscriptExpression,IndexingExpression
ae_python_while,SubscriptExpression,SlicingExpression
ae_python_while,Call,FunctionCall
ae_python_while,ArithmeticExpression,UnaryOperation
ae_python_while,LogicalExpression,BooleanExpression
ae_python_while,Literal,BooleanLiteral
ae_python_while,Literal,NoneLiteral
ae_python_while,NumericLiteral,FloatLiteral
ae_python_while,NumericLiteral,IntegerLiteral
ae_python_while,ClassMethod,__init()__
ae_python_while,MembershipOperator,in
ae_python_while,IterationStatement,ForStatement
ae_python_while,AssignmentStatement,AugmentedAssignmentStatement
ae_python_while,DefinitionStatement,ClassDefinition
ae_python_while,BuiltInFunction,dict()
ae_python_while,BuiltInFunction,str()
ae_python_while,BuiltInFunction,next()
ae_python_while,BuiltInFunction,max()
ae_python_while,BuiltInFunction,float()
ae_python_while,BuiltInFunction,set()
ae_python_while,BuiltInFunction,open()
ae_python_while,BuiltInFunction,range()
ae_python_while,BuiltInFunction,tuple()
ae_python_while,BuiltInFunction,abs()
ae_python_while,BuiltInFunction,round()
ae_python_while,BuiltInFunction,len()
ae_python_while,BuiltInFunction,min()
ae_python_while,BuiltInFunction,list()
ae_python_function,Literal,StringLiteral
ae_python_function,NumericLiteral,IntegerLiteral
ae_python_function,ClassMethod,__init()__
ae_python_function,AssignmentStatement,AugmentedAssignmentStatement
ae_python_function,DefinitionStatement,ClassDefinition
ae_python_list,ClassMethod,__init()__
ae_python_split,ClassMethod,__init()__
ae_python_file,ClassMethod,__init()__
ae_python_class1,ClassMethod,__init()__
ae_python_class2,ArithmeticExpression,UnaryOperation
ae_python_class2,LogicalExpression,BooleanExpression
ae_python_class2,NumericLiteral,FloatLiteral
ae_python_class2,NumericLiteral,IntegerLiteral
ae_python_class2,Error,TypeError
ae_python_class2,Error,OSError
ae_python_class2,Error,IndexError
ae_python_class2,Error,IOError
ae_python_class2,Error,FileNotFoundError
ae_python_class2,Error,ValueError
ae_python_class2,Error,AssertionError
ae_python_class2,ClassMethod,__init()__
ae_python_class2,FileMethod,readline()
ae_python_class2,FileMethod,close()
ae_python_class2,FileMethod,read()
ae_python_class2,Operator,=
ae_python_class2,ComparisonOperator,LessOrEqual
ae_python_class2,ComparisonOperator,Less
ae_python_class2,ComparisonOperator,Larger
ae_python_class2,ComparisonOperator,LargerOrEqual
ae_python_class2,ComparisonOperator,==
ae_python_class2,ComparisonOperator,NotEqual
ae_python_class2,MembershipOperator,in
ae_python_class2,LogicalOperator,and
ae_python_class2,LogicalOperator,or
ae_python_class2,LogicalOperator,not
ae_python_class2,ArtithmeticOperator,//
ae_python_class2,ArtithmeticOperator,-
ae_python_class2,ArtithmeticOperator,+
ae_python_class2,ArtithmeticOperator,/
ae_python_class2,ArtithmeticOperator,**
ae_python_class2,ArtithmeticOperator,Modulus
ae_python_class2,ArtithmeticOperator,*
ae_python_class2,ConditionalStatement,IfElifElseStatement
ae_python_class2,ConditionalStatement,IfStatement
ae_python_class2,ConditionalStatement,IfElseStatement
ae_python_class2,ConditionalStatement,IfElifStatement
ae_python_class2,IterationStatement,ForStatement
ae_python_class2,IterationStatement,WhileStatement
ae_python_class2,BuiltInFunction,list()
ae_adl_vals_refs1,Literal,StringLiteral
ae_adl_vals_refs1,NumericLiteral,FloatLiteral
ae_adl_vals_refs1,NumericLiteral,IntegerLiteral
ae_adl_vals_refs1,ClassMethod,__init()__
ae_adl_vals_refs1,MembershipOperator,in
ae_adl_vals_refs1,AssignmentStatement,AugmentedAssignmentStatement
ae_adl_vals_refs1,DefinitionStatement,ClassDefinition
ae_adl_vals_refs1,BuiltInFunction,dict()
ae_adl_vals_refs1,BuiltInFunction,str()
ae_adl_vals_refs1,BuiltInFunction,next()
ae_adl_vals_refs1,BuiltInFunction,input()
ae_adl_vals_refs1,BuiltInFunction,max()
ae_adl_vals_refs1,BuiltInFunction,float()
ae_adl_vals_refs1,BuiltInFunction,set()
ae_adl_vals_refs1,BuiltInFunction,open()
ae_adl_vals_refs1,BuiltInFunction,range()
ae_adl_vals_refs1,BuiltInFunction,tuple()
ae_adl_vals_refs1,BuiltInFunction,abs()
ae_adl_vals_refs1,BuiltInFunction,round()
ae_adl_vals_refs1,BuiltInFunction,len()
ae_adl_vals_refs1,BuiltInFunction,min()
ae_adl_vals_refs1,BuiltInFunction,list()
ae_adl_vals_refs2,ClassMethod,__init()__
ae_adl_vals_refs3,ClassMethod,__init()__
ae_adl_vals_refs3,JumpStatement,BreakStatement
ae_adl_tryexcept1,ClassMethod,__init()__
ae_adl_tryexcept2,ClassMethod,__init()__
ae_adl_file1,Call,FunctionCall
ae_adl_file1,ArithmeticExpression,UnaryOperation
ae_adl_file1,ClassMethod,__init()__
ae_adl_file1,IterationStatement,WhileStatement
ae_adl_file1,AssignmentStatement,AugmentedAssignmentStatement
ae_adl_file1,DefinitionStatement,ClassDefinition
ae_adl_file1,BuiltInFunction,dict()
ae_adl_file1,BuiltInFunction,str()
ae_adl_file1,BuiltInFunction,next()
ae_adl_file1,BuiltInFunction,input()
ae_adl_file1,BuiltInFunction,max()
ae_adl_file1,BuiltInFunction,float()
ae_adl_file1,BuiltInFunction,set()
ae_adl_file1,BuiltInFunction,range()
ae_adl_file1,BuiltInFunction,tuple()
ae_adl_file1,BuiltInFunction,abs()
ae_adl_file1,BuiltInFunction,round()
ae_adl_file1,BuiltInFunction,len()
ae_adl_file1,BuiltInFunction,min()
ae_adl_file1,BuiltInFunction,list()
ae_adl_file2,ClassMethod,__init()__
q_py_topic_strings:q_py_substring1,ClassMethod,__init()__
q_py_topic_strings:q_py_substring1,ConditionalStatement,IfElifElseStatement
q_py_topic_two_dimensional_array:q_py_2d_arrays1,SubscriptExpression,IndexingExpression
q_py_topic_two_dimensional_array:q_py_2d_arrays1,SubscriptExpression,SlicingExpression
q_py_topic_two_dimensional_array:q_py_2d_arrays1,Call,FunctionCall
q_py_topic_two_dimensional_array:q_py_2d_arrays1,ArithmeticExpression,BinaryOperation
q_py_topic_two_dimensional_array:q_py_2d_arrays1,ArithmeticExpression,UnaryOperation
q_py_topic_two_dimensional_array:q_py_2d_arrays1,LogicalExpression,ComparisonExpression
q_py_topic_two_dimensional_array:q_py_2d_arrays1,LogicalExpression,BooleanExpression
q_py_topic_two_dimensional_array:q_py_2d_arrays1,Literal,StringLiteral
q_py_topic_two_dimensional_array:q_py_2d_arrays1,Literal,BooleanLiteral
q_py_topic_two_dimensional_array:q_py_2d_arrays1,Literal,NoneLiteral
q_py_topic_two_dimensional_array:q_py_2d_arrays1,NumericLiteral,FloatLiteral
q_py_topic_two_dimensional_array:q_py_2d_arrays1,NumericLiteral,IntegerLiteral
q_py_topic_two_dimensional_array:q_py_2d_arrays1,LiteralCollection,TupleLiteral
q_py_topic_two_dimensional_array:q_py_2d_arrays1,LiteralCollection,SetLiteral
q_py_topic_two_dimensional_array:q_py_2d_arrays1,LiteralCollection,ListLiteral
q_py_topic_two_dimensional_array:q_py_2d_arrays1,LiteralCollection,DictLiteral
q_py_topic_two_dimensional_array:q_py_2d_arrays1,Error,TypeError
q_py_topic_two_dimensional_array:q_py_2d_arrays1,Error,OSError
q_py_topic_two_dimensional_array:q_py_2d_arrays1,Error,IndexError
q_py_topic_two_dimensional_array:q_py_2d_arrays1,Error,IOError
q_py_topic_two_dimensional_array:q_py_2d_arrays1,Error,FileNotFoundError
q_py_topic_two_dimensional_array:q_py_2d_arrays1,Error,ValueError
q_py_topic_two_dimensional_array:q_py_2d_arrays1,Error,AssertionError
q_py_topic_two_dimensional_array:q_py_2d_arrays1,StringMethod,split()
q_py_topic_two_dimensional_array:q_py_2d_arrays1,StringMethod,lower()
q_py_topic_two_dimensional_array:q_py_2d_arrays1,StringMethod,join()
q_py_topic_two_dimensional_array:q_py_2d_arrays1,StringMethod,format()
q_py_topic_two_dimensional_array:q_py_2d_arrays1,StringMethod,capitalize()
q_py_topic_two_dimensional_array:q_py_2d_arrays1,StringMethod,rstrip()
q_py_topic_two_dimensional_array:q_py_2d_arrays1,StringMethod,replace()
q_py_topic_two_dimensional_array:q_py_2d_arrays1,DictionaryMethod,values()
q_py_topic_two_dimensional_array:q_py_2d_arrays1,DictionaryMethod,keys()
q_py_topic_two_dimensional_array:q_py_2d_arrays1,DictionaryMethod,items()
q_py_topic_two_dimensional_array:q_py_2d_arrays1,DictionaryMethod,get()
q_py_topic_two_dimensional_array:q_py_2d_arrays1,ClassMethod,__init()__
q_py_topic_two_dimensional_array:q_py_2d_arrays1,ListMethod,reverse()
q_py_topic_two_dimensional_array:q_py_2d_arrays1,ListMethod,insert()
q_py_topic_two_dimensional_array:q_py_2d_arrays1,ListMethod,remove()
q_py_topic_two_dimensional_array:q_py_2d_arrays1,ListMethod,append()
q_py_topic_two_dimensional_array:q_py_2d_arrays1,ListMethod,pop()
q_py_topic_two_dimensional_array:q_py_2d_arrays1,FileMethod,readline()
q_py_topic_two_dimensional_array:q_py_2d_arrays1,FileMethod,close()
q_py_topic_two_dimensional_array:q_py_2d_arrays1,FileMethod,read()
q_py_topic_two_dimensional_array:q_py_2d_arrays1,Operator,=
q_py_topic_two_dimensional_array:q_py_2d_arrays1,ComparisonOperator,LessOrEqual
q_py_topic_two_dimensional_array:q_py_2d_arrays1,ComparisonOperator,Less
q_py_topic_two_dimensional_array:q_py_2d_arrays1,ComparisonOperator,Larger
q_py_topic_two_dimensional_array:q_py_2d_arrays1,ComparisonOperator,LargerOrEqual
q_py_topic_two_dimensional_array:q_py_2d_arrays1,ComparisonOperator,==
q_py_topic_two_dimensional_array:q_py_2d_arrays1,ComparisonOperator,NotEqual
q_py_topic_two_dimensional_array:q_py_2d_arrays1,MembershipOperator,in
q_py_topic_two_dimensional_array:q_py_2d_arrays1,LogicalOperator,and
q_py_topic_two_dimensional_array:q_py_2d_arrays1,LogicalOperator,or
q_py_topic_two_dimensional_array:q_py_2d_arrays1,LogicalOperator,not
q_py_topic_two_dimensional_array:q_py_2d_arrays1,ArtithmeticOperator,//
q_py_topic_two_dimensional_array:q_py_2d_arrays1,ArtithmeticOperator,-
q_py_topic_two_dimensional_array:q_py_2d_arrays1,ArtithmeticOperator,+
q_py_topic_two_dimensional_array:q_py_2d_arrays1,ArtithmeticOperator,/
q_py_topic_two_dimensional_array:q_py_2d_arrays1,ArtithmeticOperator,**
q_py_topic_two_dimensional_array:q_py_2d_arrays1,ArtithmeticOperator,Modulus
q_py_topic_two_dimensional_array:q_py_2d_arrays1,ArtithmeticOperator,*
q_py_topic_two_dimensional_array:q_py_2d_arrays1,Statement,ExpressionStatement
q_py_topic_two_dimensional_array:q_py_2d_arrays1,ConditionalStatement,IfElifElseStatement
q_py_topic_two_dimensional_array:q_py_2d_arrays1,ConditionalStatement,IfStatement
q_py_topic_two_dimensional_array:q_py_2d_arrays1,ConditionalStatement,IfElseStatement
q_py_topic_two_dimensional_array:q_py_2d_arrays1,ConditionalStatement,IfElifStatement
q_py_topic_two_dimensional_array:q_py_2d_arrays1,ImportStatement,Import
q_py_topic_two_dimensional_array:q_py_2d_arrays1,ImportStatement,ImportFrom
q_py_topic_two_dimensional_array:q_py_2d_arrays1,JumpStatement,PassStatement
q_py_topic_two_dimensional_array:q_py_2d_arrays1,JumpStatement,BreakStatement
q_py_topic_two_dimensional_array:q_py_2d_arrays1,JumpStatement,ContinueStatement
q_py_topic_two_dimensional_array:q_py_2d_arrays1,JumpStatement,ReturnStatement
q_py_topic_two_dimensional_array:q_py_2d_arrays1,IterationStatement,ForStatement
q_py_topic_two_dimensional_array:q_py_2d_arrays1,IterationStatement,WhileStatement
q_py_topic_two_dimensional_array:q_py_2d_arrays1,ExceptionHandlingStatement,TryStatement
q_py_topic_two_dimensional_array:q_py_2d_arrays1,ExceptionHandlingStatement,RaiseStatement
q_py_topic_two_dimensional_array:q_py_2d_arrays1,ExceptionHandlingStatement,AssertStatement
q_py_topic_two_dimensional_array:q_py_2d_arrays1,AssignmentStatement,SimpleAssignmentStatement
q_py_topic_two_dimensional_array:q_py_2d_arrays1,AssignmentStatement,AugmentedAssignmentStatement
q_py_topic_two_dimensional_array:q_py_2d_arrays1,DefinitionStatement,FunctionDefinition
q_py_topic_two_dimensional_array:q_py_2d_arrays1,DefinitionStatement,ClassDefinition
q_py_topic_two_dimensional_array:q_py_2d_arrays1,BuiltInFunction,dict()
q_py_topic_two_dimensional_array:q_py_2d_arrays1,BuiltInFunction,str()
q_py_topic_two_dimensional_array:q_py_2d_arrays1,BuiltInFunction,next()
q_py_topic_two_dimensional_array:q_py_2d_arrays1,BuiltInFunction,input()
q_py_topic_two_dimensional_array:q_py_2d_arrays1,BuiltInFunction,int()
q_py_topic_two_dimensional_array:q_py_2d_arrays1,BuiltInFunction,max()
q_py_topic_two_dimensional_array:q_py_2d_arrays1,BuiltInFunction,float()
q_py_topic_two_dimensional_array:q_py_2d_arrays1,BuiltInFunction,set()
q_py_topic_two_dimensional_array:q_py_2d_arrays1,BuiltInFunction,open()
q_py_topic_two_dimensional_array:q_py_2d_arrays1,BuiltInFunction,range()
q_py_topic_two_dimensional_array:q_py_2d_arrays1,BuiltInFunction,tuple()
q_py_topic_two_dimensional_array:q_py_2d_arrays1,BuiltInFunction,abs()
q_py_topic_two_dimensional_array:q_py_2d_arrays1,BuiltInFunction,round()
q_py_topic_two_dimensional_array:q_py_2d_arrays1,BuiltInFunction,len()
q_py_topic_two_dimensional_array:q_py_2d_arrays1,BuiltInFunction,min()
q_py_topic_two_dimensional_array:q_py_2d_arrays1,BuiltInFunction,print()
q_py_topic_two_dimensional_array:q_py_2d_arrays1,BuiltInFunction,list()
q_py_topic_two_dimensional_array:q_py_2d_arrays2,SubscriptExpression,IndexingExpression
q_py_topic_two_dimensional_array:q_py_2d_arrays2,SubscriptExpression,SlicingExpression
q_py_topic_two_dimensional_array:q_py_2d_arrays2,Call,FunctionCall
q_py_topic_two_dimensional_array:q_py_2d_arrays2,ArithmeticExpression,BinaryOperation
q_py_topic_two_dimensional_array:q_py_2d_arrays2,ArithmeticExpression,UnaryOperation
q_py_topic_two_dimensional_array:q_py_2d_arrays2,LogicalExpression,ComparisonExpression
q_py_topic_two_dimensional_array:q_py_2d_arrays2,LogicalExpression,BooleanExpression
q_py_topic_two_dimensional_array:q_py_2d_arrays2,Literal,StringLiteral
q_py_topic_two_dimensional_array:q_py_2d_arrays2,Literal,BooleanLiteral
q_py_topic_two_dimensional_array:q_py_2d_arrays2,Literal,NoneLiteral
q_py_topic_two_dimensional_array:q_py_2d_arrays2,NumericLiteral,FloatLiteral
q_py_topic_two_dimensional_array:q_py_2d_arrays2,NumericLiteral,IntegerLiteral
q_py_topic_two_dimensional_array:q_py_2d_arrays2,LiteralCollection,TupleLiteral
q_py_topic_two_dimensional_array:q_py_2d_arrays2,LiteralCollection,SetLiteral
q_py_topic_two_dimensional_array:q_py_2d_arrays2,LiteralCollection,ListLiteral
q_py_topic_two_dimensional_array:q_py_2d_arrays2,LiteralCollection,DictLiteral
q_py_topic_two_dimensional_array:q_py_2d_arrays2,Error,TypeError
q_py_topic_two_dimensional_array:q_py_2d_arrays2,Error,OSError
q_py_topic_two_dimensional_array:q_py_2d_arrays2,Error,IndexError
q_py_topic_two_dimensional_array:q_py_2d_arrays2,Error,IOError
q_py_topic_two_dimensional_array:q_py_2d_arrays2,Error,FileNotFoundError
q_py_topic_two_dimensional_array:q_py_2d_arrays2,Error,ValueError
q_py_topic_two_dimensional_array:q_py_2d_arrays2,Error,AssertionError
q_py_topic_two_dimensional_array:q_py_2d_arrays2,StringMethod,split()
q_py_topic_two_dimensional_array:q_py_2d_arrays2,StringMethod,lower()
q_py_topic_two_dimensional_array:q_py_2d_arrays2,StringMethod,join()
q_py_topic_two_dimensional_array:q_py_2d_arrays2,StringMethod,format()
q_py_topic_two_dimensional_array:q_py_2d_arrays2,StringMethod,capitalize()
q_py_topic_two_dimensional_array:q_py_2d_arrays2,StringMethod,rstrip()
q_py_topic_two_dimensional_array:q_py_2d_arrays2,StringMethod,replace()
q_py_topic_two_dimensional_array:q_py_2d_arrays2,DictionaryMethod,values()
q_py_topic_two_dimensional_array:q_py_2d_arrays2,DictionaryMethod,keys()
q_py_topic_two_dimensional_array:q_py_2d_arrays2,DictionaryMethod,items()
q_py_topic_two_dimensional_array:q_py_2d_arrays2,DictionaryMethod,get()
q_py_topic_two_dimensional_array:q_py_2d_arrays2,ClassMethod,__init()__
q_py_topic_two_dimensional_array:q_py_2d_arrays2,ListMethod,reverse()
q_py_topic_two_dimensional_array:q_py_2d_arrays2,ListMethod,insert()
q_py_topic_two_dimensional_array:q_py_2d_arrays2,ListMethod,remove()
q_py_topic_two_dimensional_array:q_py_2d_arrays2,ListMethod,append()
q_py_topic_two_dimensional_array:q_py_2d_arrays2,ListMethod,pop()
q_py_topic_two_dimensional_array:q_py_2d_arrays2,FileMethod,readline()
q_py_topic_two_dimensional_array:q_py_2d_arrays2,FileMethod,close()
q_py_topic_two_dimensional_array:q_py_2d_arrays2,FileMethod,read()
q_py_topic_two_dimensional_array:q_py_2d_arrays2,Operator,=
q_py_topic_two_dimensional_array:q_py_2d_arrays2,ComparisonOperator,LessOrEqual
q_py_topic_two_dimensional_array:q_py_2d_arrays2,ComparisonOperator,Less
q_py_topic_two_dimensional_array:q_py_2d_arrays2,ComparisonOperator,Larger
q_py_topic_two_dimensional_array:q_py_2d_arrays2,ComparisonOperator,LargerOrEqual
q_py_topic_two_dimensional_array:q_py_2d_arrays2,ComparisonOperator,==
q_py_topic_two_dimensional_array:q_py_2d_arrays2,ComparisonOperator,NotEqual
q_py_topic_two_dimensional_array:q_py_2d_arrays2,MembershipOperator,in
q_py_topic_two_dimensional_array:q_py_2d_arrays2,LogicalOperator,and
q_py_topic_two_dimensional_array:q_py_2d_arrays2,LogicalOperator,or
q_py_topic_two_dimensional_array:q_py_2d_arrays2,LogicalOperator,not
q_py_topic_two_dimensional_array:q_py_2d_arrays2,ArtithmeticOperator,//
q_py_topic_two_dimensional_array:q_py_2d_arrays2,ArtithmeticOperator,-
q_py_topic_two_dimensional_array:q_py_2d_arrays2,ArtithmeticOperator,+
q_py_topic_two_dimensional_array:q_py_2d_arrays2,ArtithmeticOperator,/
q_py_topic_two_dimensional_array:q_py_2d_arrays2,ArtithmeticOperator,**
q_py_topic_two_dimensional_array:q_py_2d_arrays2,ArtithmeticOperator,Modulus
q_py_topic_two_dimensional_array:q_py_2d_arrays2,ArtithmeticOperator,*
q_py_topic_two_dimensional_array:q_py_2d_arrays2,Statement,ExpressionStatement
q_py_topic_two_dimensional_array:q_py_2d_arrays2,ConditionalStatement,IfElifElseStatement
q_py_topic_two_dimensional_array:q_py_2d_arrays2,ConditionalStatement,IfStatement
q_py_topic_two_dimensional_array:q_py_2d_arrays2,ConditionalStatement,IfElseStatement
q_py_topic_two_dimensional_array:q_py_2d_arrays2,ConditionalStatement,IfElifStatement
q_py_topic_two_dimensional_array:q_py_2d_arrays2,ImportStatement,Import
q_py_topic_two_dimensional_array:q_py_2d_arrays2,ImportStatement,ImportFrom
q_py_topic_two_dimensional_array:q_py_2d_arrays2,JumpStatement,PassStatement
q_py_topic_two_dimensional_array:q_py_2d_arrays2,JumpStatement,BreakStatement
q_py_topic_two_dimensional_array:q_py_2d_arrays2,JumpStatement,ContinueStatement
q_py_topic_two_dimensional_array:q_py_2d_arrays2,JumpStatement,ReturnStatement
q_py_topic_two_dimensional_array:q_py_2d_arrays2,IterationStatement,ForStatement
q_py_topic_two_dimensional_array:q_py_2d_arrays2,IterationStatement,WhileStatement
q_py_topic_two_dimensional_array:q_py_2d_arrays2,ExceptionHandlingStatement,TryStatement
q_py_topic_two_dimensional_array:q_py_2d_arrays2,ExceptionHandlingStatement,RaiseStatement
q_py_topic_two_dimensional_array:q_py_2d_arrays2,ExceptionHandlingStatement,AssertStatement
q_py_topic_two_dimensional_array:q_py_2d_arrays2,AssignmentStatement,SimpleAssignmentStatement
q_py_topic_two_dimensional_array:q_py_2d_arrays2,AssignmentStatement,AugmentedAssignmentStatement
q_py_topic_two_dimensional_array:q_py_2d_arrays2,DefinitionStatement,FunctionDefinition
q_py_topic_two_dimensional_array:q_py_2d_arrays2,DefinitionStatement,ClassDefinition
q_py_topic_two_dimensional_array:q_py_2d_arrays2,BuiltInFunction,dict()
q_py_topic_two_dimensional_array:q_py_2d_arrays2,BuiltInFunction,str()
q_py_topic_two_dimensional_array:q_py_2d_arrays2,BuiltInFunction,next()
q_py_topic_two_dimensional_array:q_py_2d_arrays2,BuiltInFunction,input()
q_py_topic_two_dimensional_array:q_py_2d_arrays2,BuiltInFunction,int()
q_py_topic_two_dimensional_array:q_py_2d_arrays2,BuiltInFunction,max()
q_py_topic_two_dimensional_array:q_py_2d_arrays2,BuiltInFunction,float()
q_py_topic_two_dimensional_array:q_py_2d_arrays2,BuiltInFunction,set()
q_py_topic_two_dimensional_array:q_py_2d_arrays2,BuiltInFunction,open()
q_py_topic_two_dimensional_array:q_py_2d_arrays2,BuiltInFunction,range()
q_py_topic_two_dimensional_array:q_py_2d_arrays2,BuiltInFunction,tuple()
q_py_topic_two_dimensional_array:q_py_2d_arrays2,BuiltInFunction,abs()
q_py_topic_two_dimensional_array:q_py_2d_arrays2,BuiltInFunction,round()
q_py_topic_two_dimensional_array:q_py_2d_arrays2,BuiltInFunction,len()
q_py_topic_two_dimensional_array:q_py_2d_arrays2,BuiltInFunction,min()
q_py_topic_two_dimensional_array:q_py_2d_arrays2,BuiltInFunction,print()
q_py_topic_two_dimensional_array:q_py_2d_arrays2,BuiltInFunction,list()
q_py_topic_two_dimensional_array:q_py_2d_arrays3,SubscriptExpression,IndexingExpression
q_py_topic_two_dimensional_array:q_py_2d_arrays3,SubscriptExpression,SlicingExpression
q_py_topic_two_dimensional_array:q_py_2d_arrays3,Call,FunctionCall
q_py_topic_two_dimensional_array:q_py_2d_arrays3,ArithmeticExpression,BinaryOperation
q_py_topic_two_dimensional_array:q_py_2d_arrays3,ArithmeticExpression,UnaryOperation
q_py_topic_two_dimensional_array:q_py_2d_arrays3,LogicalExpression,ComparisonExpression
q_py_topic_two_dimensional_array:q_py_2d_arrays3,LogicalExpression,BooleanExpression
q_py_topic_two_dimensional_array:q_py_2d_arrays3,Literal,StringLiteral
q_py_topic_two_dimensional_array:q_py_2d_arrays3,Literal,BooleanLiteral
q_py_topic_two_dimensional_array:q_py_2d_arrays3,Literal,NoneLiteral
q_py_topic_two_dimensional_array:q_py_2d_arrays3,NumericLiteral,FloatLiteral
q_py_topic_two_dimensional_array:q_py_2d_arrays3,NumericLiteral,IntegerLiteral
q_py_topic_two_dimensional_array:q_py_2d_arrays3,LiteralCollection,TupleLiteral
q_py_topic_two_dimensional_array:q_py_2d_arrays3,LiteralCollection,SetLiteral
q_py_topic_two_dimensional_array:q_py_2d_arrays3,LiteralCollection,ListLiteral
q_py_topic_two_dimensional_array:q_py_2d_arrays3,LiteralCollection,DictLiteral
q_py_topic_two_dimensional_array:q_py_2d_arrays3,Error,TypeError
q_py_topic_two_dimensional_array:q_py_2d_arrays3,Error,OSError
q_py_topic_two_dimensional_array:q_py_2d_arrays3,Error,IndexError
q_py_topic_two_dimensional_array:q_py_2d_arrays3,Error,IOError
q_py_topic_two_dimensional_array:q_py_2d_arrays3,Error,FileNotFoundError
q_py_topic_two_dimensional_array:q_py_2d_arrays3,Error,ValueError
q_py_topic_two_dimensional_array:q_py_2d_arrays3,Error,AssertionError
q_py_topic_two_dimensional_array:q_py_2d_arrays3,StringMethod,split()
q_py_topic_two_dimensional_array:q_py_2d_arrays3,StringMethod,lower()
q_py_topic_two_dimensional_array:q_py_2d_arrays3,StringMethod,join()
q_py_topic_two_dimensional_array:q_py_2d_arrays3,StringMethod,format()
q_py_topic_two_dimensional_array:q_py_2d_arrays3,StringMethod,capitalize()
q_py_topic_two_dimensional_array:q_py_2d_arrays3,StringMethod,rstrip()
q_py_topic_two_dimensional_array:q_py_2d_arrays3,StringMethod,replace()
q_py_topic_two_dimensional_array:q_py_2d_arrays3,DictionaryMethod,values()
q_py_topic_two_dimensional_array:q_py_2d_arrays3,DictionaryMethod,keys()
q_py_topic_two_dimensional_array:q_py_2d_arrays3,DictionaryMethod,items()
q_py_topic_two_dimensional_array:q_py_2d_arrays3,DictionaryMethod,get()
q_py_topic_two_dimensional_array:q_py_2d_arrays3,ClassMethod,__init()__
q_py_topic_two_dimensional_array:q_py_2d_arrays3,ListMethod,reverse()
q_py_topic_two_dimensional_array:q_py_2d_arrays3,ListMethod,insert()
q_py_topic_two_dimensional_array:q_py_2d_arrays3,ListMethod,remove()
q_py_topic_two_dimensional_array:q_py_2d_arrays3,ListMethod,append()
q_py_topic_two_dimensional_array:q_py_2d_arrays3,ListMethod,pop()
q_py_topic_two_dimensional_array:q_py_2d_arrays3,FileMethod,readline()
q_py_topic_two_dimensional_array:q_py_2d_arrays3,FileMethod,close()
q_py_topic_two_dimensional_array:q_py_2d_arrays3,FileMethod,read()
q_py_topic_two_dimensional_array:q_py_2d_arrays3,Operator,=
q_py_topic_two_dimensional_array:q_py_2d_arrays3,ComparisonOperator,LessOrEqual
q_py_topic_two_dimensional_array:q_py_2d_arrays3,ComparisonOperator,Less
q_py_topic_two_dimensional_array:q_py_2d_arrays3,ComparisonOperator,Larger
q_py_topic_two_dimensional_array:q_py_2d_arrays3,ComparisonOperator,LargerOrEqual
q_py_topic_two_dimensional_array:q_py_2d_arrays3,ComparisonOperator,==
q_py_topic_two_dimensional_array:q_py_2d_arrays3,ComparisonOperator,NotEqual
q_py_topic_two_dimensional_array:q_py_2d_arrays3,MembershipOperator,in
q_py_topic_two_dimensional_array:q_py_2d_arrays3,LogicalOperator,and
q_py_topic_two_dimensional_array:q_py_2d_arrays3,LogicalOperator,or
q_py_topic_two_dimensional_array:q_py_2d_arrays3,LogicalOperator,not
q_py_topic_two_dimensional_array:q_py_2d_arrays3,ArtithmeticOperator,//
q_py_topic_two_dimensional_array:q_py_2d_arrays3,ArtithmeticOperator,-
q_py_topic_two_dimensional_array:q_py_2d_arrays3,ArtithmeticOperator,+
q_py_topic_two_dimensional_array:q_py_2d_arrays3,ArtithmeticOperator,/
q_py_topic_two_dimensional_array:q_py_2d_arrays3,ArtithmeticOperator,**
q_py_topic_two_dimensional_array:q_py_2d_arrays3,ArtithmeticOperator,Modulus
q_py_topic_two_dimensional_array:q_py_2d_arrays3,ArtithmeticOperator,*
q_py_topic_two_dimensional_array:q_py_2d_arrays3,Statement,ExpressionStatement
q_py_topic_two_dimensional_array:q_py_2d_arrays3,ConditionalStatement,IfElifElseStatement
q_py_topic_two_dimensional_array:q_py_2d_arrays3,ConditionalStatement,IfStatement
q_py_topic_two_dimensional_array:q_py_2d_arrays3,ConditionalStatement,IfElseStatement
q_py_topic_two_dimensional_array:q_py_2d_arrays3,ConditionalStatement,IfElifStatement
q_py_topic_two_dimensional_array:q_py_2d_arrays3,ImportStatement,Import
q_py_topic_two_dimensional_array:q_py_2d_arrays3,ImportStatement,ImportFrom
q_py_topic_two_dimensional_array:q_py_2d_arrays3,JumpStatement,PassStatement
q_py_topic_two_dimensional_array:q_py_2d_arrays3,JumpStatement,BreakStatement
q_py_topic_two_dimensional_array:q_py_2d_arrays3,JumpStatement,ContinueStatement
q_py_topic_two_dimensional_array:q_py_2d_arrays3,JumpStatement,ReturnStatement
q_py_topic_two_dimensional_array:q_py_2d_arrays3,IterationStatement,ForStatement
q_py_topic_two_dimensional_array:q_py_2d_arrays3,IterationStatement,WhileStatement
q_py_topic_two_dimensional_array:q_py_2d_arrays3,ExceptionHandlingStatement,TryStatement
q_py_topic_two_dimensional_array:q_py_2d_arrays3,ExceptionHandlingStatement,RaiseStatement
q_py_topic_two_dimensional_array:q_py_2d_arrays3,ExceptionHandlingStatement,AssertStatement
q_py_topic_two_dimensional_array:q_py_2d_arrays3,AssignmentStatement,SimpleAssignmentStatement
q_py_topic_two_dimensional_array:q_py_2d_arrays3,AssignmentStatement,AugmentedAssignmentStatement
q_py_topic_two_dimensional_array:q_py_2d_arrays3,DefinitionStatement,FunctionDefinition
q_py_topic_two_dimensional_array:q_py_2d_arrays3,DefinitionStatement,ClassDefinition
q_py_topic_two_dimensional_array:q_py_2d_arrays3,BuiltInFunction,dict()
q_py_topic_two_dimensional_array:q_py_2d_arrays3,BuiltInFunction,str()
q_py_topic_two_dimensional_array:q_py_2d_arrays3,BuiltInFunction,next()
q_py_topic_two_dimensional_array:q_py_2d_arrays3,BuiltInFunction,input()
q_py_topic_two_dimensional_array:q_py_2d_arrays3,BuiltInFunction,int()
q_py_topic_two_dimensional_array:q_py_2d_arrays3,BuiltInFunction,max()
q_py_topic_two_dimensional_array:q_py_2d_arrays3,BuiltInFunction,float()
q_py_topic_two_dimensional_array:q_py_2d_arrays3,BuiltInFunction,set()
q_py_topic_two_dimensional_array:q_py_2d_arrays3,BuiltInFunction,open()
q_py_topic_two_dimensional_array:q_py_2d_arrays3,BuiltInFunction,range()
q_py_topic_two_dimensional_array:q_py_2d_arrays3,BuiltInFunction,tuple()
q_py_topic_two_dimensional_array:q_py_2d_arrays3,BuiltInFunction,abs()
q_py_topic_two_dimensional_array:q_py_2d_arrays3,BuiltInFunction,round()
q_py_topic_two_dimensional_array:q_py_2d_arrays3,BuiltInFunction,len()
q_py_topic_two_dimensional_array:q_py_2d_arrays3,BuiltInFunction,min()
q_py_topic_two_dimensional_array:q_py_2d_arrays3,BuiltInFunction,print()
q_py_topic_two_dimensional_array:q_py_2d_arrays3,BuiltInFunction,list()
q_py_topic_two_dimensional_array:q_py_2d_arrays4,SubscriptExpression,IndexingExpression
q_py_topic_two_dimensional_array:q_py_2d_arrays4,SubscriptExpression,SlicingExpression
q_py_topic_two_dimensional_array:q_py_2d_arrays4,Call,FunctionCall
q_py_topic_two_dimensional_array:q_py_2d_arrays4,ArithmeticExpression,BinaryOperation
q_py_topic_two_dimensional_array:q_py_2d_arrays4,ArithmeticExpression,UnaryOperation
q_py_topic_two_dimensional_array:q_py_2d_arrays4,LogicalExpression,ComparisonExpression
q_py_topic_two_dimensional_array:q_py_2d_arrays4,LogicalExpression,BooleanExpression
q_py_topic_two_dimensional_array:q_py_2d_arrays4,Literal,StringLiteral
q_py_topic_two_dimensional_array:q_py_2d_arrays4,Literal,BooleanLiteral
q_py_topic_two_dimensional_array:q_py_2d_arrays4,Literal,NoneLiteral
q_py_topic_two_dimensional_array:q_py_2d_arrays4,NumericLiteral,FloatLiteral
q_py_topic_two_dimensional_array:q_py_2d_arrays4,NumericLiteral,IntegerLiteral
q_py_topic_two_dimensional_array:q_py_2d_arrays4,LiteralCollection,TupleLiteral
q_py_topic_two_dimensional_array:q_py_2d_arrays4,LiteralCollection,SetLiteral
q_py_topic_two_dimensional_array:q_py_2d_arrays4,LiteralCollection,ListLiteral
q_py_topic_two_dimensional_array:q_py_2d_arrays4,LiteralCollection,DictLiteral
q_py_topic_two_dimensional_array:q_py_2d_arrays4,Error,TypeError
q_py_topic_two_dimensional_array:q_py_2d_arrays4,Error,OSError
q_py_topic_two_dimensional_array:q_py_2d_arrays4,Error,IndexError
q_py_topic_two_dimensional_array:q_py_2d_arrays4,Error,IOError
q_py_topic_two_dimensional_array:q_py_2d_arrays4,Error,FileNotFoundError
q_py_topic_two_dimensional_array:q_py_2d_arrays4,Error,ValueError
q_py_topic_two_dimensional_array:q_py_2d_arrays4,Error,AssertionError
q_py_topic_two_dimensional_array:q_py_2d_arrays4,StringMethod,split()
q_py_topic_two_dimensional_array:q_py_2d_arrays4,StringMethod,lower()
q_py_topic_two_dimensional_array:q_py_2d_arrays4,StringMethod,join()
q_py_topic_two_dimensional_array:q_py_2d_arrays4,StringMethod,format()
q_py_topic_two_dimensional_array:q_py_2d_arrays4,StringMethod,capitalize()
q_py_topic_two_dimensional_array:q_py_2d_arrays4,StringMethod,rstrip()
q_py_topic_two_dimensional_array:q_py_2d_arrays4,StringMethod,replace()
q_py_topic_two_dimensional_array:q_py_2d_arrays4,DictionaryMethod,values()
q_py_topic_two_dimensional_array:q_py_2d_arrays4,DictionaryMethod,keys()
q_py_topic_two_dimensional_array:q_py_2d_arrays4,DictionaryMethod,items()
q_py_topic_two_dimensional_array:q_py_2d_arrays4,DictionaryMethod,get()
q_py_topic_two_dimensional_array:q_py_2d_arrays4,ClassMethod,__init()__
q_py_topic_two_dimensional_array:q_py_2d_arrays4,ListMethod,reverse()
q_py_topic_two_dimensional_array:q_py_2d_arrays4,ListMethod,insert()
q_py_topic_two_dimensional_array:q_py_2d_arrays4,ListMethod,remove()
q_py_topic_two_dimensional_array:q_py_2d_arrays4,ListMethod,append()
q_py_topic_two_dimensional_array:q_py_2d_arrays4,ListMethod,pop()
q_py_topic_two_dimensional_array:q_py_2d_arrays4,FileMethod,readline()
q_py_topic_two_dimensional_array:q_py_2d_arrays4,FileMethod,close()
q_py_topic_two_dimensional_array:q_py_2d_arrays4,FileMethod,read()
q_py_topic_two_dimensional_array:q_py_2d_arrays4,Operator,=
q_py_topic_two_dimensional_array:q_py_2d_arrays4,ComparisonOperator,LessOrEqual
q_py_topic_two_dimensional_array:q_py_2d_arrays4,ComparisonOperator,Less
q_py_topic_two_dimensional_array:q_py_2d_arrays4,ComparisonOperator,Larger
q_py_topic_two_dimensional_array:q_py_2d_arrays4,ComparisonOperator,LargerOrEqual
q_py_topic_two_dimensional_array:q_py_2d_arrays4,ComparisonOperator,==
q_py_topic_two_dimensional_array:q_py_2d_arrays4,ComparisonOperator,NotEqual
q_py_topic_two_dimensional_array:q_py_2d_arrays4,MembershipOperator,in
q_py_topic_two_dimensional_array:q_py_2d_arrays4,LogicalOperator,and
q_py_topic_two_dimensional_array:q_py_2d_arrays4,LogicalOperator,or
q_py_topic_two_dimensional_array:q_py_2d_arrays4,LogicalOperator,not
q_py_topic_two_dimensional_array:q_py_2d_arrays4,ArtithmeticOperator,//
q_py_topic_two_dimensional_array:q_py_2d_arrays4,ArtithmeticOperator,-
q_py_topic_two_dimensional_array:q_py_2d_arrays4,ArtithmeticOperator,+
q_py_topic_two_dimensional_array:q_py_2d_arrays4,ArtithmeticOperator,/
q_py_topic_two_dimensional_array:q_py_2d_arrays4,ArtithmeticOperator,**
q_py_topic_two_dimensional_array:q_py_2d_arrays4,ArtithmeticOperator,Modulus
q_py_topic_two_dimensional_array:q_py_2d_arrays4,ArtithmeticOperator,*
q_py_topic_two_dimensional_array:q_py_2d_arrays4,Statement,ExpressionStatement
q_py_topic_two_dimensional_array:q_py_2d_arrays4,ConditionalStatement,IfElifElseStatement
q_py_topic_two_dimensional_array:q_py_2d_arrays4,ConditionalStatement,IfStatement
q_py_topic_two_dimensional_array:q_py_2d_arrays4,ConditionalStatement,IfElseStatement
q_py_topic_two_dimensional_array:q_py_2d_arrays4,ConditionalStatement,IfElifStatement
q_py_topic_two_dimensional_array:q_py_2d_arrays4,ImportStatement,Import
q_py_topic_two_dimensional_array:q_py_2d_arrays4,ImportStatement,ImportFrom
q_py_topic_two_dimensional_array:q_py_2d_arrays4,JumpStatement,PassStatement
q_py_topic_two_dimensional_array:q_py_2d_arrays4,JumpStatement,BreakStatement
q_py_topic_two_dimensional_array:q_py_2d_arrays4,JumpStatement,ContinueStatement
q_py_topic_two_dimensional_array:q_py_2d_arrays4,JumpStatement,ReturnStatement
q_py_topic_two_dimensional_array:q_py_2d_arrays4,IterationStatement,ForStatement
q_py_topic_two_dimensional_array:q_py_2d_arrays4,IterationStatement,WhileStatement
q_py_topic_two_dimensional_array:q_py_2d_arrays4,ExceptionHandlingStatement,TryStatement
q_py_topic_two_dimensional_array:q_py_2d_arrays4,ExceptionHandlingStatement,RaiseStatement
q_py_topic_two_dimensional_array:q_py_2d_arrays4,ExceptionHandlingStatement,AssertStatement
q_py_topic_two_dimensional_array:q_py_2d_arrays4,AssignmentStatement,SimpleAssignmentStatement
q_py_topic_two_dimensional_array:q_py_2d_arrays4,AssignmentStatement,AugmentedAssignmentStatement
q_py_topic_two_dimensional_array:q_py_2d_arrays4,DefinitionStatement,FunctionDefinition
q_py_topic_two_dimensional_array:q_py_2d_arrays4,DefinitionStatement,ClassDefinition
q_py_topic_two_dimensional_array:q_py_2d_arrays4,BuiltInFunction,dict()
q_py_topic_two_dimensional_array:q_py_2d_arrays4,BuiltInFunction,str()
q_py_topic_two_dimensional_array:q_py_2d_arrays4,BuiltInFunction,next()
q_py_topic_two_dimensional_array:q_py_2d_arrays4,BuiltInFunction,input()
q_py_topic_two_dimensional_array:q_py_2d_arrays4,BuiltInFunction,int()
q_py_topic_two_dimensional_array:q_py_2d_arrays4,BuiltInFunction,max()
q_py_topic_two_dimensional_array:q_py_2d_arrays4,BuiltInFunction,float()
q_py_topic_two_dimensional_array:q_py_2d_arrays4,BuiltInFunction,set()
q_py_topic_two_dimensional_array:q_py_2d_arrays4,BuiltInFunction,open()
q_py_topic_two_dimensional_array:q_py_2d_arrays4,BuiltInFunction,range()
q_py_topic_two_dimensional_array:q_py_2d_arrays4,BuiltInFunction,tuple()
q_py_topic_two_dimensional_array:q_py_2d_arrays4,BuiltInFunction,abs()
q_py_topic_two_dimensional_array:q_py_2d_arrays4,BuiltInFunction,round()
q_py_topic_two_dimensional_array:q_py_2d_arrays4,BuiltInFunction,len()
q_py_topic_two_dimensional_array:q_py_2d_arrays4,BuiltInFunction,min()
q_py_topic_two_dimensional_array:q_py_2d_arrays4,BuiltInFunction,print()
q_py_topic_two_dimensional_array:q_py_2d_arrays4,BuiltInFunction,list()
q_py_topic_variables:q_py_arithmetic1,NumericLiteral,IntegerLiteral
q_py_topic_variables:q_py_arithmetic1,ClassMethod,__init()__
q_py_topic_variables:q_py_arithmetic1,AssignmentStatement,AugmentedAssignmentStatement
q_py_topic_variables:q_py_arithmetic1,BuiltInFunction,list()
q_py_topic_variables:q_py_arithmetic2,ClassMethod,__init()__
q_py_topic_variables:q_py_exchange1,ClassMethod,__init()__
q_py_topic_variables:q_py_exchange2,ClassMethod,__init()__
q_py_topic_variables:q_py_swap1,Call,FunctionCall
q_py_topic_variables:q_py_swap1,ArithmeticExpression,UnaryOperation
q_py_topic_variables:q_py_swap1,NumericLiteral,FloatLiteral
q_py_topic_variables:q_py_swap1,NumericLiteral,IntegerLiteral
q_py_topic_variables:q_py_swap1,ClassMethod,__init()__
q_py_topic_variables:q_py_swap1,ConditionalStatement,IfElifElseStatement
q_py_topic_variables:q_py_swap1,ConditionalStatement,IfElseStatement
q_py_topic_variables:q_py_swap1,ConditionalStatement,IfElifStatement
q_py_topic_variables:q_py_swap1,IterationStatement,WhileStatement
q_py_topic_variables:q_py_swap1,ExceptionHandlingStatement,RaiseStatement
q_py_topic_variables:q_py_swap1,ExceptionHandlingStatement,AssertStatement
q_py_topic_variables:q_py_swap1,AssignmentStatement,AugmentedAssignmentStatement
q_py_topic_variables:q_py_swap1,DefinitionStatement,ClassDefinition
q_py_topic_variables:q_py_swap1,BuiltInFunction,dict()
q_py_topic_variables:q_py_swap1,BuiltInFunction,str()
q_py_topic_variables:q_py_swap1,BuiltInFunction,next()
q_py_topic_variables:q_py_swap1,BuiltInFunction,input()
q_py_topic_variables:q_py_swap1,BuiltInFunction,int()
q_py_topic_variables:q_py_swap1,BuiltInFunction,max()
q_py_topic_variables:q_py_swap1,BuiltInFunction,float()
q_py_topic_variables:q_py_swap1,BuiltInFunction,set()
q_py_topic_variables:q_py_swap1,BuiltInFunction,open()
q_py_topic_variables:q_py_swap1,BuiltInFunction,range()
q_py_topic_variables:q_py_swap1,BuiltInFunction,tuple()
q_py_topic_variables:q_py_swap1,BuiltInFunction,abs()
q_py_topic_variables:q_py_swap1,BuiltInFunction,round()
q_py_topic_variables:q_py_swap1,BuiltInFunction,len()
q_py_topic_variables:q_py_swap1,BuiltInFunction,min()
q_py_topic_variables:q_py_swap1,BuiltInFunction,list()
q_topic_classes_objects:q_py_inheritance_animal1,SubscriptExpression,SlicingExpression
q_topic_classes_objects:q_py_inheritance_animal1,ArithmeticExpression,UnaryOperation
q_topic_classes_objects:q_py_inheritance_animal1,Literal,BooleanLiteral
q_topic_classes_objects:q_py_inheritance_animal1,Literal,NoneLiteral
q_topic_classes_objects:q_py_inheritance_animal1,NumericLiteral,FloatLiteral
q_topic_classes_objects:q_py_inheritance_animal1,NumericLiteral,IntegerLiteral
q_topic_classes_objects:q_py_inheritance_animal1,LiteralCollection,TupleLiteral
q_topic_classes_objects:q_py_inheritance_animal1,LiteralCollection,SetLiteral
q_topic_classes_objects:q_py_inheritance_animal1,LiteralCollection,DictLiteral
q_topic_classes_objects:q_py_inheritance_animal1,ClassMethod,__init()__
q_topic_classes_objects:q_py_inheritance_animal1,ComparisonOperator,LessOrEqual
q_topic_classes_objects:q_py_inheritance_animal1,ComparisonOperator,Less
q_topic_classes_objects:q_py_inheritance_animal1,ComparisonOperator,Larger
q_topic_classes_objects:q_py_inheritance_animal1,ComparisonOperator,LargerOrEqual
q_topic_classes_objects:q_py_inheritance_animal1,ComparisonOperator,==
q_topic_classes_objects:q_py_inheritance_animal1,ComparisonOperator,NotEqual
q_topic_classes_objects:q_py_inheritance_animal1,MembershipOperator,in
q_topic_classes_objects:q_py_inheritance_animal1,LogicalOperator,and
q_topic_classes_objects:q_py_inheritance_animal1,LogicalOperator,or
q_topic_classes_objects:q_py_inheritance_animal1,LogicalOperator,not
q_topic_classes_objects:q_py_inheritance_animal1,Statement,ExpressionStatement
q_topic_classes_objects:q_py_inheritance_animal1,ConditionalStatement,IfElifStatement
q_topic_classes_objects:q_py_inheritance_animal1,ImportStatement,Import
q_topic_classes_objects:q_py_inheritance_animal1,ImportStatement,ImportFrom
q_topic_classes_objects:q_py_inheritance_animal1,AssignmentStatement,AugmentedAssignmentStatement
q_topic_classes_objects:q_py_inheritance_animal1,BuiltInFunction,dict()
q_topic_classes_objects:q_py_inheritance_animal1,BuiltInFunction,str()
q_topic_classes_objects:q_py_inheritance_animal1,BuiltInFunction,next()
q_topic_classes_objects:q_py_inheritance_animal1,BuiltInFunction,input()
q_topic_classes_objects:q_py_inheritance_animal1,BuiltInFunction,max()
q_topic_classes_objects:q_py_inheritance_animal1,BuiltInFunction,float()
q_topic_classes_objects:q_py_inheritance_animal1,BuiltInFunction,set()
q_topic_classes_objects:q_py_inheritance_animal1,BuiltInFunction,open()
q_topic_classes_objects:q_py_inheritance_animal1,BuiltInFunction,range()
q_topic_classes_objects:q_py_inheritance_animal1,BuiltInFunction,tuple()
q_topic_classes_objects:q_py_inheritance_animal1,BuiltInFunction,abs()
q_topic_classes_objects:q_py_inheritance_animal1,BuiltInFunction,round()
q_topic_classes_objects:q_py_inheritance_animal1,BuiltInFunction,len()
q_topic_classes_objects:q_py_inheritance_animal1,BuiltInFunction,min()
q_topic_classes_objects:q_py_inheritance_animal1,BuiltInFunction,list()
q_topic_classes_objects:q_py_obj_account1,SubscriptExpression,IndexingExpression
q_topic_classes_objects:q_py_obj_account1,SubscriptExpression,SlicingExpression
q_topic_classes_objects:q_py_obj_account1,Call,FunctionCall
q_topic_classes_objects:q_py_obj_account1,ArithmeticExpression,BinaryOperation
q_topic_classes_objects:q_py_obj_account1,ArithmeticExpression,UnaryOperation
q_topic_classes_objects:q_py_obj_account1,LogicalExpression,ComparisonExpression
q_topic_classes_objects:q_py_obj_account1,LogicalExpression,BooleanExpression
q_topic_classes_objects:q_py_obj_account1,Literal,StringLiteral
q_topic_classes_objects:q_py_obj_account1,Literal,BooleanLiteral
q_topic_classes_objects:q_py_obj_account1,Literal,NoneLiteral
q_topic_classes_objects:q_py_obj_account1,NumericLiteral,FloatLiteral
q_topic_classes_objects:q_py_obj_account1,NumericLiteral,IntegerLiteral
q_topic_classes_objects:q_py_obj_account1,LiteralCollection,TupleLiteral
q_topic_classes_objects:q_py_obj_account1,LiteralCollection,SetLiteral
q_topic_classes_objects:q_py_obj_account1,LiteralCollection,ListLiteral
q_topic_classes_objects:q_py_obj_account1,LiteralCollection,DictLiteral
q_topic_classes_objects:q_py_obj_account1,Error,TypeError
q_topic_classes_objects:q_py_obj_account1,Error,OSError
q_topic_classes_objects:q_py_obj_account1,Error,IndexError
q_topic_classes_objects:q_py_obj_account1,Error,IOError
q_topic_classes_objects:q_py_obj_account1,Error,FileNotFoundError
q_topic_classes_objects:q_py_obj_account1,Error,ValueError
q_topic_classes_objects:q_py_obj_account1,Error,AssertionError
q_topic_classes_objects:q_py_obj_account1,StringMethod,split()
q_topic_classes_objects:q_py_obj_account1,StringMethod,lower()
q_topic_classes_objects:q_py_obj_account1,StringMethod,join()
q_topic_classes_objects:q_py_obj_account1,StringMethod,format()
q_topic_classes_objects:q_py_obj_account1,StringMethod,capitalize()
q_topic_classes_objects:q_py_obj_account1,StringMethod,rstrip()
q_topic_classes_objects:q_py_obj_account1,StringMethod,replace()
q_topic_classes_objects:q_py_obj_account1,DictionaryMethod,values()
q_topic_classes_objects:q_py_obj_account1,DictionaryMethod,keys()
q_topic_classes_objects:q_py_obj_account1,DictionaryMethod,items()
q_topic_classes_objects:q_py_obj_account1,DictionaryMethod,get()
q_topic_classes_objects:q_py_obj_account1,ClassMethod,__init()__
q_topic_classes_objects:q_py_obj_account1,ListMethod,reverse()
q_topic_classes_objects:q_py_obj_account1,ListMethod,insert()
q_topic_classes_objects:q_py_obj_account1,ListMethod,remove()
q_topic_classes_objects:q_py_obj_account1,ListMethod,append()
q_topic_classes_objects:q_py_obj_account1,ListMethod,pop()
q_topic_classes_objects:q_py_obj_account1,FileMethod,readline()
q_topic_classes_objects:q_py_obj_account1,FileMethod,close()
q_topic_classes_objects:q_py_obj_account1,FileMethod,read()
q_topic_classes_objects:q_py_obj_account1,Operator,=
q_topic_classes_objects:q_py_obj_account1,ComparisonOperator,LessOrEqual
q_topic_classes_objects:q_py_obj_account1,ComparisonOperator,Less
q_topic_classes_objects:q_py_obj_account1,ComparisonOperator,Larger
q_topic_classes_objects:q_py_obj_account1,ComparisonOperator,LargerOrEqual
q_topic_classes_objects:q_py_obj_account1,ComparisonOperator,==
q_topic_classes_objects:q_py_obj_account1,ComparisonOperator,NotEqual
q_topic_classes_objects:q_py_obj_account1,MembershipOperator,in
q_topic_classes_objects:q_py_obj_account1,LogicalOperator,and
q_topic_classes_objects:q_py_obj_account1,LogicalOperator,or
q_topic_classes_objects:q_py_obj_account1,LogicalOperator,not
q_topic_classes_objects:q_py_obj_account1,ArtithmeticOperator,//
q_topic_classes_objects:q_py_obj_account1,ArtithmeticOperator,-
q_topic_classes_objects:q_py_obj_account1,ArtithmeticOperator,+
q_topic_classes_objects:q_py_obj_account1,ArtithmeticOperator,/
q_topic_classes_objects:q_py_obj_account1,ArtithmeticOperator,**
q_topic_classes_objects:q_py_obj_account1,ArtithmeticOperator,Modulus
q_topic_classes_objects:q_py_obj_account1,ArtithmeticOperator,*
q_topic_classes_objects:q_py_obj_account1,Statement,ExpressionStatement
q_topic_classes_objects:q_py_obj_account1,ConditionalStatement,IfElifElseStatement
q_topic_classes_objects:q_py_obj_account1,ConditionalStatement,IfStatement
q_topic_classes_objects:q_py_obj_account1,ConditionalStatement,IfElseStatement
q_topic_classes_objects:q_py_obj_account1,ConditionalStatement,IfElifStatement
q_topic_classes_objects:q_py_obj_account1,ImportStatement,Import
q_topic_classes_objects:q_py_obj_account1,ImportStatement,ImportFrom
q_topic_classes_objects:q_py_obj_account1,JumpStatement,PassStatement
q_topic_classes_objects:q_py_obj_account1,JumpStatement,BreakStatement
q_topic_classes_objects:q_py_obj_account1,JumpStatement,ContinueStatement
q_topic_classes_objects:q_py_obj_account1,JumpStatement,ReturnStatement
q_topic_classes_objects:q_py_obj_account1,IterationStatement,ForStatement
q_topic_classes_objects:q_py_obj_account1,IterationStatement,WhileStatement
q_topic_classes_objects:q_py_obj_account1,ExceptionHandlingStatement,TryStatement
q_topic_classes_objects:q_py_obj_account1,ExceptionHandlingStatement,RaiseStatement
q_topic_classes_objects:q_py_obj_account1,ExceptionHandlingStatement,AssertStatement
q_topic_classes_objects:q_py_obj_account1,AssignmentStatement,SimpleAssignmentStatement
q_topic_classes_objects:q_py_obj_account1,AssignmentStatement,AugmentedAssignmentStatement
q_topic_classes_objects:q_py_obj_account1,DefinitionStatement,FunctionDefinition
q_topic_classes_objects:q_py_obj_account1,DefinitionStatement,ClassDefinition
q_topic_classes_objects:q_py_obj_account1,BuiltInFunction,dict()
q_topic_classes_objects:q_py_obj_account1,BuiltInFunction,str()
q_topic_classes_objects:q_py_obj_account1,BuiltInFunction,next()
q_topic_classes_objects:q_py_obj_account1,BuiltInFunction,input()
q_topic_classes_objects:q_py_obj_account1,BuiltInFunction,int()
q_topic_classes_objects:q_py_obj_account1,BuiltInFunction,max()
q_topic_classes_objects:q_py_obj_account1,BuiltInFunction,float()
q_topic_classes_objects:q_py_obj_account1,BuiltInFunction,set()
q_topic_classes_objects:q_py_obj_account1,BuiltInFunction,open()
q_topic_classes_objects:q_py_obj_account1,BuiltInFunction,range()
q_topic_classes_objects:q_py_obj_account1,BuiltInFunction,tuple()
q_topic_classes_objects:q_py_obj_account1,BuiltInFunction,abs()
q_topic_classes_objects:q_py_obj_account1,BuiltInFunction,round()
q_topic_classes_objects:q_py_obj_account1,BuiltInFunction,len()
q_topic_classes_objects:q_py_obj_account1,BuiltInFunction,min()
q_topic_classes_objects:q_py_obj_account1,BuiltInFunction,print()
q_topic_classes_objects:q_py_obj_account1,BuiltInFunction,list()
q_topic_classes_objects:q_py_obj_bus1,ArithmeticExpression,UnaryOperation
q_topic_classes_objects:q_py_obj_bus1,LogicalExpression,BooleanExpression
q_topic_classes_objects:q_py_obj_bus1,Literal,StringLiteral
q_topic_classes_objects:q_py_obj_bus1,Literal,BooleanLiteral
q_topic_classes_objects:q_py_obj_bus1,Literal,NoneLiteral
q_topic_classes_objects:q_py_obj_bus1,NumericLiteral,FloatLiteral
q_topic_classes_objects:q_py_obj_bus1,NumericLiteral,IntegerLiteral
q_topic_classes_objects:q_py_obj_bus1,LiteralCollection,TupleLiteral
q_topic_classes_objects:q_py_obj_bus1,LiteralCollection,SetLiteral
q_topic_classes_objects:q_py_obj_bus1,LiteralCollection,ListLiteral
q_topic_classes_objects:q_py_obj_bus1,LiteralCollection,DictLiteral
q_topic_classes_objects:q_py_obj_bus1,DictionaryMethod,values()
q_topic_classes_objects:q_py_obj_bus1,DictionaryMethod,keys()
q_topic_classes_objects:q_py_obj_bus1,DictionaryMethod,items()
q_topic_classes_objects:q_py_obj_bus1,DictionaryMethod,get()
q_topic_classes_objects:q_py_obj_bus1,ClassMethod,__init()__
q_topic_classes_objects:q_py_obj_bus1,ListMethod,reverse()
q_topic_classes_objects:q_py_obj_bus1,ListMethod,insert()
q_topic_classes_objects:q_py_obj_bus1,FileMethod,readline()
q_topic_classes_objects:q_py_obj_bus1,FileMethod,close()
q_topic_classes_objects:q_py_obj_bus1,FileMethod,read()
q_topic_classes_objects:q_py_obj_bus1,ComparisonOperator,LessOrEqual
q_topic_classes_objects:q_py_obj_bus1,ComparisonOperator,LargerOrEqual
q_topic_classes_objects:q_py_obj_bus1,ComparisonOperator,==
q_topic_classes_objects:q_py_obj_bus1,ComparisonOperator,NotEqual
q_topic_classes_objects:q_py_obj_bus1,MembershipOperator,in
q_topic_classes_objects:q_py_obj_bus1,LogicalOperator,and
q_topic_classes_objects:q_py_obj_bus1,LogicalOperator,or
q_topic_classes_objects:q_py_obj_bus1,LogicalOperator,not
q_topic_classes_objects:q_py_obj_bus1,ArtithmeticOperator,//
q_topic_classes_objects:q_py_obj_bus1,ArtithmeticOperator,-
q_topic_classes_objects:q_py_obj_bus1,ArtithmeticOperator,+
q_topic_classes_objects:q_py_obj_bus1,ArtithmeticOperator,/
q_topic_classes_objects:q_py_obj_bus1,ArtithmeticOperator,**
q_topic_classes_objects:q_py_obj_bus1,ArtithmeticOperator,Modulus
q_topic_classes_objects:q_py_obj_bus1,ArtithmeticOperator,*
q_topic_classes_objects:q_py_obj_bus1,ConditionalStatement,IfElifElseStatement
q_topic_classes_objects:q_py_obj_bus1,ConditionalStatement,IfElseStatement
q_topic_classes_objects:q_py_obj_bus1,ConditionalStatement,IfElifStatement
q_topic_classes_objects:q_py_obj_bus1,AssignmentStatement,AugmentedAssignmentStatement
q_topic_classes_objects:q_py_obj_bus1,DefinitionStatement,ClassDefinition
q_topic_classes_objects:q_py_obj_bus1,BuiltInFunction,dict()
q_topic_classes_objects:q_py_obj_bus1,BuiltInFunction,str()
q_topic_classes_objects:q_py_obj_bus1,BuiltInFunction,next()
q_topic_classes_objects:q_py_obj_bus1,BuiltInFunction,input()
q_topic_classes_objects:q_py_obj_bus1,BuiltInFunction,int()
q_topic_classes_objects:q_py_obj_bus1,BuiltInFunction,max()
q_topic_classes_objects:q_py_obj_bus1,BuiltInFunction,float()
q_topic_classes_objects:q_py_obj_bus1,BuiltInFunction,set()
q_topic_classes_objects:q_py_obj_bus1,BuiltInFunction,open()
q_topic_classes_objects:q_py_obj_bus1,BuiltInFunction,range()
q_topic_classes_objects:q_py_obj_bus1,BuiltInFunction,tuple()
q_topic_classes_objects:q_py_obj_bus1,BuiltInFunction,abs()
q_topic_classes_objects:q_py_obj_bus1,BuiltInFunction,round()
q_topic_classes_objects:q_py_obj_bus1,BuiltInFunction,len()
q_topic_classes_objects:q_py_obj_bus1,BuiltInFunction,list()
q_topic_classes_objects:q_py_obj_car1,SubscriptExpression,IndexingExpression
q_topic_classes_objects:q_py_obj_car1,SubscriptExpression,SlicingExpression
q_topic_classes_objects:q_py_obj_car1,ArithmeticExpression,UnaryOperation
q_topic_classes_objects:q_py_obj_car1,LogicalExpression,BooleanExpression
q_topic_classes_objects:q_py_obj_car1,Literal,StringLiteral
q_topic_classes_objects:q_py_obj_car1,Literal,BooleanLiteral
q_topic_classes_objects:q_py_obj_car1,Literal,NoneLiteral
q_topic_classes_objects:q_py_obj_car1,NumericLiteral,FloatLiteral
q_topic_classes_objects:q_py_obj_car1,NumericLiteral,IntegerLiteral
q_topic_classes_objects:q_py_obj_car1,LiteralCollection,TupleLiteral
q_topic_classes_objects:q_py_obj_car1,LiteralCollection,SetLiteral
q_topic_classes_objects:q_py_obj_car1,LiteralCollection,ListLiteral
q_topic_classes_objects:q_py_obj_car1,LiteralCollection,DictLiteral
q_topic_classes_objects:q_py_obj_car1,Error,TypeError
q_topic_classes_objects:q_py_obj_car1,Error,OSError
q_topic_classes_objects:q_py_obj_car1,Error,IndexError
q_topic_classes_objects:q_py_obj_car1,Error,IOError
q_topic_classes_objects:q_py_obj_car1,Error,FileNotFoundError
q_topic_classes_objects:q_py_obj_car1,Error,ValueError
q_topic_classes_objects:q_py_obj_car1,Error,AssertionError
q_topic_classes_objects:q_py_obj_car1,StringMethod,split()
q_topic_classes_objects:q_py_obj_car1,StringMethod,lower()
q_topic_classes_objects:q_py_obj_car1,StringMethod,join()
q_topic_classes_objects:q_py_obj_car1,StringMethod,format()
q_topic_classes_objects:q_py_obj_car1,StringMethod,capitalize()
q_topic_classes_objects:q_py_obj_car1,StringMethod,rstrip()
q_topic_classes_objects:q_py_obj_car1,StringMethod,replace()
q_topic_classes_objects:q_py_obj_car1,DictionaryMethod,values()
q_topic_classes_objects:q_py_obj_car1,DictionaryMethod,keys()
q_topic_classes_objects:q_py_obj_car1,DictionaryMethod,items()
q_topic_classes_objects:q_py_obj_car1,DictionaryMethod,get()
q_topic_classes_objects:q_py_obj_car1,ClassMethod,__init()__
q_topic_classes_objects:q_py_obj_car1,ListMethod,reverse()
q_topic_classes_objects:q_py_obj_car1,ListMethod,insert()
q_topic_classes_objects:q_py_obj_car1,ListMethod,remove()
q_topic_classes_objects:q_py_obj_car1,ListMethod,append()
q_topic_classes_objects:q_py_obj_car1,ListMethod,pop()
q_topic_classes_objects:q_py_obj_car1,FileMethod,readline()
q_topic_classes_objects:q_py_obj_car1,FileMethod,close()
q_topic_classes_objects:q_py_obj_car1,FileMethod,read()
q_topic_classes_objects:q_py_obj_car1,Operator,=
q_topic_classes_objects:q_py_obj_car1,ComparisonOperator,LessOrEqual
q_topic_classes_objects:q_py_obj_car1,ComparisonOperator,Less
q_topic_classes_objects:q_py_obj_car1,ComparisonOperator,Larger
q_topic_classes_objects:q_py_obj_car1,ComparisonOperator,LargerOrEqual
q_topic_classes_objects:q_py_obj_car1,ComparisonOperator,==
q_topic_classes_objects:q_py_obj_car1,ComparisonOperator,NotEqual
q_topic_classes_objects:q_py_obj_car1,MembershipOperator,in
q_topic_classes_objects:q_py_obj_car1,LogicalOperator,and
q_topic_classes_objects:q_py_obj_car1,LogicalOperator,or
q_topic_classes_objects:q_py_obj_car1,LogicalOperator,not
q_topic_classes_objects:q_py_obj_car1,ArtithmeticOperator,//
q_topic_classes_objects:q_py_obj_car1,ArtithmeticOperator,-
q_topic_classes_objects:q_py_obj_car1,ArtithmeticOperator,+
q_topic_classes_objects:q_py_obj_car1,ArtithmeticOperator,/
q_topic_classes_objects:q_py_obj_car1,ArtithmeticOperator,**
q_topic_classes_objects:q_py_obj_car1,ArtithmeticOperator,Modulus
q_topic_classes_objects:q_py_obj_car1,ArtithmeticOperator,*
q_topic_classes_objects:q_py_obj_car1,ConditionalStatement,IfElifElseStatement
q_topic_classes_objects:q_py_obj_car1,ConditionalStatement,IfElseStatement
q_topic_classes_objects:q_py_obj_car1,ConditionalStatement,IfElifStatement
q_topic_classes_objects:q_py_obj_car1,ImportStatement,Import
q_topic_classes_objects:q_py_obj_car1,ImportStatement,ImportFrom
q_topic_classes_objects:q_py_obj_car1,JumpStatement,PassStatement
q_topic_classes_objects:q_py_obj_car1,JumpStatement,BreakStatement
q_topic_classes_objects:q_py_obj_car1,JumpStatement,ContinueStatement
q_topic_classes_objects:q_py_obj_car1,IterationStatement,ForStatement
q_topic_classes_objects:q_py_obj_car1,IterationStatement,WhileStatement
q_topic_classes_objects:q_py_obj_car1,ExceptionHandlingStatement,TryStatement
q_topic_classes_objects:q_py_obj_car1,ExceptionHandlingStatement,RaiseStatement
q_topic_classes_objects:q_py_obj_car1,ExceptionHandlingStatement,AssertStatement
q_topic_classes_objects:q_py_obj_car1,DefinitionStatement,FunctionDefinition
q_topic_classes_objects:q_py_obj_car1,BuiltInFunction,dict()
q_topic_classes_objects:q_py_obj_car1,BuiltInFunction,str()
q_topic_classes_objects:q_py_obj_car1,BuiltInFunction,next()
q_topic_classes_objects:q_py_obj_car1,BuiltInFunction,input()
q_topic_classes_objects:q_py_obj_car1,BuiltInFunction,int()
q_topic_classes_objects:q_py_obj_car1,BuiltInFunction,max()
q_topic_classes_objects:q_py_obj_car1,BuiltInFunction,float()
q_topic_classes_objects:q_py_obj_car1,BuiltInFunction,set()
q_topic_classes_objects:q_py_obj_car1,BuiltInFunction,open()
q_topic_classes_objects:q_py_obj_car1,BuiltInFunction,range()
q_topic_classes_objects:q_py_obj_car1,BuiltInFunction,tuple()
q_topic_classes_objects:q_py_obj_car1,BuiltInFunction,abs()
q_topic_classes_objects:q_py_obj_car1,BuiltInFunction,round()
q_topic_classes_objects:q_py_obj_car1,BuiltInFunction,len()
q_topic_classes_objects:q_py_obj_car1,BuiltInFunction,list()
q_topic_classes_objects:q_py_obj_car2,SubscriptExpression,IndexingExpression
q_topic_classes_objects:q_py_obj_car2,SubscriptExpression,SlicingExpression
q_topic_classes_objects:q_py_obj_car2,ArithmeticExpression,UnaryOperation
q_topic_classes_objects:q_py_obj_car2,LogicalExpression,BooleanExpression
q_topic_classes_objects:q_py_obj_car2,Literal,StringLiteral
q_topic_classes_objects:q_py_obj_car2,Literal,BooleanLiteral
q_topic_classes_objects:q_py_obj_car2,Literal,NoneLiteral
q_topic_classes_objects:q_py_obj_car2,NumericLiteral,FloatLiteral
q_topic_classes_objects:q_py_obj_car2,NumericLiteral,IntegerLiteral
q_topic_classes_objects:q_py_obj_car2,LiteralCollection,TupleLiteral
q_topic_classes_objects:q_py_obj_car2,LiteralCollection,SetLiteral
q_topic_classes_objects:q_py_obj_car2,LiteralCollection,ListLiteral
q_topic_classes_objects:q_py_obj_car2,LiteralCollection,DictLiteral
q_topic_classes_objects:q_py_obj_car2,Error,TypeError
q_topic_classes_objects:q_py_obj_car2,Error,OSError
q_topic_classes_objects:q_py_obj_car2,Error,IndexError
q_topic_classes_objects:q_py_obj_car2,Error,IOError
q_topic_classes_objects:q_py_obj_car2,Error,FileNotFoundError
q_topic_classes_objects:q_py_obj_car2,Error,ValueError
q_topic_classes_objects:q_py_obj_car2,Error,AssertionError
q_topic_classes_objects:q_py_obj_car2,StringMethod,split()
q_topic_classes_objects:q_py_obj_car2,StringMethod,lower()
q_topic_classes_objects:q_py_obj_car2,StringMethod,join()
q_topic_classes_objects:q_py_obj_car2,StringMethod,format()
q_topic_classes_objects:q_py_obj_car2,StringMethod,capitalize()
q_topic_classes_objects:q_py_obj_car2,StringMethod,rstrip()
q_topic_classes_objects:q_py_obj_car2,StringMethod,replace()
q_topic_classes_objects:q_py_obj_car2,DictionaryMethod,values()
q_topic_classes_objects:q_py_obj_car2,DictionaryMethod,keys()
q_topic_classes_objects:q_py_obj_car2,DictionaryMethod,items()
q_topic_classes_objects:q_py_obj_car2,DictionaryMethod,get()
q_topic_classes_objects:q_py_obj_car2,ClassMethod,__init()__
q_topic_classes_objects:q_py_obj_car2,ListMethod,reverse()
q_topic_classes_objects:q_py_obj_car2,ListMethod,insert()
q_topic_classes_objects:q_py_obj_car2,ListMethod,remove()
q_topic_classes_objects:q_py_obj_car2,ListMethod,append()
q_topic_classes_objects:q_py_obj_car2,ListMethod,pop()
q_topic_classes_objects:q_py_obj_car2,FileMethod,readline()
q_topic_classes_objects:q_py_obj_car2,FileMethod,close()
q_topic_classes_objects:q_py_obj_car2,FileMethod,read()
q_topic_classes_objects:q_py_obj_car2,ComparisonOperator,LessOrEqual
q_topic_classes_objects:q_py_obj_car2,ComparisonOperator,LargerOrEqual
q_topic_classes_objects:q_py_obj_car2,ComparisonOperator,==
q_topic_classes_objects:q_py_obj_car2,ComparisonOperator,NotEqual
q_topic_classes_objects:q_py_obj_car2,MembershipOperator,in
q_topic_classes_objects:q_py_obj_car2,LogicalOperator,and
q_topic_classes_objects:q_py_obj_car2,LogicalOperator,or
q_topic_classes_objects:q_py_obj_car2,LogicalOperator,not
q_topic_classes_objects:q_py_obj_car2,ArtithmeticOperator,//
q_topic_classes_objects:q_py_obj_car2,ArtithmeticOperator,-
q_topic_classes_objects:q_py_obj_car2,ArtithmeticOperator,+
q_topic_classes_objects:q_py_obj_car2,ArtithmeticOperator,/
q_topic_classes_objects:q_py_obj_car2,ArtithmeticOperator,**
q_topic_classes_objects:q_py_obj_car2,ArtithmeticOperator,Modulus
q_topic_classes_objects:q_py_obj_car2,ArtithmeticOperator,*
q_topic_classes_objects:q_py_obj_car2,ConditionalStatement,IfElifElseStatement
q_topic_classes_objects:q_py_obj_car2,ConditionalStatement,IfStatement
q_topic_classes_objects:q_py_obj_car2,ConditionalStatement,IfElseStatement
q_topic_classes_objects:q_py_obj_car2,ConditionalStatement,IfElifStatement
q_topic_classes_objects:q_py_obj_car2,ImportStatement,Import
q_topic_classes_objects:q_py_obj_car2,ImportStatement,ImportFrom
q_topic_classes_objects:q_py_obj_car2,JumpStatement,PassStatement
q_topic_classes_objects:q_py_obj_car2,JumpStatement,BreakStatement
q_topic_classes_objects:q_py_obj_car2,JumpStatement,ContinueStatement
q_topic_classes_objects:q_py_obj_car2,JumpStatement,ReturnStatement
q_topic_classes_objects:q_py_obj_car2,IterationStatement,ForStatement
q_topic_classes_objects:q_py_obj_car2,IterationStatement,WhileStatement
q_topic_classes_objects:q_py_obj_car2,ExceptionHandlingStatement,TryStatement
q_topic_classes_objects:q_py_obj_car2,ExceptionHandlingStatement,RaiseStatement
q_topic_classes_objects:q_py_obj_car2,ExceptionHandlingStatement,AssertStatement
q_topic_classes_objects:q_py_obj_car2,AssignmentStatement,AugmentedAssignmentStatement
q_topic_classes_objects:q_py_obj_car2,DefinitionStatement,ClassDefinition
q_topic_classes_objects:q_py_obj_car2,BuiltInFunction,dict()
q_topic_classes_objects:q_py_obj_car2,BuiltInFunction,str()
q_topic_classes_objects:q_py_obj_car2,BuiltInFunction,next()
q_topic_classes_objects:q_py_obj_car2,BuiltInFunction,input()
q_topic_classes_objects:q_py_obj_car2,BuiltInFunction,int()
q_topic_classes_objects:q_py_obj_car2,BuiltInFunction,max()
q_topic_classes_objects:q_py_obj_car2,BuiltInFunction,float()
q_topic_classes_objects:q_py_obj_car2,BuiltInFunction,set()
q_topic_classes_objects:q_py_obj_car2,BuiltInFunction,open()
q_topic_classes_objects:q_py_obj_car2,BuiltInFunction,range()
q_topic_classes_objects:q_py_obj_car2,BuiltInFunction,tuple()
q_topic_classes_objects:q_py_obj_car2,BuiltInFunction,abs()
q_topic_classes_objects:q_py_obj_car2,BuiltInFunction,round()
q_topic_classes_objects:q_py_obj_car2,BuiltInFunction,len()
q_topic_classes_objects:q_py_obj_car2,BuiltInFunction,list()
q_topic_classes_objects:q_py_obj_point1,LogicalExpression,BooleanExpression
q_topic_classes_objects:q_py_obj_point1,Literal,BooleanLiteral
q_topic_classes_objects:q_py_obj_point1,Literal,NoneLiteral
q_topic_classes_objects:q_py_obj_point1,NumericLiteral,FloatLiteral
q_topic_classes_objects:q_py_obj_point1,NumericLiteral,IntegerLiteral
q_topic_classes_objects:q_py_obj_point1,ClassMethod,__init()__
q_topic_classes_objects:q_py_obj_point1,ImportStatement,Import
q_topic_classes_objects:q_py_obj_point1,ImportStatement,ImportFrom
q_topic_classes_objects:q_py_obj_point1,AssignmentStatement,AugmentedAssignmentStatement
q_topic_classes_objects:q_py_obj_student1,BuiltInFunction,list()
py_if_else_wage,ClassMethod,__init()__
py_if_else_wage2,BuiltInFunction,list()
py_check_adjacent,ClassMethod,__init()__
py_adjacent_consecutive,BuiltInFunction,list()
py_adjacent_greater,ClassMethod,__init()__
py_win_percentage,ClassMethod,__init()__
py_win_percentage_input,ArithmeticExpression,UnaryOperation
py_win_percentage_input,Literal,BooleanLiteral
py_win_percentage_input,Literal,NoneLiteral
py_win_percentage_input,NumericLiteral,FloatLiteral
py_win_percentage_input,NumericLiteral,IntegerLiteral
py_win_percentage_input,LiteralCollection,TupleLiteral
py_win_percentage_input,LiteralCollection,SetLiteral
py_win_percentage_input,LiteralCollection,ListLiteral
py_win_percentage_input,LiteralCollection,DictLiteral
py_win_percentage_input,Error,TypeError
py_win_percentage_input,Error,OSError
py_win_percentage_input,Error,IndexError
py_win_percentage_input,Error,IOError
py_win_percentage_input,Error,FileNotFoundError
py_win_percentage_input,Error,AssertionError
py_win_percentage_input,ClassMethod,__init()__
py_win_percentage_input,ComparisonOperator,LargerOrEqual
py_win_percentage_input,ComparisonOperator,==
py_win_percentage_input,ComparisonOperator,NotEqual
py_win_percentage_input,MembershipOperator,in
py_win_percentage_input,LogicalOperator,and
py_win_percentage_input,LogicalOperator,not
py_win_percentage_input,ArtithmeticOperator,//
py_win_percentage_input,ArtithmeticOperator,-
py_win_percentage_input,ArtithmeticOperator,+
py_win_percentage_input,ArtithmeticOperator,/
py_win_percentage_input,ArtithmeticOperator,**
py_win_percentage_input,ArtithmeticOperator,Modulus
py_win_percentage_input,ArtithmeticOperator,*
py_win_percentage_input,ConditionalStatement,IfElifElseStatement
py_win_percentage_input,ConditionalStatement,IfStatement
py_win_percentage_input,ConditionalStatement,IfElseStatement
py_win_percentage_input,ConditionalStatement,IfElifStatement
py_win_percentage_input,ImportStatement,Import
py_win_percentage_input,ImportStatement,ImportFrom
py_win_percentage_input,JumpStatement,PassStatement
py_win_percentage_input,JumpStatement,BreakStatement
py_win_percentage_input,JumpStatement,ContinueStatement
py_win_percentage_input,JumpStatement,ReturnStatement
py_win_percentage_input,ExceptionHandlingStatement,AssertStatement
py_win_percentage_input,AssignmentStatement,AugmentedAssignmentStatement
py_win_percentage_input,DefinitionStatement,FunctionDefinition
py_win_percentage_input,DefinitionStatement,ClassDefinition
py_win_percentage_input,BuiltInFunction,list()
py_win_percentage_won_equal,SubscriptExpression,IndexingExpression
py_win_percentage_won_equal,SubscriptExpression,SlicingExpression
py_win_percentage_won_equal,Call,FunctionCall
py_win_percentage_won_equal,ArithmeticExpression,UnaryOperation
py_win_percentage_won_equal,Literal,StringLiteral
py_win_percentage_won_equal,Literal,BooleanLiteral
py_win_percentage_won_equal,Literal,NoneLiteral
py_win_percentage_won_equal,NumericLiteral,FloatLiteral
py_win_percentage_won_equal,NumericLiteral,IntegerLiteral
py_win_percentage_won_equal,LiteralCollection,TupleLiteral
py_win_percentage_won_equal,LiteralCollection,SetLiteral
py_win_percentage_won_equal,LiteralCollection,ListLiteral
py_win_percentage_won_equal,LiteralCollection,DictLiteral
py_win_percentage_won_equal,Error,TypeError
py_win_percentage_won_equal,Error,OSError
py_win_percentage_won_equal,Error,IndexError
py_win_percentage_won_equal,Error,IOError
py_win_percentage_won_equal,Error,FileNotFoundError
py_win_percentage_won_equal,Error,ValueError
py_win_percentage_won_equal,Error,AssertionError
py_win_percentage_won_equal,StringMethod,split()
py_win_percentage_won_equal,StringMethod,lower()
py_win_percentage_won_equal,StringMethod,join()
py_win_percentage_won_equal,StringMethod,format()
py_win_percentage_won_equal,StringMethod,capitalize()
py_win_percentage_won_equal,StringMethod,rstrip()
py_win_percentage_won_equal,StringMethod,replace()
py_win_percentage_won_equal,DictionaryMethod,values()
py_win_percentage_won_equal,DictionaryMethod,keys()
py_win_percentage_won_equal,DictionaryMethod,items()
py_win_percentage_won_equal,DictionaryMethod,get()
py_win_percentage_won_equal,ClassMethod,__init()__
py_win_percentage_won_equal,ListMethod,reverse()
py_win_percentage_won_equal,ListMethod,insert()
py_win_percentage_won_equal,ListMethod,remove()
py_win_percentage_won_equal,ListMethod,append()
py_win_percentage_won_equal,ListMethod,pop()
py_win_percentage_won_equal,FileMethod,readline()
py_win_percentage_won_equal,FileMethod,close()
py_win_percentage_won_equal,FileMethod,read()
py_win_percentage_won_equal,Operator,=
py_win_percentage_won_equal,ComparisonOperator,LessOrEqual
py_win_percentage_won_equal,ComparisonOperator,Less
py_win_percentage_won_equal,ComparisonOperator,Larger
py_win_percentage_won_equal,ComparisonOperator,LargerOrEqual
py_win_percentage_won_equal,ComparisonOperator,==
py_win_percentage_won_equal,ComparisonOperator,NotEqual
py_win_percentage_won_equal,MembershipOperator,in
py_win_percentage_won_equal,LogicalOperator,and
py_win_percentage_won_equal,LogicalOperator,or
py_win_percentage_won_equal,LogicalOperator,not
py_win_percentage_won_equal,ArtithmeticOperator,-
py_win_percentage_won_equal,ArtithmeticOperator,**
py_win_percentage_won_equal,ArtithmeticOperator,Modulus
py_win_percentage_won_equal,ArtithmeticOperator,*
py_win_percentage_won_equal,Statement,ExpressionStatement
py_win_percentage_won_equal,ConditionalStatement,IfElifElseStatement
py_win_percentage_won_equal,ConditionalStatement,IfStatement
py_win_percentage_won_equal,ConditionalStatement,IfElseStatement
py_win_percentage_won_equal,ConditionalStatement,IfElifStatement
py_win_percentage_won_equal,ImportStatement,Import
py_win_percentage_won_equal,ImportStatement,ImportFrom
py_win_percentage_won_equal,JumpStatement,PassStatement
py_win_percentage_won_equal,JumpStatement,BreakStatement
py_win_percentage_won_equal,JumpStatement,ContinueStatement
py_win_percentage_won_equal,JumpStatement,ReturnStatement
py_win_percentage_won_equal,IterationStatement,ForStatement
py_win_percentage_won_equal,ExceptionHandlingStatement,TryStatement
py_win_percentage_won_equal,ExceptionHandlingStatement,RaiseStatement
py_win_percentage_won_equal,ExceptionHandlingStatement,AssertStatement
py_win_percentage_won_equal,AssignmentStatement,AugmentedAssignmentStatement
py_win_percentage_won_equal,DefinitionStatement,FunctionDefinition
py_win_percentage_won_equal,DefinitionStatement,ClassDefinition
py_win_percentage_won_equal,BuiltInFunction,dict()
py_win_percentage_won_equal,BuiltInFunction,str()
py_win_percentage_won_equal,BuiltInFunction,next()
py_win_percentage_won_equal,BuiltInFunction,max()
py_win_percentage_won_equal,BuiltInFunction,float()
py_win_percentage_won_equal,BuiltInFunction,set()
py_win_percentage_won_equal,BuiltInFunction,open()
py_win_percentage_won_equal,BuiltInFunction,range()
py_win_percentage_won_equal,BuiltInFunction,tuple()
py_win_percentage_won_equal,BuiltInFunction,abs()
py_win_percentage_won_equal,BuiltInFunction,round()
py_win_percentage_won_equal,BuiltInFunction,len()
py_win_percentage_won_equal,BuiltInFunction,min()
py_win_percentage_won_equal,BuiltInFunction,list()
py_find_average,ClassMethod,__init()__
py_average_even_nums,SubscriptExpression,IndexingExpression
py_average_even_nums,SubscriptExpression,SlicingExpression
py_average_even_nums,Call,FunctionCall
py_average_even_nums,ArithmeticExpression,UnaryOperation
py_average_even_nums,LogicalExpression,BooleanExpression
py_average_even_nums,Literal,StringLiteral
py_average_even_nums,Literal,BooleanLiteral
py_average_even_nums,Literal,NoneLiteral
py_average_even_nums,NumericLiteral,FloatLiteral
py_average_even_nums,NumericLiteral,IntegerLiteral
py_average_even_nums,LiteralCollection,TupleLiteral
py_average_even_nums,LiteralCollection,SetLiteral
py_average_even_nums,LiteralCollection,ListLiteral
py_average_even_nums,LiteralCollection,DictLiteral
py_average_even_nums,Error,TypeError
py_average_even_nums,Error,OSError
py_average_even_nums,Error,IndexError
py_average_even_nums,Error,IOError
py_average_even_nums,Error,FileNotFoundError
py_average_even_nums,Error,ValueError
py_average_even_nums,Error,AssertionError
py_average_even_nums,StringMethod,split()
py_average_even_nums,StringMethod,lower()
py_average_even_nums,StringMethod,join()
py_average_even_nums,StringMethod,format()
py_average_even_nums,StringMethod,capitalize()
py_average_even_nums,StringMethod,rstrip()
py_average_even_nums,StringMethod,replace()
py_average_even_nums,DictionaryMethod,values()
py_average_even_nums,DictionaryMethod,keys()
py_average_even_nums,DictionaryMethod,items()
py_average_even_nums,DictionaryMethod,get()
py_average_even_nums,ClassMethod,__init()__
py_average_even_nums,ListMethod,reverse()
py_average_even_nums,ListMethod,insert()
py_average_even_nums,ListMethod,remove()
py_average_even_nums,ListMethod,append()
py_average_even_nums,ListMethod,pop()
py_average_even_nums,FileMethod,readline()
py_average_even_nums,FileMethod,close()
py_average_even_nums,FileMethod,read()
py_average_even_nums,ComparisonOperator,LessOrEqual
py_average_even_nums,ComparisonOperator,Less
py_average_even_nums,ComparisonOperator,Larger
py_average_even_nums,ComparisonOperator,LargerOrEqual
py_average_even_nums,ComparisonOperator,==
py_average_even_nums,ComparisonOperator,NotEqual
py_average_even_nums,MembershipOperator,in
py_average_even_nums,LogicalOperator,and
py_average_even_nums,LogicalOperator,or
py_average_even_nums,LogicalOperator,not
py_average_even_nums,ArtithmeticOperator,//
py_average_even_nums,ArtithmeticOperator,-
py_average_even_nums,ArtithmeticOperator,+
py_average_even_nums,ArtithmeticOperator,/
py_average_even_nums,ArtithmeticOperator,**
py_average_even_nums,ArtithmeticOperator,*
py_average_even_nums,ConditionalStatement,IfElifElseStatement
py_average_even_nums,ConditionalStatement,IfElifStatement
py_average_even_nums,ImportStatement,Import
py_average_even_nums,ImportStatement,ImportFrom
py_average_even_nums,JumpStatement,PassStatement
py_average_even_nums,JumpStatement,BreakStatement
py_average_even_nums,JumpStatement,ContinueStatement
py_average_even_nums,JumpStatement,ReturnStatement
py_average_even_nums,IterationStatement,ForStatement
py_average_even_nums,ExceptionHandlingStatement,TryStatement
py_average_even_nums,ExceptionHandlingStatement,RaiseStatement
py_average_even_nums,ExceptionHandlingStatement,AssertStatement
py_average_even_nums,AssignmentStatement,AugmentedAssignmentStatement
py_average_even_nums,DefinitionStatement,FunctionDefinition
py_average_even_nums,DefinitionStatement,ClassDefinition
py_average_even_nums,BuiltInFunction,dict()
py_average_even_nums,BuiltInFunction,str()
py_average_even_nums,BuiltInFunction,next()
py_average_even_nums,BuiltInFunction,max()
py_average_even_nums,BuiltInFunction,float()
py_average_even_nums,BuiltInFunction,set()
py_average_even_nums,BuiltInFunction,open()
py_average_even_nums,BuiltInFunction,range()
py_average_even_nums,BuiltInFunction,tuple()
py_average_even_nums,BuiltInFunction,abs()
py_average_even_nums,BuiltInFunction,round()
py_average_even_nums,BuiltInFunction,len()
py_average_even_nums,BuiltInFunction,min()
py_average_even_nums,BuiltInFunction,list()
py_list2d_basic,SubscriptExpression,SlicingExpression
py_list2d_basic,Call,FunctionCall
py_list2d_basic,ArithmeticExpression,UnaryOperation
py_list2d_basic,LogicalExpression,ComparisonExpression
py_list2d_basic,Literal,StringLiteral
py_list2d_basic,Literal,BooleanLiteral
py_list2d_basic,Literal,NoneLiteral
py_list2d_basic,NumericLiteral,FloatLiteral
py_list2d_basic,NumericLiteral,IntegerLiteral
py_list2d_basic,LiteralCollection,TupleLiteral
py_list2d_basic,LiteralCollection,SetLiteral
py_list2d_basic,LiteralCollection,DictLiteral
py_list2d_basic,Error,OSError
py_list2d_basic,Error,IOError
py_list2d_basic,Error,FileNotFoundError
py_list2d_basic,Error,AssertionError
py_list2d_basic,StringMethod,lower()
py_list2d_basic,StringMethod,join()
py_list2d_basic,StringMethod,format()
py_list2d_basic,StringMethod,capitalize()
py_list2d_basic,StringMethod,rstrip()
py_list2d_basic,StringMethod,replace()
py_list2d_basic,DictionaryMethod,values()
py_list2d_basic,DictionaryMethod,keys()
py_list2d_basic,DictionaryMethod,items()
py_list2d_basic,DictionaryMethod,get()
py_list2d_basic,ClassMethod,__init()__
py_list2d_basic,ListMethod,reverse()
py_list2d_basic,FileMethod,readline()
py_list2d_basic,FileMethod,close()
py_list2d_basic,FileMethod,read()
py_list2d_basic,ComparisonOperator,LessOrEqual
py_list2d_basic,ComparisonOperator,Less
py_list2d_basic,ComparisonOperator,Larger
py_list2d_basic,ComparisonOperator,LargerOrEqual
py_list2d_basic,ComparisonOperator,==
py_list2d_basic,ComparisonOperator,NotEqual
py_list2d_basic,MembershipOperator,in
py_list2d_basic,LogicalOperator,and
py_list2d_basic,LogicalOperator,or
py_list2d_basic,LogicalOperator,not
py_list2d_basic,ArtithmeticOperator,//
py_list2d_basic,ArtithmeticOperator,-
py_list2d_basic,ArtithmeticOperator,+
py_list2d_basic,ArtithmeticOperator,/
py_list2d_basic,ArtithmeticOperator,**
py_list2d_basic,ArtithmeticOperator,Modulus
py_list2d_basic,ArtithmeticOperator,*
py_list2d_basic,ConditionalStatement,IfElifElseStatement
py_list2d_basic,ConditionalStatement,IfElseStatement
py_list2d_basic,ConditionalStatement,IfElifStatement
py_list2d_basic,ImportStatement,ImportFrom
py_list2d_basic,JumpStatement,PassStatement
py_list2d_basic,JumpStatement,BreakStatement
py_list2d_basic,JumpStatement,ContinueStatement
py_list2d_basic,IterationStatement,WhileStatement
py_list2d_basic,ExceptionHandlingStatement,RaiseStatement
py_list2d_basic,ExceptionHandlingStatement,AssertStatement
py_list2d_basic,AssignmentStatement,AugmentedAssignmentStatement
py_list2d_basic,DefinitionStatement,FunctionDefinition
py_list2d_basic,DefinitionStatement,ClassDefinition
py_list2d_basic,BuiltInFunction,dict()
py_list2d_basic,BuiltInFunction,str()
py_list2d_basic,BuiltInFunction,next()
py_list2d_basic,BuiltInFunction,input()
py_list2d_basic,BuiltInFunction,int()
py_list2d_basic,BuiltInFunction,max()
py_list2d_basic,BuiltInFunction,float()
py_list2d_basic,BuiltInFunction,set()
py_list2d_basic,BuiltInFunction,open()
py_list2d_basic,BuiltInFunction,range()
py_list2d_basic,BuiltInFunction,tuple()
py_list2d_basic,BuiltInFunction,abs()
py_list2d_basic,BuiltInFunction,round()
py_list2d_basic,BuiltInFunction,len()
py_list2d_basic,BuiltInFunction,min()
py_list2d_basic,BuiltInFunction,list()
py_list2d_basic2,ClassMethod,__init()__
py_list2d_basic3,ClassMethod,__init()__
py_list_basic,SubscriptExpression,SlicingExpression
py_list_basic,Call,FunctionCall
py_list_basic,ArithmeticExpression,BinaryOperation
py_list_basic,ArithmeticExpression,UnaryOperation
py_list_basic,LogicalExpression,ComparisonExpression
py_list_basic,LogicalExpression,BooleanExpression
py_list_basic,Literal,StringLiteral
py_list_basic,Literal,BooleanLiteral
py_list_basic,Literal,NoneLiteral
py_list_basic,NumericLiteral,FloatLiteral
py_list_basic,LiteralCollection,TupleLiteral
py_list_basic,LiteralCollection,SetLiteral
py_list_basic,LiteralCollection,DictLiteral
py_list_basic,Error,TypeError
py_list_basic,Error,OSError
py_list_basic,Error,IndexError
py_list_basic,Error,IOError
py_list_basic,Error,FileNotFoundError
py_list_basic,Error,ValueError
py_list_basic,Error,AssertionError
py_list_basic,StringMethod,split()
py_list_basic,StringMethod,lower()
py_list_basic,StringMethod,join()
py_list_basic,StringMethod,format()
py_list_basic,StringMethod,capitalize()
py_list_basic,StringMethod,rstrip()
py_list_basic,StringMethod,replace()
py_list_basic,DictionaryMethod,values()
py_list_basic,DictionaryMethod,keys()
py_list_basic,DictionaryMethod,items()
py_list_basic,DictionaryMethod,get()
py_list_basic,ClassMethod,__init()__
py_list_basic,ListMethod,reverse()
py_list_basic,ListMethod,insert()
py_list_basic,ListMethod,remove()
py_list_basic,ListMethod,append()
py_list_basic,ListMethod,pop()
py_list_basic,FileMethod,readline()
py_list_basic,FileMethod,close()
py_list_basic,FileMethod,read()
py_list_basic,Operator,=
py_list_basic,ComparisonOperator,LessOrEqual
py_list_basic,ComparisonOperator,Less
py_list_basic,ComparisonOperator,Larger
py_list_basic,ComparisonOperator,LargerOrEqual
py_list_basic,ComparisonOperator,==
py_list_basic,ComparisonOperator,NotEqual
py_list_basic,MembershipOperator,in
py_list_basic,LogicalOperator,and
py_list_basic,LogicalOperator,or
py_list_basic,LogicalOperator,not
py_list_basic,ArtithmeticOperator,//
py_list_basic,ArtithmeticOperator,-
py_list_basic,ArtithmeticOperator,+
py_list_basic,ArtithmeticOperator,/
py_list_basic,ArtithmeticOperator,**
py_list_basic,ArtithmeticOperator,Modulus
py_list_basic,ArtithmeticOperator,*
py_list_basic,Statement,ExpressionStatement
py_list_basic,ConditionalStatement,IfElifElseStatement
py_list_basic,ConditionalStatement,IfStatement
py_list_basic,ConditionalStatement,IfElseStatement
py_list_basic,ConditionalStatement,IfElifStatement
py_list_basic,ImportStatement,Import
py_list_basic,ImportStatement,ImportFrom
py_list_basic,JumpStatement,PassStatement
py_list_basic,JumpStatement,BreakStatement
py_list_basic,JumpStatement,ContinueStatement
py_list_basic,JumpStatement,ReturnStatement
py_list_basic,IterationStatement,ForStatement
py_list_basic,IterationStatement,WhileStatement
py_list_basic,ExceptionHandlingStatement,TryStatement
py_list_basic,ExceptionHandlingStatement,RaiseStatement
py_list_basic,ExceptionHandlingStatement,AssertStatement
py_list_basic,AssignmentStatement,AugmentedAssignmentStatement
py_list_basic,DefinitionStatement,FunctionDefinition
py_list_basic,DefinitionStatement,ClassDefinition
py_list_basic,BuiltInFunction,dict()
py_list_basic,BuiltInFunction,str()
py_list_basic,BuiltInFunction,next()
py_list_basic,BuiltInFunction,input()
py_list_basic,BuiltInFunction,int()
py_list_basic,BuiltInFunction,max()
py_list_basic,BuiltInFunction,float()
py_list_basic,BuiltInFunction,set()
py_list_basic,BuiltInFunction,open()
py_list_basic,BuiltInFunction,range()
py_list_basic,BuiltInFunction,tuple()
py_list_basic,BuiltInFunction,abs()
py_list_basic,BuiltInFunction,round()
py_list_basic,BuiltInFunction,len()
py_list_basic,BuiltInFunction,min()
py_list_basic,BuiltInFunction,list()
py_list_basic2,Call,FunctionCall
py_list_basic2,NumericLiteral,IntegerLiteral
py_list_basic2,ClassMethod,__init()__
py_list_basic3,ClassMethod,__init()__
py_list_change,Call,FunctionCall
py_list_change,ArithmeticExpression,UnaryOperation
py_list_change,NumericLiteral,FloatLiteral
py_list_change,NumericLiteral,IntegerLiteral
py_list_change,LiteralCollection,TupleLiteral
py_list_change,LiteralCollection,SetLiteral
py_list_change,LiteralCollection,DictLiteral
py_list_change,ClassMethod,__init()__
py_list_change,ArtithmeticOperator,*
py_list_change,IterationStatement,WhileStatement
py_list_change,AssignmentStatement,AugmentedAssignmentStatement
py_list_change,BuiltInFunction,list()
py_list_swap_adjacent_elements,ClassMethod,__init()__
py_list_fill,SubscriptExpression,IndexingExpression
py_list_fill,SubscriptExpression,SlicingExpression
py_list_fill,Call,FunctionCall
py_list_fill,ArithmeticExpression,UnaryOperation
py_list_fill,LogicalExpression,ComparisonExpression
py_list_fill,LogicalExpression,BooleanExpression
py_list_fill,Literal,StringLiteral
py_list_fill,Literal,BooleanLiteral
py_list_fill,Literal,NoneLiteral
py_list_fill,NumericLiteral,FloatLiteral
py_list_fill,LiteralCollection,TupleLiteral
py_list_fill,LiteralCollection,SetLiteral
py_list_fill,LiteralCollection,DictLiteral
py_list_fill,Error,TypeError
py_list_fill,Error,OSError
py_list_fill,Error,IndexError
py_list_fill,Error,IOError
py_list_fill,Error,FileNotFoundError
py_list_fill,Error,ValueError
py_list_fill,Error,AssertionError
py_list_fill,StringMethod,split()
py_list_fill,StringMethod,lower()
py_list_fill,StringMethod,join()
py_list_fill,StringMethod,format()
py_list_fill,StringMethod,capitalize()
py_list_fill,StringMethod,rstrip()
py_list_fill,StringMethod,replace()
py_list_fill,DictionaryMethod,values()
py_list_fill,DictionaryMethod,keys()
py_list_fill,DictionaryMethod,items()
py_list_fill,DictionaryMethod,get()
py_list_fill,ClassMethod,__init()__
py_list_fill,ListMethod,reverse()
py_list_fill,ListMethod,insert()
py_list_fill,ListMethod,remove()
py_list_fill,ListMethod,pop()
py_list_fill,FileMethod,readline()
py_list_fill,FileMethod,close()
py_list_fill,FileMethod,read()
py_list_fill,Operator,=
py_list_fill,ComparisonOperator,LessOrEqual
py_list_fill,ComparisonOperator,Less
py_list_fill,ComparisonOperator,Larger
py_list_fill,ComparisonOperator,LargerOrEqual
py_list_fill,ComparisonOperator,==
py_list_fill,ComparisonOperator,NotEqual
py_list_fill,MembershipOperator,in
py_list_fill,LogicalOperator,and
py_list_fill,LogicalOperator,or
py_list_fill,LogicalOperator,not
py_list_fill,ArtithmeticOperator,//
py_list_fill,ArtithmeticOperator,-
py_list_fill,ArtithmeticOperator,+
py_list_fill,ArtithmeticOperator,/
py_list_fill,ArtithmeticOperator,**
py_list_fill,ArtithmeticOperator,Modulus
py_list_fill,ArtithmeticOperator,*
py_list_fill,Statement,ExpressionStatement
py_list_fill,ConditionalStatement,IfElifElseStatement
py_list_fill,ConditionalStatement,IfStatement
py_list_fill,ConditionalStatement,IfElseStatement
py_list_fill,ConditionalStatement,IfElifStatement
py_list_fill,ImportStatement,Import
py_list_fill,ImportStatement,ImportFrom
py_list_fill,JumpStatement,PassStatement
py_list_fill,JumpStatement,BreakStatement
py_list_fill,JumpStatement,ContinueStatement
py_list_fill,JumpStatement,ReturnStatement
py_list_fill,IterationStatement,WhileStatement
py_list_fill,ExceptionHandlingStatement,TryStatement
py_list_fill,ExceptionHandlingStatement,RaiseStatement
py_list_fill,ExceptionHandlingStatement,AssertStatement
py_list_fill,AssignmentStatement,AugmentedAssignmentStatement
py_list_fill,DefinitionStatement,FunctionDefinition
py_list_fill,DefinitionStatement,ClassDefinition
py_list_fill,BuiltInFunction,dict()
py_list_fill,BuiltInFunction,str()
py_list_fill,BuiltInFunction,next()
py_list_fill,BuiltInFunction,input()
py_list_fill,BuiltInFunction,int()
py_list_fill,BuiltInFunction,max()
py_list_fill,BuiltInFunction,float()
py_list_fill,BuiltInFunction,set()
py_list_fill,BuiltInFunction,open()
py_list_fill,BuiltInFunction,tuple()
py_list_fill,BuiltInFunction,abs()
py_list_fill,BuiltInFunction,round()
py_list_fill,BuiltInFunction,len()
py_list_fill,BuiltInFunction,min()
py_list_fill,BuiltInFunction,list()
py_list_fill_user_input,NumericLiteral,FloatLiteral
py_list_fill_user_input,NumericLiteral,IntegerLiteral
py_list_fill_user_input,ClassMethod,__init()__
py_list_fill_user_input,IterationStatement,WhileStatement
py_list_fill_user_input,BuiltInFunction,tuple()
py_list_fill_user_input,BuiltInFunction,list()
py_list_min_max,ClassMethod,__init()__
py_list_min,ClassMethod,__init()__
py_list_rotate,ClassMethod,__init()__
py_list_rotate_left_twice,ClassMethod,__init()__
py_list_rotate_right,ClassMethod,__init()__
py_list_rotate_right_twice,ClassMethod,__init()__
py_print_medals,ClassMethod,__init()__
py_print_medals_row_column_total,ClassMethod,__init()__
py_list_process_elements,SubscriptExpression,SlicingExpression
py_list_process_elements,Call,FunctionCall
py_list_process_elements,ArithmeticExpression,UnaryOperation
py_list_process_elements,LogicalExpression,ComparisonExpression
py_list_process_elements,LogicalExpression,BooleanExpression
py_list_process_elements,Literal,StringLiteral
py_list_process_elements,Literal,BooleanLiteral
py_list_process_elements,Literal,NoneLiteral
py_list_process_elements,NumericLiteral,FloatLiteral
py_list_process_elements,LiteralCollection,TupleLiteral
py_list_process_elements,LiteralCollection,SetLiteral
py_list_process_elements,LiteralCollection,DictLiteral
py_list_process_elements,Error,TypeError
py_list_process_elements,Error,OSError
py_list_process_elements,Error,IndexError
py_list_process_elements,Error,IOError
py_list_process_elements,Error,FileNotFoundError
py_list_process_elements,Error,ValueError
py_list_process_elements,Error,AssertionError
py_list_process_elements,StringMethod,split()
py_list_process_elements,StringMethod,lower()
py_list_process_elements,StringMethod,join()
py_list_process_elements,StringMethod,format()
py_list_process_elements,StringMethod,capitalize()
py_list_process_elements,StringMethod,rstrip()
py_list_process_elements,StringMethod,replace()
py_list_process_elements,DictionaryMethod,values()
py_list_process_elements,DictionaryMethod,keys()
py_list_process_elements,DictionaryMethod,items()
py_list_process_elements,DictionaryMethod,get()
py_list_process_elements,ClassMethod,__init()__
py_list_process_elements,ListMethod,reverse()
py_list_process_elements,ListMethod,insert()
py_list_process_elements,ListMethod,remove()
py_list_process_elements,ListMethod,append()
py_list_process_elements,ListMethod,pop()
py_list_process_elements,FileMethod,readline()
py_list_process_elements,FileMethod,close()
py_list_process_elements,FileMethod,read()
py_list_process_elements,ComparisonOperator,LessOrEqual
py_list_process_elements,ComparisonOperator,Less
py_list_process_elements,ComparisonOperator,Larger
py_list_process_elements,ComparisonOperator,LargerOrEqual
py_list_process_elements,ComparisonOperator,==
py_list_process_elements,ComparisonOperator,NotEqual
py_list_process_elements,MembershipOperator,in
py_list_process_elements,LogicalOperator,and
py_list_process_elements,LogicalOperator,or
py_list_process_elements,LogicalOperator,not
py_list_process_elements,ArtithmeticOperator,//
py_list_process_elements,ArtithmeticOperator,-
py_list_process_elements,ArtithmeticOperator,+
py_list_process_elements,ArtithmeticOperator,/
py_list_process_elements,ArtithmeticOperator,**
py_list_process_elements,ArtithmeticOperator,Modulus
py_list_process_elements,ArtithmeticOperator,*
py_list_process_elements,ConditionalStatement,IfElifElseStatement
py_list_process_elements,ConditionalStatement,IfStatement
py_list_process_elements,ConditionalStatement,IfElseStatement
py_list_process_elements,ConditionalStatement,IfElifStatement
py_list_process_elements,ImportStatement,Import
py_list_process_elements,ImportStatement,ImportFrom
py_list_process_elements,JumpStatement,PassStatement
py_list_process_elements,JumpStatement,BreakStatement
py_list_process_elements,JumpStatement,ContinueStatement
py_list_process_elements,JumpStatement,ReturnStatement
py_list_process_elements,IterationStatement,WhileStatement
py_list_process_elements,ExceptionHandlingStatement,TryStatement
py_list_process_elements,ExceptionHandlingStatement,RaiseStatement
py_list_process_elements,ExceptionHandlingStatement,AssertStatement
py_list_process_elements,DefinitionStatement,ClassDefinition
py_list_process_elements,BuiltInFunction,dict()
py_list_process_elements,BuiltInFunction,str()
py_list_process_elements,BuiltInFunction,next()
py_list_process_elements,BuiltInFunction,input()
py_list_process_elements,BuiltInFunction,int()
py_list_process_elements,BuiltInFunction,max()
py_list_process_elements,BuiltInFunction,float()
py_list_process_elements,BuiltInFunction,set()
py_list_process_elements,BuiltInFunction,open()
py_list_process_elements,BuiltInFunction,range()
py_list_process_elements,BuiltInFunction,tuple()
py_list_process_elements,BuiltInFunction,abs()
py_list_process_elements,BuiltInFunction,round()
py_list_process_elements,BuiltInFunction,len()
py_list_process_elements,BuiltInFunction,min()
py_average_list_elements,ArtithmeticOperator,/
py_search_list,Call,FunctionCall
py_search_list,Literal,BooleanLiteral
py_search_list,Literal,NoneLiteral
py_search_list,NumericLiteral,FloatLiteral
py_search_list,NumericLiteral,IntegerLiteral
py_search_list,ClassMethod,__init()__
py_search_list,FileMethod,readline()
py_search_list,FileMethod,close()
py_search_list,FileMethod,read()
py_search_list,Operator,=
py_search_list,LogicalOperator,and
py_search_list,LogicalOperator,or
py_search_list,LogicalOperator,not
py_search_list,ArtithmeticOperator,//
py_search_list,ArtithmeticOperator,-
py_search_list,ArtithmeticOperator,+
py_search_list,ArtithmeticOperator,/
py_search_list,ArtithmeticOperator,**
py_search_list,ArtithmeticOperator,Modulus
py_search_list,ArtithmeticOperator,*
py_search_list,ConditionalStatement,IfElifElseStatement
py_search_list,ConditionalStatement,IfStatement
py_search_list,ConditionalStatement,IfElseStatement
py_search_list,ConditionalStatement,IfElifStatement
py_search_list,ImportStatement,ImportFrom
py_search_list,IterationStatement,WhileStatement
py_search_list,AssignmentStatement,AugmentedAssignmentStatement
py_search_list,DefinitionStatement,ClassDefinition
py_search_list,BuiltInFunction,dict()
py_search_list,BuiltInFunction,str()
py_search_list,BuiltInFunction,next()
py_search_list,BuiltInFunction,input()
py_search_list,BuiltInFunction,int()
py_search_list,BuiltInFunction,max()
py_search_list,BuiltInFunction,float()
py_search_list,BuiltInFunction,set()
py_search_list,BuiltInFunction,open()
py_search_list,BuiltInFunction,range()
py_search_list,BuiltInFunction,tuple()
py_search_list,BuiltInFunction,abs()
py_search_list,BuiltInFunction,round()
py_search_list,BuiltInFunction,len()
py_search_list,BuiltInFunction,min()
py_search_list_total_count,SubscriptExpression,IndexingExpression
py_search_list_total_count,SubscriptExpression,SlicingExpression
py_search_list_total_count,Call,FunctionCall
py_search_list_total_count,ArithmeticExpression,BinaryOperation
py_search_list_total_count,ArithmeticExpression,UnaryOperation
py_search_list_total_count,LogicalExpression,BooleanExpression
py_search_list_total_count,Literal,StringLiteral
py_search_list_total_count,Literal,BooleanLiteral
py_search_list_total_count,Literal,NoneLiteral
py_search_list_total_count,LiteralCollection,TupleLiteral
py_search_list_total_count,LiteralCollection,SetLiteral
py_search_list_total_count,LiteralCollection,DictLiteral
py_search_list_total_count,Error,TypeError
py_search_list_total_count,Error,OSError
py_search_list_total_count,Error,IndexError
py_search_list_total_count,Error,IOError
py_search_list_total_count,Error,FileNotFoundError
py_search_list_total_count,Error,ValueError
py_search_list_total_count,Error,AssertionError
py_search_list_total_count,StringMethod,split()
py_search_list_total_count,StringMethod,lower()
py_search_list_total_count,StringMethod,join()
py_search_list_total_count,StringMethod,format()
py_search_list_total_count,StringMethod,capitalize()
py_search_list_total_count,StringMethod,rstrip()
py_search_list_total_count,StringMethod,replace()
py_search_list_total_count,DictionaryMethod,values()
py_search_list_total_count,DictionaryMethod,keys()
py_search_list_total_count,DictionaryMethod,items()
py_search_list_total_count,DictionaryMethod,get()
py_search_list_total_count,ClassMethod,__init()__
py_search_list_total_count,ListMethod,reverse()
py_search_list_total_count,ListMethod,insert()
py_search_list_total_count,ListMethod,remove()
py_search_list_total_count,ListMethod,append()
py_search_list_total_count,ListMethod,pop()
py_search_list_total_count,FileMethod,readline()
py_search_list_total_count,FileMethod,close()
py_search_list_total_count,FileMethod,read()
py_search_list_total_count,Operator,=
py_search_list_total_count,ComparisonOperator,LessOrEqual
py_search_list_total_count,ComparisonOperator,Less
py_search_list_total_count,ComparisonOperator,Larger
py_search_list_total_count,ComparisonOperator,LargerOrEqual
py_search_list_total_count,ComparisonOperator,NotEqual
py_search_list_total_count,MembershipOperator,in
py_search_list_total_count,LogicalOperator,and
py_search_list_total_count,LogicalOperator,or
py_search_list_total_count,LogicalOperator,not
py_search_list_total_count,ArtithmeticOperator,//
py_search_list_total_count,ArtithmeticOperator,-
py_search_list_total_count,ArtithmeticOperator,+
py_search_list_total_count,ArtithmeticOperator,/
py_search_list_total_count,ArtithmeticOperator,**
py_search_list_total_count,ArtithmeticOperator,Modulus
py_search_list_total_count,ArtithmeticOperator,*
py_search_list_total_count,ConditionalStatement,IfElifElseStatement
py_search_list_total_count,ConditionalStatement,IfStatement
py_search_list_total_count,ConditionalStatement,IfElseStatement
py_search_list_total_count,ConditionalStatement,IfElifStatement
py_search_list_total_count,ImportStatement,Import
py_search_list_total_count,ImportStatement,ImportFrom
py_search_list_total_count,JumpStatement,PassStatement
py_search_list_total_count,JumpStatement,BreakStatement
py_search_list_total_count,JumpStatement,ContinueStatement
py_search_list_total_count,JumpStatement,ReturnStatement
py_search_list_total_count,IterationStatement,WhileStatement
py_search_list_total_count,ExceptionHandlingStatement,TryStatement
py_search_list_total_count,ExceptionHandlingStatement,RaiseStatement
py_search_list_total_count,ExceptionHandlingStatement,AssertStatement
py_search_list_total_count,DefinitionStatement,ClassDefinition
py_search_list_total_count,BuiltInFunction,dict()
py_search_list_total_count,BuiltInFunction,str()
py_search_list_total_count,BuiltInFunction,next()
py_search_list_total_count,BuiltInFunction,input()
py_search_list_total_count,BuiltInFunction,int()
py_search_list_total_count,BuiltInFunction,max()
py_search_list_total_count,BuiltInFunction,float()
py_search_list_total_count,BuiltInFunction,set()
py_search_list_total_count,BuiltInFunction,open()
py_search_list_total_count,BuiltInFunction,range()
py_search_list_total_count,BuiltInFunction,tuple()
py_search_list_total_count,BuiltInFunction,abs()
py_search_list_total_count,BuiltInFunction,round()
py_search_list_total_count,BuiltInFunction,len()
py_search_list_total_count,BuiltInFunction,min()
py_search_list_total_count,BuiltInFunction,list()
py_search_list_count_each,SubscriptExpression,SlicingExpression
py_search_list_count_each,Call,FunctionCall
py_search_list_count_each,ArithmeticExpression,UnaryOperation
py_search_list_count_each,LogicalExpression,BooleanExpression
py_search_list_count_each,Literal,StringLiteral
py_search_list_count_each,Literal,BooleanLiteral
py_search_list_count_each,Literal,NoneLiteral
py_search_list_count_each,NumericLiteral,FloatLiteral
py_search_list_count_each,NumericLiteral,IntegerLiteral
py_search_list_count_each,LiteralCollection,TupleLiteral
py_search_list_count_each,LiteralCollection,SetLiteral
py_search_list_count_each,LiteralCollection,DictLiteral
py_search_list_count_each,Error,TypeError
py_search_list_count_each,Error,OSError
py_search_list_count_each,Error,IndexError
py_search_list_count_each,Error,IOError
py_search_list_count_each,Error,FileNotFoundError
py_search_list_count_each,Error,ValueError
py_search_list_count_each,Error,AssertionError
py_search_list_count_each,StringMethod,split()
py_search_list_count_each,StringMethod,lower()
py_search_list_count_each,StringMethod,join()
py_search_list_count_each,StringMethod,format()
py_search_list_count_each,StringMethod,capitalize()
py_search_list_count_each,StringMethod,rstrip()
py_search_list_count_each,StringMethod,replace()
py_search_list_count_each,DictionaryMethod,values()
py_search_list_count_each,DictionaryMethod,keys()
py_search_list_count_each,DictionaryMethod,items()
py_search_list_count_each,DictionaryMethod,get()
py_search_list_count_each,ClassMethod,__init()__
py_search_list_count_each,ListMethod,reverse()
py_search_list_count_each,ListMethod,insert()
py_search_list_count_each,ListMethod,remove()
py_search_list_count_each,ListMethod,append()
py_search_list_count_each,ListMethod,pop()
py_search_list_count_each,FileMethod,readline()
py_search_list_count_each,FileMethod,close()
py_search_list_count_each,FileMethod,read()
py_search_list_count_each,ComparisonOperator,LessOrEqual
py_search_list_count_each,ComparisonOperator,Less
py_search_list_count_each,ComparisonOperator,Larger
py_search_list_count_each,ComparisonOperator,LargerOrEqual
py_search_list_count_each,ComparisonOperator,==
py_search_list_count_each,ComparisonOperator,NotEqual
py_search_list_count_each,MembershipOperator,in
py_search_list_count_each,LogicalOperator,and
py_search_list_count_each,LogicalOperator,or
py_search_list_count_each,LogicalOperator,not
py_search_list_count_each,ArtithmeticOperator,//
py_search_list_count_each,ArtithmeticOperator,-
py_search_list_count_each,ArtithmeticOperator,+
py_search_list_count_each,ArtithmeticOperator,/
py_search_list_count_each,ArtithmeticOperator,**
py_search_list_count_each,ArtithmeticOperator,Modulus
py_search_list_count_each,ArtithmeticOperator,*
py_search_list_count_each,Statement,ExpressionStatement
py_search_list_count_each,ConditionalStatement,IfElifElseStatement
py_search_list_count_each,ConditionalStatement,IfStatement
py_search_list_count_each,ConditionalStatement,IfElseStatement
py_search_list_count_each,ConditionalStatement,IfElifStatement
py_search_list_count_each,ImportStatement,Import
py_search_list_count_each,ImportStatement,ImportFrom
py_search_list_count_each,JumpStatement,PassStatement
py_search_list_count_each,JumpStatement,BreakStatement
py_search_list_count_each,JumpStatement,ContinueStatement
py_search_list_count_each,JumpStatement,ReturnStatement
py_search_list_count_each,IterationStatement,WhileStatement
py_search_list_count_each,ExceptionHandlingStatement,TryStatement
py_search_list_count_each,ExceptionHandlingStatement,RaiseStatement
py_search_list_count_each,ExceptionHandlingStatement,AssertStatement
py_search_list_count_each,AssignmentStatement,AugmentedAssignmentStatement
py_search_list_count_each,DefinitionStatement,ClassDefinition
py_search_list_count_each,BuiltInFunction,dict()
py_search_list_count_each,BuiltInFunction,str()
py_search_list_count_each,BuiltInFunction,next()
py_search_list_count_each,BuiltInFunction,input()
py_search_list_count_each,BuiltInFunction,int()
py_search_list_count_each,BuiltInFunction,max()
py_search_list_count_each,BuiltInFunction,float()
py_search_list_count_each,BuiltInFunction,set()
py_search_list_count_each,BuiltInFunction,open()
py_search_list_count_each,BuiltInFunction,range()
py_search_list_count_each,BuiltInFunction,tuple()
py_search_list_count_each,BuiltInFunction,abs()
py_search_list_count_each,BuiltInFunction,round()
py_search_list_count_each,BuiltInFunction,min()
py_soda_survey,ClassMethod,__init()__
py_soda_survey_soda_avg,SubscriptExpression,SlicingExpression
py_soda_survey_soda_avg,Call,FunctionCall
py_soda_survey_soda_avg,ArithmeticExpression,UnaryOperation
py_soda_survey_soda_avg,LogicalExpression,ComparisonExpression
py_soda_survey_soda_avg,LogicalExpression,BooleanExpression
py_soda_survey_soda_avg,Literal,StringLiteral
py_soda_survey_soda_avg,Literal,BooleanLiteral
py_soda_survey_soda_avg,Literal,NoneLiteral
py_soda_survey_soda_avg,NumericLiteral,FloatLiteral
py_soda_survey_soda_avg,NumericLiteral,IntegerLiteral
py_soda_survey_soda_avg,LiteralCollection,TupleLiteral
py_soda_survey_soda_avg,LiteralCollection,SetLiteral
py_soda_survey_soda_avg,LiteralCollection,DictLiteral
py_soda_survey_soda_avg,Error,TypeError
py_soda_survey_soda_avg,Error,OSError
py_soda_survey_soda_avg,Error,IndexError
py_soda_survey_soda_avg,Error,IOError
py_soda_survey_soda_avg,Error,FileNotFoundError
py_soda_survey_soda_avg,Error,ValueError
py_soda_survey_soda_avg,Error,AssertionError
py_soda_survey_soda_avg,StringMethod,split()
py_soda_survey_soda_avg,StringMethod,lower()
py_soda_survey_soda_avg,StringMethod,join()
py_soda_survey_soda_avg,StringMethod,capitalize()
py_soda_survey_soda_avg,StringMethod,rstrip()
py_soda_survey_soda_avg,StringMethod,replace()
py_soda_survey_soda_avg,DictionaryMethod,values()
py_soda_survey_soda_avg,DictionaryMethod,keys()
py_soda_survey_soda_avg,DictionaryMethod,items()
py_soda_survey_soda_avg,DictionaryMethod,get()
py_soda_survey_soda_avg,ClassMethod,__init()__
py_soda_survey_soda_avg,ListMethod,reverse()
py_soda_survey_soda_avg,ListMethod,insert()
py_soda_survey_soda_avg,ListMethod,remove()
py_soda_survey_soda_avg,ListMethod,append()
py_soda_survey_soda_avg,ListMethod,pop()
py_soda_survey_soda_avg,FileMethod,readline()
py_soda_survey_soda_avg,FileMethod,close()
py_soda_survey_soda_avg,FileMethod,read()
py_soda_survey_soda_avg,ComparisonOperator,LessOrEqual
py_soda_survey_soda_avg,ComparisonOperator,Less
py_soda_survey_soda_avg,ComparisonOperator,Larger
py_soda_survey_soda_avg,ComparisonOperator,LargerOrEqual
py_soda_survey_soda_avg,ComparisonOperator,==
py_soda_survey_soda_avg,ComparisonOperator,NotEqual
py_soda_survey_soda_avg,MembershipOperator,in
py_soda_survey_soda_avg,LogicalOperator,and
py_soda_survey_soda_avg,LogicalOperator,or
py_soda_survey_soda_avg,LogicalOperator,not
py_soda_survey_soda_avg,ArtithmeticOperator,//
py_soda_survey_soda_avg,ArtithmeticOperator,-
py_soda_survey_soda_avg,ArtithmeticOperator,+
py_soda_survey_soda_avg,ArtithmeticOperator,/
py_soda_survey_soda_avg,ArtithmeticOperator,**
py_soda_survey_soda_avg,ArtithmeticOperator,Modulus
py_soda_survey_soda_avg,ArtithmeticOperator,*
py_soda_survey_soda_avg,Statement,ExpressionStatement
py_soda_survey_soda_avg,ConditionalStatement,IfElifElseStatement
py_soda_survey_soda_avg,ConditionalStatement,IfStatement
py_soda_survey_soda_avg,ConditionalStatement,IfElseStatement
py_soda_survey_soda_avg,ConditionalStatement,IfElifStatement
py_soda_survey_soda_avg,ImportStatement,Import
py_soda_survey_soda_avg,ImportStatement,ImportFrom
py_soda_survey_soda_avg,JumpStatement,PassStatement
py_soda_survey_soda_avg,JumpStatement,BreakStatement
py_soda_survey_soda_avg,JumpStatement,ContinueStatement
py_soda_survey_soda_avg,JumpStatement,ReturnStatement
py_soda_survey_soda_avg,IterationStatement,WhileStatement
py_soda_survey_soda_avg,ExceptionHandlingStatement,TryStatement
py_soda_survey_soda_avg,ExceptionHandlingStatement,RaiseStatement
py_soda_survey_soda_avg,ExceptionHandlingStatement,AssertStatement
py_soda_survey_soda_avg,AssignmentStatement,AugmentedAssignmentStatement
py_soda_survey_soda_avg,DefinitionStatement,FunctionDefinition
py_soda_survey_soda_avg,DefinitionStatement,ClassDefinition
py_soda_survey_soda_avg,BuiltInFunction,dict()
py_soda_survey_soda_avg,BuiltInFunction,str()
py_soda_survey_soda_avg,BuiltInFunction,next()
py_soda_survey_soda_avg,BuiltInFunction,input()
py_soda_survey_soda_avg,BuiltInFunction,int()
py_soda_survey_soda_avg,BuiltInFunction,max()
py_soda_survey_soda_avg,BuiltInFunction,float()
py_soda_survey_soda_avg,BuiltInFunction,set()
py_soda_survey_soda_avg,BuiltInFunction,open()
py_soda_survey_soda_avg,BuiltInFunction,range()
py_soda_survey_soda_avg,BuiltInFunction,tuple()
py_soda_survey_soda_avg,BuiltInFunction,abs()
py_soda_survey_soda_avg,BuiltInFunction,round()
py_soda_survey_soda_avg,BuiltInFunction,min()
py_soda_survey_soda_avg,BuiltInFunction,list()
py_soda_survey_soda_respondent_avg,SubscriptExpression,SlicingExpression
py_soda_survey_soda_respondent_avg,Call,FunctionCall
py_soda_survey_soda_respondent_avg,ArithmeticExpression,UnaryOperation
py_soda_survey_soda_respondent_avg,LogicalExpression,ComparisonExpression
py_soda_survey_soda_respondent_avg,LogicalExpression,BooleanExpression
py_soda_survey_soda_respondent_avg,Literal,BooleanLiteral
py_soda_survey_soda_respondent_avg,Literal,NoneLiteral
py_soda_survey_soda_respondent_avg,NumericLiteral,FloatLiteral
py_soda_survey_soda_respondent_avg,NumericLiteral,IntegerLiteral
py_soda_survey_soda_respondent_avg,Error,OSError
py_soda_survey_soda_respondent_avg,Error,IndexError
py_soda_survey_soda_respondent_avg,Error,IOError
py_soda_survey_soda_respondent_avg,Error,FileNotFoundError
py_soda_survey_soda_respondent_avg,Error,AssertionError
py_soda_survey_soda_respondent_avg,StringMethod,split()
py_soda_survey_soda_respondent_avg,StringMethod,lower()
py_soda_survey_soda_respondent_avg,StringMethod,join()
py_soda_survey_soda_respondent_avg,StringMethod,capitalize()
py_soda_survey_soda_respondent_avg,StringMethod,rstrip()
py_soda_survey_soda_respondent_avg,StringMethod,replace()
py_soda_survey_soda_respondent_avg,DictionaryMethod,values()
py_soda_survey_soda_respondent_avg,DictionaryMethod,keys()
py_soda_survey_soda_respondent_avg,DictionaryMethod,items()
py_soda_survey_soda_respondent_avg,DictionaryMethod,get()
py_soda_survey_soda_respondent_avg,ClassMethod,__init()__
py_soda_survey_soda_respondent_avg,FileMethod,readline()
py_soda_survey_soda_respondent_avg,FileMethod,close()
py_soda_survey_soda_respondent_avg,ComparisonOperator,LessOrEqual
py_soda_survey_soda_respondent_avg,ComparisonOperator,Less
py_soda_survey_soda_respondent_avg,ComparisonOperator,Larger
py_soda_survey_soda_respondent_avg,ComparisonOperator,LargerOrEqual
py_soda_survey_soda_respondent_avg,ComparisonOperator,NotEqual
py_soda_survey_soda_respondent_avg,MembershipOperator,in
py_soda_survey_soda_respondent_avg,LogicalOperator,or
py_soda_survey_soda_respondent_avg,LogicalOperator,not
py_soda_survey_soda_respondent_avg,ArtithmeticOperator,//
py_soda_survey_soda_respondent_avg,ArtithmeticOperator,-
py_soda_survey_soda_respondent_avg,ArtithmeticOperator,+
py_soda_survey_soda_respondent_avg,ArtithmeticOperator,/
py_soda_survey_soda_respondent_avg,ArtithmeticOperator,**
py_soda_survey_soda_respondent_avg,ArtithmeticOperator,Modulus
py_soda_survey_soda_respondent_avg,ArtithmeticOperator,*
py_soda_survey_soda_respondent_avg,Statement,ExpressionStatement
py_soda_survey_soda_respondent_avg,ConditionalStatement,IfElifElseStatement
py_soda_survey_soda_respondent_avg,ConditionalStatement,IfElseStatement
py_soda_survey_soda_respondent_avg,ConditionalStatement,IfElifStatement
py_soda_survey_soda_respondent_avg,ImportStatement,Import
py_soda_survey_soda_respondent_avg,ImportStatement,ImportFrom
py_soda_survey_soda_respondent_avg,JumpStatement,PassStatement
py_soda_survey_soda_respondent_avg,JumpStatement,BreakStatement
py_soda_survey_soda_respondent_avg,JumpStatement,ContinueStatement
py_soda_survey_soda_respondent_avg,JumpStatement,ReturnStatement
py_soda_survey_soda_respondent_avg,IterationStatement,WhileStatement
py_soda_survey_soda_respondent_avg,ExceptionHandlingStatement,RaiseStatement
py_soda_survey_soda_respondent_avg,ExceptionHandlingStatement,AssertStatement
py_soda_survey_soda_respondent_avg,BuiltInFunction,dict()
py_soda_survey_soda_respondent_avg,BuiltInFunction,str()
py_soda_survey_soda_respondent_avg,BuiltInFunction,next()
py_soda_survey_soda_respondent_avg,BuiltInFunction,input()
py_soda_survey_soda_respondent_avg,BuiltInFunction,int()
py_soda_survey_soda_respondent_avg,BuiltInFunction,max()
py_soda_survey_soda_respondent_avg,BuiltInFunction,float()
py_soda_survey_soda_respondent_avg,BuiltInFunction,set()
py_soda_survey_soda_respondent_avg,BuiltInFunction,open()
py_soda_survey_soda_respondent_avg,BuiltInFunction,range()
py_soda_survey_soda_respondent_avg,BuiltInFunction,tuple()
py_soda_survey_soda_respondent_avg,BuiltInFunction,abs()
py_soda_survey_soda_respondent_avg,BuiltInFunction,round()
py_soda_survey_soda_respondent_avg,BuiltInFunction,min()
py_soda_survey_soda_respondent_avg,BuiltInFunction,list()
py_temperature_list_days_above_threshold,SubscriptExpression,SlicingExpression
py_temperature_list_days_above_threshold,Call,FunctionCall
py_temperature_list_days_above_threshold,ArithmeticExpression,UnaryOperation
py_temperature_list_days_above_threshold,LogicalExpression,BooleanExpression
py_temperature_list_days_above_threshold,Literal,BooleanLiteral
py_temperature_list_days_above_threshold,Literal,NoneLiteral
py_temperature_list_days_above_threshold,NumericLiteral,FloatLiteral
py_temperature_list_days_above_threshold,NumericLiteral,IntegerLiteral
py_temperature_list_days_above_threshold,LiteralCollection,TupleLiteral
py_temperature_list_days_above_threshold,LiteralCollection,SetLiteral
py_temperature_list_days_above_threshold,LiteralCollection,DictLiteral
py_temperature_list_days_above_threshold,Error,TypeError
py_temperature_list_days_above_threshold,Error,OSError
py_temperature_list_days_above_threshold,Error,IndexError
py_temperature_list_days_above_threshold,Error,IOError
py_temperature_list_days_above_threshold,Error,FileNotFoundError
py_temperature_list_days_above_threshold,Error,ValueError
py_temperature_list_days_above_threshold,Error,AssertionError
py_temperature_list_days_above_threshold,StringMethod,split()
py_temperature_list_days_above_threshold,StringMethod,lower()
py_temperature_list_days_above_threshold,StringMethod,join()
py_temperature_list_days_above_threshold,StringMethod,format()
py_temperature_list_days_above_threshold,StringMethod,capitalize()
py_temperature_list_days_above_threshold,StringMethod,rstrip()
py_temperature_list_days_above_threshold,StringMethod,replace()
py_temperature_list_days_above_threshold,DictionaryMethod,values()
py_temperature_list_days_above_threshold,DictionaryMethod,keys()
py_temperature_list_days_above_threshold,DictionaryMethod,items()
py_temperature_list_days_above_threshold,DictionaryMethod,get()
py_temperature_list_days_above_threshold,ClassMethod,__init()__
py_temperature_list_days_above_threshold,ListMethod,reverse()
py_temperature_list_days_above_threshold,ListMethod,insert()
py_temperature_list_days_above_threshold,ListMethod,remove()
py_temperature_list_days_above_threshold,ListMethod,pop()
py_temperature_list_days_above_threshold,FileMethod,readline()
py_temperature_list_days_above_threshold,FileMethod,close()
py_temperature_list_days_above_threshold,FileMethod,read()
py_temperature_list_days_above_threshold,ComparisonOperator,LessOrEqual
py_temperature_list_days_above_threshold,ComparisonOperator,Less
py_temperature_list_days_above_threshold,ComparisonOperator,LargerOrEqual
py_temperature_list_days_above_threshold,ComparisonOperator,==
py_temperature_list_days_above_threshold,ComparisonOperator,NotEqual
py_temperature_list_days_above_threshold,MembershipOperator,in
py_temperature_list_days_above_threshold,LogicalOperator,and
py_temperature_list_days_above_threshold,LogicalOperator,or
py_temperature_list_days_above_threshold,LogicalOperator,not
py_temperature_list_days_above_threshold,ArtithmeticOperator,//
py_temperature_list_days_above_threshold,ArtithmeticOperator,-
py_temperature_list_days_above_threshold,ArtithmeticOperator,+
py_temperature_list_days_above_threshold,ArtithmeticOperator,/
py_temperature_list_days_above_threshold,ArtithmeticOperator,**
py_temperature_list_days_above_threshold,ArtithmeticOperator,Modulus
py_temperature_list_days_above_threshold,ArtithmeticOperator,*
py_temperature_list_days_above_threshold,ConditionalStatement,IfElifElseStatement
py_temperature_list_days_above_threshold,ConditionalStatement,IfElseStatement
py_temperature_list_days_above_threshold,ConditionalStatement,IfElifStatement
py_temperature_list_days_above_threshold,ImportStatement,Import
py_temperature_list_days_above_threshold,ImportStatement,ImportFrom
py_temperature_list_days_above_threshold,JumpStatement,PassStatement
py_temperature_list_days_above_threshold,JumpStatement,BreakStatement
py_temperature_list_days_above_threshold,JumpStatement,ContinueStatement
py_temperature_list_days_above_threshold,JumpStatement,ReturnStatement
py_temperature_list_days_above_threshold,IterationStatement,WhileStatement
py_temperature_list_days_above_threshold,ExceptionHandlingStatement,TryStatement
py_temperature_list_days_above_threshold,ExceptionHandlingStatement,RaiseStatement
py_temperature_list_days_above_threshold,ExceptionHandlingStatement,AssertStatement
py_temperature_list_days_above_threshold,AssignmentStatement,AugmentedAssignmentStatement
py_temperature_list_days_above_threshold,BuiltInFunction,dict()
py_temperature_list_days_above_threshold,BuiltInFunction,next()
py_temperature_list_days_above_threshold,BuiltInFunction,max()
py_temperature_list_days_above_threshold,BuiltInFunction,set()
py_temperature_list_days_above_threshold,BuiltInFunction,open()
py_temperature_list_days_above_threshold,BuiltInFunction,range()
py_temperature_list_days_above_threshold,BuiltInFunction,tuple()
py_temperature_list_days_above_threshold,BuiltInFunction,abs()
py_temperature_list_days_above_threshold,BuiltInFunction,round()
py_temperature_list_days_above_threshold,BuiltInFunction,min()
py_temperature_list_days_above_threshold,BuiltInFunction,print()
py_temperature_list_days_above_threshold,BuiltInFunction,list()
py_digits,SubscriptExpression,IndexingExpression
py_digits,SubscriptExpression,SlicingExpression
py_digits,Call,FunctionCall
py_digits,ArithmeticExpression,UnaryOperation
py_digits,LogicalExpression,BooleanExpression
py_digits,Literal,StringLiteral
py_digits,Literal,BooleanLiteral
py_digits,Literal,NoneLiteral
py_digits,NumericLiteral,FloatLiteral
py_digits,LiteralCollection,TupleLiteral
py_digits,LiteralCollection,SetLiteral
py_digits,LiteralCollection,ListLiteral
py_digits,LiteralCollection,DictLiteral
py_digits,Error,TypeError
py_digits,Error,OSError
py_digits,Error,IndexError
py_digits,Error,IOError
py_digits,Error,FileNotFoundError
py_digits,Error,ValueError
py_digits,Error,AssertionError
py_digits,StringMethod,split()
py_digits,StringMethod,lower()
py_digits,StringMethod,join()
py_digits,StringMethod,format()
py_digits,StringMethod,capitalize()
py_digits,StringMethod,rstrip()
py_digits,StringMethod,replace()
py_digits,DictionaryMethod,values()
py_digits,DictionaryMethod,keys()
py_digits,DictionaryMethod,items()
py_digits,DictionaryMethod,get()
py_digits,ClassMethod,__init()__
py_digits,ListMethod,reverse()
py_digits,ListMethod,insert()
py_digits,ListMethod,remove()
py_digits,ListMethod,append()
py_digits,ListMethod,pop()
py_digits,FileMethod,readline()
py_digits,FileMethod,close()
py_digits,FileMethod,read()
py_digits,ComparisonOperator,LessOrEqual
py_digits,ComparisonOperator,Less
py_digits,ComparisonOperator,Larger
py_digits,ComparisonOperator,LargerOrEqual
py_digits,ComparisonOperator,==
py_digits,ComparisonOperator,NotEqual
py_digits,MembershipOperator,in
py_digits,LogicalOperator,and
py_digits,LogicalOperator,or
py_digits,LogicalOperator,not
py_digits,ArtithmeticOperator,//
py_digits,ArtithmeticOperator,-
py_digits,ArtithmeticOperator,+
py_digits,ArtithmeticOperator,/
py_digits,ArtithmeticOperator,**
py_digits,ArtithmeticOperator,Modulus
py_digits,ArtithmeticOperator,*
py_digits,Statement,ExpressionStatement
py_digits,ConditionalStatement,IfElifElseStatement
py_digits,ConditionalStatement,IfStatement
py_digits,ConditionalStatement,IfElseStatement
py_digits,ConditionalStatement,IfElifStatement
py_digits,ImportStatement,Import
py_digits,ImportStatement,ImportFrom
py_digits,JumpStatement,PassStatement
py_digits,JumpStatement,BreakStatement
py_digits,JumpStatement,ContinueStatement
py_digits,JumpStatement,ReturnStatement
py_digits,IterationStatement,ForStatement
py_digits,ExceptionHandlingStatement,TryStatement
py_digits,ExceptionHandlingStatement,RaiseStatement
py_digits,ExceptionHandlingStatement,AssertStatement
py_digits,AssignmentStatement,AugmentedAssignmentStatement
py_digits,DefinitionStatement,FunctionDefinition
py_digits,DefinitionStatement,ClassDefinition
py_digits,BuiltInFunction,dict()
py_digits,BuiltInFunction,str()
py_digits,BuiltInFunction,next()
py_digits,BuiltInFunction,input()
py_digits,BuiltInFunction,int()
py_digits,BuiltInFunction,max()
py_digits,BuiltInFunction,float()
py_digits,BuiltInFunction,set()
py_digits,BuiltInFunction,open()
py_digits,BuiltInFunction,range()
py_digits,BuiltInFunction,tuple()
py_digits,BuiltInFunction,abs()
py_digits,BuiltInFunction,round()
py_digits,BuiltInFunction,len()
py_digits,BuiltInFunction,min()
py_digits,BuiltInFunction,list()
py_sum_digits,ArtithmeticOperator,/
py_reverse_number,ArtithmeticOperator,/
py_work_hours,ClassMethod,__init()__
py_work_hours2,ClassMethod,__init()__
py_check_product_code,ClassMethod,__init()__
py_check_product_code2,ClassMethod,__init()__
py_concat_char_two_str,SubscriptExpression,IndexingExpression
py_concat_char_two_str,ArithmeticExpression,UnaryOperation
py_concat_char_two_str,LogicalExpression,BooleanExpression
py_concat_char_two_str,Literal,BooleanLiteral
py_concat_char_two_str,Literal,NoneLiteral
py_concat_char_two_str,NumericLiteral,FloatLiteral
py_concat_char_two_str,NumericLiteral,IntegerLiteral
py_concat_char_two_str,LiteralCollection,TupleLiteral
py_concat_char_two_str,LiteralCollection,SetLiteral
py_concat_char_two_str,LiteralCollection,DictLiteral
py_concat_char_two_str,Error,OSError
py_concat_char_two_str,Error,IndexError
py_concat_char_two_str,Error,IOError
py_concat_char_two_str,Error,FileNotFoundError
py_concat_char_two_str,Error,AssertionError
py_concat_char_two_str,DictionaryMethod,values()
py_concat_char_two_str,DictionaryMethod,keys()
py_concat_char_two_str,DictionaryMethod,items()
py_concat_char_two_str,DictionaryMethod,get()
py_concat_char_two_str,ClassMethod,__init()__
py_concat_char_two_str,ListMethod,reverse()
py_concat_char_two_str,ListMethod,insert()
py_concat_char_two_str,ListMethod,remove()
py_concat_char_two_str,ListMethod,append()
py_concat_char_two_str,ListMethod,pop()
py_concat_char_two_str,FileMethod,readline()
py_concat_char_two_str,FileMethod,close()
py_concat_char_two_str,FileMethod,read()
py_concat_char_two_str,ComparisonOperator,LessOrEqual
py_concat_char_two_str,ComparisonOperator,Less
py_concat_char_two_str,ComparisonOperator,Larger
py_concat_char_two_str,ComparisonOperator,LargerOrEqual
py_concat_char_two_str,ComparisonOperator,NotEqual
py_concat_char_two_str,LogicalOperator,and
py_concat_char_two_str,LogicalOperator,or
py_concat_char_two_str,LogicalOperator,not
py_concat_char_two_str,ArtithmeticOperator,//
py_concat_char_two_str,ArtithmeticOperator,-
py_concat_char_two_str,ArtithmeticOperator,+
py_concat_char_two_str,ArtithmeticOperator,/
py_concat_char_two_str,ArtithmeticOperator,**
py_concat_char_two_str,ArtithmeticOperator,Modulus
py_concat_char_two_str,ArtithmeticOperator,*
py_concat_char_two_str,Statement,ExpressionStatement
py_concat_char_two_str,ConditionalStatement,IfElifElseStatement
py_concat_char_two_str,ConditionalStatement,IfStatement
py_concat_char_two_str,ConditionalStatement,IfElseStatement
py_concat_char_two_str,ConditionalStatement,IfElifStatement
py_concat_char_two_str,ImportStatement,ImportFrom
py_concat_char_two_str,JumpStatement,PassStatement
py_concat_char_two_str,JumpStatement,BreakStatement
py_concat_char_two_str,JumpStatement,ContinueStatement
py_concat_char_two_str,IterationStatement,ForStatement
py_concat_char_two_str,IterationStatement,WhileStatement
py_concat_char_two_str,ExceptionHandlingStatement,RaiseStatement
py_concat_char_two_str,ExceptionHandlingStatement,AssertStatement
py_concat_char_two_str,AssignmentStatement,AugmentedAssignmentStatement
py_concat_char_two_str,DefinitionStatement,ClassDefinition
py_concat_char_two_str,BuiltInFunction,next()
py_concat_char_two_str,BuiltInFunction,max()
py_concat_char_two_str,BuiltInFunction,abs()
py_concat_char_two_str,BuiltInFunction,round()
py_concat_char_two_str,BuiltInFunction,min()
py_concat_char_two_str2,SubscriptExpression,IndexingExpression
py_concat_char_two_str2,ArithmeticExpression,UnaryOperation
py_concat_char_two_str2,LogicalExpression,ComparisonExpression
py_concat_char_two_str2,LogicalExpression,BooleanExpression
py_concat_char_two_str2,Literal,BooleanLiteral
py_concat_char_two_str2,Literal,NoneLiteral
py_concat_char_two_str2,NumericLiteral,FloatLiteral
py_concat_char_two_str2,NumericLiteral,IntegerLiteral
py_concat_char_two_str2,LiteralCollection,TupleLiteral
py_concat_char_two_str2,LiteralCollection,SetLiteral
py_concat_char_two_str2,LiteralCollection,ListLiteral
py_concat_char_two_str2,LiteralCollection,DictLiteral
py_concat_char_two_str2,Error,TypeError
py_concat_char_two_str2,Error,OSError
py_concat_char_two_str2,Error,IndexError
py_concat_char_two_str2,Error,IOError
py_concat_char_two_str2,Error,FileNotFoundError
py_concat_char_two_str2,Error,ValueError
py_concat_char_two_str2,Error,AssertionError
py_concat_char_two_str2,StringMethod,split()
py_concat_char_two_str2,StringMethod,lower()
py_concat_char_two_str2,StringMethod,join()
py_concat_char_two_str2,StringMethod,format()
py_concat_char_two_str2,StringMethod,capitalize()
py_concat_char_two_str2,StringMethod,rstrip()
py_concat_char_two_str2,StringMethod,replace()
py_concat_char_two_str2,DictionaryMethod,values()
py_concat_char_two_str2,DictionaryMethod,keys()
py_concat_char_two_str2,DictionaryMethod,items()
py_concat_char_two_str2,DictionaryMethod,get()
py_concat_char_two_str2,ClassMethod,__init()__
py_concat_char_two_str2,ListMethod,reverse()
py_concat_char_two_str2,ListMethod,insert()
py_concat_char_two_str2,ListMethod,remove()
py_concat_char_two_str2,ListMethod,append()
py_concat_char_two_str2,ListMethod,pop()
py_concat_char_two_str2,FileMethod,readline()
py_concat_char_two_str2,FileMethod,close()
py_concat_char_two_str2,FileMethod,read()
py_concat_char_two_str2,Operator,=
py_concat_char_two_str2,ComparisonOperator,LessOrEqual
py_concat_char_two_str2,ComparisonOperator,Less
py_concat_char_two_str2,ComparisonOperator,Larger
py_concat_char_two_str2,ComparisonOperator,LargerOrEqual
py_concat_char_two_str2,ComparisonOperator,==
py_concat_char_two_str2,ComparisonOperator,NotEqual
py_concat_char_two_str2,MembershipOperator,in
py_concat_char_two_str2,LogicalOperator,and
py_concat_char_two_str2,LogicalOperator,or
py_concat_char_two_str2,LogicalOperator,not
py_concat_char_two_str2,ArtithmeticOperator,//
py_concat_char_two_str2,ArtithmeticOperator,-
py_concat_char_two_str2,ArtithmeticOperator,+
py_concat_char_two_str2,ArtithmeticOperator,/
py_concat_char_two_str2,ArtithmeticOperator,**
py_concat_char_two_str2,ArtithmeticOperator,Modulus
py_concat_char_two_str2,ArtithmeticOperator,*
py_concat_char_two_str2,Statement,ExpressionStatement
py_concat_char_two_str2,ConditionalStatement,IfElifElseStatement
py_concat_char_two_str2,ConditionalStatement,IfStatement
py_concat_char_two_str2,ConditionalStatement,IfElseStatement
py_concat_char_two_str2,ConditionalStatement,IfElifStatement
py_concat_char_two_str2,ImportStatement,Import
py_concat_char_two_str2,ImportStatement,ImportFrom
py_concat_char_two_str2,JumpStatement,PassStatement
py_concat_char_two_str2,JumpStatement,BreakStatement
py_concat_char_two_str2,JumpStatement,ContinueStatement
py_concat_char_two_str2,JumpStatement,ReturnStatement
py_concat_char_two_str2,IterationStatement,ForStatement
py_concat_char_two_str2,IterationStatement,WhileStatement
py_concat_char_two_str2,ExceptionHandlingStatement,TryStatement
py_concat_char_two_str2,ExceptionHandlingStatement,RaiseStatement
py_concat_char_two_str2,ExceptionHandlingStatement,AssertStatement
py_concat_char_two_str2,AssignmentStatement,AugmentedAssignmentStatement
py_concat_char_two_str2,DefinitionStatement,ClassDefinition
py_concat_char_two_str2,BuiltInFunction,dict()
py_concat_char_two_str2,BuiltInFunction,next()
py_concat_char_two_str2,BuiltInFunction,input()
py_concat_char_two_str2,BuiltInFunction,int()
py_concat_char_two_str2,BuiltInFunction,max()
py_concat_char_two_str2,BuiltInFunction,float()
py_concat_char_two_str2,BuiltInFunction,set()
py_concat_char_two_str2,BuiltInFunction,open()
py_concat_char_two_str2,BuiltInFunction,range()
py_concat_char_two_str2,BuiltInFunction,tuple()
py_concat_char_two_str2,BuiltInFunction,abs()
py_concat_char_two_str2,BuiltInFunction,round()
py_concat_char_two_str2,BuiltInFunction,len()
py_concat_char_two_str2,BuiltInFunction,min()
py_concat_char_two_str2,BuiltInFunction,list()
py_str_repeat,SubscriptExpression,SlicingExpression
py_str_repeat,Call,FunctionCall
py_str_repeat,ArithmeticExpression,UnaryOperation
py_str_repeat,LogicalExpression,ComparisonExpression
py_str_repeat,LogicalExpression,BooleanExpression
py_str_repeat,Literal,StringLiteral
py_str_repeat,Literal,BooleanLiteral
py_str_repeat,Literal,NoneLiteral
py_str_repeat,NumericLiteral,FloatLiteral
py_str_repeat,NumericLiteral,IntegerLiteral
py_str_repeat,LiteralCollection,TupleLiteral
py_str_repeat,LiteralCollection,SetLiteral
py_str_repeat,LiteralCollection,ListLiteral
py_str_repeat,LiteralCollection,DictLiteral
py_str_repeat,Error,TypeError
py_str_repeat,Error,OSError
py_str_repeat,Error,IndexError
py_str_repeat,Error,IOError
py_str_repeat,Error,FileNotFoundError
py_str_repeat,Error,ValueError
py_str_repeat,Error,AssertionError
py_str_repeat,StringMethod,split()
py_str_repeat,StringMethod,lower()
py_str_repeat,StringMethod,join()
py_str_repeat,StringMethod,format()
py_str_repeat,StringMethod,capitalize()
py_str_repeat,StringMethod,rstrip()
py_str_repeat,StringMethod,replace()
py_str_repeat,DictionaryMethod,values()
py_str_repeat,DictionaryMethod,keys()
py_str_repeat,DictionaryMethod,items()
py_str_repeat,DictionaryMethod,get()
py_str_repeat,ClassMethod,__init()__
py_str_repeat,ListMethod,reverse()
py_str_repeat,ListMethod,insert()
py_str_repeat,ListMethod,remove()
py_str_repeat,ListMethod,append()
py_str_repeat,ListMethod,pop()
py_str_repeat,FileMethod,readline()
py_str_repeat,FileMethod,close()
py_str_repeat,FileMethod,read()
py_str_repeat,Operator,=
py_str_repeat,ComparisonOperator,LessOrEqual
py_str_repeat,ComparisonOperator,Less
py_str_repeat,ComparisonOperator,Larger
py_str_repeat,ComparisonOperator,LargerOrEqual
py_str_repeat,ComparisonOperator,==
py_str_repeat,ComparisonOperator,NotEqual
py_str_repeat,MembershipOperator,in
py_str_repeat,LogicalOperator,and
py_str_repeat,LogicalOperator,or
py_str_repeat,LogicalOperator,not
py_str_repeat,ArtithmeticOperator,//
py_str_repeat,ArtithmeticOperator,-
py_str_repeat,ArtithmeticOperator,+
py_str_repeat,ArtithmeticOperator,/
py_str_repeat,ArtithmeticOperator,**
py_str_repeat,ArtithmeticOperator,Modulus
py_str_repeat,ArtithmeticOperator,*
py_str_repeat,Statement,ExpressionStatement
py_str_repeat,ConditionalStatement,IfElifElseStatement
py_str_repeat,ConditionalStatement,IfStatement
py_str_repeat,ConditionalStatement,IfElseStatement
py_str_repeat,ConditionalStatement,IfElifStatement
py_str_repeat,ImportStatement,Import
py_str_repeat,ImportStatement,ImportFrom
py_str_repeat,JumpStatement,PassStatement
py_str_repeat,JumpStatement,BreakStatement
py_str_repeat,JumpStatement,ContinueStatement
py_str_repeat,JumpStatement,ReturnStatement
py_str_repeat,IterationStatement,WhileStatement
py_str_repeat,ExceptionHandlingStatement,TryStatement
py_str_repeat,ExceptionHandlingStatement,RaiseStatement
py_str_repeat,ExceptionHandlingStatement,AssertStatement
py_str_repeat,DefinitionStatement,ClassDefinition
py_str_repeat,BuiltInFunction,dict()
py_str_repeat,BuiltInFunction,str()
py_str_repeat,BuiltInFunction,next()
py_str_repeat,BuiltInFunction,input()
py_str_repeat,BuiltInFunction,int()
py_str_repeat,BuiltInFunction,max()
py_str_repeat,BuiltInFunction,float()
py_str_repeat,BuiltInFunction,set()
py_str_repeat,BuiltInFunction,open()
py_str_repeat,BuiltInFunction,range()
py_str_repeat,BuiltInFunction,tuple()
py_str_repeat,BuiltInFunction,abs()
py_str_repeat,BuiltInFunction,round()
py_str_repeat,BuiltInFunction,min()
py_str_repeat,BuiltInFunction,list()
py_str_count,SubscriptExpression,IndexingExpression
py_str_count,ArithmeticExpression,BinaryOperation
py_str_count,ArithmeticExpression,UnaryOperation
py_str_count,LogicalExpression,BooleanExpression
py_str_count,Literal,StringLiteral
py_str_count,Literal,BooleanLiteral
py_str_count,Literal,NoneLiteral
py_str_count,NumericLiteral,FloatLiteral
py_str_count,NumericLiteral,IntegerLiteral
py_str_count,LiteralCollection,TupleLiteral
py_str_count,LiteralCollection,SetLiteral
py_str_count,LiteralCollection,ListLiteral
py_str_count,LiteralCollection,DictLiteral
py_str_count,Error,TypeError
py_str_count,Error,OSError
py_str_count,Error,IndexError
py_str_count,Error,IOError
py_str_count,Error,FileNotFoundError
py_str_count,Error,ValueError
py_str_count,Error,AssertionError
py_str_count,StringMethod,split()
py_str_count,StringMethod,join()
py_str_count,StringMethod,format()
py_str_count,StringMethod,capitalize()
py_str_count,StringMethod,rstrip()
py_str_count,StringMethod,replace()
py_str_count,DictionaryMethod,values()
py_str_count,DictionaryMethod,keys()
py_str_count,DictionaryMethod,items()
py_str_count,DictionaryMethod,get()
py_str_count,ClassMethod,__init()__
py_str_count,ListMethod,reverse()
py_str_count,ListMethod,insert()
py_str_count,ListMethod,remove()
py_str_count,ListMethod,append()
py_str_count,ListMethod,pop()
py_str_count,FileMethod,readline()
py_str_count,FileMethod,close()
py_str_count,FileMethod,read()
py_str_count,Operator,=
py_str_count,ComparisonOperator,LessOrEqual
py_str_count,ComparisonOperator,Less
py_str_count,ComparisonOperator,Larger
py_str_count,ComparisonOperator,LargerOrEqual
py_str_count,ComparisonOperator,==
py_str_count,ComparisonOperator,NotEqual
py_str_count,MembershipOperator,in
py_str_count,LogicalOperator,and
py_str_count,LogicalOperator,or
py_str_count,LogicalOperator,not
py_str_count,ArtithmeticOperator,//
py_str_count,ArtithmeticOperator,-
py_str_count,ArtithmeticOperator,+
py_str_count,ArtithmeticOperator,/
py_str_count,ArtithmeticOperator,**
py_str_count,ArtithmeticOperator,Modulus
py_str_count,ArtithmeticOperator,*
py_str_count,Statement,ExpressionStatement
py_str_count,ConditionalStatement,IfElifElseStatement
py_str_count,ConditionalStatement,IfStatement
py_str_count,ConditionalStatement,IfElseStatement
py_str_count,ConditionalStatement,IfElifStatement
py_str_count,ImportStatement,Import
py_str_count,ImportStatement,ImportFrom
py_str_count,JumpStatement,PassStatement
py_str_count,JumpStatement,BreakStatement
py_str_count,JumpStatement,ContinueStatement
py_str_count,JumpStatement,ReturnStatement
py_str_count,IterationStatement,WhileStatement
py_str_count,ExceptionHandlingStatement,TryStatement
py_str_count,ExceptionHandlingStatement,RaiseStatement
py_str_count,ExceptionHandlingStatement,AssertStatement
py_str_count,DefinitionStatement,ClassDefinition
py_str_count,BuiltInFunction,dict()
py_str_count,BuiltInFunction,str()
py_str_count,BuiltInFunction,next()
py_str_count,BuiltInFunction,input()
py_str_count,BuiltInFunction,int()
py_str_count,BuiltInFunction,max()
py_str_count,BuiltInFunction,float()
py_str_count,BuiltInFunction,set()
py_str_count,BuiltInFunction,open()
py_str_count,BuiltInFunction,tuple()
py_str_count,BuiltInFunction,abs()
py_str_count,BuiltInFunction,round()
py_str_count,BuiltInFunction,min()
py_str_count,BuiltInFunction,list()
py_str_count2,ArithmeticExpression,UnaryOperation
py_str_count2,Literal,BooleanLiteral
py_str_count2,Literal,NoneLiteral
py_str_count2,NumericLiteral,FloatLiteral
py_str_count2,NumericLiteral,IntegerLiteral
py_str_count2,LiteralCollection,TupleLiteral
py_str_count2,LiteralCollection,SetLiteral
py_str_count2,LiteralCollection,DictLiteral
py_str_count2,ClassMethod,__init()__
py_str_count2,ComparisonOperator,LessOrEqual
py_str_count2,ComparisonOperator,Less
py_str_count2,ComparisonOperator,Larger
py_str_count2,ComparisonOperator,LargerOrEqual
py_str_count2,ComparisonOperator,NotEqual
py_str_count2,MembershipOperator,in
py_str_count2,ArtithmeticOperator,//
py_str_count2,ArtithmeticOperator,**
py_str_count2,ArtithmeticOperator,Modulus
py_str_count2,ArtithmeticOperator,*
py_str_count2,BuiltInFunction,dict()
py_ifelse_odd_even,ClassMethod,__init()__
py_range_one,SubscriptExpression,SlicingExpression
py_range_one,Call,FunctionCall
py_range_one,ArithmeticExpression,UnaryOperation
py_range_one,LogicalExpression,ComparisonExpression
py_range_one,Literal,StringLiteral
py_range_one,Literal,BooleanLiteral
py_range_one,Literal,NoneLiteral
py_range_one,NumericLiteral,FloatLiteral
py_range_one,LiteralCollection,TupleLiteral
py_range_one,LiteralCollection,SetLiteral
py_range_one,LiteralCollection,DictLiteral
py_range_one,Error,TypeError
py_range_one,Error,OSError
py_range_one,Error,IndexError
py_range_one,Error,IOError
py_range_one,Error,FileNotFoundError
py_range_one,Error,AssertionError
py_range_one,StringMethod,lower()
py_range_one,StringMethod,join()
py_range_one,StringMethod,format()
py_range_one,StringMethod,capitalize()
py_range_one,StringMethod,rstrip()
py_range_one,StringMethod,replace()
py_range_one,DictionaryMethod,values()
py_range_one,DictionaryMethod,keys()
py_range_one,DictionaryMethod,items()
py_range_one,DictionaryMethod,get()
py_range_one,ClassMethod,__init()__
py_range_one,ListMethod,reverse()
py_range_one,ListMethod,insert()
py_range_one,ListMethod,remove()
py_range_one,ListMethod,append()
py_range_one,ListMethod,pop()
py_range_one,FileMethod,readline()
py_range_one,FileMethod,close()
py_range_one,FileMethod,read()
py_range_one,Operator,=
py_range_one,ComparisonOperator,LessOrEqual
py_range_one,ComparisonOperator,Less
py_range_one,ComparisonOperator,Larger
py_range_one,ComparisonOperator,LargerOrEqual
py_range_one,ComparisonOperator,==
py_range_one,ComparisonOperator,NotEqual
py_range_one,MembershipOperator,in
py_range_one,LogicalOperator,and
py_range_one,LogicalOperator,or
py_range_one,LogicalOperator,not
py_range_one,ArtithmeticOperator,//
py_range_one,ArtithmeticOperator,-
py_range_one,ArtithmeticOperator,+
py_range_one,ArtithmeticOperator,/
py_range_one,ArtithmeticOperator,**
py_range_one,ArtithmeticOperator,Modulus
py_range_one,ArtithmeticOperator,*
py_range_one,ConditionalStatement,IfElifElseStatement
py_range_one,ConditionalStatement,IfElseStatement
py_range_one,ConditionalStatement,IfElifStatement
py_range_one,ImportStatement,ImportFrom
py_range_one,JumpStatement,PassStatement
py_range_one,JumpStatement,BreakStatement
py_range_one,JumpStatement,ContinueStatement
py_range_one,IterationStatement,WhileStatement
py_range_one,ExceptionHandlingStatement,TryStatement
py_range_one,ExceptionHandlingStatement,RaiseStatement
py_range_one,ExceptionHandlingStatement,AssertStatement
py_range_one,AssignmentStatement,AugmentedAssignmentStatement
py_range_one,DefinitionStatement,ClassDefinition
py_range_one,BuiltInFunction,dict()
py_range_one,BuiltInFunction,str()
py_range_one,BuiltInFunction,next()
py_range_one,BuiltInFunction,input()
py_range_one,BuiltInFunction,int()
py_range_one,BuiltInFunction,max()
py_range_one,BuiltInFunction,float()
py_range_one,BuiltInFunction,set()
py_range_one,BuiltInFunction,open()
py_range_one,BuiltInFunction,tuple()
py_range_one,BuiltInFunction,abs()
py_range_one,BuiltInFunction,round()
py_range_one,BuiltInFunction,len()
py_range_one,BuiltInFunction,min()
py_range_one,BuiltInFunction,list()
py_range1_2,ArithmeticExpression,BinaryOperation
py_range1_2,ArithmeticExpression,UnaryOperation
py_range1_2,Literal,StringLiteral
py_range1_2,Literal,BooleanLiteral
py_range1_2,Literal,NoneLiteral
py_range1_2,NumericLiteral,FloatLiteral
py_range1_2,NumericLiteral,IntegerLiteral
py_range1_2,LiteralCollection,TupleLiteral
py_range1_2,LiteralCollection,SetLiteral
py_range1_2,LiteralCollection,DictLiteral
py_range1_2,ClassMethod,__init()__
py_range1_2,IterationStatement,WhileStatement
py_range1_2,BuiltInFunction,tuple()
py_range_three,ArithmeticExpression,BinaryOperation
py_range_three,ArithmeticExpression,UnaryOperation
py_range_three,NumericLiteral,IntegerLiteral
py_range_three,LiteralCollection,TupleLiteral
py_range_three,LiteralCollection,SetLiteral
py_range_three,LiteralCollection,DictLiteral
py_range_three,ClassMethod,__init()__
py_range_three,IterationStatement,WhileStatement
py_range_three,AssignmentStatement,AugmentedAssignmentStatement
py_range_three,DefinitionStatement,ClassDefinition
py_range_three,BuiltInFunction,dict()
py_range_three,BuiltInFunction,str()
py_range_three,BuiltInFunction,next()
py_range_three,BuiltInFunction,input()
py_range_three,BuiltInFunction,int()
py_range_three,BuiltInFunction,max()
py_range_three,BuiltInFunction,float()
py_range_three,BuiltInFunction,set()
py_range_three,BuiltInFunction,open()
py_range_three,BuiltInFunction,tuple()
py_range_three,BuiltInFunction,abs()
py_range_three,BuiltInFunction,round()
py_range_three,BuiltInFunction,len()
py_range_three,BuiltInFunction,min()
py_range_three,BuiltInFunction,list()
py_range3_2,NumericLiteral,FloatLiteral
py_range3_2,NumericLiteral,IntegerLiteral
py_range3_2,ClassMethod,__init()__
py_range3_2,IterationStatement,WhileStatement
py_range3_2,BuiltInFunction,tuple()
py_range3_2,BuiltInFunction,list()
py_range_two,Literal,StringLiteral
py_range_two,Literal,BooleanLiteral
py_range_two,Literal,NoneLiteral
py_range_two,NumericLiteral,FloatLiteral
py_range_two,NumericLiteral,IntegerLiteral
py_range_two,ClassMethod,__init()__
py_range_two,IterationStatement,WhileStatement
py_range_two,ExceptionHandlingStatement,TryStatement
py_range_two,ExceptionHandlingStatement,RaiseStatement
py_range_two,ExceptionHandlingStatement,AssertStatement
py_range_two,AssignmentStatement,AugmentedAssignmentStatement
py_range_two,BuiltInFunction,tuple()
py_range_two,BuiltInFunction,list()
py_range2_2,Call,FunctionCall
py_range2_2,Literal,StringLiteral
py_range2_2,Literal,BooleanLiteral
py_range2_2,Literal,NoneLiteral
py_range2_2,NumericLiteral,FloatLiteral
py_range2_2,NumericLiteral,IntegerLiteral
py_range2_2,ClassMethod,__init()__
py_range2_2,IterationStatement,WhileStatement
py_range2_2,ExceptionHandlingStatement,TryStatement
py_range2_2,ExceptionHandlingStatement,RaiseStatement
py_range2_2,ExceptionHandlingStatement,AssertStatement
py_range2_2,AssignmentStatement,AugmentedAssignmentStatement
py_range2_2,BuiltInFunction,tuple()
py_range2_2,BuiltInFunction,list()
py_squares,SubscriptExpression,SlicingExpression
py_squares,Call,FunctionCall
py_squares,ArithmeticExpression,UnaryOperation
py_squares,LogicalExpression,BooleanExpression
py_squares,Literal,BooleanLiteral
py_squares,Literal,NoneLiteral
py_squares,NumericLiteral,FloatLiteral
py_squares,NumericLiteral,IntegerLiteral
py_squares,LiteralCollection,SetLiteral
py_squares,LiteralCollection,ListLiteral
py_squares,LiteralCollection,DictLiteral
py_squares,Error,TypeError
py_squares,Error,OSError
py_squares,Error,IndexError
py_squares,Error,IOError
py_squares,Error,FileNotFoundError
py_squares,Error,ValueError
py_squares,Error,AssertionError
py_squares,StringMethod,split()
py_squares,StringMethod,lower()
py_squares,StringMethod,join()
py_squares,StringMethod,format()
py_squares,StringMethod,capitalize()
py_squares,StringMethod,rstrip()
py_squares,StringMethod,replace()
py_squares,DictionaryMethod,values()
py_squares,DictionaryMethod,keys()
py_squares,DictionaryMethod,items()
py_squares,DictionaryMethod,get()
py_squares,ClassMethod,__init()__
py_squares,ListMethod,reverse()
py_squares,ListMethod,insert()
py_squares,ListMethod,remove()
py_squares,ListMethod,append()
py_squares,ListMethod,pop()
py_squares,FileMethod,readline()
py_squares,FileMethod,close()
py_squares,FileMethod,read()
py_squares,ComparisonOperator,LessOrEqual
py_squares,ComparisonOperator,Less
py_squares,ComparisonOperator,Larger
py_squares,ComparisonOperator,LargerOrEqual
py_squares,ComparisonOperator,NotEqual
py_squares,MembershipOperator,in
py_squares,LogicalOperator,and
py_squares,LogicalOperator,or
py_squares,LogicalOperator,not
py_squares,ArtithmeticOperator,//
py_squares,ArtithmeticOperator,-
py_squares,ArtithmeticOperator,+
py_squares,ArtithmeticOperator,/
py_squares,ArtithmeticOperator,**
py_squares,ArtithmeticOperator,Modulus
py_squares,ArtithmeticOperator,*
py_squares,Statement,ExpressionStatement
py_squares,ConditionalStatement,IfElifElseStatement
py_squares,ConditionalStatement,IfElseStatement
py_squares,ConditionalStatement,IfElifStatement
py_squares,ImportStatement,Import
py_squares,ImportStatement,ImportFrom
py_squares,IterationStatement,WhileStatement
py_squares,ExceptionHandlingStatement,RaiseStatement
py_squares,ExceptionHandlingStatement,AssertStatement
py_squares,AssignmentStatement,AugmentedAssignmentStatement
py_squares,BuiltInFunction,dict()
py_squares,BuiltInFunction,str()
py_squares,BuiltInFunction,next()
py_squares,BuiltInFunction,input()
py_squares,BuiltInFunction,max()
py_squares,BuiltInFunction,float()
py_squares,BuiltInFunction,set()
py_squares,BuiltInFunction,open()
py_squares,BuiltInFunction,tuple()
py_squares,BuiltInFunction,abs()
py_squares,BuiltInFunction,round()
py_squares,BuiltInFunction,min()
py_squares,BuiltInFunction,list()
py_write_squares_odd,ArithmeticExpression,UnaryOperation
py_write_squares_odd,NumericLiteral,FloatLiteral
py_write_squares_odd,NumericLiteral,IntegerLiteral
py_write_squares_odd,ClassMethod,__init()__
py_write_squares_odd,IterationStatement,WhileStatement
py_write_squares_odd,ExceptionHandlingStatement,TryStatement
py_write_squares_odd,ExceptionHandlingStatement,RaiseStatement
py_write_squares_odd,ExceptionHandlingStatement,AssertStatement
py_write_squares_odd,AssignmentStatement,AugmentedAssignmentStatement
py_write_squares_odd,BuiltInFunction,tuple()
py_write_squares_odd,BuiltInFunction,list()
py_write_squares_range,Call,FunctionCall
py_write_squares_range,ArithmeticExpression,UnaryOperation
py_write_squares_range,NumericLiteral,FloatLiteral
py_write_squares_range,NumericLiteral,IntegerLiteral
py_write_squares_range,ClassMethod,__init()__
py_write_squares_range,IterationStatement,WhileStatement
py_write_squares_range,ExceptionHandlingStatement,TryStatement
py_write_squares_range,ExceptionHandlingStatement,RaiseStatement
py_write_squares_range,ExceptionHandlingStatement,AssertStatement
py_write_squares_range,AssignmentStatement,AugmentedAssignmentStatement
py_write_squares_range,BuiltInFunction,tuple()
py_repeated_sequence,ClassMethod,__init()__
py_repeated_sequence2,ClassMethod,__init()__
py_repeated_sequence2,ArtithmeticOperator,/
py_stars_2,ClassMethod,__init()__
py_divisor,SubscriptExpression,IndexingExpression
py_divisor,SubscriptExpression,SlicingExpression
py_divisor,Call,FunctionCall
py_divisor,ArithmeticExpression,UnaryOperation
py_divisor,LogicalExpression,BooleanExpression
py_divisor,Literal,StringLiteral
py_divisor,Literal,BooleanLiteral
py_divisor,Literal,NoneLiteral
py_divisor,NumericLiteral,FloatLiteral
py_divisor,NumericLiteral,IntegerLiteral
py_divisor,LiteralCollection,TupleLiteral
py_divisor,LiteralCollection,SetLiteral
py_divisor,LiteralCollection,ListLiteral
py_divisor,LiteralCollection,DictLiteral
py_divisor,Error,TypeError
py_divisor,Error,OSError
py_divisor,Error,IndexError
py_divisor,Error,IOError
py_divisor,Error,FileNotFoundError
py_divisor,Error,ValueError
py_divisor,Error,AssertionError
py_divisor,StringMethod,split()
py_divisor,StringMethod,lower()
py_divisor,StringMethod,join()
py_divisor,StringMethod,format()
py_divisor,StringMethod,capitalize()
py_divisor,StringMethod,rstrip()
py_divisor,StringMethod,replace()
py_divisor,DictionaryMethod,values()
py_divisor,DictionaryMethod,keys()
py_divisor,DictionaryMethod,items()
py_divisor,DictionaryMethod,get()
py_divisor,ClassMethod,__init()__
py_divisor,ListMethod,reverse()
py_divisor,ListMethod,insert()
py_divisor,ListMethod,remove()
py_divisor,ListMethod,append()
py_divisor,ListMethod,pop()
py_divisor,FileMethod,readline()
py_divisor,FileMethod,close()
py_divisor,FileMethod,read()
py_divisor,Operator,=
py_divisor,ComparisonOperator,LessOrEqual
py_divisor,ComparisonOperator,Less
py_divisor,ComparisonOperator,Larger
py_divisor,ComparisonOperator,LargerOrEqual
py_divisor,ComparisonOperator,==
py_divisor,MembershipOperator,in
py_divisor,LogicalOperator,and
py_divisor,LogicalOperator,or
py_divisor,LogicalOperator,not
py_divisor,ArtithmeticOperator,//
py_divisor,ArtithmeticOperator,-
py_divisor,ArtithmeticOperator,+
py_divisor,ArtithmeticOperator,/
py_divisor,ArtithmeticOperator,**
py_divisor,ArtithmeticOperator,*
py_divisor,Statement,ExpressionStatement
py_divisor,ConditionalStatement,IfElifElseStatement
py_divisor,ConditionalStatement,IfStatement
py_divisor,ConditionalStatement,IfElseStatement
py_divisor,ConditionalStatement,IfElifStatement
py_divisor,ImportStatement,Import
py_divisor,ImportStatement,ImportFrom
py_divisor,JumpStatement,PassStatement
py_divisor,JumpStatement,BreakStatement
py_divisor,JumpStatement,ContinueStatement
py_divisor,JumpStatement,ReturnStatement
py_divisor,IterationStatement,ForStatement
py_divisor,ExceptionHandlingStatement,TryStatement
py_divisor,ExceptionHandlingStatement,RaiseStatement
py_divisor,ExceptionHandlingStatement,AssertStatement
py_divisor,DefinitionStatement,FunctionDefinition
py_divisor,DefinitionStatement,ClassDefinition
py_divisor,BuiltInFunction,dict()
py_divisor,BuiltInFunction,str()
py_divisor,BuiltInFunction,next()
py_divisor,BuiltInFunction,input()
py_divisor,BuiltInFunction,int()
py_divisor,BuiltInFunction,max()
py_divisor,BuiltInFunction,float()
py_divisor,BuiltInFunction,set()
py_divisor,BuiltInFunction,open()
py_divisor,BuiltInFunction,range()
py_divisor,BuiltInFunction,tuple()
py_divisor,BuiltInFunction,abs()
py_divisor,BuiltInFunction,round()
py_divisor,BuiltInFunction,len()
py_divisor,BuiltInFunction,min()
py_divisor,BuiltInFunction,list()
py_largest_divisor,SubscriptExpression,IndexingExpression
py_largest_divisor,SubscriptExpression,SlicingExpression
py_largest_divisor,Call,FunctionCall
py_largest_divisor,ArithmeticExpression,UnaryOperation
py_largest_divisor,LogicalExpression,BooleanExpression
py_largest_divisor,Literal,StringLiteral
py_largest_divisor,Literal,BooleanLiteral
py_largest_divisor,Literal,NoneLiteral
py_largest_divisor,NumericLiteral,FloatLiteral
py_largest_divisor,NumericLiteral,IntegerLiteral
py_largest_divisor,LiteralCollection,TupleLiteral
py_largest_divisor,LiteralCollection,SetLiteral
py_largest_divisor,LiteralCollection,ListLiteral
py_largest_divisor,LiteralCollection,DictLiteral
py_largest_divisor,Error,TypeError
py_largest_divisor,Error,OSError
py_largest_divisor,Error,IndexError
py_largest_divisor,Error,IOError
py_largest_divisor,Error,FileNotFoundError
py_largest_divisor,Error,ValueError
py_largest_divisor,Error,AssertionError
py_largest_divisor,StringMethod,split()
py_largest_divisor,StringMethod,lower()
py_largest_divisor,StringMethod,join()
py_largest_divisor,StringMethod,format()
py_largest_divisor,StringMethod,capitalize()
py_largest_divisor,StringMethod,rstrip()
py_largest_divisor,StringMethod,replace()
py_largest_divisor,DictionaryMethod,values()
py_largest_divisor,DictionaryMethod,keys()
py_largest_divisor,DictionaryMethod,items()
py_largest_divisor,DictionaryMethod,get()
py_largest_divisor,ClassMethod,__init()__
py_largest_divisor,ListMethod,reverse()
py_largest_divisor,ListMethod,insert()
py_largest_divisor,ListMethod,remove()
py_largest_divisor,ListMethod,append()
py_largest_divisor,ListMethod,pop()
py_largest_divisor,FileMethod,readline()
py_largest_divisor,FileMethod,close()
py_largest_divisor,FileMethod,read()
py_largest_divisor,ComparisonOperator,LessOrEqual
py_largest_divisor,ComparisonOperator,Less
py_largest_divisor,ComparisonOperator,Larger
py_largest_divisor,ComparisonOperator,LargerOrEqual
py_largest_divisor,ComparisonOperator,==
py_largest_divisor,MembershipOperator,in
py_largest_divisor,LogicalOperator,and
py_largest_divisor,LogicalOperator,or
py_largest_divisor,LogicalOperator,not
py_largest_divisor,ArtithmeticOperator,//
py_largest_divisor,ArtithmeticOperator,+
py_largest_divisor,ArtithmeticOperator,/
py_largest_divisor,ArtithmeticOperator,**
py_largest_divisor,ArtithmeticOperator,*
py_largest_divisor,Statement,ExpressionStatement
py_largest_divisor,ConditionalStatement,IfElifElseStatement
py_largest_divisor,ConditionalStatement,IfStatement
py_largest_divisor,ConditionalStatement,IfElseStatement
py_largest_divisor,ConditionalStatement,IfElifStatement
py_largest_divisor,ImportStatement,Import
py_largest_divisor,ImportStatement,ImportFrom
py_largest_divisor,JumpStatement,PassStatement
py_largest_divisor,JumpStatement,BreakStatement
py_largest_divisor,JumpStatement,ContinueStatement
py_largest_divisor,JumpStatement,ReturnStatement
py_largest_divisor,IterationStatement,ForStatement
py_largest_divisor,ExceptionHandlingStatement,TryStatement
py_largest_divisor,ExceptionHandlingStatement,RaiseStatement
py_largest_divisor,ExceptionHandlingStatement,AssertStatement
py_largest_divisor,DefinitionStatement,FunctionDefinition
py_largest_divisor,DefinitionStatement,ClassDefinition
py_largest_divisor,BuiltInFunction,dict()
py_largest_divisor,BuiltInFunction,str()
py_largest_divisor,BuiltInFunction,next()
py_largest_divisor,BuiltInFunction,input()
py_largest_divisor,BuiltInFunction,int()
py_largest_divisor,BuiltInFunction,max()
py_largest_divisor,BuiltInFunction,float()
py_largest_divisor,BuiltInFunction,set()
py_largest_divisor,BuiltInFunction,open()
py_largest_divisor,BuiltInFunction,range()
py_largest_divisor,BuiltInFunction,tuple()
py_largest_divisor,BuiltInFunction,abs()
py_largest_divisor,BuiltInFunction,round()
py_largest_divisor,BuiltInFunction,len()
py_largest_divisor,BuiltInFunction,min()
py_largest_divisor,BuiltInFunction,list()
py_input,Literal,NoneLiteral
py_input,NumericLiteral,FloatLiteral
py_input,NumericLiteral,IntegerLiteral
py_input,ClassMethod,__init()__
py_input,BuiltInFunction,list()
py_input2,SubscriptExpression,IndexingExpression
py_input2,SubscriptExpression,SlicingExpression
py_input2,Call,FunctionCall
py_input2,ArithmeticExpression,BinaryOperation
py_input2,ArithmeticExpression,UnaryOperation
py_input2,Literal,StringLiteral
py_input2,Literal,BooleanLiteral
py_input2,Literal,NoneLiteral
py_input2,NumericLiteral,FloatLiteral
py_input2,NumericLiteral,IntegerLiteral
py_input2,LiteralCollection,TupleLiteral
py_input2,LiteralCollection,SetLiteral
py_input2,LiteralCollection,ListLiteral
py_input2,LiteralCollection,DictLiteral
py_input2,Error,TypeError
py_input2,Error,OSError
py_input2,Error,IndexError
py_input2,Error,IOError
py_input2,Error,FileNotFoundError
py_input2,Error,ValueError
py_input2,Error,AssertionError
py_input2,StringMethod,split()
py_input2,StringMethod,lower()
py_input2,StringMethod,join()
py_input2,StringMethod,format()
py_input2,StringMethod,capitalize()
py_input2,StringMethod,rstrip()
py_input2,StringMethod,replace()
py_input2,DictionaryMethod,values()
py_input2,DictionaryMethod,keys()
py_input2,DictionaryMethod,items()
py_input2,DictionaryMethod,get()
py_input2,ClassMethod,__init()__
py_input2,ListMethod,reverse()
py_input2,ListMethod,insert()
py_input2,ListMethod,remove()
py_input2,ListMethod,append()
py_input2,ListMethod,pop()
py_input2,FileMethod,readline()
py_input2,FileMethod,close()
py_input2,FileMethod,read()
py_input2,Operator,=
py_input2,ComparisonOperator,Less
py_input2,ComparisonOperator,Larger
py_input2,ComparisonOperator,==
py_input2,ComparisonOperator,NotEqual
py_input2,MembershipOperator,in
py_input2,LogicalOperator,or
py_input2,LogicalOperator,not
py_input2,ArtithmeticOperator,//
py_input2,ArtithmeticOperator,-
py_input2,ArtithmeticOperator,+
py_input2,ArtithmeticOperator,/
py_input2,ArtithmeticOperator,**
py_input2,ArtithmeticOperator,Modulus
py_input2,ArtithmeticOperator,*
py_input2,ConditionalStatement,IfElifElseStatement
py_input2,ConditionalStatement,IfStatement
py_input2,ConditionalStatement,IfElseStatement
py_input2,ConditionalStatement,IfElifStatement
py_input2,ImportStatement,Import
py_input2,ImportStatement,ImportFrom
py_input2,JumpStatement,PassStatement
py_input2,JumpStatement,BreakStatement
py_input2,JumpStatement,ContinueStatement
py_input2,JumpStatement,ReturnStatement
py_input2,IterationStatement,ForStatement
py_input2,ExceptionHandlingStatement,TryStatement
py_input2,ExceptionHandlingStatement,RaiseStatement
py_input2,ExceptionHandlingStatement,AssertStatement
py_input2,AssignmentStatement,AugmentedAssignmentStatement
py_input2,DefinitionStatement,FunctionDefinition
py_input2,DefinitionStatement,ClassDefinition
py_input2,BuiltInFunction,dict()
py_input2,BuiltInFunction,str()
py_input2,BuiltInFunction,next()
py_input2,BuiltInFunction,max()
py_input2,BuiltInFunction,float()
py_input2,BuiltInFunction,set()
py_input2,BuiltInFunction,open()
py_input2,BuiltInFunction,range()
py_input2,BuiltInFunction,tuple()
py_input2,BuiltInFunction,abs()
py_input2,BuiltInFunction,round()
py_input2,BuiltInFunction,len()
py_input2,BuiltInFunction,min()
py_input2,BuiltInFunction,list()
py_input3,ClassMethod,__init()__
py_input4,ClassMethod,__init()__
ps_hello,ClassMethod,__init()__
ps_simple_function,SubscriptExpression,IndexingExpression
ps_simple_function,SubscriptExpression,SlicingExpression
ps_simple_function,Call,FunctionCall
ps_simple_function,ArithmeticExpression,BinaryOperation
ps_simple_function,ArithmeticExpression,UnaryOperation
ps_simple_function,LogicalExpression,ComparisonExpression
ps_simple_function,LogicalExpression,BooleanExpression
ps_simple_function,Literal,BooleanLiteral
ps_simple_function,Literal,NoneLiteral
ps_simple_function,NumericLiteral,FloatLiteral
ps_simple_function,NumericLiteral,IntegerLiteral
ps_simple_function,LiteralCollection,TupleLiteral
ps_simple_function,LiteralCollection,SetLiteral
ps_simple_function,LiteralCollection,ListLiteral
ps_simple_function,LiteralCollection,DictLiteral
ps_simple_function,Error,TypeError
ps_simple_function,Error,OSError
ps_simple_function,Error,IndexError
ps_simple_function,Error,IOError
ps_simple_function,Error,FileNotFoundError
ps_simple_function,Error,ValueError
ps_simple_function,Error,AssertionError
ps_simple_function,StringMethod,split()
ps_simple_function,StringMethod,lower()
ps_simple_function,StringMethod,join()
ps_simple_function,StringMethod,format()
ps_simple_function,StringMethod,capitalize()
ps_simple_function,StringMethod,rstrip()
ps_simple_function,StringMethod,replace()
ps_simple_function,DictionaryMethod,values()
ps_simple_function,DictionaryMethod,keys()
ps_simple_function,DictionaryMethod,items()
ps_simple_function,DictionaryMethod,get()
ps_simple_function,ClassMethod,__init()__
ps_simple_function,ListMethod,reverse()
ps_simple_function,ListMethod,insert()
ps_simple_function,ListMethod,remove()
ps_simple_function,ListMethod,append()
ps_simple_function,ListMethod,pop()
ps_simple_function,FileMethod,readline()
ps_simple_function,FileMethod,close()
ps_simple_function,FileMethod,read()
ps_simple_function,Operator,=
ps_simple_function,ComparisonOperator,LessOrEqual
ps_simple_function,ComparisonOperator,Less
ps_simple_function,ComparisonOperator,Larger
ps_simple_function,ComparisonOperator,LargerOrEqual
ps_simple_function,ComparisonOperator,==
ps_simple_function,ComparisonOperator,NotEqual
ps_simple_function,MembershipOperator,in
ps_simple_function,LogicalOperator,and
ps_simple_function,LogicalOperator,or
ps_simple_function,LogicalOperator,not
ps_simple_function,ArtithmeticOperator,//
ps_simple_function,ArtithmeticOperator,-
ps_simple_function,ArtithmeticOperator,+
ps_simple_function,ArtithmeticOperator,/
ps_simple_function,ArtithmeticOperator,**
ps_simple_function,ArtithmeticOperator,Modulus
ps_simple_function,ArtithmeticOperator,*
ps_simple_function,ConditionalStatement,IfElifElseStatement
ps_simple_function,ConditionalStatement,IfStatement
ps_simple_function,ConditionalStatement,IfElseStatement
ps_simple_function,ConditionalStatement,IfElifStatement
ps_simple_function,ImportStatement,Import
ps_simple_function,ImportStatement,ImportFrom
ps_simple_function,JumpStatement,PassStatement
ps_simple_function,JumpStatement,BreakStatement
ps_simple_function,JumpStatement,ContinueStatement
ps_simple_function,JumpStatement,ReturnStatement
ps_simple_function,IterationStatement,ForStatement
ps_simple_function,IterationStatement,WhileStatement
ps_simple_function,ExceptionHandlingStatement,TryStatement
ps_simple_function,ExceptionHandlingStatement,RaiseStatement
ps_simple_function,ExceptionHandlingStatement,AssertStatement
ps_simple_function,AssignmentStatement,SimpleAssignmentStatement
ps_simple_function,AssignmentStatement,AugmentedAssignmentStatement
ps_simple_function,DefinitionStatement,ClassDefinition
ps_simple_function,BuiltInFunction,dict()
ps_simple_function,BuiltInFunction,str()
ps_simple_function,BuiltInFunction,next()
ps_simple_function,BuiltInFunction,input()
ps_simple_function,BuiltInFunction,int()
ps_simple_function,BuiltInFunction,max()
ps_simple_function,BuiltInFunction,float()
ps_simple_function,BuiltInFunction,set()
ps_simple_function,BuiltInFunction,open()
ps_simple_function,BuiltInFunction,range()
ps_simple_function,BuiltInFunction,tuple()
ps_simple_function,BuiltInFunction,abs()
ps_simple_function,BuiltInFunction,round()
ps_simple_function,BuiltInFunction,len()
ps_simple_function,BuiltInFunction,min()
ps_simple_function,BuiltInFunction,list()
ps_simple_params,ArithmeticExpression,UnaryOperation
ps_simple_params,LogicalExpression,ComparisonExpression
ps_simple_params,LogicalExpression,BooleanExpression
ps_simple_params,Literal,StringLiteral
ps_simple_params,Literal,BooleanLiteral
ps_simple_params,Literal,NoneLiteral
ps_simple_params,NumericLiteral,FloatLiteral
ps_simple_params,NumericLiteral,IntegerLiteral
ps_simple_params,LiteralCollection,TupleLiteral
ps_simple_params,LiteralCollection,SetLiteral
ps_simple_params,LiteralCollection,ListLiteral
ps_simple_params,LiteralCollection,DictLiteral
ps_simple_params,ClassMethod,__init()__
ps_simple_params,MembershipOperator,in
ps_simple_params,ConditionalStatement,IfElifElseStatement
ps_simple_params,ConditionalStatement,IfStatement
ps_simple_params,ConditionalStatement,IfElseStatement
ps_simple_params,ConditionalStatement,IfElifStatement
ps_simple_params,ImportStatement,ImportFrom
ps_simple_params,JumpStatement,PassStatement
ps_simple_params,JumpStatement,BreakStatement
ps_simple_params,JumpStatement,ContinueStatement
ps_simple_params,JumpStatement,ReturnStatement
ps_simple_params,AssignmentStatement,AugmentedAssignmentStatement
ps_simple_params,DefinitionStatement,ClassDefinition
ps_simple_params,BuiltInFunction,dict()
ps_simple_params,BuiltInFunction,str()
ps_simple_params,BuiltInFunction,next()
ps_simple_params,BuiltInFunction,input()
ps_simple_params,BuiltInFunction,int()
ps_simple_params,BuiltInFunction,max()
ps_simple_params,BuiltInFunction,float()
ps_simple_params,BuiltInFunction,set()
ps_simple_params,BuiltInFunction,open()
ps_simple_params,BuiltInFunction,range()
ps_simple_params,BuiltInFunction,tuple()
ps_simple_params,BuiltInFunction,abs()
ps_simple_params,BuiltInFunction,round()
ps_simple_params,BuiltInFunction,len()
ps_simple_params,BuiltInFunction,min()
ps_simple_params,BuiltInFunction,list()
ps_return_bigger_or_none,SubscriptExpression,IndexingExpression
ps_return_bigger_or_none,SubscriptExpression,SlicingExpression
ps_return_bigger_or_none,Call,FunctionCall
ps_return_bigger_or_none,ArithmeticExpression,BinaryOperation
ps_return_bigger_or_none,ArithmeticExpression,UnaryOperation
ps_return_bigger_or_none,LogicalExpression,ComparisonExpression
ps_return_bigger_or_none,LogicalExpression,BooleanExpression
ps_return_bigger_or_none,Literal,StringLiteral
ps_return_bigger_or_none,Literal,BooleanLiteral
ps_return_bigger_or_none,NumericLiteral,FloatLiteral
ps_return_bigger_or_none,NumericLiteral,IntegerLiteral
ps_return_bigger_or_none,LiteralCollection,TupleLiteral
ps_return_bigger_or_none,LiteralCollection,SetLiteral
ps_return_bigger_or_none,LiteralCollection,ListLiteral
ps_return_bigger_or_none,LiteralCollection,DictLiteral
ps_return_bigger_or_none,Error,TypeError
ps_return_bigger_or_none,Error,OSError
ps_return_bigger_or_none,Error,IndexError
ps_return_bigger_or_none,Error,IOError
ps_return_bigger_or_none,Error,FileNotFoundError
ps_return_bigger_or_none,Error,ValueError
ps_return_bigger_or_none,Error,AssertionError
ps_return_bigger_or_none,StringMethod,split()
ps_return_bigger_or_none,StringMethod,lower()
ps_return_bigger_or_none,StringMethod,join()
ps_return_bigger_or_none,StringMethod,format()
ps_return_bigger_or_none,StringMethod,capitalize()
ps_return_bigger_or_none,StringMethod,rstrip()
ps_return_bigger_or_none,StringMethod,replace()
ps_return_bigger_or_none,DictionaryMethod,values()
ps_return_bigger_or_none,DictionaryMethod,keys()
ps_return_bigger_or_none,DictionaryMethod,items()
ps_return_bigger_or_none,DictionaryMethod,get()
ps_return_bigger_or_none,ClassMethod,__init()__
ps_return_bigger_or_none,ListMethod,reverse()
ps_return_bigger_or_none,ListMethod,insert()
ps_return_bigger_or_none,ListMethod,remove()
ps_return_bigger_or_none,ListMethod,append()
ps_return_bigger_or_none,ListMethod,pop()
ps_return_bigger_or_none,FileMethod,readline()
ps_return_bigger_or_none,FileMethod,close()
ps_return_bigger_or_none,FileMethod,read()
ps_return_bigger_or_none,Operator,=
ps_return_bigger_or_none,ComparisonOperator,LessOrEqual
ps_return_bigger_or_none,ComparisonOperator,LargerOrEqual
ps_return_bigger_or_none,ComparisonOperator,==
ps_return_bigger_or_none,ComparisonOperator,NotEqual
ps_return_bigger_or_none,MembershipOperator,in
ps_return_bigger_or_none,LogicalOperator,and
ps_return_bigger_or_none,LogicalOperator,or
ps_return_bigger_or_none,LogicalOperator,not
ps_return_bigger_or_none,ArtithmeticOperator,//
ps_return_bigger_or_none,ArtithmeticOperator,-
ps_return_bigger_or_none,ArtithmeticOperator,+
ps_return_bigger_or_none,ArtithmeticOperator,/
ps_return_bigger_or_none,ArtithmeticOperator,**
ps_return_bigger_or_none,ArtithmeticOperator,Modulus
ps_return_bigger_or_none,ArtithmeticOperator,*
ps_return_bigger_or_none,ImportStatement,Import
ps_return_bigger_or_none,ImportStatement,ImportFrom
ps_return_bigger_or_none,JumpStatement,BreakStatement
ps_return_bigger_or_none,JumpStatement,ContinueStatement
ps_return_bigger_or_none,IterationStatement,ForStatement
ps_return_bigger_or_none,IterationStatement,WhileStatement
ps_return_bigger_or_none,ExceptionHandlingStatement,TryStatement
ps_return_bigger_or_none,ExceptionHandlingStatement,RaiseStatement
ps_return_bigger_or_none,ExceptionHandlingStatement,AssertStatement
ps_return_bigger_or_none,AssignmentStatement,SimpleAssignmentStatement
ps_return_bigger_or_none,AssignmentStatement,AugmentedAssignmentStatement
ps_return_bigger_or_none,DefinitionStatement,ClassDefinition
ps_return_bigger_or_none,BuiltInFunction,dict()
ps_return_bigger_or_none,BuiltInFunction,str()
ps_return_bigger_or_none,BuiltInFunction,next()
ps_return_bigger_or_none,BuiltInFunction,input()
ps_return_bigger_or_none,BuiltInFunction,int()
ps_return_bigger_or_none,BuiltInFunction,max()
ps_return_bigger_or_none,BuiltInFunction,float()
ps_return_bigger_or_none,BuiltInFunction,set()
ps_return_bigger_or_none,BuiltInFunction,open()
ps_return_bigger_or_none,BuiltInFunction,range()
ps_return_bigger_or_none,BuiltInFunction,tuple()
ps_return_bigger_or_none,BuiltInFunction,abs()
ps_return_bigger_or_none,BuiltInFunction,round()
ps_return_bigger_or_none,BuiltInFunction,len()
ps_return_bigger_or_none,BuiltInFunction,min()
ps_return_bigger_or_none,BuiltInFunction,print()
ps_return_bigger_or_none,BuiltInFunction,list()
ps_python_iteration_multiplication,SubscriptExpression,IndexingExpression
ps_python_iteration_multiplication,SubscriptExpression,SlicingExpression
ps_python_iteration_multiplication,Call,FunctionCall
ps_python_iteration_multiplication,ArithmeticExpression,UnaryOperation
ps_python_iteration_multiplication,LogicalExpression,ComparisonExpression
ps_python_iteration_multiplication,Literal,BooleanLiteral
ps_python_iteration_multiplication,Literal,NoneLiteral
ps_python_iteration_multiplication,NumericLiteral,FloatLiteral
ps_python_iteration_multiplication,NumericLiteral,IntegerLiteral
ps_python_iteration_multiplication,LiteralCollection,TupleLiteral
ps_python_iteration_multiplication,LiteralCollection,SetLiteral
ps_python_iteration_multiplication,LiteralCollection,ListLiteral
ps_python_iteration_multiplication,LiteralCollection,DictLiteral
ps_python_iteration_multiplication,Error,TypeError
ps_python_iteration_multiplication,Error,OSError
ps_python_iteration_multiplication,Error,IndexError
ps_python_iteration_multiplication,Error,IOError
ps_python_iteration_multiplication,Error,FileNotFoundError
ps_python_iteration_multiplication,Error,ValueError
ps_python_iteration_multiplication,Error,AssertionError
ps_python_iteration_multiplication,StringMethod,split()
ps_python_iteration_multiplication,StringMethod,lower()
ps_python_iteration_multiplication,StringMethod,join()
ps_python_iteration_multiplication,StringMethod,format()
ps_python_iteration_multiplication,StringMethod,capitalize()
ps_python_iteration_multiplication,StringMethod,rstrip()
ps_python_iteration_multiplication,StringMethod,replace()
ps_python_iteration_multiplication,DictionaryMethod,values()
ps_python_iteration_multiplication,DictionaryMethod,keys()
ps_python_iteration_multiplication,DictionaryMethod,items()
ps_python_iteration_multiplication,DictionaryMethod,get()
ps_python_iteration_multiplication,ClassMethod,__init()__
ps_python_iteration_multiplication,ListMethod,reverse()
ps_python_iteration_multiplication,ListMethod,insert()
ps_python_iteration_multiplication,ListMethod,remove()
ps_python_iteration_multiplication,ListMethod,append()
ps_python_iteration_multiplication,ListMethod,pop()
ps_python_iteration_multiplication,FileMethod,readline()
ps_python_iteration_multiplication,FileMethod,close()
ps_python_iteration_multiplication,FileMethod,read()
ps_python_iteration_multiplication,Operator,=
ps_python_iteration_multiplication,ComparisonOperator,LessOrEqual
ps_python_iteration_multiplication,ComparisonOperator,Larger
ps_python_iteration_multiplication,ComparisonOperator,LargerOrEqual
ps_python_iteration_multiplication,ComparisonOperator,==
ps_python_iteration_multiplication,ComparisonOperator,NotEqual
ps_python_iteration_multiplication,MembershipOperator,in
ps_python_iteration_multiplication,LogicalOperator,and
ps_python_iteration_multiplication,LogicalOperator,or
ps_python_iteration_multiplication,LogicalOperator,not
ps_python_iteration_multiplication,ArtithmeticOperator,//
ps_python_iteration_multiplication,ArtithmeticOperator,-
ps_python_iteration_multiplication,ArtithmeticOperator,+
ps_python_iteration_multiplication,ArtithmeticOperator,/
ps_python_iteration_multiplication,ArtithmeticOperator,**
ps_python_iteration_multiplication,ArtithmeticOperator,Modulus
ps_python_iteration_multiplication,ArtithmeticOperator,*
ps_python_iteration_multiplication,ConditionalStatement,IfElifElseStatement
ps_python_iteration_multiplication,ConditionalStatement,IfStatement
ps_python_iteration_multiplication,ConditionalStatement,IfElseStatement
ps_python_iteration_multiplication,ConditionalStatement,IfElifStatement
ps_python_iteration_multiplication,ImportStatement,Import
ps_python_iteration_multiplication,ImportStatement,ImportFrom
ps_python_iteration_multiplication,JumpStatement,PassStatement
ps_python_iteration_multiplication,JumpStatement,BreakStatement
ps_python_iteration_multiplication,JumpStatement,ContinueStatement
ps_python_iteration_multiplication,JumpStatement,ReturnStatement
ps_python_iteration_multiplication,IterationStatement,ForStatement
ps_python_iteration_multiplication,ExceptionHandlingStatement,TryStatement
ps_python_iteration_multiplication,ExceptionHandlingStatement,RaiseStatement
ps_python_iteration_multiplication,ExceptionHandlingStatement,AssertStatement
ps_python_iteration_multiplication,AssignmentStatement,AugmentedAssignmentStatement
ps_python_iteration_multiplication,DefinitionStatement,FunctionDefinition
ps_python_iteration_multiplication,DefinitionStatement,ClassDefinition
ps_python_iteration_multiplication,BuiltInFunction,dict()
ps_python_iteration_multiplication,BuiltInFunction,str()
ps_python_iteration_multiplication,BuiltInFunction,next()
ps_python_iteration_multiplication,BuiltInFunction,input()
ps_python_iteration_multiplication,BuiltInFunction,int()
ps_python_iteration_multiplication,BuiltInFunction,max()
ps_python_iteration_multiplication,BuiltInFunction,float()
ps_python_iteration_multiplication,BuiltInFunction,set()
ps_python_iteration_multiplication,BuiltInFunction,open()
ps_python_iteration_multiplication,BuiltInFunction,range()
ps_python_iteration_multiplication,BuiltInFunction,tuple()
ps_python_iteration_multiplication,BuiltInFunction,abs()
ps_python_iteration_multiplication,BuiltInFunction,round()
ps_python_iteration_multiplication,BuiltInFunction,len()
ps_python_iteration_multiplication,BuiltInFunction,min()
ps_python_iteration_multiplication,BuiltInFunction,list()
ps_python_calculate_function,SubscriptExpression,IndexingExpression
ps_python_calculate_function,SubscriptExpression,SlicingExpression
ps_python_calculate_function,ArithmeticExpression,UnaryOperation
ps_python_calculate_function,LogicalExpression,ComparisonExpression
ps_python_calculate_function,LogicalExpression,BooleanExpression
ps_python_calculate_function,Literal,StringLiteral
ps_python_calculate_function,Literal,BooleanLiteral
ps_python_calculate_function,Literal,NoneLiteral
ps_python_calculate_function,NumericLiteral,FloatLiteral
ps_python_calculate_function,NumericLiteral,IntegerLiteral
ps_python_calculate_function,LiteralCollection,TupleLiteral
ps_python_calculate_function,LiteralCollection,SetLiteral
ps_python_calculate_function,LiteralCollection,ListLiteral
ps_python_calculate_function,LiteralCollection,DictLiteral
ps_python_calculate_function,Error,TypeError
ps_python_calculate_function,Error,OSError
ps_python_calculate_function,Error,IndexError
ps_python_calculate_function,Error,IOError
ps_python_calculate_function,Error,FileNotFoundError
ps_python_calculate_function,Error,ValueError
ps_python_calculate_function,Error,AssertionError
ps_python_calculate_function,StringMethod,split()
ps_python_calculate_function,StringMethod,lower()
ps_python_calculate_function,StringMethod,join()
ps_python_calculate_function,StringMethod,format()
ps_python_calculate_function,StringMethod,capitalize()
ps_python_calculate_function,StringMethod,rstrip()
ps_python_calculate_function,StringMethod,replace()
ps_python_calculate_function,DictionaryMethod,values()
ps_python_calculate_function,DictionaryMethod,keys()
ps_python_calculate_function,DictionaryMethod,items()
ps_python_calculate_function,DictionaryMethod,get()
ps_python_calculate_function,ClassMethod,__init()__
ps_python_calculate_function,ListMethod,reverse()
ps_python_calculate_function,ListMethod,insert()
ps_python_calculate_function,ListMethod,remove()
ps_python_calculate_function,ListMethod,append()
ps_python_calculate_function,ListMethod,pop()
ps_python_calculate_function,FileMethod,readline()
ps_python_calculate_function,FileMethod,close()
ps_python_calculate_function,FileMethod,read()
ps_python_calculate_function,ComparisonOperator,LessOrEqual
ps_python_calculate_function,ComparisonOperator,Less
ps_python_calculate_function,ComparisonOperator,Larger
ps_python_calculate_function,ComparisonOperator,LargerOrEqual
ps_python_calculate_function,ComparisonOperator,==
ps_python_calculate_function,ComparisonOperator,NotEqual
ps_python_calculate_function,MembershipOperator,in
ps_python_calculate_function,LogicalOperator,and
ps_python_calculate_function,LogicalOperator,or
ps_python_calculate_function,LogicalOperator,not
ps_python_calculate_function,ArtithmeticOperator,//
ps_python_calculate_function,ArtithmeticOperator,-
ps_python_calculate_function,ArtithmeticOperator,/
ps_python_calculate_function,ArtithmeticOperator,**
ps_python_calculate_function,ArtithmeticOperator,Modulus
ps_python_calculate_function,Statement,ExpressionStatement
ps_python_calculate_function,ConditionalStatement,IfElifElseStatement
ps_python_calculate_function,ConditionalStatement,IfStatement
ps_python_calculate_function,ConditionalStatement,IfElseStatement
ps_python_calculate_function,ConditionalStatement,IfElifStatement
ps_python_calculate_function,ImportStatement,Import
ps_python_calculate_function,ImportStatement,ImportFrom
ps_python_calculate_function,JumpStatement,PassStatement
ps_python_calculate_function,JumpStatement,BreakStatement
ps_python_calculate_function,JumpStatement,ContinueStatement
ps_python_calculate_function,JumpStatement,ReturnStatement
ps_python_calculate_function,IterationStatement,ForStatement
ps_python_calculate_function,IterationStatement,WhileStatement
ps_python_calculate_function,ExceptionHandlingStatement,TryStatement
ps_python_calculate_function,ExceptionHandlingStatement,RaiseStatement
ps_python_calculate_function,ExceptionHandlingStatement,AssertStatement
ps_python_calculate_function,AssignmentStatement,AugmentedAssignmentStatement
ps_python_calculate_function,DefinitionStatement,ClassDefinition
ps_python_calculate_function,BuiltInFunction,dict()
ps_python_calculate_function,BuiltInFunction,str()
ps_python_calculate_function,BuiltInFunction,next()
ps_python_calculate_function,BuiltInFunction,input()
ps_python_calculate_function,BuiltInFunction,int()
ps_python_calculate_function,BuiltInFunction,max()
ps_python_calculate_function,BuiltInFunction,float()
ps_python_calculate_function,BuiltInFunction,set()
ps_python_calculate_function,BuiltInFunction,open()
ps_python_calculate_function,BuiltInFunction,range()
ps_python_calculate_function,BuiltInFunction,tuple()
ps_python_calculate_function,BuiltInFunction,abs()
ps_python_calculate_function,BuiltInFunction,round()
ps_python_calculate_function,BuiltInFunction,len()
ps_python_calculate_function,BuiltInFunction,min()
ps_python_calculate_function,BuiltInFunction,list()
ps_python_nested_calls,ArithmeticExpression,UnaryOperation
ps_python_nested_calls,NumericLiteral,FloatLiteral
ps_python_nested_calls,NumericLiteral,IntegerLiteral
ps_python_nested_calls,ClassMethod,__init()__
ps_python_nested_calls,AssignmentStatement,AugmentedAssignmentStatement
ps_python_nested_calls,DefinitionStatement,ClassDefinition
ps_python_nested_calls,BuiltInFunction,list()
ps_python_recursive_factorial,SubscriptExpression,SlicingExpression
ps_python_recursive_factorial,ArithmeticExpression,UnaryOperation
ps_python_recursive_factorial,LogicalExpression,BooleanExpression
ps_python_recursive_factorial,Literal,StringLiteral
ps_python_recursive_factorial,NumericLiteral,FloatLiteral
ps_python_recursive_factorial,NumericLiteral,IntegerLiteral
ps_python_recursive_factorial,LiteralCollection,TupleLiteral
ps_python_recursive_factorial,LiteralCollection,SetLiteral
ps_python_recursive_factorial,LiteralCollection,ListLiteral
ps_python_recursive_factorial,LiteralCollection,DictLiteral
ps_python_recursive_factorial,Error,TypeError
ps_python_recursive_factorial,Error,OSError
ps_python_recursive_factorial,Error,IndexError
ps_python_recursive_factorial,Error,IOError
ps_python_recursive_factorial,Error,FileNotFoundError
ps_python_recursive_factorial,Error,ValueError
ps_python_recursive_factorial,Error,AssertionError
ps_python_recursive_factorial,StringMethod,lower()
ps_python_recursive_factorial,StringMethod,join()
ps_python_recursive_factorial,StringMethod,format()
ps_python_recursive_factorial,StringMethod,capitalize()
ps_python_recursive_factorial,StringMethod,rstrip()
ps_python_recursive_factorial,StringMethod,replace()
ps_python_recursive_factorial,DictionaryMethod,values()
ps_python_recursive_factorial,DictionaryMethod,keys()
ps_python_recursive_factorial,DictionaryMethod,items()
ps_python_recursive_factorial,DictionaryMethod,get()
ps_python_recursive_factorial,ClassMethod,__init()__
ps_python_recursive_factorial,ListMethod,reverse()
ps_python_recursive_factorial,ListMethod,insert()
ps_python_recursive_factorial,ListMethod,remove()
ps_python_recursive_factorial,ListMethod,append()
ps_python_recursive_factorial,ListMethod,pop()
ps_python_recursive_factorial,FileMethod,readline()
ps_python_recursive_factorial,FileMethod,close()
ps_python_recursive_factorial,FileMethod,read()
ps_python_recursive_factorial,Operator,=
ps_python_recursive_factorial,ComparisonOperator,LessOrEqual
ps_python_recursive_factorial,ComparisonOperator,Less
ps_python_recursive_factorial,ComparisonOperator,Larger
ps_python_recursive_factorial,ComparisonOperator,LargerOrEqual
ps_python_recursive_factorial,ComparisonOperator,==
ps_python_recursive_factorial,ComparisonOperator,NotEqual
ps_python_recursive_factorial,MembershipOperator,in
ps_python_recursive_factorial,LogicalOperator,and
ps_python_recursive_factorial,LogicalOperator,or
ps_python_recursive_factorial,LogicalOperator,not
ps_python_recursive_factorial,ArtithmeticOperator,//
ps_python_recursive_factorial,ArtithmeticOperator,-
ps_python_recursive_factorial,ArtithmeticOperator,+
ps_python_recursive_factorial,ArtithmeticOperator,/
ps_python_recursive_factorial,ArtithmeticOperator,**
ps_python_recursive_factorial,ArtithmeticOperator,Modulus
ps_python_recursive_factorial,ArtithmeticOperator,*
ps_python_recursive_factorial,Statement,ExpressionStatement
ps_python_recursive_factorial,ConditionalStatement,IfElifElseStatement
ps_python_recursive_factorial,ConditionalStatement,IfStatement
ps_python_recursive_factorial,ConditionalStatement,IfElifStatement
ps_python_recursive_factorial,ImportStatement,Import
ps_python_recursive_factorial,ImportStatement,ImportFrom
ps_python_recursive_factorial,JumpStatement,PassStatement
ps_python_recursive_factorial,JumpStatement,BreakStatement
ps_python_recursive_factorial,JumpStatement,ContinueStatement
ps_python_recursive_factorial,JumpStatement,ReturnStatement
ps_python_recursive_factorial,AssignmentStatement,AugmentedAssignmentStatement
ps_python_recursive_factorial,DefinitionStatement,ClassDefinition
ps_python_recursive_factorial,BuiltInFunction,dict()
ps_python_recursive_factorial,BuiltInFunction,str()
ps_python_recursive_factorial,BuiltInFunction,next()
ps_python_recursive_factorial,BuiltInFunction,input()
ps_python_recursive_factorial,BuiltInFunction,max()
ps_python_recursive_factorial,BuiltInFunction,float()
ps_python_recursive_factorial,BuiltInFunction,set()
ps_python_recursive_factorial,BuiltInFunction,open()
ps_python_recursive_factorial,BuiltInFunction,range()
ps_python_recursive_factorial,BuiltInFunction,tuple()
ps_python_recursive_factorial,BuiltInFunction,abs()
ps_python_recursive_factorial,BuiltInFunction,round()
ps_python_recursive_factorial,BuiltInFunction,len()
ps_python_recursive_factorial,BuiltInFunction,min()
ps_python_recursive_factorial,BuiltInFunction,list()
ps_python_class_person,ArithmeticExpression,UnaryOperation
ps_python_class_person,LogicalExpression,ComparisonExpression
ps_python_class_person,LogicalExpression,BooleanExpression
ps_python_class_person,Literal,BooleanLiteral
ps_python_class_person,Literal,NoneLiteral
ps_python_class_person,NumericLiteral,FloatLiteral
ps_python_class_person,NumericLiteral,IntegerLiteral
ps_python_class_person,LiteralCollection,TupleLiteral
ps_python_class_person,LiteralCollection,SetLiteral
ps_python_class_person,LiteralCollection,ListLiteral
ps_python_class_person,LiteralCollection,DictLiteral
ps_python_class_person,ClassMethod,__init()__
ps_python_class_person,MembershipOperator,in
ps_python_class_person,AssignmentStatement,AugmentedAssignmentStatement
ps_python_class_person,BuiltInFunction,list()
ps_python_list_iteration_zoo,ClassMethod,__init()__
ps_python_nested_lists_indexing,ClassMethod,__init()__
ps_python_string_indexing,Call,FunctionCall
ps_python_string_indexing,NumericLiteral,FloatLiteral
ps_python_string_indexing,NumericLiteral,IntegerLiteral
ps_python_string_indexing,ClassMethod,__init()__
ps_python_string_indexing,ComparisonOperator,==
ps_python_string_indexing,AssignmentStatement,AugmentedAssignmentStatement
ps_python_dict_keys,ClassMethod,__init()__
ps_python_dict_filter,SubscriptExpression,SlicingExpression
ps_python_dict_filter,Call,FunctionCall
ps_python_dict_filter,ArithmeticExpression,BinaryOperation
ps_python_dict_filter,ArithmeticExpression,UnaryOperation
ps_python_dict_filter,LogicalExpression,BooleanExpression
ps_python_dict_filter,Literal,BooleanLiteral
ps_python_dict_filter,Literal,NoneLiteral
ps_python_dict_filter,NumericLiteral,FloatLiteral
ps_python_dict_filter,NumericLiteral,IntegerLiteral
ps_python_dict_filter,LiteralCollection,TupleLiteral
ps_python_dict_filter,LiteralCollection,SetLiteral
ps_python_dict_filter,LiteralCollection,ListLiteral
ps_python_dict_filter,Error,TypeError
ps_python_dict_filter,Error,OSError
ps_python_dict_filter,Error,IndexError
ps_python_dict_filter,Error,IOError
ps_python_dict_filter,Error,FileNotFoundError
ps_python_dict_filter,Error,ValueError
ps_python_dict_filter,Error,AssertionError
ps_python_dict_filter,StringMethod,split()
ps_python_dict_filter,StringMethod,lower()
ps_python_dict_filter,StringMethod,join()
ps_python_dict_filter,StringMethod,format()
ps_python_dict_filter,StringMethod,capitalize()
ps_python_dict_filter,StringMethod,rstrip()
ps_python_dict_filter,StringMethod,replace()
ps_python_dict_filter,DictionaryMethod,values()
ps_python_dict_filter,DictionaryMethod,keys()
ps_python_dict_filter,DictionaryMethod,get()
ps_python_dict_filter,ClassMethod,__init()__
ps_python_dict_filter,ListMethod,reverse()
ps_python_dict_filter,ListMethod,insert()
ps_python_dict_filter,ListMethod,remove()
ps_python_dict_filter,ListMethod,append()
ps_python_dict_filter,ListMethod,pop()
ps_python_dict_filter,FileMethod,readline()
ps_python_dict_filter,FileMethod,close()
ps_python_dict_filter,FileMethod,read()
ps_python_dict_filter,Operator,=
ps_python_dict_filter,ComparisonOperator,LessOrEqual
ps_python_dict_filter,ComparisonOperator,Less
ps_python_dict_filter,ComparisonOperator,Larger
ps_python_dict_filter,ComparisonOperator,LargerOrEqual
ps_python_dict_filter,ComparisonOperator,==
ps_python_dict_filter,ComparisonOperator,NotEqual
ps_python_dict_filter,MembershipOperator,in
ps_python_dict_filter,LogicalOperator,and
ps_python_dict_filter,LogicalOperator,or
ps_python_dict_filter,LogicalOperator,not
ps_python_dict_filter,ArtithmeticOperator,//
ps_python_dict_filter,ArtithmeticOperator,-
ps_python_dict_filter,ArtithmeticOperator,+
ps_python_dict_filter,ArtithmeticOperator,/
ps_python_dict_filter,ArtithmeticOperator,**
ps_python_dict_filter,ArtithmeticOperator,Modulus
ps_python_dict_filter,ArtithmeticOperator,*
ps_python_dict_filter,ConditionalStatement,IfElifElseStatement
ps_python_dict_filter,ConditionalStatement,IfElseStatement
ps_python_dict_filter,ConditionalStatement,IfElifStatement
ps_python_dict_filter,ImportStatement,Import
ps_python_dict_filter,ImportStatement,ImportFrom
ps_python_dict_filter,JumpStatement,PassStatement
ps_python_dict_filter,JumpStatement,BreakStatement
ps_python_dict_filter,JumpStatement,ContinueStatement
ps_python_dict_filter,JumpStatement,ReturnStatement
ps_python_dict_filter,IterationStatement,WhileStatement
ps_python_dict_filter,ExceptionHandlingStatement,TryStatement
ps_python_dict_filter,ExceptionHandlingStatement,RaiseStatement
ps_python_dict_filter,ExceptionHandlingStatement,AssertStatement
ps_python_dict_filter,AssignmentStatement,AugmentedAssignmentStatement
ps_python_dict_filter,BuiltInFunction,dict()
ps_python_dict_filter,BuiltInFunction,str()
ps_python_dict_filter,BuiltInFunction,next()
ps_python_dict_filter,BuiltInFunction,input()
ps_python_dict_filter,BuiltInFunction,int()
ps_python_dict_filter,BuiltInFunction,max()
ps_python_dict_filter,BuiltInFunction,float()
ps_python_dict_filter,BuiltInFunction,set()
ps_python_dict_filter,BuiltInFunction,open()
ps_python_dict_filter,BuiltInFunction,range()
ps_python_dict_filter,BuiltInFunction,tuple()
ps_python_dict_filter,BuiltInFunction,abs()
ps_python_dict_filter,BuiltInFunction,round()
ps_python_dict_filter,BuiltInFunction,len()
ps_python_dict_filter,BuiltInFunction,min()
ps_python_dict_filter,BuiltInFunction,list()
ps_python_bigger_than,NumericLiteral,FloatLiteral
ps_python_bigger_than,NumericLiteral,IntegerLiteral
ps_python_conditionals_temperature,SubscriptExpression,IndexingExpression
ps_python_conditionals_temperature,SubscriptExpression,SlicingExpression
ps_python_conditionals_temperature,Call,FunctionCall
ps_python_conditionals_temperature,ArithmeticExpression,BinaryOperation
ps_python_conditionals_temperature,ArithmeticExpression,UnaryOperation
ps_python_conditionals_temperature,LogicalExpression,BooleanExpression
ps_python_conditionals_temperature,Literal,BooleanLiteral
ps_python_conditionals_temperature,Literal,NoneLiteral
ps_python_conditionals_temperature,NumericLiteral,FloatLiteral
ps_python_conditionals_temperature,NumericLiteral,IntegerLiteral
ps_python_conditionals_temperature,LiteralCollection,TupleLiteral
ps_python_conditionals_temperature,LiteralCollection,SetLiteral
ps_python_conditionals_temperature,LiteralCollection,ListLiteral
ps_python_conditionals_temperature,LiteralCollection,DictLiteral
ps_python_conditionals_temperature,Error,TypeError
ps_python_conditionals_temperature,Error,OSError
ps_python_conditionals_temperature,Error,IndexError
ps_python_conditionals_temperature,Error,IOError
ps_python_conditionals_temperature,Error,FileNotFoundError
ps_python_conditionals_temperature,Error,ValueError
ps_python_conditionals_temperature,Error,AssertionError
ps_python_conditionals_temperature,StringMethod,split()
ps_python_conditionals_temperature,StringMethod,lower()
ps_python_conditionals_temperature,StringMethod,join()
ps_python_conditionals_temperature,StringMethod,format()
ps_python_conditionals_temperature,StringMethod,capitalize()
ps_python_conditionals_temperature,StringMethod,rstrip()
ps_python_conditionals_temperature,StringMethod,replace()
ps_python_conditionals_temperature,DictionaryMethod,values()
ps_python_conditionals_temperature,DictionaryMethod,keys()
ps_python_conditionals_temperature,DictionaryMethod,items()
ps_python_conditionals_temperature,DictionaryMethod,get()
ps_python_conditionals_temperature,ClassMethod,__init()__
ps_python_conditionals_temperature,ListMethod,reverse()
ps_python_conditionals_temperature,ListMethod,insert()
ps_python_conditionals_temperature,ListMethod,remove()
ps_python_conditionals_temperature,ListMethod,append()
ps_python_conditionals_temperature,ListMethod,pop()
ps_python_conditionals_temperature,FileMethod,readline()
ps_python_conditionals_temperature,FileMethod,close()
ps_python_conditionals_temperature,FileMethod,read()
ps_python_conditionals_temperature,Operator,=
ps_python_conditionals_temperature,ComparisonOperator,LessOrEqual
ps_python_conditionals_temperature,ComparisonOperator,Less
ps_python_conditionals_temperature,ComparisonOperator,Larger
ps_python_conditionals_temperature,ComparisonOperator,LargerOrEqual
ps_python_conditionals_temperature,ComparisonOperator,==
ps_python_conditionals_temperature,ComparisonOperator,NotEqual
ps_python_conditionals_temperature,MembershipOperator,in
ps_python_conditionals_temperature,LogicalOperator,and
ps_python_conditionals_temperature,LogicalOperator,or
ps_python_conditionals_temperature,LogicalOperator,not
ps_python_conditionals_temperature,ArtithmeticOperator,//
ps_python_conditionals_temperature,ArtithmeticOperator,-
ps_python_conditionals_temperature,ArtithmeticOperator,+
ps_python_conditionals_temperature,ArtithmeticOperator,/
ps_python_conditionals_temperature,ArtithmeticOperator,**
ps_python_conditionals_temperature,ArtithmeticOperator,Modulus
ps_python_conditionals_temperature,ArtithmeticOperator,*
ps_python_conditionals_temperature,Statement,ExpressionStatement
ps_python_conditionals_temperature,ConditionalStatement,IfElifStatement
ps_python_conditionals_temperature,ImportStatement,Import
ps_python_conditionals_temperature,ImportStatement,ImportFrom
ps_python_conditionals_temperature,JumpStatement,PassStatement
ps_python_conditionals_temperature,JumpStatement,BreakStatement
ps_python_conditionals_temperature,JumpStatement,ContinueStatement
ps_python_conditionals_temperature,JumpStatement,ReturnStatement
ps_python_conditionals_temperature,IterationStatement,ForStatement
ps_python_conditionals_temperature,IterationStatement,WhileStatement
ps_python_conditionals_temperature,ExceptionHandlingStatement,TryStatement
ps_python_conditionals_temperature,ExceptionHandlingStatement,RaiseStatement
ps_python_conditionals_temperature,ExceptionHandlingStatement,AssertStatement
ps_python_conditionals_temperature,AssignmentStatement,AugmentedAssignmentStatement
ps_python_conditionals_temperature,DefinitionStatement,FunctionDefinition
ps_python_conditionals_temperature,DefinitionStatement,ClassDefinition
ps_python_conditionals_temperature,BuiltInFunction,dict()
ps_python_conditionals_temperature,BuiltInFunction,str()
ps_python_conditionals_temperature,BuiltInFunction,next()
ps_python_conditionals_temperature,BuiltInFunction,input()
ps_python_conditionals_temperature,BuiltInFunction,int()
ps_python_conditionals_temperature,BuiltInFunction,max()
ps_python_conditionals_temperature,BuiltInFunction,float()
ps_python_conditionals_temperature,BuiltInFunction,set()
ps_python_conditionals_temperature,BuiltInFunction,open()
ps_python_conditionals_temperature,BuiltInFunction,range()
ps_python_conditionals_temperature,BuiltInFunction,tuple()
ps_python_conditionals_temperature,BuiltInFunction,abs()
ps_python_conditionals_temperature,BuiltInFunction,round()
ps_python_conditionals_temperature,BuiltInFunction,len()
ps_python_conditionals_temperature,BuiltInFunction,min()
ps_python_conditionals_temperature,BuiltInFunction,list()
ps_python_printing_file_contents,Call,FunctionCall
ps_python_printing_file_contents,LogicalExpression,BooleanExpression
ps_python_printing_file_contents,Literal,BooleanLiteral
ps_python_printing_file_contents,Literal,NoneLiteral
ps_python_printing_file_contents,NumericLiteral,FloatLiteral
ps_python_printing_file_contents,NumericLiteral,IntegerLiteral
ps_python_printing_file_contents,Error,TypeError
ps_python_printing_file_contents,Error,IndexError
ps_python_printing_file_contents,Error,IOError
ps_python_printing_file_contents,Error,FileNotFoundError
ps_python_printing_file_contents,Error,ValueError
ps_python_printing_file_contents,Error,AssertionError
ps_python_printing_file_contents,DictionaryMethod,values()
ps_python_printing_file_contents,DictionaryMethod,keys()
ps_python_printing_file_contents,DictionaryMethod,items()
ps_python_printing_file_contents,DictionaryMethod,get()
ps_python_printing_file_contents,ClassMethod,__init()__
ps_python_printing_file_contents,ListMethod,reverse()
ps_python_printing_file_contents,ListMethod,insert()
ps_python_printing_file_contents,ListMethod,remove()
ps_python_printing_file_contents,ListMethod,append()
ps_python_printing_file_contents,ListMethod,pop()
ps_python_printing_file_contents,FileMethod,read()
ps_python_printing_file_contents,Operator,=
ps_python_printing_file_contents,ComparisonOperator,LessOrEqual
ps_python_printing_file_contents,ComparisonOperator,Less
ps_python_printing_file_contents,ComparisonOperator,Larger
ps_python_printing_file_contents,ComparisonOperator,LargerOrEqual
ps_python_printing_file_contents,ComparisonOperator,==
ps_python_printing_file_contents,MembershipOperator,in
ps_python_printing_file_contents,ArtithmeticOperator,//
ps_python_printing_file_contents,ArtithmeticOperator,-
ps_python_printing_file_contents,ArtithmeticOperator,+
ps_python_printing_file_contents,ArtithmeticOperator,/
ps_python_printing_file_contents,ArtithmeticOperator,**
ps_python_printing_file_contents,ArtithmeticOperator,Modulus
ps_python_printing_file_contents,ArtithmeticOperator,*
ps_python_printing_file_contents,ConditionalStatement,IfElifElseStatement
ps_python_printing_file_contents,ConditionalStatement,IfStatement
ps_python_printing_file_contents,ConditionalStatement,IfElseStatement
ps_python_printing_file_contents,ConditionalStatement,IfElifStatement
ps_python_printing_file_contents,IterationStatement,ForStatement
ps_python_printing_file_contents,AssignmentStatement,AugmentedAssignmentStatement
ps_python_printing_file_contents,BuiltInFunction,dict()
ps_python_printing_file_contents,BuiltInFunction,str()
ps_python_printing_file_contents,BuiltInFunction,next()
ps_python_printing_file_contents,BuiltInFunction,input()
ps_python_printing_file_contents,BuiltInFunction,int()
ps_python_printing_file_contents,BuiltInFunction,max()
ps_python_printing_file_contents,BuiltInFunction,float()
ps_python_printing_file_contents,BuiltInFunction,set()
ps_python_printing_file_contents,BuiltInFunction,range()
ps_python_printing_file_contents,BuiltInFunction,tuple()
ps_python_printing_file_contents,BuiltInFunction,abs()
ps_python_printing_file_contents,BuiltInFunction,round()
ps_python_printing_file_contents,BuiltInFunction,len()
ps_python_printing_file_contents,BuiltInFunction,min()
ps_python_printing_file_contents,BuiltInFunction,list()
ps_python_nested_ifs,SubscriptExpression,IndexingExpression
ps_python_nested_ifs,SubscriptExpression,SlicingExpression
ps_python_nested_ifs,Call,FunctionCall
ps_python_nested_ifs,ArithmeticExpression,BinaryOperation
ps_python_nested_ifs,ArithmeticExpression,UnaryOperation
ps_python_nested_ifs,LogicalExpression,BooleanExpression
ps_python_nested_ifs,Literal,BooleanLiteral
ps_python_nested_ifs,Literal,NoneLiteral
ps_python_nested_ifs,NumericLiteral,FloatLiteral
ps_python_nested_ifs,NumericLiteral,IntegerLiteral
ps_python_nested_ifs,LiteralCollection,TupleLiteral
ps_python_nested_ifs,LiteralCollection,SetLiteral
ps_python_nested_ifs,LiteralCollection,ListLiteral
ps_python_nested_ifs,LiteralCollection,DictLiteral
ps_python_nested_ifs,Error,TypeError
ps_python_nested_ifs,Error,OSError
ps_python_nested_ifs,Error,IndexError
ps_python_nested_ifs,Error,IOError
ps_python_nested_ifs,Error,FileNotFoundError
ps_python_nested_ifs,Error,ValueError
ps_python_nested_ifs,Error,AssertionError
ps_python_nested_ifs,StringMethod,split()
ps_python_nested_ifs,StringMethod,lower()
ps_python_nested_ifs,StringMethod,join()
ps_python_nested_ifs,StringMethod,format()
ps_python_nested_ifs,StringMethod,capitalize()
ps_python_nested_ifs,StringMethod,rstrip()
ps_python_nested_ifs,StringMethod,replace()
ps_python_nested_ifs,DictionaryMethod,values()
ps_python_nested_ifs,DictionaryMethod,keys()
ps_python_nested_ifs,DictionaryMethod,items()
ps_python_nested_ifs,DictionaryMethod,get()
ps_python_nested_ifs,ClassMethod,__init()__
ps_python_nested_ifs,ListMethod,reverse()
ps_python_nested_ifs,ListMethod,insert()
ps_python_nested_ifs,ListMethod,remove()
ps_python_nested_ifs,ListMethod,append()
ps_python_nested_ifs,ListMethod,pop()
ps_python_nested_ifs,FileMethod,readline()
ps_python_nested_ifs,FileMethod,close()
ps_python_nested_ifs,FileMethod,read()
ps_python_nested_ifs,Operator,=
ps_python_nested_ifs,ComparisonOperator,Larger
ps_python_nested_ifs,ComparisonOperator,LargerOrEqual
ps_python_nested_ifs,ComparisonOperator,==
ps_python_nested_ifs,ComparisonOperator,NotEqual
ps_python_nested_ifs,MembershipOperator,in
ps_python_nested_ifs,LogicalOperator,and
ps_python_nested_ifs,LogicalOperator,or
ps_python_nested_ifs,LogicalOperator,not
ps_python_nested_ifs,ArtithmeticOperator,//
ps_python_nested_ifs,ArtithmeticOperator,-
ps_python_nested_ifs,ArtithmeticOperator,+
ps_python_nested_ifs,ArtithmeticOperator,/
ps_python_nested_ifs,ArtithmeticOperator,**
ps_python_nested_ifs,ArtithmeticOperator,Modulus
ps_python_nested_ifs,ArtithmeticOperator,*
ps_python_nested_ifs,Statement,ExpressionStatement
ps_python_nested_ifs,ConditionalStatement,IfElseStatement
ps_python_nested_ifs,ConditionalStatement,IfElifStatement
ps_python_nested_ifs,ImportStatement,Import
ps_python_nested_ifs,ImportStatement,ImportFrom
ps_python_nested_ifs,JumpStatement,PassStatement
ps_python_nested_ifs,JumpStatement,BreakStatement
ps_python_nested_ifs,JumpStatement,ContinueStatement
ps_python_nested_ifs,JumpStatement,ReturnStatement
ps_python_nested_ifs,IterationStatement,ForStatement
ps_python_nested_ifs,IterationStatement,WhileStatement
ps_python_nested_ifs,ExceptionHandlingStatement,TryStatement
ps_python_nested_ifs,ExceptionHandlingStatement,RaiseStatement
ps_python_nested_ifs,ExceptionHandlingStatement,AssertStatement
ps_python_nested_ifs,AssignmentStatement,SimpleAssignmentStatement
ps_python_nested_ifs,AssignmentStatement,AugmentedAssignmentStatement
ps_python_nested_ifs,DefinitionStatement,FunctionDefinition
ps_python_nested_ifs,DefinitionStatement,ClassDefinition
ps_python_nested_ifs,BuiltInFunction,dict()
ps_python_nested_ifs,BuiltInFunction,str()
ps_python_nested_ifs,BuiltInFunction,next()
ps_python_nested_ifs,BuiltInFunction,input()
ps_python_nested_ifs,BuiltInFunction,int()
ps_python_nested_ifs,BuiltInFunction,max()
ps_python_nested_ifs,BuiltInFunction,float()
ps_python_nested_ifs,BuiltInFunction,set()
ps_python_nested_ifs,BuiltInFunction,open()
ps_python_nested_ifs,BuiltInFunction,range()
ps_python_nested_ifs,BuiltInFunction,tuple()
ps_python_nested_ifs,BuiltInFunction,abs()
ps_python_nested_ifs,BuiltInFunction,round()
ps_python_nested_ifs,BuiltInFunction,len()
ps_python_nested_ifs,BuiltInFunction,min()
ps_python_nested_ifs,BuiltInFunction,list()
ps_python_comparisons,ClassMethod,__init()__
ps_python_add_to_list,SubscriptExpression,SlicingExpression
ps_python_add_to_list,Call,FunctionCall
ps_python_add_to_list,ArithmeticExpression,UnaryOperation
ps_python_add_to_list,LogicalExpression,ComparisonExpression
ps_python_add_to_list,LogicalExpression,BooleanExpression
ps_python_add_to_list,Literal,StringLiteral
ps_python_add_to_list,Literal,BooleanLiteral
ps_python_add_to_list,Literal,NoneLiteral
ps_python_add_to_list,NumericLiteral,FloatLiteral
ps_python_add_to_list,NumericLiteral,IntegerLiteral
ps_python_add_to_list,LiteralCollection,TupleLiteral
ps_python_add_to_list,LiteralCollection,SetLiteral
ps_python_add_to_list,LiteralCollection,DictLiteral
ps_python_add_to_list,Error,TypeError
ps_python_add_to_list,Error,OSError
ps_python_add_to_list,Error,IndexError
ps_python_add_to_list,Error,IOError
ps_python_add_to_list,Error,FileNotFoundError
ps_python_add_to_list,Error,ValueError
ps_python_add_to_list,Error,AssertionError
ps_python_add_to_list,StringMethod,split()
ps_python_add_to_list,StringMethod,lower()
ps_python_add_to_list,StringMethod,join()
ps_python_add_to_list,StringMethod,format()
ps_python_add_to_list,StringMethod,capitalize()
ps_python_add_to_list,StringMethod,rstrip()
ps_python_add_to_list,StringMethod,replace()
ps_python_add_to_list,DictionaryMethod,values()
ps_python_add_to_list,DictionaryMethod,keys()
ps_python_add_to_list,DictionaryMethod,items()
ps_python_add_to_list,DictionaryMethod,get()
ps_python_add_to_list,ClassMethod,__init()__
ps_python_add_to_list,ListMethod,reverse()
ps_python_add_to_list,ListMethod,insert()
ps_python_add_to_list,ListMethod,remove()
ps_python_add_to_list,ListMethod,append()
ps_python_add_to_list,ListMethod,pop()
ps_python_add_to_list,FileMethod,readline()
ps_python_add_to_list,FileMethod,close()
ps_python_add_to_list,FileMethod,read()
ps_python_add_to_list,Operator,=
ps_python_add_to_list,ComparisonOperator,LessOrEqual
ps_python_add_to_list,ComparisonOperator,Less
ps_python_add_to_list,ComparisonOperator,Larger
ps_python_add_to_list,ComparisonOperator,LargerOrEqual
ps_python_add_to_list,ComparisonOperator,==
ps_python_add_to_list,ComparisonOperator,NotEqual
ps_python_add_to_list,MembershipOperator,in
ps_python_add_to_list,LogicalOperator,and
ps_python_add_to_list,LogicalOperator,or
ps_python_add_to_list,LogicalOperator,not
ps_python_add_to_list,ArtithmeticOperator,//
ps_python_add_to_list,ArtithmeticOperator,-
ps_python_add_to_list,ArtithmeticOperator,+
ps_python_add_to_list,ArtithmeticOperator,/
ps_python_add_to_list,ArtithmeticOperator,**
ps_python_add_to_list,ArtithmeticOperator,Modulus
ps_python_add_to_list,ArtithmeticOperator,*
ps_python_add_to_list,ConditionalStatement,IfElifElseStatement
ps_python_add_to_list,ConditionalStatement,IfStatement
ps_python_add_to_list,ConditionalStatement,IfElseStatement
ps_python_add_to_list,ConditionalStatement,IfElifStatement
ps_python_add_to_list,ImportStatement,Import
ps_python_add_to_list,ImportStatement,ImportFrom
ps_python_add_to_list,JumpStatement,PassStatement
ps_python_add_to_list,JumpStatement,BreakStatement
ps_python_add_to_list,JumpStatement,ContinueStatement
ps_python_add_to_list,JumpStatement,ReturnStatement
ps_python_add_to_list,IterationStatement,WhileStatement
ps_python_add_to_list,ExceptionHandlingStatement,TryStatement
ps_python_add_to_list,ExceptionHandlingStatement,RaiseStatement
ps_python_add_to_list,ExceptionHandlingStatement,AssertStatement
ps_python_add_to_list,AssignmentStatement,SimpleAssignmentStatement
ps_python_add_to_list,DefinitionStatement,ClassDefinition
ps_python_add_to_list,BuiltInFunction,dict()
ps_python_add_to_list,BuiltInFunction,str()
ps_python_add_to_list,BuiltInFunction,next()
ps_python_add_to_list,BuiltInFunction,input()
ps_python_add_to_list,BuiltInFunction,max()
ps_python_add_to_list,BuiltInFunction,float()
ps_python_add_to_list,BuiltInFunction,set()
ps_python_add_to_list,BuiltInFunction,open()
ps_python_add_to_list,BuiltInFunction,tuple()
ps_python_add_to_list,BuiltInFunction,abs()
ps_python_add_to_list,BuiltInFunction,round()
ps_python_add_to_list,BuiltInFunction,min()
ps_python_add_to_list,BuiltInFunction,print()
ps_python_add_to_list,BuiltInFunction,list()
ps_python_swap,ClassMethod,__init()__
ps_python_swap,ComparisonOperator,==
ps_python_swap,MembershipOperator,in
ps_python_swap,AssignmentStatement,AugmentedAssignmentStatement
ps_python_xor,Call,FunctionCall
ps_python_xor,NumericLiteral,FloatLiteral
ps_python_xor,NumericLiteral,IntegerLiteral
ps_python_xor,ClassMethod,__init()__
ps_python_xor,Operator,=
ps_python_xor,ComparisonOperator,LessOrEqual
ps_python_xor,ComparisonOperator,Less
ps_python_xor,ComparisonOperator,Larger
ps_python_xor,ComparisonOperator,LargerOrEqual
ps_python_xor,ComparisonOperator,NotEqual
ps_python_xor,MembershipOperator,in
ps_python_xor,ConditionalStatement,IfStatement
ps_python_xor,ConditionalStatement,IfElseStatement
ps_python_xor,ConditionalStatement,IfElifStatement
ps_python_xor,ImportStatement,ImportFrom
ps_python_xor,AssignmentStatement,AugmentedAssignmentStatement
ps_python_xor,BuiltInFunction,list()
ps_python_for_odd_or_even,SubscriptExpression,SlicingExpression
ps_python_for_odd_or_even,Call,FunctionCall
ps_python_for_odd_or_even,ArithmeticExpression,UnaryOperation
ps_python_for_odd_or_even,Literal,BooleanLiteral
ps_python_for_odd_or_even,Literal,NoneLiteral
ps_python_for_odd_or_even,NumericLiteral,FloatLiteral
ps_python_for_odd_or_even,NumericLiteral,IntegerLiteral
ps_python_for_odd_or_even,LiteralCollection,TupleLiteral
ps_python_for_odd_or_even,LiteralCollection,SetLiteral
ps_python_for_odd_or_even,LiteralCollection,DictLiteral
ps_python_for_odd_or_even,Error,TypeError
ps_python_for_odd_or_even,Error,OSError
ps_python_for_odd_or_even,Error,IndexError
ps_python_for_odd_or_even,Error,IOError
ps_python_for_odd_or_even,Error,FileNotFoundError
ps_python_for_odd_or_even,Error,ValueError
ps_python_for_odd_or_even,Error,AssertionError
ps_python_for_odd_or_even,StringMethod,split()
ps_python_for_odd_or_even,StringMethod,lower()
ps_python_for_odd_or_even,StringMethod,join()
ps_python_for_odd_or_even,StringMethod,format()
ps_python_for_odd_or_even,StringMethod,capitalize()
ps_python_for_odd_or_even,StringMethod,rstrip()
ps_python_for_odd_or_even,StringMethod,replace()
ps_python_for_odd_or_even,DictionaryMethod,values()
ps_python_for_odd_or_even,DictionaryMethod,keys()
ps_python_for_odd_or_even,DictionaryMethod,items()
ps_python_for_odd_or_even,DictionaryMethod,get()
ps_python_for_odd_or_even,ClassMethod,__init()__
ps_python_for_odd_or_even,ListMethod,reverse()
ps_python_for_odd_or_even,ListMethod,insert()
ps_python_for_odd_or_even,ListMethod,remove()
ps_python_for_odd_or_even,ListMethod,append()
ps_python_for_odd_or_even,ListMethod,pop()
ps_python_for_odd_or_even,FileMethod,readline()
ps_python_for_odd_or_even,FileMethod,close()
ps_python_for_odd_or_even,FileMethod,read()
ps_python_for_odd_or_even,Operator,=
ps_python_for_odd_or_even,ComparisonOperator,LessOrEqual
ps_python_for_odd_or_even,ComparisonOperator,Less
ps_python_for_odd_or_even,ComparisonOperator,Larger
ps_python_for_odd_or_even,ComparisonOperator,LargerOrEqual
ps_python_for_odd_or_even,ComparisonOperator,NotEqual
ps_python_for_odd_or_even,MembershipOperator,in
ps_python_for_odd_or_even,LogicalOperator,and
ps_python_for_odd_or_even,LogicalOperator,or
ps_python_for_odd_or_even,LogicalOperator,not
ps_python_for_odd_or_even,ArtithmeticOperator,//
ps_python_for_odd_or_even,ArtithmeticOperator,-
ps_python_for_odd_or_even,ArtithmeticOperator,+
ps_python_for_odd_or_even,ArtithmeticOperator,/
ps_python_for_odd_or_even,ArtithmeticOperator,**
ps_python_for_odd_or_even,ArtithmeticOperator,Modulus
ps_python_for_odd_or_even,ArtithmeticOperator,*
ps_python_for_odd_or_even,Statement,ExpressionStatement
ps_python_for_odd_or_even,ConditionalStatement,IfElifElseStatement
ps_python_for_odd_or_even,ConditionalStatement,IfStatement
ps_python_for_odd_or_even,ConditionalStatement,IfElifStatement
ps_python_for_odd_or_even,ImportStatement,Import
ps_python_for_odd_or_even,ImportStatement,ImportFrom
ps_python_for_odd_or_even,IterationStatement,WhileStatement
ps_python_for_odd_or_even,ExceptionHandlingStatement,RaiseStatement
ps_python_for_odd_or_even,ExceptionHandlingStatement,AssertStatement
ps_python_for_odd_or_even,AssignmentStatement,AugmentedAssignmentStatement
ps_python_for_odd_or_even,BuiltInFunction,dict()
ps_python_for_odd_or_even,BuiltInFunction,str()
ps_python_for_odd_or_even,BuiltInFunction,next()
ps_python_for_odd_or_even,BuiltInFunction,input()
ps_python_for_odd_or_even,BuiltInFunction,max()
ps_python_for_odd_or_even,BuiltInFunction,float()
ps_python_for_odd_or_even,BuiltInFunction,set()
ps_python_for_odd_or_even,BuiltInFunction,open()
ps_python_for_odd_or_even,BuiltInFunction,tuple()
ps_python_for_odd_or_even,BuiltInFunction,abs()
ps_python_for_odd_or_even,BuiltInFunction,round()
ps_python_for_odd_or_even,BuiltInFunction,min()
ps_python_for_odd_or_even,BuiltInFunction,list()
ps_python_string_join,ClassMethod,__init()__
ps_python_try_adding,Call,FunctionCall
ps_python_try_adding,ArithmeticExpression,UnaryOperation
ps_python_try_adding,Error,OSError
ps_python_try_adding,Error,IndexError
ps_python_try_adding,Error,IOError
ps_python_try_adding,Error,FileNotFoundError
ps_python_try_adding,Error,ValueError
ps_python_try_adding,Error,AssertionError
ps_python_try_adding,ClassMethod,__init()__
ps_python_try_adding,MembershipOperator,in
ps_python_try_adding,IterationStatement,ForStatement
ps_python_try_adding,IterationStatement,WhileStatement
ps_python_try_adding,AssignmentStatement,AugmentedAssignmentStatement
ps_python_try_adding,DefinitionStatement,ClassDefinition
ps_python_try_adding,BuiltInFunction,list()
ps_python_class_point,Call,FunctionCall
ps_python_class_point,ArithmeticExpression,UnaryOperation
ps_python_class_point,ClassMethod,__init()__
ps_python_class_point,AssignmentStatement,AugmentedAssignmentStatement
ps_python_class_point,BuiltInFunction,dict()
ps_python_class_point,BuiltInFunction,str()
ps_python_class_point,BuiltInFunction,next()
ps_python_class_point,BuiltInFunction,input()
ps_python_class_point,BuiltInFunction,int()
ps_python_class_point,BuiltInFunction,max()
ps_python_class_point,BuiltInFunction,float()
ps_python_class_point,BuiltInFunction,set()
ps_python_class_point,BuiltInFunction,open()
ps_python_class_point,BuiltInFunction,range()
ps_python_class_point,BuiltInFunction,tuple()
ps_python_class_point,BuiltInFunction,abs()
ps_python_class_point,BuiltInFunction,round()
ps_python_class_point,BuiltInFunction,len()
ps_python_class_point,BuiltInFunction,min()
ps_python_class_point,BuiltInFunction,print()
ps_python_class_point,BuiltInFunction,list()
ps_python_2d_list,ClassMethod,__init()__
ps_python_nested_loops,ArithmeticExpression,UnaryOperation
ps_python_nested_loops,LogicalExpression,ComparisonExpression
ps_python_nested_loops,Literal,StringLiteral
ps_python_nested_loops,Literal,BooleanLiteral
ps_python_nested_loops,Literal,NoneLiteral
ps_python_nested_loops,NumericLiteral,FloatLiteral
ps_python_nested_loops,NumericLiteral,IntegerLiteral
ps_python_nested_loops,LiteralCollection,TupleLiteral
ps_python_nested_loops,LiteralCollection,SetLiteral
ps_python_nested_loops,LiteralCollection,ListLiteral
ps_python_nested_loops,LiteralCollection,DictLiteral
ps_python_nested_loops,ClassMethod,__init()__
ps_python_nested_loops,ComparisonOperator,==
ps_python_nested_loops,MembershipOperator,in
ps_python_nested_loops,IterationStatement,ForStatement
ps_python_nested_loops,ExceptionHandlingStatement,TryStatement
ps_python_nested_loops,ExceptionHandlingStatement,RaiseStatement
ps_python_nested_loops,ExceptionHandlingStatement,AssertStatement
ps_python_nested_loops,AssignmentStatement,AugmentedAssignmentStatement
ps_python_nested_loops,BuiltInFunction,list()
