exercise_name,parent,leaf_class
py_fail_course,Python,Concatenation
py_fail_course,Python,Importing
py_fail_course,Python,FindingLength
py_fail_course,Python,Printing
py_fail_course,Python,CheckingForItem
py_fail_course,Python,HandlingInput
py_fail_course,CheckingCondition,IfElseChecking
py_fail_course,CheckingCondition,AssertChecking
py_fail_course,CheckingCondition,IfElifElseChecking
py_fail_course,CheckingCondition,NestedIfChecking
py_fail_course,CheckingCondition,IfChecking
py_fail_course,CheckingCondition,IfElifChecking
py_fail_course,CheckingCondition,BooleanEvaluating
py_fail_course,CheckingInForLoop,IfElseCheckingInForLoop
py_fail_course,CheckingInForLoop,IfElifCheckingInForLoop
py_fail_course,CheckingInForLoop,IfCheckingInForLoop
py_fail_course,CheckingInForLoop,IfElifElseCheckingInForLoop
py_fail_course,CheckingInWhileLoop,IfElifElseCheckingInWhileLoop
py_fail_course,CheckingInWhileLoop,IfCheckingInWhileLoop
py_fail_course,CheckingInWhileLoop,IfElseCheckingInWhileLoop
py_fail_course,CheckingInWhileLoop,IfElifCheckingInWhileLoop
py_fail_course,ManagingVariable,SwappingVariablesValue
py_fail_course,HandlingObjectOrientedProgramming,DefiningOOPMethod
py_fail_course3,ManagingVariable,AssigningVariable
py_fail_course3,ManagingVariable,UpdatingVariable
py_fail_course3,HandlingAdvancedDataStructure,BinaryTreeTask
py_fail_course3,HandlingAdvancedDataStructure,LinkedListTask
py_fail_course3,HandlingAdvancedDataStructure,QueueTask
py_fail_course3,HandlingAdvancedDataStructure,StackTask
py_fail_course3,TwoDimensionalArrayTask,ReplacingElement2DArray
py_fail_course3,TwoDimensionalArrayTask,Indexing2DArray
py_fail_course3,TwoDimensionalArrayTask,Create2DArray
py_fail_course3,HandlingObjectOrientedProgramming,CallingOOPMethod
py_fail_course3,HandlingObjectOrientedProgramming,CreatingObject
py_fail_course3,HandlingObjectOrientedProgramming,DefiningClass
py_fail_course3,HandlingObjectOrientedProgramming,DefiningOOPMethod
py_fail_course3,HandlingFunction,CallingFunctionLibrary
py_fail_course3,HandlingFunction,NestedFunctionCall
py_fail_course3,HandlingFunctionCallingFunction,CallingFunctionCallingFunction
py_fail_course3,HandlingFunctionCallingFunction,DefiningFunctionCallingFunction
py_fail_course3,HandlingRecursiveFunction,CallingRecursiveFunction
py_fail_course3,HandlingRecursiveFunction,DefiningRecursiveFunction
py_fail_course3,HandlingNestedFunction,CallingNestedFunction
py_fail_course3,HandlingNestedFunction,DefiningNestedFunction
py_fail_course3,HandlingStandardFunction,CallingStandardFunction
py_fail_course3,HandlingStandardFunction,DefiningStandardFunction
py_fail_course3,NonNestedIteration,SingleForLoopIteration
py_fail_course3,ArithmeticOperation,FindAbsolute
py_fail_course3,HandlingTuple,SlicingTuple
py_fail_course3,HandlingTuple,IndexingTuple
py_fail_course3,HandlingFloat,TransformingToFloatType
py_fail_course3,HandlingDictionary,ReplacingDictionaryElement
py_fail_course3,HandlingDictionary,IndexingDictionary
py_fail_course3,HandlingDictionary,AddingItemToDictionary
py_fail_course3,HandlingDictionary,AccessingDictionary
py_fail_course3,HandlingDictionary,CreatingDictionary
py_fail_course3,HandlingList,DeletingListElement
py_fail_course3,HandlingList,IndexingList
py_fail_course3,HandlingList,CreatingList
py_fail_course3,HandlingList,SlicingList
py_fail_course3,HandlingList,ReplacingListElement
py_fail_course3,HandlingList,ListReferencing
py_fail_course3,HandlingList,ReversingList
py_fail_course3,AddingListElement,AddingListElementWithInsert
py_fail_course3,AddingListElement,AddingListElementWithAppend
py_fail_course3,HandlingFile,ClosingFile
py_fail_course3,HandlingFile,ReadingLine
py_fail_course3,HandlingFile,OpeningFile
py_fail_course3,HandlingString,CreatingString
py_fail_course3,HandlingString,ReplacingStringContent
py_fail_course3,HandlingString,FormattingString
py_fail_course3,HandlingString,TransformingToStringType
py_fail_course3,HandlingString,SplittingString
py_fail_course3,HandlingString,TrimmingString
py_fail_course3,HandlingString,IndexingString
py_fail_course3,HandlingString,SlicingString
py_fail_course3,ModifyingStringCase,ConvertStringToUpperCase
py_fail_course3,ModifyingStringCase,ConvertStringToLowerCase
py_fail_course3,ModifyingStringCase,CapitalizeString
py_fail_course3,HandlingError,HandlingSpecificError
py_fail_course3,HandlingError,HandlingGeneralError
py_phone_age,NonNestedIteration,SingleWhileLoopIteration
py_phone_age,ArithmeticOperation,FindAbsolute
py_phone_age,HandlingTuple,SlicingTuple
py_phone_age,HandlingTuple,IndexingTuple
py_phone_age,HandlingFloat,TransformingToFloatType
py_phone_age,HandlingDictionary,ReplacingDictionaryElement
py_phone_age,HandlingDictionary,IndexingDictionary
py_phone_age,HandlingDictionary,AddingItemToDictionary
py_phone_age,HandlingDictionary,AccessingDictionary
py_phone_age,HandlingDictionary,CreatingDictionary
py_phone_age,HandlingList,DeletingListElement
py_phone_age,HandlingList,IndexingList
py_phone_age,HandlingList,CreatingList
py_phone_age,HandlingList,SlicingList
py_phone_age,HandlingList,ReplacingListElement
py_phone_age,HandlingList,ListReferencing
py_phone_age,HandlingList,ReversingList
py_phone_age,AddingListElement,AddingListElementWithInsert
py_phone_age,AddingListElement,AddingListElementWithAppend
py_phone_age,HandlingFile,ClosingFile
py_phone_age,HandlingFile,ReadingLine
py_phone_age,HandlingFile,OpeningFile
py_phone_age,HandlingString,CreatingString
py_phone_age,HandlingString,ReplacingStringContent
py_phone_age,HandlingString,FormattingString
py_phone_age,HandlingString,TransformingToStringType
py_phone_age,HandlingString,SplittingString
py_phone_age2,ManagingVariable,AssigningVariable
py_phone_age2,ManagingVariable,UpdatingVariable
py_phone_age2,HandlingAdvancedDataStructure,BinaryTreeTask
py_phone_age2,HandlingAdvancedDataStructure,LinkedListTask
py_phone_age2,HandlingAdvancedDataStructure,QueueTask
py_phone_age2,HandlingAdvancedDataStructure,StackTask
py_phone_age2,TwoDimensionalArrayTask,ReplacingElement2DArray
py_phone_age2,TwoDimensionalArrayTask,Indexing2DArray
py_phone_age2,TwoDimensionalArrayTask,Create2DArray
py_phone_age2,HandlingObjectOrientedProgramming,CallingOOPMethod
py_phone_age2,HandlingObjectOrientedProgramming,CreatingObject
py_phone_age2,HandlingObjectOrientedProgramming,DefiningClass
py_phone_age2,HandlingObjectOrientedProgramming,DefiningOOPMethod
py_phone_age2,HandlingFunction,CallingFunctionLibrary
py_phone_age2,HandlingFunction,NestedFunctionCall
py_phone_age2,HandlingFunctionCallingFunction,CallingFunctionCallingFunction
py_phone_age2,HandlingFunctionCallingFunction,DefiningFunctionCallingFunction
py_phone_age2,HandlingRecursiveFunction,CallingRecursiveFunction
py_phone_age2,HandlingRecursiveFunction,DefiningRecursiveFunction
py_phone_age2,HandlingNestedFunction,CallingNestedFunction
py_phone_age2,HandlingNestedFunction,DefiningNestedFunction
py_phone_age2,HandlingStandardFunction,CallingStandardFunction
py_phone_age2,HandlingStandardFunction,DefiningStandardFunction
py_phone_age2,NonNestedIteration,SingleForLoopIteration
py_phone_age2,HandlingString,TrimmingString
py_phone_age2,HandlingString,IndexingString
py_phone_age2,HandlingString,SlicingString
py_phone_age2,ModifyingStringCase,ConvertStringToUpperCase
py_phone_age2,ModifyingStringCase,ConvertStringToLowerCase
py_phone_age2,ModifyingStringCase,CapitalizeString
py_phone_age2,HandlingError,HandlingSpecificError
py_phone_age2,HandlingError,HandlingGeneralError
py_rent_car,ManagingVariable,AssigningVariable
py_rent_car,ManagingVariable,UpdatingVariable
py_rent_car,HandlingAdvancedDataStructure,BinaryTreeTask
py_rent_car,HandlingAdvancedDataStructure,LinkedListTask
py_rent_car,HandlingAdvancedDataStructure,QueueTask
py_rent_car,HandlingAdvancedDataStructure,StackTask
py_rent_car,TwoDimensionalArrayTask,ReplacingElement2DArray
py_rent_car,TwoDimensionalArrayTask,Indexing2DArray
py_rent_car,TwoDimensionalArrayTask,Create2DArray
py_rent_car,HandlingObjectOrientedProgramming,CallingOOPMethod
py_rent_car,HandlingObjectOrientedProgramming,CreatingObject
py_rent_car,HandlingObjectOrientedProgramming,DefiningClass
py_rent_car,HandlingObjectOrientedProgramming,DefiningOOPMethod
py_rent_car,HandlingFunction,CallingFunctionLibrary
py_rent_car,HandlingFunction,NestedFunctionCall
py_rent_car,HandlingFunctionCallingFunction,CallingFunctionCallingFunction
py_rent_car,HandlingFunctionCallingFunction,DefiningFunctionCallingFunction
py_rent_car,HandlingRecursiveFunction,CallingRecursiveFunction
py_rent_car,HandlingRecursiveFunction,DefiningRecursiveFunction
py_rent_car,HandlingNestedFunction,CallingNestedFunction
py_rent_car,HandlingNestedFunction,DefiningNestedFunction
py_rent_car,HandlingStandardFunction,CallingStandardFunction
py_rent_car,HandlingStandardFunction,DefiningStandardFunction
py_rent_car,NonNestedIteration,SingleForLoopIteration
py_rent_car,HandlingList,SlicingList
py_rent_car,HandlingString,ReplacingStringContent
py_rent_car2,ManagingVariable,AssigningVariable
py_rent_car2,ManagingVariable,UpdatingVariable
py_rent_car2,HandlingAdvancedDataStructure,BinaryTreeTask
py_rent_car2,HandlingAdvancedDataStructure,LinkedListTask
py_rent_car2,HandlingAdvancedDataStructure,QueueTask
py_rent_car2,HandlingAdvancedDataStructure,StackTask
py_rent_car2,TwoDimensionalArrayTask,ReplacingElement2DArray
py_rent_car2,TwoDimensionalArrayTask,Indexing2DArray
py_rent_car2,TwoDimensionalArrayTask,Create2DArray
py_rent_car2,HandlingObjectOrientedProgramming,CallingOOPMethod
py_rent_car2,HandlingObjectOrientedProgramming,CreatingObject
py_rent_car2,HandlingObjectOrientedProgramming,DefiningClass
py_rent_car2,HandlingObjectOrientedProgramming,DefiningOOPMethod
py_rent_car2,HandlingFunction,CallingFunctionLibrary
py_rent_car2,HandlingFunction,NestedFunctionCall
py_rent_car2,HandlingFunctionCallingFunction,CallingFunctionCallingFunction
py_rent_car2,HandlingFunctionCallingFunction,DefiningFunctionCallingFunction
py_rent_car2,HandlingRecursiveFunction,CallingRecursiveFunction
py_rent_car2,HandlingRecursiveFunction,DefiningRecursiveFunction
py_rent_car2,HandlingNestedFunction,CallingNestedFunction
py_rent_car2,HandlingNestedFunction,DefiningNestedFunction
py_rent_car2,HandlingStandardFunction,CallingStandardFunction
py_rent_car2,HandlingStandardFunction,DefiningStandardFunction
py_rent_car2,NonNestedIteration,SingleForLoopIteration
py_rent_car2,HandlingTuple,SlicingTuple
py_rent_car2,HandlingTuple,IndexingTuple
py_rent_car2,HandlingFloat,TransformingToFloatType
py_rent_car2,HandlingDictionary,ReplacingDictionaryElement
py_rent_car2,HandlingDictionary,IndexingDictionary
py_rent_car2,HandlingDictionary,AddingItemToDictionary
py_rent_car2,HandlingDictionary,AccessingDictionary
py_rent_car2,HandlingDictionary,CreatingDictionary
py_rent_car2,HandlingList,DeletingListElement
py_rent_car2,HandlingList,IndexingList
py_rent_car2,HandlingList,CreatingList
py_rent_car2,HandlingList,SlicingList
py_rent_car2,HandlingList,ReplacingListElement
py_rent_car2,HandlingList,ListReferencing
py_rent_car2,HandlingList,ReversingList
py_rent_car2,AddingListElement,AddingListElementWithInsert
py_rent_car2,AddingListElement,AddingListElementWithAppend
py_rent_car2,HandlingFile,ClosingFile
py_rent_car2,HandlingFile,ReadingLine
py_rent_car2,HandlingFile,OpeningFile
py_rent_car2,HandlingString,CreatingString
py_rent_car2,HandlingString,ReplacingStringContent
py_rent_car2,HandlingString,FormattingString
py_rent_car2,HandlingString,TransformingToStringType
py_rent_car2,HandlingString,SplittingString
py_rent_car3,HandlingAdvancedDataStructure,BinaryTreeTask
py_rent_car3,HandlingAdvancedDataStructure,LinkedListTask
py_rent_car3,HandlingAdvancedDataStructure,QueueTask
py_rent_car3,HandlingAdvancedDataStructure,StackTask
py_rent_car3,TwoDimensionalArrayTask,ReplacingElement2DArray
py_rent_car3,TwoDimensionalArrayTask,Indexing2DArray
py_rent_car3,TwoDimensionalArrayTask,Create2DArray
py_rent_car3,HandlingObjectOrientedProgramming,CallingOOPMethod
py_rent_car3,HandlingObjectOrientedProgramming,CreatingObject
py_rent_car3,HandlingObjectOrientedProgramming,DefiningClass
py_rent_car3,HandlingObjectOrientedProgramming,DefiningOOPMethod
py_rent_car3,HandlingTuple,SlicingTuple
py_rent_car3,HandlingTuple,IndexingTuple
py_rent_car3,HandlingFloat,TransformingToFloatType
py_rent_car3,HandlingDictionary,ReplacingDictionaryElement
py_rent_car3,HandlingDictionary,IndexingDictionary
py_rent_car3,HandlingDictionary,AddingItemToDictionary
py_rent_car3,HandlingDictionary,AccessingDictionary
py_rent_car3,HandlingDictionary,CreatingDictionary
py_rent_car3,HandlingList,DeletingListElement
py_rent_car3,HandlingList,IndexingList
py_rent_car3,HandlingList,CreatingList
py_rent_car3,HandlingList,SlicingList
py_rent_car3,HandlingList,ReplacingListElement
py_rent_car3,HandlingList,ListReferencing
py_rent_car3,HandlingList,ReversingList
py_rent_car3,AddingListElement,AddingListElementWithInsert
py_rent_car3,AddingListElement,AddingListElementWithAppend
py_rent_car3,HandlingFile,ClosingFile
py_rent_car3,HandlingFile,ReadingLine
py_rent_car3,HandlingFile,OpeningFile
py_rent_car3,HandlingString,CreatingString
py_rent_car3,HandlingString,ReplacingStringContent
py_rent_car3,HandlingString,FormattingString
py_rent_car3,HandlingString,TransformingToStringType
py_rent_car3,HandlingString,SplittingString
py_check_age,ManagingVariable,AssigningVariable
py_check_age,ManagingVariable,UpdatingVariable
py_check_age,HandlingAdvancedDataStructure,BinaryTreeTask
py_check_age,HandlingAdvancedDataStructure,LinkedListTask
py_check_age,HandlingAdvancedDataStructure,QueueTask
py_check_age,HandlingAdvancedDataStructure,StackTask
py_check_age,TwoDimensionalArrayTask,ReplacingElement2DArray
py_check_age,TwoDimensionalArrayTask,Indexing2DArray
py_check_age,TwoDimensionalArrayTask,Create2DArray
py_check_age,HandlingObjectOrientedProgramming,CallingOOPMethod
py_check_age,HandlingObjectOrientedProgramming,CreatingObject
py_check_age,HandlingObjectOrientedProgramming,DefiningClass
py_check_age,HandlingObjectOrientedProgramming,DefiningOOPMethod
py_check_age,HandlingFunction,CallingFunctionLibrary
py_check_age,HandlingFunction,NestedFunctionCall
py_check_age,HandlingFunctionCallingFunction,CallingFunctionCallingFunction
py_check_age,HandlingFunctionCallingFunction,DefiningFunctionCallingFunction
py_check_age,HandlingRecursiveFunction,CallingRecursiveFunction
py_check_age,HandlingRecursiveFunction,DefiningRecursiveFunction
py_check_age,HandlingNestedFunction,CallingNestedFunction
py_check_age,HandlingNestedFunction,DefiningNestedFunction
py_check_age,HandlingStandardFunction,CallingStandardFunction
py_check_age,HandlingStandardFunction,DefiningStandardFunction
py_check_age,NonNestedIteration,SingleForLoopIteration
py_check_age,ArithmeticOperation,FindAbsolute
py_check_age,HandlingTuple,SlicingTuple
py_check_age,HandlingTuple,IndexingTuple
py_check_age,HandlingFloat,TransformingToFloatType
py_check_age,HandlingDictionary,ReplacingDictionaryElement
py_check_age,HandlingDictionary,IndexingDictionary
py_check_age,HandlingDictionary,AddingItemToDictionary
py_check_age,HandlingDictionary,AccessingDictionary
py_check_age,HandlingDictionary,CreatingDictionary
py_check_age,HandlingList,DeletingListElement
py_check_age,HandlingList,IndexingList
py_check_age,HandlingList,CreatingList
py_check_age,HandlingList,SlicingList
py_check_age,HandlingList,ReplacingListElement
py_check_age,HandlingList,ListReferencing
py_check_age,HandlingList,ReversingList
py_check_age,AddingListElement,AddingListElementWithInsert
py_check_age,AddingListElement,AddingListElementWithAppend
py_check_age,HandlingFile,ClosingFile
py_check_age,HandlingFile,ReadingLine
py_check_age,HandlingFile,OpeningFile
py_check_age,HandlingString,CreatingString
py_check_age,HandlingString,ReplacingStringContent
py_check_age,HandlingString,FormattingString
py_check_age,HandlingString,TransformingToStringType
py_check_age,HandlingString,SplittingString
py_check_age2,ManagingVariable,AssigningVariable
py_check_age2,ManagingVariable,UpdatingVariable
py_check_age2,HandlingAdvancedDataStructure,BinaryTreeTask
py_check_age2,HandlingAdvancedDataStructure,LinkedListTask
py_check_age2,HandlingAdvancedDataStructure,QueueTask
py_check_age2,HandlingAdvancedDataStructure,StackTask
py_check_age2,TwoDimensionalArrayTask,ReplacingElement2DArray
py_check_age2,TwoDimensionalArrayTask,Indexing2DArray
py_check_age2,TwoDimensionalArrayTask,Create2DArray
py_check_age2,HandlingObjectOrientedProgramming,CallingOOPMethod
py_check_age2,HandlingObjectOrientedProgramming,CreatingObject
py_check_age2,HandlingObjectOrientedProgramming,DefiningClass
py_check_age2,HandlingObjectOrientedProgramming,DefiningOOPMethod
py_check_age2,HandlingFunction,CallingFunctionLibrary
py_check_age2,HandlingFunction,NestedFunctionCall
py_check_age2,HandlingFunctionCallingFunction,CallingFunctionCallingFunction
py_check_age2,HandlingFunctionCallingFunction,DefiningFunctionCallingFunction
py_check_age2,HandlingRecursiveFunction,CallingRecursiveFunction
py_check_age2,HandlingRecursiveFunction,DefiningRecursiveFunction
py_check_age2,HandlingNestedFunction,CallingNestedFunction
py_check_age2,HandlingNestedFunction,DefiningNestedFunction
py_check_age2,HandlingStandardFunction,CallingStandardFunction
py_check_age2,HandlingStandardFunction,DefiningStandardFunction
py_check_age2,NonNestedIteration,SingleForLoopIteration
py_check_age2,ForLoopWithUpdate,ForLoopWith+=
py_check_age2,ForLoopWithUpdate,ForLoopWith*=
py_check_age2,ForLoopWithUpdate,ForLoopWithListIndexing
py_three_boolean2,ManagingVariable,AssigningVariable
py_three_boolean2,ManagingVariable,UpdatingVariable
py_three_boolean2,HandlingAdvancedDataStructure,BinaryTreeTask
py_three_boolean2,HandlingAdvancedDataStructure,LinkedListTask
py_three_boolean2,HandlingAdvancedDataStructure,QueueTask
py_three_boolean2,HandlingAdvancedDataStructure,StackTask
py_three_boolean2,TwoDimensionalArrayTask,ReplacingElement2DArray
py_three_boolean2,TwoDimensionalArrayTask,Indexing2DArray
py_three_boolean2,TwoDimensionalArrayTask,Create2DArray
py_three_boolean2,HandlingObjectOrientedProgramming,CallingOOPMethod
py_three_boolean2,HandlingObjectOrientedProgramming,CreatingObject
py_three_boolean2,HandlingObjectOrientedProgramming,DefiningClass
py_three_boolean2,HandlingObjectOrientedProgramming,DefiningOOPMethod
py_three_boolean2,HandlingFunction,CallingFunctionLibrary
py_three_boolean2,HandlingFunction,NestedFunctionCall
py_three_boolean2,HandlingFunctionCallingFunction,CallingFunctionCallingFunction
py_three_boolean2,HandlingFunctionCallingFunction,DefiningFunctionCallingFunction
py_three_boolean2,HandlingRecursiveFunction,CallingRecursiveFunction
py_three_boolean2,HandlingRecursiveFunction,DefiningRecursiveFunction
py_three_boolean2,HandlingNestedFunction,CallingNestedFunction
py_three_boolean2,HandlingNestedFunction,DefiningNestedFunction
py_three_boolean2,HandlingStandardFunction,CallingStandardFunction
py_three_boolean2,HandlingStandardFunction,DefiningStandardFunction
py_three_boolean2,NonNestedIteration,SingleForLoopIteration
py_three_boolean2,NonNestedIteration,SingleWhileLoopIteration
py_three_boolean2,WhileLoopWithUpdate,WhileLoopWithListIndexing
py_three_boolean2,WhileLoopWithUpdate,WhileLoopWith*=
py_three_boolean2,WhileLoopWithUpdate,WhileLoopWith+=
py_three_boolean2,ForLoopWithUpdate,ForLoopWith+=
py_three_boolean2,ForLoopWithUpdate,ForLoopWith*=
py_three_boolean2,ForLoopWithUpdate,ForLoopWithListIndexing
py_three_boolean2,NestedLoopIteration,MixedNestedLoopIteration
py_three_boolean2,NestedLoopIteration,NestedForLoopIteration
py_three_boolean2,NestedLoopIteration,NestedWhileLoopIteration
py_three_boolean2,ArithmeticOperation,FindAbsolute
py_three_boolean2,ArithmeticOperation,FindRemainder
py_three_boolean2,ArithmeticOperation,FindMaximum
py_three_boolean2,ArithmeticOperation,Addition
py_three_boolean2,ArithmeticOperation,Round
py_three_boolean2,ArithmeticOperation,Power
py_three_boolean2,ArithmeticOperation,FindMinimum
py_three_boolean2,ArithmeticOperation,Substraction
py_three_boolean2,ArithmeticOperation,Division
py_three_boolean2,ArithmeticOperation,Multiplication
py_three_boolean2,HandlingInteger,TransformingToIntType
py_three_boolean2,HandlingTuple,CreatingTuple
py_three_boolean3,Python,Concatenation
py_three_boolean3,Python,Importing
py_three_boolean3,Python,FindingLength
py_three_boolean3,Python,Printing
py_three_boolean3,Python,CheckingForItem
py_three_boolean3,Python,HandlingInput
py_three_boolean3,CheckingCondition,IfElseChecking
py_three_boolean3,CheckingCondition,AssertChecking
py_three_boolean3,CheckingCondition,IfElifElseChecking
py_three_boolean3,CheckingCondition,NestedIfChecking
py_three_boolean3,CheckingCondition,IfChecking
py_three_boolean3,CheckingCondition,IfElifChecking
py_three_boolean3,CheckingCondition,BooleanEvaluating
py_three_boolean3,CheckingInForLoop,IfElseCheckingInForLoop
py_three_boolean3,CheckingInForLoop,IfElifCheckingInForLoop
py_three_boolean3,CheckingInForLoop,IfCheckingInForLoop
py_three_boolean3,CheckingInForLoop,IfElifElseCheckingInForLoop
py_three_boolean3,CheckingInWhileLoop,IfElifElseCheckingInWhileLoop
py_three_boolean3,CheckingInWhileLoop,IfCheckingInWhileLoop
py_three_boolean3,CheckingInWhileLoop,IfElseCheckingInWhileLoop
py_three_boolean3,CheckingInWhileLoop,IfElifCheckingInWhileLoop
py_three_boolean3,ManagingVariable,SwappingVariablesValue
py_three_boolean3,ManagingVariable,AssigningVariable
py_three_boolean3,ManagingVariable,UpdatingVariable
py_three_boolean3,HandlingAdvancedDataStructure,BinaryTreeTask
py_three_boolean3,HandlingAdvancedDataStructure,LinkedListTask
py_three_boolean3,HandlingAdvancedDataStructure,QueueTask
py_three_boolean3,HandlingAdvancedDataStructure,StackTask
py_three_boolean3,TwoDimensionalArrayTask,ReplacingElement2DArray
py_three_boolean3,TwoDimensionalArrayTask,Indexing2DArray
py_three_boolean3,TwoDimensionalArrayTask,Create2DArray
py_three_boolean3,HandlingObjectOrientedProgramming,CallingOOPMethod
py_three_boolean3,HandlingObjectOrientedProgramming,CreatingObject
py_three_boolean3,HandlingObjectOrientedProgramming,DefiningClass
py_three_boolean3,HandlingObjectOrientedProgramming,DefiningOOPMethod
py_three_boolean3,HandlingFunction,CallingFunctionLibrary
py_three_boolean3,HandlingFunction,NestedFunctionCall
py_three_boolean3,HandlingFunctionCallingFunction,CallingFunctionCallingFunction
py_three_boolean3,HandlingFunctionCallingFunction,DefiningFunctionCallingFunction
py_three_boolean3,HandlingRecursiveFunction,CallingRecursiveFunction
py_three_boolean3,HandlingRecursiveFunction,DefiningRecursiveFunction
py_three_boolean3,HandlingNestedFunction,CallingNestedFunction
py_three_boolean3,HandlingNestedFunction,DefiningNestedFunction
py_three_boolean3,HandlingStandardFunction,CallingStandardFunction
py_three_boolean3,HandlingStandardFunction,DefiningStandardFunction
py_three_boolean3,NonNestedIteration,SingleForLoopIteration
py_boolean_dry_hot,HandlingObjectOrientedProgramming,DefiningOOPMethod
py_boolean_dry_hot,NonNestedIteration,SingleWhileLoopIteration
py_boolean_dry_hot,WhileLoopWithUpdate,WhileLoopWithListIndexing
py_boolean_dry_hot,WhileLoopWithUpdate,WhileLoopWith*=
py_boolean_dry_hot,WhileLoopWithUpdate,WhileLoopWith+=
py_boolean_dry_hot,ForLoopWithUpdate,ForLoopWith+=
py_boolean_dry_hot,ForLoopWithUpdate,ForLoopWith*=
py_boolean_dry_hot,ForLoopWithUpdate,ForLoopWithListIndexing
py_boolean_dry_hot,NestedLoopIteration,MixedNestedLoopIteration
py_boolean_dry_hot,NestedLoopIteration,NestedForLoopIteration
py_boolean_dry_hot,NestedLoopIteration,NestedWhileLoopIteration
py_boolean_dry_hot,ArithmeticOperation,FindAbsolute
py_boolean_dry_hot,ArithmeticOperation,FindRemainder
py_boolean_dry_hot,ArithmeticOperation,FindMaximum
py_boolean_dry_hot,ArithmeticOperation,Addition
py_boolean_dry_hot,ArithmeticOperation,Round
py_boolean_dry_hot,ArithmeticOperation,Power
py_boolean_dry_hot,ArithmeticOperation,FindMinimum
py_boolean_dry_hot,ArithmeticOperation,Substraction
py_boolean_dry_hot,ArithmeticOperation,Division
py_boolean_dry_hot,ArithmeticOperation,Multiplication
py_boolean_dry_hot,HandlingInteger,TransformingToIntType
py_boolean_dry_hot,HandlingTuple,CreatingTuple
py_boolean_dry_hot2,HandlingObjectOrientedProgramming,DefiningOOPMethod
py_boolean_dry_hot2,HandlingFunction,NestedFunctionCall
py_boolean_dry_hot3,HandlingObjectOrientedProgramming,DefiningOOPMethod
py_boolean_dry_hot3,HandlingString,SplittingString
py_boolean_dry_hot3,HandlingString,TrimmingString
py_boolean_dry_hot3,HandlingString,IndexingString
py_boolean_dry_hot3,HandlingString,SlicingString
py_boolean_dry_hot3,ModifyingStringCase,ConvertStringToUpperCase
py_boolean_dry_hot3,ModifyingStringCase,ConvertStringToLowerCase
py_boolean_dry_hot3,ModifyingStringCase,CapitalizeString
py_boolean_dry_hot3,HandlingError,HandlingSpecificError
py_boolean_dry_hot3,HandlingError,HandlingGeneralError
py_boolean_dry_hot4,ManagingVariable,AssigningVariable
py_boolean_dry_hot4,ManagingVariable,UpdatingVariable
py_boolean_dry_hot4,HandlingAdvancedDataStructure,BinaryTreeTask
py_boolean_dry_hot4,HandlingAdvancedDataStructure,LinkedListTask
py_boolean_dry_hot4,HandlingAdvancedDataStructure,QueueTask
py_boolean_dry_hot4,HandlingAdvancedDataStructure,StackTask
py_boolean_dry_hot4,TwoDimensionalArrayTask,ReplacingElement2DArray
py_boolean_dry_hot4,TwoDimensionalArrayTask,Indexing2DArray
py_boolean_dry_hot4,TwoDimensionalArrayTask,Create2DArray
py_boolean_dry_hot4,HandlingObjectOrientedProgramming,CallingOOPMethod
py_boolean_dry_hot4,HandlingObjectOrientedProgramming,CreatingObject
py_boolean_dry_hot4,HandlingObjectOrientedProgramming,DefiningClass
py_boolean_dry_hot4,HandlingObjectOrientedProgramming,DefiningOOPMethod
py_boolean_dry_hot4,HandlingFunction,CallingFunctionLibrary
py_boolean_dry_hot4,HandlingFunction,NestedFunctionCall
py_boolean_dry_hot4,HandlingFunctionCallingFunction,CallingFunctionCallingFunction
py_boolean_dry_hot4,HandlingFunctionCallingFunction,DefiningFunctionCallingFunction
py_boolean_dry_hot4,HandlingRecursiveFunction,CallingRecursiveFunction
py_boolean_dry_hot4,HandlingRecursiveFunction,DefiningRecursiveFunction
py_boolean_dry_hot4,HandlingNestedFunction,CallingNestedFunction
py_boolean_dry_hot4,HandlingNestedFunction,DefiningNestedFunction
py_boolean_dry_hot4,HandlingStandardFunction,CallingStandardFunction
py_boolean_dry_hot4,HandlingStandardFunction,DefiningStandardFunction
py_boolean_dry_hot4,NonNestedIteration,SingleForLoopIteration
py_str_repeat_chars,HandlingAdvancedDataStructure,BinaryTreeTask
py_str_repeat_chars,HandlingAdvancedDataStructure,LinkedListTask
py_str_repeat_chars,HandlingAdvancedDataStructure,QueueTask
py_str_repeat_chars,HandlingAdvancedDataStructure,StackTask
py_str_repeat_chars,TwoDimensionalArrayTask,ReplacingElement2DArray
py_str_repeat_chars,TwoDimensionalArrayTask,Indexing2DArray
py_str_repeat_chars,TwoDimensionalArrayTask,Create2DArray
py_str_repeat_chars,HandlingObjectOrientedProgramming,DefiningOOPMethod
py_str_repeat_chars,HandlingFunctionCallingFunction,CallingFunctionCallingFunction
py_str_repeat_chars,HandlingFunctionCallingFunction,DefiningFunctionCallingFunction
py_str_repeat_chars,HandlingStandardFunction,CallingStandardFunction
py_str_repeat_chars,HandlingString,TrimmingString
py_str_repeat_chars,HandlingString,IndexingString
py_str_repeat_chars,HandlingString,SlicingString
py_str_repeat_chars,ModifyingStringCase,ConvertStringToUpperCase
py_str_repeat_chars,ModifyingStringCase,ConvertStringToLowerCase
py_str_repeat_chars,ModifyingStringCase,CapitalizeString
py_str_repeat_chars,HandlingError,HandlingSpecificError
py_str_repeat_chars,HandlingError,HandlingGeneralError
py_str_repeat2,HandlingObjectOrientedProgramming,DefiningOOPMethod
py_str_repeat2,HandlingFunctionCallingFunction,DefiningFunctionCallingFunction
py_str_repeat2,HandlingStandardFunction,CallingStandardFunction
py_str_repeat2,HandlingStandardFunction,DefiningStandardFunction
py_str_repeat2,NonNestedIteration,SingleWhileLoopIteration
py_str_repeat2,ArithmeticOperation,FindAbsolute
py_str_repeat2,ArithmeticOperation,FindRemainder
py_str_repeat2,ArithmeticOperation,FindMaximum
py_str_repeat2,ArithmeticOperation,Addition
py_str_repeat2,ArithmeticOperation,Round
py_str_repeat2,ArithmeticOperation,Power
py_str_repeat2,ArithmeticOperation,FindMinimum
py_str_repeat2,ArithmeticOperation,Substraction
py_str_repeat2,ArithmeticOperation,Division
py_str_repeat2,HandlingString,SplittingString
py_file_input_stat,ManagingVariable,AssigningVariable
py_file_input_stat,ManagingVariable,UpdatingVariable
py_file_input_stat,HandlingAdvancedDataStructure,BinaryTreeTask
py_file_input_stat,HandlingAdvancedDataStructure,LinkedListTask
py_file_input_stat,HandlingAdvancedDataStructure,QueueTask
py_file_input_stat,HandlingAdvancedDataStructure,StackTask
py_file_input_stat,TwoDimensionalArrayTask,ReplacingElement2DArray
py_file_input_stat,TwoDimensionalArrayTask,Indexing2DArray
py_file_input_stat,TwoDimensionalArrayTask,Create2DArray
py_file_input_stat,HandlingObjectOrientedProgramming,CallingOOPMethod
py_file_input_stat,HandlingObjectOrientedProgramming,CreatingObject
py_file_input_stat,HandlingObjectOrientedProgramming,DefiningClass
py_file_input_stat,HandlingObjectOrientedProgramming,DefiningOOPMethod
py_file_input_stat,HandlingFunction,CallingFunctionLibrary
py_file_input_stat,HandlingFunction,NestedFunctionCall
py_file_input_stat,HandlingFunctionCallingFunction,CallingFunctionCallingFunction
py_file_input_stat,HandlingFunctionCallingFunction,DefiningFunctionCallingFunction
py_file_input_stat,HandlingRecursiveFunction,CallingRecursiveFunction
py_file_input_stat,HandlingRecursiveFunction,DefiningRecursiveFunction
py_file_input_stat,HandlingNestedFunction,CallingNestedFunction
py_file_input_stat,HandlingNestedFunction,DefiningNestedFunction
py_file_input_stat,HandlingStandardFunction,CallingStandardFunction
py_file_input_stat,HandlingStandardFunction,DefiningStandardFunction
py_file_input_stat,NonNestedIteration,SingleForLoopIteration
py_file_input_stat,NonNestedIteration,SingleWhileLoopIteration
py_file_input_stat,WhileLoopWithUpdate,WhileLoopWithListIndexing
py_file_input_stat,WhileLoopWithUpdate,WhileLoopWith*=
py_file_input_stat,WhileLoopWithUpdate,WhileLoopWith+=
py_file_input_stat,ForLoopWithUpdate,ForLoopWith+=
py_file_input_stat,ForLoopWithUpdate,ForLoopWith*=
py_file_input_stat,ForLoopWithUpdate,ForLoopWithListIndexing
py_file_input_stat,NestedLoopIteration,MixedNestedLoopIteration
py_file_input_stat,NestedLoopIteration,NestedForLoopIteration
py_file_input_stat,NestedLoopIteration,NestedWhileLoopIteration
py_file_input_stat,ArithmeticOperation,FindAbsolute
py_file_input_stat,ArithmeticOperation,FindRemainder
py_file_input_stat,ArithmeticOperation,FindMaximum
py_file_input_stat,ArithmeticOperation,Addition
py_file_input_stat,ArithmeticOperation,Round
py_file_input_stat,ArithmeticOperation,Power
py_file_input_stat,ArithmeticOperation,FindMinimum
py_file_input_stat,ArithmeticOperation,Substraction
py_file_input_stat,ArithmeticOperation,Division
py_file_input_stat,ArithmeticOperation,Multiplication
py_file_input_stat,HandlingInteger,TransformingToIntType
py_file_input_stat,HandlingTuple,CreatingTuple
py_file_input_stat,HandlingDictionary,IndexingDictionary
py_file_input_stat,HandlingList,SlicingList
py_file_input_stat,HandlingString,TrimmingString
py_file_input_stat,HandlingString,IndexingString
py_file_input_stat,HandlingString,SlicingString
py_file_input_stat,ModifyingStringCase,ConvertStringToUpperCase
py_file_input_stat,ModifyingStringCase,ConvertStringToLowerCase
py_file_input_stat,ModifyingStringCase,CapitalizeString
py_file_input_stat,HandlingError,HandlingSpecificError
py_file_input_stat,HandlingError,HandlingGeneralError
py_input_stat2,Python,CheckingForItem
py_input_stat2,NonNestedIteration,SingleWhileLoopIteration
py_input_stat2,WhileLoopWithUpdate,WhileLoopWithListIndexing
py_input_stat2,WhileLoopWithUpdate,WhileLoopWith*=
py_input_stat2,WhileLoopWithUpdate,WhileLoopWith+=
py_input_stat2,ForLoopWithUpdate,ForLoopWith+=
py_input_stat2,ForLoopWithUpdate,ForLoopWith*=
py_input_stat2,ForLoopWithUpdate,ForLoopWithListIndexing
py_input_stat2,NestedLoopIteration,MixedNestedLoopIteration
py_input_stat2,NestedLoopIteration,NestedForLoopIteration
py_input_stat2,NestedLoopIteration,NestedWhileLoopIteration
py_input_stat2,ArithmeticOperation,FindAbsolute
py_input_stat2,ArithmeticOperation,FindRemainder
py_input_stat2,ArithmeticOperation,FindMaximum
py_input_stat2,ArithmeticOperation,Addition
py_input_stat2,ArithmeticOperation,Round
py_input_stat2,ArithmeticOperation,Power
py_input_stat2,ArithmeticOperation,FindMinimum
py_input_stat2,ArithmeticOperation,Substraction
py_input_stat2,ArithmeticOperation,Division
py_input_stat2,ArithmeticOperation,Multiplication
py_input_stat2,HandlingInteger,TransformingToIntType
py_input_stat2,HandlingTuple,CreatingTuple
py_student_score,Python,Concatenation
py_student_score,Python,Importing
py_student_score,Python,FindingLength
py_student_score,Python,Printing
py_student_score,Python,CheckingForItem
py_student_score,Python,HandlingInput
py_student_score,CheckingCondition,IfElseChecking
py_student_score,CheckingCondition,AssertChecking
py_student_score,CheckingCondition,IfElifElseChecking
py_student_score,CheckingCondition,NestedIfChecking
py_student_score,CheckingCondition,IfChecking
py_student_score,CheckingCondition,IfElifChecking
py_student_score,CheckingCondition,BooleanEvaluating
py_student_score,CheckingInForLoop,IfElseCheckingInForLoop
py_student_score,CheckingInForLoop,IfElifCheckingInForLoop
py_student_score,CheckingInForLoop,IfCheckingInForLoop
py_student_score,CheckingInForLoop,IfElifElseCheckingInForLoop
py_student_score,CheckingInWhileLoop,IfElifElseCheckingInWhileLoop
py_student_score,CheckingInWhileLoop,IfCheckingInWhileLoop
py_student_score,CheckingInWhileLoop,IfElseCheckingInWhileLoop
py_student_score,CheckingInWhileLoop,IfElifCheckingInWhileLoop
py_student_score,ManagingVariable,SwappingVariablesValue
py_student_score,ManagingVariable,AssigningVariable
py_student_score,ManagingVariable,UpdatingVariable
py_student_score,HandlingAdvancedDataStructure,BinaryTreeTask
py_student_score,HandlingAdvancedDataStructure,LinkedListTask
py_student_score,HandlingAdvancedDataStructure,QueueTask
py_student_score,HandlingAdvancedDataStructure,StackTask
py_student_score,TwoDimensionalArrayTask,ReplacingElement2DArray
py_student_score,TwoDimensionalArrayTask,Indexing2DArray
py_student_score,TwoDimensionalArrayTask,Create2DArray
py_student_score,HandlingObjectOrientedProgramming,CallingOOPMethod
py_student_score,HandlingObjectOrientedProgramming,CreatingObject
py_student_score,HandlingObjectOrientedProgramming,DefiningClass
py_student_score,HandlingObjectOrientedProgramming,DefiningOOPMethod
py_student_score,HandlingFunction,CallingFunctionLibrary
py_student_score,HandlingFunction,NestedFunctionCall
py_student_score,HandlingFunctionCallingFunction,CallingFunctionCallingFunction
py_student_score,HandlingFunctionCallingFunction,DefiningFunctionCallingFunction
py_student_score,HandlingRecursiveFunction,CallingRecursiveFunction
py_student_score,HandlingRecursiveFunction,DefiningRecursiveFunction
py_student_score,HandlingNestedFunction,CallingNestedFunction
py_student_score,HandlingNestedFunction,DefiningNestedFunction
py_student_score,HandlingStandardFunction,CallingStandardFunction
py_student_score,HandlingStandardFunction,DefiningStandardFunction
py_student_score,NonNestedIteration,SingleForLoopIteration
py_student_score,HandlingDictionary,IndexingDictionary
py_student_score,HandlingList,SlicingList
py_student_score,AddingListElement,AddingListElementWithAppend
py_score_dict2,NonNestedIteration,SingleWhileLoopIteration
py_score_dict2,WhileLoopWithUpdate,WhileLoopWithListIndexing
py_score_dict2,WhileLoopWithUpdate,WhileLoopWith*=
py_score_dict2,WhileLoopWithUpdate,WhileLoopWith+=
py_score_dict2,ForLoopWithUpdate,ForLoopWith+=
py_score_dict2,ForLoopWithUpdate,ForLoopWith*=
py_score_dict2,ForLoopWithUpdate,ForLoopWithListIndexing
py_score_dict2,NestedLoopIteration,MixedNestedLoopIteration
py_score_dict2,NestedLoopIteration,NestedForLoopIteration
py_score_dict2,NestedLoopIteration,NestedWhileLoopIteration
py_score_dict2,ArithmeticOperation,FindAbsolute
py_score_dict2,ArithmeticOperation,FindRemainder
py_score_dict2,ArithmeticOperation,FindMaximum
py_score_dict2,ArithmeticOperation,Addition
py_score_dict2,ArithmeticOperation,Round
py_score_dict2,ArithmeticOperation,Power
py_score_dict2,ArithmeticOperation,FindMinimum
py_score_dict2,ArithmeticOperation,Substraction
py_score_dict2,ArithmeticOperation,Division
py_score_dict2,ArithmeticOperation,Multiplication
py_score_dict2,HandlingInteger,TransformingToIntType
py_score_dict2,HandlingTuple,CreatingTuple
py_score_dict2,HandlingList,ReversingList
py_score_dict2,AddingListElement,AddingListElementWithAppend
py_score_dict2,HandlingString,TrimmingString
py_score_dict2,HandlingString,IndexingString
py_score_dict2,HandlingString,SlicingString
py_score_dict2,ModifyingStringCase,ConvertStringToUpperCase
py_score_dict2,ModifyingStringCase,ConvertStringToLowerCase
py_score_dict2,ModifyingStringCase,CapitalizeString
py_score_dict2,HandlingError,HandlingSpecificError
py_score_dict2,HandlingError,HandlingGeneralError
bjects_classes_loan,ArithmeticOperation,FindAbsolute
bjects_classes_loan,ArithmeticOperation,FindRemainder
bjects_classes_loan,ArithmeticOperation,FindMaximum
bjects_classes_loan,ArithmeticOperation,Round
bjects_classes_loan,ArithmeticOperation,FindMinimum
bjects_classes_loan,HandlingTuple,CreatingTuple
bjects_classes_loan,HandlingTuple,SlicingTuple
bjects_classes_loan,HandlingTuple,IndexingTuple
bjects_classes_loan,HandlingFloat,TransformingToFloatType
bjects_classes_loan,HandlingDictionary,ReplacingDictionaryElement
bjects_classes_loan,HandlingDictionary,IndexingDictionary
bjects_classes_loan,HandlingDictionary,AddingItemToDictionary
bjects_classes_loan,HandlingDictionary,AccessingDictionary
bjects_classes_loan,HandlingDictionary,CreatingDictionary
bjects_classes_loan,HandlingList,DeletingListElement
bjects_classes_loan,HandlingList,IndexingList
bjects_classes_loan,HandlingList,CreatingList
bjects_classes_loan,HandlingList,SlicingList
bjects_classes_loan,HandlingList,ReplacingListElement
bjects_classes_loan,HandlingList,ListReferencing
bjects_classes_loan,HandlingList,ReversingList
bjects_classes_loan,AddingListElement,AddingListElementWithInsert
bjects_classes_loan,AddingListElement,AddingListElementWithAppend
bjects_classes_loan,HandlingFile,ClosingFile
bjects_classes_loan,HandlingFile,ReadingLine
bjects_classes_loan,HandlingFile,OpeningFile
bjects_classes_loan,HandlingString,CreatingString
bjects_classes_loan,HandlingString,ReplacingStringContent
bjects_classes_loan,HandlingString,FormattingString
bjects_classes_loan,HandlingString,TransformingToStringType
bjects_classes_loan,HandlingString,SplittingString
py_loan2,ManagingVariable,AssigningVariable
py_loan2,ManagingVariable,UpdatingVariable
py_loan2,HandlingAdvancedDataStructure,BinaryTreeTask
py_loan2,HandlingAdvancedDataStructure,LinkedListTask
py_loan2,HandlingAdvancedDataStructure,QueueTask
py_loan2,HandlingAdvancedDataStructure,StackTask
py_loan2,TwoDimensionalArrayTask,ReplacingElement2DArray
py_loan2,TwoDimensionalArrayTask,Indexing2DArray
py_loan2,TwoDimensionalArrayTask,Create2DArray
py_loan2,HandlingObjectOrientedProgramming,CallingOOPMethod
py_loan2,HandlingObjectOrientedProgramming,CreatingObject
py_loan2,HandlingObjectOrientedProgramming,DefiningClass
py_loan2,HandlingObjectOrientedProgramming,DefiningOOPMethod
py_loan2,HandlingFunction,CallingFunctionLibrary
py_loan2,HandlingFunction,NestedFunctionCall
py_loan2,HandlingFunctionCallingFunction,CallingFunctionCallingFunction
py_loan2,HandlingFunctionCallingFunction,DefiningFunctionCallingFunction
py_loan2,HandlingRecursiveFunction,CallingRecursiveFunction
py_loan2,HandlingRecursiveFunction,DefiningRecursiveFunction
py_loan2,HandlingNestedFunction,CallingNestedFunction
py_loan2,HandlingNestedFunction,DefiningNestedFunction
py_loan2,HandlingStandardFunction,CallingStandardFunction
py_loan2,HandlingStandardFunction,DefiningStandardFunction
py_loan2,NonNestedIteration,SingleForLoopIteration
py_loan2,HandlingTuple,SlicingTuple
py_loan2,HandlingTuple,IndexingTuple
py_loan2,HandlingFloat,TransformingToFloatType
py_loan2,HandlingDictionary,ReplacingDictionaryElement
py_loan2,HandlingDictionary,IndexingDictionary
py_loan2,HandlingDictionary,AddingItemToDictionary
py_loan2,HandlingDictionary,AccessingDictionary
py_loan2,HandlingDictionary,CreatingDictionary
py_loan2,HandlingList,DeletingListElement
py_loan2,HandlingList,IndexingList
py_loan2,HandlingList,CreatingList
py_loan2,HandlingList,SlicingList
py_loan2,HandlingList,ReplacingListElement
py_loan2,HandlingList,ListReferencing
py_loan2,HandlingList,ReversingList
py_loan2,AddingListElement,AddingListElementWithInsert
py_loan2,AddingListElement,AddingListElementWithAppend
py_loan2,HandlingFile,ClosingFile
py_loan2,HandlingFile,ReadingLine
py_loan2,HandlingFile,OpeningFile
py_loan2,HandlingString,CreatingString
py_loan2,HandlingString,ReplacingStringContent
py_loan2,HandlingString,FormattingString
py_loan2,HandlingString,TransformingToStringType
py_loan2,HandlingString,SplittingString
py_loan2,HandlingString,TrimmingString
py_loan2,HandlingString,IndexingString
py_loan2,HandlingString,SlicingString
py_loan2,ModifyingStringCase,ConvertStringToUpperCase
py_loan2,ModifyingStringCase,ConvertStringToLowerCase
py_loan2,ModifyingStringCase,CapitalizeString
py_loan2,HandlingError,HandlingSpecificError
py_loan2,HandlingError,HandlingGeneralError
py_tv2,Python,Concatenation
py_tv2,Python,Importing
py_tv2,Python,FindingLength
py_tv2,Python,Printing
py_tv2,Python,CheckingForItem
py_tv2,Python,HandlingInput
py_tv2,CheckingCondition,IfElseChecking
py_tv2,CheckingCondition,AssertChecking
py_tv2,CheckingCondition,IfElifElseChecking
py_tv2,CheckingCondition,NestedIfChecking
py_tv2,CheckingCondition,IfChecking
py_tv2,CheckingCondition,IfElifChecking
py_tv2,CheckingCondition,BooleanEvaluating
py_tv2,CheckingInForLoop,IfElseCheckingInForLoop
py_tv2,CheckingInForLoop,IfElifCheckingInForLoop
py_tv2,CheckingInForLoop,IfCheckingInForLoop
py_tv2,CheckingInForLoop,IfElifElseCheckingInForLoop
py_tv2,CheckingInWhileLoop,IfElifElseCheckingInWhileLoop
py_tv2,CheckingInWhileLoop,IfCheckingInWhileLoop
py_tv2,CheckingInWhileLoop,IfElseCheckingInWhileLoop
py_tv2,CheckingInWhileLoop,IfElifCheckingInWhileLoop
py_tv2,ManagingVariable,SwappingVariablesValue
py_tv2,ManagingVariable,AssigningVariable
py_tv2,ManagingVariable,UpdatingVariable
py_tv2,HandlingAdvancedDataStructure,BinaryTreeTask
py_tv2,HandlingAdvancedDataStructure,LinkedListTask
py_tv2,HandlingAdvancedDataStructure,QueueTask
py_tv2,HandlingAdvancedDataStructure,StackTask
py_tv2,TwoDimensionalArrayTask,ReplacingElement2DArray
py_tv2,TwoDimensionalArrayTask,Indexing2DArray
py_tv2,TwoDimensionalArrayTask,Create2DArray
py_tv2,HandlingObjectOrientedProgramming,CallingOOPMethod
py_tv2,HandlingObjectOrientedProgramming,CreatingObject
py_tv2,HandlingObjectOrientedProgramming,DefiningClass
py_tv2,HandlingObjectOrientedProgramming,DefiningOOPMethod
py_tv2,HandlingFunction,CallingFunctionLibrary
py_tv2,HandlingFunction,NestedFunctionCall
py_tv2,HandlingFunctionCallingFunction,CallingFunctionCallingFunction
py_tv2,HandlingFunctionCallingFunction,DefiningFunctionCallingFunction
py_tv2,HandlingRecursiveFunction,CallingRecursiveFunction
py_tv2,HandlingRecursiveFunction,DefiningRecursiveFunction
py_tv2,HandlingNestedFunction,CallingNestedFunction
py_tv2,HandlingNestedFunction,DefiningNestedFunction
py_tv2,HandlingStandardFunction,CallingStandardFunction
py_tv2,HandlingStandardFunction,DefiningStandardFunction
py_tv2,NonNestedIteration,SingleForLoopIteration
py_tv2,HandlingTuple,SlicingTuple
py_tv2,HandlingTuple,IndexingTuple
py_tv2,HandlingFloat,TransformingToFloatType
py_tv2,HandlingDictionary,ReplacingDictionaryElement
py_tv2,HandlingDictionary,IndexingDictionary
py_tv2,HandlingDictionary,AddingItemToDictionary
py_tv2,HandlingDictionary,AccessingDictionary
py_tv2,HandlingDictionary,CreatingDictionary
py_tv2,HandlingList,DeletingListElement
py_tv2,HandlingList,IndexingList
py_tv2,HandlingList,CreatingList
py_tv2,HandlingList,SlicingList
py_tv2,HandlingList,ReplacingListElement
py_tv2,HandlingList,ListReferencing
py_tv2,HandlingList,ReversingList
py_tv2,AddingListElement,AddingListElementWithInsert
py_tv2,AddingListElement,AddingListElementWithAppend
py_tv2,HandlingFile,ClosingFile
py_tv2,HandlingFile,ReadingLine
py_tv2,HandlingFile,OpeningFile
py_tv2,HandlingString,CreatingString
py_tv2,HandlingString,ReplacingStringContent
py_tv2,HandlingString,FormattingString
py_tv2,HandlingString,TransformingToStringType
py_tv2,HandlingString,SplittingString
py_tv2,HandlingString,TrimmingString
py_tv2,HandlingString,IndexingString
py_tv2,HandlingString,SlicingString
py_tv2,ModifyingStringCase,ConvertStringToUpperCase
py_tv2,ModifyingStringCase,ConvertStringToLowerCase
py_tv2,ModifyingStringCase,CapitalizeString
py_tv2,HandlingError,HandlingSpecificError
py_tv2,HandlingError,HandlingGeneralError
objects_classes_point,HandlingAdvancedDataStructure,BinaryTreeTask
objects_classes_point,HandlingAdvancedDataStructure,LinkedListTask
objects_classes_point,HandlingAdvancedDataStructure,QueueTask
objects_classes_point,HandlingAdvancedDataStructure,StackTask
objects_classes_point,TwoDimensionalArrayTask,ReplacingElement2DArray
objects_classes_point,TwoDimensionalArrayTask,Indexing2DArray
objects_classes_point,TwoDimensionalArrayTask,Create2DArray
objects_classes_point,HandlingFunctionCallingFunction,CallingFunctionCallingFunction
objects_classes_point,HandlingFunctionCallingFunction,DefiningFunctionCallingFunction
objects_classes_point,HandlingRecursiveFunction,CallingRecursiveFunction
objects_classes_point,HandlingRecursiveFunction,DefiningRecursiveFunction
objects_classes_point,HandlingNestedFunction,CallingNestedFunction
objects_classes_point,HandlingNestedFunction,DefiningNestedFunction
objects_classes_point,HandlingStandardFunction,DefiningStandardFunction
objects_classes_point,NonNestedIteration,SingleForLoopIteration
objects_classes_point,HandlingTuple,SlicingTuple
objects_classes_point,HandlingTuple,IndexingTuple
objects_classes_point,HandlingFloat,TransformingToFloatType
objects_classes_point,HandlingDictionary,ReplacingDictionaryElement
objects_classes_point,HandlingDictionary,IndexingDictionary
objects_classes_point,HandlingDictionary,AddingItemToDictionary
objects_classes_point,HandlingDictionary,AccessingDictionary
objects_classes_point,HandlingDictionary,CreatingDictionary
objects_classes_point,HandlingList,DeletingListElement
objects_classes_point,HandlingList,IndexingList
objects_classes_point,HandlingList,CreatingList
objects_classes_point,HandlingList,SlicingList
objects_classes_point,HandlingList,ReplacingListElement
objects_classes_point,HandlingList,ListReferencing
objects_classes_point,HandlingList,ReversingList
objects_classes_point,AddingListElement,AddingListElementWithInsert
objects_classes_point,AddingListElement,AddingListElementWithAppend
objects_classes_point,HandlingFile,ClosingFile
objects_classes_point,HandlingFile,ReadingLine
objects_classes_point,HandlingFile,OpeningFile
objects_classes_point,HandlingString,CreatingString
objects_classes_point,HandlingString,ReplacingStringContent
objects_classes_point,HandlingString,FormattingString
objects_classes_point,HandlingString,TransformingToStringType
objects_classes_point,HandlingString,SplittingString
py_point2,HandlingAdvancedDataStructure,BinaryTreeTask
py_point2,HandlingAdvancedDataStructure,LinkedListTask
py_point2,HandlingAdvancedDataStructure,QueueTask
py_point2,HandlingAdvancedDataStructure,StackTask
py_point2,TwoDimensionalArrayTask,ReplacingElement2DArray
py_point2,TwoDimensionalArrayTask,Indexing2DArray
py_point2,TwoDimensionalArrayTask,Create2DArray
py_point2,HandlingObjectOrientedProgramming,CallingOOPMethod
py_point2,HandlingFunctionCallingFunction,CallingFunctionCallingFunction
py_point2,HandlingFunctionCallingFunction,DefiningFunctionCallingFunction
py_point2,HandlingRecursiveFunction,CallingRecursiveFunction
py_point2,HandlingRecursiveFunction,DefiningRecursiveFunction
py_point2,HandlingNestedFunction,CallingNestedFunction
py_point2,HandlingNestedFunction,DefiningNestedFunction
py_point2,NonNestedIteration,SingleForLoopIteration
py_point2,ArithmeticOperation,FindAbsolute
py_point2,ArithmeticOperation,FindRemainder
py_point2,ArithmeticOperation,FindMaximum
py_point2,ArithmeticOperation,Addition
py_point2,ArithmeticOperation,Round
py_point2,ArithmeticOperation,FindMinimum
py_point2,ArithmeticOperation,Substraction
py_point2,ArithmeticOperation,Division
objects_classes_account,ManagingVariable,AssigningVariable
objects_classes_account,ManagingVariable,UpdatingVariable
objects_classes_account,HandlingAdvancedDataStructure,BinaryTreeTask
objects_classes_account,HandlingAdvancedDataStructure,LinkedListTask
objects_classes_account,HandlingAdvancedDataStructure,QueueTask
objects_classes_account,HandlingAdvancedDataStructure,StackTask
objects_classes_account,TwoDimensionalArrayTask,ReplacingElement2DArray
objects_classes_account,TwoDimensionalArrayTask,Indexing2DArray
objects_classes_account,TwoDimensionalArrayTask,Create2DArray
objects_classes_account,HandlingObjectOrientedProgramming,CallingOOPMethod
objects_classes_account,HandlingObjectOrientedProgramming,CreatingObject
objects_classes_account,HandlingObjectOrientedProgramming,DefiningClass
objects_classes_account,HandlingObjectOrientedProgramming,DefiningOOPMethod
objects_classes_account,HandlingFunction,CallingFunctionLibrary
objects_classes_account,HandlingFunction,NestedFunctionCall
objects_classes_account,HandlingFunctionCallingFunction,CallingFunctionCallingFunction
objects_classes_account,HandlingFunctionCallingFunction,DefiningFunctionCallingFunction
objects_classes_account,HandlingRecursiveFunction,CallingRecursiveFunction
objects_classes_account,HandlingRecursiveFunction,DefiningRecursiveFunction
objects_classes_account,HandlingNestedFunction,CallingNestedFunction
objects_classes_account,HandlingNestedFunction,DefiningNestedFunction
objects_classes_account,HandlingStandardFunction,CallingStandardFunction
objects_classes_account,HandlingStandardFunction,DefiningStandardFunction
objects_classes_account,NonNestedIteration,SingleForLoopIteration
objects_classes_account,NonNestedIteration,SingleWhileLoopIteration
objects_classes_account,WhileLoopWithUpdate,WhileLoopWithListIndexing
objects_classes_account,WhileLoopWithUpdate,WhileLoopWith*=
objects_classes_account,WhileLoopWithUpdate,WhileLoopWith+=
objects_classes_account,ForLoopWithUpdate,ForLoopWith+=
objects_classes_account,ForLoopWithUpdate,ForLoopWith*=
objects_classes_account,ForLoopWithUpdate,ForLoopWithListIndexing
objects_classes_account,NestedLoopIteration,MixedNestedLoopIteration
objects_classes_account,NestedLoopIteration,NestedForLoopIteration
objects_classes_account,NestedLoopIteration,NestedWhileLoopIteration
objects_classes_account,ArithmeticOperation,FindAbsolute
objects_classes_account,ArithmeticOperation,FindRemainder
objects_classes_account,ArithmeticOperation,FindMaximum
objects_classes_account,ArithmeticOperation,Addition
objects_classes_account,ArithmeticOperation,Round
objects_classes_account,ArithmeticOperation,Power
objects_classes_account,ArithmeticOperation,FindMinimum
objects_classes_account,ArithmeticOperation,Substraction
objects_classes_account,ArithmeticOperation,Division
objects_classes_account,ArithmeticOperation,Multiplication
objects_classes_account,HandlingInteger,TransformingToIntType
objects_classes_account,HandlingTuple,CreatingTuple
objects_classes_account,HandlingString,TrimmingString
objects_classes_account,HandlingString,IndexingString
objects_classes_account,HandlingString,SlicingString
objects_classes_account,ModifyingStringCase,ConvertStringToUpperCase
objects_classes_account,ModifyingStringCase,ConvertStringToLowerCase
objects_classes_account,ModifyingStringCase,CapitalizeString
objects_classes_account,HandlingError,HandlingSpecificError
objects_classes_account,HandlingError,HandlingGeneralError
py_account2,HandlingString,TrimmingString
py_account2,HandlingString,IndexingString
py_account2,HandlingString,SlicingString
py_account2,ModifyingStringCase,ConvertStringToUpperCase
py_account2,ModifyingStringCase,ConvertStringToLowerCase
py_account2,ModifyingStringCase,CapitalizeString
py_account2,HandlingError,HandlingSpecificError
py_account2,HandlingError,HandlingGeneralError
py_char_dict,NonNestedIteration,SingleWhileLoopIteration
py_char_dict,ForLoopWithUpdate,ForLoopWith*=
py_char_dict,ArithmeticOperation,FindAbsolute
py_char_dict,HandlingTuple,SlicingTuple
py_char_dict,HandlingTuple,IndexingTuple
py_char_dict,HandlingFloat,TransformingToFloatType
py_char_dict,HandlingDictionary,ReplacingDictionaryElement
py_char_dict,HandlingDictionary,IndexingDictionary
py_char_dict,HandlingDictionary,AddingItemToDictionary
py_char_dict,HandlingDictionary,AccessingDictionary
py_char_dict,HandlingDictionary,CreatingDictionary
py_char_dict,HandlingList,DeletingListElement
py_char_dict,HandlingList,IndexingList
py_char_dict,HandlingList,CreatingList
py_char_dict,HandlingList,SlicingList
py_char_dict,HandlingList,ReplacingListElement
py_char_dict,HandlingList,ListReferencing
py_char_dict,HandlingList,ReversingList
py_char_dict,AddingListElement,AddingListElementWithInsert
py_char_dict,AddingListElement,AddingListElementWithAppend
py_char_dict,HandlingFile,ClosingFile
py_char_dict,HandlingFile,ReadingLine
py_char_dict,HandlingFile,OpeningFile
py_char_dict,HandlingString,CreatingString
py_char_dict,HandlingString,ReplacingStringContent
py_char_dict,HandlingString,FormattingString
py_char_dict,HandlingString,TransformingToStringType
py_char_dict,HandlingString,SplittingString
py_first_char_words_dict,ManagingVariable,AssigningVariable
py_first_char_words_dict,ManagingVariable,UpdatingVariable
py_first_char_words_dict,HandlingAdvancedDataStructure,BinaryTreeTask
py_first_char_words_dict,HandlingAdvancedDataStructure,LinkedListTask
py_first_char_words_dict,HandlingAdvancedDataStructure,QueueTask
py_first_char_words_dict,HandlingAdvancedDataStructure,StackTask
py_first_char_words_dict,TwoDimensionalArrayTask,ReplacingElement2DArray
py_first_char_words_dict,TwoDimensionalArrayTask,Indexing2DArray
py_first_char_words_dict,TwoDimensionalArrayTask,Create2DArray
py_first_char_words_dict,HandlingObjectOrientedProgramming,CallingOOPMethod
py_first_char_words_dict,HandlingObjectOrientedProgramming,CreatingObject
py_first_char_words_dict,HandlingObjectOrientedProgramming,DefiningClass
py_first_char_words_dict,HandlingObjectOrientedProgramming,DefiningOOPMethod
py_first_char_words_dict,HandlingFunction,CallingFunctionLibrary
py_first_char_words_dict,HandlingFunction,NestedFunctionCall
py_first_char_words_dict,HandlingFunctionCallingFunction,CallingFunctionCallingFunction
py_first_char_words_dict,HandlingFunctionCallingFunction,DefiningFunctionCallingFunction
py_first_char_words_dict,HandlingRecursiveFunction,CallingRecursiveFunction
py_first_char_words_dict,HandlingRecursiveFunction,DefiningRecursiveFunction
py_first_char_words_dict,HandlingNestedFunction,CallingNestedFunction
py_first_char_words_dict,HandlingNestedFunction,DefiningNestedFunction
py_first_char_words_dict,HandlingStandardFunction,CallingStandardFunction
py_first_char_words_dict,HandlingStandardFunction,DefiningStandardFunction
py_first_char_words_dict,NonNestedIteration,SingleWhileLoopIteration
py_first_char_words_dict,HandlingFloat,TransformingToFloatType
py_first_char_words_dict,HandlingDictionary,ReplacingDictionaryElement
py_first_char_words_dict,HandlingList,DeletingListElement
py_first_char_words_dict,HandlingList,IndexingList
py_first_char_words_dict,HandlingList,SlicingList
py_first_char_words_dict,HandlingList,ReplacingListElement
py_first_char_words_dict,HandlingList,ListReferencing
py_first_char_words_dict,HandlingList,ReversingList
py_first_char_words_dict,AddingListElement,AddingListElementWithInsert
py_first_char_words_dict,AddingListElement,AddingListElementWithAppend
py_first_char_words_dict,HandlingFile,ClosingFile
py_first_char_words_dict,HandlingFile,ReadingLine
py_first_char_words_dict,HandlingFile,OpeningFile
py_first_char_words_dict,HandlingString,ReplacingStringContent
py_first_char_words_dict,HandlingString,FormattingString
ae_adl_variables,Python,Concatenation
ae_adl_variables,Python,Importing
ae_adl_variables,Python,FindingLength
ae_adl_variables,Python,Printing
ae_adl_variables,Python,CheckingForItem
ae_adl_variables,Python,HandlingInput
ae_adl_variables,CheckingCondition,IfElseChecking
ae_adl_variables,CheckingCondition,AssertChecking
ae_adl_variables,CheckingCondition,IfElifElseChecking
ae_adl_variables,CheckingCondition,NestedIfChecking
ae_adl_variables,CheckingCondition,IfChecking
ae_adl_variables,CheckingCondition,IfElifChecking
ae_adl_variables,CheckingCondition,BooleanEvaluating
ae_adl_variables,CheckingInForLoop,IfElseCheckingInForLoop
ae_adl_variables,CheckingInForLoop,IfElifCheckingInForLoop
ae_adl_variables,CheckingInForLoop,IfCheckingInForLoop
ae_adl_variables,CheckingInForLoop,IfElifElseCheckingInForLoop
ae_adl_variables,CheckingInWhileLoop,IfElifElseCheckingInWhileLoop
ae_adl_variables,CheckingInWhileLoop,IfCheckingInWhileLoop
ae_adl_variables,CheckingInWhileLoop,IfElseCheckingInWhileLoop
ae_adl_variables,CheckingInWhileLoop,IfElifCheckingInWhileLoop
ae_adl_variables,ManagingVariable,SwappingVariablesValue
ae_adl_variables,HandlingAdvancedDataStructure,BinaryTreeTask
ae_adl_variables,HandlingAdvancedDataStructure,LinkedListTask
ae_adl_variables,HandlingAdvancedDataStructure,QueueTask
ae_adl_variables,HandlingAdvancedDataStructure,StackTask
ae_adl_variables,TwoDimensionalArrayTask,ReplacingElement2DArray
ae_adl_variables,TwoDimensionalArrayTask,Indexing2DArray
ae_adl_variables,TwoDimensionalArrayTask,Create2DArray
ae_adl_variables,HandlingObjectOrientedProgramming,CallingOOPMethod
ae_adl_variables,HandlingObjectOrientedProgramming,CreatingObject
ae_adl_variables,HandlingObjectOrientedProgramming,DefiningClass
ae_adl_variables,HandlingObjectOrientedProgramming,DefiningOOPMethod
ae_adl_arithmetics2,HandlingTuple,SlicingTuple
ae_adl_arithmetics2,HandlingTuple,IndexingTuple
ae_adl_arithmetics2,HandlingFloat,TransformingToFloatType
ae_adl_arithmetics2,HandlingDictionary,ReplacingDictionaryElement
ae_adl_arithmetics2,HandlingDictionary,IndexingDictionary
ae_adl_arithmetics2,HandlingDictionary,AddingItemToDictionary
ae_adl_arithmetics2,HandlingDictionary,AccessingDictionary
ae_adl_arithmetics2,HandlingDictionary,CreatingDictionary
ae_adl_arithmetics2,HandlingList,DeletingListElement
ae_adl_arithmetics2,HandlingList,IndexingList
ae_adl_arithmetics2,HandlingList,CreatingList
ae_adl_arithmetics2,HandlingList,SlicingList
ae_adl_arithmetics2,HandlingList,ReplacingListElement
ae_adl_arithmetics2,HandlingList,ListReferencing
ae_adl_arithmetics2,HandlingList,ReversingList
ae_adl_arithmetics2,AddingListElement,AddingListElementWithInsert
ae_adl_arithmetics2,AddingListElement,AddingListElementWithAppend
ae_adl_arithmetics2,HandlingFile,ClosingFile
ae_adl_arithmetics2,HandlingFile,ReadingLine
ae_adl_arithmetics2,HandlingFile,OpeningFile
ae_adl_arithmetics2,HandlingString,CreatingString
ae_adl_arithmetics2,HandlingString,ReplacingStringContent
ae_adl_arithmetics2,HandlingString,FormattingString
ae_adl_arithmetics2,HandlingString,TransformingToStringType
ae_adl_arithmetics2,HandlingString,SplittingString
ae_adl_swap,HandlingTuple,SlicingTuple
ae_adl_swap,HandlingTuple,IndexingTuple
ae_adl_swap,HandlingFloat,TransformingToFloatType
ae_adl_swap,HandlingDictionary,ReplacingDictionaryElement
ae_adl_swap,HandlingDictionary,IndexingDictionary
ae_adl_swap,HandlingDictionary,AddingItemToDictionary
ae_adl_swap,HandlingDictionary,AccessingDictionary
ae_adl_swap,HandlingDictionary,CreatingDictionary
ae_adl_swap,HandlingList,DeletingListElement
ae_adl_swap,HandlingList,IndexingList
ae_adl_swap,HandlingList,CreatingList
ae_adl_swap,HandlingList,SlicingList
ae_adl_swap,HandlingList,ReplacingListElement
ae_adl_swap,HandlingList,ListReferencing
ae_adl_swap,HandlingList,ReversingList
ae_adl_swap,AddingListElement,AddingListElementWithInsert
ae_adl_swap,AddingListElement,AddingListElementWithAppend
ae_adl_swap,HandlingFile,ClosingFile
ae_adl_swap,HandlingFile,ReadingLine
ae_adl_swap,HandlingFile,OpeningFile
ae_adl_swap,HandlingString,CreatingString
ae_adl_swap,HandlingString,ReplacingStringContent
ae_adl_swap,HandlingString,FormattingString
ae_adl_swap,HandlingString,TransformingToStringType
ae_adl_swap,HandlingString,SplittingString
ae_adl_comparison,ManagingVariable,AssigningVariable
ae_adl_comparison,ManagingVariable,UpdatingVariable
ae_adl_comparison,HandlingAdvancedDataStructure,BinaryTreeTask
ae_adl_comparison,HandlingAdvancedDataStructure,LinkedListTask
ae_adl_comparison,HandlingAdvancedDataStructure,QueueTask
ae_adl_comparison,HandlingAdvancedDataStructure,StackTask
ae_adl_comparison,TwoDimensionalArrayTask,ReplacingElement2DArray
ae_adl_comparison,TwoDimensionalArrayTask,Indexing2DArray
ae_adl_comparison,TwoDimensionalArrayTask,Create2DArray
ae_adl_comparison,HandlingObjectOrientedProgramming,CallingOOPMethod
ae_adl_comparison,HandlingObjectOrientedProgramming,CreatingObject
ae_adl_comparison,HandlingObjectOrientedProgramming,DefiningClass
ae_adl_comparison,HandlingObjectOrientedProgramming,DefiningOOPMethod
ae_adl_comparison,HandlingFunction,CallingFunctionLibrary
ae_adl_comparison,HandlingFunction,NestedFunctionCall
ae_adl_comparison,HandlingFunctionCallingFunction,CallingFunctionCallingFunction
ae_adl_comparison,HandlingFunctionCallingFunction,DefiningFunctionCallingFunction
ae_adl_comparison,HandlingRecursiveFunction,CallingRecursiveFunction
ae_adl_comparison,HandlingRecursiveFunction,DefiningRecursiveFunction
ae_adl_comparison,HandlingNestedFunction,CallingNestedFunction
ae_adl_comparison,HandlingNestedFunction,DefiningNestedFunction
ae_adl_comparison,HandlingStandardFunction,CallingStandardFunction
ae_adl_comparison,HandlingStandardFunction,DefiningStandardFunction
ae_adl_comparison,NonNestedIteration,SingleForLoopIteration
ae_adl_comparison,HandlingList,ReversingList
ae_adl_comparison,HandlingString,TransformingToStringType
ae_adl_logic,ManagingVariable,AssigningVariable
ae_adl_logic,ManagingVariable,UpdatingVariable
ae_adl_logic,HandlingAdvancedDataStructure,BinaryTreeTask
ae_adl_logic,HandlingAdvancedDataStructure,LinkedListTask
ae_adl_logic,HandlingAdvancedDataStructure,QueueTask
ae_adl_logic,HandlingAdvancedDataStructure,StackTask
ae_adl_logic,TwoDimensionalArrayTask,ReplacingElement2DArray
ae_adl_logic,TwoDimensionalArrayTask,Indexing2DArray
ae_adl_logic,TwoDimensionalArrayTask,Create2DArray
ae_adl_logic,HandlingObjectOrientedProgramming,CallingOOPMethod
ae_adl_logic,HandlingObjectOrientedProgramming,CreatingObject
ae_adl_logic,HandlingObjectOrientedProgramming,DefiningClass
ae_adl_logic,HandlingObjectOrientedProgramming,DefiningOOPMethod
ae_adl_logic,HandlingFunction,CallingFunctionLibrary
ae_adl_logic,HandlingFunction,NestedFunctionCall
ae_adl_logic,HandlingFunctionCallingFunction,CallingFunctionCallingFunction
ae_adl_logic,HandlingFunctionCallingFunction,DefiningFunctionCallingFunction
ae_adl_logic,HandlingRecursiveFunction,CallingRecursiveFunction
ae_adl_logic,HandlingRecursiveFunction,DefiningRecursiveFunction
ae_adl_logic,HandlingNestedFunction,CallingNestedFunction
ae_adl_logic,HandlingNestedFunction,DefiningNestedFunction
ae_adl_logic,HandlingStandardFunction,CallingStandardFunction
ae_adl_logic,HandlingStandardFunction,DefiningStandardFunction
ae_adl_logic,NonNestedIteration,SingleForLoopIteration
ae_adl_greet,Python,Importing
ae_adl_greet,Python,FindingLength
ae_adl_greet,Python,CheckingForItem
ae_adl_greet,CheckingCondition,IfElseChecking
ae_adl_greet,CheckingCondition,AssertChecking
ae_adl_greet,CheckingCondition,IfElifElseChecking
ae_adl_greet,CheckingCondition,NestedIfChecking
ae_adl_greet,CheckingCondition,IfChecking
ae_adl_greet,CheckingCondition,IfElifChecking
ae_adl_greet,CheckingCondition,BooleanEvaluating
ae_adl_greet,CheckingInForLoop,IfElseCheckingInForLoop
ae_adl_greet,CheckingInForLoop,IfElifCheckingInForLoop
ae_adl_greet,CheckingInForLoop,IfCheckingInForLoop
ae_adl_greet,CheckingInForLoop,IfElifElseCheckingInForLoop
ae_adl_greet,CheckingInWhileLoop,IfElifElseCheckingInWhileLoop
ae_adl_greet,CheckingInWhileLoop,IfCheckingInWhileLoop
ae_adl_greet,CheckingInWhileLoop,IfElseCheckingInWhileLoop
ae_adl_greet,CheckingInWhileLoop,IfElifCheckingInWhileLoop
ae_adl_greet,ManagingVariable,SwappingVariablesValue
ae_adl_greet,NonNestedIteration,SingleWhileLoopIteration
ae_adl_greet,WhileLoopWithUpdate,WhileLoopWithListIndexing
ae_adl_greet,WhileLoopWithUpdate,WhileLoopWith*=
ae_adl_greet,WhileLoopWithUpdate,WhileLoopWith+=
ae_adl_greet,ForLoopWithUpdate,ForLoopWith+=
ae_adl_greet,ForLoopWithUpdate,ForLoopWith*=
ae_adl_greet,ForLoopWithUpdate,ForLoopWithListIndexing
ae_adl_greet,NestedLoopIteration,MixedNestedLoopIteration
ae_adl_greet,NestedLoopIteration,NestedForLoopIteration
ae_adl_greet,NestedLoopIteration,NestedWhileLoopIteration
ae_adl_greet,ArithmeticOperation,FindAbsolute
ae_adl_greet,ArithmeticOperation,FindRemainder
ae_adl_greet,ArithmeticOperation,FindMaximum
ae_adl_greet,ArithmeticOperation,Addition
ae_adl_greet,ArithmeticOperation,Round
ae_adl_greet,ArithmeticOperation,Power
ae_adl_greet,ArithmeticOperation,FindMinimum
ae_adl_greet,ArithmeticOperation,Substraction
ae_adl_greet,ArithmeticOperation,Division
ae_adl_greet,ArithmeticOperation,Multiplication
ae_adl_greet,HandlingInteger,TransformingToIntType
ae_adl_greet,HandlingTuple,CreatingTuple
ae_adl_greet,HandlingList,ReversingList
ae_adl_greet,HandlingString,TrimmingString
ae_adl_greet,HandlingString,IndexingString
ae_adl_greet,HandlingString,SlicingString
ae_adl_greet,ModifyingStringCase,ConvertStringToUpperCase
ae_adl_greet,ModifyingStringCase,ConvertStringToLowerCase
ae_adl_greet,ModifyingStringCase,CapitalizeString
ae_adl_greet,HandlingError,HandlingSpecificError
ae_adl_greet,HandlingError,HandlingGeneralError
ae_adl_input1,ManagingVariable,AssigningVariable
ae_adl_input1,ManagingVariable,UpdatingVariable
ae_adl_input1,HandlingAdvancedDataStructure,BinaryTreeTask
ae_adl_input1,HandlingAdvancedDataStructure,LinkedListTask
ae_adl_input1,HandlingAdvancedDataStructure,QueueTask
ae_adl_input1,HandlingAdvancedDataStructure,StackTask
ae_adl_input1,TwoDimensionalArrayTask,ReplacingElement2DArray
ae_adl_input1,TwoDimensionalArrayTask,Indexing2DArray
ae_adl_input1,TwoDimensionalArrayTask,Create2DArray
ae_adl_input1,HandlingObjectOrientedProgramming,CallingOOPMethod
ae_adl_input1,HandlingObjectOrientedProgramming,CreatingObject
ae_adl_input1,HandlingObjectOrientedProgramming,DefiningClass
ae_adl_input1,HandlingObjectOrientedProgramming,DefiningOOPMethod
ae_adl_input1,HandlingFunction,CallingFunctionLibrary
ae_adl_input1,HandlingFunction,NestedFunctionCall
ae_adl_input1,HandlingFunctionCallingFunction,CallingFunctionCallingFunction
ae_adl_input1,HandlingFunctionCallingFunction,DefiningFunctionCallingFunction
ae_adl_input1,HandlingRecursiveFunction,CallingRecursiveFunction
ae_adl_input1,HandlingRecursiveFunction,DefiningRecursiveFunction
ae_adl_input1,HandlingNestedFunction,CallingNestedFunction
ae_adl_input1,HandlingNestedFunction,DefiningNestedFunction
ae_adl_input1,HandlingStandardFunction,CallingStandardFunction
ae_adl_input1,HandlingStandardFunction,DefiningStandardFunction
ae_adl_input1,NonNestedIteration,SingleForLoopIteration
ae_adl_input1,HandlingDictionary,ReplacingDictionaryElement
ae_adl_input1,HandlingDictionary,IndexingDictionary
ae_adl_input1,HandlingDictionary,AddingItemToDictionary
ae_adl_input1,HandlingDictionary,CreatingDictionary
ae_adl_input1,HandlingList,DeletingListElement
ae_adl_input1,HandlingList,SlicingList
ae_adl_input1,HandlingList,ReplacingListElement
ae_adl_input1,HandlingList,ListReferencing
ae_adl_input1,HandlingList,ReversingList
ae_adl_input1,HandlingFile,ClosingFile
ae_adl_input1,HandlingFile,ReadingLine
ae_adl_input1,HandlingString,ReplacingStringContent
ae_adl_input1,HandlingString,TransformingToStringType
ae_adl_input2,HandlingString,TransformingToStringType
ae_adl_hiscore1,WhileLoopWithUpdate,WhileLoopWithListIndexing
ae_adl_hiscore1,ForLoopWithUpdate,ForLoopWithListIndexing
ae_adl_hiscore1,ArithmeticOperation,FindAbsolute
ae_adl_hiscore1,HandlingList,SlicingList
ae_adl_hiscore1,HandlingString,TransformingToStringType
ae_adl_hiscore2,ManagingVariable,AssigningVariable
ae_adl_hiscore2,ManagingVariable,UpdatingVariable
ae_adl_hiscore2,HandlingAdvancedDataStructure,BinaryTreeTask
ae_adl_hiscore2,HandlingAdvancedDataStructure,LinkedListTask
ae_adl_hiscore2,HandlingAdvancedDataStructure,QueueTask
ae_adl_hiscore2,HandlingAdvancedDataStructure,StackTask
ae_adl_hiscore2,TwoDimensionalArrayTask,ReplacingElement2DArray
ae_adl_hiscore2,TwoDimensionalArrayTask,Indexing2DArray
ae_adl_hiscore2,TwoDimensionalArrayTask,Create2DArray
ae_adl_hiscore2,HandlingObjectOrientedProgramming,CallingOOPMethod
ae_adl_hiscore2,HandlingObjectOrientedProgramming,CreatingObject
ae_adl_hiscore2,HandlingObjectOrientedProgramming,DefiningClass
ae_adl_hiscore2,HandlingObjectOrientedProgramming,DefiningOOPMethod
ae_adl_hiscore2,HandlingFunction,CallingFunctionLibrary
ae_adl_hiscore2,HandlingFunction,NestedFunctionCall
ae_adl_hiscore2,HandlingFunctionCallingFunction,CallingFunctionCallingFunction
ae_adl_hiscore2,HandlingFunctionCallingFunction,DefiningFunctionCallingFunction
ae_adl_hiscore2,HandlingRecursiveFunction,CallingRecursiveFunction
ae_adl_hiscore2,HandlingRecursiveFunction,DefiningRecursiveFunction
ae_adl_hiscore2,HandlingNestedFunction,CallingNestedFunction
ae_adl_hiscore2,HandlingNestedFunction,DefiningNestedFunction
ae_adl_hiscore2,HandlingStandardFunction,CallingStandardFunction
ae_adl_hiscore2,HandlingStandardFunction,DefiningStandardFunction
ae_adl_hiscore2,NonNestedIteration,SingleForLoopIteration
ae_adl_hiscore2,ArithmeticOperation,FindAbsolute
ae_adl_ifelse,NonNestedIteration,SingleWhileLoopIteration
ae_adl_ifelse,WhileLoopWithUpdate,WhileLoopWithListIndexing
ae_adl_ifelse,WhileLoopWithUpdate,WhileLoopWith*=
ae_adl_ifelse,WhileLoopWithUpdate,WhileLoopWith+=
ae_adl_ifelse,ForLoopWithUpdate,ForLoopWith+=
ae_adl_ifelse,ForLoopWithUpdate,ForLoopWith*=
ae_adl_ifelse,ForLoopWithUpdate,ForLoopWithListIndexing
ae_adl_ifelse,NestedLoopIteration,MixedNestedLoopIteration
ae_adl_ifelse,NestedLoopIteration,NestedForLoopIteration
ae_adl_ifelse,NestedLoopIteration,NestedWhileLoopIteration
ae_adl_ifelse,ArithmeticOperation,FindAbsolute
ae_adl_ifelse,ArithmeticOperation,FindRemainder
ae_adl_ifelse,ArithmeticOperation,FindMaximum
ae_adl_ifelse,ArithmeticOperation,Addition
ae_adl_ifelse,ArithmeticOperation,Round
ae_adl_ifelse,ArithmeticOperation,Power
ae_adl_ifelse,ArithmeticOperation,FindMinimum
ae_adl_ifelse,ArithmeticOperation,Substraction
ae_adl_ifelse,ArithmeticOperation,Division
ae_adl_ifelse,ArithmeticOperation,Multiplication
ae_adl_ifelse,HandlingInteger,TransformingToIntType
ae_adl_ifelse,HandlingTuple,CreatingTuple
ae_adl_ifelse,HandlingString,TrimmingString
ae_adl_ifelse,HandlingString,IndexingString
ae_adl_ifelse,HandlingString,SlicingString
ae_adl_ifelse,ModifyingStringCase,ConvertStringToUpperCase
ae_adl_ifelse,ModifyingStringCase,ConvertStringToLowerCase
ae_adl_ifelse,ModifyingStringCase,CapitalizeString
ae_adl_ifelse,HandlingError,HandlingSpecificError
ae_adl_ifelse,HandlingError,HandlingGeneralError
ae_adl_ifelifelse,CheckingCondition,BooleanEvaluating
ae_adl_ifelifelse,HandlingAdvancedDataStructure,BinaryTreeTask
ae_adl_ifelifelse,HandlingAdvancedDataStructure,LinkedListTask
ae_adl_ifelifelse,HandlingAdvancedDataStructure,QueueTask
ae_adl_ifelifelse,HandlingAdvancedDataStructure,StackTask
ae_adl_ifelifelse,TwoDimensionalArrayTask,ReplacingElement2DArray
ae_adl_ifelifelse,TwoDimensionalArrayTask,Indexing2DArray
ae_adl_ifelifelse,TwoDimensionalArrayTask,Create2DArray
ae_adl_ifelifelse,HandlingObjectOrientedProgramming,CallingOOPMethod
ae_adl_ifelifelse,HandlingObjectOrientedProgramming,CreatingObject
ae_adl_ifelifelse,HandlingObjectOrientedProgramming,DefiningClass
ae_adl_ifelifelse,HandlingObjectOrientedProgramming,DefiningOOPMethod
ae_adl_ifelifelse,HandlingTuple,SlicingTuple
ae_adl_ifelifelse,HandlingTuple,IndexingTuple
ae_adl_ifelifelse,HandlingFloat,TransformingToFloatType
ae_adl_ifelifelse,HandlingDictionary,ReplacingDictionaryElement
ae_adl_ifelifelse,HandlingDictionary,IndexingDictionary
ae_adl_ifelifelse,HandlingDictionary,AddingItemToDictionary
ae_adl_ifelifelse,HandlingDictionary,AccessingDictionary
ae_adl_ifelifelse,HandlingDictionary,CreatingDictionary
ae_adl_ifelifelse,HandlingList,DeletingListElement
ae_adl_ifelifelse,HandlingList,IndexingList
ae_adl_ifelifelse,HandlingList,CreatingList
ae_adl_ifelifelse,HandlingList,SlicingList
ae_adl_ifelifelse,HandlingList,ReplacingListElement
ae_adl_ifelifelse,HandlingList,ListReferencing
ae_adl_ifelifelse,HandlingList,ReversingList
ae_adl_ifelifelse,AddingListElement,AddingListElementWithInsert
ae_adl_ifelifelse,AddingListElement,AddingListElementWithAppend
ae_adl_ifelifelse,HandlingFile,ClosingFile
ae_adl_ifelifelse,HandlingFile,ReadingLine
ae_adl_ifelifelse,HandlingFile,OpeningFile
ae_adl_ifelifelse,HandlingString,CreatingString
ae_adl_ifelifelse,HandlingString,ReplacingStringContent
ae_adl_ifelifelse,HandlingString,FormattingString
ae_adl_ifelifelse,HandlingString,TransformingToStringType
ae_adl_ifelifelse,HandlingString,SplittingString
ae_adl_ifelifelse,HandlingString,TrimmingString
ae_adl_ifelifelse,HandlingString,IndexingString
ae_adl_ifelifelse,HandlingString,SlicingString
ae_adl_ifelifelse,ModifyingStringCase,ConvertStringToUpperCase
ae_adl_ifelifelse,ModifyingStringCase,ConvertStringToLowerCase
ae_adl_ifelifelse,ModifyingStringCase,CapitalizeString
ae_adl_ifelifelse,HandlingError,HandlingSpecificError
ae_adl_ifelifelse,HandlingError,HandlingGeneralError
ae_adl_nested_if,HandlingTuple,SlicingTuple
ae_adl_nested_if,HandlingTuple,IndexingTuple
ae_adl_nested_if,HandlingFloat,TransformingToFloatType
ae_adl_nested_if,HandlingDictionary,ReplacingDictionaryElement
ae_adl_nested_if,HandlingDictionary,IndexingDictionary
ae_adl_nested_if,HandlingDictionary,AddingItemToDictionary
ae_adl_nested_if,HandlingDictionary,AccessingDictionary
ae_adl_nested_if,HandlingDictionary,CreatingDictionary
ae_adl_nested_if,HandlingList,DeletingListElement
ae_adl_nested_if,HandlingList,IndexingList
ae_adl_nested_if,HandlingList,CreatingList
ae_adl_nested_if,HandlingList,SlicingList
ae_adl_nested_if,HandlingList,ReplacingListElement
ae_adl_nested_if,HandlingList,ListReferencing
ae_adl_nested_if,HandlingList,ReversingList
ae_adl_nested_if,AddingListElement,AddingListElementWithInsert
ae_adl_nested_if,AddingListElement,AddingListElementWithAppend
ae_adl_nested_if,HandlingFile,ClosingFile
ae_adl_nested_if,HandlingFile,ReadingLine
ae_adl_nested_if,HandlingFile,OpeningFile
ae_adl_nested_if,HandlingString,CreatingString
ae_adl_nested_if,HandlingString,ReplacingStringContent
ae_adl_nested_if,HandlingString,FormattingString
ae_adl_nested_if,HandlingString,TransformingToStringType
ae_adl_nested_if,HandlingString,SplittingString
ae_adl_while,ForLoopWithUpdate,ForLoopWith+=
ae_adl_while,ForLoopWithUpdate,ForLoopWith*=
ae_adl_while,ForLoopWithUpdate,ForLoopWithListIndexing
ae_adl_while,ArithmeticOperation,FindAbsolute
ae_adl_while,ArithmeticOperation,FindRemainder
ae_adl_while,ArithmeticOperation,FindMaximum
ae_adl_while,ArithmeticOperation,Round
ae_adl_while,ArithmeticOperation,Power
ae_adl_while,ArithmeticOperation,FindMinimum
ae_adl_while,ArithmeticOperation,Substraction
ae_adl_while,ArithmeticOperation,Division
ae_adl_for,HandlingAdvancedDataStructure,BinaryTreeTask
ae_adl_for,HandlingAdvancedDataStructure,LinkedListTask
ae_adl_for,HandlingAdvancedDataStructure,QueueTask
ae_adl_for,HandlingAdvancedDataStructure,StackTask
ae_adl_for,TwoDimensionalArrayTask,ReplacingElement2DArray
ae_adl_for,TwoDimensionalArrayTask,Indexing2DArray
ae_adl_for,TwoDimensionalArrayTask,Create2DArray
ae_adl_strings,NonNestedIteration,SingleWhileLoopIteration
ae_adl_strings,WhileLoopWithUpdate,WhileLoopWithListIndexing
ae_adl_strings,WhileLoopWithUpdate,WhileLoopWith*=
ae_adl_strings,WhileLoopWithUpdate,WhileLoopWith+=
ae_adl_strings,ForLoopWithUpdate,ForLoopWith+=
ae_adl_strings,ForLoopWithUpdate,ForLoopWith*=
ae_adl_strings,ForLoopWithUpdate,ForLoopWithListIndexing
ae_adl_strings,NestedLoopIteration,MixedNestedLoopIteration
ae_adl_strings,NestedLoopIteration,NestedForLoopIteration
ae_adl_strings,NestedLoopIteration,NestedWhileLoopIteration
ae_adl_strings,ArithmeticOperation,FindAbsolute
ae_adl_strings,ArithmeticOperation,FindRemainder
ae_adl_strings,ArithmeticOperation,FindMaximum
ae_adl_strings,ArithmeticOperation,Addition
ae_adl_strings,ArithmeticOperation,Round
ae_adl_strings,ArithmeticOperation,Power
ae_adl_strings,ArithmeticOperation,FindMinimum
ae_adl_strings,ArithmeticOperation,Substraction
ae_adl_strings,ArithmeticOperation,Division
ae_adl_strings,ArithmeticOperation,Multiplication
ae_adl_strings,HandlingInteger,TransformingToIntType
ae_adl_strings,HandlingTuple,CreatingTuple
ae_adl_strings,HandlingTuple,SlicingTuple
ae_adl_strings,HandlingTuple,IndexingTuple
ae_adl_strings,HandlingFloat,TransformingToFloatType
ae_adl_strings,HandlingDictionary,ReplacingDictionaryElement
ae_adl_strings,HandlingDictionary,IndexingDictionary
ae_adl_strings,HandlingDictionary,AddingItemToDictionary
ae_adl_strings,HandlingDictionary,AccessingDictionary
ae_adl_strings,HandlingDictionary,CreatingDictionary
ae_adl_strings,HandlingList,DeletingListElement
ae_adl_strings,HandlingList,IndexingList
ae_adl_strings,HandlingList,CreatingList
ae_adl_strings,HandlingList,SlicingList
ae_adl_strings,HandlingList,ReplacingListElement
ae_adl_strings,HandlingList,ListReferencing
ae_adl_strings,HandlingList,ReversingList
ae_adl_strings,AddingListElement,AddingListElementWithInsert
ae_adl_strings,AddingListElement,AddingListElementWithAppend
ae_adl_strings,HandlingFile,ClosingFile
ae_adl_strings,HandlingFile,ReadingLine
ae_adl_strings,HandlingFile,OpeningFile
ae_adl_strings,HandlingString,CreatingString
ae_adl_strings,HandlingString,ReplacingStringContent
ae_adl_strings,HandlingString,FormattingString
ae_adl_strings,HandlingString,TransformingToStringType
ae_adl_strings,HandlingString,SplittingString
ae_adl_lists1,Python,Concatenation
ae_adl_lists1,Python,Importing
ae_adl_lists1,Python,FindingLength
ae_adl_lists1,Python,Printing
ae_adl_lists1,Python,CheckingForItem
ae_adl_lists1,Python,HandlingInput
ae_adl_lists1,CheckingCondition,IfElseChecking
ae_adl_lists1,CheckingCondition,AssertChecking
ae_adl_lists1,CheckingCondition,IfElifElseChecking
ae_adl_lists1,CheckingCondition,NestedIfChecking
ae_adl_lists1,CheckingCondition,IfChecking
ae_adl_lists1,CheckingCondition,IfElifChecking
ae_adl_lists1,CheckingCondition,BooleanEvaluating
ae_adl_lists1,CheckingInForLoop,IfElseCheckingInForLoop
ae_adl_lists1,CheckingInForLoop,IfElifCheckingInForLoop
ae_adl_lists1,CheckingInForLoop,IfCheckingInForLoop
ae_adl_lists1,CheckingInForLoop,IfElifElseCheckingInForLoop
ae_adl_lists1,CheckingInWhileLoop,IfElifElseCheckingInWhileLoop
ae_adl_lists1,CheckingInWhileLoop,IfCheckingInWhileLoop
ae_adl_lists1,CheckingInWhileLoop,IfElseCheckingInWhileLoop
ae_adl_lists1,CheckingInWhileLoop,IfElifCheckingInWhileLoop
ae_adl_lists1,ManagingVariable,SwappingVariablesValue
ae_adl_lists1,HandlingAdvancedDataStructure,BinaryTreeTask
ae_adl_lists1,HandlingAdvancedDataStructure,LinkedListTask
ae_adl_lists1,HandlingAdvancedDataStructure,QueueTask
ae_adl_lists1,HandlingAdvancedDataStructure,StackTask
ae_adl_lists1,HandlingFunctionCallingFunction,DefiningFunctionCallingFunction
ae_adl_lists1,HandlingStandardFunction,DefiningStandardFunction
ae_adl_lists1,NonNestedIteration,SingleWhileLoopIteration
ae_adl_lists1,WhileLoopWithUpdate,WhileLoopWithListIndexing
ae_adl_lists1,WhileLoopWithUpdate,WhileLoopWith*=
ae_adl_lists1,WhileLoopWithUpdate,WhileLoopWith+=
ae_adl_lists1,ForLoopWithUpdate,ForLoopWith+=
ae_adl_lists1,ForLoopWithUpdate,ForLoopWith*=
ae_adl_lists1,ForLoopWithUpdate,ForLoopWithListIndexing
ae_adl_lists1,NestedLoopIteration,MixedNestedLoopIteration
ae_adl_lists1,NestedLoopIteration,NestedForLoopIteration
ae_adl_lists1,NestedLoopIteration,NestedWhileLoopIteration
ae_adl_lists1,ArithmeticOperation,FindAbsolute
ae_adl_lists1,ArithmeticOperation,FindRemainder
ae_adl_lists1,ArithmeticOperation,FindMaximum
ae_adl_lists1,ArithmeticOperation,Addition
ae_adl_lists1,ArithmeticOperation,Round
ae_adl_lists1,ArithmeticOperation,Power
ae_adl_lists1,ArithmeticOperation,FindMinimum
ae_adl_lists1,ArithmeticOperation,Substraction
ae_adl_lists1,ArithmeticOperation,Division
ae_adl_lists1,ArithmeticOperation,Multiplication
ae_adl_lists1,HandlingInteger,TransformingToIntType
ae_adl_lists1,HandlingTuple,CreatingTuple
ae_adl_lists1,HandlingTuple,SlicingTuple
ae_adl_lists1,HandlingTuple,IndexingTuple
ae_adl_lists1,HandlingFloat,TransformingToFloatType
ae_adl_lists1,HandlingDictionary,ReplacingDictionaryElement
ae_adl_lists1,HandlingDictionary,IndexingDictionary
ae_adl_lists1,HandlingDictionary,AddingItemToDictionary
ae_adl_lists1,HandlingDictionary,AccessingDictionary
ae_adl_lists1,HandlingDictionary,CreatingDictionary
ae_adl_lists1,HandlingList,DeletingListElement
ae_adl_lists1,HandlingList,IndexingList
ae_adl_lists1,HandlingList,CreatingList
ae_adl_lists1,HandlingList,SlicingList
ae_adl_lists1,HandlingList,ReplacingListElement
ae_adl_lists1,HandlingList,ListReferencing
ae_adl_lists1,HandlingList,ReversingList
ae_adl_lists1,AddingListElement,AddingListElementWithInsert
ae_adl_lists1,AddingListElement,AddingListElementWithAppend
ae_adl_lists1,HandlingFile,ClosingFile
ae_adl_lists1,HandlingFile,ReadingLine
ae_adl_lists1,HandlingFile,OpeningFile
ae_adl_lists1,HandlingString,CreatingString
ae_adl_lists1,HandlingString,ReplacingStringContent
ae_adl_lists1,HandlingString,FormattingString
ae_adl_lists1,HandlingString,TransformingToStringType
ae_adl_lists1,HandlingString,SplittingString
ae_adl_lists2,HandlingList,ReversingList
ae_adl_lists2,HandlingString,TrimmingString
ae_adl_lists2,HandlingString,IndexingString
ae_adl_lists2,HandlingString,SlicingString
ae_adl_lists2,ModifyingStringCase,ConvertStringToUpperCase
ae_adl_lists2,ModifyingStringCase,ConvertStringToLowerCase
ae_adl_lists2,ModifyingStringCase,CapitalizeString
ae_adl_lists2,HandlingError,HandlingSpecificError
ae_adl_lists2,HandlingError,HandlingGeneralError
ae_adl_lists3,ManagingVariable,AssigningVariable
ae_adl_lists3,ManagingVariable,UpdatingVariable
ae_adl_lists3,HandlingAdvancedDataStructure,BinaryTreeTask
ae_adl_lists3,HandlingAdvancedDataStructure,LinkedListTask
ae_adl_lists3,HandlingAdvancedDataStructure,QueueTask
ae_adl_lists3,HandlingAdvancedDataStructure,StackTask
ae_adl_lists3,TwoDimensionalArrayTask,ReplacingElement2DArray
ae_adl_lists3,TwoDimensionalArrayTask,Indexing2DArray
ae_adl_lists3,TwoDimensionalArrayTask,Create2DArray
ae_adl_lists3,HandlingObjectOrientedProgramming,CallingOOPMethod
ae_adl_lists3,HandlingObjectOrientedProgramming,CreatingObject
ae_adl_lists3,HandlingObjectOrientedProgramming,DefiningClass
ae_adl_lists3,HandlingObjectOrientedProgramming,DefiningOOPMethod
ae_adl_lists3,HandlingFunction,CallingFunctionLibrary
ae_adl_lists3,HandlingFunction,NestedFunctionCall
ae_adl_lists3,HandlingFunctionCallingFunction,CallingFunctionCallingFunction
ae_adl_lists3,HandlingFunctionCallingFunction,DefiningFunctionCallingFunction
ae_adl_lists3,HandlingRecursiveFunction,CallingRecursiveFunction
ae_adl_lists3,HandlingRecursiveFunction,DefiningRecursiveFunction
ae_adl_lists3,HandlingNestedFunction,CallingNestedFunction
ae_adl_lists3,HandlingNestedFunction,DefiningNestedFunction
ae_adl_lists3,HandlingStandardFunction,CallingStandardFunction
ae_adl_lists3,HandlingStandardFunction,DefiningStandardFunction
ae_adl_lists3,NonNestedIteration,SingleForLoopIteration
ae_adl_lists3,NonNestedIteration,SingleWhileLoopIteration
ae_adl_lists3,WhileLoopWithUpdate,WhileLoopWithListIndexing
ae_adl_lists3,WhileLoopWithUpdate,WhileLoopWith*=
ae_adl_lists3,WhileLoopWithUpdate,WhileLoopWith+=
ae_adl_lists3,ForLoopWithUpdate,ForLoopWith+=
ae_adl_lists3,ForLoopWithUpdate,ForLoopWith*=
ae_adl_lists3,ForLoopWithUpdate,ForLoopWithListIndexing
ae_adl_lists3,NestedLoopIteration,MixedNestedLoopIteration
ae_adl_lists3,NestedLoopIteration,NestedForLoopIteration
ae_adl_lists3,NestedLoopIteration,NestedWhileLoopIteration
ae_adl_lists3,ArithmeticOperation,FindAbsolute
ae_adl_lists3,ArithmeticOperation,FindRemainder
ae_adl_lists3,ArithmeticOperation,FindMaximum
ae_adl_lists3,ArithmeticOperation,Addition
ae_adl_lists3,ArithmeticOperation,Round
ae_adl_lists3,ArithmeticOperation,Power
ae_adl_lists3,ArithmeticOperation,FindMinimum
ae_adl_lists3,ArithmeticOperation,Substraction
ae_adl_lists3,ArithmeticOperation,Division
ae_adl_lists3,ArithmeticOperation,Multiplication
ae_adl_lists3,HandlingInteger,TransformingToIntType
ae_adl_lists3,HandlingTuple,CreatingTuple
ae_adl_lists3,HandlingTuple,SlicingTuple
ae_adl_lists3,HandlingTuple,IndexingTuple
ae_adl_lists3,HandlingFloat,TransformingToFloatType
ae_adl_lists3,HandlingDictionary,ReplacingDictionaryElement
ae_adl_lists3,HandlingDictionary,IndexingDictionary
ae_adl_lists3,HandlingDictionary,AddingItemToDictionary
ae_adl_lists3,HandlingDictionary,AccessingDictionary
ae_adl_lists3,HandlingDictionary,CreatingDictionary
ae_adl_lists3,HandlingList,DeletingListElement
ae_adl_lists3,HandlingList,IndexingList
ae_adl_lists3,HandlingList,CreatingList
ae_adl_lists3,HandlingList,SlicingList
ae_adl_lists3,HandlingList,ReplacingListElement
ae_adl_lists3,HandlingList,ListReferencing
ae_adl_lists3,HandlingList,ReversingList
ae_adl_lists3,AddingListElement,AddingListElementWithInsert
ae_adl_lists3,AddingListElement,AddingListElementWithAppend
ae_adl_lists3,HandlingFile,ClosingFile
ae_adl_lists3,HandlingFile,ReadingLine
ae_adl_lists3,HandlingFile,OpeningFile
ae_adl_lists3,HandlingString,CreatingString
ae_adl_lists3,HandlingString,ReplacingStringContent
ae_adl_lists3,HandlingString,FormattingString
ae_adl_lists3,HandlingString,TransformingToStringType
ae_adl_lists3,HandlingString,SplittingString
ae_adl_format1,NonNestedIteration,SingleWhileLoopIteration
ae_adl_format1,WhileLoopWithUpdate,WhileLoopWithListIndexing
ae_adl_format1,WhileLoopWithUpdate,WhileLoopWith*=
ae_adl_format1,WhileLoopWithUpdate,WhileLoopWith+=
ae_adl_format1,ForLoopWithUpdate,ForLoopWith+=
ae_adl_format1,ForLoopWithUpdate,ForLoopWith*=
ae_adl_format1,ForLoopWithUpdate,ForLoopWithListIndexing
ae_adl_format1,NestedLoopIteration,MixedNestedLoopIteration
ae_adl_format1,NestedLoopIteration,NestedForLoopIteration
ae_adl_format1,NestedLoopIteration,NestedWhileLoopIteration
ae_adl_format1,ArithmeticOperation,FindAbsolute
ae_adl_format1,ArithmeticOperation,FindRemainder
ae_adl_format1,ArithmeticOperation,FindMaximum
ae_adl_format1,ArithmeticOperation,Addition
ae_adl_format1,ArithmeticOperation,Round
ae_adl_format1,ArithmeticOperation,Power
ae_adl_format1,ArithmeticOperation,FindMinimum
ae_adl_format1,ArithmeticOperation,Substraction
ae_adl_format1,ArithmeticOperation,Division
ae_adl_format1,ArithmeticOperation,Multiplication
ae_adl_format1,HandlingInteger,TransformingToIntType
ae_adl_format1,HandlingTuple,CreatingTuple
ae_adl_format1,HandlingTuple,SlicingTuple
ae_adl_format1,HandlingTuple,IndexingTuple
ae_adl_format1,HandlingFloat,TransformingToFloatType
ae_adl_format1,HandlingDictionary,ReplacingDictionaryElement
ae_adl_format1,HandlingDictionary,IndexingDictionary
ae_adl_format1,HandlingDictionary,AddingItemToDictionary
ae_adl_format1,HandlingDictionary,AccessingDictionary
ae_adl_format1,HandlingDictionary,CreatingDictionary
ae_adl_format1,HandlingList,DeletingListElement
ae_adl_format1,HandlingList,IndexingList
ae_adl_format1,HandlingList,CreatingList
ae_adl_format1,HandlingList,SlicingList
ae_adl_format1,HandlingList,ReplacingListElement
ae_adl_format1,HandlingList,ListReferencing
ae_adl_format1,HandlingList,ReversingList
ae_adl_format1,AddingListElement,AddingListElementWithInsert
ae_adl_format1,AddingListElement,AddingListElementWithAppend
ae_adl_format1,HandlingFile,ClosingFile
ae_adl_format1,HandlingFile,ReadingLine
ae_adl_format1,HandlingFile,OpeningFile
ae_adl_format1,HandlingString,CreatingString
ae_adl_format1,HandlingString,ReplacingStringContent
ae_adl_format1,HandlingString,FormattingString
ae_adl_format1,HandlingString,TransformingToStringType
ae_adl_format1,HandlingString,SplittingString
ae_adl_format2,HandlingAdvancedDataStructure,BinaryTreeTask
ae_adl_format2,HandlingAdvancedDataStructure,LinkedListTask
ae_adl_format2,HandlingAdvancedDataStructure,QueueTask
ae_adl_format2,HandlingAdvancedDataStructure,StackTask
ae_adl_format2,TwoDimensionalArrayTask,ReplacingElement2DArray
ae_adl_format2,TwoDimensionalArrayTask,Indexing2DArray
ae_adl_format2,TwoDimensionalArrayTask,Create2DArray
ae_adl_format2,HandlingFunctionCallingFunction,DefiningFunctionCallingFunction
ae_adl_format2,ArithmeticOperation,FindAbsolute
ae_adl_format2,HandlingTuple,SlicingTuple
ae_adl_format2,HandlingTuple,IndexingTuple
ae_adl_format2,HandlingFloat,TransformingToFloatType
ae_adl_format2,HandlingDictionary,ReplacingDictionaryElement
ae_adl_format2,HandlingDictionary,IndexingDictionary
ae_adl_format2,HandlingDictionary,AddingItemToDictionary
ae_adl_format2,HandlingDictionary,AccessingDictionary
ae_adl_format2,HandlingDictionary,CreatingDictionary
ae_adl_format2,HandlingList,DeletingListElement
ae_adl_format2,HandlingList,IndexingList
ae_adl_format2,HandlingList,CreatingList
ae_adl_format2,HandlingList,SlicingList
ae_adl_format2,HandlingList,ReplacingListElement
ae_adl_format2,HandlingList,ListReferencing
ae_adl_format2,HandlingList,ReversingList
ae_adl_format2,AddingListElement,AddingListElementWithInsert
ae_adl_format2,AddingListElement,AddingListElementWithAppend
ae_adl_format2,HandlingFile,ClosingFile
ae_adl_format2,HandlingFile,ReadingLine
ae_adl_format2,HandlingFile,OpeningFile
ae_adl_format2,HandlingString,CreatingString
ae_adl_format2,HandlingString,ReplacingStringContent
ae_adl_format2,HandlingString,FormattingString
ae_adl_format2,HandlingString,TransformingToStringType
ae_adl_format2,HandlingString,SplittingString
ae_adl_findmax,HandlingObjectOrientedProgramming,DefiningOOPMethod
ae_adl_findmax,WhileLoopWithUpdate,WhileLoopWithListIndexing
ae_adl_findmax,WhileLoopWithUpdate,WhileLoopWith*=
ae_adl_findmax,WhileLoopWithUpdate,WhileLoopWith+=
ae_adl_findmax,ArithmeticOperation,FindAbsolute
ae_adl_findmax,ArithmeticOperation,Round
ae_adl_findmax,ArithmeticOperation,Power
ae_adl_findmax,ArithmeticOperation,FindMinimum
ae_adl_findmax,HandlingTuple,SlicingTuple
ae_adl_findmax,HandlingTuple,IndexingTuple
ae_adl_findmax,HandlingFloat,TransformingToFloatType
ae_adl_findmax,HandlingDictionary,ReplacingDictionaryElement
ae_adl_findmax,HandlingDictionary,IndexingDictionary
ae_adl_findmax,HandlingDictionary,AddingItemToDictionary
ae_adl_findmax,HandlingDictionary,AccessingDictionary
ae_adl_findmax,HandlingDictionary,CreatingDictionary
ae_adl_findmax,HandlingList,DeletingListElement
ae_adl_findmax,HandlingList,IndexingList
ae_adl_findmax,HandlingList,CreatingList
ae_adl_findmax,HandlingList,SlicingList
ae_adl_findmax,HandlingList,ReplacingListElement
ae_adl_findmax,HandlingList,ListReferencing
ae_adl_findmax,HandlingList,ReversingList
ae_adl_findmax,AddingListElement,AddingListElementWithInsert
ae_adl_findmax,AddingListElement,AddingListElementWithAppend
ae_adl_findmax,HandlingFile,ClosingFile
ae_adl_findmax,HandlingFile,ReadingLine
ae_adl_findmax,HandlingFile,OpeningFile
ae_adl_findmax,HandlingString,CreatingString
ae_adl_findmax,HandlingString,ReplacingStringContent
ae_adl_findmax,HandlingString,FormattingString
ae_adl_findmax,HandlingString,TransformingToStringType
ae_adl_findmax,HandlingString,SplittingString
ae_adl_functions1,Python,Concatenation
ae_adl_functions1,Python,Importing
ae_adl_functions1,Python,FindingLength
ae_adl_functions1,Python,Printing
ae_adl_functions1,Python,CheckingForItem
ae_adl_functions1,Python,HandlingInput
ae_adl_functions1,CheckingCondition,IfElseChecking
ae_adl_functions1,CheckingCondition,AssertChecking
ae_adl_functions1,CheckingCondition,IfElifElseChecking
ae_adl_functions1,CheckingCondition,NestedIfChecking
ae_adl_functions1,CheckingCondition,IfChecking
ae_adl_functions1,CheckingCondition,IfElifChecking
ae_adl_functions1,CheckingCondition,BooleanEvaluating
ae_adl_functions1,CheckingInForLoop,IfElseCheckingInForLoop
ae_adl_functions1,CheckingInForLoop,IfElifCheckingInForLoop
ae_adl_functions1,CheckingInForLoop,IfCheckingInForLoop
ae_adl_functions1,CheckingInForLoop,IfElifElseCheckingInForLoop
ae_adl_functions1,CheckingInWhileLoop,IfElifElseCheckingInWhileLoop
ae_adl_functions1,CheckingInWhileLoop,IfCheckingInWhileLoop
ae_adl_functions1,CheckingInWhileLoop,IfElseCheckingInWhileLoop
ae_adl_functions1,CheckingInWhileLoop,IfElifCheckingInWhileLoop
ae_adl_functions1,ManagingVariable,SwappingVariablesValue
ae_adl_functions1,NonNestedIteration,SingleWhileLoopIteration
ae_adl_functions1,WhileLoopWithUpdate,WhileLoopWithListIndexing
ae_adl_functions1,WhileLoopWithUpdate,WhileLoopWith*=
ae_adl_functions1,WhileLoopWithUpdate,WhileLoopWith+=
ae_adl_functions1,ForLoopWithUpdate,ForLoopWith+=
ae_adl_functions1,ForLoopWithUpdate,ForLoopWith*=
ae_adl_functions1,ForLoopWithUpdate,ForLoopWithListIndexing
ae_adl_functions1,NestedLoopIteration,MixedNestedLoopIteration
ae_adl_functions1,NestedLoopIteration,NestedForLoopIteration
ae_adl_functions1,NestedLoopIteration,NestedWhileLoopIteration
ae_adl_functions1,ArithmeticOperation,FindAbsolute
ae_adl_functions1,ArithmeticOperation,FindRemainder
ae_adl_functions1,ArithmeticOperation,FindMaximum
ae_adl_functions1,ArithmeticOperation,Addition
ae_adl_functions1,ArithmeticOperation,Round
ae_adl_functions1,ArithmeticOperation,Power
ae_adl_functions1,ArithmeticOperation,FindMinimum
ae_adl_functions1,ArithmeticOperation,Substraction
ae_adl_functions1,ArithmeticOperation,Division
ae_adl_functions1,ArithmeticOperation,Multiplication
ae_adl_functions1,HandlingInteger,TransformingToIntType
ae_adl_functions1,HandlingTuple,CreatingTuple
ae_adl_functions1,HandlingTuple,SlicingTuple
ae_adl_functions1,HandlingTuple,IndexingTuple
ae_adl_functions1,HandlingFloat,TransformingToFloatType
ae_adl_functions1,HandlingDictionary,ReplacingDictionaryElement
ae_adl_functions1,HandlingDictionary,IndexingDictionary
ae_adl_functions1,HandlingDictionary,AddingItemToDictionary
ae_adl_functions1,HandlingDictionary,AccessingDictionary
ae_adl_functions1,HandlingDictionary,CreatingDictionary
ae_adl_functions1,HandlingList,DeletingListElement
ae_adl_functions1,HandlingList,IndexingList
ae_adl_functions1,HandlingList,CreatingList
ae_adl_functions1,HandlingList,SlicingList
ae_adl_functions1,HandlingList,ReplacingListElement
ae_adl_functions1,HandlingList,ListReferencing
ae_adl_functions1,HandlingList,ReversingList
ae_adl_functions1,AddingListElement,AddingListElementWithInsert
ae_adl_functions1,AddingListElement,AddingListElementWithAppend
ae_adl_functions1,HandlingFile,ClosingFile
ae_adl_functions1,HandlingFile,ReadingLine
ae_adl_functions1,HandlingFile,OpeningFile
ae_adl_functions1,HandlingString,CreatingString
ae_adl_functions1,HandlingString,ReplacingStringContent
ae_adl_functions1,HandlingString,FormattingString
ae_adl_functions1,HandlingString,TransformingToStringType
ae_adl_functions1,HandlingString,SplittingString
ae_adl_returnvalue,ManagingVariable,AssigningVariable
ae_adl_returnvalue,ManagingVariable,UpdatingVariable
ae_adl_returnvalue,HandlingAdvancedDataStructure,BinaryTreeTask
ae_adl_returnvalue,HandlingAdvancedDataStructure,LinkedListTask
ae_adl_returnvalue,HandlingAdvancedDataStructure,QueueTask
ae_adl_returnvalue,HandlingAdvancedDataStructure,StackTask
ae_adl_returnvalue,TwoDimensionalArrayTask,ReplacingElement2DArray
ae_adl_returnvalue,TwoDimensionalArrayTask,Indexing2DArray
ae_adl_returnvalue,TwoDimensionalArrayTask,Create2DArray
ae_adl_returnvalue,HandlingObjectOrientedProgramming,CallingOOPMethod
ae_adl_returnvalue,HandlingObjectOrientedProgramming,CreatingObject
ae_adl_returnvalue,HandlingObjectOrientedProgramming,DefiningClass
ae_adl_returnvalue,HandlingObjectOrientedProgramming,DefiningOOPMethod
ae_adl_returnvalue,HandlingFunction,CallingFunctionLibrary
ae_adl_returnvalue,HandlingFunction,NestedFunctionCall
ae_adl_returnvalue,HandlingFunctionCallingFunction,CallingFunctionCallingFunction
ae_adl_returnvalue,HandlingFunctionCallingFunction,DefiningFunctionCallingFunction
ae_adl_returnvalue,HandlingRecursiveFunction,CallingRecursiveFunction
ae_adl_returnvalue,HandlingRecursiveFunction,DefiningRecursiveFunction
ae_adl_returnvalue,HandlingNestedFunction,CallingNestedFunction
ae_adl_returnvalue,HandlingNestedFunction,DefiningNestedFunction
ae_adl_returnvalue,HandlingStandardFunction,CallingStandardFunction
ae_adl_returnvalue,HandlingStandardFunction,DefiningStandardFunction
ae_adl_returnvalue,NonNestedIteration,SingleForLoopIteration
ae_adl_returnvalue,ArithmeticOperation,FindAbsolute
ae_adl_returnvalue,HandlingTuple,SlicingTuple
ae_adl_returnvalue,HandlingTuple,IndexingTuple
ae_adl_returnvalue,HandlingFloat,TransformingToFloatType
ae_adl_returnvalue,HandlingDictionary,ReplacingDictionaryElement
ae_adl_returnvalue,HandlingDictionary,IndexingDictionary
ae_adl_returnvalue,HandlingDictionary,AddingItemToDictionary
ae_adl_returnvalue,HandlingDictionary,AccessingDictionary
ae_adl_returnvalue,HandlingDictionary,CreatingDictionary
ae_adl_returnvalue,HandlingList,DeletingListElement
ae_adl_returnvalue,HandlingList,IndexingList
ae_adl_returnvalue,HandlingList,CreatingList
ae_adl_returnvalue,HandlingList,SlicingList
ae_adl_returnvalue,HandlingList,ReplacingListElement
ae_adl_returnvalue,HandlingList,ListReferencing
ae_adl_returnvalue,HandlingList,ReversingList
ae_adl_returnvalue,AddingListElement,AddingListElementWithInsert
ae_adl_returnvalue,AddingListElement,AddingListElementWithAppend
ae_adl_returnvalue,HandlingFile,ClosingFile
ae_adl_returnvalue,HandlingFile,ReadingLine
ae_adl_returnvalue,HandlingFile,OpeningFile
ae_adl_returnvalue,HandlingString,CreatingString
ae_adl_returnvalue,HandlingString,ReplacingStringContent
ae_adl_returnvalue,HandlingString,FormattingString
ae_adl_returnvalue,HandlingString,TransformingToStringType
ae_adl_returnvalue,HandlingString,SplittingString
ae_adl_functions2,HandlingAdvancedDataStructure,BinaryTreeTask
ae_adl_functions2,HandlingAdvancedDataStructure,LinkedListTask
ae_adl_functions2,HandlingAdvancedDataStructure,QueueTask
ae_adl_functions2,HandlingAdvancedDataStructure,StackTask
ae_adl_functions2,TwoDimensionalArrayTask,ReplacingElement2DArray
ae_adl_functions2,TwoDimensionalArrayTask,Indexing2DArray
ae_adl_functions2,TwoDimensionalArrayTask,Create2DArray
ae_adl_functions2,HandlingObjectOrientedProgramming,CallingOOPMethod
ae_adl_functions2,HandlingObjectOrientedProgramming,CreatingObject
ae_adl_functions2,HandlingObjectOrientedProgramming,DefiningClass
ae_adl_functions2,HandlingObjectOrientedProgramming,DefiningOOPMethod
ae_adl_functions2,HandlingFunctionCallingFunction,DefiningFunctionCallingFunction
ae_adl_functions2,HandlingTuple,SlicingTuple
ae_adl_functions2,HandlingTuple,IndexingTuple
ae_adl_functions2,HandlingFloat,TransformingToFloatType
ae_adl_functions2,HandlingDictionary,ReplacingDictionaryElement
ae_adl_functions2,HandlingDictionary,IndexingDictionary
ae_adl_functions2,HandlingDictionary,AddingItemToDictionary
ae_adl_functions2,HandlingDictionary,AccessingDictionary
ae_adl_functions2,HandlingDictionary,CreatingDictionary
ae_adl_functions2,HandlingList,DeletingListElement
ae_adl_functions2,HandlingList,IndexingList
ae_adl_functions2,HandlingList,CreatingList
ae_adl_functions2,HandlingList,SlicingList
ae_adl_functions2,HandlingList,ReplacingListElement
ae_adl_functions2,HandlingList,ListReferencing
ae_adl_functions2,HandlingList,ReversingList
ae_adl_functions2,AddingListElement,AddingListElementWithInsert
ae_adl_functions2,AddingListElement,AddingListElementWithAppend
ae_adl_functions2,HandlingFile,ClosingFile
ae_adl_functions2,HandlingFile,ReadingLine
ae_adl_functions2,HandlingFile,OpeningFile
ae_adl_functions2,HandlingString,CreatingString
ae_adl_functions2,HandlingString,ReplacingStringContent
ae_adl_functions2,HandlingString,FormattingString
ae_adl_functions2,HandlingString,TransformingToStringType
ae_adl_functions2,HandlingString,SplittingString
ae_adl_functions3,ManagingVariable,AssigningVariable
ae_adl_functions3,ManagingVariable,UpdatingVariable
ae_adl_functions3,HandlingAdvancedDataStructure,BinaryTreeTask
ae_adl_functions3,HandlingAdvancedDataStructure,LinkedListTask
ae_adl_functions3,HandlingAdvancedDataStructure,QueueTask
ae_adl_functions3,HandlingAdvancedDataStructure,StackTask
ae_adl_functions3,TwoDimensionalArrayTask,ReplacingElement2DArray
ae_adl_functions3,TwoDimensionalArrayTask,Indexing2DArray
ae_adl_functions3,TwoDimensionalArrayTask,Create2DArray
ae_adl_functions3,HandlingObjectOrientedProgramming,CallingOOPMethod
ae_adl_functions3,HandlingObjectOrientedProgramming,CreatingObject
ae_adl_functions3,HandlingObjectOrientedProgramming,DefiningClass
ae_adl_functions3,HandlingObjectOrientedProgramming,DefiningOOPMethod
ae_adl_functions3,HandlingFunction,CallingFunctionLibrary
ae_adl_functions3,HandlingFunction,NestedFunctionCall
ae_adl_functions3,HandlingFunctionCallingFunction,CallingFunctionCallingFunction
ae_adl_functions3,HandlingFunctionCallingFunction,DefiningFunctionCallingFunction
ae_adl_functions3,HandlingRecursiveFunction,CallingRecursiveFunction
ae_adl_functions3,HandlingRecursiveFunction,DefiningRecursiveFunction
ae_adl_functions3,HandlingNestedFunction,CallingNestedFunction
ae_adl_functions3,HandlingNestedFunction,DefiningNestedFunction
ae_adl_functions3,HandlingStandardFunction,CallingStandardFunction
ae_adl_functions3,HandlingStandardFunction,DefiningStandardFunction
ae_adl_functions3,NonNestedIteration,SingleForLoopIteration
ae_adl_functions3,ArithmeticOperation,Division
ae_adl_functions3,HandlingTuple,SlicingTuple
ae_adl_functions3,HandlingTuple,IndexingTuple
ae_adl_functions3,HandlingFloat,TransformingToFloatType
ae_adl_functions3,HandlingDictionary,ReplacingDictionaryElement
ae_adl_functions3,HandlingDictionary,IndexingDictionary
ae_adl_functions3,HandlingDictionary,AddingItemToDictionary
ae_adl_functions3,HandlingDictionary,AccessingDictionary
ae_adl_functions3,HandlingDictionary,CreatingDictionary
ae_adl_functions3,HandlingList,DeletingListElement
ae_adl_functions3,HandlingList,IndexingList
ae_adl_functions3,HandlingList,CreatingList
ae_adl_functions3,HandlingList,SlicingList
ae_adl_functions3,HandlingList,ReplacingListElement
ae_adl_functions3,HandlingList,ListReferencing
ae_adl_functions3,HandlingList,ReversingList
ae_adl_functions3,AddingListElement,AddingListElementWithInsert
ae_adl_functions3,AddingListElement,AddingListElementWithAppend
ae_adl_functions3,HandlingFile,ClosingFile
ae_adl_functions3,HandlingFile,ReadingLine
ae_adl_functions3,HandlingFile,OpeningFile
ae_adl_functions3,HandlingString,CreatingString
ae_adl_functions3,HandlingString,ReplacingStringContent
ae_adl_functions3,HandlingString,FormattingString
ae_adl_functions3,HandlingString,TransformingToStringType
ae_adl_functions3,HandlingString,SplittingString
ae_adl_recursion,Python,CheckingForItem
ae_adl_recursion,HandlingObjectOrientedProgramming,DefiningOOPMethod
ae_adl_recursion,NonNestedIteration,SingleWhileLoopIteration
ae_adl_recursion,WhileLoopWithUpdate,WhileLoopWithListIndexing
ae_adl_recursion,WhileLoopWithUpdate,WhileLoopWith*=
ae_adl_recursion,WhileLoopWithUpdate,WhileLoopWith+=
ae_adl_recursion,ForLoopWithUpdate,ForLoopWith+=
ae_adl_recursion,ForLoopWithUpdate,ForLoopWith*=
ae_adl_recursion,ForLoopWithUpdate,ForLoopWithListIndexing
ae_adl_recursion,NestedLoopIteration,MixedNestedLoopIteration
ae_adl_recursion,NestedLoopIteration,NestedForLoopIteration
ae_adl_recursion,NestedLoopIteration,NestedWhileLoopIteration
ae_adl_recursion,ArithmeticOperation,FindAbsolute
ae_adl_recursion,ArithmeticOperation,FindRemainder
ae_adl_recursion,ArithmeticOperation,FindMaximum
ae_adl_recursion,ArithmeticOperation,Addition
ae_adl_recursion,ArithmeticOperation,Round
ae_adl_recursion,ArithmeticOperation,Power
ae_adl_recursion,ArithmeticOperation,FindMinimum
ae_adl_recursion,ArithmeticOperation,Substraction
ae_adl_recursion,ArithmeticOperation,Division
ae_adl_recursion,ArithmeticOperation,Multiplication
ae_adl_recursion,HandlingInteger,TransformingToIntType
ae_adl_recursion,HandlingTuple,CreatingTuple
ae_adl_recursion,HandlingTuple,SlicingTuple
ae_adl_recursion,HandlingTuple,IndexingTuple
ae_adl_recursion,HandlingFloat,TransformingToFloatType
ae_adl_recursion,HandlingDictionary,ReplacingDictionaryElement
ae_adl_recursion,HandlingDictionary,IndexingDictionary
ae_adl_recursion,HandlingDictionary,AddingItemToDictionary
ae_adl_recursion,HandlingDictionary,AccessingDictionary
ae_adl_recursion,HandlingDictionary,CreatingDictionary
ae_adl_recursion,HandlingList,DeletingListElement
ae_adl_recursion,HandlingList,IndexingList
ae_adl_recursion,HandlingList,CreatingList
ae_adl_recursion,HandlingList,SlicingList
ae_adl_recursion,HandlingList,ReplacingListElement
ae_adl_recursion,HandlingList,ListReferencing
ae_adl_recursion,HandlingList,ReversingList
ae_adl_recursion,AddingListElement,AddingListElementWithInsert
ae_adl_recursion,AddingListElement,AddingListElementWithAppend
ae_adl_recursion,HandlingFile,ClosingFile
ae_adl_recursion,HandlingFile,ReadingLine
ae_adl_recursion,HandlingFile,OpeningFile
ae_adl_recursion,HandlingString,CreatingString
ae_adl_recursion,HandlingString,ReplacingStringContent
ae_adl_recursion,HandlingString,FormattingString
ae_adl_recursion,HandlingString,TransformingToStringType
ae_adl_recursion,HandlingString,SplittingString
ae_adl_dict1,HandlingTuple,SlicingTuple
ae_adl_dict1,HandlingTuple,IndexingTuple
ae_adl_dict1,HandlingFloat,TransformingToFloatType
ae_adl_dict1,HandlingDictionary,ReplacingDictionaryElement
ae_adl_dict1,HandlingDictionary,IndexingDictionary
ae_adl_dict1,HandlingDictionary,AddingItemToDictionary
ae_adl_dict1,HandlingDictionary,AccessingDictionary
ae_adl_dict1,HandlingDictionary,CreatingDictionary
ae_adl_dict1,HandlingList,DeletingListElement
ae_adl_dict1,HandlingList,IndexingList
ae_adl_dict1,HandlingList,CreatingList
ae_adl_dict1,HandlingList,SlicingList
ae_adl_dict1,HandlingList,ReplacingListElement
ae_adl_dict1,HandlingList,ListReferencing
ae_adl_dict1,HandlingList,ReversingList
ae_adl_dict1,AddingListElement,AddingListElementWithInsert
ae_adl_dict1,AddingListElement,AddingListElementWithAppend
ae_adl_dict1,HandlingFile,ClosingFile
ae_adl_dict1,HandlingFile,ReadingLine
ae_adl_dict1,HandlingFile,OpeningFile
ae_adl_dict1,HandlingString,CreatingString
ae_adl_dict1,HandlingString,ReplacingStringContent
ae_adl_dict1,HandlingString,FormattingString
ae_adl_dict1,HandlingString,TransformingToStringType
ae_adl_dict1,HandlingString,SplittingString
ae_adl_dict2,NonNestedIteration,SingleWhileLoopIteration
ae_adl_dict2,WhileLoopWithUpdate,WhileLoopWithListIndexing
ae_adl_dict2,WhileLoopWithUpdate,WhileLoopWith*=
ae_adl_dict2,WhileLoopWithUpdate,WhileLoopWith+=
ae_adl_dict2,ForLoopWithUpdate,ForLoopWith+=
ae_adl_dict2,ForLoopWithUpdate,ForLoopWith*=
ae_adl_dict2,ForLoopWithUpdate,ForLoopWithListIndexing
ae_adl_dict2,NestedLoopIteration,MixedNestedLoopIteration
ae_adl_dict2,NestedLoopIteration,NestedForLoopIteration
ae_adl_dict2,NestedLoopIteration,NestedWhileLoopIteration
ae_adl_dict2,ArithmeticOperation,FindAbsolute
ae_adl_dict2,ArithmeticOperation,FindRemainder
ae_adl_dict2,ArithmeticOperation,FindMaximum
ae_adl_dict2,ArithmeticOperation,Addition
ae_adl_dict2,ArithmeticOperation,Round
ae_adl_dict2,ArithmeticOperation,Power
ae_adl_dict2,ArithmeticOperation,FindMinimum
ae_adl_dict2,ArithmeticOperation,Substraction
ae_adl_dict2,ArithmeticOperation,Division
ae_adl_dict2,ArithmeticOperation,Multiplication
ae_adl_dict2,HandlingInteger,TransformingToIntType
ae_adl_dict2,HandlingTuple,CreatingTuple
ae_adl_dict2,HandlingTuple,SlicingTuple
ae_adl_dict2,HandlingTuple,IndexingTuple
ae_adl_dict2,HandlingFloat,TransformingToFloatType
ae_adl_dict2,HandlingDictionary,ReplacingDictionaryElement
ae_adl_dict2,HandlingDictionary,IndexingDictionary
ae_adl_dict2,HandlingDictionary,AddingItemToDictionary
ae_adl_dict2,HandlingDictionary,AccessingDictionary
ae_adl_dict2,HandlingDictionary,CreatingDictionary
ae_adl_dict2,HandlingList,DeletingListElement
ae_adl_dict2,HandlingList,IndexingList
ae_adl_dict2,HandlingList,CreatingList
ae_adl_dict2,HandlingList,SlicingList
ae_adl_dict2,HandlingList,ReplacingListElement
ae_adl_dict2,HandlingList,ListReferencing
ae_adl_dict2,HandlingList,ReversingList
ae_adl_dict2,AddingListElement,AddingListElementWithInsert
ae_adl_dict2,AddingListElement,AddingListElementWithAppend
ae_adl_dict2,HandlingFile,ClosingFile
ae_adl_dict2,HandlingFile,ReadingLine
ae_adl_dict2,HandlingFile,OpeningFile
ae_adl_dict2,HandlingString,CreatingString
ae_adl_dict2,HandlingString,ReplacingStringContent
ae_adl_dict2,HandlingString,FormattingString
ae_adl_dict2,HandlingString,TransformingToStringType
ae_adl_dict2,HandlingString,SplittingString
ae_adl_dict3,HandlingFunctionCallingFunction,DefiningFunctionCallingFunction
ae_adl_dict3,HandlingTuple,SlicingTuple
ae_adl_dict3,HandlingTuple,IndexingTuple
ae_adl_dict3,HandlingFloat,TransformingToFloatType
ae_adl_dict3,HandlingDictionary,ReplacingDictionaryElement
ae_adl_dict3,HandlingDictionary,IndexingDictionary
ae_adl_dict3,HandlingDictionary,AddingItemToDictionary
ae_adl_dict3,HandlingDictionary,AccessingDictionary
ae_adl_dict3,HandlingDictionary,CreatingDictionary
ae_adl_dict3,HandlingList,DeletingListElement
ae_adl_dict3,HandlingList,IndexingList
ae_adl_dict3,HandlingList,CreatingList
ae_adl_dict3,HandlingList,SlicingList
ae_adl_dict3,HandlingList,ReplacingListElement
ae_adl_dict3,HandlingList,ListReferencing
ae_adl_dict3,HandlingList,ReversingList
ae_adl_dict3,AddingListElement,AddingListElementWithInsert
ae_adl_dict3,AddingListElement,AddingListElementWithAppend
ae_adl_dict3,HandlingFile,ClosingFile
ae_adl_dict3,HandlingFile,ReadingLine
ae_adl_dict3,HandlingFile,OpeningFile
ae_adl_dict3,HandlingString,CreatingString
ae_adl_dict3,HandlingString,ReplacingStringContent
ae_adl_dict3,HandlingString,FormattingString
ae_adl_dict3,HandlingString,TransformingToStringType
ae_adl_dict3,HandlingString,SplittingString
ae_adl_objects1,HandlingAdvancedDataStructure,BinaryTreeTask
ae_adl_objects1,HandlingAdvancedDataStructure,LinkedListTask
ae_adl_objects1,HandlingAdvancedDataStructure,QueueTask
ae_adl_objects1,HandlingAdvancedDataStructure,StackTask
ae_adl_objects1,TwoDimensionalArrayTask,ReplacingElement2DArray
ae_adl_objects1,TwoDimensionalArrayTask,Indexing2DArray
ae_adl_objects1,TwoDimensionalArrayTask,Create2DArray
ae_adl_objects1,HandlingFunctionCallingFunction,DefiningFunctionCallingFunction
ae_adl_objects1,HandlingTuple,SlicingTuple
ae_adl_objects1,HandlingTuple,IndexingTuple
ae_adl_objects1,HandlingFloat,TransformingToFloatType
ae_adl_objects1,HandlingDictionary,ReplacingDictionaryElement
ae_adl_objects1,HandlingDictionary,IndexingDictionary
ae_adl_objects1,HandlingDictionary,AddingItemToDictionary
ae_adl_objects1,HandlingDictionary,AccessingDictionary
ae_adl_objects1,HandlingDictionary,CreatingDictionary
ae_adl_objects1,HandlingList,DeletingListElement
ae_adl_objects1,HandlingList,IndexingList
ae_adl_objects1,HandlingList,CreatingList
ae_adl_objects1,HandlingList,SlicingList
ae_adl_objects1,HandlingList,ReplacingListElement
ae_adl_objects1,HandlingList,ListReferencing
ae_adl_objects1,HandlingList,ReversingList
ae_adl_objects1,AddingListElement,AddingListElementWithInsert
ae_adl_objects1,AddingListElement,AddingListElementWithAppend
ae_adl_objects1,HandlingFile,ClosingFile
ae_adl_objects1,HandlingFile,ReadingLine
ae_adl_objects1,HandlingFile,OpeningFile
ae_adl_objects1,HandlingString,CreatingString
ae_adl_objects1,HandlingString,ReplacingStringContent
ae_adl_objects1,HandlingString,FormattingString
ae_adl_objects1,HandlingString,TransformingToStringType
ae_adl_objects1,HandlingString,SplittingString
ae_adl_objects2,ManagingVariable,AssigningVariable
ae_adl_objects2,ManagingVariable,UpdatingVariable
ae_adl_objects2,HandlingAdvancedDataStructure,BinaryTreeTask
ae_adl_objects2,HandlingAdvancedDataStructure,LinkedListTask
ae_adl_objects2,HandlingAdvancedDataStructure,QueueTask
ae_adl_objects2,HandlingAdvancedDataStructure,StackTask
ae_adl_objects2,TwoDimensionalArrayTask,ReplacingElement2DArray
ae_adl_objects2,TwoDimensionalArrayTask,Indexing2DArray
ae_adl_objects2,TwoDimensionalArrayTask,Create2DArray
ae_adl_objects2,HandlingObjectOrientedProgramming,CallingOOPMethod
ae_adl_objects2,HandlingObjectOrientedProgramming,CreatingObject
ae_adl_objects2,HandlingObjectOrientedProgramming,DefiningClass
ae_adl_objects2,HandlingObjectOrientedProgramming,DefiningOOPMethod
ae_adl_objects2,HandlingFunction,CallingFunctionLibrary
ae_adl_objects2,HandlingFunction,NestedFunctionCall
ae_adl_objects2,HandlingFunctionCallingFunction,CallingFunctionCallingFunction
ae_adl_objects2,HandlingFunctionCallingFunction,DefiningFunctionCallingFunction
ae_adl_objects2,HandlingRecursiveFunction,CallingRecursiveFunction
ae_adl_objects2,HandlingRecursiveFunction,DefiningRecursiveFunction
ae_adl_objects2,HandlingNestedFunction,CallingNestedFunction
ae_adl_objects2,HandlingNestedFunction,DefiningNestedFunction
ae_adl_objects2,HandlingStandardFunction,CallingStandardFunction
ae_adl_objects2,HandlingStandardFunction,DefiningStandardFunction
ae_adl_objects2,NonNestedIteration,SingleForLoopIteration
ae_adl_objects2,NonNestedIteration,SingleWhileLoopIteration
ae_adl_objects2,WhileLoopWithUpdate,WhileLoopWithListIndexing
ae_adl_objects2,WhileLoopWithUpdate,WhileLoopWith*=
ae_adl_objects2,WhileLoopWithUpdate,WhileLoopWith+=
ae_adl_objects2,ForLoopWithUpdate,ForLoopWith+=
ae_adl_objects2,ForLoopWithUpdate,ForLoopWith*=
ae_adl_objects2,ForLoopWithUpdate,ForLoopWithListIndexing
ae_adl_objects2,NestedLoopIteration,MixedNestedLoopIteration
ae_adl_objects2,NestedLoopIteration,NestedForLoopIteration
ae_adl_objects2,NestedLoopIteration,NestedWhileLoopIteration
ae_adl_objects2,ArithmeticOperation,FindAbsolute
ae_adl_objects2,ArithmeticOperation,FindRemainder
ae_adl_objects2,ArithmeticOperation,FindMaximum
ae_adl_objects2,ArithmeticOperation,Addition
ae_adl_objects2,ArithmeticOperation,Round
ae_adl_objects2,ArithmeticOperation,Power
ae_adl_objects2,ArithmeticOperation,FindMinimum
ae_adl_objects2,ArithmeticOperation,Substraction
ae_adl_objects2,ArithmeticOperation,Division
ae_adl_objects2,ArithmeticOperation,Multiplication
ae_adl_objects2,HandlingInteger,TransformingToIntType
ae_adl_objects2,HandlingTuple,CreatingTuple
ae_adl_objects2,HandlingTuple,SlicingTuple
ae_adl_objects2,HandlingTuple,IndexingTuple
ae_adl_objects2,HandlingFloat,TransformingToFloatType
ae_adl_objects2,HandlingDictionary,ReplacingDictionaryElement
ae_adl_objects2,HandlingDictionary,IndexingDictionary
ae_adl_objects2,HandlingDictionary,AddingItemToDictionary
ae_adl_objects2,HandlingDictionary,AccessingDictionary
ae_adl_objects2,HandlingDictionary,CreatingDictionary
ae_adl_objects2,HandlingList,DeletingListElement
ae_adl_objects2,HandlingList,IndexingList
ae_adl_objects2,HandlingList,CreatingList
ae_adl_objects2,HandlingList,SlicingList
ae_adl_objects2,HandlingList,ReplacingListElement
ae_adl_objects2,HandlingList,ListReferencing
ae_adl_objects2,HandlingList,ReversingList
ae_adl_objects2,AddingListElement,AddingListElementWithInsert
ae_adl_objects2,AddingListElement,AddingListElementWithAppend
ae_adl_objects2,HandlingFile,ClosingFile
ae_adl_objects2,HandlingFile,ReadingLine
ae_adl_objects2,HandlingFile,OpeningFile
ae_adl_objects2,HandlingString,CreatingString
ae_adl_objects2,HandlingString,ReplacingStringContent
ae_adl_objects2,HandlingString,FormattingString
ae_adl_objects2,HandlingString,TransformingToStringType
ae_adl_objects2,HandlingString,SplittingString
py_concat_str_num,NonNestedIteration,SingleWhileLoopIteration
py_concat_str_num,WhileLoopWithUpdate,WhileLoopWithListIndexing
py_concat_str_num,WhileLoopWithUpdate,WhileLoopWith*=
py_concat_str_num,WhileLoopWithUpdate,WhileLoopWith+=
py_concat_str_num,ForLoopWithUpdate,ForLoopWith+=
py_concat_str_num,ForLoopWithUpdate,ForLoopWith*=
py_concat_str_num,ForLoopWithUpdate,ForLoopWithListIndexing
py_concat_str_num,NestedLoopIteration,MixedNestedLoopIteration
py_concat_str_num,NestedLoopIteration,NestedForLoopIteration
py_concat_str_num,NestedLoopIteration,NestedWhileLoopIteration
py_concat_str_num,ArithmeticOperation,FindAbsolute
py_concat_str_num,ArithmeticOperation,FindRemainder
py_concat_str_num,ArithmeticOperation,FindMaximum
py_concat_str_num,ArithmeticOperation,Addition
py_concat_str_num,ArithmeticOperation,Round
py_concat_str_num,ArithmeticOperation,Power
py_concat_str_num,ArithmeticOperation,FindMinimum
py_concat_str_num,ArithmeticOperation,Substraction
py_concat_str_num,ArithmeticOperation,Division
py_concat_str_num,ArithmeticOperation,Multiplication
py_concat_str_num,HandlingInteger,TransformingToIntType
py_concat_str_num,HandlingTuple,CreatingTuple
py_concat_str_num,HandlingTuple,SlicingTuple
py_concat_str_num,HandlingTuple,IndexingTuple
py_concat_str_num,HandlingFloat,TransformingToFloatType
py_concat_str_num,HandlingDictionary,ReplacingDictionaryElement
py_concat_str_num,HandlingDictionary,IndexingDictionary
py_concat_str_num,HandlingDictionary,AddingItemToDictionary
py_concat_str_num,HandlingDictionary,AccessingDictionary
py_concat_str_num,HandlingDictionary,CreatingDictionary
py_concat_str_num,HandlingList,DeletingListElement
py_concat_str_num,HandlingList,IndexingList
py_concat_str_num,HandlingList,CreatingList
py_concat_str_num,HandlingList,SlicingList
py_concat_str_num,HandlingList,ReplacingListElement
py_concat_str_num,HandlingList,ListReferencing
py_concat_str_num,HandlingList,ReversingList
py_concat_str_num,AddingListElement,AddingListElementWithInsert
py_concat_str_num,AddingListElement,AddingListElementWithAppend
py_concat_str_num,HandlingFile,ClosingFile
py_concat_str_num,HandlingFile,ReadingLine
py_concat_str_num,HandlingFile,OpeningFile
py_concat_str_num,HandlingString,CreatingString
py_concat_str_num,HandlingString,ReplacingStringContent
py_concat_str_num,HandlingString,FormattingString
py_concat_str_num,HandlingString,TransformingToStringType
py_concat_str_num,HandlingString,SplittingString
py_concat_str_num2,HandlingString,TrimmingString
py_concat_str_num2,HandlingString,IndexingString
py_concat_str_num2,HandlingString,SlicingString
py_concat_str_num2,ModifyingStringCase,ConvertStringToUpperCase
py_concat_str_num2,ModifyingStringCase,ConvertStringToLowerCase
py_concat_str_num2,ModifyingStringCase,CapitalizeString
py_concat_str_num2,HandlingError,HandlingSpecificError
py_concat_str_num2,HandlingError,HandlingGeneralError
py_concat_string_num3,HandlingAdvancedDataStructure,BinaryTreeTask
py_concat_string_num3,HandlingAdvancedDataStructure,LinkedListTask
py_concat_string_num3,HandlingAdvancedDataStructure,QueueTask
py_concat_string_num3,HandlingAdvancedDataStructure,StackTask
py_concat_string_num3,TwoDimensionalArrayTask,ReplacingElement2DArray
py_concat_string_num3,TwoDimensionalArrayTask,Indexing2DArray
py_concat_string_num3,TwoDimensionalArrayTask,Create2DArray
py_concat_string_num3,HandlingFunctionCallingFunction,DefiningFunctionCallingFunction
py_concat_string_num3,NonNestedIteration,SingleWhileLoopIteration
py_concat_string_num3,WhileLoopWithUpdate,WhileLoopWithListIndexing
py_concat_string_num3,WhileLoopWithUpdate,WhileLoopWith*=
py_concat_string_num3,WhileLoopWithUpdate,WhileLoopWith+=
py_concat_string_num3,ForLoopWithUpdate,ForLoopWith+=
py_concat_string_num3,ForLoopWithUpdate,ForLoopWith*=
py_concat_string_num3,ForLoopWithUpdate,ForLoopWithListIndexing
py_concat_string_num3,NestedLoopIteration,MixedNestedLoopIteration
py_concat_string_num3,NestedLoopIteration,NestedForLoopIteration
py_concat_string_num3,NestedLoopIteration,NestedWhileLoopIteration
py_concat_string_num3,ArithmeticOperation,FindAbsolute
py_concat_string_num3,ArithmeticOperation,FindRemainder
py_concat_string_num3,ArithmeticOperation,FindMaximum
py_concat_string_num3,ArithmeticOperation,Addition
py_concat_string_num3,ArithmeticOperation,Round
py_concat_string_num3,ArithmeticOperation,Power
py_concat_string_num3,ArithmeticOperation,FindMinimum
py_concat_string_num3,ArithmeticOperation,Substraction
py_concat_string_num3,ArithmeticOperation,Division
py_concat_string_num3,ArithmeticOperation,Multiplication
py_concat_string_num3,HandlingInteger,TransformingToIntType
py_concat_string_num3,HandlingTuple,CreatingTuple
py_concat_string_num3,HandlingTuple,SlicingTuple
py_concat_string_num3,HandlingTuple,IndexingTuple
py_concat_string_num3,HandlingFloat,TransformingToFloatType
py_concat_string_num3,HandlingDictionary,ReplacingDictionaryElement
py_concat_string_num3,HandlingDictionary,IndexingDictionary
py_concat_string_num3,HandlingDictionary,AddingItemToDictionary
py_concat_string_num3,HandlingDictionary,AccessingDictionary
py_concat_string_num3,HandlingDictionary,CreatingDictionary
py_concat_string_num3,HandlingList,DeletingListElement
py_concat_string_num3,HandlingList,IndexingList
py_concat_string_num3,HandlingList,CreatingList
py_concat_string_num3,HandlingList,SlicingList
py_concat_string_num3,HandlingList,ReplacingListElement
py_concat_string_num3,HandlingList,ListReferencing
py_concat_string_num3,HandlingList,ReversingList
py_concat_string_num3,AddingListElement,AddingListElementWithInsert
py_concat_string_num3,AddingListElement,AddingListElementWithAppend
py_concat_string_num3,HandlingFile,ClosingFile
py_concat_string_num3,HandlingFile,ReadingLine
py_concat_string_num3,HandlingFile,OpeningFile
py_concat_string_num3,HandlingString,CreatingString
py_concat_string_num3,HandlingString,ReplacingStringContent
py_concat_string_num3,HandlingString,FormattingString
py_concat_string_num3,HandlingString,TransformingToStringType
py_concat_string_num3,HandlingString,SplittingString
py_time_conversion,HandlingTuple,CreatingTuple
py_time_conversion,HandlingString,ReplacingStringContent
py_time_conversion,HandlingString,TrimmingString
py_time_conversion,HandlingString,IndexingString
py_time_conversion,HandlingString,SlicingString
py_time_conversion,ModifyingStringCase,ConvertStringToUpperCase
py_time_conversion,ModifyingStringCase,ConvertStringToLowerCase
py_time_conversion,ModifyingStringCase,CapitalizeString
py_time_conversion,HandlingError,HandlingSpecificError
py_time_conversion,HandlingError,HandlingGeneralError
py_display_time2,ManagingVariable,AssigningVariable
py_display_time2,ManagingVariable,UpdatingVariable
py_display_time2,HandlingAdvancedDataStructure,BinaryTreeTask
py_display_time2,HandlingAdvancedDataStructure,LinkedListTask
py_display_time2,HandlingAdvancedDataStructure,QueueTask
py_display_time2,HandlingAdvancedDataStructure,StackTask
py_display_time2,TwoDimensionalArrayTask,ReplacingElement2DArray
py_display_time2,TwoDimensionalArrayTask,Indexing2DArray
py_display_time2,TwoDimensionalArrayTask,Create2DArray
py_display_time2,HandlingObjectOrientedProgramming,CallingOOPMethod
py_display_time2,HandlingObjectOrientedProgramming,CreatingObject
py_display_time2,HandlingObjectOrientedProgramming,DefiningClass
py_display_time2,HandlingObjectOrientedProgramming,DefiningOOPMethod
py_display_time2,HandlingFunction,CallingFunctionLibrary
py_display_time2,HandlingFunction,NestedFunctionCall
py_display_time2,HandlingFunctionCallingFunction,CallingFunctionCallingFunction
py_display_time2,HandlingFunctionCallingFunction,DefiningFunctionCallingFunction
py_display_time2,HandlingRecursiveFunction,CallingRecursiveFunction
py_display_time2,HandlingRecursiveFunction,DefiningRecursiveFunction
py_display_time2,HandlingNestedFunction,CallingNestedFunction
py_display_time2,HandlingNestedFunction,DefiningNestedFunction
py_display_time2,HandlingStandardFunction,CallingStandardFunction
py_display_time2,HandlingStandardFunction,DefiningStandardFunction
py_display_time2,NonNestedIteration,SingleForLoopIteration
py_display_time2,NonNestedIteration,SingleWhileLoopIteration
py_display_time2,WhileLoopWithUpdate,WhileLoopWithListIndexing
py_display_time2,WhileLoopWithUpdate,WhileLoopWith*=
py_display_time2,WhileLoopWithUpdate,WhileLoopWith+=
py_display_time2,ForLoopWithUpdate,ForLoopWith+=
py_display_time2,ForLoopWithUpdate,ForLoopWith*=
py_display_time2,ForLoopWithUpdate,ForLoopWithListIndexing
py_display_time2,NestedLoopIteration,MixedNestedLoopIteration
py_display_time2,NestedLoopIteration,NestedForLoopIteration
py_display_time2,NestedLoopIteration,NestedWhileLoopIteration
py_display_time2,ArithmeticOperation,FindAbsolute
py_display_time2,ArithmeticOperation,FindRemainder
py_display_time2,ArithmeticOperation,FindMaximum
py_display_time2,ArithmeticOperation,Addition
py_display_time2,ArithmeticOperation,Round
py_display_time2,ArithmeticOperation,Power
py_display_time2,ArithmeticOperation,FindMinimum
py_display_time2,ArithmeticOperation,Substraction
py_display_time2,ArithmeticOperation,Division
py_display_time2,ArithmeticOperation,Multiplication
py_display_time2,HandlingInteger,TransformingToIntType
py_display_time2,HandlingTuple,CreatingTuple
py_display_time2,HandlingString,TrimmingString
py_display_time2,HandlingString,IndexingString
py_display_time2,HandlingString,SlicingString
py_display_time2,ModifyingStringCase,ConvertStringToUpperCase
py_display_time2,ModifyingStringCase,ConvertStringToLowerCase
py_display_time2,ModifyingStringCase,CapitalizeString
py_display_time2,HandlingError,HandlingSpecificError
py_display_time2,HandlingError,HandlingGeneralError
py_bmi_calculator,Python,Concatenation
py_bmi_calculator,Python,Importing
py_bmi_calculator,Python,FindingLength
py_bmi_calculator,Python,Printing
py_bmi_calculator,Python,CheckingForItem
py_bmi_calculator,Python,HandlingInput
py_bmi_calculator,CheckingCondition,IfElseChecking
py_bmi_calculator,CheckingCondition,AssertChecking
py_bmi_calculator,CheckingCondition,IfElifElseChecking
py_bmi_calculator,CheckingCondition,NestedIfChecking
py_bmi_calculator,CheckingCondition,IfChecking
py_bmi_calculator,CheckingCondition,IfElifChecking
py_bmi_calculator,CheckingCondition,BooleanEvaluating
py_bmi_calculator,CheckingInForLoop,IfElseCheckingInForLoop
py_bmi_calculator,CheckingInForLoop,IfElifCheckingInForLoop
py_bmi_calculator,CheckingInForLoop,IfCheckingInForLoop
py_bmi_calculator,CheckingInForLoop,IfElifElseCheckingInForLoop
py_bmi_calculator,CheckingInWhileLoop,IfElifElseCheckingInWhileLoop
py_bmi_calculator,CheckingInWhileLoop,IfCheckingInWhileLoop
py_bmi_calculator,CheckingInWhileLoop,IfElseCheckingInWhileLoop
py_bmi_calculator,CheckingInWhileLoop,IfElifCheckingInWhileLoop
py_bmi_calculator,ManagingVariable,SwappingVariablesValue
py_bmi_calculator,HandlingString,ReplacingStringContent
py_bmi_calculator,HandlingString,SplittingString
py_bmi_calculator2,NonNestedIteration,SingleWhileLoopIteration
py_bmi_calculator2,WhileLoopWithUpdate,WhileLoopWithListIndexing
py_bmi_calculator2,WhileLoopWithUpdate,WhileLoopWith*=
py_bmi_calculator2,WhileLoopWithUpdate,WhileLoopWith+=
py_bmi_calculator2,ForLoopWithUpdate,ForLoopWith+=
py_bmi_calculator2,ForLoopWithUpdate,ForLoopWith*=
py_bmi_calculator2,ForLoopWithUpdate,ForLoopWithListIndexing
py_bmi_calculator2,NestedLoopIteration,MixedNestedLoopIteration
py_bmi_calculator2,NestedLoopIteration,NestedForLoopIteration
py_bmi_calculator2,NestedLoopIteration,NestedWhileLoopIteration
py_bmi_calculator2,ArithmeticOperation,FindAbsolute
py_bmi_calculator2,ArithmeticOperation,FindRemainder
py_bmi_calculator2,ArithmeticOperation,FindMaximum
py_bmi_calculator2,ArithmeticOperation,Addition
py_bmi_calculator2,ArithmeticOperation,Round
py_bmi_calculator2,ArithmeticOperation,Power
py_bmi_calculator2,ArithmeticOperation,FindMinimum
py_bmi_calculator2,ArithmeticOperation,Substraction
py_bmi_calculator2,ArithmeticOperation,Division
py_bmi_calculator2,ArithmeticOperation,Multiplication
py_bmi_calculator2,HandlingInteger,TransformingToIntType
py_bmi_calculator2,HandlingTuple,CreatingTuple
py_bmi_calculator2,HandlingList,SlicingList
py_pythagorean_theorem,ManagingVariable,AssigningVariable
py_pythagorean_theorem,ManagingVariable,UpdatingVariable
py_pythagorean_theorem,HandlingAdvancedDataStructure,BinaryTreeTask
py_pythagorean_theorem,HandlingAdvancedDataStructure,LinkedListTask
py_pythagorean_theorem,HandlingAdvancedDataStructure,QueueTask
py_pythagorean_theorem,HandlingAdvancedDataStructure,StackTask
py_pythagorean_theorem,TwoDimensionalArrayTask,ReplacingElement2DArray
py_pythagorean_theorem,TwoDimensionalArrayTask,Indexing2DArray
py_pythagorean_theorem,TwoDimensionalArrayTask,Create2DArray
py_pythagorean_theorem,HandlingObjectOrientedProgramming,CallingOOPMethod
py_pythagorean_theorem,HandlingObjectOrientedProgramming,CreatingObject
py_pythagorean_theorem,HandlingObjectOrientedProgramming,DefiningClass
py_pythagorean_theorem,HandlingObjectOrientedProgramming,DefiningOOPMethod
py_pythagorean_theorem,HandlingFunction,CallingFunctionLibrary
py_pythagorean_theorem,HandlingFunction,NestedFunctionCall
py_pythagorean_theorem,HandlingFunctionCallingFunction,CallingFunctionCallingFunction
py_pythagorean_theorem,HandlingFunctionCallingFunction,DefiningFunctionCallingFunction
py_pythagorean_theorem,HandlingRecursiveFunction,CallingRecursiveFunction
py_pythagorean_theorem,HandlingRecursiveFunction,DefiningRecursiveFunction
py_pythagorean_theorem,HandlingNestedFunction,CallingNestedFunction
py_pythagorean_theorem,HandlingNestedFunction,DefiningNestedFunction
py_pythagorean_theorem,HandlingStandardFunction,CallingStandardFunction
py_pythagorean_theorem,HandlingStandardFunction,DefiningStandardFunction
py_pythagorean_theorem,NonNestedIteration,SingleForLoopIteration
py_pythagorean_theorem,ArithmeticOperation,FindAbsolute
py_pythagorean_theorem,HandlingList,SlicingList
py_pythagorean_theorem,HandlingString,TransformingToStringType
py_pythagorean_theorem,HandlingString,TrimmingString
py_pythagorean_theorem,HandlingString,IndexingString
py_pythagorean_theorem,HandlingString,SlicingString
py_pythagorean_theorem,ModifyingStringCase,ConvertStringToUpperCase
py_pythagorean_theorem,ModifyingStringCase,ConvertStringToLowerCase
py_pythagorean_theorem,ModifyingStringCase,CapitalizeString
py_pythagorean_theorem,HandlingError,HandlingSpecificError
py_pythagorean_theorem,HandlingError,HandlingGeneralError
py_f_to_c_conversion,ArithmeticOperation,FindAbsolute
py_f_to_c_conversion,ArithmeticOperation,FindRemainder
py_f_to_c_conversion,ArithmeticOperation,FindMaximum
py_f_to_c_conversion,ArithmeticOperation,Round
py_f_to_c_conversion,ArithmeticOperation,Power
py_f_to_c_conversion,ArithmeticOperation,FindMinimum
py_f_to_c_conversion,ArithmeticOperation,Substraction
py_f_to_c_conversion,HandlingString,ReplacingStringContent
py_f_to_c_conversion,HandlingString,SplittingString
py_fahrenheit_to_celsius,HandlingString,SplittingString
py_vending_machine,ManagingVariable,AssigningVariable
py_vending_machine,ManagingVariable,UpdatingVariable
py_vending_machine,HandlingAdvancedDataStructure,BinaryTreeTask
py_vending_machine,HandlingAdvancedDataStructure,LinkedListTask
py_vending_machine,HandlingAdvancedDataStructure,QueueTask
py_vending_machine,HandlingAdvancedDataStructure,StackTask
py_vending_machine,TwoDimensionalArrayTask,ReplacingElement2DArray
py_vending_machine,TwoDimensionalArrayTask,Indexing2DArray
py_vending_machine,TwoDimensionalArrayTask,Create2DArray
py_vending_machine,HandlingObjectOrientedProgramming,CallingOOPMethod
py_vending_machine,HandlingObjectOrientedProgramming,CreatingObject
py_vending_machine,HandlingObjectOrientedProgramming,DefiningClass
py_vending_machine,HandlingObjectOrientedProgramming,DefiningOOPMethod
py_vending_machine,HandlingFunction,CallingFunctionLibrary
py_vending_machine,HandlingFunction,NestedFunctionCall
py_vending_machine,HandlingFunctionCallingFunction,CallingFunctionCallingFunction
py_vending_machine,HandlingFunctionCallingFunction,DefiningFunctionCallingFunction
py_vending_machine,HandlingRecursiveFunction,CallingRecursiveFunction
py_vending_machine,HandlingRecursiveFunction,DefiningRecursiveFunction
py_vending_machine,HandlingNestedFunction,CallingNestedFunction
py_vending_machine,HandlingNestedFunction,DefiningNestedFunction
py_vending_machine,HandlingStandardFunction,CallingStandardFunction
py_vending_machine,HandlingStandardFunction,DefiningStandardFunction
py_vending_machine,NonNestedIteration,SingleForLoopIteration
py_vending_machine,NonNestedIteration,SingleWhileLoopIteration
py_vending_machine,WhileLoopWithUpdate,WhileLoopWithListIndexing
py_vending_machine,WhileLoopWithUpdate,WhileLoopWith*=
py_vending_machine,WhileLoopWithUpdate,WhileLoopWith+=
py_vending_machine,ForLoopWithUpdate,ForLoopWith+=
py_vending_machine,ForLoopWithUpdate,ForLoopWith*=
py_vending_machine,ForLoopWithUpdate,ForLoopWithListIndexing
py_vending_machine,NestedLoopIteration,MixedNestedLoopIteration
py_vending_machine,NestedLoopIteration,NestedForLoopIteration
py_vending_machine,NestedLoopIteration,NestedWhileLoopIteration
py_vending_machine,ArithmeticOperation,FindAbsolute
py_vending_machine,ArithmeticOperation,FindRemainder
py_vending_machine,ArithmeticOperation,FindMaximum
py_vending_machine,ArithmeticOperation,Addition
py_vending_machine,ArithmeticOperation,Round
py_vending_machine,ArithmeticOperation,Power
py_vending_machine,ArithmeticOperation,FindMinimum
py_vending_machine,ArithmeticOperation,Substraction
py_vending_machine,ArithmeticOperation,Division
py_vending_machine,ArithmeticOperation,Multiplication
py_vending_machine,HandlingInteger,TransformingToIntType
py_vending_machine,HandlingTuple,CreatingTuple
py_vending_machine2,NonNestedIteration,SingleWhileLoopIteration
py_vending_machine2,WhileLoopWithUpdate,WhileLoopWithListIndexing
py_vending_machine2,WhileLoopWithUpdate,WhileLoopWith*=
py_vending_machine2,WhileLoopWithUpdate,WhileLoopWith+=
py_vending_machine2,ForLoopWithUpdate,ForLoopWith+=
py_vending_machine2,ForLoopWithUpdate,ForLoopWith*=
py_vending_machine2,ForLoopWithUpdate,ForLoopWithListIndexing
py_vending_machine2,NestedLoopIteration,MixedNestedLoopIteration
py_vending_machine2,NestedLoopIteration,NestedForLoopIteration
py_vending_machine2,NestedLoopIteration,NestedWhileLoopIteration
py_vending_machine2,ArithmeticOperation,FindAbsolute
py_vending_machine2,ArithmeticOperation,FindRemainder
py_vending_machine2,ArithmeticOperation,FindMaximum
py_vending_machine2,ArithmeticOperation,Addition
py_vending_machine2,ArithmeticOperation,Round
py_vending_machine2,ArithmeticOperation,Power
py_vending_machine2,ArithmeticOperation,FindMinimum
py_vending_machine2,ArithmeticOperation,Substraction
py_vending_machine2,ArithmeticOperation,Division
py_vending_machine2,ArithmeticOperation,Multiplication
py_vending_machine2,HandlingInteger,TransformingToIntType
py_vending_machine2,HandlingTuple,CreatingTuple
py_vending_machine2,HandlingTuple,SlicingTuple
py_vending_machine2,HandlingTuple,IndexingTuple
py_vending_machine2,HandlingFloat,TransformingToFloatType
py_vending_machine2,HandlingDictionary,ReplacingDictionaryElement
py_vending_machine2,HandlingDictionary,IndexingDictionary
py_vending_machine2,HandlingDictionary,AddingItemToDictionary
py_vending_machine2,HandlingDictionary,AccessingDictionary
py_vending_machine2,HandlingDictionary,CreatingDictionary
py_vending_machine2,HandlingList,DeletingListElement
py_vending_machine2,HandlingList,IndexingList
py_vending_machine2,HandlingList,CreatingList
py_vending_machine2,HandlingList,SlicingList
py_vending_machine2,HandlingList,ReplacingListElement
py_vending_machine2,HandlingList,ListReferencing
py_vending_machine2,HandlingList,ReversingList
py_vending_machine2,AddingListElement,AddingListElementWithInsert
py_vending_machine2,AddingListElement,AddingListElementWithAppend
py_vending_machine2,HandlingFile,ClosingFile
py_vending_machine2,HandlingFile,ReadingLine
py_vending_machine2,HandlingFile,OpeningFile
py_vending_machine2,HandlingString,CreatingString
py_vending_machine2,HandlingString,ReplacingStringContent
py_vending_machine2,HandlingString,FormattingString
py_vending_machine2,HandlingString,TransformingToStringType
py_vending_machine2,HandlingString,SplittingString
py_nested_if_min_max,Python,Concatenation
py_nested_if_min_max,Python,Importing
py_nested_if_min_max,Python,FindingLength
py_nested_if_min_max,Python,Printing
py_nested_if_min_max,Python,CheckingForItem
py_nested_if_min_max,Python,HandlingInput
py_nested_if_min_max,CheckingCondition,IfElseChecking
py_nested_if_min_max,CheckingCondition,AssertChecking
py_nested_if_min_max,CheckingCondition,IfElifElseChecking
py_nested_if_min_max,CheckingCondition,NestedIfChecking
py_nested_if_min_max,CheckingCondition,IfChecking
py_nested_if_min_max,CheckingCondition,IfElifChecking
py_nested_if_min_max,CheckingCondition,BooleanEvaluating
py_nested_if_min_max,CheckingInForLoop,IfElseCheckingInForLoop
py_nested_if_min_max,CheckingInForLoop,IfElifCheckingInForLoop
py_nested_if_min_max,CheckingInForLoop,IfCheckingInForLoop
py_nested_if_min_max,CheckingInForLoop,IfElifElseCheckingInForLoop
py_nested_if_min_max,CheckingInWhileLoop,IfElifElseCheckingInWhileLoop
py_nested_if_min_max,CheckingInWhileLoop,IfCheckingInWhileLoop
py_nested_if_min_max,CheckingInWhileLoop,IfElseCheckingInWhileLoop
py_nested_if_min_max,CheckingInWhileLoop,IfElifCheckingInWhileLoop
py_nested_if_min_max,ManagingVariable,SwappingVariablesValue
py_nested_if_max_of_three,NonNestedIteration,SingleWhileLoopIteration
py_nested_if_max_of_three,WhileLoopWithUpdate,WhileLoopWithListIndexing
py_nested_if_max_of_three,WhileLoopWithUpdate,WhileLoopWith*=
py_nested_if_max_of_three,WhileLoopWithUpdate,WhileLoopWith+=
py_nested_if_max_of_three,ForLoopWithUpdate,ForLoopWith+=
py_nested_if_max_of_three,ForLoopWithUpdate,ForLoopWith*=
py_nested_if_max_of_three,ForLoopWithUpdate,ForLoopWithListIndexing
py_nested_if_max_of_three,NestedLoopIteration,MixedNestedLoopIteration
py_nested_if_max_of_three,NestedLoopIteration,NestedForLoopIteration
py_nested_if_max_of_three,NestedLoopIteration,NestedWhileLoopIteration
py_nested_if_max_of_three,ArithmeticOperation,FindAbsolute
py_nested_if_max_of_three,ArithmeticOperation,FindRemainder
py_nested_if_max_of_three,ArithmeticOperation,FindMaximum
py_nested_if_max_of_three,ArithmeticOperation,Addition
py_nested_if_max_of_three,ArithmeticOperation,Round
py_nested_if_max_of_three,ArithmeticOperation,Power
py_nested_if_max_of_three,ArithmeticOperation,FindMinimum
py_nested_if_max_of_three,ArithmeticOperation,Substraction
py_nested_if_max_of_three,ArithmeticOperation,Division
py_nested_if_max_of_three,ArithmeticOperation,Multiplication
py_nested_if_max_of_three,HandlingInteger,TransformingToIntType
py_nested_if_max_of_three,HandlingTuple,CreatingTuple
py_nested_if_temperature,Python,Concatenation
py_nested_if_temperature,Python,Importing
py_nested_if_temperature,Python,FindingLength
py_nested_if_temperature,Python,Printing
py_nested_if_temperature,Python,CheckingForItem
py_nested_if_temperature,Python,HandlingInput
py_nested_if_temperature,CheckingCondition,IfElseChecking
py_nested_if_temperature,CheckingCondition,AssertChecking
py_nested_if_temperature,CheckingCondition,IfElifElseChecking
py_nested_if_temperature,CheckingCondition,NestedIfChecking
py_nested_if_temperature,CheckingCondition,IfChecking
py_nested_if_temperature,CheckingCondition,IfElifChecking
py_nested_if_temperature,CheckingCondition,BooleanEvaluating
py_nested_if_temperature,CheckingInForLoop,IfElseCheckingInForLoop
py_nested_if_temperature,CheckingInForLoop,IfElifCheckingInForLoop
py_nested_if_temperature,CheckingInForLoop,IfCheckingInForLoop
py_nested_if_temperature,CheckingInForLoop,IfElifElseCheckingInForLoop
py_nested_if_temperature,CheckingInWhileLoop,IfElifElseCheckingInWhileLoop
py_nested_if_temperature,CheckingInWhileLoop,IfCheckingInWhileLoop
py_nested_if_temperature,CheckingInWhileLoop,IfElseCheckingInWhileLoop
py_nested_if_temperature,CheckingInWhileLoop,IfElifCheckingInWhileLoop
py_nested_if_temperature,ManagingVariable,SwappingVariablesValue
py_nested_if_temperature,ManagingVariable,AssigningVariable
py_nested_if_temperature,ManagingVariable,UpdatingVariable
py_nested_if_temperature,HandlingAdvancedDataStructure,BinaryTreeTask
py_nested_if_temperature,HandlingAdvancedDataStructure,LinkedListTask
py_nested_if_temperature,HandlingAdvancedDataStructure,QueueTask
py_nested_if_temperature,HandlingAdvancedDataStructure,StackTask
py_nested_if_temperature,TwoDimensionalArrayTask,ReplacingElement2DArray
py_nested_if_temperature,TwoDimensionalArrayTask,Indexing2DArray
py_nested_if_temperature,TwoDimensionalArrayTask,Create2DArray
py_nested_if_temperature,HandlingObjectOrientedProgramming,CallingOOPMethod
py_nested_if_temperature,HandlingObjectOrientedProgramming,CreatingObject
py_nested_if_temperature,HandlingObjectOrientedProgramming,DefiningClass
py_nested_if_temperature,HandlingObjectOrientedProgramming,DefiningOOPMethod
py_nested_if_temperature,HandlingFunction,CallingFunctionLibrary
py_nested_if_temperature,HandlingFunction,NestedFunctionCall
py_nested_if_temperature,HandlingFunctionCallingFunction,CallingFunctionCallingFunction
py_nested_if_temperature,HandlingFunctionCallingFunction,DefiningFunctionCallingFunction
py_nested_if_temperature,HandlingRecursiveFunction,CallingRecursiveFunction
py_nested_if_temperature,HandlingRecursiveFunction,DefiningRecursiveFunction
py_nested_if_temperature,HandlingNestedFunction,CallingNestedFunction
py_nested_if_temperature,HandlingNestedFunction,DefiningNestedFunction
py_nested_if_temperature,HandlingStandardFunction,CallingStandardFunction
py_nested_if_temperature,HandlingStandardFunction,DefiningStandardFunction
py_nested_if_temperature,NonNestedIteration,SingleForLoopIteration
py_nested_if_temperature,NonNestedIteration,SingleWhileLoopIteration
py_nested_if_temperature,WhileLoopWithUpdate,WhileLoopWithListIndexing
py_nested_if_temperature,WhileLoopWithUpdate,WhileLoopWith*=
py_nested_if_temperature,WhileLoopWithUpdate,WhileLoopWith+=
py_nested_if_temperature,ForLoopWithUpdate,ForLoopWith+=
py_nested_if_temperature,ForLoopWithUpdate,ForLoopWith*=
py_nested_if_temperature,ForLoopWithUpdate,ForLoopWithListIndexing
py_nested_if_temperature,NestedLoopIteration,MixedNestedLoopIteration
py_nested_if_temperature,NestedLoopIteration,NestedForLoopIteration
py_nested_if_temperature,NestedLoopIteration,NestedWhileLoopIteration
py_nested_if_temperature,ArithmeticOperation,FindAbsolute
py_nested_if_temperature,ArithmeticOperation,FindRemainder
py_nested_if_temperature,ArithmeticOperation,FindMaximum
py_nested_if_temperature,ArithmeticOperation,Addition
py_nested_if_temperature,ArithmeticOperation,Round
py_nested_if_temperature,ArithmeticOperation,Power
py_nested_if_temperature,ArithmeticOperation,FindMinimum
py_nested_if_temperature,ArithmeticOperation,Substraction
py_nested_if_temperature,ArithmeticOperation,Division
py_nested_if_temperature,ArithmeticOperation,Multiplication
py_nested_if_temperature,HandlingInteger,TransformingToIntType
py_nested_if_temperature,HandlingTuple,CreatingTuple
py_nested_if_temperature,HandlingList,SlicingList
py_nested_if_temperature,HandlingFile,ClosingFile
py_nested_if_temperature,HandlingFile,ReadingLine
py_nested_if_temperature,HandlingFile,OpeningFile
py_nested_if_temperature,HandlingString,ReplacingStringContent
py_nested_if_temperature2,ManagingVariable,AssigningVariable
py_nested_if_temperature2,ManagingVariable,UpdatingVariable
py_nested_if_temperature2,HandlingAdvancedDataStructure,BinaryTreeTask
py_nested_if_temperature2,HandlingAdvancedDataStructure,LinkedListTask
py_nested_if_temperature2,HandlingAdvancedDataStructure,QueueTask
py_nested_if_temperature2,HandlingAdvancedDataStructure,StackTask
py_nested_if_temperature2,TwoDimensionalArrayTask,ReplacingElement2DArray
py_nested_if_temperature2,TwoDimensionalArrayTask,Indexing2DArray
py_nested_if_temperature2,TwoDimensionalArrayTask,Create2DArray
py_nested_if_temperature2,HandlingObjectOrientedProgramming,CallingOOPMethod
py_nested_if_temperature2,HandlingObjectOrientedProgramming,CreatingObject
py_nested_if_temperature2,HandlingObjectOrientedProgramming,DefiningClass
py_nested_if_temperature2,HandlingObjectOrientedProgramming,DefiningOOPMethod
py_nested_if_temperature2,HandlingFunction,CallingFunctionLibrary
py_nested_if_temperature2,HandlingFunction,NestedFunctionCall
py_nested_if_temperature2,HandlingFunctionCallingFunction,CallingFunctionCallingFunction
py_nested_if_temperature2,HandlingFunctionCallingFunction,DefiningFunctionCallingFunction
py_nested_if_temperature2,HandlingRecursiveFunction,CallingRecursiveFunction
py_nested_if_temperature2,HandlingRecursiveFunction,DefiningRecursiveFunction
py_nested_if_temperature2,HandlingNestedFunction,CallingNestedFunction
py_nested_if_temperature2,HandlingNestedFunction,DefiningNestedFunction
py_nested_if_temperature2,HandlingStandardFunction,CallingStandardFunction
py_nested_if_temperature2,HandlingStandardFunction,DefiningStandardFunction
py_nested_if_temperature2,NonNestedIteration,SingleForLoopIteration
py_ifelseif_grade2,Python,Concatenation
py_ifelseif_grade2,Python,Importing
py_ifelseif_grade2,Python,FindingLength
py_ifelseif_grade2,Python,Printing
py_ifelseif_grade2,Python,CheckingForItem
py_ifelseif_grade2,Python,HandlingInput
py_ifelseif_grade2,CheckingCondition,IfElseChecking
py_ifelseif_grade2,CheckingCondition,AssertChecking
py_ifelseif_grade2,CheckingCondition,IfElifElseChecking
py_ifelseif_grade2,CheckingCondition,NestedIfChecking
py_ifelseif_grade2,CheckingCondition,IfChecking
py_ifelseif_grade2,CheckingCondition,IfElifChecking
py_ifelseif_grade2,CheckingCondition,BooleanEvaluating
py_ifelseif_grade2,CheckingInForLoop,IfElseCheckingInForLoop
py_ifelseif_grade2,CheckingInForLoop,IfElifCheckingInForLoop
py_ifelseif_grade2,CheckingInForLoop,IfCheckingInForLoop
py_ifelseif_grade2,CheckingInForLoop,IfElifElseCheckingInForLoop
py_ifelseif_grade2,CheckingInWhileLoop,IfElifElseCheckingInWhileLoop
py_ifelseif_grade2,CheckingInWhileLoop,IfCheckingInWhileLoop
py_ifelseif_grade2,CheckingInWhileLoop,IfElseCheckingInWhileLoop
py_ifelseif_grade2,CheckingInWhileLoop,IfElifCheckingInWhileLoop
py_ifelseif_grade2,ManagingVariable,SwappingVariablesValue
py_ifelseif_grade2,ManagingVariable,AssigningVariable
py_ifelseif_grade2,ManagingVariable,UpdatingVariable
py_ifelseif_grade2,HandlingAdvancedDataStructure,BinaryTreeTask
py_ifelseif_grade2,HandlingAdvancedDataStructure,LinkedListTask
py_ifelseif_grade2,HandlingAdvancedDataStructure,QueueTask
py_ifelseif_grade2,HandlingAdvancedDataStructure,StackTask
py_ifelseif_grade2,TwoDimensionalArrayTask,ReplacingElement2DArray
py_ifelseif_grade2,TwoDimensionalArrayTask,Indexing2DArray
py_ifelseif_grade2,TwoDimensionalArrayTask,Create2DArray
py_ifelseif_grade2,HandlingObjectOrientedProgramming,CallingOOPMethod
py_ifelseif_grade2,HandlingObjectOrientedProgramming,CreatingObject
py_ifelseif_grade2,HandlingObjectOrientedProgramming,DefiningClass
py_ifelseif_grade2,HandlingObjectOrientedProgramming,DefiningOOPMethod
py_ifelseif_grade2,HandlingFunction,CallingFunctionLibrary
py_ifelseif_grade2,HandlingFunction,NestedFunctionCall
py_ifelseif_grade2,HandlingFunctionCallingFunction,CallingFunctionCallingFunction
py_ifelseif_grade2,HandlingFunctionCallingFunction,DefiningFunctionCallingFunction
py_ifelseif_grade2,HandlingRecursiveFunction,CallingRecursiveFunction
py_ifelseif_grade2,HandlingRecursiveFunction,DefiningRecursiveFunction
py_ifelseif_grade2,HandlingNestedFunction,CallingNestedFunction
py_ifelseif_grade2,HandlingNestedFunction,DefiningNestedFunction
py_ifelseif_grade2,HandlingStandardFunction,CallingStandardFunction
py_ifelseif_grade2,HandlingStandardFunction,DefiningStandardFunction
py_ifelseif_grade2,NonNestedIteration,SingleForLoopIteration
q_py_topic_dictionary:q_py_dict_access1,Python,Concatenation
q_py_topic_dictionary:q_py_dict_access1,Python,Importing
q_py_topic_dictionary:q_py_dict_access1,Python,FindingLength
q_py_topic_dictionary:q_py_dict_access1,Python,Printing
q_py_topic_dictionary:q_py_dict_access1,Python,CheckingForItem
q_py_topic_dictionary:q_py_dict_access1,Python,HandlingInput
q_py_topic_dictionary:q_py_dict_access1,CheckingCondition,IfElseChecking
q_py_topic_dictionary:q_py_dict_access1,CheckingCondition,AssertChecking
q_py_topic_dictionary:q_py_dict_access1,CheckingCondition,IfElifElseChecking
q_py_topic_dictionary:q_py_dict_access1,CheckingCondition,NestedIfChecking
q_py_topic_dictionary:q_py_dict_access1,CheckingCondition,IfChecking
q_py_topic_dictionary:q_py_dict_access1,CheckingCondition,IfElifChecking
q_py_topic_dictionary:q_py_dict_access1,CheckingCondition,BooleanEvaluating
q_py_topic_dictionary:q_py_dict_access1,CheckingInForLoop,IfElseCheckingInForLoop
q_py_topic_dictionary:q_py_dict_access1,CheckingInForLoop,IfElifCheckingInForLoop
q_py_topic_dictionary:q_py_dict_access1,CheckingInForLoop,IfCheckingInForLoop
q_py_topic_dictionary:q_py_dict_access1,CheckingInForLoop,IfElifElseCheckingInForLoop
q_py_topic_dictionary:q_py_dict_access1,CheckingInWhileLoop,IfElifElseCheckingInWhileLoop
q_py_topic_dictionary:q_py_dict_access1,CheckingInWhileLoop,IfCheckingInWhileLoop
q_py_topic_dictionary:q_py_dict_access1,CheckingInWhileLoop,IfElseCheckingInWhileLoop
q_py_topic_dictionary:q_py_dict_access1,CheckingInWhileLoop,IfElifCheckingInWhileLoop
q_py_topic_dictionary:q_py_dict_access1,ManagingVariable,SwappingVariablesValue
q_py_topic_dictionary:q_py_dict_access2,HandlingFunctionCallingFunction,DefiningFunctionCallingFunction
q_py_topic_dictionary:q_py_dict_access2,HandlingTuple,SlicingTuple
q_py_topic_dictionary:q_py_dict_access2,HandlingTuple,IndexingTuple
q_py_topic_dictionary:q_py_dict_access2,HandlingFloat,TransformingToFloatType
q_py_topic_dictionary:q_py_dict_access2,HandlingList,DeletingListElement
q_py_topic_dictionary:q_py_dict_access2,HandlingList,IndexingList
q_py_topic_dictionary:q_py_dict_access2,HandlingList,CreatingList
q_py_topic_dictionary:q_py_dict_access2,HandlingList,SlicingList
q_py_topic_dictionary:q_py_dict_access2,HandlingList,ReplacingListElement
q_py_topic_dictionary:q_py_dict_access2,HandlingList,ListReferencing
q_py_topic_dictionary:q_py_dict_access2,HandlingList,ReversingList
q_py_topic_dictionary:q_py_dict_access2,AddingListElement,AddingListElementWithInsert
q_py_topic_dictionary:q_py_dict_access2,AddingListElement,AddingListElementWithAppend
q_py_topic_dictionary:q_py_dict_access2,HandlingFile,ClosingFile
q_py_topic_dictionary:q_py_dict_access2,HandlingFile,ReadingLine
q_py_topic_dictionary:q_py_dict_access2,HandlingFile,OpeningFile
q_py_topic_dictionary:q_py_dict_access2,HandlingString,CreatingString
q_py_topic_dictionary:q_py_dict_access2,HandlingString,ReplacingStringContent
q_py_topic_dictionary:q_py_dict_access2,HandlingString,FormattingString
q_py_topic_dictionary:q_py_dict_access2,HandlingString,TransformingToStringType
q_py_topic_dictionary:q_py_dict_access2,HandlingString,SplittingString
q_py_topic_dictionary:q_py_dict_access2,HandlingString,TrimmingString
q_py_topic_dictionary:q_py_dict_access2,HandlingString,IndexingString
q_py_topic_dictionary:q_py_dict_access2,HandlingString,SlicingString
q_py_topic_dictionary:q_py_dict_access2,ModifyingStringCase,ConvertStringToUpperCase
q_py_topic_dictionary:q_py_dict_access2,ModifyingStringCase,ConvertStringToLowerCase
q_py_topic_dictionary:q_py_dict_access2,ModifyingStringCase,CapitalizeString
q_py_topic_dictionary:q_py_dict_access2,HandlingError,HandlingSpecificError
q_py_topic_dictionary:q_py_dict_access2,HandlingError,HandlingGeneralError
q_py_topic_exceptions:q_py_exception_assertion,HandlingObjectOrientedProgramming,DefiningOOPMethod
q_py_topic_exceptions:q_py_exception_assertion,HandlingFunctionCallingFunction,CallingFunctionCallingFunction
q_py_topic_exceptions:q_py_exception_assertion,HandlingFunctionCallingFunction,DefiningFunctionCallingFunction
q_py_topic_exceptions:q_py_exception_assertion,HandlingStandardFunction,DefiningStandardFunction
q_py_topic_exceptions:q_py_exception_assertion,AddingListElement,AddingListElementWithInsert
q_py_topic_exceptions:q_py_exception_assertion,AddingListElement,AddingListElementWithAppend
q_py_topic_exceptions:q_py_exceptions_addarr,HandlingAdvancedDataStructure,BinaryTreeTask
q_py_topic_exceptions:q_py_exceptions_addarr,HandlingAdvancedDataStructure,LinkedListTask
q_py_topic_exceptions:q_py_exceptions_addarr,HandlingAdvancedDataStructure,QueueTask
q_py_topic_exceptions:q_py_exceptions_addarr,HandlingAdvancedDataStructure,StackTask
q_py_topic_exceptions:q_py_exceptions_addarr,TwoDimensionalArrayTask,ReplacingElement2DArray
q_py_topic_exceptions:q_py_exceptions_addarr,TwoDimensionalArrayTask,Indexing2DArray
q_py_topic_exceptions:q_py_exceptions_addarr,TwoDimensionalArrayTask,Create2DArray
q_py_topic_exceptions:q_py_exceptions_addarr,HandlingObjectOrientedProgramming,CallingOOPMethod
q_py_topic_exceptions:q_py_exceptions_addarr,HandlingObjectOrientedProgramming,CreatingObject
q_py_topic_exceptions:q_py_exceptions_addarr,HandlingObjectOrientedProgramming,DefiningClass
q_py_topic_exceptions:q_py_exceptions_addarr,HandlingObjectOrientedProgramming,DefiningOOPMethod
q_py_topic_exceptions:q_py_exceptions_addarr,NonNestedIteration,SingleWhileLoopIteration
q_py_topic_exceptions:q_py_exceptions_addarr,NestedLoopIteration,NestedForLoopIteration
q_py_topic_exceptions:q_py_exceptions_addarr,NestedLoopIteration,NestedWhileLoopIteration
q_py_topic_exceptions:q_py_exceptions_addarr,ArithmeticOperation,FindAbsolute
q_py_topic_exceptions:q_py_exceptions_addarr,ArithmeticOperation,FindRemainder
q_py_topic_exceptions:q_py_exceptions_addarr,ArithmeticOperation,FindMaximum
q_py_topic_exceptions:q_py_exceptions_addarr,ArithmeticOperation,Round
q_py_topic_exceptions:q_py_exceptions_addarr,ArithmeticOperation,Power
q_py_topic_exceptions:q_py_exceptions_addarr,ArithmeticOperation,FindMinimum
q_py_topic_exceptions:q_py_exceptions_addarr,ArithmeticOperation,Substraction
q_py_topic_exceptions:q_py_exceptions_addarr,ArithmeticOperation,Multiplication
q_py_topic_exceptions:q_py_exceptions_addarr,HandlingString,TrimmingString
q_py_topic_exceptions:q_py_exceptions_addarr,HandlingString,IndexingString
q_py_topic_exceptions:q_py_exceptions_addarr,HandlingString,SlicingString
q_py_topic_exceptions:q_py_exceptions_addarr,ModifyingStringCase,ConvertStringToUpperCase
q_py_topic_exceptions:q_py_exceptions_addarr,ModifyingStringCase,ConvertStringToLowerCase
q_py_topic_exceptions:q_py_exceptions_addarr,ModifyingStringCase,CapitalizeString
q_py_topic_exceptions:q_py_exceptions_addarr,HandlingError,HandlingSpecificError
q_py_topic_exceptions:q_py_exceptions_addarr,HandlingError,HandlingGeneralError
q_py_topic_exceptions:q_py_list_except1,Python,Concatenation
q_py_topic_exceptions:q_py_list_except1,Python,Importing
q_py_topic_exceptions:q_py_list_except1,Python,FindingLength
q_py_topic_exceptions:q_py_list_except1,Python,Printing
q_py_topic_exceptions:q_py_list_except1,Python,CheckingForItem
q_py_topic_exceptions:q_py_list_except1,Python,HandlingInput
q_py_topic_exceptions:q_py_list_except1,CheckingCondition,IfElseChecking
q_py_topic_exceptions:q_py_list_except1,CheckingCondition,AssertChecking
q_py_topic_exceptions:q_py_list_except1,CheckingCondition,IfElifElseChecking
q_py_topic_exceptions:q_py_list_except1,CheckingCondition,NestedIfChecking
q_py_topic_exceptions:q_py_list_except1,CheckingCondition,IfChecking
q_py_topic_exceptions:q_py_list_except1,CheckingCondition,IfElifChecking
q_py_topic_exceptions:q_py_list_except1,CheckingCondition,BooleanEvaluating
q_py_topic_exceptions:q_py_list_except1,CheckingInForLoop,IfElseCheckingInForLoop
q_py_topic_exceptions:q_py_list_except1,CheckingInForLoop,IfElifCheckingInForLoop
q_py_topic_exceptions:q_py_list_except1,CheckingInForLoop,IfCheckingInForLoop
q_py_topic_exceptions:q_py_list_except1,CheckingInForLoop,IfElifElseCheckingInForLoop
q_py_topic_exceptions:q_py_list_except1,CheckingInWhileLoop,IfElifElseCheckingInWhileLoop
q_py_topic_exceptions:q_py_list_except1,CheckingInWhileLoop,IfCheckingInWhileLoop
q_py_topic_exceptions:q_py_list_except1,CheckingInWhileLoop,IfElseCheckingInWhileLoop
q_py_topic_exceptions:q_py_list_except1,CheckingInWhileLoop,IfElifCheckingInWhileLoop
q_py_topic_exceptions:q_py_list_except1,ManagingVariable,SwappingVariablesValue
q_py_topic_exceptions:q_py_list_except1,HandlingFunctionCallingFunction,DefiningFunctionCallingFunction
q_py_topic_exceptions:q_py_list_except1,NonNestedIteration,SingleWhileLoopIteration
q_py_topic_exceptions:q_py_list_except1,WhileLoopWithUpdate,WhileLoopWithListIndexing
q_py_topic_exceptions:q_py_list_except1,WhileLoopWithUpdate,WhileLoopWith*=
q_py_topic_exceptions:q_py_list_except1,WhileLoopWithUpdate,WhileLoopWith+=
q_py_topic_exceptions:q_py_list_except1,ForLoopWithUpdate,ForLoopWith+=
q_py_topic_exceptions:q_py_list_except1,ForLoopWithUpdate,ForLoopWith*=
q_py_topic_exceptions:q_py_list_except1,ForLoopWithUpdate,ForLoopWithListIndexing
q_py_topic_exceptions:q_py_list_except1,NestedLoopIteration,MixedNestedLoopIteration
q_py_topic_exceptions:q_py_list_except1,NestedLoopIteration,NestedForLoopIteration
q_py_topic_exceptions:q_py_list_except1,NestedLoopIteration,NestedWhileLoopIteration
q_py_topic_exceptions:q_py_list_except1,ArithmeticOperation,FindAbsolute
q_py_topic_exceptions:q_py_list_except1,ArithmeticOperation,FindRemainder
q_py_topic_exceptions:q_py_list_except1,ArithmeticOperation,FindMaximum
q_py_topic_exceptions:q_py_list_except1,ArithmeticOperation,Addition
q_py_topic_exceptions:q_py_list_except1,ArithmeticOperation,Round
q_py_topic_exceptions:q_py_list_except1,ArithmeticOperation,Power
q_py_topic_exceptions:q_py_list_except1,ArithmeticOperation,FindMinimum
q_py_topic_exceptions:q_py_list_except1,ArithmeticOperation,Substraction
q_py_topic_exceptions:q_py_list_except1,ArithmeticOperation,Division
q_py_topic_exceptions:q_py_list_except1,ArithmeticOperation,Multiplication
q_py_topic_exceptions:q_py_list_except1,HandlingInteger,TransformingToIntType
q_py_topic_exceptions:q_py_list_except1,HandlingTuple,CreatingTuple
q_py_topic_exceptions:q_py_value_except1,TwoDimensionalArrayTask,ReplacingElement2DArray
q_py_topic_exceptions:q_py_value_except1,TwoDimensionalArrayTask,Indexing2DArray
q_py_topic_exceptions:q_py_value_except1,TwoDimensionalArrayTask,Create2DArray
q_py_topic_exceptions:q_py_value_except1,HandlingObjectOrientedProgramming,CallingOOPMethod
q_py_topic_exceptions:q_py_value_except1,HandlingObjectOrientedProgramming,CreatingObject
q_py_topic_exceptions:q_py_value_except1,HandlingObjectOrientedProgramming,DefiningClass
q_py_topic_exceptions:q_py_value_except1,HandlingObjectOrientedProgramming,DefiningOOPMethod
q_py_topic_exceptions:q_py_value_except1,HandlingFunction,NestedFunctionCall
q_py_topic_exceptions:q_py_value_except1,HandlingFunctionCallingFunction,DefiningFunctionCallingFunction
q_py_topic_exceptions:q_py_value_except1,HandlingStandardFunction,DefiningStandardFunction
q_py_topic_exceptions:q_py_value_except1,WhileLoopWithUpdate,WhileLoopWithListIndexing
q_py_topic_exceptions:q_py_value_except1,WhileLoopWithUpdate,WhileLoopWith*=
q_py_topic_exceptions:q_py_value_except1,WhileLoopWithUpdate,WhileLoopWith+=
q_py_topic_exceptions:q_py_value_except1,ForLoopWithUpdate,ForLoopWith+=
q_py_topic_exceptions:q_py_value_except1,ForLoopWithUpdate,ForLoopWith*=
q_py_topic_exceptions:q_py_value_except1,NestedLoopIteration,MixedNestedLoopIteration
q_py_topic_exceptions:q_py_value_except1,NestedLoopIteration,NestedForLoopIteration
q_py_topic_exceptions:q_py_value_except1,NestedLoopIteration,NestedWhileLoopIteration
q_py_topic_exceptions:q_py_value_except1,ArithmeticOperation,FindAbsolute
q_py_topic_exceptions:q_py_value_except1,ArithmeticOperation,FindRemainder
q_py_topic_exceptions:q_py_value_except1,ArithmeticOperation,FindMaximum
q_py_topic_exceptions:q_py_value_except1,ArithmeticOperation,Addition
q_py_topic_exceptions:q_py_value_except1,ArithmeticOperation,Round
q_py_topic_exceptions:q_py_value_except1,ArithmeticOperation,Power
q_py_topic_exceptions:q_py_value_except1,ArithmeticOperation,FindMinimum
q_py_topic_exceptions:q_py_value_except1,ArithmeticOperation,Substraction
q_py_topic_exceptions:q_py_value_except1,ArithmeticOperation,Division
q_py_topic_exceptions:q_py_value_except1,ArithmeticOperation,Multiplication
q_py_topic_exceptions:q_py_value_except1,HandlingTuple,SlicingTuple
q_py_topic_exceptions:q_py_value_except1,HandlingTuple,IndexingTuple
q_py_topic_exceptions:q_py_value_except1,HandlingFloat,TransformingToFloatType
q_py_topic_exceptions:q_py_value_except1,HandlingDictionary,ReplacingDictionaryElement
q_py_topic_exceptions:q_py_value_except1,HandlingDictionary,IndexingDictionary
q_py_topic_exceptions:q_py_value_except1,HandlingDictionary,AddingItemToDictionary
q_py_topic_exceptions:q_py_value_except1,HandlingDictionary,AccessingDictionary
q_py_topic_exceptions:q_py_value_except1,HandlingDictionary,CreatingDictionary
q_py_topic_exceptions:q_py_value_except1,HandlingList,DeletingListElement
q_py_topic_exceptions:q_py_value_except1,HandlingList,IndexingList
q_py_topic_exceptions:q_py_value_except1,HandlingList,CreatingList
q_py_topic_exceptions:q_py_value_except1,HandlingList,SlicingList
q_py_topic_exceptions:q_py_value_except1,HandlingList,ReplacingListElement
q_py_topic_exceptions:q_py_value_except1,HandlingList,ListReferencing
q_py_topic_exceptions:q_py_value_except1,HandlingList,ReversingList
q_py_topic_exceptions:q_py_value_except1,AddingListElement,AddingListElementWithInsert
q_py_topic_exceptions:q_py_value_except1,AddingListElement,AddingListElementWithAppend
q_py_topic_exceptions:q_py_value_except1,HandlingFile,ClosingFile
q_py_topic_exceptions:q_py_value_except1,HandlingFile,ReadingLine
q_py_topic_exceptions:q_py_value_except1,HandlingFile,OpeningFile
q_py_topic_exceptions:q_py_value_except1,HandlingString,CreatingString
q_py_topic_exceptions:q_py_value_except1,HandlingString,ReplacingStringContent
q_py_topic_exceptions:q_py_value_except1,HandlingString,FormattingString
q_py_topic_exceptions:q_py_value_except1,HandlingString,TransformingToStringType
q_py_topic_exceptions:q_py_value_except1,HandlingString,SplittingString
q_py_topic_file_processing:q_py_file1,Python,Concatenation
q_py_topic_file_processing:q_py_file1,Python,Importing
q_py_topic_file_processing:q_py_file1,Python,FindingLength
q_py_topic_file_processing:q_py_file1,Python,Printing
q_py_topic_file_processing:q_py_file1,Python,CheckingForItem
q_py_topic_file_processing:q_py_file1,Python,HandlingInput
q_py_topic_file_processing:q_py_file1,CheckingCondition,IfElseChecking
q_py_topic_file_processing:q_py_file1,CheckingCondition,AssertChecking
q_py_topic_file_processing:q_py_file1,CheckingCondition,IfElifElseChecking
q_py_topic_file_processing:q_py_file1,CheckingCondition,NestedIfChecking
q_py_topic_file_processing:q_py_file1,CheckingCondition,IfChecking
q_py_topic_file_processing:q_py_file1,CheckingCondition,IfElifChecking
q_py_topic_file_processing:q_py_file1,CheckingCondition,BooleanEvaluating
q_py_topic_file_processing:q_py_file1,CheckingInForLoop,IfElseCheckingInForLoop
q_py_topic_file_processing:q_py_file1,CheckingInForLoop,IfElifCheckingInForLoop
q_py_topic_file_processing:q_py_file1,CheckingInForLoop,IfCheckingInForLoop
q_py_topic_file_processing:q_py_file1,CheckingInForLoop,IfElifElseCheckingInForLoop
q_py_topic_file_processing:q_py_file1,CheckingInWhileLoop,IfElifElseCheckingInWhileLoop
q_py_topic_file_processing:q_py_file1,CheckingInWhileLoop,IfCheckingInWhileLoop
q_py_topic_file_processing:q_py_file1,CheckingInWhileLoop,IfElseCheckingInWhileLoop
q_py_topic_file_processing:q_py_file1,CheckingInWhileLoop,IfElifCheckingInWhileLoop
q_py_topic_file_processing:q_py_file1,ManagingVariable,SwappingVariablesValue
q_py_topic_functions:q_py_fun_car1,ManagingVariable,AssigningVariable
q_py_topic_functions:q_py_fun_car1,ManagingVariable,UpdatingVariable
q_py_topic_functions:q_py_fun_car1,HandlingAdvancedDataStructure,BinaryTreeTask
q_py_topic_functions:q_py_fun_car1,HandlingAdvancedDataStructure,LinkedListTask
q_py_topic_functions:q_py_fun_car1,HandlingAdvancedDataStructure,QueueTask
q_py_topic_functions:q_py_fun_car1,HandlingAdvancedDataStructure,StackTask
q_py_topic_functions:q_py_fun_car1,TwoDimensionalArrayTask,ReplacingElement2DArray
q_py_topic_functions:q_py_fun_car1,TwoDimensionalArrayTask,Indexing2DArray
q_py_topic_functions:q_py_fun_car1,TwoDimensionalArrayTask,Create2DArray
q_py_topic_functions:q_py_fun_car1,HandlingObjectOrientedProgramming,CallingOOPMethod
q_py_topic_functions:q_py_fun_car1,HandlingObjectOrientedProgramming,CreatingObject
q_py_topic_functions:q_py_fun_car1,HandlingObjectOrientedProgramming,DefiningClass
q_py_topic_functions:q_py_fun_car1,HandlingObjectOrientedProgramming,DefiningOOPMethod
q_py_topic_functions:q_py_fun_car1,HandlingFunction,CallingFunctionLibrary
q_py_topic_functions:q_py_fun_car1,HandlingFunction,NestedFunctionCall
q_py_topic_functions:q_py_fun_car1,HandlingFunctionCallingFunction,CallingFunctionCallingFunction
q_py_topic_functions:q_py_fun_car1,HandlingFunctionCallingFunction,DefiningFunctionCallingFunction
q_py_topic_functions:q_py_fun_car1,HandlingRecursiveFunction,CallingRecursiveFunction
q_py_topic_functions:q_py_fun_car1,HandlingRecursiveFunction,DefiningRecursiveFunction
q_py_topic_functions:q_py_fun_car1,HandlingNestedFunction,CallingNestedFunction
q_py_topic_functions:q_py_fun_car1,HandlingNestedFunction,DefiningNestedFunction
q_py_topic_functions:q_py_fun_car1,HandlingStandardFunction,CallingStandardFunction
q_py_topic_functions:q_py_fun_car1,HandlingStandardFunction,DefiningStandardFunction
q_py_topic_functions:q_py_fun_car1,NonNestedIteration,SingleForLoopIteration
q_py_topic_functions:q_py_fun_car1,ArithmeticOperation,Division
q_py_topic_functions:q_py_fun_car1,ArithmeticOperation,Multiplication
q_py_topic_functions:q_py_fun_car2,ManagingVariable,AssigningVariable
q_py_topic_functions:q_py_fun_car2,ManagingVariable,UpdatingVariable
q_py_topic_functions:q_py_fun_car2,HandlingAdvancedDataStructure,BinaryTreeTask
q_py_topic_functions:q_py_fun_car2,HandlingAdvancedDataStructure,LinkedListTask
q_py_topic_functions:q_py_fun_car2,HandlingAdvancedDataStructure,QueueTask
q_py_topic_functions:q_py_fun_car2,HandlingAdvancedDataStructure,StackTask
q_py_topic_functions:q_py_fun_car2,TwoDimensionalArrayTask,ReplacingElement2DArray
q_py_topic_functions:q_py_fun_car2,TwoDimensionalArrayTask,Indexing2DArray
q_py_topic_functions:q_py_fun_car2,TwoDimensionalArrayTask,Create2DArray
q_py_topic_functions:q_py_fun_car2,HandlingObjectOrientedProgramming,CallingOOPMethod
q_py_topic_functions:q_py_fun_car2,HandlingObjectOrientedProgramming,CreatingObject
q_py_topic_functions:q_py_fun_car2,HandlingObjectOrientedProgramming,DefiningClass
q_py_topic_functions:q_py_fun_car2,HandlingObjectOrientedProgramming,DefiningOOPMethod
q_py_topic_functions:q_py_fun_car2,HandlingFunction,CallingFunctionLibrary
q_py_topic_functions:q_py_fun_car2,HandlingFunction,NestedFunctionCall
q_py_topic_functions:q_py_fun_car2,HandlingFunctionCallingFunction,CallingFunctionCallingFunction
q_py_topic_functions:q_py_fun_car2,HandlingFunctionCallingFunction,DefiningFunctionCallingFunction
q_py_topic_functions:q_py_fun_car2,HandlingRecursiveFunction,CallingRecursiveFunction
q_py_topic_functions:q_py_fun_car2,HandlingRecursiveFunction,DefiningRecursiveFunction
q_py_topic_functions:q_py_fun_car2,HandlingNestedFunction,CallingNestedFunction
q_py_topic_functions:q_py_fun_car2,HandlingNestedFunction,DefiningNestedFunction
q_py_topic_functions:q_py_fun_car2,HandlingStandardFunction,CallingStandardFunction
q_py_topic_functions:q_py_fun_car2,HandlingStandardFunction,DefiningStandardFunction
q_py_topic_functions:q_py_fun_car2,NonNestedIteration,SingleForLoopIteration
q_py_topic_functions:q_py_fun_car2,ArithmeticOperation,FindAbsolute
q_py_topic_functions:q_py_fun_car2,ArithmeticOperation,Division
q_py_topic_functions:q_py_fun_car2,ArithmeticOperation,Multiplication
q_py_topic_functions:q_py_fun_car2,HandlingTuple,SlicingTuple
q_py_topic_functions:q_py_fun_car2,HandlingTuple,IndexingTuple
q_py_topic_functions:q_py_fun_car2,HandlingFloat,TransformingToFloatType
q_py_topic_functions:q_py_fun_car2,HandlingDictionary,ReplacingDictionaryElement
q_py_topic_functions:q_py_fun_car2,HandlingDictionary,IndexingDictionary
q_py_topic_functions:q_py_fun_car2,HandlingDictionary,AddingItemToDictionary
q_py_topic_functions:q_py_fun_car2,HandlingDictionary,AccessingDictionary
q_py_topic_functions:q_py_fun_car2,HandlingDictionary,CreatingDictionary
q_py_topic_functions:q_py_fun_car2,HandlingList,DeletingListElement
q_py_topic_functions:q_py_fun_car2,HandlingList,IndexingList
q_py_topic_functions:q_py_fun_car2,HandlingList,CreatingList
q_py_topic_functions:q_py_fun_car2,HandlingList,SlicingList
q_py_topic_functions:q_py_fun_car2,HandlingList,ReplacingListElement
q_py_topic_functions:q_py_fun_car2,HandlingList,ListReferencing
q_py_topic_functions:q_py_fun_car2,HandlingList,ReversingList
q_py_topic_functions:q_py_fun_car2,AddingListElement,AddingListElementWithInsert
q_py_topic_functions:q_py_fun_car2,AddingListElement,AddingListElementWithAppend
q_py_topic_functions:q_py_fun_car2,HandlingFile,ClosingFile
q_py_topic_functions:q_py_fun_car2,HandlingFile,ReadingLine
q_py_topic_functions:q_py_fun_car2,HandlingFile,OpeningFile
q_py_topic_functions:q_py_fun_car2,HandlingString,CreatingString
q_py_topic_functions:q_py_fun_car2,HandlingString,ReplacingStringContent
q_py_topic_functions:q_py_fun_car2,HandlingString,FormattingString
q_py_topic_functions:q_py_fun_car2,HandlingString,TransformingToStringType
q_py_topic_functions:q_py_fun_car2,HandlingString,SplittingString
q_py_topic_functions:q_py_fun_car2,HandlingString,TrimmingString
q_py_topic_functions:q_py_fun_car2,HandlingString,IndexingString
q_py_topic_functions:q_py_fun_car2,HandlingString,SlicingString
q_py_topic_functions:q_py_fun_car2,ModifyingStringCase,ConvertStringToUpperCase
q_py_topic_functions:q_py_fun_car2,ModifyingStringCase,ConvertStringToLowerCase
q_py_topic_functions:q_py_fun_car2,ModifyingStringCase,CapitalizeString
q_py_topic_functions:q_py_fun_car2,HandlingError,HandlingSpecificError
q_py_topic_functions:q_py_fun_car2,HandlingError,HandlingGeneralError
q_py_topic_if_statement:q_py_if_elif1,HandlingTuple,SlicingTuple
q_py_topic_if_statement:q_py_if_elif1,HandlingTuple,IndexingTuple
q_py_topic_if_statement:q_py_if_elif1,HandlingFloat,TransformingToFloatType
q_py_topic_if_statement:q_py_if_elif1,HandlingDictionary,ReplacingDictionaryElement
q_py_topic_if_statement:q_py_if_elif1,HandlingDictionary,IndexingDictionary
q_py_topic_if_statement:q_py_if_elif1,HandlingDictionary,AddingItemToDictionary
q_py_topic_if_statement:q_py_if_elif1,HandlingDictionary,AccessingDictionary
q_py_topic_if_statement:q_py_if_elif1,HandlingDictionary,CreatingDictionary
q_py_topic_if_statement:q_py_if_elif1,HandlingList,DeletingListElement
q_py_topic_if_statement:q_py_if_elif1,HandlingList,IndexingList
q_py_topic_if_statement:q_py_if_elif1,HandlingList,CreatingList
q_py_topic_if_statement:q_py_if_elif1,HandlingList,SlicingList
q_py_topic_if_statement:q_py_if_elif1,HandlingList,ReplacingListElement
q_py_topic_if_statement:q_py_if_elif1,HandlingList,ListReferencing
q_py_topic_if_statement:q_py_if_elif1,HandlingList,ReversingList
q_py_topic_if_statement:q_py_if_elif1,AddingListElement,AddingListElementWithInsert
q_py_topic_if_statement:q_py_if_elif1,AddingListElement,AddingListElementWithAppend
q_py_topic_if_statement:q_py_if_elif1,HandlingFile,ClosingFile
q_py_topic_if_statement:q_py_if_elif1,HandlingFile,ReadingLine
q_py_topic_if_statement:q_py_if_elif1,HandlingFile,OpeningFile
q_py_topic_if_statement:q_py_if_elif1,HandlingString,CreatingString
q_py_topic_if_statement:q_py_if_elif1,HandlingString,ReplacingStringContent
q_py_topic_if_statement:q_py_if_elif1,HandlingString,FormattingString
q_py_topic_if_statement:q_py_if_elif1,HandlingString,TransformingToStringType
q_py_topic_if_statement:q_py_if_elif1,HandlingString,SplittingString
q_py_topic_if_statement:q_py_nested_if1,Python,Concatenation
q_py_topic_if_statement:q_py_nested_if1,Python,Importing
q_py_topic_if_statement:q_py_nested_if1,Python,FindingLength
q_py_topic_if_statement:q_py_nested_if1,Python,Printing
q_py_topic_if_statement:q_py_nested_if1,Python,CheckingForItem
q_py_topic_if_statement:q_py_nested_if1,Python,HandlingInput
q_py_topic_if_statement:q_py_nested_if1,CheckingCondition,IfElseChecking
q_py_topic_if_statement:q_py_nested_if1,CheckingCondition,AssertChecking
q_py_topic_if_statement:q_py_nested_if1,CheckingCondition,IfElifElseChecking
q_py_topic_if_statement:q_py_nested_if1,CheckingCondition,NestedIfChecking
q_py_topic_if_statement:q_py_nested_if1,CheckingCondition,IfChecking
q_py_topic_if_statement:q_py_nested_if1,CheckingCondition,IfElifChecking
q_py_topic_if_statement:q_py_nested_if1,CheckingCondition,BooleanEvaluating
q_py_topic_if_statement:q_py_nested_if1,CheckingInForLoop,IfElseCheckingInForLoop
q_py_topic_if_statement:q_py_nested_if1,CheckingInForLoop,IfElifCheckingInForLoop
q_py_topic_if_statement:q_py_nested_if1,CheckingInForLoop,IfCheckingInForLoop
q_py_topic_if_statement:q_py_nested_if1,CheckingInForLoop,IfElifElseCheckingInForLoop
q_py_topic_if_statement:q_py_nested_if1,CheckingInWhileLoop,IfElifElseCheckingInWhileLoop
q_py_topic_if_statement:q_py_nested_if1,CheckingInWhileLoop,IfCheckingInWhileLoop
q_py_topic_if_statement:q_py_nested_if1,CheckingInWhileLoop,IfElseCheckingInWhileLoop
q_py_topic_if_statement:q_py_nested_if1,CheckingInWhileLoop,IfElifCheckingInWhileLoop
q_py_topic_if_statement:q_py_nested_if1,ManagingVariable,SwappingVariablesValue
q_py_topic_if_statement:q_py_nested_if1,HandlingTuple,SlicingTuple
q_py_topic_if_statement:q_py_nested_if1,HandlingTuple,IndexingTuple
q_py_topic_if_statement:q_py_nested_if1,HandlingFloat,TransformingToFloatType
q_py_topic_if_statement:q_py_nested_if1,HandlingDictionary,ReplacingDictionaryElement
q_py_topic_if_statement:q_py_nested_if1,HandlingDictionary,IndexingDictionary
q_py_topic_if_statement:q_py_nested_if1,HandlingDictionary,AddingItemToDictionary
q_py_topic_if_statement:q_py_nested_if1,HandlingDictionary,AccessingDictionary
q_py_topic_if_statement:q_py_nested_if1,HandlingDictionary,CreatingDictionary
q_py_topic_if_statement:q_py_nested_if1,HandlingList,DeletingListElement
q_py_topic_if_statement:q_py_nested_if1,HandlingList,IndexingList
q_py_topic_if_statement:q_py_nested_if1,HandlingList,CreatingList
q_py_topic_if_statement:q_py_nested_if1,HandlingList,SlicingList
q_py_topic_if_statement:q_py_nested_if1,HandlingList,ReplacingListElement
q_py_topic_if_statement:q_py_nested_if1,HandlingList,ListReferencing
q_py_topic_if_statement:q_py_nested_if1,HandlingList,ReversingList
q_py_topic_if_statement:q_py_nested_if1,AddingListElement,AddingListElementWithInsert
q_py_topic_if_statement:q_py_nested_if1,AddingListElement,AddingListElementWithAppend
q_py_topic_if_statement:q_py_nested_if1,HandlingFile,ClosingFile
q_py_topic_if_statement:q_py_nested_if1,HandlingFile,ReadingLine
q_py_topic_if_statement:q_py_nested_if1,HandlingFile,OpeningFile
q_py_topic_if_statement:q_py_nested_if1,HandlingString,CreatingString
q_py_topic_if_statement:q_py_nested_if1,HandlingString,ReplacingStringContent
q_py_topic_if_statement:q_py_nested_if1,HandlingString,FormattingString
q_py_topic_if_statement:q_py_nested_if1,HandlingString,TransformingToStringType
q_py_topic_if_statement:q_py_nested_if1,HandlingString,SplittingString
q_py_topic_if_statement:q_py_nested_if_elif1,ManagingVariable,AssigningVariable
q_py_topic_if_statement:q_py_nested_if_elif1,ManagingVariable,UpdatingVariable
q_py_topic_if_statement:q_py_nested_if_elif1,HandlingAdvancedDataStructure,BinaryTreeTask
q_py_topic_if_statement:q_py_nested_if_elif1,HandlingAdvancedDataStructure,LinkedListTask
q_py_topic_if_statement:q_py_nested_if_elif1,HandlingAdvancedDataStructure,QueueTask
q_py_topic_if_statement:q_py_nested_if_elif1,HandlingAdvancedDataStructure,StackTask
q_py_topic_if_statement:q_py_nested_if_elif1,TwoDimensionalArrayTask,ReplacingElement2DArray
q_py_topic_if_statement:q_py_nested_if_elif1,TwoDimensionalArrayTask,Indexing2DArray
q_py_topic_if_statement:q_py_nested_if_elif1,TwoDimensionalArrayTask,Create2DArray
q_py_topic_if_statement:q_py_nested_if_elif1,HandlingObjectOrientedProgramming,CallingOOPMethod
q_py_topic_if_statement:q_py_nested_if_elif1,HandlingObjectOrientedProgramming,CreatingObject
q_py_topic_if_statement:q_py_nested_if_elif1,HandlingObjectOrientedProgramming,DefiningClass
q_py_topic_if_statement:q_py_nested_if_elif1,HandlingObjectOrientedProgramming,DefiningOOPMethod
q_py_topic_if_statement:q_py_nested_if_elif1,HandlingFunction,CallingFunctionLibrary
q_py_topic_if_statement:q_py_nested_if_elif1,HandlingFunction,NestedFunctionCall
q_py_topic_if_statement:q_py_nested_if_elif1,HandlingFunctionCallingFunction,CallingFunctionCallingFunction
q_py_topic_if_statement:q_py_nested_if_elif1,HandlingFunctionCallingFunction,DefiningFunctionCallingFunction
q_py_topic_if_statement:q_py_nested_if_elif1,HandlingRecursiveFunction,CallingRecursiveFunction
q_py_topic_if_statement:q_py_nested_if_elif1,HandlingRecursiveFunction,DefiningRecursiveFunction
q_py_topic_if_statement:q_py_nested_if_elif1,HandlingNestedFunction,CallingNestedFunction
q_py_topic_if_statement:q_py_nested_if_elif1,HandlingNestedFunction,DefiningNestedFunction
q_py_topic_if_statement:q_py_nested_if_elif1,HandlingStandardFunction,CallingStandardFunction
q_py_topic_if_statement:q_py_nested_if_elif1,HandlingStandardFunction,DefiningStandardFunction
q_py_topic_if_statement:q_py_nested_if_elif1,NonNestedIteration,SingleForLoopIteration
q_py_topic_if_statement:q_py_nested_if_elif1,NonNestedIteration,SingleWhileLoopIteration
q_py_topic_if_statement:q_py_nested_if_elif1,WhileLoopWithUpdate,WhileLoopWithListIndexing
q_py_topic_if_statement:q_py_nested_if_elif1,WhileLoopWithUpdate,WhileLoopWith*=
q_py_topic_if_statement:q_py_nested_if_elif1,WhileLoopWithUpdate,WhileLoopWith+=
q_py_topic_if_statement:q_py_nested_if_elif1,ForLoopWithUpdate,ForLoopWith+=
q_py_topic_if_statement:q_py_nested_if_elif1,ForLoopWithUpdate,ForLoopWith*=
q_py_topic_if_statement:q_py_nested_if_elif1,ForLoopWithUpdate,ForLoopWithListIndexing
q_py_topic_if_statement:q_py_nested_if_elif1,NestedLoopIteration,MixedNestedLoopIteration
q_py_topic_if_statement:q_py_nested_if_elif1,NestedLoopIteration,NestedForLoopIteration
q_py_topic_if_statement:q_py_nested_if_elif1,NestedLoopIteration,NestedWhileLoopIteration
q_py_topic_if_statement:q_py_nested_if_elif1,ArithmeticOperation,FindAbsolute
q_py_topic_if_statement:q_py_nested_if_elif1,ArithmeticOperation,FindRemainder
q_py_topic_if_statement:q_py_nested_if_elif1,ArithmeticOperation,FindMaximum
q_py_topic_if_statement:q_py_nested_if_elif1,ArithmeticOperation,Addition
q_py_topic_if_statement:q_py_nested_if_elif1,ArithmeticOperation,Round
q_py_topic_if_statement:q_py_nested_if_elif1,ArithmeticOperation,Power
q_py_topic_if_statement:q_py_nested_if_elif1,ArithmeticOperation,FindMinimum
q_py_topic_if_statement:q_py_nested_if_elif1,ArithmeticOperation,Substraction
q_py_topic_if_statement:q_py_nested_if_elif1,ArithmeticOperation,Division
q_py_topic_if_statement:q_py_nested_if_elif1,ArithmeticOperation,Multiplication
q_py_topic_if_statement:q_py_nested_if_elif1,HandlingInteger,TransformingToIntType
q_py_topic_if_statement:q_py_nested_if_elif1,HandlingTuple,CreatingTuple
q_py_topic_if_statement:q_py_nested_if_elif2,Python,Concatenation
q_py_topic_if_statement:q_py_nested_if_elif2,Python,Importing
q_py_topic_if_statement:q_py_nested_if_elif2,Python,FindingLength
q_py_topic_if_statement:q_py_nested_if_elif2,Python,Printing
q_py_topic_if_statement:q_py_nested_if_elif2,Python,CheckingForItem
q_py_topic_if_statement:q_py_nested_if_elif2,Python,HandlingInput
q_py_topic_if_statement:q_py_nested_if_elif2,CheckingCondition,IfElseChecking
q_py_topic_if_statement:q_py_nested_if_elif2,CheckingCondition,AssertChecking
q_py_topic_if_statement:q_py_nested_if_elif2,CheckingCondition,IfElifElseChecking
q_py_topic_if_statement:q_py_nested_if_elif2,CheckingCondition,NestedIfChecking
q_py_topic_if_statement:q_py_nested_if_elif2,CheckingCondition,IfChecking
q_py_topic_if_statement:q_py_nested_if_elif2,CheckingCondition,IfElifChecking
q_py_topic_if_statement:q_py_nested_if_elif2,CheckingCondition,BooleanEvaluating
q_py_topic_if_statement:q_py_nested_if_elif2,CheckingInForLoop,IfElseCheckingInForLoop
q_py_topic_if_statement:q_py_nested_if_elif2,CheckingInForLoop,IfElifCheckingInForLoop
q_py_topic_if_statement:q_py_nested_if_elif2,CheckingInForLoop,IfCheckingInForLoop
q_py_topic_if_statement:q_py_nested_if_elif2,CheckingInForLoop,IfElifElseCheckingInForLoop
q_py_topic_if_statement:q_py_nested_if_elif2,CheckingInWhileLoop,IfElifElseCheckingInWhileLoop
q_py_topic_if_statement:q_py_nested_if_elif2,CheckingInWhileLoop,IfCheckingInWhileLoop
q_py_topic_if_statement:q_py_nested_if_elif2,CheckingInWhileLoop,IfElseCheckingInWhileLoop
q_py_topic_if_statement:q_py_nested_if_elif2,CheckingInWhileLoop,IfElifCheckingInWhileLoop
q_py_topic_if_statement:q_py_nested_if_elif2,ManagingVariable,SwappingVariablesValue
q_py_topic_if_statement:q_py_nested_if_elif2,ManagingVariable,AssigningVariable
q_py_topic_if_statement:q_py_nested_if_elif2,ManagingVariable,UpdatingVariable
q_py_topic_if_statement:q_py_nested_if_elif2,HandlingAdvancedDataStructure,BinaryTreeTask
q_py_topic_if_statement:q_py_nested_if_elif2,HandlingAdvancedDataStructure,LinkedListTask
q_py_topic_if_statement:q_py_nested_if_elif2,HandlingAdvancedDataStructure,QueueTask
q_py_topic_if_statement:q_py_nested_if_elif2,HandlingAdvancedDataStructure,StackTask
q_py_topic_if_statement:q_py_nested_if_elif2,TwoDimensionalArrayTask,ReplacingElement2DArray
q_py_topic_if_statement:q_py_nested_if_elif2,TwoDimensionalArrayTask,Indexing2DArray
q_py_topic_if_statement:q_py_nested_if_elif2,TwoDimensionalArrayTask,Create2DArray
q_py_topic_if_statement:q_py_nested_if_elif2,HandlingObjectOrientedProgramming,CallingOOPMethod
q_py_topic_if_statement:q_py_nested_if_elif2,HandlingObjectOrientedProgramming,CreatingObject
q_py_topic_if_statement:q_py_nested_if_elif2,HandlingObjectOrientedProgramming,DefiningClass
q_py_topic_if_statement:q_py_nested_if_elif2,HandlingObjectOrientedProgramming,DefiningOOPMethod
q_py_topic_if_statement:q_py_nested_if_elif2,HandlingFunction,CallingFunctionLibrary
q_py_topic_if_statement:q_py_nested_if_elif2,HandlingFunction,NestedFunctionCall
q_py_topic_if_statement:q_py_nested_if_elif2,HandlingFunctionCallingFunction,CallingFunctionCallingFunction
q_py_topic_if_statement:q_py_nested_if_elif2,HandlingFunctionCallingFunction,DefiningFunctionCallingFunction
q_py_topic_if_statement:q_py_nested_if_elif2,HandlingRecursiveFunction,CallingRecursiveFunction
q_py_topic_if_statement:q_py_nested_if_elif2,HandlingRecursiveFunction,DefiningRecursiveFunction
q_py_topic_if_statement:q_py_nested_if_elif2,HandlingNestedFunction,CallingNestedFunction
q_py_topic_if_statement:q_py_nested_if_elif2,HandlingNestedFunction,DefiningNestedFunction
q_py_topic_if_statement:q_py_nested_if_elif2,HandlingStandardFunction,CallingStandardFunction
q_py_topic_if_statement:q_py_nested_if_elif2,HandlingStandardFunction,DefiningStandardFunction
q_py_topic_if_statement:q_py_nested_if_elif2,NonNestedIteration,SingleForLoopIteration
q_py_topic_if_statement:q_py_nested_if_elif2,NonNestedIteration,SingleWhileLoopIteration
q_py_topic_if_statement:q_py_nested_if_elif2,WhileLoopWithUpdate,WhileLoopWithListIndexing
q_py_topic_if_statement:q_py_nested_if_elif2,WhileLoopWithUpdate,WhileLoopWith*=
q_py_topic_if_statement:q_py_nested_if_elif2,WhileLoopWithUpdate,WhileLoopWith+=
q_py_topic_if_statement:q_py_nested_if_elif2,ForLoopWithUpdate,ForLoopWith+=
q_py_topic_if_statement:q_py_nested_if_elif2,ForLoopWithUpdate,ForLoopWith*=
q_py_topic_if_statement:q_py_nested_if_elif2,ForLoopWithUpdate,ForLoopWithListIndexing
q_py_topic_if_statement:q_py_nested_if_elif2,NestedLoopIteration,MixedNestedLoopIteration
q_py_topic_if_statement:q_py_nested_if_elif2,NestedLoopIteration,NestedForLoopIteration
q_py_topic_if_statement:q_py_nested_if_elif2,NestedLoopIteration,NestedWhileLoopIteration
q_py_topic_if_statement:q_py_nested_if_elif2,ArithmeticOperation,FindAbsolute
q_py_topic_if_statement:q_py_nested_if_elif2,ArithmeticOperation,FindRemainder
q_py_topic_if_statement:q_py_nested_if_elif2,ArithmeticOperation,FindMaximum
q_py_topic_if_statement:q_py_nested_if_elif2,ArithmeticOperation,Addition
q_py_topic_if_statement:q_py_nested_if_elif2,ArithmeticOperation,Round
q_py_topic_if_statement:q_py_nested_if_elif2,ArithmeticOperation,Power
q_py_topic_if_statement:q_py_nested_if_elif2,ArithmeticOperation,FindMinimum
q_py_topic_if_statement:q_py_nested_if_elif2,ArithmeticOperation,Substraction
q_py_topic_if_statement:q_py_nested_if_elif2,ArithmeticOperation,Division
q_py_topic_if_statement:q_py_nested_if_elif2,ArithmeticOperation,Multiplication
q_py_topic_if_statement:q_py_nested_if_elif2,HandlingInteger,TransformingToIntType
q_py_topic_if_statement:q_py_nested_if_elif2,HandlingTuple,CreatingTuple
q_py_topic_lists:q_py_add_two_lists1,Python,Concatenation
q_py_topic_lists:q_py_add_two_lists1,Python,Importing
q_py_topic_lists:q_py_add_two_lists1,Python,FindingLength
q_py_topic_lists:q_py_add_two_lists1,Python,Printing
q_py_topic_lists:q_py_add_two_lists1,Python,CheckingForItem
q_py_topic_lists:q_py_add_two_lists1,Python,HandlingInput
q_py_topic_lists:q_py_add_two_lists1,CheckingCondition,IfElseChecking
q_py_topic_lists:q_py_add_two_lists1,CheckingCondition,AssertChecking
q_py_topic_lists:q_py_add_two_lists1,CheckingCondition,IfElifElseChecking
q_py_topic_lists:q_py_add_two_lists1,CheckingCondition,NestedIfChecking
q_py_topic_lists:q_py_add_two_lists1,CheckingCondition,IfChecking
q_py_topic_lists:q_py_add_two_lists1,CheckingCondition,IfElifChecking
q_py_topic_lists:q_py_add_two_lists1,CheckingCondition,BooleanEvaluating
q_py_topic_lists:q_py_add_two_lists1,CheckingInForLoop,IfElseCheckingInForLoop
q_py_topic_lists:q_py_add_two_lists1,CheckingInForLoop,IfElifCheckingInForLoop
q_py_topic_lists:q_py_add_two_lists1,CheckingInForLoop,IfCheckingInForLoop
q_py_topic_lists:q_py_add_two_lists1,CheckingInForLoop,IfElifElseCheckingInForLoop
q_py_topic_lists:q_py_add_two_lists1,CheckingInWhileLoop,IfElifElseCheckingInWhileLoop
q_py_topic_lists:q_py_add_two_lists1,CheckingInWhileLoop,IfCheckingInWhileLoop
q_py_topic_lists:q_py_add_two_lists1,CheckingInWhileLoop,IfElseCheckingInWhileLoop
q_py_topic_lists:q_py_add_two_lists1,CheckingInWhileLoop,IfElifCheckingInWhileLoop
q_py_topic_lists:q_py_add_two_lists1,ManagingVariable,SwappingVariablesValue
q_py_topic_lists:q_py_add_two_lists1,NonNestedIteration,SingleWhileLoopIteration
q_py_topic_lists:q_py_add_two_lists1,WhileLoopWithUpdate,WhileLoopWithListIndexing
q_py_topic_lists:q_py_add_two_lists1,WhileLoopWithUpdate,WhileLoopWith*=
q_py_topic_lists:q_py_add_two_lists1,WhileLoopWithUpdate,WhileLoopWith+=
q_py_topic_lists:q_py_add_two_lists1,ForLoopWithUpdate,ForLoopWith+=
q_py_topic_lists:q_py_add_two_lists1,ForLoopWithUpdate,ForLoopWith*=
q_py_topic_lists:q_py_add_two_lists1,NestedLoopIteration,NestedWhileLoopIteration
q_py_topic_lists:q_py_add_two_lists1,ArithmeticOperation,FindAbsolute
q_py_topic_lists:q_py_add_two_lists1,ArithmeticOperation,FindRemainder
q_py_topic_lists:q_py_add_two_lists1,ArithmeticOperation,FindMaximum
q_py_topic_lists:q_py_add_two_lists1,ArithmeticOperation,Round
q_py_topic_lists:q_py_add_two_lists1,ArithmeticOperation,Power
q_py_topic_lists:q_py_add_two_lists1,ArithmeticOperation,FindMinimum
q_py_topic_lists:q_py_add_two_lists1,ArithmeticOperation,Substraction
q_py_topic_lists:q_py_add_two_lists1,ArithmeticOperation,Division
q_py_topic_lists:q_py_add_two_lists1,ArithmeticOperation,Multiplication
q_py_topic_lists:q_py_add_two_lists1,HandlingTuple,SlicingTuple
q_py_topic_lists:q_py_add_two_lists1,HandlingTuple,IndexingTuple
q_py_topic_lists:q_py_add_two_lists1,HandlingFloat,TransformingToFloatType
q_py_topic_lists:q_py_add_two_lists1,HandlingDictionary,ReplacingDictionaryElement
q_py_topic_lists:q_py_add_two_lists1,HandlingDictionary,IndexingDictionary
q_py_topic_lists:q_py_add_two_lists1,HandlingDictionary,AddingItemToDictionary
q_py_topic_lists:q_py_add_two_lists1,HandlingDictionary,AccessingDictionary
q_py_topic_lists:q_py_add_two_lists1,HandlingDictionary,CreatingDictionary
q_py_topic_lists:q_py_add_two_lists1,HandlingList,DeletingListElement
q_py_topic_lists:q_py_add_two_lists1,HandlingList,IndexingList
q_py_topic_lists:q_py_add_two_lists1,HandlingList,CreatingList
q_py_topic_lists:q_py_add_two_lists1,HandlingList,SlicingList
q_py_topic_lists:q_py_add_two_lists1,HandlingList,ReplacingListElement
q_py_topic_lists:q_py_add_two_lists1,HandlingList,ListReferencing
q_py_topic_lists:q_py_add_two_lists1,HandlingList,ReversingList
q_py_topic_lists:q_py_add_two_lists1,AddingListElement,AddingListElementWithInsert
q_py_topic_lists:q_py_add_two_lists1,AddingListElement,AddingListElementWithAppend
q_py_topic_lists:q_py_add_two_lists1,HandlingFile,ClosingFile
q_py_topic_lists:q_py_add_two_lists1,HandlingFile,ReadingLine
q_py_topic_lists:q_py_add_two_lists1,HandlingFile,OpeningFile
q_py_topic_lists:q_py_add_two_lists1,HandlingString,CreatingString
q_py_topic_lists:q_py_add_two_lists1,HandlingString,ReplacingStringContent
q_py_topic_lists:q_py_add_two_lists1,HandlingString,FormattingString
q_py_topic_lists:q_py_add_two_lists1,HandlingString,TransformingToStringType
q_py_topic_lists:q_py_add_two_lists1,HandlingString,SplittingString
q_py_topic_lists:q_py_list_access1,Python,Concatenation
q_py_topic_lists:q_py_list_access1,Python,Importing
q_py_topic_lists:q_py_list_access1,Python,FindingLength
q_py_topic_lists:q_py_list_access1,Python,Printing
q_py_topic_lists:q_py_list_access1,Python,CheckingForItem
q_py_topic_lists:q_py_list_access1,Python,HandlingInput
q_py_topic_lists:q_py_list_access1,CheckingCondition,IfElseChecking
q_py_topic_lists:q_py_list_access1,CheckingCondition,AssertChecking
q_py_topic_lists:q_py_list_access1,CheckingCondition,IfElifElseChecking
q_py_topic_lists:q_py_list_access1,CheckingCondition,NestedIfChecking
q_py_topic_lists:q_py_list_access1,CheckingCondition,IfChecking
q_py_topic_lists:q_py_list_access1,CheckingCondition,IfElifChecking
q_py_topic_lists:q_py_list_access1,CheckingCondition,BooleanEvaluating
q_py_topic_lists:q_py_list_access1,CheckingInForLoop,IfElseCheckingInForLoop
q_py_topic_lists:q_py_list_access1,CheckingInForLoop,IfElifCheckingInForLoop
q_py_topic_lists:q_py_list_access1,CheckingInForLoop,IfCheckingInForLoop
q_py_topic_lists:q_py_list_access1,CheckingInForLoop,IfElifElseCheckingInForLoop
q_py_topic_lists:q_py_list_access1,CheckingInWhileLoop,IfElifElseCheckingInWhileLoop
q_py_topic_lists:q_py_list_access1,CheckingInWhileLoop,IfCheckingInWhileLoop
q_py_topic_lists:q_py_list_access1,CheckingInWhileLoop,IfElseCheckingInWhileLoop
q_py_topic_lists:q_py_list_access1,CheckingInWhileLoop,IfElifCheckingInWhileLoop
q_py_topic_lists:q_py_list_access1,ManagingVariable,SwappingVariablesValue
q_py_topic_lists:q_py_list_access1,ManagingVariable,AssigningVariable
q_py_topic_lists:q_py_list_access1,ManagingVariable,UpdatingVariable
q_py_topic_lists:q_py_list_access1,HandlingAdvancedDataStructure,BinaryTreeTask
q_py_topic_lists:q_py_list_access1,HandlingAdvancedDataStructure,LinkedListTask
q_py_topic_lists:q_py_list_access1,HandlingAdvancedDataStructure,QueueTask
q_py_topic_lists:q_py_list_access1,HandlingAdvancedDataStructure,StackTask
q_py_topic_lists:q_py_list_access1,TwoDimensionalArrayTask,ReplacingElement2DArray
q_py_topic_lists:q_py_list_access1,TwoDimensionalArrayTask,Indexing2DArray
q_py_topic_lists:q_py_list_access1,TwoDimensionalArrayTask,Create2DArray
q_py_topic_lists:q_py_list_access1,HandlingObjectOrientedProgramming,CallingOOPMethod
q_py_topic_lists:q_py_list_access1,HandlingObjectOrientedProgramming,CreatingObject
q_py_topic_lists:q_py_list_access1,HandlingObjectOrientedProgramming,DefiningClass
q_py_topic_lists:q_py_list_access1,HandlingObjectOrientedProgramming,DefiningOOPMethod
q_py_topic_lists:q_py_list_access1,HandlingFunction,CallingFunctionLibrary
q_py_topic_lists:q_py_list_access1,HandlingFunction,NestedFunctionCall
q_py_topic_lists:q_py_list_access1,HandlingFunctionCallingFunction,CallingFunctionCallingFunction
q_py_topic_lists:q_py_list_access1,HandlingFunctionCallingFunction,DefiningFunctionCallingFunction
q_py_topic_lists:q_py_list_access1,HandlingRecursiveFunction,CallingRecursiveFunction
q_py_topic_lists:q_py_list_access1,HandlingRecursiveFunction,DefiningRecursiveFunction
q_py_topic_lists:q_py_list_access1,HandlingNestedFunction,CallingNestedFunction
q_py_topic_lists:q_py_list_access1,HandlingNestedFunction,DefiningNestedFunction
q_py_topic_lists:q_py_list_access1,HandlingStandardFunction,CallingStandardFunction
q_py_topic_lists:q_py_list_access1,HandlingStandardFunction,DefiningStandardFunction
q_py_topic_lists:q_py_list_access1,NonNestedIteration,SingleForLoopIteration
q_py_topic_lists:q_py_list_access1,NonNestedIteration,SingleWhileLoopIteration
q_py_topic_lists:q_py_list_access1,WhileLoopWithUpdate,WhileLoopWithListIndexing
q_py_topic_lists:q_py_list_access1,WhileLoopWithUpdate,WhileLoopWith*=
q_py_topic_lists:q_py_list_access1,WhileLoopWithUpdate,WhileLoopWith+=
q_py_topic_lists:q_py_list_access1,ForLoopWithUpdate,ForLoopWith+=
q_py_topic_lists:q_py_list_access1,ForLoopWithUpdate,ForLoopWith*=
q_py_topic_lists:q_py_list_access1,ForLoopWithUpdate,ForLoopWithListIndexing
q_py_topic_lists:q_py_list_access1,NestedLoopIteration,MixedNestedLoopIteration
q_py_topic_lists:q_py_list_access1,NestedLoopIteration,NestedForLoopIteration
q_py_topic_lists:q_py_list_access1,NestedLoopIteration,NestedWhileLoopIteration
q_py_topic_lists:q_py_list_access1,ArithmeticOperation,FindAbsolute
q_py_topic_lists:q_py_list_access1,ArithmeticOperation,FindRemainder
q_py_topic_lists:q_py_list_access1,ArithmeticOperation,FindMaximum
q_py_topic_lists:q_py_list_access1,ArithmeticOperation,Addition
q_py_topic_lists:q_py_list_access1,ArithmeticOperation,Round
q_py_topic_lists:q_py_list_access1,ArithmeticOperation,Power
q_py_topic_lists:q_py_list_access1,ArithmeticOperation,FindMinimum
q_py_topic_lists:q_py_list_access1,ArithmeticOperation,Substraction
q_py_topic_lists:q_py_list_access1,ArithmeticOperation,Division
q_py_topic_lists:q_py_list_access1,ArithmeticOperation,Multiplication
q_py_topic_lists:q_py_list_access1,HandlingInteger,TransformingToIntType
q_py_topic_lists:q_py_list_access1,HandlingTuple,CreatingTuple
q_py_topic_lists:q_py_list_access1,HandlingTuple,SlicingTuple
q_py_topic_lists:q_py_list_access1,HandlingTuple,IndexingTuple
q_py_topic_lists:q_py_list_access1,HandlingFloat,TransformingToFloatType
q_py_topic_lists:q_py_list_access1,HandlingDictionary,ReplacingDictionaryElement
q_py_topic_lists:q_py_list_access1,HandlingDictionary,IndexingDictionary
q_py_topic_lists:q_py_list_access1,HandlingDictionary,AddingItemToDictionary
q_py_topic_lists:q_py_list_access1,HandlingDictionary,AccessingDictionary
q_py_topic_lists:q_py_list_access1,HandlingDictionary,CreatingDictionary
q_py_topic_lists:q_py_list_access1,HandlingList,DeletingListElement
q_py_topic_lists:q_py_list_access1,HandlingList,IndexingList
q_py_topic_lists:q_py_list_access1,HandlingList,CreatingList
q_py_topic_lists:q_py_list_access1,HandlingList,SlicingList
q_py_topic_lists:q_py_list_access1,HandlingList,ReplacingListElement
q_py_topic_lists:q_py_list_access1,HandlingList,ListReferencing
q_py_topic_lists:q_py_list_access1,HandlingList,ReversingList
q_py_topic_lists:q_py_list_access1,AddingListElement,AddingListElementWithInsert
q_py_topic_lists:q_py_list_access1,AddingListElement,AddingListElementWithAppend
q_py_topic_lists:q_py_list_access1,HandlingFile,ClosingFile
q_py_topic_lists:q_py_list_access1,HandlingFile,ReadingLine
q_py_topic_lists:q_py_list_access1,HandlingFile,OpeningFile
q_py_topic_lists:q_py_list_access1,HandlingString,CreatingString
q_py_topic_lists:q_py_list_access1,HandlingString,ReplacingStringContent
q_py_topic_lists:q_py_list_access1,HandlingString,FormattingString
q_py_topic_lists:q_py_list_access1,HandlingString,TransformingToStringType
q_py_topic_lists:q_py_list_access1,HandlingString,SplittingString
q_py_topic_lists:q_py_list_access2,ManagingVariable,AssigningVariable
q_py_topic_lists:q_py_list_access2,ManagingVariable,UpdatingVariable
q_py_topic_lists:q_py_list_access2,HandlingAdvancedDataStructure,BinaryTreeTask
q_py_topic_lists:q_py_list_access2,HandlingAdvancedDataStructure,LinkedListTask
q_py_topic_lists:q_py_list_access2,HandlingAdvancedDataStructure,QueueTask
q_py_topic_lists:q_py_list_access2,HandlingAdvancedDataStructure,StackTask
q_py_topic_lists:q_py_list_access2,TwoDimensionalArrayTask,ReplacingElement2DArray
q_py_topic_lists:q_py_list_access2,TwoDimensionalArrayTask,Indexing2DArray
q_py_topic_lists:q_py_list_access2,TwoDimensionalArrayTask,Create2DArray
q_py_topic_lists:q_py_list_access2,HandlingObjectOrientedProgramming,CallingOOPMethod
q_py_topic_lists:q_py_list_access2,HandlingObjectOrientedProgramming,CreatingObject
q_py_topic_lists:q_py_list_access2,HandlingObjectOrientedProgramming,DefiningClass
q_py_topic_lists:q_py_list_access2,HandlingObjectOrientedProgramming,DefiningOOPMethod
q_py_topic_lists:q_py_list_access2,HandlingFunction,CallingFunctionLibrary
q_py_topic_lists:q_py_list_access2,HandlingFunction,NestedFunctionCall
q_py_topic_lists:q_py_list_access2,HandlingFunctionCallingFunction,CallingFunctionCallingFunction
q_py_topic_lists:q_py_list_access2,HandlingFunctionCallingFunction,DefiningFunctionCallingFunction
q_py_topic_lists:q_py_list_access2,HandlingRecursiveFunction,CallingRecursiveFunction
q_py_topic_lists:q_py_list_access2,HandlingRecursiveFunction,DefiningRecursiveFunction
q_py_topic_lists:q_py_list_access2,HandlingNestedFunction,CallingNestedFunction
q_py_topic_lists:q_py_list_access2,HandlingNestedFunction,DefiningNestedFunction
q_py_topic_lists:q_py_list_access2,HandlingStandardFunction,CallingStandardFunction
q_py_topic_lists:q_py_list_access2,HandlingStandardFunction,DefiningStandardFunction
q_py_topic_lists:q_py_list_access2,NonNestedIteration,SingleForLoopIteration
q_py_topic_lists:q_py_list_access2,WhileLoopWithUpdate,WhileLoopWithListIndexing
q_py_topic_lists:q_py_list_access2,WhileLoopWithUpdate,WhileLoopWith*=
q_py_topic_lists:q_py_list_access2,WhileLoopWithUpdate,WhileLoopWith+=
q_py_topic_lists:q_py_list_access2,ForLoopWithUpdate,ForLoopWith+=
q_py_topic_lists:q_py_list_access2,HandlingTuple,SlicingTuple
q_py_topic_lists:q_py_list_access2,HandlingTuple,IndexingTuple
q_py_topic_lists:q_py_list_access2,HandlingFloat,TransformingToFloatType
q_py_topic_lists:q_py_list_access2,HandlingDictionary,ReplacingDictionaryElement
q_py_topic_lists:q_py_list_access2,HandlingDictionary,IndexingDictionary
q_py_topic_lists:q_py_list_access2,HandlingDictionary,AddingItemToDictionary
q_py_topic_lists:q_py_list_access2,HandlingDictionary,AccessingDictionary
q_py_topic_lists:q_py_list_access2,HandlingDictionary,CreatingDictionary
q_py_topic_lists:q_py_list_access2,HandlingList,DeletingListElement
q_py_topic_lists:q_py_list_access2,HandlingList,IndexingList
q_py_topic_lists:q_py_list_access2,HandlingList,CreatingList
q_py_topic_lists:q_py_list_access2,HandlingList,SlicingList
q_py_topic_lists:q_py_list_access2,HandlingList,ReplacingListElement
q_py_topic_lists:q_py_list_access2,HandlingList,ListReferencing
q_py_topic_lists:q_py_list_access2,HandlingList,ReversingList
q_py_topic_lists:q_py_list_access2,AddingListElement,AddingListElementWithInsert
q_py_topic_lists:q_py_list_access2,AddingListElement,AddingListElementWithAppend
q_py_topic_lists:q_py_list_access2,HandlingFile,ClosingFile
q_py_topic_lists:q_py_list_access2,HandlingFile,ReadingLine
q_py_topic_lists:q_py_list_access2,HandlingFile,OpeningFile
q_py_topic_lists:q_py_list_access2,HandlingString,CreatingString
q_py_topic_lists:q_py_list_access2,HandlingString,ReplacingStringContent
q_py_topic_lists:q_py_list_access2,HandlingString,FormattingString
q_py_topic_lists:q_py_list_access2,HandlingString,TransformingToStringType
q_py_topic_lists:q_py_list_access2,HandlingString,SplittingString
q_py_topic_lists:q_py_list_append1,NonNestedIteration,SingleWhileLoopIteration
q_py_topic_lists:q_py_list_append1,WhileLoopWithUpdate,WhileLoopWithListIndexing
q_py_topic_lists:q_py_list_append1,WhileLoopWithUpdate,WhileLoopWith*=
q_py_topic_lists:q_py_list_append1,WhileLoopWithUpdate,WhileLoopWith+=
q_py_topic_lists:q_py_list_append1,ForLoopWithUpdate,ForLoopWith+=
q_py_topic_lists:q_py_list_append1,ForLoopWithUpdate,ForLoopWith*=
q_py_topic_lists:q_py_list_append1,ForLoopWithUpdate,ForLoopWithListIndexing
q_py_topic_lists:q_py_list_append1,NestedLoopIteration,MixedNestedLoopIteration
q_py_topic_lists:q_py_list_append1,NestedLoopIteration,NestedForLoopIteration
q_py_topic_lists:q_py_list_append1,NestedLoopIteration,NestedWhileLoopIteration
q_py_topic_lists:q_py_list_append1,ArithmeticOperation,FindAbsolute
q_py_topic_lists:q_py_list_append1,ArithmeticOperation,FindRemainder
q_py_topic_lists:q_py_list_append1,ArithmeticOperation,FindMaximum
q_py_topic_lists:q_py_list_append1,ArithmeticOperation,Addition
q_py_topic_lists:q_py_list_append1,ArithmeticOperation,Round
q_py_topic_lists:q_py_list_append1,ArithmeticOperation,Power
q_py_topic_lists:q_py_list_append1,ArithmeticOperation,FindMinimum
q_py_topic_lists:q_py_list_append1,ArithmeticOperation,Substraction
q_py_topic_lists:q_py_list_append1,ArithmeticOperation,Division
q_py_topic_lists:q_py_list_append1,ArithmeticOperation,Multiplication
q_py_topic_lists:q_py_list_append1,HandlingInteger,TransformingToIntType
q_py_topic_lists:q_py_list_append1,HandlingTuple,CreatingTuple
q_py_topic_lists:q_py_list_append1,HandlingTuple,SlicingTuple
q_py_topic_lists:q_py_list_append1,HandlingTuple,IndexingTuple
q_py_topic_lists:q_py_list_append1,HandlingFloat,TransformingToFloatType
q_py_topic_lists:q_py_list_append1,HandlingDictionary,ReplacingDictionaryElement
q_py_topic_lists:q_py_list_append1,HandlingDictionary,IndexingDictionary
q_py_topic_lists:q_py_list_append1,HandlingDictionary,AddingItemToDictionary
q_py_topic_lists:q_py_list_append1,HandlingDictionary,AccessingDictionary
q_py_topic_lists:q_py_list_append1,HandlingDictionary,CreatingDictionary
q_py_topic_lists:q_py_list_append1,HandlingList,DeletingListElement
q_py_topic_lists:q_py_list_append1,HandlingList,IndexingList
q_py_topic_lists:q_py_list_append1,HandlingList,CreatingList
q_py_topic_lists:q_py_list_append1,HandlingList,SlicingList
q_py_topic_lists:q_py_list_append1,HandlingList,ReplacingListElement
q_py_topic_lists:q_py_list_append1,HandlingList,ListReferencing
q_py_topic_lists:q_py_list_append1,HandlingList,ReversingList
q_py_topic_lists:q_py_list_append1,AddingListElement,AddingListElementWithInsert
q_py_topic_lists:q_py_list_append1,AddingListElement,AddingListElementWithAppend
q_py_topic_lists:q_py_list_append1,HandlingFile,ClosingFile
q_py_topic_lists:q_py_list_append1,HandlingFile,ReadingLine
q_py_topic_lists:q_py_list_append1,HandlingFile,OpeningFile
q_py_topic_lists:q_py_list_append1,HandlingString,CreatingString
q_py_topic_lists:q_py_list_append1,HandlingString,ReplacingStringContent
q_py_topic_lists:q_py_list_append1,HandlingString,FormattingString
q_py_topic_lists:q_py_list_append1,HandlingString,TransformingToStringType
q_py_topic_lists:q_py_list_append1,HandlingString,SplittingString
q_py_topic_lists:q_py_list_remove1,Python,Concatenation
q_py_topic_lists:q_py_list_remove1,Python,Importing
q_py_topic_lists:q_py_list_remove1,Python,FindingLength
q_py_topic_lists:q_py_list_remove1,Python,Printing
q_py_topic_lists:q_py_list_remove1,Python,CheckingForItem
q_py_topic_lists:q_py_list_remove1,Python,HandlingInput
q_py_topic_lists:q_py_list_remove1,CheckingCondition,IfElseChecking
q_py_topic_lists:q_py_list_remove1,CheckingCondition,AssertChecking
q_py_topic_lists:q_py_list_remove1,CheckingCondition,IfElifElseChecking
q_py_topic_lists:q_py_list_remove1,CheckingCondition,NestedIfChecking
q_py_topic_lists:q_py_list_remove1,CheckingCondition,IfChecking
q_py_topic_lists:q_py_list_remove1,CheckingCondition,IfElifChecking
q_py_topic_lists:q_py_list_remove1,CheckingCondition,BooleanEvaluating
q_py_topic_lists:q_py_list_remove1,CheckingInForLoop,IfElseCheckingInForLoop
q_py_topic_lists:q_py_list_remove1,CheckingInForLoop,IfElifCheckingInForLoop
q_py_topic_lists:q_py_list_remove1,CheckingInForLoop,IfCheckingInForLoop
q_py_topic_lists:q_py_list_remove1,CheckingInForLoop,IfElifElseCheckingInForLoop
q_py_topic_lists:q_py_list_remove1,CheckingInWhileLoop,IfElifElseCheckingInWhileLoop
q_py_topic_lists:q_py_list_remove1,CheckingInWhileLoop,IfCheckingInWhileLoop
q_py_topic_lists:q_py_list_remove1,CheckingInWhileLoop,IfElseCheckingInWhileLoop
q_py_topic_lists:q_py_list_remove1,CheckingInWhileLoop,IfElifCheckingInWhileLoop
q_py_topic_lists:q_py_list_remove1,ManagingVariable,SwappingVariablesValue
q_py_topic_lists:q_py_list_remove1,ManagingVariable,AssigningVariable
q_py_topic_lists:q_py_list_remove1,ManagingVariable,UpdatingVariable
q_py_topic_lists:q_py_list_remove1,HandlingAdvancedDataStructure,BinaryTreeTask
q_py_topic_lists:q_py_list_remove1,HandlingAdvancedDataStructure,LinkedListTask
q_py_topic_lists:q_py_list_remove1,HandlingAdvancedDataStructure,QueueTask
q_py_topic_lists:q_py_list_remove1,HandlingAdvancedDataStructure,StackTask
q_py_topic_lists:q_py_list_remove1,TwoDimensionalArrayTask,ReplacingElement2DArray
q_py_topic_lists:q_py_list_remove1,TwoDimensionalArrayTask,Indexing2DArray
q_py_topic_lists:q_py_list_remove1,TwoDimensionalArrayTask,Create2DArray
q_py_topic_lists:q_py_list_remove1,HandlingObjectOrientedProgramming,CallingOOPMethod
q_py_topic_lists:q_py_list_remove1,HandlingObjectOrientedProgramming,CreatingObject
q_py_topic_lists:q_py_list_remove1,HandlingObjectOrientedProgramming,DefiningClass
q_py_topic_lists:q_py_list_remove1,HandlingObjectOrientedProgramming,DefiningOOPMethod
q_py_topic_lists:q_py_list_remove1,HandlingFunction,CallingFunctionLibrary
q_py_topic_lists:q_py_list_remove1,HandlingFunction,NestedFunctionCall
q_py_topic_lists:q_py_list_remove1,HandlingFunctionCallingFunction,CallingFunctionCallingFunction
q_py_topic_lists:q_py_list_remove1,HandlingFunctionCallingFunction,DefiningFunctionCallingFunction
q_py_topic_lists:q_py_list_remove1,HandlingRecursiveFunction,CallingRecursiveFunction
q_py_topic_lists:q_py_list_remove1,HandlingRecursiveFunction,DefiningRecursiveFunction
q_py_topic_lists:q_py_list_remove1,HandlingNestedFunction,CallingNestedFunction
q_py_topic_lists:q_py_list_remove1,HandlingNestedFunction,DefiningNestedFunction
q_py_topic_lists:q_py_list_remove1,HandlingStandardFunction,CallingStandardFunction
q_py_topic_lists:q_py_list_remove1,HandlingStandardFunction,DefiningStandardFunction
q_py_topic_lists:q_py_list_remove1,NonNestedIteration,SingleForLoopIteration
q_py_topic_lists:q_py_list_remove1,HandlingList,ReversingList
q_py_topic_logical_operators:q_py_account_logic1,Python,Concatenation
q_py_topic_logical_operators:q_py_account_logic1,Python,Importing
q_py_topic_logical_operators:q_py_account_logic1,Python,FindingLength
q_py_topic_logical_operators:q_py_account_logic1,Python,Printing
q_py_topic_logical_operators:q_py_account_logic1,Python,CheckingForItem
q_py_topic_logical_operators:q_py_account_logic1,Python,HandlingInput
q_py_topic_logical_operators:q_py_account_logic1,CheckingCondition,IfElseChecking
q_py_topic_logical_operators:q_py_account_logic1,CheckingCondition,AssertChecking
q_py_topic_logical_operators:q_py_account_logic1,CheckingCondition,IfElifElseChecking
q_py_topic_logical_operators:q_py_account_logic1,CheckingCondition,NestedIfChecking
q_py_topic_logical_operators:q_py_account_logic1,CheckingCondition,IfChecking
q_py_topic_logical_operators:q_py_account_logic1,CheckingCondition,IfElifChecking
q_py_topic_logical_operators:q_py_account_logic1,CheckingCondition,BooleanEvaluating
q_py_topic_logical_operators:q_py_account_logic1,CheckingInForLoop,IfElseCheckingInForLoop
q_py_topic_logical_operators:q_py_account_logic1,CheckingInForLoop,IfElifCheckingInForLoop
q_py_topic_logical_operators:q_py_account_logic1,CheckingInForLoop,IfCheckingInForLoop
q_py_topic_logical_operators:q_py_account_logic1,CheckingInForLoop,IfElifElseCheckingInForLoop
q_py_topic_logical_operators:q_py_account_logic1,CheckingInWhileLoop,IfElifElseCheckingInWhileLoop
q_py_topic_logical_operators:q_py_account_logic1,CheckingInWhileLoop,IfCheckingInWhileLoop
q_py_topic_logical_operators:q_py_account_logic1,CheckingInWhileLoop,IfElseCheckingInWhileLoop
q_py_topic_logical_operators:q_py_account_logic1,CheckingInWhileLoop,IfElifCheckingInWhileLoop
q_py_topic_logical_operators:q_py_account_logic1,ManagingVariable,SwappingVariablesValue
q_py_topic_logical_operators:q_py_account_logic1,ManagingVariable,AssigningVariable
q_py_topic_logical_operators:q_py_account_logic1,ManagingVariable,UpdatingVariable
q_py_topic_logical_operators:q_py_account_logic1,HandlingAdvancedDataStructure,BinaryTreeTask
q_py_topic_logical_operators:q_py_account_logic1,HandlingAdvancedDataStructure,LinkedListTask
q_py_topic_logical_operators:q_py_account_logic1,HandlingAdvancedDataStructure,QueueTask
q_py_topic_logical_operators:q_py_account_logic1,HandlingAdvancedDataStructure,StackTask
q_py_topic_logical_operators:q_py_account_logic1,TwoDimensionalArrayTask,ReplacingElement2DArray
q_py_topic_logical_operators:q_py_account_logic1,TwoDimensionalArrayTask,Indexing2DArray
q_py_topic_logical_operators:q_py_account_logic1,TwoDimensionalArrayTask,Create2DArray
q_py_topic_logical_operators:q_py_account_logic1,HandlingObjectOrientedProgramming,CallingOOPMethod
q_py_topic_logical_operators:q_py_account_logic1,HandlingObjectOrientedProgramming,CreatingObject
q_py_topic_logical_operators:q_py_account_logic1,HandlingObjectOrientedProgramming,DefiningClass
q_py_topic_logical_operators:q_py_account_logic1,HandlingObjectOrientedProgramming,DefiningOOPMethod
q_py_topic_logical_operators:q_py_account_logic1,HandlingFunction,CallingFunctionLibrary
q_py_topic_logical_operators:q_py_account_logic1,HandlingFunction,NestedFunctionCall
q_py_topic_logical_operators:q_py_account_logic1,HandlingFunctionCallingFunction,CallingFunctionCallingFunction
q_py_topic_logical_operators:q_py_account_logic1,HandlingFunctionCallingFunction,DefiningFunctionCallingFunction
q_py_topic_logical_operators:q_py_account_logic1,HandlingRecursiveFunction,CallingRecursiveFunction
q_py_topic_logical_operators:q_py_account_logic1,HandlingRecursiveFunction,DefiningRecursiveFunction
q_py_topic_logical_operators:q_py_account_logic1,HandlingNestedFunction,CallingNestedFunction
q_py_topic_logical_operators:q_py_account_logic1,HandlingNestedFunction,DefiningNestedFunction
q_py_topic_logical_operators:q_py_account_logic1,HandlingStandardFunction,CallingStandardFunction
q_py_topic_logical_operators:q_py_account_logic1,HandlingStandardFunction,DefiningStandardFunction
q_py_topic_logical_operators:q_py_account_logic1,NonNestedIteration,SingleForLoopIteration
q_py_topic_logical_operators:q_py_account_logic1,NonNestedIteration,SingleWhileLoopIteration
q_py_topic_logical_operators:q_py_account_logic1,WhileLoopWithUpdate,WhileLoopWithListIndexing
q_py_topic_logical_operators:q_py_account_logic1,WhileLoopWithUpdate,WhileLoopWith*=
q_py_topic_logical_operators:q_py_account_logic1,WhileLoopWithUpdate,WhileLoopWith+=
q_py_topic_logical_operators:q_py_account_logic1,ForLoopWithUpdate,ForLoopWith+=
q_py_topic_logical_operators:q_py_account_logic1,ForLoopWithUpdate,ForLoopWith*=
q_py_topic_logical_operators:q_py_account_logic1,ForLoopWithUpdate,ForLoopWithListIndexing
q_py_topic_logical_operators:q_py_account_logic1,NestedLoopIteration,MixedNestedLoopIteration
q_py_topic_logical_operators:q_py_account_logic1,NestedLoopIteration,NestedForLoopIteration
q_py_topic_logical_operators:q_py_account_logic1,NestedLoopIteration,NestedWhileLoopIteration
q_py_topic_logical_operators:q_py_account_logic1,ArithmeticOperation,FindAbsolute
q_py_topic_logical_operators:q_py_account_logic1,ArithmeticOperation,FindRemainder
q_py_topic_logical_operators:q_py_account_logic1,ArithmeticOperation,FindMaximum
q_py_topic_logical_operators:q_py_account_logic1,ArithmeticOperation,Addition
q_py_topic_logical_operators:q_py_account_logic1,ArithmeticOperation,Round
q_py_topic_logical_operators:q_py_account_logic1,ArithmeticOperation,Power
q_py_topic_logical_operators:q_py_account_logic1,ArithmeticOperation,FindMinimum
q_py_topic_logical_operators:q_py_account_logic1,ArithmeticOperation,Substraction
q_py_topic_logical_operators:q_py_account_logic1,ArithmeticOperation,Division
q_py_topic_logical_operators:q_py_account_logic1,ArithmeticOperation,Multiplication
q_py_topic_logical_operators:q_py_account_logic1,HandlingInteger,TransformingToIntType
q_py_topic_logical_operators:q_py_account_logic1,HandlingTuple,CreatingTuple
q_py_topic_logical_operators:q_py_account_logic1,HandlingList,DeletingListElement
q_py_topic_logical_operators:q_py_comparison_logic1,ManagingVariable,AssigningVariable
q_py_topic_logical_operators:q_py_comparison_logic1,ManagingVariable,UpdatingVariable
q_py_topic_logical_operators:q_py_comparison_logic1,HandlingAdvancedDataStructure,BinaryTreeTask
q_py_topic_logical_operators:q_py_comparison_logic1,HandlingAdvancedDataStructure,LinkedListTask
q_py_topic_logical_operators:q_py_comparison_logic1,HandlingAdvancedDataStructure,QueueTask
q_py_topic_logical_operators:q_py_comparison_logic1,HandlingAdvancedDataStructure,StackTask
q_py_topic_logical_operators:q_py_comparison_logic1,TwoDimensionalArrayTask,ReplacingElement2DArray
q_py_topic_logical_operators:q_py_comparison_logic1,TwoDimensionalArrayTask,Indexing2DArray
q_py_topic_logical_operators:q_py_comparison_logic1,TwoDimensionalArrayTask,Create2DArray
q_py_topic_logical_operators:q_py_comparison_logic1,HandlingObjectOrientedProgramming,CallingOOPMethod
q_py_topic_logical_operators:q_py_comparison_logic1,HandlingObjectOrientedProgramming,CreatingObject
q_py_topic_logical_operators:q_py_comparison_logic1,HandlingObjectOrientedProgramming,DefiningClass
q_py_topic_logical_operators:q_py_comparison_logic1,HandlingObjectOrientedProgramming,DefiningOOPMethod
q_py_topic_logical_operators:q_py_comparison_logic1,HandlingFunction,CallingFunctionLibrary
q_py_topic_logical_operators:q_py_comparison_logic1,HandlingFunction,NestedFunctionCall
q_py_topic_logical_operators:q_py_comparison_logic1,HandlingFunctionCallingFunction,CallingFunctionCallingFunction
q_py_topic_logical_operators:q_py_comparison_logic1,HandlingFunctionCallingFunction,DefiningFunctionCallingFunction
q_py_topic_logical_operators:q_py_comparison_logic1,HandlingRecursiveFunction,CallingRecursiveFunction
q_py_topic_logical_operators:q_py_comparison_logic1,HandlingRecursiveFunction,DefiningRecursiveFunction
q_py_topic_logical_operators:q_py_comparison_logic1,HandlingNestedFunction,CallingNestedFunction
q_py_topic_logical_operators:q_py_comparison_logic1,HandlingNestedFunction,DefiningNestedFunction
q_py_topic_logical_operators:q_py_comparison_logic1,HandlingStandardFunction,CallingStandardFunction
q_py_topic_logical_operators:q_py_comparison_logic1,HandlingStandardFunction,DefiningStandardFunction
q_py_topic_logical_operators:q_py_comparison_logic1,NonNestedIteration,SingleForLoopIteration
q_py_topic_logical_operators:q_py_comparison_logic1,HandlingTuple,SlicingTuple
q_py_topic_logical_operators:q_py_comparison_logic1,HandlingTuple,IndexingTuple
q_py_topic_logical_operators:q_py_comparison_logic1,HandlingFloat,TransformingToFloatType
q_py_topic_logical_operators:q_py_comparison_logic1,HandlingDictionary,ReplacingDictionaryElement
q_py_topic_logical_operators:q_py_comparison_logic1,HandlingDictionary,IndexingDictionary
q_py_topic_logical_operators:q_py_comparison_logic1,HandlingDictionary,AddingItemToDictionary
q_py_topic_logical_operators:q_py_comparison_logic1,HandlingDictionary,AccessingDictionary
q_py_topic_logical_operators:q_py_comparison_logic1,HandlingDictionary,CreatingDictionary
q_py_topic_logical_operators:q_py_comparison_logic1,HandlingList,DeletingListElement
q_py_topic_logical_operators:q_py_comparison_logic1,HandlingList,IndexingList
q_py_topic_logical_operators:q_py_comparison_logic1,HandlingList,CreatingList
q_py_topic_logical_operators:q_py_comparison_logic1,HandlingList,SlicingList
q_py_topic_logical_operators:q_py_comparison_logic1,HandlingList,ReplacingListElement
q_py_topic_logical_operators:q_py_comparison_logic1,HandlingList,ListReferencing
q_py_topic_logical_operators:q_py_comparison_logic1,HandlingList,ReversingList
q_py_topic_logical_operators:q_py_comparison_logic1,AddingListElement,AddingListElementWithInsert
q_py_topic_logical_operators:q_py_comparison_logic1,AddingListElement,AddingListElementWithAppend
q_py_topic_logical_operators:q_py_comparison_logic1,HandlingFile,ClosingFile
q_py_topic_logical_operators:q_py_comparison_logic1,HandlingFile,ReadingLine
q_py_topic_logical_operators:q_py_comparison_logic1,HandlingFile,OpeningFile
q_py_topic_logical_operators:q_py_comparison_logic1,HandlingString,CreatingString
q_py_topic_logical_operators:q_py_comparison_logic1,HandlingString,ReplacingStringContent
q_py_topic_logical_operators:q_py_comparison_logic1,HandlingString,FormattingString
q_py_topic_logical_operators:q_py_comparison_logic1,HandlingString,TransformingToStringType
q_py_topic_logical_operators:q_py_comparison_logic1,HandlingString,SplittingString
q_py_topic_loops:q_py_for_loop1,HandlingFunctionCallingFunction,DefiningFunctionCallingFunction
q_py_topic_loops:q_py_for_loop1,NonNestedIteration,SingleWhileLoopIteration
q_py_topic_loops:q_py_for_loop1,WhileLoopWithUpdate,WhileLoopWithListIndexing
q_py_topic_loops:q_py_for_loop1,WhileLoopWithUpdate,WhileLoopWith*=
q_py_topic_loops:q_py_for_loop1,WhileLoopWithUpdate,WhileLoopWith+=
q_py_topic_loops:q_py_for_loop1,ForLoopWithUpdate,ForLoopWith*=
q_py_topic_loops:q_py_for_loop1,NestedLoopIteration,NestedWhileLoopIteration
q_py_topic_loops:q_py_for_loop1,ArithmeticOperation,FindAbsolute
q_py_topic_loops:q_py_for_loop1,ArithmeticOperation,FindRemainder
q_py_topic_loops:q_py_for_loop1,ArithmeticOperation,FindMaximum
q_py_topic_loops:q_py_for_loop1,ArithmeticOperation,Round
q_py_topic_loops:q_py_for_loop1,ArithmeticOperation,Power
q_py_topic_loops:q_py_for_loop1,ArithmeticOperation,FindMinimum
q_py_topic_loops:q_py_for_loop1,ArithmeticOperation,Substraction
q_py_topic_loops:q_py_for_loop1,ArithmeticOperation,Division
q_py_topic_loops:q_py_for_loop1,ArithmeticOperation,Multiplication
q_py_topic_loops:q_py_for_loop1,HandlingTuple,SlicingTuple
q_py_topic_loops:q_py_for_loop1,HandlingTuple,IndexingTuple
q_py_topic_loops:q_py_for_loop1,HandlingFloat,TransformingToFloatType
q_py_topic_loops:q_py_for_loop1,HandlingDictionary,ReplacingDictionaryElement
q_py_topic_loops:q_py_for_loop1,HandlingDictionary,IndexingDictionary
q_py_topic_loops:q_py_for_loop1,HandlingDictionary,AddingItemToDictionary
q_py_topic_loops:q_py_for_loop1,HandlingDictionary,AccessingDictionary
q_py_topic_loops:q_py_for_loop1,HandlingDictionary,CreatingDictionary
q_py_topic_loops:q_py_for_loop1,HandlingList,DeletingListElement
q_py_topic_loops:q_py_for_loop1,HandlingList,IndexingList
q_py_topic_loops:q_py_for_loop1,HandlingList,CreatingList
q_py_topic_loops:q_py_for_loop1,HandlingList,SlicingList
q_py_topic_loops:q_py_for_loop1,HandlingList,ReplacingListElement
q_py_topic_loops:q_py_for_loop1,HandlingList,ListReferencing
q_py_topic_loops:q_py_for_loop1,HandlingList,ReversingList
q_py_topic_loops:q_py_for_loop1,AddingListElement,AddingListElementWithInsert
q_py_topic_loops:q_py_for_loop1,AddingListElement,AddingListElementWithAppend
q_py_topic_loops:q_py_for_loop1,HandlingFile,ClosingFile
q_py_topic_loops:q_py_for_loop1,HandlingFile,ReadingLine
q_py_topic_loops:q_py_for_loop1,HandlingFile,OpeningFile
q_py_topic_loops:q_py_for_loop1,HandlingString,CreatingString
q_py_topic_loops:q_py_for_loop1,HandlingString,ReplacingStringContent
q_py_topic_loops:q_py_for_loop1,HandlingString,FormattingString
q_py_topic_loops:q_py_for_loop1,HandlingString,TransformingToStringType
q_py_topic_loops:q_py_for_loop1,HandlingString,SplittingString
q_py_topic_loops:q_py_nested_while1,Python,Concatenation
q_py_topic_loops:q_py_nested_while1,Python,Importing
q_py_topic_loops:q_py_nested_while1,Python,FindingLength
q_py_topic_loops:q_py_nested_while1,Python,CheckingForItem
q_py_topic_loops:q_py_nested_while1,CheckingCondition,IfElseChecking
q_py_topic_loops:q_py_nested_while1,CheckingCondition,AssertChecking
q_py_topic_loops:q_py_nested_while1,CheckingCondition,IfElifElseChecking
q_py_topic_loops:q_py_nested_while1,CheckingCondition,NestedIfChecking
q_py_topic_loops:q_py_nested_while1,CheckingCondition,IfChecking
q_py_topic_loops:q_py_nested_while1,CheckingCondition,IfElifChecking
q_py_topic_loops:q_py_nested_while1,CheckingCondition,BooleanEvaluating
q_py_topic_loops:q_py_nested_while1,CheckingInForLoop,IfElseCheckingInForLoop
q_py_topic_loops:q_py_nested_while1,CheckingInForLoop,IfElifCheckingInForLoop
q_py_topic_loops:q_py_nested_while1,CheckingInForLoop,IfCheckingInForLoop
q_py_topic_loops:q_py_nested_while1,CheckingInForLoop,IfElifElseCheckingInForLoop
q_py_topic_loops:q_py_nested_while1,CheckingInWhileLoop,IfElifElseCheckingInWhileLoop
q_py_topic_loops:q_py_nested_while1,CheckingInWhileLoop,IfCheckingInWhileLoop
q_py_topic_loops:q_py_nested_while1,CheckingInWhileLoop,IfElseCheckingInWhileLoop
q_py_topic_loops:q_py_nested_while1,CheckingInWhileLoop,IfElifCheckingInWhileLoop
q_py_topic_loops:q_py_nested_while1,ManagingVariable,SwappingVariablesValue
q_py_topic_loops:q_py_nested_while1,ManagingVariable,AssigningVariable
q_py_topic_loops:q_py_nested_while1,ManagingVariable,UpdatingVariable
q_py_topic_loops:q_py_nested_while1,HandlingAdvancedDataStructure,BinaryTreeTask
q_py_topic_loops:q_py_nested_while1,HandlingAdvancedDataStructure,LinkedListTask
q_py_topic_loops:q_py_nested_while1,HandlingAdvancedDataStructure,QueueTask
q_py_topic_loops:q_py_nested_while1,HandlingAdvancedDataStructure,StackTask
q_py_topic_loops:q_py_nested_while1,TwoDimensionalArrayTask,ReplacingElement2DArray
q_py_topic_loops:q_py_nested_while1,TwoDimensionalArrayTask,Indexing2DArray
q_py_topic_loops:q_py_nested_while1,TwoDimensionalArrayTask,Create2DArray
q_py_topic_loops:q_py_nested_while1,HandlingObjectOrientedProgramming,CallingOOPMethod
q_py_topic_loops:q_py_nested_while1,HandlingObjectOrientedProgramming,CreatingObject
q_py_topic_loops:q_py_nested_while1,HandlingObjectOrientedProgramming,DefiningClass
q_py_topic_loops:q_py_nested_while1,HandlingObjectOrientedProgramming,DefiningOOPMethod
q_py_topic_loops:q_py_nested_while1,HandlingFunction,CallingFunctionLibrary
q_py_topic_loops:q_py_nested_while1,HandlingFunction,NestedFunctionCall
q_py_topic_loops:q_py_nested_while1,HandlingFunctionCallingFunction,CallingFunctionCallingFunction
q_py_topic_loops:q_py_nested_while1,HandlingFunctionCallingFunction,DefiningFunctionCallingFunction
q_py_topic_loops:q_py_nested_while1,HandlingRecursiveFunction,CallingRecursiveFunction
q_py_topic_loops:q_py_nested_while1,HandlingRecursiveFunction,DefiningRecursiveFunction
q_py_topic_loops:q_py_nested_while1,HandlingNestedFunction,CallingNestedFunction
q_py_topic_loops:q_py_nested_while1,HandlingNestedFunction,DefiningNestedFunction
q_py_topic_loops:q_py_nested_while1,HandlingStandardFunction,CallingStandardFunction
q_py_topic_loops:q_py_nested_while1,HandlingStandardFunction,DefiningStandardFunction
q_py_topic_loops:q_py_nested_while1,NonNestedIteration,SingleForLoopIteration
q_py_topic_loops:q_py_nested_while1,ForLoopWithUpdate,ForLoopWith+=
q_py_topic_loops:q_py_nested_while1,ForLoopWithUpdate,ForLoopWith*=
q_py_topic_loops:q_py_nested_while1,ForLoopWithUpdate,ForLoopWithListIndexing
q_py_topic_loops:q_py_nested_while1,NestedLoopIteration,NestedForLoopIteration
q_py_topic_loops:q_py_nested_while1,HandlingDictionary,ReplacingDictionaryElement
q_py_topic_loops:q_py_while_loop1,ManagingVariable,AssigningVariable
q_py_topic_loops:q_py_while_loop1,ManagingVariable,UpdatingVariable
q_py_topic_loops:q_py_while_loop1,HandlingAdvancedDataStructure,BinaryTreeTask
q_py_topic_loops:q_py_while_loop1,HandlingAdvancedDataStructure,LinkedListTask
q_py_topic_loops:q_py_while_loop1,HandlingAdvancedDataStructure,QueueTask
q_py_topic_loops:q_py_while_loop1,HandlingAdvancedDataStructure,StackTask
q_py_topic_loops:q_py_while_loop1,TwoDimensionalArrayTask,ReplacingElement2DArray
q_py_topic_loops:q_py_while_loop1,TwoDimensionalArrayTask,Indexing2DArray
q_py_topic_loops:q_py_while_loop1,TwoDimensionalArrayTask,Create2DArray
q_py_topic_loops:q_py_while_loop1,HandlingObjectOrientedProgramming,CallingOOPMethod
q_py_topic_loops:q_py_while_loop1,HandlingObjectOrientedProgramming,CreatingObject
q_py_topic_loops:q_py_while_loop1,HandlingObjectOrientedProgramming,DefiningClass
q_py_topic_loops:q_py_while_loop1,HandlingObjectOrientedProgramming,DefiningOOPMethod
q_py_topic_loops:q_py_while_loop1,HandlingFunction,CallingFunctionLibrary
q_py_topic_loops:q_py_while_loop1,HandlingFunction,NestedFunctionCall
q_py_topic_loops:q_py_while_loop1,HandlingFunctionCallingFunction,CallingFunctionCallingFunction
q_py_topic_loops:q_py_while_loop1,HandlingFunctionCallingFunction,DefiningFunctionCallingFunction
q_py_topic_loops:q_py_while_loop1,HandlingRecursiveFunction,CallingRecursiveFunction
q_py_topic_loops:q_py_while_loop1,HandlingRecursiveFunction,DefiningRecursiveFunction
q_py_topic_loops:q_py_while_loop1,HandlingNestedFunction,CallingNestedFunction
q_py_topic_loops:q_py_while_loop1,HandlingNestedFunction,DefiningNestedFunction
q_py_topic_loops:q_py_while_loop1,HandlingStandardFunction,CallingStandardFunction
q_py_topic_loops:q_py_while_loop1,HandlingStandardFunction,DefiningStandardFunction
q_py_topic_loops:q_py_while_loop1,NonNestedIteration,SingleForLoopIteration
q_py_topic_loops:q_py_while_loop1,ForLoopWithUpdate,ForLoopWith+=
q_py_topic_loops:q_py_while_loop1,ForLoopWithUpdate,ForLoopWith*=
q_py_topic_loops:q_py_while_loop1,ForLoopWithUpdate,ForLoopWithListIndexing
q_py_topic_loops:q_py_while_loop1,HandlingTuple,SlicingTuple
q_py_topic_loops:q_py_while_loop1,HandlingTuple,IndexingTuple
q_py_topic_loops:q_py_while_loop1,HandlingFloat,TransformingToFloatType
q_py_topic_loops:q_py_while_loop1,HandlingDictionary,ReplacingDictionaryElement
q_py_topic_loops:q_py_while_loop1,HandlingDictionary,IndexingDictionary
q_py_topic_loops:q_py_while_loop1,HandlingDictionary,AddingItemToDictionary
q_py_topic_loops:q_py_while_loop1,HandlingDictionary,AccessingDictionary
q_py_topic_loops:q_py_while_loop1,HandlingDictionary,CreatingDictionary
q_py_topic_loops:q_py_while_loop1,HandlingList,DeletingListElement
q_py_topic_loops:q_py_while_loop1,HandlingList,IndexingList
q_py_topic_loops:q_py_while_loop1,HandlingList,CreatingList
q_py_topic_loops:q_py_while_loop1,HandlingList,SlicingList
q_py_topic_loops:q_py_while_loop1,HandlingList,ReplacingListElement
q_py_topic_loops:q_py_while_loop1,HandlingList,ListReferencing
q_py_topic_loops:q_py_while_loop1,HandlingList,ReversingList
q_py_topic_loops:q_py_while_loop1,AddingListElement,AddingListElementWithInsert
q_py_topic_loops:q_py_while_loop1,AddingListElement,AddingListElementWithAppend
q_py_topic_loops:q_py_while_loop1,HandlingFile,ClosingFile
q_py_topic_loops:q_py_while_loop1,HandlingFile,ReadingLine
q_py_topic_loops:q_py_while_loop1,HandlingFile,OpeningFile
q_py_topic_loops:q_py_while_loop1,HandlingString,CreatingString
q_py_topic_loops:q_py_while_loop1,HandlingString,ReplacingStringContent
q_py_topic_loops:q_py_while_loop1,HandlingString,FormattingString
q_py_topic_loops:q_py_while_loop1,HandlingString,TransformingToStringType
q_py_topic_loops:q_py_while_loop1,HandlingString,SplittingString
q_py_topic_loops:q_py_while_loop2,ManagingVariable,AssigningVariable
q_py_topic_loops:q_py_while_loop2,ManagingVariable,UpdatingVariable
q_py_topic_loops:q_py_while_loop2,HandlingAdvancedDataStructure,BinaryTreeTask
q_py_topic_loops:q_py_while_loop2,HandlingAdvancedDataStructure,LinkedListTask
q_py_topic_loops:q_py_while_loop2,HandlingAdvancedDataStructure,QueueTask
q_py_topic_loops:q_py_while_loop2,HandlingAdvancedDataStructure,StackTask
q_py_topic_loops:q_py_while_loop2,TwoDimensionalArrayTask,ReplacingElement2DArray
q_py_topic_loops:q_py_while_loop2,TwoDimensionalArrayTask,Indexing2DArray
q_py_topic_loops:q_py_while_loop2,TwoDimensionalArrayTask,Create2DArray
q_py_topic_loops:q_py_while_loop2,HandlingObjectOrientedProgramming,CallingOOPMethod
q_py_topic_loops:q_py_while_loop2,HandlingObjectOrientedProgramming,CreatingObject
q_py_topic_loops:q_py_while_loop2,HandlingObjectOrientedProgramming,DefiningClass
q_py_topic_loops:q_py_while_loop2,HandlingObjectOrientedProgramming,DefiningOOPMethod
q_py_topic_loops:q_py_while_loop2,HandlingFunction,CallingFunctionLibrary
q_py_topic_loops:q_py_while_loop2,HandlingFunction,NestedFunctionCall
q_py_topic_loops:q_py_while_loop2,HandlingFunctionCallingFunction,CallingFunctionCallingFunction
q_py_topic_loops:q_py_while_loop2,HandlingFunctionCallingFunction,DefiningFunctionCallingFunction
q_py_topic_loops:q_py_while_loop2,HandlingRecursiveFunction,CallingRecursiveFunction
q_py_topic_loops:q_py_while_loop2,HandlingRecursiveFunction,DefiningRecursiveFunction
q_py_topic_loops:q_py_while_loop2,HandlingNestedFunction,CallingNestedFunction
q_py_topic_loops:q_py_while_loop2,HandlingNestedFunction,DefiningNestedFunction
q_py_topic_loops:q_py_while_loop2,HandlingStandardFunction,CallingStandardFunction
q_py_topic_loops:q_py_while_loop2,HandlingStandardFunction,DefiningStandardFunction
q_py_topic_loops:q_py_while_loop2,NonNestedIteration,SingleForLoopIteration
q_py_topic_loops:q_py_while_loop2,WhileLoopWithUpdate,WhileLoopWith*=
q_py_topic_loops:q_py_while_loop2,ForLoopWithUpdate,ForLoopWith+=
q_py_topic_loops:q_py_while_loop2,ForLoopWithUpdate,ForLoopWith*=
q_py_topic_loops:q_py_while_loop2,ForLoopWithUpdate,ForLoopWithListIndexing
q_py_topic_loops:q_py_while_loop2,ArithmeticOperation,FindAbsolute
q_py_topic_loops:q_py_while_loop2,ArithmeticOperation,FindRemainder
q_py_topic_loops:q_py_while_loop2,ArithmeticOperation,FindMaximum
q_py_topic_loops:q_py_while_loop2,ArithmeticOperation,Round
q_py_topic_loops:q_py_while_loop2,ArithmeticOperation,Power
q_py_topic_loops:q_py_while_loop2,ArithmeticOperation,FindMinimum
q_py_topic_loops:q_py_while_loop2,ArithmeticOperation,Substraction
q_py_topic_loops:q_py_while_loop2,ArithmeticOperation,Division
q_py_topic_loops:q_py_while_loop2,ArithmeticOperation,Multiplication
q_py_topic_loops:q_py_while_loop2,HandlingTuple,CreatingTuple
q_py_topic_loops:q_py_while_loop2,HandlingString,TrimmingString
q_py_topic_loops:q_py_while_loop2,HandlingString,IndexingString
q_py_topic_loops:q_py_while_loop2,HandlingString,SlicingString
q_py_topic_loops:q_py_while_loop2,ModifyingStringCase,ConvertStringToUpperCase
q_py_topic_loops:q_py_while_loop2,ModifyingStringCase,ConvertStringToLowerCase
q_py_topic_loops:q_py_while_loop2,ModifyingStringCase,CapitalizeString
q_py_topic_loops:q_py_while_loop2,HandlingError,HandlingSpecificError
q_py_topic_loops:q_py_while_loop2,HandlingError,HandlingGeneralError
q_py_topic_output_formatting:q_py_output1,ManagingVariable,AssigningVariable
q_py_topic_output_formatting:q_py_output1,ManagingVariable,UpdatingVariable
q_py_topic_output_formatting:q_py_output1,HandlingAdvancedDataStructure,BinaryTreeTask
q_py_topic_output_formatting:q_py_output1,HandlingAdvancedDataStructure,LinkedListTask
q_py_topic_output_formatting:q_py_output1,HandlingAdvancedDataStructure,QueueTask
q_py_topic_output_formatting:q_py_output1,HandlingAdvancedDataStructure,StackTask
q_py_topic_output_formatting:q_py_output1,TwoDimensionalArrayTask,ReplacingElement2DArray
q_py_topic_output_formatting:q_py_output1,TwoDimensionalArrayTask,Indexing2DArray
q_py_topic_output_formatting:q_py_output1,TwoDimensionalArrayTask,Create2DArray
q_py_topic_output_formatting:q_py_output1,HandlingObjectOrientedProgramming,CallingOOPMethod
q_py_topic_output_formatting:q_py_output1,HandlingObjectOrientedProgramming,CreatingObject
q_py_topic_output_formatting:q_py_output1,HandlingObjectOrientedProgramming,DefiningClass
q_py_topic_output_formatting:q_py_output1,HandlingObjectOrientedProgramming,DefiningOOPMethod
q_py_topic_output_formatting:q_py_output1,HandlingFunction,CallingFunctionLibrary
q_py_topic_output_formatting:q_py_output1,HandlingFunction,NestedFunctionCall
q_py_topic_output_formatting:q_py_output1,HandlingFunctionCallingFunction,CallingFunctionCallingFunction
q_py_topic_output_formatting:q_py_output1,HandlingFunctionCallingFunction,DefiningFunctionCallingFunction
q_py_topic_output_formatting:q_py_output1,HandlingRecursiveFunction,CallingRecursiveFunction
q_py_topic_output_formatting:q_py_output1,HandlingRecursiveFunction,DefiningRecursiveFunction
q_py_topic_output_formatting:q_py_output1,HandlingNestedFunction,CallingNestedFunction
q_py_topic_output_formatting:q_py_output1,HandlingNestedFunction,DefiningNestedFunction
q_py_topic_output_formatting:q_py_output1,HandlingStandardFunction,CallingStandardFunction
q_py_topic_output_formatting:q_py_output1,HandlingStandardFunction,DefiningStandardFunction
q_py_topic_output_formatting:q_py_output1,NonNestedIteration,SingleForLoopIteration
q_py_topic_output_formatting:q_py_output2,ManagingVariable,AssigningVariable
q_py_topic_output_formatting:q_py_output2,ManagingVariable,UpdatingVariable
q_py_topic_output_formatting:q_py_output2,HandlingAdvancedDataStructure,BinaryTreeTask
q_py_topic_output_formatting:q_py_output2,HandlingAdvancedDataStructure,LinkedListTask
q_py_topic_output_formatting:q_py_output2,HandlingAdvancedDataStructure,QueueTask
q_py_topic_output_formatting:q_py_output2,HandlingAdvancedDataStructure,StackTask
q_py_topic_output_formatting:q_py_output2,TwoDimensionalArrayTask,ReplacingElement2DArray
q_py_topic_output_formatting:q_py_output2,TwoDimensionalArrayTask,Indexing2DArray
q_py_topic_output_formatting:q_py_output2,TwoDimensionalArrayTask,Create2DArray
q_py_topic_output_formatting:q_py_output2,HandlingObjectOrientedProgramming,CallingOOPMethod
q_py_topic_output_formatting:q_py_output2,HandlingObjectOrientedProgramming,CreatingObject
q_py_topic_output_formatting:q_py_output2,HandlingObjectOrientedProgramming,DefiningClass
q_py_topic_output_formatting:q_py_output2,HandlingObjectOrientedProgramming,DefiningOOPMethod
q_py_topic_output_formatting:q_py_output2,HandlingFunction,CallingFunctionLibrary
q_py_topic_output_formatting:q_py_output2,HandlingFunction,NestedFunctionCall
q_py_topic_output_formatting:q_py_output2,HandlingFunctionCallingFunction,CallingFunctionCallingFunction
q_py_topic_output_formatting:q_py_output2,HandlingFunctionCallingFunction,DefiningFunctionCallingFunction
q_py_topic_output_formatting:q_py_output2,HandlingRecursiveFunction,CallingRecursiveFunction
q_py_topic_output_formatting:q_py_output2,HandlingRecursiveFunction,DefiningRecursiveFunction
q_py_topic_output_formatting:q_py_output2,HandlingNestedFunction,CallingNestedFunction
q_py_topic_output_formatting:q_py_output2,HandlingNestedFunction,DefiningNestedFunction
q_py_topic_output_formatting:q_py_output2,HandlingStandardFunction,CallingStandardFunction
q_py_topic_output_formatting:q_py_output2,HandlingStandardFunction,DefiningStandardFunction
q_py_topic_output_formatting:q_py_output2,NonNestedIteration,SingleForLoopIteration
q_py_topic_output_formatting:q_py_output2,NonNestedIteration,SingleWhileLoopIteration
q_py_topic_output_formatting:q_py_output2,WhileLoopWithUpdate,WhileLoopWithListIndexing
q_py_topic_output_formatting:q_py_output2,WhileLoopWithUpdate,WhileLoopWith*=
q_py_topic_output_formatting:q_py_output2,WhileLoopWithUpdate,WhileLoopWith+=
q_py_topic_output_formatting:q_py_output2,ForLoopWithUpdate,ForLoopWith+=
q_py_topic_output_formatting:q_py_output2,ForLoopWithUpdate,ForLoopWith*=
q_py_topic_output_formatting:q_py_output2,ForLoopWithUpdate,ForLoopWithListIndexing
q_py_topic_output_formatting:q_py_output2,NestedLoopIteration,MixedNestedLoopIteration
q_py_topic_output_formatting:q_py_output2,NestedLoopIteration,NestedForLoopIteration
q_py_topic_output_formatting:q_py_output2,NestedLoopIteration,NestedWhileLoopIteration
q_py_topic_output_formatting:q_py_output2,ArithmeticOperation,FindAbsolute
q_py_topic_output_formatting:q_py_output2,ArithmeticOperation,FindRemainder
q_py_topic_output_formatting:q_py_output2,ArithmeticOperation,FindMaximum
q_py_topic_output_formatting:q_py_output2,ArithmeticOperation,Addition
q_py_topic_output_formatting:q_py_output2,ArithmeticOperation,Round
q_py_topic_output_formatting:q_py_output2,ArithmeticOperation,Power
q_py_topic_output_formatting:q_py_output2,ArithmeticOperation,FindMinimum
q_py_topic_output_formatting:q_py_output2,ArithmeticOperation,Substraction
q_py_topic_output_formatting:q_py_output2,ArithmeticOperation,Division
q_py_topic_output_formatting:q_py_output2,ArithmeticOperation,Multiplication
q_py_topic_output_formatting:q_py_output2,HandlingInteger,TransformingToIntType
q_py_topic_output_formatting:q_py_output2,HandlingTuple,CreatingTuple
q_py_topic_output_formatting:q_py_output2,HandlingTuple,SlicingTuple
q_py_topic_output_formatting:q_py_output2,HandlingTuple,IndexingTuple
q_py_topic_output_formatting:q_py_output2,HandlingFloat,TransformingToFloatType
q_py_topic_output_formatting:q_py_output2,HandlingDictionary,ReplacingDictionaryElement
q_py_topic_output_formatting:q_py_output2,HandlingDictionary,IndexingDictionary
q_py_topic_output_formatting:q_py_output2,HandlingDictionary,AddingItemToDictionary
q_py_topic_output_formatting:q_py_output2,HandlingDictionary,AccessingDictionary
q_py_topic_output_formatting:q_py_output2,HandlingDictionary,CreatingDictionary
q_py_topic_output_formatting:q_py_output2,HandlingList,DeletingListElement
q_py_topic_output_formatting:q_py_output2,HandlingList,IndexingList
q_py_topic_output_formatting:q_py_output2,HandlingList,CreatingList
q_py_topic_output_formatting:q_py_output2,HandlingList,SlicingList
q_py_topic_output_formatting:q_py_output2,HandlingList,ReplacingListElement
q_py_topic_output_formatting:q_py_output2,HandlingList,ListReferencing
q_py_topic_output_formatting:q_py_output2,HandlingList,ReversingList
q_py_topic_output_formatting:q_py_output2,AddingListElement,AddingListElementWithInsert
q_py_topic_output_formatting:q_py_output2,AddingListElement,AddingListElementWithAppend
q_py_topic_output_formatting:q_py_output2,HandlingFile,ClosingFile
q_py_topic_output_formatting:q_py_output2,HandlingFile,ReadingLine
q_py_topic_output_formatting:q_py_output2,HandlingFile,OpeningFile
q_py_topic_output_formatting:q_py_output2,HandlingString,CreatingString
q_py_topic_output_formatting:q_py_output2,HandlingString,ReplacingStringContent
q_py_topic_output_formatting:q_py_output2,HandlingString,FormattingString
q_py_topic_output_formatting:q_py_output2,HandlingString,TransformingToStringType
q_py_topic_output_formatting:q_py_output2,HandlingString,SplittingString
q_py_topic_output_formatting:q_py_output2,HandlingString,TrimmingString
q_py_topic_output_formatting:q_py_output2,HandlingString,IndexingString
q_py_topic_output_formatting:q_py_output2,HandlingString,SlicingString
q_py_topic_output_formatting:q_py_output2,ModifyingStringCase,ConvertStringToUpperCase
q_py_topic_output_formatting:q_py_output2,ModifyingStringCase,ConvertStringToLowerCase
q_py_topic_output_formatting:q_py_output2,ModifyingStringCase,CapitalizeString
q_py_topic_output_formatting:q_py_output2,HandlingError,HandlingSpecificError
q_py_topic_output_formatting:q_py_output2,HandlingError,HandlingGeneralError
q_py_topic_output_formatting:q_py_output3,HandlingAdvancedDataStructure,BinaryTreeTask
q_py_topic_output_formatting:q_py_output3,HandlingAdvancedDataStructure,LinkedListTask
q_py_topic_output_formatting:q_py_output3,HandlingAdvancedDataStructure,QueueTask
q_py_topic_output_formatting:q_py_output3,HandlingAdvancedDataStructure,StackTask
q_py_topic_output_formatting:q_py_output3,TwoDimensionalArrayTask,ReplacingElement2DArray
q_py_topic_output_formatting:q_py_output3,TwoDimensionalArrayTask,Indexing2DArray
q_py_topic_output_formatting:q_py_output3,TwoDimensionalArrayTask,Create2DArray
q_py_topic_output_formatting:q_py_output3,HandlingObjectOrientedProgramming,CallingOOPMethod
q_py_topic_output_formatting:q_py_output3,HandlingObjectOrientedProgramming,CreatingObject
q_py_topic_output_formatting:q_py_output3,HandlingObjectOrientedProgramming,DefiningClass
q_py_topic_output_formatting:q_py_output3,HandlingObjectOrientedProgramming,DefiningOOPMethod
q_py_topic_output_formatting:q_py_output3,HandlingFunction,CallingFunctionLibrary
q_py_topic_output_formatting:q_py_output3,HandlingFunction,NestedFunctionCall
q_py_topic_output_formatting:q_py_output3,HandlingFunctionCallingFunction,CallingFunctionCallingFunction
q_py_topic_output_formatting:q_py_output3,HandlingFunctionCallingFunction,DefiningFunctionCallingFunction
q_py_topic_output_formatting:q_py_output3,HandlingRecursiveFunction,CallingRecursiveFunction
q_py_topic_output_formatting:q_py_output3,HandlingRecursiveFunction,DefiningRecursiveFunction
q_py_topic_output_formatting:q_py_output3,HandlingNestedFunction,CallingNestedFunction
q_py_topic_output_formatting:q_py_output3,HandlingNestedFunction,DefiningNestedFunction
q_py_topic_output_formatting:q_py_output3,HandlingStandardFunction,CallingStandardFunction
q_py_topic_output_formatting:q_py_output3,HandlingStandardFunction,DefiningStandardFunction
q_py_topic_output_formatting:q_py_output3,NonNestedIteration,SingleForLoopIteration
q_py_topic_output_formatting:q_py_output3,NonNestedIteration,SingleWhileLoopIteration
q_py_topic_output_formatting:q_py_output3,WhileLoopWithUpdate,WhileLoopWithListIndexing
q_py_topic_output_formatting:q_py_output3,WhileLoopWithUpdate,WhileLoopWith*=
q_py_topic_output_formatting:q_py_output3,WhileLoopWithUpdate,WhileLoopWith+=
q_py_topic_output_formatting:q_py_output3,ForLoopWithUpdate,ForLoopWith+=
q_py_topic_output_formatting:q_py_output3,ForLoopWithUpdate,ForLoopWith*=
q_py_topic_output_formatting:q_py_output3,ForLoopWithUpdate,ForLoopWithListIndexing
q_py_topic_output_formatting:q_py_output3,NestedLoopIteration,MixedNestedLoopIteration
q_py_topic_output_formatting:q_py_output3,NestedLoopIteration,NestedForLoopIteration
q_py_topic_output_formatting:q_py_output3,NestedLoopIteration,NestedWhileLoopIteration
q_py_topic_output_formatting:q_py_output3,ArithmeticOperation,FindAbsolute
q_py_topic_output_formatting:q_py_output3,ArithmeticOperation,FindRemainder
q_py_topic_output_formatting:q_py_output3,ArithmeticOperation,FindMaximum
q_py_topic_output_formatting:q_py_output3,ArithmeticOperation,Addition
q_py_topic_output_formatting:q_py_output3,ArithmeticOperation,Round
q_py_topic_output_formatting:q_py_output3,ArithmeticOperation,Power
q_py_topic_output_formatting:q_py_output3,ArithmeticOperation,FindMinimum
q_py_topic_output_formatting:q_py_output3,ArithmeticOperation,Substraction
q_py_topic_output_formatting:q_py_output3,ArithmeticOperation,Division
q_py_topic_output_formatting:q_py_output3,ArithmeticOperation,Multiplication
q_py_topic_output_formatting:q_py_output3,HandlingInteger,TransformingToIntType
q_py_topic_output_formatting:q_py_output3,HandlingTuple,CreatingTuple
q_py_topic_output_formatting:q_py_output3,HandlingTuple,SlicingTuple
q_py_topic_output_formatting:q_py_output3,HandlingTuple,IndexingTuple
q_py_topic_output_formatting:q_py_output3,HandlingFloat,TransformingToFloatType
q_py_topic_output_formatting:q_py_output3,HandlingDictionary,ReplacingDictionaryElement
q_py_topic_output_formatting:q_py_output3,HandlingDictionary,IndexingDictionary
q_py_topic_output_formatting:q_py_output3,HandlingDictionary,AddingItemToDictionary
q_py_topic_output_formatting:q_py_output3,HandlingDictionary,AccessingDictionary
q_py_topic_output_formatting:q_py_output3,HandlingDictionary,CreatingDictionary
q_py_topic_output_formatting:q_py_output3,HandlingList,DeletingListElement
q_py_topic_output_formatting:q_py_output3,HandlingList,IndexingList
q_py_topic_output_formatting:q_py_output3,HandlingList,CreatingList
q_py_topic_output_formatting:q_py_output3,HandlingList,SlicingList
q_py_topic_output_formatting:q_py_output3,HandlingList,ReplacingListElement
q_py_topic_output_formatting:q_py_output3,HandlingList,ListReferencing
q_py_topic_output_formatting:q_py_output3,HandlingList,ReversingList
q_py_topic_output_formatting:q_py_output3,AddingListElement,AddingListElementWithInsert
q_py_topic_output_formatting:q_py_output3,AddingListElement,AddingListElementWithAppend
q_py_topic_output_formatting:q_py_output3,HandlingFile,ClosingFile
q_py_topic_output_formatting:q_py_output3,HandlingFile,ReadingLine
q_py_topic_output_formatting:q_py_output3,HandlingFile,OpeningFile
q_py_topic_output_formatting:q_py_output3,HandlingString,CreatingString
q_py_topic_output_formatting:q_py_output3,HandlingString,ReplacingStringContent
q_py_topic_output_formatting:q_py_output3,HandlingString,FormattingString
q_py_topic_output_formatting:q_py_output3,HandlingString,TransformingToStringType
q_py_topic_output_formatting:q_py_output3,HandlingString,SplittingString
q_py_topic_output_formatting:q_py_output4,ManagingVariable,AssigningVariable
q_py_topic_output_formatting:q_py_output4,ManagingVariable,UpdatingVariable
q_py_topic_output_formatting:q_py_output4,HandlingAdvancedDataStructure,BinaryTreeTask
q_py_topic_output_formatting:q_py_output4,HandlingAdvancedDataStructure,LinkedListTask
q_py_topic_output_formatting:q_py_output4,HandlingAdvancedDataStructure,QueueTask
q_py_topic_output_formatting:q_py_output4,HandlingAdvancedDataStructure,StackTask
q_py_topic_output_formatting:q_py_output4,TwoDimensionalArrayTask,ReplacingElement2DArray
q_py_topic_output_formatting:q_py_output4,TwoDimensionalArrayTask,Indexing2DArray
q_py_topic_output_formatting:q_py_output4,TwoDimensionalArrayTask,Create2DArray
q_py_topic_output_formatting:q_py_output4,HandlingObjectOrientedProgramming,CallingOOPMethod
q_py_topic_output_formatting:q_py_output4,HandlingObjectOrientedProgramming,CreatingObject
q_py_topic_output_formatting:q_py_output4,HandlingObjectOrientedProgramming,DefiningClass
q_py_topic_output_formatting:q_py_output4,HandlingObjectOrientedProgramming,DefiningOOPMethod
q_py_topic_output_formatting:q_py_output4,HandlingFunction,CallingFunctionLibrary
q_py_topic_output_formatting:q_py_output4,HandlingFunction,NestedFunctionCall
q_py_topic_output_formatting:q_py_output4,HandlingFunctionCallingFunction,CallingFunctionCallingFunction
q_py_topic_output_formatting:q_py_output4,HandlingFunctionCallingFunction,DefiningFunctionCallingFunction
q_py_topic_output_formatting:q_py_output4,HandlingRecursiveFunction,CallingRecursiveFunction
q_py_topic_output_formatting:q_py_output4,HandlingRecursiveFunction,DefiningRecursiveFunction
q_py_topic_output_formatting:q_py_output4,HandlingNestedFunction,CallingNestedFunction
q_py_topic_output_formatting:q_py_output4,HandlingNestedFunction,DefiningNestedFunction
q_py_topic_output_formatting:q_py_output4,HandlingStandardFunction,CallingStandardFunction
q_py_topic_output_formatting:q_py_output4,HandlingStandardFunction,DefiningStandardFunction
q_py_topic_output_formatting:q_py_output4,NonNestedIteration,SingleForLoopIteration
q_py_topic_output_formatting:q_py_output4,ArithmeticOperation,FindAbsolute
q_py_topic_output_formatting:q_py_output4,ArithmeticOperation,Power
q_py_topic_output_formatting:q_py_output4,ArithmeticOperation,FindMinimum
q_py_topic_references:q_py_int_ref1,ManagingVariable,AssigningVariable
q_py_topic_references:q_py_int_ref1,ManagingVariable,UpdatingVariable
q_py_topic_references:q_py_int_ref1,HandlingAdvancedDataStructure,BinaryTreeTask
q_py_topic_references:q_py_int_ref1,HandlingAdvancedDataStructure,LinkedListTask
q_py_topic_references:q_py_int_ref1,HandlingAdvancedDataStructure,QueueTask
q_py_topic_references:q_py_int_ref1,HandlingAdvancedDataStructure,StackTask
q_py_topic_references:q_py_int_ref1,TwoDimensionalArrayTask,ReplacingElement2DArray
q_py_topic_references:q_py_int_ref1,TwoDimensionalArrayTask,Indexing2DArray
q_py_topic_references:q_py_int_ref1,TwoDimensionalArrayTask,Create2DArray
q_py_topic_references:q_py_int_ref1,HandlingObjectOrientedProgramming,CallingOOPMethod
q_py_topic_references:q_py_int_ref1,HandlingObjectOrientedProgramming,CreatingObject
q_py_topic_references:q_py_int_ref1,HandlingObjectOrientedProgramming,DefiningClass
q_py_topic_references:q_py_int_ref1,HandlingObjectOrientedProgramming,DefiningOOPMethod
q_py_topic_references:q_py_int_ref1,HandlingFunction,CallingFunctionLibrary
q_py_topic_references:q_py_int_ref1,HandlingFunction,NestedFunctionCall
q_py_topic_references:q_py_int_ref1,HandlingFunctionCallingFunction,CallingFunctionCallingFunction
q_py_topic_references:q_py_int_ref1,HandlingFunctionCallingFunction,DefiningFunctionCallingFunction
q_py_topic_references:q_py_int_ref1,HandlingRecursiveFunction,CallingRecursiveFunction
q_py_topic_references:q_py_int_ref1,HandlingRecursiveFunction,DefiningRecursiveFunction
q_py_topic_references:q_py_int_ref1,HandlingNestedFunction,CallingNestedFunction
q_py_topic_references:q_py_int_ref1,HandlingNestedFunction,DefiningNestedFunction
q_py_topic_references:q_py_int_ref1,HandlingStandardFunction,CallingStandardFunction
q_py_topic_references:q_py_int_ref1,HandlingStandardFunction,DefiningStandardFunction
q_py_topic_references:q_py_int_ref1,NonNestedIteration,SingleForLoopIteration
q_py_topic_references:q_py_int_ref1,NonNestedIteration,SingleWhileLoopIteration
q_py_topic_references:q_py_int_ref1,WhileLoopWithUpdate,WhileLoopWithListIndexing
q_py_topic_references:q_py_int_ref1,WhileLoopWithUpdate,WhileLoopWith*=
q_py_topic_references:q_py_int_ref1,WhileLoopWithUpdate,WhileLoopWith+=
q_py_topic_references:q_py_int_ref1,ForLoopWithUpdate,ForLoopWith+=
q_py_topic_references:q_py_int_ref1,ForLoopWithUpdate,ForLoopWith*=
q_py_topic_references:q_py_int_ref1,ForLoopWithUpdate,ForLoopWithListIndexing
q_py_topic_references:q_py_int_ref1,NestedLoopIteration,MixedNestedLoopIteration
q_py_topic_references:q_py_int_ref1,NestedLoopIteration,NestedForLoopIteration
q_py_topic_references:q_py_int_ref1,NestedLoopIteration,NestedWhileLoopIteration
q_py_topic_references:q_py_int_ref1,ArithmeticOperation,FindAbsolute
q_py_topic_references:q_py_int_ref1,ArithmeticOperation,FindRemainder
q_py_topic_references:q_py_int_ref1,ArithmeticOperation,FindMaximum
q_py_topic_references:q_py_int_ref1,ArithmeticOperation,Addition
q_py_topic_references:q_py_int_ref1,ArithmeticOperation,Round
q_py_topic_references:q_py_int_ref1,ArithmeticOperation,Power
q_py_topic_references:q_py_int_ref1,ArithmeticOperation,FindMinimum
q_py_topic_references:q_py_int_ref1,ArithmeticOperation,Substraction
q_py_topic_references:q_py_int_ref1,ArithmeticOperation,Division
q_py_topic_references:q_py_int_ref1,ArithmeticOperation,Multiplication
q_py_topic_references:q_py_int_ref1,HandlingInteger,TransformingToIntType
q_py_topic_references:q_py_int_ref1,HandlingTuple,CreatingTuple
q_py_topic_references:q_py_int_ref1,HandlingString,SplittingString
q_py_topic_references:q_py_int_ref1,HandlingString,TrimmingString
q_py_topic_references:q_py_int_ref1,HandlingString,IndexingString
q_py_topic_references:q_py_int_ref1,HandlingString,SlicingString
q_py_topic_references:q_py_int_ref1,ModifyingStringCase,ConvertStringToUpperCase
q_py_topic_references:q_py_int_ref1,ModifyingStringCase,ConvertStringToLowerCase
q_py_topic_references:q_py_int_ref1,ModifyingStringCase,CapitalizeString
q_py_topic_references:q_py_int_ref1,HandlingError,HandlingSpecificError
q_py_topic_references:q_py_int_ref1,HandlingError,HandlingGeneralError
q_py_topic_references:q_py_list_int_ref1,ManagingVariable,AssigningVariable
q_py_topic_references:q_py_list_int_ref1,ManagingVariable,UpdatingVariable
q_py_topic_references:q_py_list_int_ref1,HandlingAdvancedDataStructure,BinaryTreeTask
q_py_topic_references:q_py_list_int_ref1,HandlingAdvancedDataStructure,LinkedListTask
q_py_topic_references:q_py_list_int_ref1,HandlingAdvancedDataStructure,QueueTask
q_py_topic_references:q_py_list_int_ref1,HandlingAdvancedDataStructure,StackTask
q_py_topic_references:q_py_list_int_ref1,TwoDimensionalArrayTask,ReplacingElement2DArray
q_py_topic_references:q_py_list_int_ref1,TwoDimensionalArrayTask,Indexing2DArray
q_py_topic_references:q_py_list_int_ref1,TwoDimensionalArrayTask,Create2DArray
q_py_topic_references:q_py_list_int_ref1,HandlingObjectOrientedProgramming,CallingOOPMethod
q_py_topic_references:q_py_list_int_ref1,HandlingObjectOrientedProgramming,CreatingObject
q_py_topic_references:q_py_list_int_ref1,HandlingObjectOrientedProgramming,DefiningClass
q_py_topic_references:q_py_list_int_ref1,HandlingObjectOrientedProgramming,DefiningOOPMethod
q_py_topic_references:q_py_list_int_ref1,HandlingFunction,CallingFunctionLibrary
q_py_topic_references:q_py_list_int_ref1,HandlingFunction,NestedFunctionCall
q_py_topic_references:q_py_list_int_ref1,HandlingFunctionCallingFunction,CallingFunctionCallingFunction
q_py_topic_references:q_py_list_int_ref1,HandlingFunctionCallingFunction,DefiningFunctionCallingFunction
q_py_topic_references:q_py_list_int_ref1,HandlingRecursiveFunction,CallingRecursiveFunction
q_py_topic_references:q_py_list_int_ref1,HandlingRecursiveFunction,DefiningRecursiveFunction
q_py_topic_references:q_py_list_int_ref1,HandlingNestedFunction,CallingNestedFunction
q_py_topic_references:q_py_list_int_ref1,HandlingNestedFunction,DefiningNestedFunction
q_py_topic_references:q_py_list_int_ref1,HandlingStandardFunction,CallingStandardFunction
q_py_topic_references:q_py_list_int_ref1,HandlingStandardFunction,DefiningStandardFunction
q_py_topic_references:q_py_list_int_ref1,NonNestedIteration,SingleForLoopIteration
q_py_topic_references:q_py_list_str_ref1,ManagingVariable,AssigningVariable
q_py_topic_references:q_py_list_str_ref1,ManagingVariable,UpdatingVariable
q_py_topic_references:q_py_list_str_ref1,HandlingAdvancedDataStructure,BinaryTreeTask
q_py_topic_references:q_py_list_str_ref1,HandlingAdvancedDataStructure,LinkedListTask
q_py_topic_references:q_py_list_str_ref1,HandlingAdvancedDataStructure,QueueTask
q_py_topic_references:q_py_list_str_ref1,HandlingAdvancedDataStructure,StackTask
q_py_topic_references:q_py_list_str_ref1,TwoDimensionalArrayTask,ReplacingElement2DArray
q_py_topic_references:q_py_list_str_ref1,TwoDimensionalArrayTask,Indexing2DArray
q_py_topic_references:q_py_list_str_ref1,TwoDimensionalArrayTask,Create2DArray
q_py_topic_references:q_py_list_str_ref1,HandlingObjectOrientedProgramming,CallingOOPMethod
q_py_topic_references:q_py_list_str_ref1,HandlingObjectOrientedProgramming,CreatingObject
q_py_topic_references:q_py_list_str_ref1,HandlingObjectOrientedProgramming,DefiningClass
q_py_topic_references:q_py_list_str_ref1,HandlingObjectOrientedProgramming,DefiningOOPMethod
q_py_topic_references:q_py_list_str_ref1,HandlingFunction,CallingFunctionLibrary
q_py_topic_references:q_py_list_str_ref1,HandlingFunction,NestedFunctionCall
q_py_topic_references:q_py_list_str_ref1,HandlingFunctionCallingFunction,CallingFunctionCallingFunction
q_py_topic_references:q_py_list_str_ref1,HandlingFunctionCallingFunction,DefiningFunctionCallingFunction
q_py_topic_references:q_py_list_str_ref1,HandlingRecursiveFunction,CallingRecursiveFunction
q_py_topic_references:q_py_list_str_ref1,HandlingRecursiveFunction,DefiningRecursiveFunction
q_py_topic_references:q_py_list_str_ref1,HandlingNestedFunction,CallingNestedFunction
q_py_topic_references:q_py_list_str_ref1,HandlingNestedFunction,DefiningNestedFunction
q_py_topic_references:q_py_list_str_ref1,HandlingStandardFunction,CallingStandardFunction
q_py_topic_references:q_py_list_str_ref1,HandlingStandardFunction,DefiningStandardFunction
q_py_topic_references:q_py_list_str_ref1,NonNestedIteration,SingleForLoopIteration
q_py_topic_references:q_py_list_str_ref1,HandlingTuple,SlicingTuple
q_py_topic_references:q_py_list_str_ref1,HandlingTuple,IndexingTuple
q_py_topic_references:q_py_list_str_ref1,HandlingFloat,TransformingToFloatType
q_py_topic_references:q_py_list_str_ref1,HandlingDictionary,ReplacingDictionaryElement
q_py_topic_references:q_py_list_str_ref1,HandlingDictionary,IndexingDictionary
q_py_topic_references:q_py_list_str_ref1,HandlingDictionary,AddingItemToDictionary
q_py_topic_references:q_py_list_str_ref1,HandlingDictionary,AccessingDictionary
q_py_topic_references:q_py_list_str_ref1,HandlingDictionary,CreatingDictionary
q_py_topic_references:q_py_list_str_ref1,HandlingList,DeletingListElement
q_py_topic_references:q_py_list_str_ref1,HandlingList,IndexingList
q_py_topic_references:q_py_list_str_ref1,HandlingList,CreatingList
q_py_topic_references:q_py_list_str_ref1,HandlingList,SlicingList
q_py_topic_references:q_py_list_str_ref1,HandlingList,ReplacingListElement
q_py_topic_references:q_py_list_str_ref1,HandlingList,ListReferencing
q_py_topic_references:q_py_list_str_ref1,HandlingList,ReversingList
q_py_topic_references:q_py_list_str_ref1,AddingListElement,AddingListElementWithInsert
q_py_topic_references:q_py_list_str_ref1,AddingListElement,AddingListElementWithAppend
q_py_topic_references:q_py_list_str_ref1,HandlingFile,ClosingFile
q_py_topic_references:q_py_list_str_ref1,HandlingFile,ReadingLine
q_py_topic_references:q_py_list_str_ref1,HandlingFile,OpeningFile
q_py_topic_references:q_py_list_str_ref1,HandlingString,CreatingString
q_py_topic_references:q_py_list_str_ref1,HandlingString,ReplacingStringContent
q_py_topic_references:q_py_list_str_ref1,HandlingString,FormattingString
q_py_topic_references:q_py_list_str_ref1,HandlingString,TransformingToStringType
q_py_topic_references:q_py_list_str_ref1,HandlingString,SplittingString
q_py_topic_references:q_py_str_ref1,ManagingVariable,AssigningVariable
q_py_topic_references:q_py_str_ref1,ManagingVariable,UpdatingVariable
q_py_topic_references:q_py_str_ref1,HandlingAdvancedDataStructure,BinaryTreeTask
q_py_topic_references:q_py_str_ref1,HandlingAdvancedDataStructure,LinkedListTask
q_py_topic_references:q_py_str_ref1,HandlingAdvancedDataStructure,QueueTask
q_py_topic_references:q_py_str_ref1,HandlingAdvancedDataStructure,StackTask
q_py_topic_references:q_py_str_ref1,TwoDimensionalArrayTask,ReplacingElement2DArray
q_py_topic_references:q_py_str_ref1,TwoDimensionalArrayTask,Indexing2DArray
q_py_topic_references:q_py_str_ref1,TwoDimensionalArrayTask,Create2DArray
q_py_topic_references:q_py_str_ref1,HandlingObjectOrientedProgramming,CallingOOPMethod
q_py_topic_references:q_py_str_ref1,HandlingObjectOrientedProgramming,CreatingObject
q_py_topic_references:q_py_str_ref1,HandlingObjectOrientedProgramming,DefiningClass
q_py_topic_references:q_py_str_ref1,HandlingObjectOrientedProgramming,DefiningOOPMethod
q_py_topic_references:q_py_str_ref1,HandlingFunction,CallingFunctionLibrary
q_py_topic_references:q_py_str_ref1,HandlingFunction,NestedFunctionCall
q_py_topic_references:q_py_str_ref1,HandlingFunctionCallingFunction,CallingFunctionCallingFunction
q_py_topic_references:q_py_str_ref1,HandlingFunctionCallingFunction,DefiningFunctionCallingFunction
q_py_topic_references:q_py_str_ref1,HandlingRecursiveFunction,CallingRecursiveFunction
q_py_topic_references:q_py_str_ref1,HandlingRecursiveFunction,DefiningRecursiveFunction
q_py_topic_references:q_py_str_ref1,HandlingNestedFunction,CallingNestedFunction
q_py_topic_references:q_py_str_ref1,HandlingNestedFunction,DefiningNestedFunction
q_py_topic_references:q_py_str_ref1,HandlingStandardFunction,CallingStandardFunction
q_py_topic_references:q_py_str_ref1,HandlingStandardFunction,DefiningStandardFunction
q_py_topic_references:q_py_str_ref1,NonNestedIteration,SingleForLoopIteration
q_py_topic_references:q_py_str_ref1,HandlingList,SlicingList
q_py_topic_strings:q_py_concat_strings1,ManagingVariable,AssigningVariable
q_py_topic_strings:q_py_concat_strings1,ManagingVariable,UpdatingVariable
q_py_topic_strings:q_py_concat_strings1,HandlingAdvancedDataStructure,BinaryTreeTask
q_py_topic_strings:q_py_concat_strings1,HandlingAdvancedDataStructure,LinkedListTask
q_py_topic_strings:q_py_concat_strings1,HandlingAdvancedDataStructure,QueueTask
q_py_topic_strings:q_py_concat_strings1,HandlingAdvancedDataStructure,StackTask
q_py_topic_strings:q_py_concat_strings1,TwoDimensionalArrayTask,ReplacingElement2DArray
q_py_topic_strings:q_py_concat_strings1,TwoDimensionalArrayTask,Indexing2DArray
q_py_topic_strings:q_py_concat_strings1,TwoDimensionalArrayTask,Create2DArray
q_py_topic_strings:q_py_concat_strings1,HandlingObjectOrientedProgramming,CallingOOPMethod
q_py_topic_strings:q_py_concat_strings1,HandlingObjectOrientedProgramming,CreatingObject
q_py_topic_strings:q_py_concat_strings1,HandlingObjectOrientedProgramming,DefiningClass
q_py_topic_strings:q_py_concat_strings1,HandlingObjectOrientedProgramming,DefiningOOPMethod
q_py_topic_strings:q_py_concat_strings1,HandlingFunction,CallingFunctionLibrary
q_py_topic_strings:q_py_concat_strings1,HandlingFunction,NestedFunctionCall
q_py_topic_strings:q_py_concat_strings1,HandlingFunctionCallingFunction,CallingFunctionCallingFunction
q_py_topic_strings:q_py_concat_strings1,HandlingFunctionCallingFunction,DefiningFunctionCallingFunction
q_py_topic_strings:q_py_concat_strings1,HandlingRecursiveFunction,CallingRecursiveFunction
q_py_topic_strings:q_py_concat_strings1,HandlingRecursiveFunction,DefiningRecursiveFunction
q_py_topic_strings:q_py_concat_strings1,HandlingNestedFunction,CallingNestedFunction
q_py_topic_strings:q_py_concat_strings1,HandlingNestedFunction,DefiningNestedFunction
q_py_topic_strings:q_py_concat_strings1,HandlingStandardFunction,CallingStandardFunction
q_py_topic_strings:q_py_concat_strings1,HandlingStandardFunction,DefiningStandardFunction
q_py_topic_strings:q_py_concat_strings1,NonNestedIteration,SingleForLoopIteration
q_py_topic_strings:q_py_concat_strings1,ForLoopWithUpdate,ForLoopWith+=
q_py_topic_strings:q_py_concat_strings1,ForLoopWithUpdate,ForLoopWith*=
q_py_topic_strings:q_py_concat_strings1,ForLoopWithUpdate,ForLoopWithListIndexing
q_py_topic_strings:q_py_concat_strings1,ArithmeticOperation,FindAbsolute
q_py_topic_strings:q_py_concat_strings1,ArithmeticOperation,FindRemainder
q_py_topic_strings:q_py_concat_strings1,ArithmeticOperation,FindMaximum
q_py_topic_strings:q_py_concat_strings1,ArithmeticOperation,Round
q_py_topic_strings:q_py_concat_strings1,ArithmeticOperation,Power
q_py_topic_strings:q_py_concat_strings1,ArithmeticOperation,FindMinimum
q_py_topic_strings:q_py_concat_strings1,ArithmeticOperation,Substraction
q_py_topic_strings:q_py_concat_strings1,ArithmeticOperation,Division
q_py_topic_strings:q_py_concat_strings1,HandlingDictionary,IndexingDictionary
q_py_topic_strings:q_py_concat_strings1,HandlingList,DeletingListElement
q_py_topic_strings:q_py_concat_strings1,AddingListElement,AddingListElementWithInsert
q_py_topic_strings:q_py_concat_strings1,AddingListElement,AddingListElementWithAppend
q_py_topic_strings:q_py_concat_strings1,HandlingString,TransformingToStringType
q_py_topic_strings:q_py_concat_strings1,HandlingString,TrimmingString
q_py_topic_strings:q_py_concat_strings1,HandlingString,IndexingString
q_py_topic_strings:q_py_concat_strings1,HandlingString,SlicingString
q_py_topic_strings:q_py_concat_strings1,ModifyingStringCase,ConvertStringToUpperCase
q_py_topic_strings:q_py_concat_strings1,ModifyingStringCase,ConvertStringToLowerCase
q_py_topic_strings:q_py_concat_strings1,ModifyingStringCase,CapitalizeString
q_py_topic_strings:q_py_concat_strings1,HandlingError,HandlingSpecificError
q_py_topic_strings:q_py_concat_strings1,HandlingError,HandlingGeneralError
ae_adl_objects3,HandlingAdvancedDataStructure,BinaryTreeTask
ae_adl_objects3,HandlingAdvancedDataStructure,LinkedListTask
ae_adl_objects3,HandlingAdvancedDataStructure,QueueTask
ae_adl_objects3,HandlingAdvancedDataStructure,StackTask
ae_adl_objects3,TwoDimensionalArrayTask,ReplacingElement2DArray
ae_adl_objects3,TwoDimensionalArrayTask,Indexing2DArray
ae_adl_objects3,TwoDimensionalArrayTask,Create2DArray
ae_adl_objects3,HandlingObjectOrientedProgramming,DefiningOOPMethod
ae_adl_objects3,HandlingFunction,NestedFunctionCall
ae_adl_objects3,HandlingFunctionCallingFunction,CallingFunctionCallingFunction
ae_adl_objects3,HandlingFunctionCallingFunction,DefiningFunctionCallingFunction
ae_adl_objects3,HandlingRecursiveFunction,CallingRecursiveFunction
ae_adl_objects3,HandlingRecursiveFunction,DefiningRecursiveFunction
ae_adl_objects3,HandlingNestedFunction,CallingNestedFunction
ae_adl_objects3,HandlingNestedFunction,DefiningNestedFunction
ae_adl_objects3,NonNestedIteration,SingleForLoopIteration
ae_adl_objects3,HandlingTuple,SlicingTuple
ae_adl_objects3,HandlingTuple,IndexingTuple
ae_adl_objects3,HandlingFloat,TransformingToFloatType
ae_adl_objects3,HandlingDictionary,ReplacingDictionaryElement
ae_adl_objects3,HandlingDictionary,IndexingDictionary
ae_adl_objects3,HandlingDictionary,AddingItemToDictionary
ae_adl_objects3,HandlingDictionary,AccessingDictionary
ae_adl_objects3,HandlingDictionary,CreatingDictionary
ae_adl_objects3,HandlingList,DeletingListElement
ae_adl_objects3,HandlingList,IndexingList
ae_adl_objects3,HandlingList,CreatingList
ae_adl_objects3,HandlingList,SlicingList
ae_adl_objects3,HandlingList,ReplacingListElement
ae_adl_objects3,HandlingList,ListReferencing
ae_adl_objects3,HandlingList,ReversingList
ae_adl_objects3,AddingListElement,AddingListElementWithInsert
ae_adl_objects3,AddingListElement,AddingListElementWithAppend
ae_adl_objects3,HandlingFile,ClosingFile
ae_adl_objects3,HandlingFile,ReadingLine
ae_adl_objects3,HandlingFile,OpeningFile
ae_adl_objects3,HandlingString,CreatingString
ae_adl_objects3,HandlingString,ReplacingStringContent
ae_adl_objects3,HandlingString,FormattingString
ae_adl_objects3,HandlingString,TransformingToStringType
ae_adl_objects3,HandlingString,SplittingString
ae_adl_objects3,HandlingString,TrimmingString
ae_adl_objects3,HandlingString,IndexingString
ae_adl_objects3,HandlingString,SlicingString
ae_adl_objects3,ModifyingStringCase,ConvertStringToUpperCase
ae_adl_objects3,ModifyingStringCase,ConvertStringToLowerCase
ae_adl_objects3,ModifyingStringCase,CapitalizeString
ae_adl_objects3,HandlingError,HandlingSpecificError
ae_adl_objects3,HandlingError,HandlingGeneralError
ae_python_intro,ManagingVariable,AssigningVariable
ae_python_intro,ManagingVariable,UpdatingVariable
ae_python_intro,HandlingAdvancedDataStructure,BinaryTreeTask
ae_python_intro,HandlingAdvancedDataStructure,LinkedListTask
ae_python_intro,HandlingAdvancedDataStructure,QueueTask
ae_python_intro,HandlingAdvancedDataStructure,StackTask
ae_python_intro,TwoDimensionalArrayTask,ReplacingElement2DArray
ae_python_intro,TwoDimensionalArrayTask,Indexing2DArray
ae_python_intro,TwoDimensionalArrayTask,Create2DArray
ae_python_intro,HandlingObjectOrientedProgramming,CallingOOPMethod
ae_python_intro,HandlingObjectOrientedProgramming,CreatingObject
ae_python_intro,HandlingObjectOrientedProgramming,DefiningClass
ae_python_intro,HandlingObjectOrientedProgramming,DefiningOOPMethod
ae_python_intro,HandlingFunction,CallingFunctionLibrary
ae_python_intro,HandlingFunction,NestedFunctionCall
ae_python_intro,HandlingFunctionCallingFunction,CallingFunctionCallingFunction
ae_python_intro,HandlingFunctionCallingFunction,DefiningFunctionCallingFunction
ae_python_intro,HandlingRecursiveFunction,CallingRecursiveFunction
ae_python_intro,HandlingRecursiveFunction,DefiningRecursiveFunction
ae_python_intro,HandlingNestedFunction,CallingNestedFunction
ae_python_intro,HandlingNestedFunction,DefiningNestedFunction
ae_python_intro,HandlingStandardFunction,CallingStandardFunction
ae_python_intro,HandlingStandardFunction,DefiningStandardFunction
ae_python_intro,NonNestedIteration,SingleForLoopIteration
ae_python_intro,HandlingTuple,SlicingTuple
ae_python_intro,HandlingTuple,IndexingTuple
ae_python_intro,HandlingFloat,TransformingToFloatType
ae_python_intro,HandlingDictionary,ReplacingDictionaryElement
ae_python_intro,HandlingDictionary,IndexingDictionary
ae_python_intro,HandlingDictionary,AddingItemToDictionary
ae_python_intro,HandlingDictionary,AccessingDictionary
ae_python_intro,HandlingDictionary,CreatingDictionary
ae_python_intro,HandlingList,DeletingListElement
ae_python_intro,HandlingList,IndexingList
ae_python_intro,HandlingList,CreatingList
ae_python_intro,HandlingList,SlicingList
ae_python_intro,HandlingList,ReplacingListElement
ae_python_intro,HandlingList,ListReferencing
ae_python_intro,HandlingList,ReversingList
ae_python_intro,AddingListElement,AddingListElementWithInsert
ae_python_intro,AddingListElement,AddingListElementWithAppend
ae_python_intro,HandlingFile,ClosingFile
ae_python_intro,HandlingFile,ReadingLine
ae_python_intro,HandlingFile,OpeningFile
ae_python_intro,HandlingString,CreatingString
ae_python_intro,HandlingString,ReplacingStringContent
ae_python_intro,HandlingString,FormattingString
ae_python_intro,HandlingString,TransformingToStringType
ae_python_intro,HandlingString,SplittingString
ae_python_assignment,Python,Concatenation
ae_python_assignment,Python,Importing
ae_python_assignment,Python,FindingLength
ae_python_assignment,Python,Printing
ae_python_assignment,Python,CheckingForItem
ae_python_assignment,Python,HandlingInput
ae_python_assignment,CheckingCondition,IfElseChecking
ae_python_assignment,CheckingCondition,AssertChecking
ae_python_assignment,CheckingCondition,IfElifElseChecking
ae_python_assignment,CheckingCondition,NestedIfChecking
ae_python_assignment,CheckingCondition,IfChecking
ae_python_assignment,CheckingCondition,IfElifChecking
ae_python_assignment,CheckingCondition,BooleanEvaluating
ae_python_assignment,CheckingInForLoop,IfElseCheckingInForLoop
ae_python_assignment,CheckingInForLoop,IfElifCheckingInForLoop
ae_python_assignment,CheckingInForLoop,IfCheckingInForLoop
ae_python_assignment,CheckingInForLoop,IfElifElseCheckingInForLoop
ae_python_assignment,CheckingInWhileLoop,IfElifElseCheckingInWhileLoop
ae_python_assignment,CheckingInWhileLoop,IfCheckingInWhileLoop
ae_python_assignment,CheckingInWhileLoop,IfElseCheckingInWhileLoop
ae_python_assignment,CheckingInWhileLoop,IfElifCheckingInWhileLoop
ae_python_assignment,ManagingVariable,SwappingVariablesValue
ae_python_assignment,ManagingVariable,AssigningVariable
ae_python_assignment,ManagingVariable,UpdatingVariable
ae_python_assignment,HandlingAdvancedDataStructure,BinaryTreeTask
ae_python_assignment,HandlingAdvancedDataStructure,LinkedListTask
ae_python_assignment,HandlingAdvancedDataStructure,QueueTask
ae_python_assignment,HandlingAdvancedDataStructure,StackTask
ae_python_assignment,TwoDimensionalArrayTask,ReplacingElement2DArray
ae_python_assignment,TwoDimensionalArrayTask,Indexing2DArray
ae_python_assignment,TwoDimensionalArrayTask,Create2DArray
ae_python_assignment,HandlingObjectOrientedProgramming,CallingOOPMethod
ae_python_assignment,HandlingObjectOrientedProgramming,CreatingObject
ae_python_assignment,HandlingObjectOrientedProgramming,DefiningClass
ae_python_assignment,HandlingObjectOrientedProgramming,DefiningOOPMethod
ae_python_assignment,HandlingFunction,CallingFunctionLibrary
ae_python_assignment,HandlingFunction,NestedFunctionCall
ae_python_assignment,HandlingFunctionCallingFunction,CallingFunctionCallingFunction
ae_python_assignment,HandlingFunctionCallingFunction,DefiningFunctionCallingFunction
ae_python_assignment,HandlingRecursiveFunction,CallingRecursiveFunction
ae_python_assignment,HandlingRecursiveFunction,DefiningRecursiveFunction
ae_python_assignment,HandlingNestedFunction,CallingNestedFunction
ae_python_assignment,HandlingNestedFunction,DefiningNestedFunction
ae_python_assignment,HandlingStandardFunction,CallingStandardFunction
ae_python_assignment,HandlingStandardFunction,DefiningStandardFunction
ae_python_assignment,NonNestedIteration,SingleForLoopIteration
ae_python_assignment,HandlingTuple,SlicingTuple
ae_python_assignment,HandlingTuple,IndexingTuple
ae_python_assignment,HandlingFloat,TransformingToFloatType
ae_python_assignment,HandlingDictionary,ReplacingDictionaryElement
ae_python_assignment,HandlingDictionary,IndexingDictionary
ae_python_assignment,HandlingDictionary,AddingItemToDictionary
ae_python_assignment,HandlingDictionary,AccessingDictionary
ae_python_assignment,HandlingDictionary,CreatingDictionary
ae_python_assignment,HandlingList,DeletingListElement
ae_python_assignment,HandlingList,IndexingList
ae_python_assignment,HandlingList,CreatingList
ae_python_assignment,HandlingList,SlicingList
ae_python_assignment,HandlingList,ReplacingListElement
ae_python_assignment,HandlingList,ListReferencing
ae_python_assignment,HandlingList,ReversingList
ae_python_assignment,AddingListElement,AddingListElementWithInsert
ae_python_assignment,AddingListElement,AddingListElementWithAppend
ae_python_assignment,HandlingFile,ClosingFile
ae_python_assignment,HandlingFile,ReadingLine
ae_python_assignment,HandlingFile,OpeningFile
ae_python_assignment,HandlingString,CreatingString
ae_python_assignment,HandlingString,ReplacingStringContent
ae_python_assignment,HandlingString,FormattingString
ae_python_assignment,HandlingString,TransformingToStringType
ae_python_assignment,HandlingString,SplittingString
ae_python_input,ManagingVariable,AssigningVariable
ae_python_input,ManagingVariable,UpdatingVariable
ae_python_input,HandlingAdvancedDataStructure,BinaryTreeTask
ae_python_input,HandlingAdvancedDataStructure,LinkedListTask
ae_python_input,HandlingAdvancedDataStructure,QueueTask
ae_python_input,HandlingAdvancedDataStructure,StackTask
ae_python_input,TwoDimensionalArrayTask,ReplacingElement2DArray
ae_python_input,TwoDimensionalArrayTask,Indexing2DArray
ae_python_input,TwoDimensionalArrayTask,Create2DArray
ae_python_input,HandlingObjectOrientedProgramming,CallingOOPMethod
ae_python_input,HandlingObjectOrientedProgramming,CreatingObject
ae_python_input,HandlingObjectOrientedProgramming,DefiningClass
ae_python_input,HandlingObjectOrientedProgramming,DefiningOOPMethod
ae_python_input,HandlingFunction,CallingFunctionLibrary
ae_python_input,HandlingFunction,NestedFunctionCall
ae_python_input,HandlingFunctionCallingFunction,CallingFunctionCallingFunction
ae_python_input,HandlingFunctionCallingFunction,DefiningFunctionCallingFunction
ae_python_input,HandlingRecursiveFunction,CallingRecursiveFunction
ae_python_input,HandlingRecursiveFunction,DefiningRecursiveFunction
ae_python_input,HandlingNestedFunction,CallingNestedFunction
ae_python_input,HandlingNestedFunction,DefiningNestedFunction
ae_python_input,HandlingStandardFunction,CallingStandardFunction
ae_python_input,HandlingStandardFunction,DefiningStandardFunction
ae_python_input,NonNestedIteration,SingleForLoopIteration
ae_python_input,HandlingTuple,SlicingTuple
ae_python_input,HandlingTuple,IndexingTuple
ae_python_input,HandlingFloat,TransformingToFloatType
ae_python_input,HandlingDictionary,ReplacingDictionaryElement
ae_python_input,HandlingDictionary,IndexingDictionary
ae_python_input,HandlingDictionary,AddingItemToDictionary
ae_python_input,HandlingDictionary,AccessingDictionary
ae_python_input,HandlingDictionary,CreatingDictionary
ae_python_input,HandlingList,DeletingListElement
ae_python_input,HandlingList,IndexingList
ae_python_input,HandlingList,CreatingList
ae_python_input,HandlingList,SlicingList
ae_python_input,HandlingList,ReplacingListElement
ae_python_input,HandlingList,ListReferencing
ae_python_input,HandlingList,ReversingList
ae_python_input,AddingListElement,AddingListElementWithInsert
ae_python_input,AddingListElement,AddingListElementWithAppend
ae_python_input,HandlingFile,ClosingFile
ae_python_input,HandlingFile,ReadingLine
ae_python_input,HandlingFile,OpeningFile
ae_python_input,HandlingString,CreatingString
ae_python_input,HandlingString,ReplacingStringContent
ae_python_input,HandlingString,FormattingString
ae_python_input,HandlingString,TransformingToStringType
ae_python_input,HandlingString,SplittingString
ae_python_float,NonNestedIteration,SingleWhileLoopIteration
ae_python_float,WhileLoopWithUpdate,WhileLoopWithListIndexing
ae_python_float,WhileLoopWithUpdate,WhileLoopWith*=
ae_python_float,WhileLoopWithUpdate,WhileLoopWith+=
ae_python_float,ForLoopWithUpdate,ForLoopWith+=
ae_python_float,ForLoopWithUpdate,ForLoopWith*=
ae_python_float,ForLoopWithUpdate,ForLoopWithListIndexing
ae_python_float,NestedLoopIteration,MixedNestedLoopIteration
ae_python_float,NestedLoopIteration,NestedForLoopIteration
ae_python_float,NestedLoopIteration,NestedWhileLoopIteration
ae_python_float,ArithmeticOperation,FindAbsolute
ae_python_float,ArithmeticOperation,FindRemainder
ae_python_float,ArithmeticOperation,FindMaximum
ae_python_float,ArithmeticOperation,Addition
ae_python_float,ArithmeticOperation,Round
ae_python_float,ArithmeticOperation,Power
ae_python_float,ArithmeticOperation,FindMinimum
ae_python_float,ArithmeticOperation,Substraction
ae_python_float,ArithmeticOperation,Division
ae_python_float,ArithmeticOperation,Multiplication
ae_python_float,HandlingInteger,TransformingToIntType
ae_python_float,HandlingTuple,CreatingTuple
ae_python_float,HandlingTuple,SlicingTuple
ae_python_float,HandlingTuple,IndexingTuple
ae_python_float,HandlingFloat,TransformingToFloatType
ae_python_float,HandlingDictionary,ReplacingDictionaryElement
ae_python_float,HandlingDictionary,IndexingDictionary
ae_python_float,HandlingDictionary,AddingItemToDictionary
ae_python_float,HandlingDictionary,AccessingDictionary
ae_python_float,HandlingDictionary,CreatingDictionary
ae_python_float,HandlingList,DeletingListElement
ae_python_float,HandlingList,IndexingList
ae_python_float,HandlingList,CreatingList
ae_python_float,HandlingList,SlicingList
ae_python_float,HandlingList,ReplacingListElement
ae_python_float,HandlingList,ListReferencing
ae_python_float,HandlingList,ReversingList
ae_python_float,AddingListElement,AddingListElementWithInsert
ae_python_float,AddingListElement,AddingListElementWithAppend
ae_python_float,HandlingFile,ClosingFile
ae_python_float,HandlingFile,ReadingLine
ae_python_float,HandlingFile,OpeningFile
ae_python_float,HandlingString,CreatingString
ae_python_float,HandlingString,ReplacingStringContent
ae_python_float,HandlingString,FormattingString
ae_python_float,HandlingString,TransformingToStringType
ae_python_float,HandlingString,SplittingString
ae_python_if,ManagingVariable,AssigningVariable
ae_python_if,ManagingVariable,UpdatingVariable
ae_python_if,HandlingAdvancedDataStructure,BinaryTreeTask
ae_python_if,HandlingAdvancedDataStructure,LinkedListTask
ae_python_if,HandlingAdvancedDataStructure,QueueTask
ae_python_if,HandlingAdvancedDataStructure,StackTask
ae_python_if,TwoDimensionalArrayTask,ReplacingElement2DArray
ae_python_if,TwoDimensionalArrayTask,Indexing2DArray
ae_python_if,TwoDimensionalArrayTask,Create2DArray
ae_python_if,HandlingObjectOrientedProgramming,CallingOOPMethod
ae_python_if,HandlingObjectOrientedProgramming,CreatingObject
ae_python_if,HandlingObjectOrientedProgramming,DefiningClass
ae_python_if,HandlingObjectOrientedProgramming,DefiningOOPMethod
ae_python_if,HandlingFunction,CallingFunctionLibrary
ae_python_if,HandlingFunction,NestedFunctionCall
ae_python_if,HandlingFunctionCallingFunction,CallingFunctionCallingFunction
ae_python_if,HandlingFunctionCallingFunction,DefiningFunctionCallingFunction
ae_python_if,HandlingRecursiveFunction,CallingRecursiveFunction
ae_python_if,HandlingRecursiveFunction,DefiningRecursiveFunction
ae_python_if,HandlingNestedFunction,CallingNestedFunction
ae_python_if,HandlingNestedFunction,DefiningNestedFunction
ae_python_if,HandlingStandardFunction,CallingStandardFunction
ae_python_if,HandlingStandardFunction,DefiningStandardFunction
ae_python_if,NonNestedIteration,SingleForLoopIteration
ae_python_if,HandlingTuple,SlicingTuple
ae_python_if,HandlingTuple,IndexingTuple
ae_python_if,HandlingFloat,TransformingToFloatType
ae_python_if,HandlingDictionary,ReplacingDictionaryElement
ae_python_if,HandlingDictionary,IndexingDictionary
ae_python_if,HandlingDictionary,AddingItemToDictionary
ae_python_if,HandlingDictionary,AccessingDictionary
ae_python_if,HandlingDictionary,CreatingDictionary
ae_python_if,HandlingList,DeletingListElement
ae_python_if,HandlingList,IndexingList
ae_python_if,HandlingList,CreatingList
ae_python_if,HandlingList,SlicingList
ae_python_if,HandlingList,ReplacingListElement
ae_python_if,HandlingList,ListReferencing
ae_python_if,HandlingList,ReversingList
ae_python_if,AddingListElement,AddingListElementWithInsert
ae_python_if,AddingListElement,AddingListElementWithAppend
ae_python_if,HandlingFile,ClosingFile
ae_python_if,HandlingFile,ReadingLine
ae_python_if,HandlingFile,OpeningFile
ae_python_if,HandlingString,CreatingString
ae_python_if,HandlingString,ReplacingStringContent
ae_python_if,HandlingString,FormattingString
ae_python_if,HandlingString,TransformingToStringType
ae_python_if,HandlingString,SplittingString
ae_python_if,HandlingString,TrimmingString
ae_python_if,HandlingString,IndexingString
ae_python_if,HandlingString,SlicingString
ae_python_if,ModifyingStringCase,ConvertStringToUpperCase
ae_python_if,ModifyingStringCase,ConvertStringToLowerCase
ae_python_if,ModifyingStringCase,CapitalizeString
ae_python_if,HandlingError,HandlingSpecificError
ae_python_if,HandlingError,HandlingGeneralError
ae_python_while,CheckingCondition,AssertChecking
ae_python_while,ForLoopWithUpdate,ForLoopWith+=
ae_python_while,ForLoopWithUpdate,ForLoopWith*=
ae_python_while,ForLoopWithUpdate,ForLoopWithListIndexing
ae_python_while,ArithmeticOperation,FindAbsolute
ae_python_while,ArithmeticOperation,FindRemainder
ae_python_while,ArithmeticOperation,FindMaximum
ae_python_while,ArithmeticOperation,Round
ae_python_while,ArithmeticOperation,Power
ae_python_while,ArithmeticOperation,FindMinimum
ae_python_while,ArithmeticOperation,Substraction
ae_python_while,ArithmeticOperation,Division
ae_python_while,ArithmeticOperation,Multiplication
ae_python_while,HandlingTuple,CreatingTuple
ae_python_while,HandlingTuple,SlicingTuple
ae_python_while,HandlingTuple,IndexingTuple
ae_python_while,HandlingFloat,TransformingToFloatType
ae_python_while,HandlingDictionary,ReplacingDictionaryElement
ae_python_while,HandlingDictionary,IndexingDictionary
ae_python_while,HandlingDictionary,AddingItemToDictionary
ae_python_while,HandlingDictionary,AccessingDictionary
ae_python_while,HandlingDictionary,CreatingDictionary
ae_python_while,HandlingList,DeletingListElement
ae_python_while,HandlingList,IndexingList
ae_python_while,HandlingList,CreatingList
ae_python_while,HandlingList,SlicingList
ae_python_while,HandlingList,ReplacingListElement
ae_python_while,HandlingList,ListReferencing
ae_python_while,HandlingList,ReversingList
ae_python_while,AddingListElement,AddingListElementWithInsert
ae_python_while,AddingListElement,AddingListElementWithAppend
ae_python_while,HandlingFile,ClosingFile
ae_python_while,HandlingFile,ReadingLine
ae_python_while,HandlingFile,OpeningFile
ae_python_while,HandlingString,CreatingString
ae_python_while,HandlingString,ReplacingStringContent
ae_python_while,HandlingString,FormattingString
ae_python_while,HandlingString,TransformingToStringType
ae_python_while,HandlingString,SplittingString
ae_python_for,HandlingFunctionCallingFunction,DefiningFunctionCallingFunction
ae_python_for,NonNestedIteration,SingleWhileLoopIteration
ae_python_for,WhileLoopWithUpdate,WhileLoopWithListIndexing
ae_python_for,WhileLoopWithUpdate,WhileLoopWith*=
ae_python_for,WhileLoopWithUpdate,WhileLoopWith+=
ae_python_for,ForLoopWithUpdate,ForLoopWith+=
ae_python_for,ForLoopWithUpdate,ForLoopWith*=
ae_python_for,ForLoopWithUpdate,ForLoopWithListIndexing
ae_python_for,NestedLoopIteration,MixedNestedLoopIteration
ae_python_for,NestedLoopIteration,NestedForLoopIteration
ae_python_for,NestedLoopIteration,NestedWhileLoopIteration
ae_python_for,ArithmeticOperation,FindAbsolute
ae_python_for,ArithmeticOperation,FindRemainder
ae_python_for,ArithmeticOperation,FindMaximum
ae_python_for,ArithmeticOperation,Addition
ae_python_for,ArithmeticOperation,Round
ae_python_for,ArithmeticOperation,Power
ae_python_for,ArithmeticOperation,FindMinimum
ae_python_for,ArithmeticOperation,Substraction
ae_python_for,ArithmeticOperation,Division
ae_python_for,ArithmeticOperation,Multiplication
ae_python_for,HandlingInteger,TransformingToIntType
ae_python_for,HandlingTuple,CreatingTuple
ae_python_for,HandlingTuple,SlicingTuple
ae_python_for,HandlingTuple,IndexingTuple
ae_python_for,HandlingFloat,TransformingToFloatType
ae_python_for,HandlingDictionary,ReplacingDictionaryElement
ae_python_for,HandlingDictionary,IndexingDictionary
ae_python_for,HandlingDictionary,AddingItemToDictionary
ae_python_for,HandlingDictionary,AccessingDictionary
ae_python_for,HandlingDictionary,CreatingDictionary
ae_python_for,HandlingList,DeletingListElement
ae_python_for,HandlingList,IndexingList
ae_python_for,HandlingList,CreatingList
ae_python_for,HandlingList,SlicingList
ae_python_for,HandlingList,ReplacingListElement
ae_python_for,HandlingList,ListReferencing
ae_python_for,HandlingList,ReversingList
ae_python_for,AddingListElement,AddingListElementWithInsert
ae_python_for,AddingListElement,AddingListElementWithAppend
ae_python_for,HandlingFile,ClosingFile
ae_python_for,HandlingFile,ReadingLine
ae_python_for,HandlingFile,OpeningFile
ae_python_for,HandlingString,CreatingString
ae_python_for,HandlingString,ReplacingStringContent
ae_python_for,HandlingString,FormattingString
ae_python_for,HandlingString,TransformingToStringType
ae_python_for,HandlingString,SplittingString
ae_python_function,Python,CheckingForItem
ae_python_function,ManagingVariable,AssigningVariable
ae_python_function,ManagingVariable,UpdatingVariable
ae_python_function,HandlingAdvancedDataStructure,BinaryTreeTask
ae_python_function,HandlingAdvancedDataStructure,LinkedListTask
ae_python_function,HandlingAdvancedDataStructure,QueueTask
ae_python_function,HandlingAdvancedDataStructure,StackTask
ae_python_function,TwoDimensionalArrayTask,ReplacingElement2DArray
ae_python_function,TwoDimensionalArrayTask,Indexing2DArray
ae_python_function,TwoDimensionalArrayTask,Create2DArray
ae_python_function,HandlingObjectOrientedProgramming,CallingOOPMethod
ae_python_function,HandlingObjectOrientedProgramming,CreatingObject
ae_python_function,HandlingObjectOrientedProgramming,DefiningClass
ae_python_function,HandlingObjectOrientedProgramming,DefiningOOPMethod
ae_python_function,HandlingFunction,CallingFunctionLibrary
ae_python_function,HandlingFunction,NestedFunctionCall
ae_python_function,HandlingFunctionCallingFunction,CallingFunctionCallingFunction
ae_python_function,HandlingFunctionCallingFunction,DefiningFunctionCallingFunction
ae_python_function,HandlingRecursiveFunction,CallingRecursiveFunction
ae_python_function,HandlingRecursiveFunction,DefiningRecursiveFunction
ae_python_function,HandlingNestedFunction,CallingNestedFunction
ae_python_function,HandlingNestedFunction,DefiningNestedFunction
ae_python_function,HandlingStandardFunction,CallingStandardFunction
ae_python_function,HandlingStandardFunction,DefiningStandardFunction
ae_python_function,NonNestedIteration,SingleForLoopIteration
ae_python_function,ArithmeticOperation,FindAbsolute
ae_python_function,ArithmeticOperation,FindRemainder
ae_python_function,ArithmeticOperation,FindMaximum
ae_python_function,ArithmeticOperation,Round
ae_python_function,ArithmeticOperation,Power
ae_python_function,ArithmeticOperation,FindMinimum
ae_python_function,ArithmeticOperation,Substraction
ae_python_function,ArithmeticOperation,Division
ae_python_list,NonNestedIteration,SingleWhileLoopIteration
ae_python_list,HandlingList,ReversingList
ae_python_list,AddingListElement,AddingListElementWithInsert
ae_python_list,HandlingString,TrimmingString
ae_python_list,HandlingString,IndexingString
ae_python_list,HandlingString,SlicingString
ae_python_list,ModifyingStringCase,ConvertStringToUpperCase
ae_python_list,ModifyingStringCase,ConvertStringToLowerCase
ae_python_list,ModifyingStringCase,CapitalizeString
ae_python_list,HandlingError,HandlingSpecificError
ae_python_list,HandlingError,HandlingGeneralError
ae_python_split,HandlingFunctionCallingFunction,DefiningFunctionCallingFunction
ae_python_split,HandlingStandardFunction,CallingStandardFunction
ae_python_split,WhileLoopWithUpdate,WhileLoopWithListIndexing
ae_python_split,WhileLoopWithUpdate,WhileLoopWith*=
ae_python_split,WhileLoopWithUpdate,WhileLoopWith+=
ae_python_split,HandlingList,SlicingList
ae_python_split,HandlingString,ReplacingStringContent
ae_python_split,HandlingString,TrimmingString
ae_python_split,HandlingString,IndexingString
ae_python_split,HandlingString,SlicingString
ae_python_split,ModifyingStringCase,ConvertStringToUpperCase
ae_python_split,ModifyingStringCase,ConvertStringToLowerCase
ae_python_split,ModifyingStringCase,CapitalizeString
ae_python_split,HandlingError,HandlingSpecificError
ae_python_split,HandlingError,HandlingGeneralError
ae_python_file,NonNestedIteration,SingleWhileLoopIteration
ae_python_file,WhileLoopWithUpdate,WhileLoopWith*=
ae_python_file,WhileLoopWithUpdate,WhileLoopWith+=
ae_python_file,ForLoopWithUpdate,ForLoopWith+=
ae_python_file,ForLoopWithUpdate,ForLoopWith*=
ae_python_file,ForLoopWithUpdate,ForLoopWithListIndexing
ae_python_file,NestedLoopIteration,NestedForLoopIteration
ae_python_file,NestedLoopIteration,NestedWhileLoopIteration
ae_python_file,ArithmeticOperation,FindAbsolute
ae_python_file,ArithmeticOperation,FindRemainder
ae_python_file,ArithmeticOperation,Round
ae_python_file,ArithmeticOperation,Power
ae_python_file,ArithmeticOperation,FindMinimum
ae_python_file,ArithmeticOperation,Division
ae_python_file,HandlingTuple,SlicingTuple
ae_python_file,HandlingTuple,IndexingTuple
ae_python_file,HandlingFloat,TransformingToFloatType
ae_python_file,HandlingDictionary,ReplacingDictionaryElement
ae_python_file,HandlingDictionary,IndexingDictionary
ae_python_file,HandlingDictionary,AddingItemToDictionary
ae_python_file,HandlingDictionary,AccessingDictionary
ae_python_file,HandlingDictionary,CreatingDictionary
ae_python_file,HandlingList,DeletingListElement
ae_python_file,HandlingList,IndexingList
ae_python_file,HandlingList,CreatingList
ae_python_file,HandlingList,SlicingList
ae_python_file,HandlingList,ReplacingListElement
ae_python_file,HandlingList,ListReferencing
ae_python_file,HandlingList,ReversingList
ae_python_file,AddingListElement,AddingListElementWithInsert
ae_python_file,AddingListElement,AddingListElementWithAppend
ae_python_file,HandlingFile,ClosingFile
ae_python_file,HandlingFile,ReadingLine
ae_python_file,HandlingFile,OpeningFile
ae_python_file,HandlingString,CreatingString
ae_python_file,HandlingString,ReplacingStringContent
ae_python_file,HandlingString,FormattingString
ae_python_file,HandlingString,TransformingToStringType
ae_python_file,HandlingString,SplittingString
ae_python_class1,Python,Concatenation
ae_python_class1,Python,Importing
ae_python_class1,Python,FindingLength
ae_python_class1,Python,Printing
ae_python_class1,Python,CheckingForItem
ae_python_class1,Python,HandlingInput
ae_python_class1,CheckingCondition,IfElseChecking
ae_python_class1,CheckingCondition,AssertChecking
ae_python_class1,CheckingCondition,IfElifElseChecking
ae_python_class1,CheckingCondition,NestedIfChecking
ae_python_class1,CheckingCondition,IfChecking
ae_python_class1,CheckingCondition,IfElifChecking
ae_python_class1,CheckingCondition,BooleanEvaluating
ae_python_class1,CheckingInForLoop,IfElseCheckingInForLoop
ae_python_class1,CheckingInForLoop,IfElifCheckingInForLoop
ae_python_class1,CheckingInForLoop,IfCheckingInForLoop
ae_python_class1,CheckingInForLoop,IfElifElseCheckingInForLoop
ae_python_class1,CheckingInWhileLoop,IfElifElseCheckingInWhileLoop
ae_python_class1,CheckingInWhileLoop,IfCheckingInWhileLoop
ae_python_class1,CheckingInWhileLoop,IfElseCheckingInWhileLoop
ae_python_class1,CheckingInWhileLoop,IfElifCheckingInWhileLoop
ae_python_class1,ManagingVariable,SwappingVariablesValue
ae_python_class1,HandlingTuple,SlicingTuple
ae_python_class1,HandlingTuple,IndexingTuple
ae_python_class1,HandlingFloat,TransformingToFloatType
ae_python_class1,HandlingDictionary,ReplacingDictionaryElement
ae_python_class1,HandlingDictionary,IndexingDictionary
ae_python_class1,HandlingDictionary,AddingItemToDictionary
ae_python_class1,HandlingDictionary,AccessingDictionary
ae_python_class1,HandlingDictionary,CreatingDictionary
ae_python_class1,HandlingList,DeletingListElement
ae_python_class1,HandlingList,IndexingList
ae_python_class1,HandlingList,CreatingList
ae_python_class1,HandlingList,SlicingList
ae_python_class1,HandlingList,ReplacingListElement
ae_python_class1,HandlingList,ListReferencing
ae_python_class1,HandlingList,ReversingList
ae_python_class1,AddingListElement,AddingListElementWithInsert
ae_python_class1,AddingListElement,AddingListElementWithAppend
ae_python_class1,HandlingFile,ClosingFile
ae_python_class1,HandlingFile,ReadingLine
ae_python_class1,HandlingFile,OpeningFile
ae_python_class1,HandlingString,CreatingString
ae_python_class1,HandlingString,ReplacingStringContent
ae_python_class1,HandlingString,FormattingString
ae_python_class1,HandlingString,TransformingToStringType
ae_python_class1,HandlingString,SplittingString
ae_python_class2,ManagingVariable,AssigningVariable
ae_python_class2,ManagingVariable,UpdatingVariable
ae_python_class2,HandlingAdvancedDataStructure,BinaryTreeTask
ae_python_class2,HandlingAdvancedDataStructure,LinkedListTask
ae_python_class2,HandlingAdvancedDataStructure,QueueTask
ae_python_class2,HandlingAdvancedDataStructure,StackTask
ae_python_class2,TwoDimensionalArrayTask,ReplacingElement2DArray
ae_python_class2,TwoDimensionalArrayTask,Indexing2DArray
ae_python_class2,TwoDimensionalArrayTask,Create2DArray
ae_python_class2,HandlingObjectOrientedProgramming,CallingOOPMethod
ae_python_class2,HandlingObjectOrientedProgramming,CreatingObject
ae_python_class2,HandlingObjectOrientedProgramming,DefiningClass
ae_python_class2,HandlingObjectOrientedProgramming,DefiningOOPMethod
ae_python_class2,HandlingFunction,CallingFunctionLibrary
ae_python_class2,HandlingFunction,NestedFunctionCall
ae_python_class2,HandlingFunctionCallingFunction,CallingFunctionCallingFunction
ae_python_class2,HandlingFunctionCallingFunction,DefiningFunctionCallingFunction
ae_python_class2,HandlingRecursiveFunction,CallingRecursiveFunction
ae_python_class2,HandlingRecursiveFunction,DefiningRecursiveFunction
ae_python_class2,HandlingNestedFunction,CallingNestedFunction
ae_python_class2,HandlingNestedFunction,DefiningNestedFunction
ae_python_class2,HandlingStandardFunction,CallingStandardFunction
ae_python_class2,HandlingStandardFunction,DefiningStandardFunction
ae_python_class2,NonNestedIteration,SingleForLoopIteration
ae_python_class2,ArithmeticOperation,FindAbsolute
ae_python_class2,ArithmeticOperation,Division
ae_python_class2,ArithmeticOperation,Multiplication
ae_adl_vals_refs1,ManagingVariable,AssigningVariable
ae_adl_vals_refs1,ManagingVariable,UpdatingVariable
ae_adl_vals_refs1,HandlingAdvancedDataStructure,BinaryTreeTask
ae_adl_vals_refs1,HandlingAdvancedDataStructure,LinkedListTask
ae_adl_vals_refs1,HandlingAdvancedDataStructure,QueueTask
ae_adl_vals_refs1,HandlingAdvancedDataStructure,StackTask
ae_adl_vals_refs1,TwoDimensionalArrayTask,ReplacingElement2DArray
ae_adl_vals_refs1,TwoDimensionalArrayTask,Indexing2DArray
ae_adl_vals_refs1,TwoDimensionalArrayTask,Create2DArray
ae_adl_vals_refs1,HandlingObjectOrientedProgramming,CallingOOPMethod
ae_adl_vals_refs1,HandlingObjectOrientedProgramming,CreatingObject
ae_adl_vals_refs1,HandlingObjectOrientedProgramming,DefiningClass
ae_adl_vals_refs1,HandlingObjectOrientedProgramming,DefiningOOPMethod
ae_adl_vals_refs1,HandlingFunction,CallingFunctionLibrary
ae_adl_vals_refs1,HandlingFunction,NestedFunctionCall
ae_adl_vals_refs1,HandlingFunctionCallingFunction,CallingFunctionCallingFunction
ae_adl_vals_refs1,HandlingFunctionCallingFunction,DefiningFunctionCallingFunction
ae_adl_vals_refs1,HandlingRecursiveFunction,CallingRecursiveFunction
ae_adl_vals_refs1,HandlingRecursiveFunction,DefiningRecursiveFunction
ae_adl_vals_refs1,HandlingNestedFunction,CallingNestedFunction
ae_adl_vals_refs1,HandlingNestedFunction,DefiningNestedFunction
ae_adl_vals_refs1,HandlingStandardFunction,CallingStandardFunction
ae_adl_vals_refs1,HandlingStandardFunction,DefiningStandardFunction
ae_adl_vals_refs1,NonNestedIteration,SingleForLoopIteration
ae_adl_vals_refs2,ManagingVariable,AssigningVariable
ae_adl_vals_refs2,ManagingVariable,UpdatingVariable
ae_adl_vals_refs2,HandlingAdvancedDataStructure,BinaryTreeTask
ae_adl_vals_refs2,HandlingAdvancedDataStructure,LinkedListTask
ae_adl_vals_refs2,HandlingAdvancedDataStructure,QueueTask
ae_adl_vals_refs2,HandlingAdvancedDataStructure,StackTask
ae_adl_vals_refs2,TwoDimensionalArrayTask,ReplacingElement2DArray
ae_adl_vals_refs2,TwoDimensionalArrayTask,Indexing2DArray
ae_adl_vals_refs2,TwoDimensionalArrayTask,Create2DArray
ae_adl_vals_refs2,HandlingObjectOrientedProgramming,CallingOOPMethod
ae_adl_vals_refs2,HandlingObjectOrientedProgramming,CreatingObject
ae_adl_vals_refs2,HandlingObjectOrientedProgramming,DefiningClass
ae_adl_vals_refs2,HandlingObjectOrientedProgramming,DefiningOOPMethod
ae_adl_vals_refs2,HandlingFunction,CallingFunctionLibrary
ae_adl_vals_refs2,HandlingFunction,NestedFunctionCall
ae_adl_vals_refs2,HandlingFunctionCallingFunction,CallingFunctionCallingFunction
ae_adl_vals_refs2,HandlingFunctionCallingFunction,DefiningFunctionCallingFunction
ae_adl_vals_refs2,HandlingRecursiveFunction,CallingRecursiveFunction
ae_adl_vals_refs2,HandlingRecursiveFunction,DefiningRecursiveFunction
ae_adl_vals_refs2,HandlingNestedFunction,CallingNestedFunction
ae_adl_vals_refs2,HandlingNestedFunction,DefiningNestedFunction
ae_adl_vals_refs2,HandlingStandardFunction,CallingStandardFunction
ae_adl_vals_refs2,HandlingStandardFunction,DefiningStandardFunction
ae_adl_vals_refs2,NonNestedIteration,SingleForLoopIteration
ae_adl_vals_refs2,HandlingTuple,SlicingTuple
ae_adl_vals_refs2,HandlingTuple,IndexingTuple
ae_adl_vals_refs2,HandlingFloat,TransformingToFloatType
ae_adl_vals_refs2,HandlingDictionary,ReplacingDictionaryElement
ae_adl_vals_refs2,HandlingDictionary,IndexingDictionary
ae_adl_vals_refs2,HandlingDictionary,AddingItemToDictionary
ae_adl_vals_refs2,HandlingDictionary,AccessingDictionary
ae_adl_vals_refs2,HandlingDictionary,CreatingDictionary
ae_adl_vals_refs2,HandlingList,DeletingListElement
ae_adl_vals_refs2,HandlingList,IndexingList
ae_adl_vals_refs2,HandlingList,CreatingList
ae_adl_vals_refs2,HandlingList,SlicingList
ae_adl_vals_refs2,HandlingList,ReplacingListElement
ae_adl_vals_refs2,HandlingList,ListReferencing
ae_adl_vals_refs2,HandlingList,ReversingList
ae_adl_vals_refs2,AddingListElement,AddingListElementWithInsert
ae_adl_vals_refs2,AddingListElement,AddingListElementWithAppend
ae_adl_vals_refs2,HandlingFile,ClosingFile
ae_adl_vals_refs2,HandlingFile,ReadingLine
ae_adl_vals_refs2,HandlingFile,OpeningFile
ae_adl_vals_refs2,HandlingString,CreatingString
ae_adl_vals_refs2,HandlingString,ReplacingStringContent
ae_adl_vals_refs2,HandlingString,FormattingString
ae_adl_vals_refs2,HandlingString,TransformingToStringType
ae_adl_vals_refs2,HandlingString,SplittingString
ae_adl_vals_refs2,HandlingString,TrimmingString
ae_adl_vals_refs2,HandlingString,IndexingString
ae_adl_vals_refs2,HandlingString,SlicingString
ae_adl_vals_refs2,ModifyingStringCase,ConvertStringToUpperCase
ae_adl_vals_refs2,ModifyingStringCase,ConvertStringToLowerCase
ae_adl_vals_refs2,ModifyingStringCase,CapitalizeString
ae_adl_vals_refs2,HandlingError,HandlingSpecificError
ae_adl_vals_refs2,HandlingError,HandlingGeneralError
ae_adl_vals_refs3,ManagingVariable,AssigningVariable
ae_adl_vals_refs3,ManagingVariable,UpdatingVariable
ae_adl_vals_refs3,HandlingAdvancedDataStructure,BinaryTreeTask
ae_adl_vals_refs3,HandlingAdvancedDataStructure,LinkedListTask
ae_adl_vals_refs3,HandlingAdvancedDataStructure,QueueTask
ae_adl_vals_refs3,HandlingAdvancedDataStructure,StackTask
ae_adl_vals_refs3,TwoDimensionalArrayTask,ReplacingElement2DArray
ae_adl_vals_refs3,TwoDimensionalArrayTask,Indexing2DArray
ae_adl_vals_refs3,TwoDimensionalArrayTask,Create2DArray
ae_adl_vals_refs3,HandlingObjectOrientedProgramming,CallingOOPMethod
ae_adl_vals_refs3,HandlingObjectOrientedProgramming,CreatingObject
ae_adl_vals_refs3,HandlingObjectOrientedProgramming,DefiningClass
ae_adl_vals_refs3,HandlingObjectOrientedProgramming,DefiningOOPMethod
ae_adl_vals_refs3,HandlingFunction,CallingFunctionLibrary
ae_adl_vals_refs3,HandlingFunction,NestedFunctionCall
ae_adl_vals_refs3,HandlingFunctionCallingFunction,CallingFunctionCallingFunction
ae_adl_vals_refs3,HandlingFunctionCallingFunction,DefiningFunctionCallingFunction
ae_adl_vals_refs3,HandlingRecursiveFunction,CallingRecursiveFunction
ae_adl_vals_refs3,HandlingRecursiveFunction,DefiningRecursiveFunction
ae_adl_vals_refs3,HandlingNestedFunction,CallingNestedFunction
ae_adl_vals_refs3,HandlingNestedFunction,DefiningNestedFunction
ae_adl_vals_refs3,HandlingStandardFunction,CallingStandardFunction
ae_adl_vals_refs3,HandlingStandardFunction,DefiningStandardFunction
ae_adl_vals_refs3,NonNestedIteration,SingleForLoopIteration
ae_adl_vals_refs3,NonNestedIteration,SingleWhileLoopIteration
ae_adl_vals_refs3,WhileLoopWithUpdate,WhileLoopWithListIndexing
ae_adl_vals_refs3,WhileLoopWithUpdate,WhileLoopWith*=
ae_adl_vals_refs3,WhileLoopWithUpdate,WhileLoopWith+=
ae_adl_vals_refs3,ForLoopWithUpdate,ForLoopWith+=
ae_adl_vals_refs3,ForLoopWithUpdate,ForLoopWith*=
ae_adl_vals_refs3,ForLoopWithUpdate,ForLoopWithListIndexing
ae_adl_vals_refs3,NestedLoopIteration,MixedNestedLoopIteration
ae_adl_vals_refs3,NestedLoopIteration,NestedForLoopIteration
ae_adl_vals_refs3,NestedLoopIteration,NestedWhileLoopIteration
ae_adl_vals_refs3,ArithmeticOperation,FindAbsolute
ae_adl_vals_refs3,ArithmeticOperation,FindRemainder
ae_adl_vals_refs3,ArithmeticOperation,FindMaximum
ae_adl_vals_refs3,ArithmeticOperation,Addition
ae_adl_vals_refs3,ArithmeticOperation,Round
ae_adl_vals_refs3,ArithmeticOperation,Power
ae_adl_vals_refs3,ArithmeticOperation,FindMinimum
ae_adl_vals_refs3,ArithmeticOperation,Substraction
ae_adl_vals_refs3,ArithmeticOperation,Division
ae_adl_vals_refs3,ArithmeticOperation,Multiplication
ae_adl_vals_refs3,HandlingInteger,TransformingToIntType
ae_adl_vals_refs3,HandlingTuple,CreatingTuple
ae_adl_vals_refs3,HandlingString,TrimmingString
ae_adl_vals_refs3,HandlingString,IndexingString
ae_adl_vals_refs3,HandlingString,SlicingString
ae_adl_vals_refs3,ModifyingStringCase,ConvertStringToUpperCase
ae_adl_vals_refs3,ModifyingStringCase,ConvertStringToLowerCase
ae_adl_vals_refs3,ModifyingStringCase,CapitalizeString
ae_adl_vals_refs3,HandlingError,HandlingSpecificError
ae_adl_vals_refs3,HandlingError,HandlingGeneralError
ae_adl_tryexcept1,HandlingAdvancedDataStructure,BinaryTreeTask
ae_adl_tryexcept1,HandlingAdvancedDataStructure,LinkedListTask
ae_adl_tryexcept1,HandlingAdvancedDataStructure,QueueTask
ae_adl_tryexcept1,HandlingAdvancedDataStructure,StackTask
ae_adl_tryexcept1,TwoDimensionalArrayTask,ReplacingElement2DArray
ae_adl_tryexcept1,TwoDimensionalArrayTask,Indexing2DArray
ae_adl_tryexcept1,TwoDimensionalArrayTask,Create2DArray
ae_adl_tryexcept1,HandlingObjectOrientedProgramming,CallingOOPMethod
ae_adl_tryexcept1,HandlingObjectOrientedProgramming,CreatingObject
ae_adl_tryexcept1,HandlingObjectOrientedProgramming,DefiningClass
ae_adl_tryexcept1,HandlingObjectOrientedProgramming,DefiningOOPMethod
ae_adl_tryexcept1,HandlingFunctionCallingFunction,DefiningFunctionCallingFunction
ae_adl_tryexcept2,Python,Concatenation
ae_adl_tryexcept2,Python,Importing
ae_adl_tryexcept2,Python,FindingLength
ae_adl_tryexcept2,Python,Printing
ae_adl_tryexcept2,Python,CheckingForItem
ae_adl_tryexcept2,Python,HandlingInput
ae_adl_tryexcept2,CheckingCondition,IfElseChecking
ae_adl_tryexcept2,CheckingCondition,AssertChecking
ae_adl_tryexcept2,CheckingCondition,IfElifElseChecking
ae_adl_tryexcept2,CheckingCondition,NestedIfChecking
ae_adl_tryexcept2,CheckingCondition,IfChecking
ae_adl_tryexcept2,CheckingCondition,IfElifChecking
ae_adl_tryexcept2,CheckingCondition,BooleanEvaluating
ae_adl_tryexcept2,CheckingInForLoop,IfElseCheckingInForLoop
ae_adl_tryexcept2,CheckingInForLoop,IfElifCheckingInForLoop
ae_adl_tryexcept2,CheckingInForLoop,IfCheckingInForLoop
ae_adl_tryexcept2,CheckingInForLoop,IfElifElseCheckingInForLoop
ae_adl_tryexcept2,CheckingInWhileLoop,IfElifElseCheckingInWhileLoop
ae_adl_tryexcept2,CheckingInWhileLoop,IfCheckingInWhileLoop
ae_adl_tryexcept2,CheckingInWhileLoop,IfElseCheckingInWhileLoop
ae_adl_tryexcept2,CheckingInWhileLoop,IfElifCheckingInWhileLoop
ae_adl_tryexcept2,ManagingVariable,SwappingVariablesValue
ae_adl_tryexcept2,ManagingVariable,AssigningVariable
ae_adl_tryexcept2,ManagingVariable,UpdatingVariable
ae_adl_tryexcept2,HandlingAdvancedDataStructure,BinaryTreeTask
ae_adl_tryexcept2,HandlingAdvancedDataStructure,LinkedListTask
ae_adl_tryexcept2,HandlingAdvancedDataStructure,QueueTask
ae_adl_tryexcept2,HandlingAdvancedDataStructure,StackTask
ae_adl_tryexcept2,TwoDimensionalArrayTask,ReplacingElement2DArray
ae_adl_tryexcept2,TwoDimensionalArrayTask,Indexing2DArray
ae_adl_tryexcept2,TwoDimensionalArrayTask,Create2DArray
ae_adl_tryexcept2,HandlingObjectOrientedProgramming,CallingOOPMethod
ae_adl_tryexcept2,HandlingObjectOrientedProgramming,CreatingObject
ae_adl_tryexcept2,HandlingObjectOrientedProgramming,DefiningClass
ae_adl_tryexcept2,HandlingObjectOrientedProgramming,DefiningOOPMethod
ae_adl_tryexcept2,HandlingFunction,CallingFunctionLibrary
ae_adl_tryexcept2,HandlingFunction,NestedFunctionCall
ae_adl_tryexcept2,HandlingFunctionCallingFunction,CallingFunctionCallingFunction
ae_adl_tryexcept2,HandlingFunctionCallingFunction,DefiningFunctionCallingFunction
ae_adl_tryexcept2,HandlingRecursiveFunction,CallingRecursiveFunction
ae_adl_tryexcept2,HandlingRecursiveFunction,DefiningRecursiveFunction
ae_adl_tryexcept2,HandlingNestedFunction,CallingNestedFunction
ae_adl_tryexcept2,HandlingNestedFunction,DefiningNestedFunction
ae_adl_tryexcept2,HandlingStandardFunction,CallingStandardFunction
ae_adl_tryexcept2,HandlingStandardFunction,DefiningStandardFunction
ae_adl_tryexcept2,NonNestedIteration,SingleForLoopIteration
ae_adl_tryexcept2,NonNestedIteration,SingleWhileLoopIteration
ae_adl_tryexcept2,WhileLoopWithUpdate,WhileLoopWithListIndexing
ae_adl_tryexcept2,WhileLoopWithUpdate,WhileLoopWith*=
ae_adl_tryexcept2,WhileLoopWithUpdate,WhileLoopWith+=
ae_adl_tryexcept2,ForLoopWithUpdate,ForLoopWith+=
ae_adl_tryexcept2,ForLoopWithUpdate,ForLoopWith*=
ae_adl_tryexcept2,ForLoopWithUpdate,ForLoopWithListIndexing
ae_adl_tryexcept2,NestedLoopIteration,MixedNestedLoopIteration
ae_adl_tryexcept2,NestedLoopIteration,NestedForLoopIteration
ae_adl_tryexcept2,NestedLoopIteration,NestedWhileLoopIteration
ae_adl_tryexcept2,ArithmeticOperation,FindAbsolute
ae_adl_tryexcept2,ArithmeticOperation,FindRemainder
ae_adl_tryexcept2,ArithmeticOperation,FindMaximum
ae_adl_tryexcept2,ArithmeticOperation,Addition
ae_adl_tryexcept2,ArithmeticOperation,Round
ae_adl_tryexcept2,ArithmeticOperation,Power
ae_adl_tryexcept2,ArithmeticOperation,FindMinimum
ae_adl_tryexcept2,ArithmeticOperation,Substraction
ae_adl_tryexcept2,ArithmeticOperation,Division
ae_adl_tryexcept2,ArithmeticOperation,Multiplication
ae_adl_tryexcept2,HandlingInteger,TransformingToIntType
ae_adl_tryexcept2,HandlingTuple,CreatingTuple
ae_adl_tryexcept2,HandlingString,ReplacingStringContent
ae_adl_tryexcept2,HandlingString,SplittingString
ae_adl_tryexcept2,HandlingString,TrimmingString
ae_adl_tryexcept2,HandlingString,IndexingString
ae_adl_tryexcept2,HandlingString,SlicingString
ae_adl_tryexcept2,ModifyingStringCase,ConvertStringToUpperCase
ae_adl_tryexcept2,ModifyingStringCase,ConvertStringToLowerCase
ae_adl_tryexcept2,ModifyingStringCase,CapitalizeString
ae_adl_tryexcept2,HandlingError,HandlingSpecificError
ae_adl_tryexcept2,HandlingError,HandlingGeneralError
ae_adl_file1,HandlingObjectOrientedProgramming,DefiningClass
ae_adl_file1,HandlingObjectOrientedProgramming,DefiningOOPMethod
ae_adl_file1,HandlingFunctionCallingFunction,CallingFunctionCallingFunction
ae_adl_file1,HandlingFunctionCallingFunction,DefiningFunctionCallingFunction
ae_adl_file1,NonNestedIteration,SingleWhileLoopIteration
ae_adl_file1,WhileLoopWithUpdate,WhileLoopWithListIndexing
ae_adl_file1,WhileLoopWithUpdate,WhileLoopWith*=
ae_adl_file1,WhileLoopWithUpdate,WhileLoopWith+=
ae_adl_file1,ForLoopWithUpdate,ForLoopWith*=
ae_adl_file1,ForLoopWithUpdate,ForLoopWithListIndexing
ae_adl_file1,NestedLoopIteration,MixedNestedLoopIteration
ae_adl_file1,NestedLoopIteration,NestedForLoopIteration
ae_adl_file1,NestedLoopIteration,NestedWhileLoopIteration
ae_adl_file1,ArithmeticOperation,FindAbsolute
ae_adl_file1,ArithmeticOperation,FindRemainder
ae_adl_file1,ArithmeticOperation,FindMaximum
ae_adl_file1,ArithmeticOperation,Round
ae_adl_file1,ArithmeticOperation,Power
ae_adl_file1,ArithmeticOperation,FindMinimum
ae_adl_file1,ArithmeticOperation,Substraction
ae_adl_file1,ArithmeticOperation,Multiplication
ae_adl_file1,HandlingTuple,CreatingTuple
ae_adl_file1,HandlingTuple,SlicingTuple
ae_adl_file1,HandlingTuple,IndexingTuple
ae_adl_file1,HandlingFloat,TransformingToFloatType
ae_adl_file1,HandlingDictionary,ReplacingDictionaryElement
ae_adl_file1,HandlingDictionary,IndexingDictionary
ae_adl_file1,HandlingDictionary,AddingItemToDictionary
ae_adl_file1,HandlingDictionary,AccessingDictionary
ae_adl_file1,HandlingDictionary,CreatingDictionary
ae_adl_file1,HandlingList,DeletingListElement
ae_adl_file1,HandlingList,IndexingList
ae_adl_file1,HandlingList,CreatingList
ae_adl_file1,HandlingList,SlicingList
ae_adl_file1,HandlingList,ReplacingListElement
ae_adl_file1,HandlingList,ListReferencing
ae_adl_file1,HandlingList,ReversingList
ae_adl_file1,AddingListElement,AddingListElementWithInsert
ae_adl_file1,AddingListElement,AddingListElementWithAppend
ae_adl_file1,HandlingFile,ClosingFile
ae_adl_file1,HandlingFile,ReadingLine
ae_adl_file1,HandlingFile,OpeningFile
ae_adl_file1,HandlingString,CreatingString
ae_adl_file1,HandlingString,ReplacingStringContent
ae_adl_file1,HandlingString,FormattingString
ae_adl_file1,HandlingString,TransformingToStringType
ae_adl_file1,HandlingString,SplittingString
ae_adl_file1,HandlingString,TrimmingString
ae_adl_file1,HandlingString,IndexingString
ae_adl_file1,HandlingString,SlicingString
ae_adl_file1,ModifyingStringCase,ConvertStringToUpperCase
ae_adl_file1,ModifyingStringCase,ConvertStringToLowerCase
ae_adl_file1,ModifyingStringCase,CapitalizeString
ae_adl_file1,HandlingError,HandlingSpecificError
ae_adl_file1,HandlingError,HandlingGeneralError
ae_adl_file2,NonNestedIteration,SingleWhileLoopIteration
ae_adl_file2,ArithmeticOperation,FindAbsolute
ae_adl_file2,ArithmeticOperation,FindRemainder
ae_adl_file2,ArithmeticOperation,Round
ae_adl_file2,ArithmeticOperation,Power
ae_adl_file2,ArithmeticOperation,FindMinimum
ae_adl_file2,ArithmeticOperation,Substraction
ae_adl_file2,ArithmeticOperation,Division
ae_adl_file2,ArithmeticOperation,Multiplication
ae_adl_file2,HandlingList,SlicingList
q_py_topic_strings:q_py_substring1,NonNestedIteration,SingleWhileLoopIteration
q_py_topic_strings:q_py_substring1,WhileLoopWithUpdate,WhileLoopWithListIndexing
q_py_topic_strings:q_py_substring1,WhileLoopWithUpdate,WhileLoopWith*=
q_py_topic_strings:q_py_substring1,WhileLoopWithUpdate,WhileLoopWith+=
q_py_topic_strings:q_py_substring1,ForLoopWithUpdate,ForLoopWith+=
q_py_topic_strings:q_py_substring1,ForLoopWithUpdate,ForLoopWith*=
q_py_topic_strings:q_py_substring1,ForLoopWithUpdate,ForLoopWithListIndexing
q_py_topic_strings:q_py_substring1,NestedLoopIteration,MixedNestedLoopIteration
q_py_topic_strings:q_py_substring1,NestedLoopIteration,NestedForLoopIteration
q_py_topic_strings:q_py_substring1,NestedLoopIteration,NestedWhileLoopIteration
q_py_topic_strings:q_py_substring1,ArithmeticOperation,FindAbsolute
q_py_topic_strings:q_py_substring1,ArithmeticOperation,FindRemainder
q_py_topic_strings:q_py_substring1,ArithmeticOperation,FindMaximum
q_py_topic_strings:q_py_substring1,ArithmeticOperation,Addition
q_py_topic_strings:q_py_substring1,ArithmeticOperation,Round
q_py_topic_strings:q_py_substring1,ArithmeticOperation,Power
q_py_topic_strings:q_py_substring1,ArithmeticOperation,FindMinimum
q_py_topic_strings:q_py_substring1,ArithmeticOperation,Substraction
q_py_topic_strings:q_py_substring1,ArithmeticOperation,Division
q_py_topic_strings:q_py_substring1,ArithmeticOperation,Multiplication
q_py_topic_strings:q_py_substring1,HandlingInteger,TransformingToIntType
q_py_topic_strings:q_py_substring1,HandlingTuple,CreatingTuple
q_py_topic_strings:q_py_substring1,HandlingTuple,SlicingTuple
q_py_topic_strings:q_py_substring1,HandlingTuple,IndexingTuple
q_py_topic_strings:q_py_substring1,HandlingFloat,TransformingToFloatType
q_py_topic_strings:q_py_substring1,HandlingDictionary,ReplacingDictionaryElement
q_py_topic_strings:q_py_substring1,HandlingDictionary,IndexingDictionary
q_py_topic_strings:q_py_substring1,HandlingDictionary,AddingItemToDictionary
q_py_topic_strings:q_py_substring1,HandlingDictionary,AccessingDictionary
q_py_topic_strings:q_py_substring1,HandlingDictionary,CreatingDictionary
q_py_topic_strings:q_py_substring1,HandlingList,DeletingListElement
q_py_topic_strings:q_py_substring1,HandlingList,IndexingList
q_py_topic_strings:q_py_substring1,HandlingList,CreatingList
q_py_topic_strings:q_py_substring1,HandlingList,SlicingList
q_py_topic_strings:q_py_substring1,HandlingList,ReplacingListElement
q_py_topic_strings:q_py_substring1,HandlingList,ListReferencing
q_py_topic_strings:q_py_substring1,HandlingList,ReversingList
q_py_topic_strings:q_py_substring1,AddingListElement,AddingListElementWithInsert
q_py_topic_strings:q_py_substring1,AddingListElement,AddingListElementWithAppend
q_py_topic_strings:q_py_substring1,HandlingFile,ClosingFile
q_py_topic_strings:q_py_substring1,HandlingFile,ReadingLine
q_py_topic_strings:q_py_substring1,HandlingFile,OpeningFile
q_py_topic_strings:q_py_substring1,HandlingString,CreatingString
q_py_topic_strings:q_py_substring1,HandlingString,ReplacingStringContent
q_py_topic_strings:q_py_substring1,HandlingString,FormattingString
q_py_topic_strings:q_py_substring1,HandlingString,TransformingToStringType
q_py_topic_strings:q_py_substring1,HandlingString,SplittingString
q_py_topic_strings:q_py_substring1,HandlingString,TrimmingString
q_py_topic_strings:q_py_substring1,HandlingString,IndexingString
q_py_topic_strings:q_py_substring1,HandlingString,SlicingString
q_py_topic_strings:q_py_substring1,ModifyingStringCase,ConvertStringToUpperCase
q_py_topic_strings:q_py_substring1,ModifyingStringCase,ConvertStringToLowerCase
q_py_topic_strings:q_py_substring1,ModifyingStringCase,CapitalizeString
q_py_topic_strings:q_py_substring1,HandlingError,HandlingSpecificError
q_py_topic_strings:q_py_substring1,HandlingError,HandlingGeneralError
q_py_topic_two_dimensional_array:q_py_2d_arrays1,ManagingVariable,AssigningVariable
q_py_topic_two_dimensional_array:q_py_2d_arrays1,ManagingVariable,UpdatingVariable
q_py_topic_two_dimensional_array:q_py_2d_arrays1,HandlingAdvancedDataStructure,BinaryTreeTask
q_py_topic_two_dimensional_array:q_py_2d_arrays1,HandlingAdvancedDataStructure,LinkedListTask
q_py_topic_two_dimensional_array:q_py_2d_arrays1,HandlingAdvancedDataStructure,QueueTask
q_py_topic_two_dimensional_array:q_py_2d_arrays1,HandlingAdvancedDataStructure,StackTask
q_py_topic_two_dimensional_array:q_py_2d_arrays1,TwoDimensionalArrayTask,ReplacingElement2DArray
q_py_topic_two_dimensional_array:q_py_2d_arrays1,TwoDimensionalArrayTask,Indexing2DArray
q_py_topic_two_dimensional_array:q_py_2d_arrays1,TwoDimensionalArrayTask,Create2DArray
q_py_topic_two_dimensional_array:q_py_2d_arrays1,HandlingObjectOrientedProgramming,CallingOOPMethod
q_py_topic_two_dimensional_array:q_py_2d_arrays1,HandlingObjectOrientedProgramming,CreatingObject
q_py_topic_two_dimensional_array:q_py_2d_arrays1,HandlingObjectOrientedProgramming,DefiningClass
q_py_topic_two_dimensional_array:q_py_2d_arrays1,HandlingObjectOrientedProgramming,DefiningOOPMethod
q_py_topic_two_dimensional_array:q_py_2d_arrays1,HandlingFunction,CallingFunctionLibrary
q_py_topic_two_dimensional_array:q_py_2d_arrays1,HandlingFunction,NestedFunctionCall
q_py_topic_two_dimensional_array:q_py_2d_arrays1,HandlingFunctionCallingFunction,CallingFunctionCallingFunction
q_py_topic_two_dimensional_array:q_py_2d_arrays1,HandlingFunctionCallingFunction,DefiningFunctionCallingFunction
q_py_topic_two_dimensional_array:q_py_2d_arrays1,HandlingRecursiveFunction,CallingRecursiveFunction
q_py_topic_two_dimensional_array:q_py_2d_arrays1,HandlingRecursiveFunction,DefiningRecursiveFunction
q_py_topic_two_dimensional_array:q_py_2d_arrays1,HandlingNestedFunction,CallingNestedFunction
q_py_topic_two_dimensional_array:q_py_2d_arrays1,HandlingNestedFunction,DefiningNestedFunction
q_py_topic_two_dimensional_array:q_py_2d_arrays1,HandlingStandardFunction,CallingStandardFunction
q_py_topic_two_dimensional_array:q_py_2d_arrays1,HandlingStandardFunction,DefiningStandardFunction
q_py_topic_two_dimensional_array:q_py_2d_arrays1,NonNestedIteration,SingleForLoopIteration
q_py_topic_two_dimensional_array:q_py_2d_arrays1,NonNestedIteration,SingleWhileLoopIteration
q_py_topic_two_dimensional_array:q_py_2d_arrays1,WhileLoopWithUpdate,WhileLoopWithListIndexing
q_py_topic_two_dimensional_array:q_py_2d_arrays1,WhileLoopWithUpdate,WhileLoopWith*=
q_py_topic_two_dimensional_array:q_py_2d_arrays1,WhileLoopWithUpdate,WhileLoopWith+=
q_py_topic_two_dimensional_array:q_py_2d_arrays1,ForLoopWithUpdate,ForLoopWith+=
q_py_topic_two_dimensional_array:q_py_2d_arrays1,ForLoopWithUpdate,ForLoopWith*=
q_py_topic_two_dimensional_array:q_py_2d_arrays1,ForLoopWithUpdate,ForLoopWithListIndexing
q_py_topic_two_dimensional_array:q_py_2d_arrays1,NestedLoopIteration,MixedNestedLoopIteration
q_py_topic_two_dimensional_array:q_py_2d_arrays1,NestedLoopIteration,NestedForLoopIteration
q_py_topic_two_dimensional_array:q_py_2d_arrays1,NestedLoopIteration,NestedWhileLoopIteration
q_py_topic_two_dimensional_array:q_py_2d_arrays1,ArithmeticOperation,FindAbsolute
q_py_topic_two_dimensional_array:q_py_2d_arrays1,ArithmeticOperation,FindRemainder
q_py_topic_two_dimensional_array:q_py_2d_arrays1,ArithmeticOperation,FindMaximum
q_py_topic_two_dimensional_array:q_py_2d_arrays1,ArithmeticOperation,Addition
q_py_topic_two_dimensional_array:q_py_2d_arrays1,ArithmeticOperation,Round
q_py_topic_two_dimensional_array:q_py_2d_arrays1,ArithmeticOperation,Power
q_py_topic_two_dimensional_array:q_py_2d_arrays1,ArithmeticOperation,FindMinimum
q_py_topic_two_dimensional_array:q_py_2d_arrays1,ArithmeticOperation,Substraction
q_py_topic_two_dimensional_array:q_py_2d_arrays1,ArithmeticOperation,Division
q_py_topic_two_dimensional_array:q_py_2d_arrays1,ArithmeticOperation,Multiplication
q_py_topic_two_dimensional_array:q_py_2d_arrays1,HandlingInteger,TransformingToIntType
q_py_topic_two_dimensional_array:q_py_2d_arrays1,HandlingTuple,CreatingTuple
q_py_topic_two_dimensional_array:q_py_2d_arrays1,HandlingTuple,SlicingTuple
q_py_topic_two_dimensional_array:q_py_2d_arrays1,HandlingTuple,IndexingTuple
q_py_topic_two_dimensional_array:q_py_2d_arrays1,HandlingFloat,TransformingToFloatType
q_py_topic_two_dimensional_array:q_py_2d_arrays1,HandlingDictionary,ReplacingDictionaryElement
q_py_topic_two_dimensional_array:q_py_2d_arrays1,HandlingDictionary,IndexingDictionary
q_py_topic_two_dimensional_array:q_py_2d_arrays1,HandlingDictionary,AddingItemToDictionary
q_py_topic_two_dimensional_array:q_py_2d_arrays1,HandlingDictionary,AccessingDictionary
q_py_topic_two_dimensional_array:q_py_2d_arrays1,HandlingDictionary,CreatingDictionary
q_py_topic_two_dimensional_array:q_py_2d_arrays1,HandlingList,DeletingListElement
q_py_topic_two_dimensional_array:q_py_2d_arrays1,HandlingList,IndexingList
q_py_topic_two_dimensional_array:q_py_2d_arrays1,HandlingList,CreatingList
q_py_topic_two_dimensional_array:q_py_2d_arrays1,HandlingList,SlicingList
q_py_topic_two_dimensional_array:q_py_2d_arrays1,HandlingList,ReplacingListElement
q_py_topic_two_dimensional_array:q_py_2d_arrays1,HandlingList,ListReferencing
q_py_topic_two_dimensional_array:q_py_2d_arrays1,HandlingList,ReversingList
q_py_topic_two_dimensional_array:q_py_2d_arrays1,AddingListElement,AddingListElementWithInsert
q_py_topic_two_dimensional_array:q_py_2d_arrays1,AddingListElement,AddingListElementWithAppend
q_py_topic_two_dimensional_array:q_py_2d_arrays1,HandlingFile,ClosingFile
q_py_topic_two_dimensional_array:q_py_2d_arrays1,HandlingFile,ReadingLine
q_py_topic_two_dimensional_array:q_py_2d_arrays1,HandlingFile,OpeningFile
q_py_topic_two_dimensional_array:q_py_2d_arrays1,HandlingString,CreatingString
q_py_topic_two_dimensional_array:q_py_2d_arrays1,HandlingString,ReplacingStringContent
q_py_topic_two_dimensional_array:q_py_2d_arrays1,HandlingString,FormattingString
q_py_topic_two_dimensional_array:q_py_2d_arrays1,HandlingString,TransformingToStringType
q_py_topic_two_dimensional_array:q_py_2d_arrays1,HandlingString,SplittingString
q_py_topic_two_dimensional_array:q_py_2d_arrays2,ManagingVariable,AssigningVariable
q_py_topic_two_dimensional_array:q_py_2d_arrays2,ManagingVariable,UpdatingVariable
q_py_topic_two_dimensional_array:q_py_2d_arrays2,HandlingAdvancedDataStructure,BinaryTreeTask
q_py_topic_two_dimensional_array:q_py_2d_arrays2,HandlingAdvancedDataStructure,LinkedListTask
q_py_topic_two_dimensional_array:q_py_2d_arrays2,HandlingAdvancedDataStructure,QueueTask
q_py_topic_two_dimensional_array:q_py_2d_arrays2,HandlingAdvancedDataStructure,StackTask
q_py_topic_two_dimensional_array:q_py_2d_arrays2,TwoDimensionalArrayTask,ReplacingElement2DArray
q_py_topic_two_dimensional_array:q_py_2d_arrays2,TwoDimensionalArrayTask,Indexing2DArray
q_py_topic_two_dimensional_array:q_py_2d_arrays2,TwoDimensionalArrayTask,Create2DArray
q_py_topic_two_dimensional_array:q_py_2d_arrays2,HandlingObjectOrientedProgramming,CallingOOPMethod
q_py_topic_two_dimensional_array:q_py_2d_arrays2,HandlingObjectOrientedProgramming,CreatingObject
q_py_topic_two_dimensional_array:q_py_2d_arrays2,HandlingObjectOrientedProgramming,DefiningClass
q_py_topic_two_dimensional_array:q_py_2d_arrays2,HandlingObjectOrientedProgramming,DefiningOOPMethod
q_py_topic_two_dimensional_array:q_py_2d_arrays2,HandlingFunction,CallingFunctionLibrary
q_py_topic_two_dimensional_array:q_py_2d_arrays2,HandlingFunction,NestedFunctionCall
q_py_topic_two_dimensional_array:q_py_2d_arrays2,HandlingFunctionCallingFunction,CallingFunctionCallingFunction
q_py_topic_two_dimensional_array:q_py_2d_arrays2,HandlingFunctionCallingFunction,DefiningFunctionCallingFunction
q_py_topic_two_dimensional_array:q_py_2d_arrays2,HandlingRecursiveFunction,CallingRecursiveFunction
q_py_topic_two_dimensional_array:q_py_2d_arrays2,HandlingRecursiveFunction,DefiningRecursiveFunction
q_py_topic_two_dimensional_array:q_py_2d_arrays2,HandlingNestedFunction,CallingNestedFunction
q_py_topic_two_dimensional_array:q_py_2d_arrays2,HandlingNestedFunction,DefiningNestedFunction
q_py_topic_two_dimensional_array:q_py_2d_arrays2,HandlingStandardFunction,CallingStandardFunction
q_py_topic_two_dimensional_array:q_py_2d_arrays2,HandlingStandardFunction,DefiningStandardFunction
q_py_topic_two_dimensional_array:q_py_2d_arrays2,NonNestedIteration,SingleForLoopIteration
q_py_topic_two_dimensional_array:q_py_2d_arrays2,NonNestedIteration,SingleWhileLoopIteration
q_py_topic_two_dimensional_array:q_py_2d_arrays2,WhileLoopWithUpdate,WhileLoopWithListIndexing
q_py_topic_two_dimensional_array:q_py_2d_arrays2,WhileLoopWithUpdate,WhileLoopWith*=
q_py_topic_two_dimensional_array:q_py_2d_arrays2,WhileLoopWithUpdate,WhileLoopWith+=
q_py_topic_two_dimensional_array:q_py_2d_arrays2,ForLoopWithUpdate,ForLoopWith+=
q_py_topic_two_dimensional_array:q_py_2d_arrays2,ForLoopWithUpdate,ForLoopWith*=
q_py_topic_two_dimensional_array:q_py_2d_arrays2,NestedLoopIteration,MixedNestedLoopIteration
q_py_topic_two_dimensional_array:q_py_2d_arrays2,NestedLoopIteration,NestedWhileLoopIteration
q_py_topic_two_dimensional_array:q_py_2d_arrays2,ArithmeticOperation,FindAbsolute
q_py_topic_two_dimensional_array:q_py_2d_arrays2,ArithmeticOperation,FindRemainder
q_py_topic_two_dimensional_array:q_py_2d_arrays2,ArithmeticOperation,Round
q_py_topic_two_dimensional_array:q_py_2d_arrays2,ArithmeticOperation,Power
q_py_topic_two_dimensional_array:q_py_2d_arrays2,ArithmeticOperation,FindMinimum
q_py_topic_two_dimensional_array:q_py_2d_arrays2,ArithmeticOperation,Division
q_py_topic_two_dimensional_array:q_py_2d_arrays2,ArithmeticOperation,Multiplication
q_py_topic_two_dimensional_array:q_py_2d_arrays3,HandlingAdvancedDataStructure,BinaryTreeTask
q_py_topic_two_dimensional_array:q_py_2d_arrays3,HandlingAdvancedDataStructure,LinkedListTask
q_py_topic_two_dimensional_array:q_py_2d_arrays3,HandlingAdvancedDataStructure,QueueTask
q_py_topic_two_dimensional_array:q_py_2d_arrays3,HandlingAdvancedDataStructure,StackTask
q_py_topic_two_dimensional_array:q_py_2d_arrays3,HandlingObjectOrientedProgramming,CallingOOPMethod
q_py_topic_two_dimensional_array:q_py_2d_arrays3,HandlingObjectOrientedProgramming,CreatingObject
q_py_topic_two_dimensional_array:q_py_2d_arrays3,HandlingObjectOrientedProgramming,DefiningClass
q_py_topic_two_dimensional_array:q_py_2d_arrays3,HandlingObjectOrientedProgramming,DefiningOOPMethod
q_py_topic_two_dimensional_array:q_py_2d_arrays3,HandlingFunction,NestedFunctionCall
q_py_topic_two_dimensional_array:q_py_2d_arrays3,HandlingFunctionCallingFunction,CallingFunctionCallingFunction
q_py_topic_two_dimensional_array:q_py_2d_arrays3,HandlingFunctionCallingFunction,DefiningFunctionCallingFunction
q_py_topic_two_dimensional_array:q_py_2d_arrays3,HandlingRecursiveFunction,CallingRecursiveFunction
q_py_topic_two_dimensional_array:q_py_2d_arrays3,HandlingRecursiveFunction,DefiningRecursiveFunction
q_py_topic_two_dimensional_array:q_py_2d_arrays3,HandlingNestedFunction,CallingNestedFunction
q_py_topic_two_dimensional_array:q_py_2d_arrays3,HandlingNestedFunction,DefiningNestedFunction
q_py_topic_two_dimensional_array:q_py_2d_arrays3,HandlingStandardFunction,CallingStandardFunction
q_py_topic_two_dimensional_array:q_py_2d_arrays3,HandlingStandardFunction,DefiningStandardFunction
q_py_topic_two_dimensional_array:q_py_2d_arrays3,NonNestedIteration,SingleWhileLoopIteration
q_py_topic_two_dimensional_array:q_py_2d_arrays3,WhileLoopWithUpdate,WhileLoopWithListIndexing
q_py_topic_two_dimensional_array:q_py_2d_arrays3,WhileLoopWithUpdate,WhileLoopWith*=
q_py_topic_two_dimensional_array:q_py_2d_arrays3,WhileLoopWithUpdate,WhileLoopWith+=
q_py_topic_two_dimensional_array:q_py_2d_arrays3,ForLoopWithUpdate,ForLoopWith+=
q_py_topic_two_dimensional_array:q_py_2d_arrays3,ForLoopWithUpdate,ForLoopWith*=
q_py_topic_two_dimensional_array:q_py_2d_arrays3,ForLoopWithUpdate,ForLoopWithListIndexing
q_py_topic_two_dimensional_array:q_py_2d_arrays3,NestedLoopIteration,MixedNestedLoopIteration
q_py_topic_two_dimensional_array:q_py_2d_arrays3,NestedLoopIteration,NestedForLoopIteration
q_py_topic_two_dimensional_array:q_py_2d_arrays3,NestedLoopIteration,NestedWhileLoopIteration
q_py_topic_two_dimensional_array:q_py_2d_arrays3,ArithmeticOperation,FindAbsolute
q_py_topic_two_dimensional_array:q_py_2d_arrays3,ArithmeticOperation,FindRemainder
q_py_topic_two_dimensional_array:q_py_2d_arrays3,ArithmeticOperation,FindMaximum
q_py_topic_two_dimensional_array:q_py_2d_arrays3,ArithmeticOperation,Addition
q_py_topic_two_dimensional_array:q_py_2d_arrays3,ArithmeticOperation,Round
q_py_topic_two_dimensional_array:q_py_2d_arrays3,ArithmeticOperation,Power
q_py_topic_two_dimensional_array:q_py_2d_arrays3,ArithmeticOperation,FindMinimum
q_py_topic_two_dimensional_array:q_py_2d_arrays3,ArithmeticOperation,Substraction
q_py_topic_two_dimensional_array:q_py_2d_arrays3,ArithmeticOperation,Division
q_py_topic_two_dimensional_array:q_py_2d_arrays3,ArithmeticOperation,Multiplication
q_py_topic_two_dimensional_array:q_py_2d_arrays3,HandlingInteger,TransformingToIntType
q_py_topic_two_dimensional_array:q_py_2d_arrays3,HandlingTuple,CreatingTuple
q_py_topic_two_dimensional_array:q_py_2d_arrays4,Python,Concatenation
q_py_topic_two_dimensional_array:q_py_2d_arrays4,Python,Importing
q_py_topic_two_dimensional_array:q_py_2d_arrays4,Python,FindingLength
q_py_topic_two_dimensional_array:q_py_2d_arrays4,Python,Printing
q_py_topic_two_dimensional_array:q_py_2d_arrays4,Python,CheckingForItem
q_py_topic_two_dimensional_array:q_py_2d_arrays4,Python,HandlingInput
q_py_topic_two_dimensional_array:q_py_2d_arrays4,CheckingCondition,IfElseChecking
q_py_topic_two_dimensional_array:q_py_2d_arrays4,CheckingCondition,AssertChecking
q_py_topic_two_dimensional_array:q_py_2d_arrays4,CheckingCondition,IfElifElseChecking
q_py_topic_two_dimensional_array:q_py_2d_arrays4,CheckingCondition,NestedIfChecking
q_py_topic_two_dimensional_array:q_py_2d_arrays4,CheckingCondition,IfChecking
q_py_topic_two_dimensional_array:q_py_2d_arrays4,CheckingCondition,IfElifChecking
q_py_topic_two_dimensional_array:q_py_2d_arrays4,CheckingCondition,BooleanEvaluating
q_py_topic_two_dimensional_array:q_py_2d_arrays4,CheckingInForLoop,IfElseCheckingInForLoop
q_py_topic_two_dimensional_array:q_py_2d_arrays4,CheckingInForLoop,IfElifCheckingInForLoop
q_py_topic_two_dimensional_array:q_py_2d_arrays4,CheckingInForLoop,IfCheckingInForLoop
q_py_topic_two_dimensional_array:q_py_2d_arrays4,CheckingInForLoop,IfElifElseCheckingInForLoop
q_py_topic_two_dimensional_array:q_py_2d_arrays4,CheckingInWhileLoop,IfElifElseCheckingInWhileLoop
q_py_topic_two_dimensional_array:q_py_2d_arrays4,CheckingInWhileLoop,IfCheckingInWhileLoop
q_py_topic_two_dimensional_array:q_py_2d_arrays4,CheckingInWhileLoop,IfElseCheckingInWhileLoop
q_py_topic_two_dimensional_array:q_py_2d_arrays4,CheckingInWhileLoop,IfElifCheckingInWhileLoop
q_py_topic_two_dimensional_array:q_py_2d_arrays4,ManagingVariable,SwappingVariablesValue
q_py_topic_two_dimensional_array:q_py_2d_arrays4,HandlingAdvancedDataStructure,BinaryTreeTask
q_py_topic_two_dimensional_array:q_py_2d_arrays4,HandlingAdvancedDataStructure,LinkedListTask
q_py_topic_two_dimensional_array:q_py_2d_arrays4,HandlingAdvancedDataStructure,QueueTask
q_py_topic_two_dimensional_array:q_py_2d_arrays4,HandlingAdvancedDataStructure,StackTask
q_py_topic_two_dimensional_array:q_py_2d_arrays4,HandlingObjectOrientedProgramming,CallingOOPMethod
q_py_topic_two_dimensional_array:q_py_2d_arrays4,HandlingObjectOrientedProgramming,CreatingObject
q_py_topic_two_dimensional_array:q_py_2d_arrays4,HandlingObjectOrientedProgramming,DefiningClass
q_py_topic_two_dimensional_array:q_py_2d_arrays4,HandlingObjectOrientedProgramming,DefiningOOPMethod
q_py_topic_two_dimensional_array:q_py_2d_arrays4,HandlingFunction,NestedFunctionCall
q_py_topic_two_dimensional_array:q_py_2d_arrays4,HandlingFunctionCallingFunction,CallingFunctionCallingFunction
q_py_topic_two_dimensional_array:q_py_2d_arrays4,HandlingFunctionCallingFunction,DefiningFunctionCallingFunction
q_py_topic_two_dimensional_array:q_py_2d_arrays4,HandlingRecursiveFunction,CallingRecursiveFunction
q_py_topic_two_dimensional_array:q_py_2d_arrays4,HandlingRecursiveFunction,DefiningRecursiveFunction
q_py_topic_two_dimensional_array:q_py_2d_arrays4,HandlingNestedFunction,CallingNestedFunction
q_py_topic_two_dimensional_array:q_py_2d_arrays4,HandlingNestedFunction,DefiningNestedFunction
q_py_topic_two_dimensional_array:q_py_2d_arrays4,HandlingStandardFunction,CallingStandardFunction
q_py_topic_two_dimensional_array:q_py_2d_arrays4,HandlingStandardFunction,DefiningStandardFunction
q_py_topic_two_dimensional_array:q_py_2d_arrays4,ForLoopWithUpdate,ForLoopWith*=
q_py_topic_two_dimensional_array:q_py_2d_arrays4,NestedLoopIteration,MixedNestedLoopIteration
q_py_topic_two_dimensional_array:q_py_2d_arrays4,NestedLoopIteration,NestedWhileLoopIteration
q_py_topic_variables:q_py_arithmetic1,ManagingVariable,AssigningVariable
q_py_topic_variables:q_py_arithmetic1,ManagingVariable,UpdatingVariable
q_py_topic_variables:q_py_arithmetic1,HandlingAdvancedDataStructure,BinaryTreeTask
q_py_topic_variables:q_py_arithmetic1,HandlingAdvancedDataStructure,LinkedListTask
q_py_topic_variables:q_py_arithmetic1,HandlingAdvancedDataStructure,QueueTask
q_py_topic_variables:q_py_arithmetic1,HandlingAdvancedDataStructure,StackTask
q_py_topic_variables:q_py_arithmetic1,TwoDimensionalArrayTask,ReplacingElement2DArray
q_py_topic_variables:q_py_arithmetic1,TwoDimensionalArrayTask,Indexing2DArray
q_py_topic_variables:q_py_arithmetic1,TwoDimensionalArrayTask,Create2DArray
q_py_topic_variables:q_py_arithmetic1,HandlingObjectOrientedProgramming,CallingOOPMethod
q_py_topic_variables:q_py_arithmetic1,HandlingObjectOrientedProgramming,CreatingObject
q_py_topic_variables:q_py_arithmetic1,HandlingObjectOrientedProgramming,DefiningClass
q_py_topic_variables:q_py_arithmetic1,HandlingObjectOrientedProgramming,DefiningOOPMethod
q_py_topic_variables:q_py_arithmetic1,HandlingFunction,CallingFunctionLibrary
q_py_topic_variables:q_py_arithmetic1,HandlingFunction,NestedFunctionCall
q_py_topic_variables:q_py_arithmetic1,HandlingFunctionCallingFunction,CallingFunctionCallingFunction
q_py_topic_variables:q_py_arithmetic1,HandlingFunctionCallingFunction,DefiningFunctionCallingFunction
q_py_topic_variables:q_py_arithmetic1,HandlingRecursiveFunction,CallingRecursiveFunction
q_py_topic_variables:q_py_arithmetic1,HandlingRecursiveFunction,DefiningRecursiveFunction
q_py_topic_variables:q_py_arithmetic1,HandlingNestedFunction,CallingNestedFunction
q_py_topic_variables:q_py_arithmetic1,HandlingNestedFunction,DefiningNestedFunction
q_py_topic_variables:q_py_arithmetic1,HandlingStandardFunction,CallingStandardFunction
q_py_topic_variables:q_py_arithmetic1,HandlingStandardFunction,DefiningStandardFunction
q_py_topic_variables:q_py_arithmetic1,NonNestedIteration,SingleForLoopIteration
q_py_topic_variables:q_py_arithmetic1,ArithmeticOperation,FindAbsolute
q_py_topic_variables:q_py_arithmetic2,ArithmeticOperation,Division
q_py_topic_variables:q_py_arithmetic2,HandlingTuple,CreatingTuple
q_py_topic_variables:q_py_exchange1,ManagingVariable,AssigningVariable
q_py_topic_variables:q_py_exchange1,ManagingVariable,UpdatingVariable
q_py_topic_variables:q_py_exchange1,HandlingAdvancedDataStructure,BinaryTreeTask
q_py_topic_variables:q_py_exchange1,HandlingAdvancedDataStructure,LinkedListTask
q_py_topic_variables:q_py_exchange1,HandlingAdvancedDataStructure,QueueTask
q_py_topic_variables:q_py_exchange1,HandlingAdvancedDataStructure,StackTask
q_py_topic_variables:q_py_exchange1,TwoDimensionalArrayTask,ReplacingElement2DArray
q_py_topic_variables:q_py_exchange1,TwoDimensionalArrayTask,Indexing2DArray
q_py_topic_variables:q_py_exchange1,TwoDimensionalArrayTask,Create2DArray
q_py_topic_variables:q_py_exchange1,HandlingObjectOrientedProgramming,CallingOOPMethod
q_py_topic_variables:q_py_exchange1,HandlingObjectOrientedProgramming,CreatingObject
q_py_topic_variables:q_py_exchange1,HandlingObjectOrientedProgramming,DefiningClass
q_py_topic_variables:q_py_exchange1,HandlingObjectOrientedProgramming,DefiningOOPMethod
q_py_topic_variables:q_py_exchange1,HandlingFunction,CallingFunctionLibrary
q_py_topic_variables:q_py_exchange1,HandlingFunction,NestedFunctionCall
q_py_topic_variables:q_py_exchange1,HandlingFunctionCallingFunction,CallingFunctionCallingFunction
q_py_topic_variables:q_py_exchange1,HandlingFunctionCallingFunction,DefiningFunctionCallingFunction
q_py_topic_variables:q_py_exchange1,HandlingRecursiveFunction,CallingRecursiveFunction
q_py_topic_variables:q_py_exchange1,HandlingRecursiveFunction,DefiningRecursiveFunction
q_py_topic_variables:q_py_exchange1,HandlingNestedFunction,CallingNestedFunction
q_py_topic_variables:q_py_exchange1,HandlingNestedFunction,DefiningNestedFunction
q_py_topic_variables:q_py_exchange1,HandlingStandardFunction,CallingStandardFunction
q_py_topic_variables:q_py_exchange1,HandlingStandardFunction,DefiningStandardFunction
q_py_topic_variables:q_py_exchange1,NonNestedIteration,SingleForLoopIteration
q_py_topic_variables:q_py_exchange1,ArithmeticOperation,Division
q_py_topic_variables:q_py_exchange1,HandlingFloat,TransformingToFloatType
q_py_topic_variables:q_py_exchange1,HandlingDictionary,ReplacingDictionaryElement
q_py_topic_variables:q_py_exchange1,HandlingDictionary,IndexingDictionary
q_py_topic_variables:q_py_exchange1,HandlingDictionary,AddingItemToDictionary
q_py_topic_variables:q_py_exchange1,HandlingDictionary,AccessingDictionary
q_py_topic_variables:q_py_exchange1,HandlingDictionary,CreatingDictionary
q_py_topic_variables:q_py_exchange1,HandlingList,DeletingListElement
q_py_topic_variables:q_py_exchange1,HandlingList,IndexingList
q_py_topic_variables:q_py_exchange1,HandlingList,CreatingList
q_py_topic_variables:q_py_exchange1,HandlingList,SlicingList
q_py_topic_variables:q_py_exchange1,HandlingList,ReplacingListElement
q_py_topic_variables:q_py_exchange1,HandlingList,ListReferencing
q_py_topic_variables:q_py_exchange1,HandlingList,ReversingList
q_py_topic_variables:q_py_exchange1,AddingListElement,AddingListElementWithInsert
q_py_topic_variables:q_py_exchange1,AddingListElement,AddingListElementWithAppend
q_py_topic_variables:q_py_exchange1,HandlingFile,ClosingFile
q_py_topic_variables:q_py_exchange1,HandlingFile,ReadingLine
q_py_topic_variables:q_py_exchange1,HandlingFile,OpeningFile
q_py_topic_variables:q_py_exchange1,HandlingString,CreatingString
q_py_topic_variables:q_py_exchange1,HandlingString,ReplacingStringContent
q_py_topic_variables:q_py_exchange1,HandlingString,FormattingString
q_py_topic_variables:q_py_exchange1,HandlingString,TransformingToStringType
q_py_topic_variables:q_py_exchange1,HandlingString,SplittingString
q_py_topic_variables:q_py_exchange1,HandlingString,TrimmingString
q_py_topic_variables:q_py_exchange1,HandlingString,IndexingString
q_py_topic_variables:q_py_exchange1,HandlingString,SlicingString
q_py_topic_variables:q_py_exchange1,ModifyingStringCase,ConvertStringToUpperCase
q_py_topic_variables:q_py_exchange1,ModifyingStringCase,ConvertStringToLowerCase
q_py_topic_variables:q_py_exchange1,ModifyingStringCase,CapitalizeString
q_py_topic_variables:q_py_exchange1,HandlingError,HandlingSpecificError
q_py_topic_variables:q_py_exchange1,HandlingError,HandlingGeneralError
q_py_topic_variables:q_py_exchange2,NonNestedIteration,SingleWhileLoopIteration
q_py_topic_variables:q_py_exchange2,WhileLoopWithUpdate,WhileLoopWithListIndexing
q_py_topic_variables:q_py_exchange2,WhileLoopWithUpdate,WhileLoopWith*=
q_py_topic_variables:q_py_exchange2,WhileLoopWithUpdate,WhileLoopWith+=
q_py_topic_variables:q_py_exchange2,ForLoopWithUpdate,ForLoopWith+=
q_py_topic_variables:q_py_exchange2,ForLoopWithUpdate,ForLoopWith*=
q_py_topic_variables:q_py_exchange2,ForLoopWithUpdate,ForLoopWithListIndexing
q_py_topic_variables:q_py_exchange2,NestedLoopIteration,MixedNestedLoopIteration
q_py_topic_variables:q_py_exchange2,NestedLoopIteration,NestedForLoopIteration
q_py_topic_variables:q_py_exchange2,NestedLoopIteration,NestedWhileLoopIteration
q_py_topic_variables:q_py_exchange2,ArithmeticOperation,FindAbsolute
q_py_topic_variables:q_py_exchange2,ArithmeticOperation,FindRemainder
q_py_topic_variables:q_py_exchange2,ArithmeticOperation,FindMaximum
q_py_topic_variables:q_py_exchange2,ArithmeticOperation,Addition
q_py_topic_variables:q_py_exchange2,ArithmeticOperation,Round
q_py_topic_variables:q_py_exchange2,ArithmeticOperation,Power
q_py_topic_variables:q_py_exchange2,ArithmeticOperation,FindMinimum
q_py_topic_variables:q_py_exchange2,ArithmeticOperation,Multiplication
q_py_topic_variables:q_py_exchange2,HandlingTuple,CreatingTuple
q_py_topic_variables:q_py_exchange2,HandlingTuple,SlicingTuple
q_py_topic_variables:q_py_exchange2,HandlingTuple,IndexingTuple
q_py_topic_variables:q_py_exchange2,HandlingFloat,TransformingToFloatType
q_py_topic_variables:q_py_exchange2,HandlingDictionary,ReplacingDictionaryElement
q_py_topic_variables:q_py_exchange2,HandlingDictionary,IndexingDictionary
q_py_topic_variables:q_py_exchange2,HandlingDictionary,AddingItemToDictionary
q_py_topic_variables:q_py_exchange2,HandlingDictionary,AccessingDictionary
q_py_topic_variables:q_py_exchange2,HandlingDictionary,CreatingDictionary
q_py_topic_variables:q_py_exchange2,HandlingList,DeletingListElement
q_py_topic_variables:q_py_exchange2,HandlingList,IndexingList
q_py_topic_variables:q_py_exchange2,HandlingList,CreatingList
q_py_topic_variables:q_py_exchange2,HandlingList,SlicingList
q_py_topic_variables:q_py_exchange2,HandlingList,ReplacingListElement
q_py_topic_variables:q_py_exchange2,HandlingList,ListReferencing
q_py_topic_variables:q_py_exchange2,HandlingList,ReversingList
q_py_topic_variables:q_py_exchange2,AddingListElement,AddingListElementWithInsert
q_py_topic_variables:q_py_exchange2,AddingListElement,AddingListElementWithAppend
q_py_topic_variables:q_py_exchange2,HandlingFile,ClosingFile
q_py_topic_variables:q_py_exchange2,HandlingFile,ReadingLine
q_py_topic_variables:q_py_exchange2,HandlingFile,OpeningFile
q_py_topic_variables:q_py_exchange2,HandlingString,CreatingString
q_py_topic_variables:q_py_exchange2,HandlingString,ReplacingStringContent
q_py_topic_variables:q_py_exchange2,HandlingString,FormattingString
q_py_topic_variables:q_py_exchange2,HandlingString,TransformingToStringType
q_py_topic_variables:q_py_exchange2,HandlingString,SplittingString
q_py_topic_variables:q_py_swap1,Python,Concatenation
q_py_topic_variables:q_py_swap1,Python,Importing
q_py_topic_variables:q_py_swap1,Python,FindingLength
q_py_topic_variables:q_py_swap1,Python,Printing
q_py_topic_variables:q_py_swap1,Python,CheckingForItem
q_py_topic_variables:q_py_swap1,Python,HandlingInput
q_py_topic_variables:q_py_swap1,CheckingCondition,IfElseChecking
q_py_topic_variables:q_py_swap1,CheckingCondition,AssertChecking
q_py_topic_variables:q_py_swap1,CheckingCondition,IfElifElseChecking
q_py_topic_variables:q_py_swap1,CheckingCondition,NestedIfChecking
q_py_topic_variables:q_py_swap1,CheckingCondition,IfChecking
q_py_topic_variables:q_py_swap1,CheckingCondition,IfElifChecking
q_py_topic_variables:q_py_swap1,CheckingCondition,BooleanEvaluating
q_py_topic_variables:q_py_swap1,CheckingInForLoop,IfElseCheckingInForLoop
q_py_topic_variables:q_py_swap1,CheckingInForLoop,IfElifCheckingInForLoop
q_py_topic_variables:q_py_swap1,CheckingInForLoop,IfCheckingInForLoop
q_py_topic_variables:q_py_swap1,CheckingInForLoop,IfElifElseCheckingInForLoop
q_py_topic_variables:q_py_swap1,CheckingInWhileLoop,IfElifElseCheckingInWhileLoop
q_py_topic_variables:q_py_swap1,CheckingInWhileLoop,IfCheckingInWhileLoop
q_py_topic_variables:q_py_swap1,CheckingInWhileLoop,IfElseCheckingInWhileLoop
q_py_topic_variables:q_py_swap1,CheckingInWhileLoop,IfElifCheckingInWhileLoop
q_py_topic_variables:q_py_swap1,ManagingVariable,SwappingVariablesValue
q_py_topic_variables:q_py_swap1,WhileLoopWithUpdate,WhileLoopWithListIndexing
q_py_topic_variables:q_py_swap1,WhileLoopWithUpdate,WhileLoopWith*=
q_py_topic_variables:q_py_swap1,ForLoopWithUpdate,ForLoopWith*=
q_py_topic_variables:q_py_swap1,ForLoopWithUpdate,ForLoopWithListIndexing
q_py_topic_variables:q_py_swap1,HandlingString,SplittingString
q_topic_classes_objects:q_py_inheritance_animal1,HandlingFunction,NestedFunctionCall
q_topic_classes_objects:q_py_inheritance_animal1,HandlingFunctionCallingFunction,DefiningFunctionCallingFunction
q_topic_classes_objects:q_py_inheritance_animal1,HandlingStandardFunction,CallingStandardFunction
q_topic_classes_objects:q_py_inheritance_animal1,HandlingStandardFunction,DefiningStandardFunction
q_topic_classes_objects:q_py_inheritance_animal1,NonNestedIteration,SingleWhileLoopIteration
q_topic_classes_objects:q_py_inheritance_animal1,WhileLoopWithUpdate,WhileLoopWithListIndexing
q_topic_classes_objects:q_py_inheritance_animal1,WhileLoopWithUpdate,WhileLoopWith*=
q_topic_classes_objects:q_py_inheritance_animal1,WhileLoopWithUpdate,WhileLoopWith+=
q_topic_classes_objects:q_py_inheritance_animal1,ForLoopWithUpdate,ForLoopWith+=
q_topic_classes_objects:q_py_inheritance_animal1,ForLoopWithUpdate,ForLoopWith*=
q_topic_classes_objects:q_py_inheritance_animal1,ForLoopWithUpdate,ForLoopWithListIndexing
q_topic_classes_objects:q_py_inheritance_animal1,NestedLoopIteration,MixedNestedLoopIteration
q_topic_classes_objects:q_py_inheritance_animal1,NestedLoopIteration,NestedForLoopIteration
q_topic_classes_objects:q_py_inheritance_animal1,NestedLoopIteration,NestedWhileLoopIteration
q_topic_classes_objects:q_py_inheritance_animal1,ArithmeticOperation,FindAbsolute
q_topic_classes_objects:q_py_inheritance_animal1,ArithmeticOperation,FindRemainder
q_topic_classes_objects:q_py_inheritance_animal1,ArithmeticOperation,FindMaximum
q_topic_classes_objects:q_py_inheritance_animal1,ArithmeticOperation,Addition
q_topic_classes_objects:q_py_inheritance_animal1,ArithmeticOperation,Round
q_topic_classes_objects:q_py_inheritance_animal1,ArithmeticOperation,Power
q_topic_classes_objects:q_py_inheritance_animal1,ArithmeticOperation,FindMinimum
q_topic_classes_objects:q_py_inheritance_animal1,ArithmeticOperation,Substraction
q_topic_classes_objects:q_py_inheritance_animal1,ArithmeticOperation,Division
q_topic_classes_objects:q_py_inheritance_animal1,ArithmeticOperation,Multiplication
q_topic_classes_objects:q_py_inheritance_animal1,HandlingInteger,TransformingToIntType
q_topic_classes_objects:q_py_inheritance_animal1,HandlingTuple,CreatingTuple
q_topic_classes_objects:q_py_inheritance_animal1,HandlingTuple,SlicingTuple
q_topic_classes_objects:q_py_inheritance_animal1,HandlingTuple,IndexingTuple
q_topic_classes_objects:q_py_inheritance_animal1,HandlingFloat,TransformingToFloatType
q_topic_classes_objects:q_py_inheritance_animal1,HandlingDictionary,ReplacingDictionaryElement
q_topic_classes_objects:q_py_inheritance_animal1,HandlingDictionary,IndexingDictionary
q_topic_classes_objects:q_py_inheritance_animal1,HandlingDictionary,AddingItemToDictionary
q_topic_classes_objects:q_py_inheritance_animal1,HandlingDictionary,AccessingDictionary
q_topic_classes_objects:q_py_inheritance_animal1,HandlingDictionary,CreatingDictionary
q_topic_classes_objects:q_py_inheritance_animal1,HandlingList,DeletingListElement
q_topic_classes_objects:q_py_inheritance_animal1,HandlingList,IndexingList
q_topic_classes_objects:q_py_inheritance_animal1,HandlingList,CreatingList
q_topic_classes_objects:q_py_inheritance_animal1,HandlingList,SlicingList
q_topic_classes_objects:q_py_inheritance_animal1,HandlingList,ReplacingListElement
q_topic_classes_objects:q_py_inheritance_animal1,HandlingList,ListReferencing
q_topic_classes_objects:q_py_inheritance_animal1,HandlingList,ReversingList
q_topic_classes_objects:q_py_inheritance_animal1,AddingListElement,AddingListElementWithInsert
q_topic_classes_objects:q_py_inheritance_animal1,AddingListElement,AddingListElementWithAppend
q_topic_classes_objects:q_py_inheritance_animal1,HandlingFile,ClosingFile
q_topic_classes_objects:q_py_inheritance_animal1,HandlingFile,ReadingLine
q_topic_classes_objects:q_py_inheritance_animal1,HandlingFile,OpeningFile
q_topic_classes_objects:q_py_inheritance_animal1,HandlingString,CreatingString
q_topic_classes_objects:q_py_inheritance_animal1,HandlingString,ReplacingStringContent
q_topic_classes_objects:q_py_inheritance_animal1,HandlingString,FormattingString
q_topic_classes_objects:q_py_inheritance_animal1,HandlingString,TransformingToStringType
q_topic_classes_objects:q_py_inheritance_animal1,HandlingString,SplittingString
q_topic_classes_objects:q_py_obj_account1,HandlingObjectOrientedProgramming,DefiningOOPMethod
q_topic_classes_objects:q_py_obj_account1,NonNestedIteration,SingleWhileLoopIteration
q_topic_classes_objects:q_py_obj_account1,WhileLoopWithUpdate,WhileLoopWithListIndexing
q_topic_classes_objects:q_py_obj_account1,WhileLoopWithUpdate,WhileLoopWith*=
q_topic_classes_objects:q_py_obj_account1,WhileLoopWithUpdate,WhileLoopWith+=
q_topic_classes_objects:q_py_obj_account1,ForLoopWithUpdate,ForLoopWith+=
q_topic_classes_objects:q_py_obj_account1,ForLoopWithUpdate,ForLoopWith*=
q_topic_classes_objects:q_py_obj_account1,ForLoopWithUpdate,ForLoopWithListIndexing
q_topic_classes_objects:q_py_obj_account1,NestedLoopIteration,MixedNestedLoopIteration
q_topic_classes_objects:q_py_obj_account1,NestedLoopIteration,NestedForLoopIteration
q_topic_classes_objects:q_py_obj_account1,NestedLoopIteration,NestedWhileLoopIteration
q_topic_classes_objects:q_py_obj_account1,ArithmeticOperation,FindAbsolute
q_topic_classes_objects:q_py_obj_account1,ArithmeticOperation,FindRemainder
q_topic_classes_objects:q_py_obj_account1,ArithmeticOperation,FindMaximum
q_topic_classes_objects:q_py_obj_account1,ArithmeticOperation,Addition
q_topic_classes_objects:q_py_obj_account1,ArithmeticOperation,Round
q_topic_classes_objects:q_py_obj_account1,ArithmeticOperation,Power
q_topic_classes_objects:q_py_obj_account1,ArithmeticOperation,FindMinimum
q_topic_classes_objects:q_py_obj_account1,ArithmeticOperation,Substraction
q_topic_classes_objects:q_py_obj_account1,ArithmeticOperation,Division
q_topic_classes_objects:q_py_obj_account1,ArithmeticOperation,Multiplication
q_topic_classes_objects:q_py_obj_account1,HandlingInteger,TransformingToIntType
q_topic_classes_objects:q_py_obj_account1,HandlingTuple,CreatingTuple
q_topic_classes_objects:q_py_obj_account1,HandlingDictionary,ReplacingDictionaryElement
q_topic_classes_objects:q_py_obj_account1,HandlingDictionary,AccessingDictionary
q_topic_classes_objects:q_py_obj_account1,HandlingList,ReversingList
q_topic_classes_objects:q_py_obj_bus1,ManagingVariable,AssigningVariable
q_topic_classes_objects:q_py_obj_bus1,ManagingVariable,UpdatingVariable
q_topic_classes_objects:q_py_obj_bus1,HandlingAdvancedDataStructure,BinaryTreeTask
q_topic_classes_objects:q_py_obj_bus1,HandlingAdvancedDataStructure,LinkedListTask
q_topic_classes_objects:q_py_obj_bus1,HandlingAdvancedDataStructure,QueueTask
q_topic_classes_objects:q_py_obj_bus1,HandlingAdvancedDataStructure,StackTask
q_topic_classes_objects:q_py_obj_bus1,TwoDimensionalArrayTask,ReplacingElement2DArray
q_topic_classes_objects:q_py_obj_bus1,TwoDimensionalArrayTask,Indexing2DArray
q_topic_classes_objects:q_py_obj_bus1,TwoDimensionalArrayTask,Create2DArray
q_topic_classes_objects:q_py_obj_bus1,HandlingObjectOrientedProgramming,CallingOOPMethod
q_topic_classes_objects:q_py_obj_bus1,HandlingObjectOrientedProgramming,CreatingObject
q_topic_classes_objects:q_py_obj_bus1,HandlingObjectOrientedProgramming,DefiningClass
q_topic_classes_objects:q_py_obj_bus1,HandlingObjectOrientedProgramming,DefiningOOPMethod
q_topic_classes_objects:q_py_obj_bus1,HandlingFunction,CallingFunctionLibrary
q_topic_classes_objects:q_py_obj_bus1,HandlingFunction,NestedFunctionCall
q_topic_classes_objects:q_py_obj_bus1,HandlingFunctionCallingFunction,CallingFunctionCallingFunction
q_topic_classes_objects:q_py_obj_bus1,HandlingFunctionCallingFunction,DefiningFunctionCallingFunction
q_topic_classes_objects:q_py_obj_bus1,HandlingRecursiveFunction,CallingRecursiveFunction
q_topic_classes_objects:q_py_obj_bus1,HandlingRecursiveFunction,DefiningRecursiveFunction
q_topic_classes_objects:q_py_obj_bus1,HandlingNestedFunction,CallingNestedFunction
q_topic_classes_objects:q_py_obj_bus1,HandlingNestedFunction,DefiningNestedFunction
q_topic_classes_objects:q_py_obj_bus1,HandlingStandardFunction,CallingStandardFunction
q_topic_classes_objects:q_py_obj_bus1,HandlingStandardFunction,DefiningStandardFunction
q_topic_classes_objects:q_py_obj_bus1,NonNestedIteration,SingleForLoopIteration
q_topic_classes_objects:q_py_obj_bus1,HandlingString,TrimmingString
q_topic_classes_objects:q_py_obj_bus1,HandlingString,IndexingString
q_topic_classes_objects:q_py_obj_bus1,HandlingString,SlicingString
q_topic_classes_objects:q_py_obj_bus1,ModifyingStringCase,ConvertStringToUpperCase
q_topic_classes_objects:q_py_obj_bus1,ModifyingStringCase,ConvertStringToLowerCase
q_topic_classes_objects:q_py_obj_bus1,ModifyingStringCase,CapitalizeString
q_topic_classes_objects:q_py_obj_bus1,HandlingError,HandlingSpecificError
q_topic_classes_objects:q_py_obj_bus1,HandlingError,HandlingGeneralError
q_topic_classes_objects:q_py_obj_car1,ManagingVariable,AssigningVariable
q_topic_classes_objects:q_py_obj_car1,ManagingVariable,UpdatingVariable
q_topic_classes_objects:q_py_obj_car1,HandlingAdvancedDataStructure,BinaryTreeTask
q_topic_classes_objects:q_py_obj_car1,HandlingAdvancedDataStructure,LinkedListTask
q_topic_classes_objects:q_py_obj_car1,HandlingAdvancedDataStructure,QueueTask
q_topic_classes_objects:q_py_obj_car1,HandlingAdvancedDataStructure,StackTask
q_topic_classes_objects:q_py_obj_car1,TwoDimensionalArrayTask,ReplacingElement2DArray
q_topic_classes_objects:q_py_obj_car1,TwoDimensionalArrayTask,Indexing2DArray
q_topic_classes_objects:q_py_obj_car1,TwoDimensionalArrayTask,Create2DArray
q_topic_classes_objects:q_py_obj_car1,HandlingObjectOrientedProgramming,DefiningOOPMethod
q_topic_classes_objects:q_py_obj_car1,HandlingFunction,CallingFunctionLibrary
q_topic_classes_objects:q_py_obj_car1,HandlingFunction,NestedFunctionCall
q_topic_classes_objects:q_py_obj_car1,HandlingFunctionCallingFunction,CallingFunctionCallingFunction
q_topic_classes_objects:q_py_obj_car1,HandlingFunctionCallingFunction,DefiningFunctionCallingFunction
q_topic_classes_objects:q_py_obj_car1,HandlingRecursiveFunction,CallingRecursiveFunction
q_topic_classes_objects:q_py_obj_car1,HandlingRecursiveFunction,DefiningRecursiveFunction
q_topic_classes_objects:q_py_obj_car1,HandlingNestedFunction,CallingNestedFunction
q_topic_classes_objects:q_py_obj_car1,HandlingNestedFunction,DefiningNestedFunction
q_topic_classes_objects:q_py_obj_car1,HandlingStandardFunction,CallingStandardFunction
q_topic_classes_objects:q_py_obj_car1,HandlingStandardFunction,DefiningStandardFunction
q_topic_classes_objects:q_py_obj_car1,NonNestedIteration,SingleForLoopIteration
q_topic_classes_objects:q_py_obj_car1,NonNestedIteration,SingleWhileLoopIteration
q_topic_classes_objects:q_py_obj_car1,WhileLoopWithUpdate,WhileLoopWithListIndexing
q_topic_classes_objects:q_py_obj_car1,WhileLoopWithUpdate,WhileLoopWith*=
q_topic_classes_objects:q_py_obj_car1,WhileLoopWithUpdate,WhileLoopWith+=
q_topic_classes_objects:q_py_obj_car1,ForLoopWithUpdate,ForLoopWith+=
q_topic_classes_objects:q_py_obj_car1,ForLoopWithUpdate,ForLoopWith*=
q_topic_classes_objects:q_py_obj_car1,ForLoopWithUpdate,ForLoopWithListIndexing
q_topic_classes_objects:q_py_obj_car1,NestedLoopIteration,MixedNestedLoopIteration
q_topic_classes_objects:q_py_obj_car1,NestedLoopIteration,NestedForLoopIteration
q_topic_classes_objects:q_py_obj_car1,NestedLoopIteration,NestedWhileLoopIteration
q_topic_classes_objects:q_py_obj_car1,ArithmeticOperation,FindAbsolute
q_topic_classes_objects:q_py_obj_car1,ArithmeticOperation,FindRemainder
q_topic_classes_objects:q_py_obj_car1,ArithmeticOperation,FindMaximum
q_topic_classes_objects:q_py_obj_car1,ArithmeticOperation,Round
q_topic_classes_objects:q_py_obj_car1,ArithmeticOperation,Power
q_topic_classes_objects:q_py_obj_car1,ArithmeticOperation,Division
q_topic_classes_objects:q_py_obj_car1,ArithmeticOperation,Multiplication
q_topic_classes_objects:q_py_obj_car1,HandlingString,SlicingString
q_topic_classes_objects:q_py_obj_car2,HandlingAdvancedDataStructure,BinaryTreeTask
q_topic_classes_objects:q_py_obj_car2,HandlingAdvancedDataStructure,LinkedListTask
q_topic_classes_objects:q_py_obj_car2,HandlingAdvancedDataStructure,QueueTask
q_topic_classes_objects:q_py_obj_car2,HandlingAdvancedDataStructure,StackTask
q_topic_classes_objects:q_py_obj_car2,TwoDimensionalArrayTask,ReplacingElement2DArray
q_topic_classes_objects:q_py_obj_car2,TwoDimensionalArrayTask,Indexing2DArray
q_topic_classes_objects:q_py_obj_car2,TwoDimensionalArrayTask,Create2DArray
q_topic_classes_objects:q_py_obj_car2,HandlingFunctionCallingFunction,DefiningFunctionCallingFunction
q_topic_classes_objects:q_py_obj_car2,NonNestedIteration,SingleWhileLoopIteration
q_topic_classes_objects:q_py_obj_car2,WhileLoopWithUpdate,WhileLoopWithListIndexing
q_topic_classes_objects:q_py_obj_car2,WhileLoopWithUpdate,WhileLoopWith*=
q_topic_classes_objects:q_py_obj_car2,WhileLoopWithUpdate,WhileLoopWith+=
q_topic_classes_objects:q_py_obj_car2,ForLoopWithUpdate,ForLoopWith+=
q_topic_classes_objects:q_py_obj_car2,ForLoopWithUpdate,ForLoopWith*=
q_topic_classes_objects:q_py_obj_car2,ForLoopWithUpdate,ForLoopWithListIndexing
q_topic_classes_objects:q_py_obj_car2,NestedLoopIteration,MixedNestedLoopIteration
q_topic_classes_objects:q_py_obj_car2,NestedLoopIteration,NestedForLoopIteration
q_topic_classes_objects:q_py_obj_car2,NestedLoopIteration,NestedWhileLoopIteration
q_topic_classes_objects:q_py_obj_car2,ArithmeticOperation,FindAbsolute
q_topic_classes_objects:q_py_obj_car2,ArithmeticOperation,FindRemainder
q_topic_classes_objects:q_py_obj_car2,ArithmeticOperation,FindMaximum
q_topic_classes_objects:q_py_obj_car2,ArithmeticOperation,Addition
q_topic_classes_objects:q_py_obj_car2,ArithmeticOperation,Round
q_topic_classes_objects:q_py_obj_car2,ArithmeticOperation,Power
q_topic_classes_objects:q_py_obj_car2,ArithmeticOperation,FindMinimum
q_topic_classes_objects:q_py_obj_car2,ArithmeticOperation,Substraction
q_topic_classes_objects:q_py_obj_car2,ArithmeticOperation,Division
q_topic_classes_objects:q_py_obj_car2,ArithmeticOperation,Multiplication
q_topic_classes_objects:q_py_obj_car2,HandlingInteger,TransformingToIntType
q_topic_classes_objects:q_py_obj_car2,HandlingTuple,CreatingTuple
q_topic_classes_objects:q_py_obj_car2,HandlingTuple,SlicingTuple
q_topic_classes_objects:q_py_obj_car2,HandlingTuple,IndexingTuple
q_topic_classes_objects:q_py_obj_car2,HandlingFloat,TransformingToFloatType
q_topic_classes_objects:q_py_obj_car2,HandlingDictionary,ReplacingDictionaryElement
q_topic_classes_objects:q_py_obj_car2,HandlingDictionary,IndexingDictionary
q_topic_classes_objects:q_py_obj_car2,HandlingDictionary,AddingItemToDictionary
q_topic_classes_objects:q_py_obj_car2,HandlingDictionary,AccessingDictionary
q_topic_classes_objects:q_py_obj_car2,HandlingDictionary,CreatingDictionary
q_topic_classes_objects:q_py_obj_car2,HandlingList,DeletingListElement
q_topic_classes_objects:q_py_obj_car2,HandlingList,IndexingList
q_topic_classes_objects:q_py_obj_car2,HandlingList,CreatingList
q_topic_classes_objects:q_py_obj_car2,HandlingList,SlicingList
q_topic_classes_objects:q_py_obj_car2,HandlingList,ReplacingListElement
q_topic_classes_objects:q_py_obj_car2,HandlingList,ListReferencing
q_topic_classes_objects:q_py_obj_car2,HandlingList,ReversingList
q_topic_classes_objects:q_py_obj_car2,AddingListElement,AddingListElementWithInsert
q_topic_classes_objects:q_py_obj_car2,AddingListElement,AddingListElementWithAppend
q_topic_classes_objects:q_py_obj_car2,HandlingFile,ClosingFile
q_topic_classes_objects:q_py_obj_car2,HandlingFile,ReadingLine
q_topic_classes_objects:q_py_obj_car2,HandlingFile,OpeningFile
q_topic_classes_objects:q_py_obj_car2,HandlingString,CreatingString
q_topic_classes_objects:q_py_obj_car2,HandlingString,ReplacingStringContent
q_topic_classes_objects:q_py_obj_car2,HandlingString,FormattingString
q_topic_classes_objects:q_py_obj_car2,HandlingString,TransformingToStringType
q_topic_classes_objects:q_py_obj_car2,HandlingString,SplittingString
q_topic_classes_objects:q_py_obj_car2,HandlingString,TrimmingString
q_topic_classes_objects:q_py_obj_car2,HandlingString,IndexingString
q_topic_classes_objects:q_py_obj_car2,HandlingString,SlicingString
q_topic_classes_objects:q_py_obj_car2,ModifyingStringCase,ConvertStringToUpperCase
q_topic_classes_objects:q_py_obj_car2,ModifyingStringCase,ConvertStringToLowerCase
q_topic_classes_objects:q_py_obj_car2,ModifyingStringCase,CapitalizeString
q_topic_classes_objects:q_py_obj_car2,HandlingError,HandlingSpecificError
q_topic_classes_objects:q_py_obj_car2,HandlingError,HandlingGeneralError
q_topic_classes_objects:q_py_obj_point1,ManagingVariable,AssigningVariable
q_topic_classes_objects:q_py_obj_point1,ManagingVariable,UpdatingVariable
q_topic_classes_objects:q_py_obj_point1,HandlingAdvancedDataStructure,BinaryTreeTask
q_topic_classes_objects:q_py_obj_point1,HandlingAdvancedDataStructure,LinkedListTask
q_topic_classes_objects:q_py_obj_point1,HandlingAdvancedDataStructure,QueueTask
q_topic_classes_objects:q_py_obj_point1,HandlingAdvancedDataStructure,StackTask
q_topic_classes_objects:q_py_obj_point1,TwoDimensionalArrayTask,ReplacingElement2DArray
q_topic_classes_objects:q_py_obj_point1,TwoDimensionalArrayTask,Indexing2DArray
q_topic_classes_objects:q_py_obj_point1,TwoDimensionalArrayTask,Create2DArray
q_topic_classes_objects:q_py_obj_point1,HandlingObjectOrientedProgramming,CallingOOPMethod
q_topic_classes_objects:q_py_obj_point1,HandlingFunction,CallingFunctionLibrary
q_topic_classes_objects:q_py_obj_point1,HandlingFunction,NestedFunctionCall
q_topic_classes_objects:q_py_obj_point1,HandlingFunctionCallingFunction,CallingFunctionCallingFunction
q_topic_classes_objects:q_py_obj_point1,HandlingFunctionCallingFunction,DefiningFunctionCallingFunction
q_topic_classes_objects:q_py_obj_point1,HandlingRecursiveFunction,CallingRecursiveFunction
q_topic_classes_objects:q_py_obj_point1,HandlingRecursiveFunction,DefiningRecursiveFunction
q_topic_classes_objects:q_py_obj_point1,HandlingNestedFunction,CallingNestedFunction
q_topic_classes_objects:q_py_obj_point1,HandlingNestedFunction,DefiningNestedFunction
q_topic_classes_objects:q_py_obj_point1,HandlingStandardFunction,CallingStandardFunction
q_topic_classes_objects:q_py_obj_point1,HandlingStandardFunction,DefiningStandardFunction
q_topic_classes_objects:q_py_obj_point1,NonNestedIteration,SingleForLoopIteration
q_topic_classes_objects:q_py_obj_student1,ManagingVariable,AssigningVariable
q_topic_classes_objects:q_py_obj_student1,ManagingVariable,UpdatingVariable
q_topic_classes_objects:q_py_obj_student1,HandlingAdvancedDataStructure,BinaryTreeTask
q_topic_classes_objects:q_py_obj_student1,HandlingAdvancedDataStructure,LinkedListTask
q_topic_classes_objects:q_py_obj_student1,HandlingAdvancedDataStructure,QueueTask
q_topic_classes_objects:q_py_obj_student1,HandlingAdvancedDataStructure,StackTask
q_topic_classes_objects:q_py_obj_student1,TwoDimensionalArrayTask,ReplacingElement2DArray
q_topic_classes_objects:q_py_obj_student1,TwoDimensionalArrayTask,Indexing2DArray
q_topic_classes_objects:q_py_obj_student1,TwoDimensionalArrayTask,Create2DArray
q_topic_classes_objects:q_py_obj_student1,HandlingObjectOrientedProgramming,DefiningOOPMethod
q_topic_classes_objects:q_py_obj_student1,HandlingFunction,CallingFunctionLibrary
q_topic_classes_objects:q_py_obj_student1,HandlingFunction,NestedFunctionCall
q_topic_classes_objects:q_py_obj_student1,HandlingFunctionCallingFunction,CallingFunctionCallingFunction
q_topic_classes_objects:q_py_obj_student1,HandlingFunctionCallingFunction,DefiningFunctionCallingFunction
q_topic_classes_objects:q_py_obj_student1,HandlingRecursiveFunction,CallingRecursiveFunction
q_topic_classes_objects:q_py_obj_student1,HandlingRecursiveFunction,DefiningRecursiveFunction
q_topic_classes_objects:q_py_obj_student1,HandlingNestedFunction,CallingNestedFunction
q_topic_classes_objects:q_py_obj_student1,HandlingNestedFunction,DefiningNestedFunction
q_topic_classes_objects:q_py_obj_student1,HandlingStandardFunction,CallingStandardFunction
q_topic_classes_objects:q_py_obj_student1,HandlingStandardFunction,DefiningStandardFunction
q_topic_classes_objects:q_py_obj_student1,NonNestedIteration,SingleWhileLoopIteration
q_topic_classes_objects:q_py_obj_student1,ArithmeticOperation,Multiplication
py_if_else_wage,ManagingVariable,AssigningVariable
py_if_else_wage,ManagingVariable,UpdatingVariable
py_if_else_wage,HandlingAdvancedDataStructure,BinaryTreeTask
py_if_else_wage,HandlingAdvancedDataStructure,LinkedListTask
py_if_else_wage,HandlingAdvancedDataStructure,QueueTask
py_if_else_wage,HandlingAdvancedDataStructure,StackTask
py_if_else_wage,TwoDimensionalArrayTask,ReplacingElement2DArray
py_if_else_wage,TwoDimensionalArrayTask,Indexing2DArray
py_if_else_wage,TwoDimensionalArrayTask,Create2DArray
py_if_else_wage,HandlingObjectOrientedProgramming,CallingOOPMethod
py_if_else_wage,HandlingObjectOrientedProgramming,CreatingObject
py_if_else_wage,HandlingObjectOrientedProgramming,DefiningClass
py_if_else_wage,HandlingObjectOrientedProgramming,DefiningOOPMethod
py_if_else_wage,HandlingFunction,CallingFunctionLibrary
py_if_else_wage,HandlingFunction,NestedFunctionCall
py_if_else_wage,HandlingFunctionCallingFunction,CallingFunctionCallingFunction
py_if_else_wage,HandlingFunctionCallingFunction,DefiningFunctionCallingFunction
py_if_else_wage,HandlingRecursiveFunction,CallingRecursiveFunction
py_if_else_wage,HandlingRecursiveFunction,DefiningRecursiveFunction
py_if_else_wage,HandlingNestedFunction,CallingNestedFunction
py_if_else_wage,HandlingNestedFunction,DefiningNestedFunction
py_if_else_wage,HandlingStandardFunction,CallingStandardFunction
py_if_else_wage,HandlingStandardFunction,DefiningStandardFunction
py_if_else_wage,NonNestedIteration,SingleForLoopIteration
py_if_else_wage,NonNestedIteration,SingleWhileLoopIteration
py_if_else_wage,WhileLoopWithUpdate,WhileLoopWithListIndexing
py_if_else_wage,WhileLoopWithUpdate,WhileLoopWith*=
py_if_else_wage,WhileLoopWithUpdate,WhileLoopWith+=
py_if_else_wage,ForLoopWithUpdate,ForLoopWith+=
py_if_else_wage,ForLoopWithUpdate,ForLoopWith*=
py_if_else_wage,ForLoopWithUpdate,ForLoopWithListIndexing
py_if_else_wage,NestedLoopIteration,MixedNestedLoopIteration
py_if_else_wage,NestedLoopIteration,NestedForLoopIteration
py_if_else_wage,NestedLoopIteration,NestedWhileLoopIteration
py_if_else_wage,ArithmeticOperation,FindAbsolute
py_if_else_wage,ArithmeticOperation,FindRemainder
py_if_else_wage,ArithmeticOperation,FindMaximum
py_if_else_wage,ArithmeticOperation,Addition
py_if_else_wage,ArithmeticOperation,Round
py_if_else_wage,ArithmeticOperation,Power
py_if_else_wage,ArithmeticOperation,FindMinimum
py_if_else_wage,ArithmeticOperation,Substraction
py_if_else_wage,ArithmeticOperation,Division
py_if_else_wage,ArithmeticOperation,Multiplication
py_if_else_wage,HandlingInteger,TransformingToIntType
py_if_else_wage,HandlingTuple,CreatingTuple
py_if_else_wage,HandlingString,SplittingString
py_if_else_wage2,Python,Concatenation
py_if_else_wage2,Python,Importing
py_if_else_wage2,Python,FindingLength
py_if_else_wage2,Python,Printing
py_if_else_wage2,Python,CheckingForItem
py_if_else_wage2,Python,HandlingInput
py_if_else_wage2,CheckingCondition,IfElseChecking
py_if_else_wage2,CheckingCondition,AssertChecking
py_if_else_wage2,CheckingCondition,IfElifElseChecking
py_if_else_wage2,CheckingCondition,NestedIfChecking
py_if_else_wage2,CheckingCondition,IfChecking
py_if_else_wage2,CheckingCondition,IfElifChecking
py_if_else_wage2,CheckingCondition,BooleanEvaluating
py_if_else_wage2,CheckingInForLoop,IfElseCheckingInForLoop
py_if_else_wage2,CheckingInForLoop,IfElifCheckingInForLoop
py_if_else_wage2,CheckingInForLoop,IfCheckingInForLoop
py_if_else_wage2,CheckingInForLoop,IfElifElseCheckingInForLoop
py_if_else_wage2,CheckingInWhileLoop,IfElifElseCheckingInWhileLoop
py_if_else_wage2,CheckingInWhileLoop,IfCheckingInWhileLoop
py_if_else_wage2,CheckingInWhileLoop,IfElseCheckingInWhileLoop
py_if_else_wage2,CheckingInWhileLoop,IfElifCheckingInWhileLoop
py_if_else_wage2,ManagingVariable,SwappingVariablesValue
py_if_else_wage2,ManagingVariable,AssigningVariable
py_if_else_wage2,ManagingVariable,UpdatingVariable
py_if_else_wage2,HandlingAdvancedDataStructure,BinaryTreeTask
py_if_else_wage2,HandlingAdvancedDataStructure,LinkedListTask
py_if_else_wage2,HandlingAdvancedDataStructure,QueueTask
py_if_else_wage2,HandlingAdvancedDataStructure,StackTask
py_if_else_wage2,TwoDimensionalArrayTask,ReplacingElement2DArray
py_if_else_wage2,TwoDimensionalArrayTask,Indexing2DArray
py_if_else_wage2,TwoDimensionalArrayTask,Create2DArray
py_if_else_wage2,HandlingObjectOrientedProgramming,CallingOOPMethod
py_if_else_wage2,HandlingObjectOrientedProgramming,CreatingObject
py_if_else_wage2,HandlingObjectOrientedProgramming,DefiningClass
py_if_else_wage2,HandlingObjectOrientedProgramming,DefiningOOPMethod
py_if_else_wage2,HandlingFunction,CallingFunctionLibrary
py_if_else_wage2,HandlingFunction,NestedFunctionCall
py_if_else_wage2,HandlingFunctionCallingFunction,CallingFunctionCallingFunction
py_if_else_wage2,HandlingFunctionCallingFunction,DefiningFunctionCallingFunction
py_if_else_wage2,HandlingRecursiveFunction,CallingRecursiveFunction
py_if_else_wage2,HandlingRecursiveFunction,DefiningRecursiveFunction
py_if_else_wage2,HandlingNestedFunction,CallingNestedFunction
py_if_else_wage2,HandlingNestedFunction,DefiningNestedFunction
py_if_else_wage2,HandlingStandardFunction,CallingStandardFunction
py_if_else_wage2,HandlingStandardFunction,DefiningStandardFunction
py_if_else_wage2,NonNestedIteration,SingleForLoopIteration
py_if_else_wage2,ArithmeticOperation,Division
py_if_else_wage2,HandlingTuple,CreatingTuple
py_check_adjacent,HandlingAdvancedDataStructure,BinaryTreeTask
py_check_adjacent,HandlingAdvancedDataStructure,LinkedListTask
py_check_adjacent,HandlingAdvancedDataStructure,QueueTask
py_check_adjacent,HandlingAdvancedDataStructure,StackTask
py_check_adjacent,TwoDimensionalArrayTask,ReplacingElement2DArray
py_check_adjacent,TwoDimensionalArrayTask,Indexing2DArray
py_check_adjacent,TwoDimensionalArrayTask,Create2DArray
py_check_adjacent,ForLoopWithUpdate,ForLoopWith+=
py_check_adjacent,ForLoopWithUpdate,ForLoopWith*=
py_check_adjacent,ForLoopWithUpdate,ForLoopWithListIndexing
py_check_adjacent,ArithmeticOperation,FindAbsolute
py_adjacent_consecutive,ManagingVariable,AssigningVariable
py_adjacent_consecutive,ManagingVariable,UpdatingVariable
py_adjacent_consecutive,HandlingAdvancedDataStructure,BinaryTreeTask
py_adjacent_consecutive,HandlingAdvancedDataStructure,LinkedListTask
py_adjacent_consecutive,HandlingAdvancedDataStructure,QueueTask
py_adjacent_consecutive,HandlingAdvancedDataStructure,StackTask
py_adjacent_consecutive,TwoDimensionalArrayTask,ReplacingElement2DArray
py_adjacent_consecutive,TwoDimensionalArrayTask,Indexing2DArray
py_adjacent_consecutive,TwoDimensionalArrayTask,Create2DArray
py_adjacent_consecutive,HandlingObjectOrientedProgramming,CallingOOPMethod
py_adjacent_consecutive,HandlingObjectOrientedProgramming,CreatingObject
py_adjacent_consecutive,HandlingObjectOrientedProgramming,DefiningClass
py_adjacent_consecutive,HandlingObjectOrientedProgramming,DefiningOOPMethod
py_adjacent_consecutive,HandlingFunction,CallingFunctionLibrary
py_adjacent_consecutive,HandlingFunction,NestedFunctionCall
py_adjacent_consecutive,HandlingFunctionCallingFunction,CallingFunctionCallingFunction
py_adjacent_consecutive,HandlingFunctionCallingFunction,DefiningFunctionCallingFunction
py_adjacent_consecutive,HandlingRecursiveFunction,CallingRecursiveFunction
py_adjacent_consecutive,HandlingRecursiveFunction,DefiningRecursiveFunction
py_adjacent_consecutive,HandlingNestedFunction,CallingNestedFunction
py_adjacent_consecutive,HandlingNestedFunction,DefiningNestedFunction
py_adjacent_consecutive,HandlingStandardFunction,CallingStandardFunction
py_adjacent_consecutive,HandlingStandardFunction,DefiningStandardFunction
py_adjacent_consecutive,NonNestedIteration,SingleForLoopIteration
py_adjacent_consecutive,ForLoopWithUpdate,ForLoopWith+=
py_adjacent_consecutive,ForLoopWithUpdate,ForLoopWith*=
py_adjacent_consecutive,ForLoopWithUpdate,ForLoopWithListIndexing
py_adjacent_consecutive,HandlingTuple,SlicingTuple
py_adjacent_consecutive,HandlingTuple,IndexingTuple
py_adjacent_consecutive,HandlingFloat,TransformingToFloatType
py_adjacent_consecutive,HandlingDictionary,ReplacingDictionaryElement
py_adjacent_consecutive,HandlingDictionary,IndexingDictionary
py_adjacent_consecutive,HandlingDictionary,AddingItemToDictionary
py_adjacent_consecutive,HandlingDictionary,AccessingDictionary
py_adjacent_consecutive,HandlingDictionary,CreatingDictionary
py_adjacent_consecutive,HandlingList,DeletingListElement
py_adjacent_consecutive,HandlingList,IndexingList
py_adjacent_consecutive,HandlingList,CreatingList
py_adjacent_consecutive,HandlingList,SlicingList
py_adjacent_consecutive,HandlingList,ReplacingListElement
py_adjacent_consecutive,HandlingList,ListReferencing
py_adjacent_consecutive,HandlingList,ReversingList
py_adjacent_consecutive,AddingListElement,AddingListElementWithInsert
py_adjacent_consecutive,AddingListElement,AddingListElementWithAppend
py_adjacent_consecutive,HandlingFile,ClosingFile
py_adjacent_consecutive,HandlingFile,ReadingLine
py_adjacent_consecutive,HandlingFile,OpeningFile
py_adjacent_consecutive,HandlingString,CreatingString
py_adjacent_consecutive,HandlingString,ReplacingStringContent
py_adjacent_consecutive,HandlingString,FormattingString
py_adjacent_consecutive,HandlingString,TransformingToStringType
py_adjacent_consecutive,HandlingString,SplittingString
py_adjacent_greater,ManagingVariable,AssigningVariable
py_adjacent_greater,ManagingVariable,UpdatingVariable
py_adjacent_greater,HandlingAdvancedDataStructure,BinaryTreeTask
py_adjacent_greater,HandlingAdvancedDataStructure,LinkedListTask
py_adjacent_greater,HandlingAdvancedDataStructure,QueueTask
py_adjacent_greater,HandlingAdvancedDataStructure,StackTask
py_adjacent_greater,TwoDimensionalArrayTask,ReplacingElement2DArray
py_adjacent_greater,TwoDimensionalArrayTask,Indexing2DArray
py_adjacent_greater,TwoDimensionalArrayTask,Create2DArray
py_adjacent_greater,HandlingObjectOrientedProgramming,CallingOOPMethod
py_adjacent_greater,HandlingObjectOrientedProgramming,CreatingObject
py_adjacent_greater,HandlingObjectOrientedProgramming,DefiningClass
py_adjacent_greater,HandlingObjectOrientedProgramming,DefiningOOPMethod
py_adjacent_greater,HandlingFunction,CallingFunctionLibrary
py_adjacent_greater,HandlingFunction,NestedFunctionCall
py_adjacent_greater,HandlingFunctionCallingFunction,CallingFunctionCallingFunction
py_adjacent_greater,HandlingFunctionCallingFunction,DefiningFunctionCallingFunction
py_adjacent_greater,HandlingRecursiveFunction,CallingRecursiveFunction
py_adjacent_greater,HandlingRecursiveFunction,DefiningRecursiveFunction
py_adjacent_greater,HandlingNestedFunction,CallingNestedFunction
py_adjacent_greater,HandlingNestedFunction,DefiningNestedFunction
py_adjacent_greater,HandlingStandardFunction,CallingStandardFunction
py_adjacent_greater,HandlingStandardFunction,DefiningStandardFunction
py_adjacent_greater,NonNestedIteration,SingleForLoopIteration
py_adjacent_greater,NonNestedIteration,SingleWhileLoopIteration
py_adjacent_greater,WhileLoopWithUpdate,WhileLoopWithListIndexing
py_adjacent_greater,WhileLoopWithUpdate,WhileLoopWith*=
py_adjacent_greater,WhileLoopWithUpdate,WhileLoopWith+=
py_adjacent_greater,ForLoopWithUpdate,ForLoopWith+=
py_adjacent_greater,ForLoopWithUpdate,ForLoopWith*=
py_adjacent_greater,ForLoopWithUpdate,ForLoopWithListIndexing
py_adjacent_greater,NestedLoopIteration,MixedNestedLoopIteration
py_adjacent_greater,NestedLoopIteration,NestedForLoopIteration
py_adjacent_greater,NestedLoopIteration,NestedWhileLoopIteration
py_adjacent_greater,ArithmeticOperation,FindAbsolute
py_adjacent_greater,ArithmeticOperation,FindRemainder
py_adjacent_greater,ArithmeticOperation,FindMaximum
py_adjacent_greater,ArithmeticOperation,Addition
py_adjacent_greater,ArithmeticOperation,Round
py_adjacent_greater,ArithmeticOperation,Power
py_adjacent_greater,ArithmeticOperation,FindMinimum
py_adjacent_greater,ArithmeticOperation,Substraction
py_adjacent_greater,ArithmeticOperation,Division
py_adjacent_greater,ArithmeticOperation,Multiplication
py_adjacent_greater,HandlingInteger,TransformingToIntType
py_adjacent_greater,HandlingTuple,CreatingTuple
py_win_percentage,ManagingVariable,AssigningVariable
py_win_percentage,ManagingVariable,UpdatingVariable
py_win_percentage,HandlingAdvancedDataStructure,BinaryTreeTask
py_win_percentage,HandlingAdvancedDataStructure,LinkedListTask
py_win_percentage,HandlingAdvancedDataStructure,QueueTask
py_win_percentage,HandlingAdvancedDataStructure,StackTask
py_win_percentage,TwoDimensionalArrayTask,ReplacingElement2DArray
py_win_percentage,TwoDimensionalArrayTask,Indexing2DArray
py_win_percentage,TwoDimensionalArrayTask,Create2DArray
py_win_percentage,HandlingObjectOrientedProgramming,CallingOOPMethod
py_win_percentage,HandlingObjectOrientedProgramming,CreatingObject
py_win_percentage,HandlingObjectOrientedProgramming,DefiningClass
py_win_percentage,HandlingObjectOrientedProgramming,DefiningOOPMethod
py_win_percentage,HandlingFunction,CallingFunctionLibrary
py_win_percentage,HandlingFunction,NestedFunctionCall
py_win_percentage,HandlingFunctionCallingFunction,CallingFunctionCallingFunction
py_win_percentage,HandlingFunctionCallingFunction,DefiningFunctionCallingFunction
py_win_percentage,HandlingRecursiveFunction,CallingRecursiveFunction
py_win_percentage,HandlingRecursiveFunction,DefiningRecursiveFunction
py_win_percentage,HandlingNestedFunction,CallingNestedFunction
py_win_percentage,HandlingNestedFunction,DefiningNestedFunction
py_win_percentage,HandlingStandardFunction,CallingStandardFunction
py_win_percentage,HandlingStandardFunction,DefiningStandardFunction
py_win_percentage,NonNestedIteration,SingleForLoopIteration
py_win_percentage,NonNestedIteration,SingleWhileLoopIteration
py_win_percentage,WhileLoopWithUpdate,WhileLoopWithListIndexing
py_win_percentage,WhileLoopWithUpdate,WhileLoopWith*=
py_win_percentage,WhileLoopWithUpdate,WhileLoopWith+=
py_win_percentage,ForLoopWithUpdate,ForLoopWith+=
py_win_percentage,ForLoopWithUpdate,ForLoopWith*=
py_win_percentage,ForLoopWithUpdate,ForLoopWithListIndexing
py_win_percentage,NestedLoopIteration,MixedNestedLoopIteration
py_win_percentage,NestedLoopIteration,NestedForLoopIteration
py_win_percentage,NestedLoopIteration,NestedWhileLoopIteration
py_win_percentage,ArithmeticOperation,FindAbsolute
py_win_percentage,ArithmeticOperation,FindRemainder
py_win_percentage,ArithmeticOperation,FindMaximum
py_win_percentage,ArithmeticOperation,Addition
py_win_percentage,ArithmeticOperation,Round
py_win_percentage,ArithmeticOperation,Power
py_win_percentage,ArithmeticOperation,FindMinimum
py_win_percentage,ArithmeticOperation,Substraction
py_win_percentage,ArithmeticOperation,Division
py_win_percentage,ArithmeticOperation,Multiplication
py_win_percentage,HandlingInteger,TransformingToIntType
py_win_percentage,HandlingTuple,CreatingTuple
py_win_percentage,HandlingString,TrimmingString
py_win_percentage,HandlingString,IndexingString
py_win_percentage,HandlingString,SlicingString
py_win_percentage,ModifyingStringCase,ConvertStringToUpperCase
py_win_percentage,ModifyingStringCase,ConvertStringToLowerCase
py_win_percentage,ModifyingStringCase,CapitalizeString
py_win_percentage,HandlingError,HandlingSpecificError
py_win_percentage,HandlingError,HandlingGeneralError
py_win_percentage_input,ForLoopWithUpdate,ForLoopWith+=
py_win_percentage_input,ForLoopWithUpdate,ForLoopWith*=
py_win_percentage_input,ForLoopWithUpdate,ForLoopWithListIndexing
py_win_percentage_input,ArithmeticOperation,FindAbsolute
py_win_percentage_input,ArithmeticOperation,FindRemainder
py_win_percentage_input,ArithmeticOperation,FindMaximum
py_win_percentage_input,ArithmeticOperation,Round
py_win_percentage_input,ArithmeticOperation,Power
py_win_percentage_input,ArithmeticOperation,FindMinimum
py_win_percentage_input,ArithmeticOperation,Substraction
py_win_percentage_won_equal,ManagingVariable,AssigningVariable
py_win_percentage_won_equal,ManagingVariable,UpdatingVariable
py_win_percentage_won_equal,HandlingAdvancedDataStructure,BinaryTreeTask
py_win_percentage_won_equal,HandlingAdvancedDataStructure,LinkedListTask
py_win_percentage_won_equal,HandlingAdvancedDataStructure,QueueTask
py_win_percentage_won_equal,HandlingAdvancedDataStructure,StackTask
py_win_percentage_won_equal,TwoDimensionalArrayTask,ReplacingElement2DArray
py_win_percentage_won_equal,TwoDimensionalArrayTask,Indexing2DArray
py_win_percentage_won_equal,TwoDimensionalArrayTask,Create2DArray
py_win_percentage_won_equal,HandlingObjectOrientedProgramming,CallingOOPMethod
py_win_percentage_won_equal,HandlingObjectOrientedProgramming,CreatingObject
py_win_percentage_won_equal,HandlingObjectOrientedProgramming,DefiningClass
py_win_percentage_won_equal,HandlingObjectOrientedProgramming,DefiningOOPMethod
py_win_percentage_won_equal,HandlingFunction,CallingFunctionLibrary
py_win_percentage_won_equal,HandlingFunction,NestedFunctionCall
py_win_percentage_won_equal,HandlingFunctionCallingFunction,CallingFunctionCallingFunction
py_win_percentage_won_equal,HandlingFunctionCallingFunction,DefiningFunctionCallingFunction
py_win_percentage_won_equal,HandlingRecursiveFunction,CallingRecursiveFunction
py_win_percentage_won_equal,HandlingRecursiveFunction,DefiningRecursiveFunction
py_win_percentage_won_equal,HandlingNestedFunction,CallingNestedFunction
py_win_percentage_won_equal,HandlingNestedFunction,DefiningNestedFunction
py_win_percentage_won_equal,HandlingStandardFunction,CallingStandardFunction
py_win_percentage_won_equal,HandlingStandardFunction,DefiningStandardFunction
py_win_percentage_won_equal,NonNestedIteration,SingleForLoopIteration
py_win_percentage_won_equal,NonNestedIteration,SingleWhileLoopIteration
py_win_percentage_won_equal,WhileLoopWithUpdate,WhileLoopWithListIndexing
py_win_percentage_won_equal,WhileLoopWithUpdate,WhileLoopWith*=
py_win_percentage_won_equal,WhileLoopWithUpdate,WhileLoopWith+=
py_win_percentage_won_equal,ForLoopWithUpdate,ForLoopWith+=
py_win_percentage_won_equal,ForLoopWithUpdate,ForLoopWith*=
py_win_percentage_won_equal,ForLoopWithUpdate,ForLoopWithListIndexing
py_win_percentage_won_equal,NestedLoopIteration,MixedNestedLoopIteration
py_win_percentage_won_equal,NestedLoopIteration,NestedForLoopIteration
py_win_percentage_won_equal,NestedLoopIteration,NestedWhileLoopIteration
py_win_percentage_won_equal,ArithmeticOperation,FindAbsolute
py_win_percentage_won_equal,ArithmeticOperation,FindRemainder
py_win_percentage_won_equal,ArithmeticOperation,FindMaximum
py_win_percentage_won_equal,ArithmeticOperation,Addition
py_win_percentage_won_equal,ArithmeticOperation,Round
py_win_percentage_won_equal,ArithmeticOperation,Power
py_win_percentage_won_equal,ArithmeticOperation,FindMinimum
py_win_percentage_won_equal,ArithmeticOperation,Substraction
py_win_percentage_won_equal,ArithmeticOperation,Division
py_win_percentage_won_equal,ArithmeticOperation,Multiplication
py_win_percentage_won_equal,HandlingInteger,TransformingToIntType
py_win_percentage_won_equal,HandlingTuple,CreatingTuple
py_win_percentage_won_equal,HandlingString,TrimmingString
py_win_percentage_won_equal,HandlingString,IndexingString
py_win_percentage_won_equal,HandlingString,SlicingString
py_win_percentage_won_equal,ModifyingStringCase,ConvertStringToUpperCase
py_win_percentage_won_equal,ModifyingStringCase,ConvertStringToLowerCase
py_win_percentage_won_equal,ModifyingStringCase,CapitalizeString
py_win_percentage_won_equal,HandlingError,HandlingSpecificError
py_win_percentage_won_equal,HandlingError,HandlingGeneralError
py_find_average,HandlingFunctionCallingFunction,CallingFunctionCallingFunction
py_find_average,HandlingFunctionCallingFunction,DefiningFunctionCallingFunction
py_find_average,WhileLoopWithUpdate,WhileLoopWith*=
py_find_average,ForLoopWithUpdate,ForLoopWith+=
py_find_average,ForLoopWithUpdate,ForLoopWith*=
py_find_average,ForLoopWithUpdate,ForLoopWithListIndexing
py_find_average,ArithmeticOperation,FindAbsolute
py_average_even_nums,HandlingAdvancedDataStructure,BinaryTreeTask
py_average_even_nums,HandlingAdvancedDataStructure,LinkedListTask
py_average_even_nums,HandlingAdvancedDataStructure,QueueTask
py_average_even_nums,HandlingAdvancedDataStructure,StackTask
py_average_even_nums,TwoDimensionalArrayTask,ReplacingElement2DArray
py_average_even_nums,TwoDimensionalArrayTask,Indexing2DArray
py_average_even_nums,TwoDimensionalArrayTask,Create2DArray
py_average_even_nums,HandlingObjectOrientedProgramming,CallingOOPMethod
py_average_even_nums,HandlingObjectOrientedProgramming,CreatingObject
py_average_even_nums,HandlingObjectOrientedProgramming,DefiningClass
py_average_even_nums,HandlingObjectOrientedProgramming,DefiningOOPMethod
py_average_even_nums,NonNestedIteration,SingleWhileLoopIteration
py_average_even_nums,WhileLoopWithUpdate,WhileLoopWithListIndexing
py_average_even_nums,WhileLoopWithUpdate,WhileLoopWith*=
py_average_even_nums,WhileLoopWithUpdate,WhileLoopWith+=
py_average_even_nums,ForLoopWithUpdate,ForLoopWith+=
py_average_even_nums,ForLoopWithUpdate,ForLoopWith*=
py_average_even_nums,ForLoopWithUpdate,ForLoopWithListIndexing
py_average_even_nums,NestedLoopIteration,MixedNestedLoopIteration
py_average_even_nums,NestedLoopIteration,NestedForLoopIteration
py_average_even_nums,NestedLoopIteration,NestedWhileLoopIteration
py_average_even_nums,ArithmeticOperation,FindAbsolute
py_average_even_nums,ArithmeticOperation,FindRemainder
py_average_even_nums,ArithmeticOperation,FindMaximum
py_average_even_nums,ArithmeticOperation,Addition
py_average_even_nums,ArithmeticOperation,Round
py_average_even_nums,ArithmeticOperation,Power
py_average_even_nums,ArithmeticOperation,FindMinimum
py_average_even_nums,ArithmeticOperation,Substraction
py_average_even_nums,ArithmeticOperation,Division
py_average_even_nums,ArithmeticOperation,Multiplication
py_average_even_nums,HandlingInteger,TransformingToIntType
py_average_even_nums,HandlingTuple,CreatingTuple
py_average_float,HandlingAdvancedDataStructure,BinaryTreeTask
py_average_float,HandlingAdvancedDataStructure,LinkedListTask
py_average_float,HandlingAdvancedDataStructure,QueueTask
py_average_float,HandlingAdvancedDataStructure,StackTask
py_average_float,TwoDimensionalArrayTask,ReplacingElement2DArray
py_average_float,TwoDimensionalArrayTask,Indexing2DArray
py_average_float,TwoDimensionalArrayTask,Create2DArray
py_average_float,HandlingObjectOrientedProgramming,CallingOOPMethod
py_average_float,HandlingObjectOrientedProgramming,CreatingObject
py_average_float,HandlingObjectOrientedProgramming,DefiningClass
py_average_float,HandlingObjectOrientedProgramming,DefiningOOPMethod
py_average_float,NonNestedIteration,SingleWhileLoopIteration
py_average_float,WhileLoopWithUpdate,WhileLoopWithListIndexing
py_average_float,WhileLoopWithUpdate,WhileLoopWith*=
py_average_float,WhileLoopWithUpdate,WhileLoopWith+=
py_average_float,ForLoopWithUpdate,ForLoopWith+=
py_average_float,ForLoopWithUpdate,ForLoopWith*=
py_average_float,ForLoopWithUpdate,ForLoopWithListIndexing
py_average_float,NestedLoopIteration,MixedNestedLoopIteration
py_average_float,NestedLoopIteration,NestedForLoopIteration
py_average_float,NestedLoopIteration,NestedWhileLoopIteration
py_average_float,ArithmeticOperation,FindAbsolute
py_average_float,ArithmeticOperation,FindRemainder
py_average_float,ArithmeticOperation,FindMaximum
py_average_float,ArithmeticOperation,Addition
py_average_float,ArithmeticOperation,Round
py_average_float,ArithmeticOperation,Power
py_average_float,ArithmeticOperation,FindMinimum
py_average_float,ArithmeticOperation,Substraction
py_average_float,ArithmeticOperation,Division
py_average_float,ArithmeticOperation,Multiplication
py_average_float,HandlingInteger,TransformingToIntType
py_average_float,HandlingTuple,CreatingTuple
py_average_float,HandlingTuple,SlicingTuple
py_average_float,HandlingTuple,IndexingTuple
py_average_float,HandlingFloat,TransformingToFloatType
py_average_float,HandlingDictionary,ReplacingDictionaryElement
py_average_float,HandlingDictionary,IndexingDictionary
py_average_float,HandlingDictionary,AddingItemToDictionary
py_average_float,HandlingDictionary,AccessingDictionary
py_average_float,HandlingDictionary,CreatingDictionary
py_average_float,HandlingList,DeletingListElement
py_average_float,HandlingList,IndexingList
py_average_float,HandlingList,CreatingList
py_average_float,HandlingList,SlicingList
py_average_float,HandlingList,ReplacingListElement
py_average_float,HandlingList,ListReferencing
py_average_float,HandlingList,ReversingList
py_average_float,AddingListElement,AddingListElementWithInsert
py_average_float,AddingListElement,AddingListElementWithAppend
py_average_float,HandlingFile,ClosingFile
py_average_float,HandlingFile,ReadingLine
py_average_float,HandlingFile,OpeningFile
py_average_float,HandlingString,CreatingString
py_average_float,HandlingString,ReplacingStringContent
py_average_float,HandlingString,FormattingString
py_average_float,HandlingString,TransformingToStringType
py_average_float,HandlingString,SplittingString
py_average_float,HandlingString,TrimmingString
py_average_float,HandlingString,IndexingString
py_average_float,HandlingString,SlicingString
py_average_float,ModifyingStringCase,ConvertStringToUpperCase
py_average_float,ModifyingStringCase,ConvertStringToLowerCase
py_average_float,ModifyingStringCase,CapitalizeString
py_average_float,HandlingError,HandlingSpecificError
py_average_float,HandlingError,HandlingGeneralError
py_list2d_basic,ManagingVariable,AssigningVariable
py_list2d_basic,ManagingVariable,UpdatingVariable
py_list2d_basic,HandlingAdvancedDataStructure,BinaryTreeTask
py_list2d_basic,HandlingAdvancedDataStructure,LinkedListTask
py_list2d_basic,HandlingAdvancedDataStructure,QueueTask
py_list2d_basic,HandlingAdvancedDataStructure,StackTask
py_list2d_basic,TwoDimensionalArrayTask,ReplacingElement2DArray
py_list2d_basic,TwoDimensionalArrayTask,Indexing2DArray
py_list2d_basic,TwoDimensionalArrayTask,Create2DArray
py_list2d_basic,HandlingObjectOrientedProgramming,CallingOOPMethod
py_list2d_basic,HandlingObjectOrientedProgramming,CreatingObject
py_list2d_basic,HandlingObjectOrientedProgramming,DefiningClass
py_list2d_basic,HandlingObjectOrientedProgramming,DefiningOOPMethod
py_list2d_basic,HandlingFunction,CallingFunctionLibrary
py_list2d_basic,HandlingFunction,NestedFunctionCall
py_list2d_basic,HandlingFunctionCallingFunction,CallingFunctionCallingFunction
py_list2d_basic,HandlingFunctionCallingFunction,DefiningFunctionCallingFunction
py_list2d_basic,HandlingRecursiveFunction,CallingRecursiveFunction
py_list2d_basic,HandlingRecursiveFunction,DefiningRecursiveFunction
py_list2d_basic,HandlingNestedFunction,CallingNestedFunction
py_list2d_basic,HandlingNestedFunction,DefiningNestedFunction
py_list2d_basic,HandlingStandardFunction,CallingStandardFunction
py_list2d_basic,HandlingStandardFunction,DefiningStandardFunction
py_list2d_basic,NonNestedIteration,SingleForLoopIteration
py_list2d_basic,HandlingTuple,SlicingTuple
py_list2d_basic,HandlingTuple,IndexingTuple
py_list2d_basic,HandlingFloat,TransformingToFloatType
py_list2d_basic,HandlingDictionary,ReplacingDictionaryElement
py_list2d_basic,HandlingDictionary,IndexingDictionary
py_list2d_basic,HandlingDictionary,AddingItemToDictionary
py_list2d_basic,HandlingDictionary,AccessingDictionary
py_list2d_basic,HandlingDictionary,CreatingDictionary
py_list2d_basic,HandlingList,DeletingListElement
py_list2d_basic,HandlingList,IndexingList
py_list2d_basic,HandlingList,CreatingList
py_list2d_basic,HandlingList,SlicingList
py_list2d_basic,HandlingList,ReplacingListElement
py_list2d_basic,HandlingList,ListReferencing
py_list2d_basic,HandlingList,ReversingList
py_list2d_basic,AddingListElement,AddingListElementWithInsert
py_list2d_basic,AddingListElement,AddingListElementWithAppend
py_list2d_basic,HandlingFile,ClosingFile
py_list2d_basic,HandlingFile,ReadingLine
py_list2d_basic,HandlingFile,OpeningFile
py_list2d_basic,HandlingString,CreatingString
py_list2d_basic,HandlingString,ReplacingStringContent
py_list2d_basic,HandlingString,FormattingString
py_list2d_basic,HandlingString,TransformingToStringType
py_list2d_basic,HandlingString,SplittingString
py_list2d_basic2,HandlingAdvancedDataStructure,BinaryTreeTask
py_list2d_basic2,HandlingAdvancedDataStructure,LinkedListTask
py_list2d_basic2,HandlingAdvancedDataStructure,QueueTask
py_list2d_basic2,HandlingAdvancedDataStructure,StackTask
py_list2d_basic2,HandlingObjectOrientedProgramming,CallingOOPMethod
py_list2d_basic2,HandlingObjectOrientedProgramming,CreatingObject
py_list2d_basic2,HandlingObjectOrientedProgramming,DefiningClass
py_list2d_basic2,HandlingObjectOrientedProgramming,DefiningOOPMethod
py_list2d_basic2,NonNestedIteration,SingleWhileLoopIteration
py_list2d_basic2,WhileLoopWithUpdate,WhileLoopWith*=
py_list2d_basic2,WhileLoopWithUpdate,WhileLoopWith+=
py_list2d_basic2,ForLoopWithUpdate,ForLoopWith+=
py_list2d_basic2,ForLoopWithUpdate,ForLoopWith*=
py_list2d_basic2,HandlingList,ReversingList
py_list2d_basic3,HandlingAdvancedDataStructure,BinaryTreeTask
py_list2d_basic3,HandlingAdvancedDataStructure,LinkedListTask
py_list2d_basic3,HandlingAdvancedDataStructure,QueueTask
py_list2d_basic3,HandlingAdvancedDataStructure,StackTask
py_list2d_basic3,HandlingObjectOrientedProgramming,CallingOOPMethod
py_list2d_basic3,HandlingObjectOrientedProgramming,CreatingObject
py_list2d_basic3,HandlingObjectOrientedProgramming,DefiningClass
py_list2d_basic3,HandlingObjectOrientedProgramming,DefiningOOPMethod
py_list2d_basic3,WhileLoopWithUpdate,WhileLoopWith*=
py_list2d_basic3,WhileLoopWithUpdate,WhileLoopWith+=
py_list2d_basic3,ForLoopWithUpdate,ForLoopWith+=
py_list2d_basic3,ForLoopWithUpdate,ForLoopWith*=
py_list2d_basic3,HandlingTuple,SlicingTuple
py_list2d_basic3,HandlingTuple,IndexingTuple
py_list2d_basic3,HandlingFloat,TransformingToFloatType
py_list2d_basic3,HandlingDictionary,ReplacingDictionaryElement
py_list2d_basic3,HandlingDictionary,IndexingDictionary
py_list2d_basic3,HandlingDictionary,AddingItemToDictionary
py_list2d_basic3,HandlingDictionary,AccessingDictionary
py_list2d_basic3,HandlingDictionary,CreatingDictionary
py_list2d_basic3,HandlingList,DeletingListElement
py_list2d_basic3,HandlingList,IndexingList
py_list2d_basic3,HandlingList,CreatingList
py_list2d_basic3,HandlingList,SlicingList
py_list2d_basic3,HandlingList,ReplacingListElement
py_list2d_basic3,HandlingList,ListReferencing
py_list2d_basic3,HandlingList,ReversingList
py_list2d_basic3,AddingListElement,AddingListElementWithInsert
py_list2d_basic3,AddingListElement,AddingListElementWithAppend
py_list2d_basic3,HandlingFile,ClosingFile
py_list2d_basic3,HandlingFile,ReadingLine
py_list2d_basic3,HandlingFile,OpeningFile
py_list2d_basic3,HandlingString,CreatingString
py_list2d_basic3,HandlingString,ReplacingStringContent
py_list2d_basic3,HandlingString,FormattingString
py_list2d_basic3,HandlingString,TransformingToStringType
py_list2d_basic3,HandlingString,SplittingString
py_list_basic,HandlingAdvancedDataStructure,BinaryTreeTask
py_list_basic,HandlingAdvancedDataStructure,LinkedListTask
py_list_basic,HandlingAdvancedDataStructure,QueueTask
py_list_basic,HandlingAdvancedDataStructure,StackTask
py_list_basic,HandlingFunctionCallingFunction,DefiningFunctionCallingFunction
py_list_basic,ForLoopWithUpdate,ForLoopWith+=
py_list_basic,ForLoopWithUpdate,ForLoopWith*=
py_list_basic2,HandlingAdvancedDataStructure,BinaryTreeTask
py_list_basic2,HandlingAdvancedDataStructure,LinkedListTask
py_list_basic2,HandlingAdvancedDataStructure,QueueTask
py_list_basic2,HandlingAdvancedDataStructure,StackTask
py_list_basic2,TwoDimensionalArrayTask,Create2DArray
py_list_basic2,HandlingFunctionCallingFunction,DefiningFunctionCallingFunction
py_list_basic2,HandlingList,ReversingList
py_list_basic2,HandlingString,TransformingToStringType
py_list_basic3,Python,Concatenation
py_list_basic3,Python,Importing
py_list_basic3,Python,FindingLength
py_list_basic3,Python,Printing
py_list_basic3,Python,CheckingForItem
py_list_basic3,Python,HandlingInput
py_list_basic3,CheckingCondition,IfElseChecking
py_list_basic3,CheckingCondition,AssertChecking
py_list_basic3,CheckingCondition,IfElifElseChecking
py_list_basic3,CheckingCondition,NestedIfChecking
py_list_basic3,CheckingCondition,IfChecking
py_list_basic3,CheckingCondition,IfElifChecking
py_list_basic3,CheckingCondition,BooleanEvaluating
py_list_basic3,CheckingInForLoop,IfElseCheckingInForLoop
py_list_basic3,CheckingInForLoop,IfElifCheckingInForLoop
py_list_basic3,CheckingInForLoop,IfCheckingInForLoop
py_list_basic3,CheckingInForLoop,IfElifElseCheckingInForLoop
py_list_basic3,CheckingInWhileLoop,IfElifElseCheckingInWhileLoop
py_list_basic3,CheckingInWhileLoop,IfCheckingInWhileLoop
py_list_basic3,CheckingInWhileLoop,IfElseCheckingInWhileLoop
py_list_basic3,CheckingInWhileLoop,IfElifCheckingInWhileLoop
py_list_basic3,ManagingVariable,SwappingVariablesValue
py_list_basic3,HandlingAdvancedDataStructure,BinaryTreeTask
py_list_basic3,HandlingAdvancedDataStructure,LinkedListTask
py_list_basic3,HandlingAdvancedDataStructure,QueueTask
py_list_basic3,HandlingAdvancedDataStructure,StackTask
py_list_basic3,TwoDimensionalArrayTask,Create2DArray
py_list_basic3,NonNestedIteration,SingleWhileLoopIteration
py_list_basic3,WhileLoopWithUpdate,WhileLoopWithListIndexing
py_list_basic3,WhileLoopWithUpdate,WhileLoopWith*=
py_list_basic3,WhileLoopWithUpdate,WhileLoopWith+=
py_list_basic3,ForLoopWithUpdate,ForLoopWith+=
py_list_basic3,ForLoopWithUpdate,ForLoopWith*=
py_list_basic3,ForLoopWithUpdate,ForLoopWithListIndexing
py_list_basic3,NestedLoopIteration,MixedNestedLoopIteration
py_list_basic3,NestedLoopIteration,NestedForLoopIteration
py_list_basic3,NestedLoopIteration,NestedWhileLoopIteration
py_list_basic3,ArithmeticOperation,FindAbsolute
py_list_basic3,ArithmeticOperation,FindRemainder
py_list_basic3,ArithmeticOperation,FindMaximum
py_list_basic3,ArithmeticOperation,Addition
py_list_basic3,ArithmeticOperation,Round
py_list_basic3,ArithmeticOperation,Power
py_list_basic3,ArithmeticOperation,FindMinimum
py_list_basic3,ArithmeticOperation,Substraction
py_list_basic3,ArithmeticOperation,Division
py_list_basic3,ArithmeticOperation,Multiplication
py_list_basic3,HandlingInteger,TransformingToIntType
py_list_basic3,HandlingTuple,CreatingTuple
py_list_basic3,HandlingString,TrimmingString
py_list_basic3,HandlingString,IndexingString
py_list_basic3,HandlingString,SlicingString
py_list_basic3,ModifyingStringCase,ConvertStringToUpperCase
py_list_basic3,ModifyingStringCase,ConvertStringToLowerCase
py_list_basic3,ModifyingStringCase,CapitalizeString
py_list_basic3,HandlingError,HandlingSpecificError
py_list_basic3,HandlingError,HandlingGeneralError
py_list_change,Python,Concatenation
py_list_change,Python,Importing
py_list_change,Python,FindingLength
py_list_change,Python,Printing
py_list_change,Python,CheckingForItem
py_list_change,Python,HandlingInput
py_list_change,CheckingCondition,IfElseChecking
py_list_change,CheckingCondition,AssertChecking
py_list_change,CheckingCondition,IfElifElseChecking
py_list_change,CheckingCondition,NestedIfChecking
py_list_change,CheckingCondition,IfChecking
py_list_change,CheckingCondition,IfElifChecking
py_list_change,CheckingCondition,BooleanEvaluating
py_list_change,CheckingInForLoop,IfElseCheckingInForLoop
py_list_change,CheckingInForLoop,IfElifCheckingInForLoop
py_list_change,CheckingInForLoop,IfCheckingInForLoop
py_list_change,CheckingInForLoop,IfElifElseCheckingInForLoop
py_list_change,CheckingInWhileLoop,IfElifElseCheckingInWhileLoop
py_list_change,CheckingInWhileLoop,IfCheckingInWhileLoop
py_list_change,CheckingInWhileLoop,IfElseCheckingInWhileLoop
py_list_change,CheckingInWhileLoop,IfElifCheckingInWhileLoop
py_list_change,ManagingVariable,SwappingVariablesValue
py_list_change,HandlingObjectOrientedProgramming,DefiningOOPMethod
py_list_change,WhileLoopWithUpdate,WhileLoopWithListIndexing
py_list_change,WhileLoopWithUpdate,WhileLoopWith*=
py_list_change,WhileLoopWithUpdate,WhileLoopWith+=
py_list_change,ForLoopWithUpdate,ForLoopWith*=
py_list_change,HandlingList,ReversingList
py_list_change,HandlingString,TrimmingString
py_list_change,HandlingString,IndexingString
py_list_change,HandlingString,SlicingString
py_list_change,ModifyingStringCase,ConvertStringToUpperCase
py_list_change,ModifyingStringCase,ConvertStringToLowerCase
py_list_change,ModifyingStringCase,CapitalizeString
py_list_change,HandlingError,HandlingSpecificError
py_list_change,HandlingError,HandlingGeneralError
py_list_swap_adjacent_elements,Python,Concatenation
py_list_swap_adjacent_elements,Python,Importing
py_list_swap_adjacent_elements,Python,FindingLength
py_list_swap_adjacent_elements,Python,Printing
py_list_swap_adjacent_elements,Python,CheckingForItem
py_list_swap_adjacent_elements,Python,HandlingInput
py_list_swap_adjacent_elements,CheckingCondition,IfElseChecking
py_list_swap_adjacent_elements,CheckingCondition,AssertChecking
py_list_swap_adjacent_elements,CheckingCondition,IfElifElseChecking
py_list_swap_adjacent_elements,CheckingCondition,NestedIfChecking
py_list_swap_adjacent_elements,CheckingCondition,IfChecking
py_list_swap_adjacent_elements,CheckingCondition,IfElifChecking
py_list_swap_adjacent_elements,CheckingCondition,BooleanEvaluating
py_list_swap_adjacent_elements,CheckingInForLoop,IfElseCheckingInForLoop
py_list_swap_adjacent_elements,CheckingInForLoop,IfElifCheckingInForLoop
py_list_swap_adjacent_elements,CheckingInForLoop,IfCheckingInForLoop
py_list_swap_adjacent_elements,CheckingInForLoop,IfElifElseCheckingInForLoop
py_list_swap_adjacent_elements,CheckingInWhileLoop,IfElifElseCheckingInWhileLoop
py_list_swap_adjacent_elements,CheckingInWhileLoop,IfCheckingInWhileLoop
py_list_swap_adjacent_elements,CheckingInWhileLoop,IfElseCheckingInWhileLoop
py_list_swap_adjacent_elements,CheckingInWhileLoop,IfElifCheckingInWhileLoop
py_list_swap_adjacent_elements,ManagingVariable,SwappingVariablesValue
py_list_swap_adjacent_elements,NonNestedIteration,SingleWhileLoopIteration
py_list_swap_adjacent_elements,HandlingTuple,CreatingTuple
py_list_swap_adjacent_elements,HandlingTuple,SlicingTuple
py_list_swap_adjacent_elements,HandlingTuple,IndexingTuple
py_list_swap_adjacent_elements,HandlingFloat,TransformingToFloatType
py_list_swap_adjacent_elements,HandlingDictionary,ReplacingDictionaryElement
py_list_swap_adjacent_elements,HandlingDictionary,IndexingDictionary
py_list_swap_adjacent_elements,HandlingDictionary,AddingItemToDictionary
py_list_swap_adjacent_elements,HandlingDictionary,AccessingDictionary
py_list_swap_adjacent_elements,HandlingDictionary,CreatingDictionary
py_list_swap_adjacent_elements,HandlingList,DeletingListElement
py_list_swap_adjacent_elements,HandlingList,IndexingList
py_list_swap_adjacent_elements,HandlingList,CreatingList
py_list_swap_adjacent_elements,HandlingList,SlicingList
py_list_swap_adjacent_elements,HandlingList,ReplacingListElement
py_list_swap_adjacent_elements,HandlingList,ListReferencing
py_list_swap_adjacent_elements,HandlingList,ReversingList
py_list_swap_adjacent_elements,AddingListElement,AddingListElementWithInsert
py_list_swap_adjacent_elements,AddingListElement,AddingListElementWithAppend
py_list_swap_adjacent_elements,HandlingFile,ClosingFile
py_list_swap_adjacent_elements,HandlingFile,ReadingLine
py_list_swap_adjacent_elements,HandlingFile,OpeningFile
py_list_swap_adjacent_elements,HandlingString,CreatingString
py_list_swap_adjacent_elements,HandlingString,ReplacingStringContent
py_list_swap_adjacent_elements,HandlingString,FormattingString
py_list_swap_adjacent_elements,HandlingString,TransformingToStringType
py_list_swap_adjacent_elements,HandlingString,SplittingString
py_list_fill,ManagingVariable,AssigningVariable
py_list_fill,ManagingVariable,UpdatingVariable
py_list_fill,HandlingAdvancedDataStructure,BinaryTreeTask
py_list_fill,HandlingAdvancedDataStructure,LinkedListTask
py_list_fill,HandlingAdvancedDataStructure,QueueTask
py_list_fill,HandlingAdvancedDataStructure,StackTask
py_list_fill,TwoDimensionalArrayTask,ReplacingElement2DArray
py_list_fill,TwoDimensionalArrayTask,Indexing2DArray
py_list_fill,TwoDimensionalArrayTask,Create2DArray
py_list_fill,HandlingObjectOrientedProgramming,CallingOOPMethod
py_list_fill,HandlingObjectOrientedProgramming,CreatingObject
py_list_fill,HandlingObjectOrientedProgramming,DefiningClass
py_list_fill,HandlingObjectOrientedProgramming,DefiningOOPMethod
py_list_fill,HandlingFunction,CallingFunctionLibrary
py_list_fill,HandlingFunction,NestedFunctionCall
py_list_fill,HandlingFunctionCallingFunction,CallingFunctionCallingFunction
py_list_fill,HandlingFunctionCallingFunction,DefiningFunctionCallingFunction
py_list_fill,HandlingRecursiveFunction,CallingRecursiveFunction
py_list_fill,HandlingRecursiveFunction,DefiningRecursiveFunction
py_list_fill,HandlingNestedFunction,CallingNestedFunction
py_list_fill,HandlingNestedFunction,DefiningNestedFunction
py_list_fill,HandlingStandardFunction,CallingStandardFunction
py_list_fill,HandlingStandardFunction,DefiningStandardFunction
py_list_fill,NonNestedIteration,SingleForLoopIteration
py_list_fill,NonNestedIteration,SingleWhileLoopIteration
py_list_fill,ForLoopWithUpdate,ForLoopWith*=
py_list_fill,ArithmeticOperation,FindAbsolute
py_list_fill,HandlingList,ReversingList
py_list_fill,HandlingString,TrimmingString
py_list_fill,HandlingString,IndexingString
py_list_fill,HandlingString,SlicingString
py_list_fill,ModifyingStringCase,ConvertStringToUpperCase
py_list_fill,ModifyingStringCase,ConvertStringToLowerCase
py_list_fill,ModifyingStringCase,CapitalizeString
py_list_fill,HandlingError,HandlingSpecificError
py_list_fill,HandlingError,HandlingGeneralError
py_list_fill_user_input,HandlingFunctionCallingFunction,DefiningFunctionCallingFunction
py_list_fill_user_input,NonNestedIteration,SingleWhileLoopIteration
py_list_fill_user_input,WhileLoopWithUpdate,WhileLoopWithListIndexing
py_list_fill_user_input,WhileLoopWithUpdate,WhileLoopWith*=
py_list_fill_user_input,WhileLoopWithUpdate,WhileLoopWith+=
py_list_fill_user_input,ForLoopWithUpdate,ForLoopWith*=
py_list_fill_user_input,ArithmeticOperation,FindAbsolute
py_list_fill_user_input,ArithmeticOperation,FindRemainder
py_list_fill_user_input,ArithmeticOperation,Round
py_list_fill_user_input,ArithmeticOperation,Power
py_list_fill_user_input,ArithmeticOperation,FindMinimum
py_list_fill_user_input,ArithmeticOperation,Substraction
py_list_fill_user_input,ArithmeticOperation,Division
py_list_fill_user_input,ArithmeticOperation,Multiplication
py_list_fill_user_input,AddingListElement,AddingListElementWithInsert
py_list_min_max,ArithmeticOperation,FindAbsolute
py_list_min_max,HandlingTuple,SlicingTuple
py_list_min_max,HandlingTuple,IndexingTuple
py_list_min_max,HandlingFloat,TransformingToFloatType
py_list_min_max,HandlingDictionary,ReplacingDictionaryElement
py_list_min_max,HandlingDictionary,IndexingDictionary
py_list_min_max,HandlingDictionary,AddingItemToDictionary
py_list_min_max,HandlingDictionary,AccessingDictionary
py_list_min_max,HandlingDictionary,CreatingDictionary
py_list_min_max,HandlingList,DeletingListElement
py_list_min_max,HandlingList,IndexingList
py_list_min_max,HandlingList,CreatingList
py_list_min_max,HandlingList,SlicingList
py_list_min_max,HandlingList,ReplacingListElement
py_list_min_max,HandlingList,ListReferencing
py_list_min_max,HandlingList,ReversingList
py_list_min_max,AddingListElement,AddingListElementWithInsert
py_list_min_max,AddingListElement,AddingListElementWithAppend
py_list_min_max,HandlingFile,ClosingFile
py_list_min_max,HandlingFile,ReadingLine
py_list_min_max,HandlingFile,OpeningFile
py_list_min_max,HandlingString,CreatingString
py_list_min_max,HandlingString,ReplacingStringContent
py_list_min_max,HandlingString,FormattingString
py_list_min_max,HandlingString,TransformingToStringType
py_list_min_max,HandlingString,SplittingString
py_list_min,HandlingStandardFunction,DefiningStandardFunction
py_list_rotate,NonNestedIteration,SingleWhileLoopIteration
py_list_rotate,HandlingString,TrimmingString
py_list_rotate,HandlingString,IndexingString
py_list_rotate,HandlingString,SlicingString
py_list_rotate,ModifyingStringCase,ConvertStringToUpperCase
py_list_rotate,ModifyingStringCase,ConvertStringToLowerCase
py_list_rotate,ModifyingStringCase,CapitalizeString
py_list_rotate,HandlingError,HandlingSpecificError
py_list_rotate,HandlingError,HandlingGeneralError
py_list_rotate_left_twice,HandlingTuple,SlicingTuple
py_list_rotate_left_twice,HandlingTuple,IndexingTuple
py_list_rotate_left_twice,HandlingFloat,TransformingToFloatType
py_list_rotate_left_twice,HandlingDictionary,ReplacingDictionaryElement
py_list_rotate_left_twice,HandlingDictionary,IndexingDictionary
py_list_rotate_left_twice,HandlingDictionary,AddingItemToDictionary
py_list_rotate_left_twice,HandlingDictionary,AccessingDictionary
py_list_rotate_left_twice,HandlingDictionary,CreatingDictionary
py_list_rotate_left_twice,HandlingList,DeletingListElement
py_list_rotate_left_twice,HandlingList,IndexingList
py_list_rotate_left_twice,HandlingList,CreatingList
py_list_rotate_left_twice,HandlingList,SlicingList
py_list_rotate_left_twice,HandlingList,ReplacingListElement
py_list_rotate_left_twice,HandlingList,ListReferencing
py_list_rotate_left_twice,HandlingList,ReversingList
py_list_rotate_left_twice,AddingListElement,AddingListElementWithInsert
py_list_rotate_left_twice,AddingListElement,AddingListElementWithAppend
py_list_rotate_left_twice,HandlingFile,ClosingFile
py_list_rotate_left_twice,HandlingFile,ReadingLine
py_list_rotate_left_twice,HandlingFile,OpeningFile
py_list_rotate_left_twice,HandlingString,CreatingString
py_list_rotate_left_twice,HandlingString,ReplacingStringContent
py_list_rotate_left_twice,HandlingString,FormattingString
py_list_rotate_left_twice,HandlingString,TransformingToStringType
py_list_rotate_left_twice,HandlingString,SplittingString
py_list_rotate_right,ManagingVariable,AssigningVariable
py_list_rotate_right,ManagingVariable,UpdatingVariable
py_list_rotate_right,HandlingAdvancedDataStructure,BinaryTreeTask
py_list_rotate_right,HandlingAdvancedDataStructure,LinkedListTask
py_list_rotate_right,HandlingAdvancedDataStructure,QueueTask
py_list_rotate_right,HandlingAdvancedDataStructure,StackTask
py_list_rotate_right,TwoDimensionalArrayTask,ReplacingElement2DArray
py_list_rotate_right,TwoDimensionalArrayTask,Indexing2DArray
py_list_rotate_right,TwoDimensionalArrayTask,Create2DArray
py_list_rotate_right,HandlingObjectOrientedProgramming,CallingOOPMethod
py_list_rotate_right,HandlingObjectOrientedProgramming,CreatingObject
py_list_rotate_right,HandlingObjectOrientedProgramming,DefiningClass
py_list_rotate_right,HandlingObjectOrientedProgramming,DefiningOOPMethod
py_list_rotate_right,HandlingFunction,CallingFunctionLibrary
py_list_rotate_right,HandlingFunction,NestedFunctionCall
py_list_rotate_right,HandlingFunctionCallingFunction,CallingFunctionCallingFunction
py_list_rotate_right,HandlingFunctionCallingFunction,DefiningFunctionCallingFunction
py_list_rotate_right,HandlingRecursiveFunction,CallingRecursiveFunction
py_list_rotate_right,HandlingRecursiveFunction,DefiningRecursiveFunction
py_list_rotate_right,HandlingNestedFunction,CallingNestedFunction
py_list_rotate_right,HandlingNestedFunction,DefiningNestedFunction
py_list_rotate_right,HandlingStandardFunction,CallingStandardFunction
py_list_rotate_right,HandlingStandardFunction,DefiningStandardFunction
py_list_rotate_right,NonNestedIteration,SingleForLoopIteration
py_list_rotate_right_twice,HandlingFunction,NestedFunctionCall
py_list_rotate_right_twice,HandlingFunctionCallingFunction,DefiningFunctionCallingFunction
py_list_rotate_right_twice,HandlingStandardFunction,DefiningStandardFunction
py_list_rotate_right_twice,NonNestedIteration,SingleWhileLoopIteration
py_list_rotate_right_twice,WhileLoopWithUpdate,WhileLoopWithListIndexing
py_list_rotate_right_twice,WhileLoopWithUpdate,WhileLoopWith*=
py_list_rotate_right_twice,WhileLoopWithUpdate,WhileLoopWith+=
py_list_rotate_right_twice,ForLoopWithUpdate,ForLoopWith+=
py_list_rotate_right_twice,ForLoopWithUpdate,ForLoopWith*=
py_list_rotate_right_twice,ForLoopWithUpdate,ForLoopWithListIndexing
py_list_rotate_right_twice,NestedLoopIteration,MixedNestedLoopIteration
py_list_rotate_right_twice,NestedLoopIteration,NestedForLoopIteration
py_list_rotate_right_twice,NestedLoopIteration,NestedWhileLoopIteration
py_list_rotate_right_twice,ArithmeticOperation,FindAbsolute
py_list_rotate_right_twice,ArithmeticOperation,FindRemainder
py_list_rotate_right_twice,ArithmeticOperation,FindMaximum
py_list_rotate_right_twice,ArithmeticOperation,Addition
py_list_rotate_right_twice,ArithmeticOperation,Round
py_list_rotate_right_twice,ArithmeticOperation,Power
py_list_rotate_right_twice,ArithmeticOperation,FindMinimum
py_list_rotate_right_twice,ArithmeticOperation,Substraction
py_list_rotate_right_twice,ArithmeticOperation,Division
py_list_rotate_right_twice,ArithmeticOperation,Multiplication
py_list_rotate_right_twice,HandlingInteger,TransformingToIntType
py_list_rotate_right_twice,HandlingTuple,CreatingTuple
py_list_rotate_right_twice,HandlingList,ReversingList
py_print_medals,HandlingList,SlicingList
py_print_medals_row_column_total,ManagingVariable,AssigningVariable
py_print_medals_row_column_total,ManagingVariable,UpdatingVariable
py_print_medals_row_column_total,HandlingAdvancedDataStructure,BinaryTreeTask
py_print_medals_row_column_total,HandlingAdvancedDataStructure,LinkedListTask
py_print_medals_row_column_total,HandlingAdvancedDataStructure,QueueTask
py_print_medals_row_column_total,HandlingAdvancedDataStructure,StackTask
py_print_medals_row_column_total,TwoDimensionalArrayTask,ReplacingElement2DArray
py_print_medals_row_column_total,TwoDimensionalArrayTask,Indexing2DArray
py_print_medals_row_column_total,TwoDimensionalArrayTask,Create2DArray
py_print_medals_row_column_total,HandlingObjectOrientedProgramming,CallingOOPMethod
py_print_medals_row_column_total,HandlingObjectOrientedProgramming,CreatingObject
py_print_medals_row_column_total,HandlingObjectOrientedProgramming,DefiningClass
py_print_medals_row_column_total,HandlingObjectOrientedProgramming,DefiningOOPMethod
py_print_medals_row_column_total,HandlingFunction,CallingFunctionLibrary
py_print_medals_row_column_total,HandlingFunction,NestedFunctionCall
py_print_medals_row_column_total,HandlingFunctionCallingFunction,CallingFunctionCallingFunction
py_print_medals_row_column_total,HandlingFunctionCallingFunction,DefiningFunctionCallingFunction
py_print_medals_row_column_total,HandlingRecursiveFunction,CallingRecursiveFunction
py_print_medals_row_column_total,HandlingRecursiveFunction,DefiningRecursiveFunction
py_print_medals_row_column_total,HandlingNestedFunction,CallingNestedFunction
py_print_medals_row_column_total,HandlingNestedFunction,DefiningNestedFunction
py_print_medals_row_column_total,HandlingStandardFunction,CallingStandardFunction
py_print_medals_row_column_total,HandlingStandardFunction,DefiningStandardFunction
py_print_medals_row_column_total,NonNestedIteration,SingleForLoopIteration
py_print_medals_row_column_total,HandlingTuple,SlicingTuple
py_print_medals_row_column_total,HandlingTuple,IndexingTuple
py_print_medals_row_column_total,HandlingFloat,TransformingToFloatType
py_print_medals_row_column_total,HandlingDictionary,ReplacingDictionaryElement
py_print_medals_row_column_total,HandlingDictionary,IndexingDictionary
py_print_medals_row_column_total,HandlingDictionary,AddingItemToDictionary
py_print_medals_row_column_total,HandlingDictionary,AccessingDictionary
py_print_medals_row_column_total,HandlingDictionary,CreatingDictionary
py_print_medals_row_column_total,HandlingList,DeletingListElement
py_print_medals_row_column_total,HandlingList,IndexingList
py_print_medals_row_column_total,HandlingList,CreatingList
py_print_medals_row_column_total,HandlingList,SlicingList
py_print_medals_row_column_total,HandlingList,ReplacingListElement
py_print_medals_row_column_total,HandlingList,ListReferencing
py_print_medals_row_column_total,HandlingList,ReversingList
py_print_medals_row_column_total,AddingListElement,AddingListElementWithInsert
py_print_medals_row_column_total,AddingListElement,AddingListElementWithAppend
py_print_medals_row_column_total,HandlingFile,ClosingFile
py_print_medals_row_column_total,HandlingFile,ReadingLine
py_print_medals_row_column_total,HandlingFile,OpeningFile
py_print_medals_row_column_total,HandlingString,CreatingString
py_print_medals_row_column_total,HandlingString,ReplacingStringContent
py_print_medals_row_column_total,HandlingString,FormattingString
py_print_medals_row_column_total,HandlingString,TransformingToStringType
py_print_medals_row_column_total,HandlingString,SplittingString
py_list_process_elements,HandlingAdvancedDataStructure,BinaryTreeTask
py_list_process_elements,HandlingAdvancedDataStructure,LinkedListTask
py_list_process_elements,HandlingAdvancedDataStructure,QueueTask
py_list_process_elements,HandlingAdvancedDataStructure,StackTask
py_list_process_elements,TwoDimensionalArrayTask,ReplacingElement2DArray
py_list_process_elements,TwoDimensionalArrayTask,Indexing2DArray
py_list_process_elements,TwoDimensionalArrayTask,Create2DArray
py_list_process_elements,HandlingObjectOrientedProgramming,CallingOOPMethod
py_list_process_elements,HandlingObjectOrientedProgramming,CreatingObject
py_list_process_elements,HandlingObjectOrientedProgramming,DefiningClass
py_list_process_elements,HandlingObjectOrientedProgramming,DefiningOOPMethod
py_list_process_elements,HandlingFunction,NestedFunctionCall
py_list_process_elements,HandlingFunctionCallingFunction,CallingFunctionCallingFunction
py_list_process_elements,HandlingFunctionCallingFunction,DefiningFunctionCallingFunction
py_list_process_elements,HandlingRecursiveFunction,CallingRecursiveFunction
py_list_process_elements,HandlingRecursiveFunction,DefiningRecursiveFunction
py_list_process_elements,HandlingNestedFunction,CallingNestedFunction
py_list_process_elements,HandlingNestedFunction,DefiningNestedFunction
py_list_process_elements,HandlingStandardFunction,CallingStandardFunction
py_list_process_elements,HandlingStandardFunction,DefiningStandardFunction
py_list_process_elements,ForLoopWithUpdate,ForLoopWith*=
py_list_process_elements,HandlingList,ReversingList
py_list_process_elements,HandlingString,TrimmingString
py_list_process_elements,HandlingString,IndexingString
py_list_process_elements,HandlingString,SlicingString
py_list_process_elements,ModifyingStringCase,ConvertStringToUpperCase
py_list_process_elements,ModifyingStringCase,ConvertStringToLowerCase
py_list_process_elements,ModifyingStringCase,CapitalizeString
py_list_process_elements,HandlingError,HandlingSpecificError
py_list_process_elements,HandlingError,HandlingGeneralError
py_average_list_elements,HandlingObjectOrientedProgramming,DefiningOOPMethod
py_average_list_elements,HandlingFunction,NestedFunctionCall
py_average_list_elements,HandlingFunctionCallingFunction,DefiningFunctionCallingFunction
py_average_list_elements,HandlingStandardFunction,CallingStandardFunction
py_average_list_elements,HandlingStandardFunction,DefiningStandardFunction
py_average_list_elements,HandlingTuple,SlicingTuple
py_average_list_elements,HandlingTuple,IndexingTuple
py_average_list_elements,HandlingFloat,TransformingToFloatType
py_average_list_elements,HandlingDictionary,ReplacingDictionaryElement
py_average_list_elements,HandlingDictionary,IndexingDictionary
py_average_list_elements,HandlingDictionary,AddingItemToDictionary
py_average_list_elements,HandlingDictionary,AccessingDictionary
py_average_list_elements,HandlingDictionary,CreatingDictionary
py_average_list_elements,HandlingList,DeletingListElement
py_average_list_elements,HandlingList,IndexingList
py_average_list_elements,HandlingList,CreatingList
py_average_list_elements,HandlingList,SlicingList
py_average_list_elements,HandlingList,ReplacingListElement
py_average_list_elements,HandlingList,ListReferencing
py_average_list_elements,HandlingList,ReversingList
py_average_list_elements,AddingListElement,AddingListElementWithInsert
py_average_list_elements,AddingListElement,AddingListElementWithAppend
py_average_list_elements,HandlingFile,ClosingFile
py_average_list_elements,HandlingFile,ReadingLine
py_average_list_elements,HandlingFile,OpeningFile
py_average_list_elements,HandlingString,CreatingString
py_average_list_elements,HandlingString,ReplacingStringContent
py_average_list_elements,HandlingString,FormattingString
py_average_list_elements,HandlingString,TransformingToStringType
py_average_list_elements,HandlingString,SplittingString
py_search_list,Python,Concatenation
py_search_list,Python,Importing
py_search_list,Python,FindingLength
py_search_list,Python,Printing
py_search_list,Python,CheckingForItem
py_search_list,Python,HandlingInput
py_search_list,CheckingCondition,IfElseChecking
py_search_list,CheckingCondition,AssertChecking
py_search_list,CheckingCondition,IfElifElseChecking
py_search_list,CheckingCondition,NestedIfChecking
py_search_list,CheckingCondition,IfChecking
py_search_list,CheckingCondition,IfElifChecking
py_search_list,CheckingCondition,BooleanEvaluating
py_search_list,CheckingInForLoop,IfElseCheckingInForLoop
py_search_list,CheckingInForLoop,IfElifCheckingInForLoop
py_search_list,CheckingInForLoop,IfCheckingInForLoop
py_search_list,CheckingInForLoop,IfElifElseCheckingInForLoop
py_search_list,CheckingInWhileLoop,IfElifElseCheckingInWhileLoop
py_search_list,CheckingInWhileLoop,IfCheckingInWhileLoop
py_search_list,CheckingInWhileLoop,IfElseCheckingInWhileLoop
py_search_list,CheckingInWhileLoop,IfElifCheckingInWhileLoop
py_search_list,ManagingVariable,SwappingVariablesValue
py_search_list,NonNestedIteration,SingleWhileLoopIteration
py_search_list,HandlingTuple,SlicingTuple
py_search_list,HandlingTuple,IndexingTuple
py_search_list,HandlingFloat,TransformingToFloatType
py_search_list,HandlingDictionary,ReplacingDictionaryElement
py_search_list,HandlingDictionary,IndexingDictionary
py_search_list,HandlingDictionary,AddingItemToDictionary
py_search_list,HandlingDictionary,AccessingDictionary
py_search_list,HandlingDictionary,CreatingDictionary
py_search_list,HandlingList,DeletingListElement
py_search_list,HandlingList,IndexingList
py_search_list,HandlingList,CreatingList
py_search_list,HandlingList,SlicingList
py_search_list,HandlingList,ReplacingListElement
py_search_list,HandlingList,ListReferencing
py_search_list,HandlingList,ReversingList
py_search_list,AddingListElement,AddingListElementWithInsert
py_search_list,AddingListElement,AddingListElementWithAppend
py_search_list,HandlingFile,ClosingFile
py_search_list,HandlingFile,ReadingLine
py_search_list,HandlingFile,OpeningFile
py_search_list,HandlingString,CreatingString
py_search_list,HandlingString,ReplacingStringContent
py_search_list,HandlingString,FormattingString
py_search_list,HandlingString,TransformingToStringType
py_search_list,HandlingString,SplittingString
py_search_list_total_count,ManagingVariable,AssigningVariable
py_search_list_total_count,ManagingVariable,UpdatingVariable
py_search_list_total_count,HandlingAdvancedDataStructure,BinaryTreeTask
py_search_list_total_count,HandlingAdvancedDataStructure,LinkedListTask
py_search_list_total_count,HandlingAdvancedDataStructure,QueueTask
py_search_list_total_count,HandlingAdvancedDataStructure,StackTask
py_search_list_total_count,TwoDimensionalArrayTask,ReplacingElement2DArray
py_search_list_total_count,TwoDimensionalArrayTask,Indexing2DArray
py_search_list_total_count,TwoDimensionalArrayTask,Create2DArray
py_search_list_total_count,HandlingObjectOrientedProgramming,CallingOOPMethod
py_search_list_total_count,HandlingObjectOrientedProgramming,CreatingObject
py_search_list_total_count,HandlingObjectOrientedProgramming,DefiningClass
py_search_list_total_count,HandlingObjectOrientedProgramming,DefiningOOPMethod
py_search_list_total_count,HandlingFunction,CallingFunctionLibrary
py_search_list_total_count,HandlingFunction,NestedFunctionCall
py_search_list_total_count,HandlingFunctionCallingFunction,CallingFunctionCallingFunction
py_search_list_total_count,HandlingFunctionCallingFunction,DefiningFunctionCallingFunction
py_search_list_total_count,HandlingRecursiveFunction,CallingRecursiveFunction
py_search_list_total_count,HandlingRecursiveFunction,DefiningRecursiveFunction
py_search_list_total_count,HandlingNestedFunction,CallingNestedFunction
py_search_list_total_count,HandlingNestedFunction,DefiningNestedFunction
py_search_list_total_count,HandlingStandardFunction,CallingStandardFunction
py_search_list_total_count,HandlingStandardFunction,DefiningStandardFunction
py_search_list_total_count,NonNestedIteration,SingleForLoopIteration
py_search_list_total_count,NestedLoopIteration,NestedWhileLoopIteration
py_search_list_total_count,HandlingList,ReversingList
py_search_list_count_each,HandlingFunctionCallingFunction,DefiningFunctionCallingFunction
py_search_list_count_each,HandlingStandardFunction,CallingStandardFunction
py_search_list_count_each,HandlingStandardFunction,DefiningStandardFunction
py_search_list_count_each,NonNestedIteration,SingleWhileLoopIteration
py_search_list_count_each,ForLoopWithUpdate,ForLoopWith*=
py_search_list_count_each,NestedLoopIteration,NestedWhileLoopIteration
py_search_list_count_each,HandlingTuple,SlicingTuple
py_search_list_count_each,HandlingTuple,IndexingTuple
py_search_list_count_each,HandlingFloat,TransformingToFloatType
py_search_list_count_each,HandlingDictionary,ReplacingDictionaryElement
py_search_list_count_each,HandlingDictionary,IndexingDictionary
py_search_list_count_each,HandlingDictionary,AddingItemToDictionary
py_search_list_count_each,HandlingDictionary,AccessingDictionary
py_search_list_count_each,HandlingDictionary,CreatingDictionary
py_search_list_count_each,HandlingList,DeletingListElement
py_search_list_count_each,HandlingList,IndexingList
py_search_list_count_each,HandlingList,CreatingList
py_search_list_count_each,HandlingList,SlicingList
py_search_list_count_each,HandlingList,ReplacingListElement
py_search_list_count_each,HandlingList,ListReferencing
py_search_list_count_each,HandlingList,ReversingList
py_search_list_count_each,AddingListElement,AddingListElementWithInsert
py_search_list_count_each,AddingListElement,AddingListElementWithAppend
py_search_list_count_each,HandlingFile,ClosingFile
py_search_list_count_each,HandlingFile,ReadingLine
py_search_list_count_each,HandlingFile,OpeningFile
py_search_list_count_each,HandlingString,CreatingString
py_search_list_count_each,HandlingString,ReplacingStringContent
py_search_list_count_each,HandlingString,FormattingString
py_search_list_count_each,HandlingString,TransformingToStringType
py_search_list_count_each,HandlingString,SplittingString
py_search_list_count_each,HandlingString,TrimmingString
py_search_list_count_each,HandlingString,IndexingString
py_search_list_count_each,HandlingString,SlicingString
py_search_list_count_each,ModifyingStringCase,ConvertStringToUpperCase
py_search_list_count_each,ModifyingStringCase,ConvertStringToLowerCase
py_search_list_count_each,ModifyingStringCase,CapitalizeString
py_search_list_count_each,HandlingError,HandlingSpecificError
py_search_list_count_each,HandlingError,HandlingGeneralError
py_soda_survey,HandlingFile,ClosingFile
py_soda_survey,HandlingFile,ReadingLine
py_soda_survey,HandlingFile,OpeningFile
py_soda_survey_soda_avg,ManagingVariable,AssigningVariable
py_soda_survey_soda_avg,ManagingVariable,UpdatingVariable
py_soda_survey_soda_avg,HandlingAdvancedDataStructure,BinaryTreeTask
py_soda_survey_soda_avg,HandlingAdvancedDataStructure,LinkedListTask
py_soda_survey_soda_avg,HandlingAdvancedDataStructure,QueueTask
py_soda_survey_soda_avg,HandlingAdvancedDataStructure,StackTask
py_soda_survey_soda_avg,TwoDimensionalArrayTask,ReplacingElement2DArray
py_soda_survey_soda_avg,TwoDimensionalArrayTask,Indexing2DArray
py_soda_survey_soda_avg,TwoDimensionalArrayTask,Create2DArray
py_soda_survey_soda_avg,HandlingObjectOrientedProgramming,CallingOOPMethod
py_soda_survey_soda_avg,HandlingObjectOrientedProgramming,CreatingObject
py_soda_survey_soda_avg,HandlingObjectOrientedProgramming,DefiningClass
py_soda_survey_soda_avg,HandlingObjectOrientedProgramming,DefiningOOPMethod
py_soda_survey_soda_avg,HandlingFunction,CallingFunctionLibrary
py_soda_survey_soda_avg,HandlingFunction,NestedFunctionCall
py_soda_survey_soda_avg,HandlingFunctionCallingFunction,CallingFunctionCallingFunction
py_soda_survey_soda_avg,HandlingFunctionCallingFunction,DefiningFunctionCallingFunction
py_soda_survey_soda_avg,HandlingRecursiveFunction,CallingRecursiveFunction
py_soda_survey_soda_avg,HandlingRecursiveFunction,DefiningRecursiveFunction
py_soda_survey_soda_avg,HandlingNestedFunction,CallingNestedFunction
py_soda_survey_soda_avg,HandlingNestedFunction,DefiningNestedFunction
py_soda_survey_soda_avg,HandlingStandardFunction,CallingStandardFunction
py_soda_survey_soda_avg,HandlingStandardFunction,DefiningStandardFunction
py_soda_survey_soda_avg,NonNestedIteration,SingleForLoopIteration
py_soda_survey_soda_avg,HandlingTuple,SlicingTuple
py_soda_survey_soda_avg,HandlingTuple,IndexingTuple
py_soda_survey_soda_avg,HandlingFloat,TransformingToFloatType
py_soda_survey_soda_avg,HandlingDictionary,ReplacingDictionaryElement
py_soda_survey_soda_avg,HandlingDictionary,IndexingDictionary
py_soda_survey_soda_avg,HandlingDictionary,AddingItemToDictionary
py_soda_survey_soda_avg,HandlingDictionary,AccessingDictionary
py_soda_survey_soda_avg,HandlingDictionary,CreatingDictionary
py_soda_survey_soda_avg,HandlingList,DeletingListElement
py_soda_survey_soda_avg,HandlingList,IndexingList
py_soda_survey_soda_avg,HandlingList,CreatingList
py_soda_survey_soda_avg,HandlingList,SlicingList
py_soda_survey_soda_avg,HandlingList,ReplacingListElement
py_soda_survey_soda_avg,HandlingList,ListReferencing
py_soda_survey_soda_avg,HandlingList,ReversingList
py_soda_survey_soda_avg,AddingListElement,AddingListElementWithInsert
py_soda_survey_soda_avg,AddingListElement,AddingListElementWithAppend
py_soda_survey_soda_avg,HandlingFile,ClosingFile
py_soda_survey_soda_avg,HandlingFile,ReadingLine
py_soda_survey_soda_avg,HandlingFile,OpeningFile
py_soda_survey_soda_avg,HandlingString,CreatingString
py_soda_survey_soda_avg,HandlingString,ReplacingStringContent
py_soda_survey_soda_avg,HandlingString,FormattingString
py_soda_survey_soda_avg,HandlingString,TransformingToStringType
py_soda_survey_soda_avg,HandlingString,SplittingString
py_soda_survey_soda_respondent_avg,HandlingAdvancedDataStructure,BinaryTreeTask
py_soda_survey_soda_respondent_avg,HandlingAdvancedDataStructure,LinkedListTask
py_soda_survey_soda_respondent_avg,HandlingAdvancedDataStructure,QueueTask
py_soda_survey_soda_respondent_avg,HandlingAdvancedDataStructure,StackTask
py_soda_survey_soda_respondent_avg,TwoDimensionalArrayTask,ReplacingElement2DArray
py_soda_survey_soda_respondent_avg,HandlingObjectOrientedProgramming,DefiningOOPMethod
py_soda_survey_soda_respondent_avg,HandlingFunctionCallingFunction,DefiningFunctionCallingFunction
py_temperature,Python,Concatenation
py_temperature,Python,Importing
py_temperature,Python,FindingLength
py_temperature,Python,Printing
py_temperature,Python,CheckingForItem
py_temperature,Python,HandlingInput
py_temperature,CheckingCondition,IfElseChecking
py_temperature,CheckingCondition,AssertChecking
py_temperature,CheckingCondition,IfElifElseChecking
py_temperature,CheckingCondition,NestedIfChecking
py_temperature,CheckingCondition,IfChecking
py_temperature,CheckingCondition,IfElifChecking
py_temperature,CheckingCondition,BooleanEvaluating
py_temperature,CheckingInForLoop,IfElseCheckingInForLoop
py_temperature,CheckingInForLoop,IfElifCheckingInForLoop
py_temperature,CheckingInForLoop,IfCheckingInForLoop
py_temperature,CheckingInForLoop,IfElifElseCheckingInForLoop
py_temperature,CheckingInWhileLoop,IfElifElseCheckingInWhileLoop
py_temperature,CheckingInWhileLoop,IfCheckingInWhileLoop
py_temperature,CheckingInWhileLoop,IfElseCheckingInWhileLoop
py_temperature,CheckingInWhileLoop,IfElifCheckingInWhileLoop
py_temperature,ManagingVariable,SwappingVariablesValue
py_temperature,HandlingObjectOrientedProgramming,DefiningOOPMethod
py_temperature,HandlingTuple,SlicingTuple
py_temperature,HandlingTuple,IndexingTuple
py_temperature,HandlingFloat,TransformingToFloatType
py_temperature,HandlingDictionary,ReplacingDictionaryElement
py_temperature,HandlingDictionary,IndexingDictionary
py_temperature,HandlingDictionary,AddingItemToDictionary
py_temperature,HandlingDictionary,AccessingDictionary
py_temperature,HandlingDictionary,CreatingDictionary
py_temperature,HandlingList,DeletingListElement
py_temperature,HandlingList,IndexingList
py_temperature,HandlingList,CreatingList
py_temperature,HandlingList,SlicingList
py_temperature,HandlingList,ReplacingListElement
py_temperature,HandlingList,ListReferencing
py_temperature,HandlingList,ReversingList
py_temperature,AddingListElement,AddingListElementWithInsert
py_temperature,AddingListElement,AddingListElementWithAppend
py_temperature,HandlingFile,ClosingFile
py_temperature,HandlingFile,ReadingLine
py_temperature,HandlingFile,OpeningFile
py_temperature,HandlingString,CreatingString
py_temperature,HandlingString,ReplacingStringContent
py_temperature,HandlingString,FormattingString
py_temperature,HandlingString,TransformingToStringType
py_temperature,HandlingString,SplittingString
py_temperature_list_days_above_threshold,CheckingCondition,AssertChecking
py_temperature_list_days_above_threshold,ManagingVariable,AssigningVariable
py_temperature_list_days_above_threshold,ManagingVariable,UpdatingVariable
py_temperature_list_days_above_threshold,HandlingAdvancedDataStructure,BinaryTreeTask
py_temperature_list_days_above_threshold,HandlingAdvancedDataStructure,LinkedListTask
py_temperature_list_days_above_threshold,HandlingAdvancedDataStructure,QueueTask
py_temperature_list_days_above_threshold,HandlingAdvancedDataStructure,StackTask
py_temperature_list_days_above_threshold,TwoDimensionalArrayTask,ReplacingElement2DArray
py_temperature_list_days_above_threshold,TwoDimensionalArrayTask,Indexing2DArray
py_temperature_list_days_above_threshold,TwoDimensionalArrayTask,Create2DArray
py_temperature_list_days_above_threshold,HandlingObjectOrientedProgramming,CallingOOPMethod
py_temperature_list_days_above_threshold,HandlingObjectOrientedProgramming,CreatingObject
py_temperature_list_days_above_threshold,HandlingObjectOrientedProgramming,DefiningClass
py_temperature_list_days_above_threshold,HandlingObjectOrientedProgramming,DefiningOOPMethod
py_temperature_list_days_above_threshold,HandlingFunction,CallingFunctionLibrary
py_temperature_list_days_above_threshold,HandlingFunction,NestedFunctionCall
py_temperature_list_days_above_threshold,HandlingFunctionCallingFunction,CallingFunctionCallingFunction
py_temperature_list_days_above_threshold,HandlingFunctionCallingFunction,DefiningFunctionCallingFunction
py_temperature_list_days_above_threshold,HandlingRecursiveFunction,CallingRecursiveFunction
py_temperature_list_days_above_threshold,HandlingRecursiveFunction,DefiningRecursiveFunction
py_temperature_list_days_above_threshold,HandlingNestedFunction,CallingNestedFunction
py_temperature_list_days_above_threshold,HandlingNestedFunction,DefiningNestedFunction
py_temperature_list_days_above_threshold,HandlingStandardFunction,CallingStandardFunction
py_temperature_list_days_above_threshold,HandlingStandardFunction,DefiningStandardFunction
py_temperature_list_days_above_threshold,NonNestedIteration,SingleForLoopIteration
py_temperature_list_days_above_threshold,NonNestedIteration,SingleWhileLoopIteration
py_temperature_list_days_above_threshold,WhileLoopWithUpdate,WhileLoopWithListIndexing
py_temperature_list_days_above_threshold,WhileLoopWithUpdate,WhileLoopWith*=
py_temperature_list_days_above_threshold,WhileLoopWithUpdate,WhileLoopWith+=
py_temperature_list_days_above_threshold,ForLoopWithUpdate,ForLoopWith+=
py_temperature_list_days_above_threshold,ForLoopWithUpdate,ForLoopWith*=
py_temperature_list_days_above_threshold,ForLoopWithUpdate,ForLoopWithListIndexing
py_temperature_list_days_above_threshold,NestedLoopIteration,MixedNestedLoopIteration
py_temperature_list_days_above_threshold,NestedLoopIteration,NestedForLoopIteration
py_temperature_list_days_above_threshold,NestedLoopIteration,NestedWhileLoopIteration
py_temperature_list_days_above_threshold,ArithmeticOperation,FindAbsolute
py_temperature_list_days_above_threshold,ArithmeticOperation,FindRemainder
py_temperature_list_days_above_threshold,ArithmeticOperation,FindMaximum
py_temperature_list_days_above_threshold,ArithmeticOperation,Addition
py_temperature_list_days_above_threshold,ArithmeticOperation,Round
py_temperature_list_days_above_threshold,ArithmeticOperation,Power
py_temperature_list_days_above_threshold,ArithmeticOperation,FindMinimum
py_temperature_list_days_above_threshold,ArithmeticOperation,Substraction
py_temperature_list_days_above_threshold,ArithmeticOperation,Division
py_temperature_list_days_above_threshold,ArithmeticOperation,Multiplication
py_temperature_list_days_above_threshold,HandlingInteger,TransformingToIntType
py_temperature_list_days_above_threshold,HandlingTuple,CreatingTuple
py_temperature_list_days_above_threshold,HandlingTuple,SlicingTuple
py_temperature_list_days_above_threshold,HandlingTuple,IndexingTuple
py_temperature_list_days_above_threshold,HandlingFloat,TransformingToFloatType
py_temperature_list_days_above_threshold,HandlingDictionary,ReplacingDictionaryElement
py_temperature_list_days_above_threshold,HandlingDictionary,IndexingDictionary
py_temperature_list_days_above_threshold,HandlingDictionary,AddingItemToDictionary
py_temperature_list_days_above_threshold,HandlingDictionary,AccessingDictionary
py_temperature_list_days_above_threshold,HandlingDictionary,CreatingDictionary
py_temperature_list_days_above_threshold,HandlingList,DeletingListElement
py_temperature_list_days_above_threshold,HandlingList,IndexingList
py_temperature_list_days_above_threshold,HandlingList,CreatingList
py_temperature_list_days_above_threshold,HandlingList,SlicingList
py_temperature_list_days_above_threshold,HandlingList,ReplacingListElement
py_temperature_list_days_above_threshold,HandlingList,ListReferencing
py_temperature_list_days_above_threshold,HandlingList,ReversingList
py_temperature_list_days_above_threshold,AddingListElement,AddingListElementWithInsert
py_temperature_list_days_above_threshold,AddingListElement,AddingListElementWithAppend
py_temperature_list_days_above_threshold,HandlingFile,ClosingFile
py_temperature_list_days_above_threshold,HandlingFile,ReadingLine
py_temperature_list_days_above_threshold,HandlingFile,OpeningFile
py_temperature_list_days_above_threshold,HandlingString,CreatingString
py_temperature_list_days_above_threshold,HandlingString,ReplacingStringContent
py_temperature_list_days_above_threshold,HandlingString,FormattingString
py_temperature_list_days_above_threshold,HandlingString,TransformingToStringType
py_temperature_list_days_above_threshold,HandlingString,SplittingString
py_digits,ManagingVariable,AssigningVariable
py_digits,ManagingVariable,UpdatingVariable
py_digits,HandlingAdvancedDataStructure,BinaryTreeTask
py_digits,HandlingAdvancedDataStructure,LinkedListTask
py_digits,HandlingAdvancedDataStructure,QueueTask
py_digits,HandlingAdvancedDataStructure,StackTask
py_digits,TwoDimensionalArrayTask,ReplacingElement2DArray
py_digits,TwoDimensionalArrayTask,Indexing2DArray
py_digits,TwoDimensionalArrayTask,Create2DArray
py_digits,HandlingObjectOrientedProgramming,CallingOOPMethod
py_digits,HandlingObjectOrientedProgramming,CreatingObject
py_digits,HandlingObjectOrientedProgramming,DefiningClass
py_digits,HandlingObjectOrientedProgramming,DefiningOOPMethod
py_digits,HandlingFunction,CallingFunctionLibrary
py_digits,HandlingFunction,NestedFunctionCall
py_digits,HandlingFunctionCallingFunction,CallingFunctionCallingFunction
py_digits,HandlingFunctionCallingFunction,DefiningFunctionCallingFunction
py_digits,HandlingRecursiveFunction,CallingRecursiveFunction
py_digits,HandlingRecursiveFunction,DefiningRecursiveFunction
py_digits,HandlingNestedFunction,CallingNestedFunction
py_digits,HandlingNestedFunction,DefiningNestedFunction
py_digits,HandlingStandardFunction,CallingStandardFunction
py_digits,HandlingStandardFunction,DefiningStandardFunction
py_digits,NonNestedIteration,SingleForLoopIteration
py_digits,NonNestedIteration,SingleWhileLoopIteration
py_digits,WhileLoopWithUpdate,WhileLoopWithListIndexing
py_digits,WhileLoopWithUpdate,WhileLoopWith*=
py_digits,WhileLoopWithUpdate,WhileLoopWith+=
py_digits,ForLoopWithUpdate,ForLoopWith+=
py_digits,ForLoopWithUpdate,ForLoopWith*=
py_digits,ForLoopWithUpdate,ForLoopWithListIndexing
py_digits,NestedLoopIteration,MixedNestedLoopIteration
py_digits,NestedLoopIteration,NestedForLoopIteration
py_digits,NestedLoopIteration,NestedWhileLoopIteration
py_digits,ArithmeticOperation,FindAbsolute
py_digits,ArithmeticOperation,FindRemainder
py_digits,ArithmeticOperation,FindMaximum
py_digits,ArithmeticOperation,Addition
py_digits,ArithmeticOperation,Round
py_digits,ArithmeticOperation,Power
py_digits,ArithmeticOperation,FindMinimum
py_digits,ArithmeticOperation,Substraction
py_digits,ArithmeticOperation,Division
py_digits,ArithmeticOperation,Multiplication
py_digits,HandlingInteger,TransformingToIntType
py_digits,HandlingTuple,CreatingTuple
py_sum_digits,ForLoopWithUpdate,ForLoopWith+=
py_sum_digits,ForLoopWithUpdate,ForLoopWith*=
py_sum_digits,ForLoopWithUpdate,ForLoopWithListIndexing
py_sum_digits,ArithmeticOperation,FindAbsolute
py_sum_digits,HandlingTuple,SlicingTuple
py_sum_digits,HandlingTuple,IndexingTuple
py_sum_digits,HandlingFloat,TransformingToFloatType
py_sum_digits,HandlingDictionary,ReplacingDictionaryElement
py_sum_digits,HandlingDictionary,IndexingDictionary
py_sum_digits,HandlingDictionary,AddingItemToDictionary
py_sum_digits,HandlingDictionary,AccessingDictionary
py_sum_digits,HandlingDictionary,CreatingDictionary
py_sum_digits,HandlingList,DeletingListElement
py_sum_digits,HandlingList,IndexingList
py_sum_digits,HandlingList,CreatingList
py_sum_digits,HandlingList,SlicingList
py_sum_digits,HandlingList,ReplacingListElement
py_sum_digits,HandlingList,ListReferencing
py_sum_digits,HandlingList,ReversingList
py_sum_digits,AddingListElement,AddingListElementWithInsert
py_sum_digits,AddingListElement,AddingListElementWithAppend
py_sum_digits,HandlingFile,ClosingFile
py_sum_digits,HandlingFile,ReadingLine
py_sum_digits,HandlingFile,OpeningFile
py_sum_digits,HandlingString,CreatingString
py_sum_digits,HandlingString,ReplacingStringContent
py_sum_digits,HandlingString,FormattingString
py_sum_digits,HandlingString,TransformingToStringType
py_sum_digits,HandlingString,SplittingString
py_reverse_number,HandlingFunctionCallingFunction,DefiningFunctionCallingFunction
py_reverse_number,NonNestedIteration,SingleWhileLoopIteration
py_reverse_number,WhileLoopWithUpdate,WhileLoopWithListIndexing
py_reverse_number,WhileLoopWithUpdate,WhileLoopWith*=
py_reverse_number,WhileLoopWithUpdate,WhileLoopWith+=
py_reverse_number,ForLoopWithUpdate,ForLoopWith+=
py_reverse_number,ForLoopWithUpdate,ForLoopWith*=
py_reverse_number,ForLoopWithUpdate,ForLoopWithListIndexing
py_reverse_number,NestedLoopIteration,MixedNestedLoopIteration
py_reverse_number,NestedLoopIteration,NestedForLoopIteration
py_reverse_number,NestedLoopIteration,NestedWhileLoopIteration
py_reverse_number,ArithmeticOperation,FindAbsolute
py_reverse_number,ArithmeticOperation,FindRemainder
py_reverse_number,ArithmeticOperation,FindMaximum
py_reverse_number,ArithmeticOperation,Addition
py_reverse_number,ArithmeticOperation,Round
py_reverse_number,ArithmeticOperation,Power
py_reverse_number,ArithmeticOperation,FindMinimum
py_reverse_number,ArithmeticOperation,Substraction
py_reverse_number,ArithmeticOperation,Division
py_reverse_number,ArithmeticOperation,Multiplication
py_reverse_number,HandlingInteger,TransformingToIntType
py_reverse_number,HandlingTuple,CreatingTuple
py_work_hours,NonNestedIteration,SingleWhileLoopIteration
py_work_hours,WhileLoopWithUpdate,WhileLoopWithListIndexing
py_work_hours,WhileLoopWithUpdate,WhileLoopWith*=
py_work_hours,WhileLoopWithUpdate,WhileLoopWith+=
py_work_hours,ForLoopWithUpdate,ForLoopWith+=
py_work_hours,ForLoopWithUpdate,ForLoopWith*=
py_work_hours,ForLoopWithUpdate,ForLoopWithListIndexing
py_work_hours,NestedLoopIteration,MixedNestedLoopIteration
py_work_hours,NestedLoopIteration,NestedForLoopIteration
py_work_hours,NestedLoopIteration,NestedWhileLoopIteration
py_work_hours,ArithmeticOperation,FindAbsolute
py_work_hours,ArithmeticOperation,FindRemainder
py_work_hours,ArithmeticOperation,FindMaximum
py_work_hours,ArithmeticOperation,Addition
py_work_hours,ArithmeticOperation,Round
py_work_hours,ArithmeticOperation,Power
py_work_hours,ArithmeticOperation,FindMinimum
py_work_hours,ArithmeticOperation,Substraction
py_work_hours,ArithmeticOperation,Division
py_work_hours,ArithmeticOperation,Multiplication
py_work_hours,HandlingInteger,TransformingToIntType
py_work_hours,HandlingTuple,CreatingTuple
py_work_hours,HandlingTuple,SlicingTuple
py_work_hours,HandlingTuple,IndexingTuple
py_work_hours,HandlingFloat,TransformingToFloatType
py_work_hours,HandlingDictionary,ReplacingDictionaryElement
py_work_hours,HandlingDictionary,IndexingDictionary
py_work_hours,HandlingDictionary,AddingItemToDictionary
py_work_hours,HandlingDictionary,AccessingDictionary
py_work_hours,HandlingDictionary,CreatingDictionary
py_work_hours,HandlingList,DeletingListElement
py_work_hours,HandlingList,IndexingList
py_work_hours,HandlingList,CreatingList
py_work_hours,HandlingList,SlicingList
py_work_hours,HandlingList,ReplacingListElement
py_work_hours,HandlingList,ListReferencing
py_work_hours,HandlingList,ReversingList
py_work_hours,AddingListElement,AddingListElementWithInsert
py_work_hours,AddingListElement,AddingListElementWithAppend
py_work_hours,HandlingFile,ClosingFile
py_work_hours,HandlingFile,ReadingLine
py_work_hours,HandlingFile,OpeningFile
py_work_hours,HandlingString,CreatingString
py_work_hours,HandlingString,ReplacingStringContent
py_work_hours,HandlingString,FormattingString
py_work_hours,HandlingString,TransformingToStringType
py_work_hours,HandlingString,SplittingString
py_work_hours2,HandlingAdvancedDataStructure,BinaryTreeTask
py_work_hours2,HandlingAdvancedDataStructure,LinkedListTask
py_work_hours2,HandlingAdvancedDataStructure,QueueTask
py_work_hours2,HandlingAdvancedDataStructure,StackTask
py_work_hours2,TwoDimensionalArrayTask,ReplacingElement2DArray
py_work_hours2,TwoDimensionalArrayTask,Indexing2DArray
py_work_hours2,TwoDimensionalArrayTask,Create2DArray
py_work_hours2,HandlingFunctionCallingFunction,CallingFunctionCallingFunction
py_work_hours2,HandlingFunctionCallingFunction,DefiningFunctionCallingFunction
py_work_hours2,NonNestedIteration,SingleWhileLoopIteration
py_work_hours2,WhileLoopWithUpdate,WhileLoopWithListIndexing
py_work_hours2,WhileLoopWithUpdate,WhileLoopWith*=
py_work_hours2,WhileLoopWithUpdate,WhileLoopWith+=
py_work_hours2,ForLoopWithUpdate,ForLoopWith+=
py_work_hours2,ForLoopWithUpdate,ForLoopWith*=
py_work_hours2,ForLoopWithUpdate,ForLoopWithListIndexing
py_work_hours2,NestedLoopIteration,MixedNestedLoopIteration
py_work_hours2,NestedLoopIteration,NestedForLoopIteration
py_work_hours2,NestedLoopIteration,NestedWhileLoopIteration
py_work_hours2,ArithmeticOperation,FindAbsolute
py_work_hours2,ArithmeticOperation,FindRemainder
py_work_hours2,ArithmeticOperation,FindMaximum
py_work_hours2,ArithmeticOperation,Addition
py_work_hours2,ArithmeticOperation,Round
py_work_hours2,ArithmeticOperation,Power
py_work_hours2,ArithmeticOperation,FindMinimum
py_work_hours2,ArithmeticOperation,Substraction
py_work_hours2,ArithmeticOperation,Division
py_work_hours2,ArithmeticOperation,Multiplication
py_work_hours2,HandlingInteger,TransformingToIntType
py_work_hours2,HandlingTuple,CreatingTuple
py_check_product_code,NonNestedIteration,SingleWhileLoopIteration
py_check_product_code,WhileLoopWithUpdate,WhileLoopWithListIndexing
py_check_product_code,WhileLoopWithUpdate,WhileLoopWith*=
py_check_product_code,WhileLoopWithUpdate,WhileLoopWith+=
py_check_product_code,ForLoopWithUpdate,ForLoopWith+=
py_check_product_code,ForLoopWithUpdate,ForLoopWith*=
py_check_product_code,ForLoopWithUpdate,ForLoopWithListIndexing
py_check_product_code,NestedLoopIteration,MixedNestedLoopIteration
py_check_product_code,NestedLoopIteration,NestedForLoopIteration
py_check_product_code,NestedLoopIteration,NestedWhileLoopIteration
py_check_product_code,ArithmeticOperation,FindAbsolute
py_check_product_code,ArithmeticOperation,FindRemainder
py_check_product_code,ArithmeticOperation,FindMaximum
py_check_product_code,ArithmeticOperation,Addition
py_check_product_code,ArithmeticOperation,Round
py_check_product_code,ArithmeticOperation,Power
py_check_product_code,ArithmeticOperation,FindMinimum
py_check_product_code,ArithmeticOperation,Substraction
py_check_product_code,ArithmeticOperation,Division
py_check_product_code,ArithmeticOperation,Multiplication
py_check_product_code,HandlingInteger,TransformingToIntType
py_check_product_code,HandlingTuple,CreatingTuple
py_check_product_code,HandlingTuple,SlicingTuple
py_check_product_code,HandlingTuple,IndexingTuple
py_check_product_code,HandlingFloat,TransformingToFloatType
py_check_product_code,HandlingDictionary,ReplacingDictionaryElement
py_check_product_code,HandlingDictionary,IndexingDictionary
py_check_product_code,HandlingDictionary,AddingItemToDictionary
py_check_product_code,HandlingDictionary,AccessingDictionary
py_check_product_code,HandlingDictionary,CreatingDictionary
py_check_product_code,HandlingList,DeletingListElement
py_check_product_code,HandlingList,IndexingList
py_check_product_code,HandlingList,CreatingList
py_check_product_code,HandlingList,SlicingList
py_check_product_code,HandlingList,ReplacingListElement
py_check_product_code,HandlingList,ListReferencing
py_check_product_code,HandlingList,ReversingList
py_check_product_code,AddingListElement,AddingListElementWithInsert
py_check_product_code,AddingListElement,AddingListElementWithAppend
py_check_product_code,HandlingFile,ClosingFile
py_check_product_code,HandlingFile,ReadingLine
py_check_product_code,HandlingFile,OpeningFile
py_check_product_code,HandlingString,CreatingString
py_check_product_code,HandlingString,ReplacingStringContent
py_check_product_code,HandlingString,FormattingString
py_check_product_code,HandlingString,TransformingToStringType
py_check_product_code,HandlingString,SplittingString
py_check_product_code2,Python,Concatenation
py_check_product_code2,Python,Importing
py_check_product_code2,Python,FindingLength
py_check_product_code2,Python,Printing
py_check_product_code2,Python,CheckingForItem
py_check_product_code2,Python,HandlingInput
py_check_product_code2,CheckingCondition,IfElseChecking
py_check_product_code2,CheckingCondition,AssertChecking
py_check_product_code2,CheckingCondition,IfElifElseChecking
py_check_product_code2,CheckingCondition,NestedIfChecking
py_check_product_code2,CheckingCondition,IfChecking
py_check_product_code2,CheckingCondition,IfElifChecking
py_check_product_code2,CheckingCondition,BooleanEvaluating
py_check_product_code2,CheckingInForLoop,IfElseCheckingInForLoop
py_check_product_code2,CheckingInForLoop,IfElifCheckingInForLoop
py_check_product_code2,CheckingInForLoop,IfCheckingInForLoop
py_check_product_code2,CheckingInForLoop,IfElifElseCheckingInForLoop
py_check_product_code2,CheckingInWhileLoop,IfElifElseCheckingInWhileLoop
py_check_product_code2,CheckingInWhileLoop,IfCheckingInWhileLoop
py_check_product_code2,CheckingInWhileLoop,IfElseCheckingInWhileLoop
py_check_product_code2,CheckingInWhileLoop,IfElifCheckingInWhileLoop
py_check_product_code2,ManagingVariable,SwappingVariablesValue
py_check_product_code2,HandlingObjectOrientedProgramming,DefiningOOPMethod
py_check_product_code2,HandlingFunction,NestedFunctionCall
py_check_product_code2,HandlingFunctionCallingFunction,DefiningFunctionCallingFunction
py_check_product_code2,HandlingStandardFunction,DefiningStandardFunction
py_check_product_code2,WhileLoopWithUpdate,WhileLoopWith*=
py_check_product_code2,ForLoopWithUpdate,ForLoopWith+=
py_check_product_code2,ForLoopWithUpdate,ForLoopWith*=
py_check_product_code2,ForLoopWithUpdate,ForLoopWithListIndexing
py_concat_char_two_str,HandlingObjectOrientedProgramming,DefiningOOPMethod
py_concat_char_two_str,HandlingFunction,NestedFunctionCall
py_concat_char_two_str,HandlingFunctionCallingFunction,DefiningFunctionCallingFunction
py_concat_char_two_str,NonNestedIteration,SingleWhileLoopIteration
py_concat_char_two_str,WhileLoopWithUpdate,WhileLoopWithListIndexing
py_concat_char_two_str,WhileLoopWithUpdate,WhileLoopWith*=
py_concat_char_two_str,WhileLoopWithUpdate,WhileLoopWith+=
py_concat_char_two_str,ForLoopWithUpdate,ForLoopWith+=
py_concat_char_two_str,ForLoopWithUpdate,ForLoopWith*=
py_concat_char_two_str,ForLoopWithUpdate,ForLoopWithListIndexing
py_concat_char_two_str,NestedLoopIteration,MixedNestedLoopIteration
py_concat_char_two_str,NestedLoopIteration,NestedForLoopIteration
py_concat_char_two_str,NestedLoopIteration,NestedWhileLoopIteration
py_concat_char_two_str,ArithmeticOperation,FindAbsolute
py_concat_char_two_str,ArithmeticOperation,FindRemainder
py_concat_char_two_str,ArithmeticOperation,FindMaximum
py_concat_char_two_str,ArithmeticOperation,Addition
py_concat_char_two_str,ArithmeticOperation,Round
py_concat_char_two_str,ArithmeticOperation,Power
py_concat_char_two_str,ArithmeticOperation,FindMinimum
py_concat_char_two_str,ArithmeticOperation,Substraction
py_concat_char_two_str,ArithmeticOperation,Division
py_concat_char_two_str,ArithmeticOperation,Multiplication
py_concat_char_two_str,HandlingInteger,TransformingToIntType
py_concat_char_two_str,HandlingTuple,CreatingTuple
py_concat_char_two_str,HandlingTuple,SlicingTuple
py_concat_char_two_str,HandlingTuple,IndexingTuple
py_concat_char_two_str,HandlingFloat,TransformingToFloatType
py_concat_char_two_str,HandlingDictionary,ReplacingDictionaryElement
py_concat_char_two_str,HandlingDictionary,IndexingDictionary
py_concat_char_two_str,HandlingDictionary,AddingItemToDictionary
py_concat_char_two_str,HandlingDictionary,AccessingDictionary
py_concat_char_two_str,HandlingDictionary,CreatingDictionary
py_concat_char_two_str,HandlingList,DeletingListElement
py_concat_char_two_str,HandlingList,IndexingList
py_concat_char_two_str,HandlingList,CreatingList
py_concat_char_two_str,HandlingList,SlicingList
py_concat_char_two_str,HandlingList,ReplacingListElement
py_concat_char_two_str,HandlingList,ListReferencing
py_concat_char_two_str,HandlingList,ReversingList
py_concat_char_two_str,AddingListElement,AddingListElementWithInsert
py_concat_char_two_str,AddingListElement,AddingListElementWithAppend
py_concat_char_two_str,HandlingFile,ClosingFile
py_concat_char_two_str,HandlingFile,ReadingLine
py_concat_char_two_str,HandlingFile,OpeningFile
py_concat_char_two_str,HandlingString,CreatingString
py_concat_char_two_str,HandlingString,ReplacingStringContent
py_concat_char_two_str,HandlingString,FormattingString
py_concat_char_two_str,HandlingString,TransformingToStringType
py_concat_char_two_str,HandlingString,SplittingString
py_concat_char_two_str2,NonNestedIteration,SingleWhileLoopIteration
py_concat_char_two_str2,WhileLoopWithUpdate,WhileLoopWithListIndexing
py_concat_char_two_str2,WhileLoopWithUpdate,WhileLoopWith*=
py_concat_char_two_str2,WhileLoopWithUpdate,WhileLoopWith+=
py_concat_char_two_str2,ForLoopWithUpdate,ForLoopWith+=
py_concat_char_two_str2,ForLoopWithUpdate,ForLoopWith*=
py_concat_char_two_str2,ForLoopWithUpdate,ForLoopWithListIndexing
py_concat_char_two_str2,NestedLoopIteration,MixedNestedLoopIteration
py_concat_char_two_str2,NestedLoopIteration,NestedForLoopIteration
py_concat_char_two_str2,NestedLoopIteration,NestedWhileLoopIteration
py_concat_char_two_str2,ArithmeticOperation,FindAbsolute
py_concat_char_two_str2,ArithmeticOperation,FindRemainder
py_concat_char_two_str2,ArithmeticOperation,FindMaximum
py_concat_char_two_str2,ArithmeticOperation,Addition
py_concat_char_two_str2,ArithmeticOperation,Round
py_concat_char_two_str2,ArithmeticOperation,Power
py_concat_char_two_str2,ArithmeticOperation,FindMinimum
py_concat_char_two_str2,ArithmeticOperation,Substraction
py_concat_char_two_str2,ArithmeticOperation,Division
py_concat_char_two_str2,ArithmeticOperation,Multiplication
py_concat_char_two_str2,HandlingInteger,TransformingToIntType
py_concat_char_two_str2,HandlingTuple,CreatingTuple
py_concat_char_two_str2,HandlingTuple,SlicingTuple
py_concat_char_two_str2,HandlingTuple,IndexingTuple
py_concat_char_two_str2,HandlingFloat,TransformingToFloatType
py_concat_char_two_str2,HandlingDictionary,ReplacingDictionaryElement
py_concat_char_two_str2,HandlingDictionary,IndexingDictionary
py_concat_char_two_str2,HandlingDictionary,AddingItemToDictionary
py_concat_char_two_str2,HandlingDictionary,AccessingDictionary
py_concat_char_two_str2,HandlingDictionary,CreatingDictionary
py_concat_char_two_str2,HandlingList,DeletingListElement
py_concat_char_two_str2,HandlingList,IndexingList
py_concat_char_two_str2,HandlingList,CreatingList
py_concat_char_two_str2,HandlingList,SlicingList
py_concat_char_two_str2,HandlingList,ReplacingListElement
py_concat_char_two_str2,HandlingList,ListReferencing
py_concat_char_two_str2,HandlingList,ReversingList
py_concat_char_two_str2,AddingListElement,AddingListElementWithInsert
py_concat_char_two_str2,AddingListElement,AddingListElementWithAppend
py_concat_char_two_str2,HandlingFile,ClosingFile
py_concat_char_two_str2,HandlingFile,ReadingLine
py_concat_char_two_str2,HandlingFile,OpeningFile
py_concat_char_two_str2,HandlingString,CreatingString
py_concat_char_two_str2,HandlingString,ReplacingStringContent
py_concat_char_two_str2,HandlingString,FormattingString
py_concat_char_two_str2,HandlingString,TransformingToStringType
py_concat_char_two_str2,HandlingString,SplittingString
py_str_repeat,Python,Concatenation
py_str_repeat,Python,Importing
py_str_repeat,Python,FindingLength
py_str_repeat,Python,Printing
py_str_repeat,Python,CheckingForItem
py_str_repeat,Python,HandlingInput
py_str_repeat,CheckingCondition,IfElseChecking
py_str_repeat,CheckingCondition,AssertChecking
py_str_repeat,CheckingCondition,IfElifElseChecking
py_str_repeat,CheckingCondition,NestedIfChecking
py_str_repeat,CheckingCondition,IfChecking
py_str_repeat,CheckingCondition,IfElifChecking
py_str_repeat,CheckingCondition,BooleanEvaluating
py_str_repeat,CheckingInForLoop,IfElseCheckingInForLoop
py_str_repeat,CheckingInForLoop,IfElifCheckingInForLoop
py_str_repeat,CheckingInForLoop,IfCheckingInForLoop
py_str_repeat,CheckingInForLoop,IfElifElseCheckingInForLoop
py_str_repeat,CheckingInWhileLoop,IfElifElseCheckingInWhileLoop
py_str_repeat,CheckingInWhileLoop,IfCheckingInWhileLoop
py_str_repeat,CheckingInWhileLoop,IfElseCheckingInWhileLoop
py_str_repeat,CheckingInWhileLoop,IfElifCheckingInWhileLoop
py_str_repeat,ManagingVariable,SwappingVariablesValue
py_str_repeat,HandlingAdvancedDataStructure,BinaryTreeTask
py_str_repeat,HandlingAdvancedDataStructure,LinkedListTask
py_str_repeat,HandlingAdvancedDataStructure,QueueTask
py_str_repeat,HandlingAdvancedDataStructure,StackTask
py_str_repeat,TwoDimensionalArrayTask,ReplacingElement2DArray
py_str_repeat,TwoDimensionalArrayTask,Indexing2DArray
py_str_repeat,TwoDimensionalArrayTask,Create2DArray
py_str_repeat,HandlingObjectOrientedProgramming,CallingOOPMethod
py_str_repeat,HandlingObjectOrientedProgramming,CreatingObject
py_str_repeat,HandlingObjectOrientedProgramming,DefiningClass
py_str_repeat,HandlingObjectOrientedProgramming,DefiningOOPMethod
py_str_repeat,HandlingFunction,NestedFunctionCall
py_str_repeat,HandlingFunctionCallingFunction,DefiningFunctionCallingFunction
py_str_repeat,HandlingRecursiveFunction,CallingRecursiveFunction
py_str_repeat,HandlingRecursiveFunction,DefiningRecursiveFunction
py_str_repeat,HandlingNestedFunction,CallingNestedFunction
py_str_repeat,HandlingNestedFunction,DefiningNestedFunction
py_str_repeat,HandlingStandardFunction,CallingStandardFunction
py_str_repeat,HandlingStandardFunction,DefiningStandardFunction
py_str_repeat,NonNestedIteration,SingleWhileLoopIteration
py_str_repeat,ForLoopWithUpdate,ForLoopWith*=
py_str_repeat,ArithmeticOperation,FindAbsolute
py_str_repeat,ArithmeticOperation,FindRemainder
py_str_repeat,ArithmeticOperation,FindMaximum
py_str_repeat,ArithmeticOperation,Round
py_str_repeat,ArithmeticOperation,Power
py_str_repeat,ArithmeticOperation,FindMinimum
py_str_repeat,ArithmeticOperation,Substraction
py_str_repeat,ArithmeticOperation,Division
py_str_repeat,HandlingTuple,SlicingTuple
py_str_repeat,HandlingTuple,IndexingTuple
py_str_repeat,HandlingFloat,TransformingToFloatType
py_str_repeat,HandlingDictionary,ReplacingDictionaryElement
py_str_repeat,HandlingDictionary,IndexingDictionary
py_str_repeat,HandlingDictionary,AddingItemToDictionary
py_str_repeat,HandlingDictionary,AccessingDictionary
py_str_repeat,HandlingDictionary,CreatingDictionary
py_str_repeat,HandlingList,DeletingListElement
py_str_repeat,HandlingList,IndexingList
py_str_repeat,HandlingList,CreatingList
py_str_repeat,HandlingList,SlicingList
py_str_repeat,HandlingList,ReplacingListElement
py_str_repeat,HandlingList,ListReferencing
py_str_repeat,HandlingList,ReversingList
py_str_repeat,AddingListElement,AddingListElementWithInsert
py_str_repeat,AddingListElement,AddingListElementWithAppend
py_str_repeat,HandlingFile,ClosingFile
py_str_repeat,HandlingFile,ReadingLine
py_str_repeat,HandlingFile,OpeningFile
py_str_repeat,HandlingString,CreatingString
py_str_repeat,HandlingString,ReplacingStringContent
py_str_repeat,HandlingString,FormattingString
py_str_repeat,HandlingString,TransformingToStringType
py_str_repeat,HandlingString,SplittingString
py_str_repeat,HandlingString,TrimmingString
py_str_repeat,HandlingString,IndexingString
py_str_repeat,HandlingString,SlicingString
py_str_repeat,ModifyingStringCase,ConvertStringToUpperCase
py_str_repeat,ModifyingStringCase,ConvertStringToLowerCase
py_str_repeat,ModifyingStringCase,CapitalizeString
py_str_repeat,HandlingError,HandlingSpecificError
py_str_repeat,HandlingError,HandlingGeneralError
py_str_count,HandlingAdvancedDataStructure,BinaryTreeTask
py_str_count,HandlingAdvancedDataStructure,LinkedListTask
py_str_count,HandlingAdvancedDataStructure,QueueTask
py_str_count,HandlingAdvancedDataStructure,StackTask
py_str_count,TwoDimensionalArrayTask,ReplacingElement2DArray
py_str_count,TwoDimensionalArrayTask,Indexing2DArray
py_str_count,TwoDimensionalArrayTask,Create2DArray
py_str_count,HandlingObjectOrientedProgramming,CreatingObject
py_str_count,HandlingObjectOrientedProgramming,DefiningClass
py_str_count,HandlingObjectOrientedProgramming,DefiningOOPMethod
py_str_count,HandlingFunctionCallingFunction,DefiningFunctionCallingFunction
py_str_count,HandlingRecursiveFunction,CallingRecursiveFunction
py_str_count,HandlingRecursiveFunction,DefiningRecursiveFunction
py_str_count,HandlingNestedFunction,CallingNestedFunction
py_str_count,HandlingNestedFunction,DefiningNestedFunction
py_str_count,HandlingStandardFunction,CallingStandardFunction
py_str_count,HandlingStandardFunction,DefiningStandardFunction
py_str_count,WhileLoopWithUpdate,WhileLoopWithListIndexing
py_str_count,WhileLoopWithUpdate,WhileLoopWith*=
py_str_count,WhileLoopWithUpdate,WhileLoopWith+=
py_str_count,ForLoopWithUpdate,ForLoopWith*=
py_str_count,HandlingFloat,TransformingToFloatType
py_str_count2,HandlingAdvancedDataStructure,BinaryTreeTask
py_str_count2,HandlingAdvancedDataStructure,LinkedListTask
py_str_count2,HandlingAdvancedDataStructure,QueueTask
py_str_count2,HandlingAdvancedDataStructure,StackTask
py_str_count2,TwoDimensionalArrayTask,ReplacingElement2DArray
py_str_count2,TwoDimensionalArrayTask,Indexing2DArray
py_str_count2,TwoDimensionalArrayTask,Create2DArray
py_str_count2,HandlingObjectOrientedProgramming,DefiningOOPMethod
py_str_count2,HandlingFunctionCallingFunction,DefiningFunctionCallingFunction
py_str_count2,HandlingRecursiveFunction,CallingRecursiveFunction
py_str_count2,HandlingStandardFunction,CallingStandardFunction
py_str_count2,HandlingStandardFunction,DefiningStandardFunction
py_str_count2,NonNestedIteration,SingleWhileLoopIteration
py_str_count2,ForLoopWithUpdate,ForLoopWith*=
py_str_count2,ForLoopWithUpdate,ForLoopWithListIndexing
py_str_count2,HandlingString,ReplacingStringContent
py_str_count2,HandlingString,SplittingString
py_if_else_num,Python,Concatenation
py_if_else_num,Python,Importing
py_if_else_num,Python,FindingLength
py_if_else_num,Python,Printing
py_if_else_num,Python,CheckingForItem
py_if_else_num,Python,HandlingInput
py_if_else_num,CheckingCondition,IfElseChecking
py_if_else_num,CheckingCondition,AssertChecking
py_if_else_num,CheckingCondition,IfElifElseChecking
py_if_else_num,CheckingCondition,NestedIfChecking
py_if_else_num,CheckingCondition,IfChecking
py_if_else_num,CheckingCondition,IfElifChecking
py_if_else_num,CheckingCondition,BooleanEvaluating
py_if_else_num,CheckingInForLoop,IfElseCheckingInForLoop
py_if_else_num,CheckingInForLoop,IfElifCheckingInForLoop
py_if_else_num,CheckingInForLoop,IfCheckingInForLoop
py_if_else_num,CheckingInForLoop,IfElifElseCheckingInForLoop
py_if_else_num,CheckingInWhileLoop,IfElifElseCheckingInWhileLoop
py_if_else_num,CheckingInWhileLoop,IfCheckingInWhileLoop
py_if_else_num,CheckingInWhileLoop,IfElseCheckingInWhileLoop
py_if_else_num,CheckingInWhileLoop,IfElifCheckingInWhileLoop
py_if_else_num,ManagingVariable,SwappingVariablesValue
py_if_else_num,NonNestedIteration,SingleWhileLoopIteration
py_if_else_num,WhileLoopWithUpdate,WhileLoopWithListIndexing
py_if_else_num,WhileLoopWithUpdate,WhileLoopWith*=
py_if_else_num,WhileLoopWithUpdate,WhileLoopWith+=
py_if_else_num,ForLoopWithUpdate,ForLoopWith+=
py_if_else_num,ForLoopWithUpdate,ForLoopWith*=
py_if_else_num,ForLoopWithUpdate,ForLoopWithListIndexing
py_if_else_num,NestedLoopIteration,MixedNestedLoopIteration
py_if_else_num,NestedLoopIteration,NestedForLoopIteration
py_if_else_num,NestedLoopIteration,NestedWhileLoopIteration
py_if_else_num,ArithmeticOperation,FindAbsolute
py_if_else_num,ArithmeticOperation,FindRemainder
py_if_else_num,ArithmeticOperation,FindMaximum
py_if_else_num,ArithmeticOperation,Addition
py_if_else_num,ArithmeticOperation,Round
py_if_else_num,ArithmeticOperation,Power
py_if_else_num,ArithmeticOperation,FindMinimum
py_if_else_num,ArithmeticOperation,Substraction
py_if_else_num,ArithmeticOperation,Division
py_if_else_num,ArithmeticOperation,Multiplication
py_if_else_num,HandlingInteger,TransformingToIntType
py_if_else_num,HandlingTuple,CreatingTuple
py_ifelse_odd_even,HandlingAdvancedDataStructure,BinaryTreeTask
py_ifelse_odd_even,HandlingAdvancedDataStructure,LinkedListTask
py_ifelse_odd_even,HandlingAdvancedDataStructure,QueueTask
py_ifelse_odd_even,HandlingAdvancedDataStructure,StackTask
py_ifelse_odd_even,TwoDimensionalArrayTask,ReplacingElement2DArray
py_ifelse_odd_even,TwoDimensionalArrayTask,Indexing2DArray
py_ifelse_odd_even,TwoDimensionalArrayTask,Create2DArray
py_ifelse_odd_even,HandlingObjectOrientedProgramming,CallingOOPMethod
py_ifelse_odd_even,HandlingObjectOrientedProgramming,CreatingObject
py_ifelse_odd_even,HandlingObjectOrientedProgramming,DefiningClass
py_ifelse_odd_even,HandlingObjectOrientedProgramming,DefiningOOPMethod
py_ifelse_odd_even,NonNestedIteration,SingleWhileLoopIteration
py_ifelse_odd_even,WhileLoopWithUpdate,WhileLoopWithListIndexing
py_ifelse_odd_even,WhileLoopWithUpdate,WhileLoopWith*=
py_ifelse_odd_even,WhileLoopWithUpdate,WhileLoopWith+=
py_ifelse_odd_even,ForLoopWithUpdate,ForLoopWith+=
py_ifelse_odd_even,ForLoopWithUpdate,ForLoopWith*=
py_ifelse_odd_even,ForLoopWithUpdate,ForLoopWithListIndexing
py_ifelse_odd_even,NestedLoopIteration,MixedNestedLoopIteration
py_ifelse_odd_even,NestedLoopIteration,NestedForLoopIteration
py_ifelse_odd_even,NestedLoopIteration,NestedWhileLoopIteration
py_ifelse_odd_even,ArithmeticOperation,FindAbsolute
py_ifelse_odd_even,ArithmeticOperation,FindRemainder
py_ifelse_odd_even,ArithmeticOperation,FindMaximum
py_ifelse_odd_even,ArithmeticOperation,Addition
py_ifelse_odd_even,ArithmeticOperation,Round
py_ifelse_odd_even,ArithmeticOperation,Power
py_ifelse_odd_even,ArithmeticOperation,FindMinimum
py_ifelse_odd_even,ArithmeticOperation,Substraction
py_ifelse_odd_even,ArithmeticOperation,Division
py_ifelse_odd_even,ArithmeticOperation,Multiplication
py_ifelse_odd_even,HandlingInteger,TransformingToIntType
py_ifelse_odd_even,HandlingTuple,CreatingTuple
py_range_one,HandlingAdvancedDataStructure,BinaryTreeTask
py_range_one,HandlingAdvancedDataStructure,LinkedListTask
py_range_one,HandlingAdvancedDataStructure,QueueTask
py_range_one,HandlingAdvancedDataStructure,StackTask
py_range_one,TwoDimensionalArrayTask,ReplacingElement2DArray
py_range_one,TwoDimensionalArrayTask,Indexing2DArray
py_range_one,TwoDimensionalArrayTask,Create2DArray
py_range_one,HandlingObjectOrientedProgramming,CallingOOPMethod
py_range_one,HandlingObjectOrientedProgramming,CreatingObject
py_range_one,HandlingObjectOrientedProgramming,DefiningClass
py_range_one,HandlingObjectOrientedProgramming,DefiningOOPMethod
py_range_one,HandlingList,ReversingList
py_range1_2,HandlingAdvancedDataStructure,BinaryTreeTask
py_range1_2,HandlingAdvancedDataStructure,LinkedListTask
py_range1_2,HandlingAdvancedDataStructure,QueueTask
py_range1_2,HandlingAdvancedDataStructure,StackTask
py_range1_2,TwoDimensionalArrayTask,ReplacingElement2DArray
py_range1_2,TwoDimensionalArrayTask,Indexing2DArray
py_range1_2,TwoDimensionalArrayTask,Create2DArray
py_range1_2,HandlingObjectOrientedProgramming,CallingOOPMethod
py_range1_2,HandlingObjectOrientedProgramming,CreatingObject
py_range1_2,HandlingObjectOrientedProgramming,DefiningClass
py_range1_2,HandlingObjectOrientedProgramming,DefiningOOPMethod
py_range1_2,NonNestedIteration,SingleWhileLoopIteration
py_range1_2,WhileLoopWithUpdate,WhileLoopWithListIndexing
py_range1_2,WhileLoopWithUpdate,WhileLoopWith*=
py_range1_2,WhileLoopWithUpdate,WhileLoopWith+=
py_range1_2,ForLoopWithUpdate,ForLoopWith+=
py_range1_2,ForLoopWithUpdate,ForLoopWith*=
py_range1_2,ForLoopWithUpdate,ForLoopWithListIndexing
py_range1_2,NestedLoopIteration,MixedNestedLoopIteration
py_range1_2,NestedLoopIteration,NestedForLoopIteration
py_range1_2,NestedLoopIteration,NestedWhileLoopIteration
py_range1_2,ArithmeticOperation,FindAbsolute
py_range1_2,ArithmeticOperation,FindRemainder
py_range1_2,ArithmeticOperation,FindMaximum
py_range1_2,ArithmeticOperation,Addition
py_range1_2,ArithmeticOperation,Round
py_range1_2,ArithmeticOperation,Power
py_range1_2,ArithmeticOperation,FindMinimum
py_range1_2,ArithmeticOperation,Substraction
py_range1_2,ArithmeticOperation,Division
py_range1_2,ArithmeticOperation,Multiplication
py_range1_2,HandlingInteger,TransformingToIntType
py_range1_2,HandlingTuple,CreatingTuple
py_range1_2,HandlingTuple,SlicingTuple
py_range1_2,HandlingTuple,IndexingTuple
py_range1_2,HandlingFloat,TransformingToFloatType
py_range1_2,HandlingDictionary,ReplacingDictionaryElement
py_range1_2,HandlingDictionary,IndexingDictionary
py_range1_2,HandlingDictionary,AddingItemToDictionary
py_range1_2,HandlingDictionary,AccessingDictionary
py_range1_2,HandlingDictionary,CreatingDictionary
py_range1_2,HandlingList,DeletingListElement
py_range1_2,HandlingList,IndexingList
py_range1_2,HandlingList,CreatingList
py_range1_2,HandlingList,SlicingList
py_range1_2,HandlingList,ReplacingListElement
py_range1_2,HandlingList,ListReferencing
py_range1_2,HandlingList,ReversingList
py_range1_2,AddingListElement,AddingListElementWithInsert
py_range1_2,AddingListElement,AddingListElementWithAppend
py_range1_2,HandlingFile,ClosingFile
py_range1_2,HandlingFile,ReadingLine
py_range1_2,HandlingFile,OpeningFile
py_range1_2,HandlingString,CreatingString
py_range1_2,HandlingString,ReplacingStringContent
py_range1_2,HandlingString,FormattingString
py_range1_2,HandlingString,TransformingToStringType
py_range1_2,HandlingString,SplittingString
py_range1_2,HandlingString,TrimmingString
py_range1_2,HandlingString,IndexingString
py_range1_2,HandlingString,SlicingString
py_range1_2,ModifyingStringCase,ConvertStringToUpperCase
py_range1_2,ModifyingStringCase,ConvertStringToLowerCase
py_range1_2,ModifyingStringCase,CapitalizeString
py_range1_2,HandlingError,HandlingSpecificError
py_range1_2,HandlingError,HandlingGeneralError
py_range_three,Python,Concatenation
py_range_three,Python,Importing
py_range_three,Python,FindingLength
py_range_three,Python,Printing
py_range_three,Python,CheckingForItem
py_range_three,Python,HandlingInput
py_range_three,CheckingCondition,IfElseChecking
py_range_three,CheckingCondition,AssertChecking
py_range_three,CheckingCondition,IfElifElseChecking
py_range_three,CheckingCondition,NestedIfChecking
py_range_three,CheckingCondition,IfChecking
py_range_three,CheckingCondition,IfElifChecking
py_range_three,CheckingCondition,BooleanEvaluating
py_range_three,CheckingInForLoop,IfElseCheckingInForLoop
py_range_three,CheckingInForLoop,IfElifCheckingInForLoop
py_range_three,CheckingInForLoop,IfCheckingInForLoop
py_range_three,CheckingInForLoop,IfElifElseCheckingInForLoop
py_range_three,CheckingInWhileLoop,IfElifElseCheckingInWhileLoop
py_range_three,CheckingInWhileLoop,IfCheckingInWhileLoop
py_range_three,CheckingInWhileLoop,IfElseCheckingInWhileLoop
py_range_three,CheckingInWhileLoop,IfElifCheckingInWhileLoop
py_range_three,ManagingVariable,SwappingVariablesValue
py_range_three,HandlingAdvancedDataStructure,BinaryTreeTask
py_range_three,HandlingAdvancedDataStructure,LinkedListTask
py_range_three,HandlingAdvancedDataStructure,QueueTask
py_range_three,HandlingAdvancedDataStructure,StackTask
py_range_three,TwoDimensionalArrayTask,ReplacingElement2DArray
py_range_three,TwoDimensionalArrayTask,Indexing2DArray
py_range_three,TwoDimensionalArrayTask,Create2DArray
py_range_three,HandlingObjectOrientedProgramming,CallingOOPMethod
py_range_three,HandlingObjectOrientedProgramming,CreatingObject
py_range_three,HandlingObjectOrientedProgramming,DefiningClass
py_range_three,HandlingObjectOrientedProgramming,DefiningOOPMethod
py_range_three,NonNestedIteration,SingleWhileLoopIteration
py_range_three,WhileLoopWithUpdate,WhileLoopWithListIndexing
py_range_three,WhileLoopWithUpdate,WhileLoopWith*=
py_range_three,WhileLoopWithUpdate,WhileLoopWith+=
py_range_three,ForLoopWithUpdate,ForLoopWith+=
py_range_three,ForLoopWithUpdate,ForLoopWith*=
py_range_three,ForLoopWithUpdate,ForLoopWithListIndexing
py_range_three,NestedLoopIteration,MixedNestedLoopIteration
py_range_three,NestedLoopIteration,NestedForLoopIteration
py_range_three,NestedLoopIteration,NestedWhileLoopIteration
py_range_three,ArithmeticOperation,FindAbsolute
py_range_three,ArithmeticOperation,FindRemainder
py_range_three,ArithmeticOperation,FindMaximum
py_range_three,ArithmeticOperation,Addition
py_range_three,ArithmeticOperation,Round
py_range_three,ArithmeticOperation,Power
py_range_three,ArithmeticOperation,FindMinimum
py_range_three,ArithmeticOperation,Substraction
py_range_three,ArithmeticOperation,Division
py_range_three,ArithmeticOperation,Multiplication
py_range_three,HandlingInteger,TransformingToIntType
py_range_three,HandlingTuple,CreatingTuple
py_range_three,HandlingTuple,SlicingTuple
py_range_three,HandlingTuple,IndexingTuple
py_range_three,HandlingFloat,TransformingToFloatType
py_range_three,HandlingDictionary,ReplacingDictionaryElement
py_range_three,HandlingDictionary,IndexingDictionary
py_range_three,HandlingDictionary,AddingItemToDictionary
py_range_three,HandlingDictionary,AccessingDictionary
py_range_three,HandlingDictionary,CreatingDictionary
py_range_three,HandlingList,DeletingListElement
py_range_three,HandlingList,IndexingList
py_range_three,HandlingList,CreatingList
py_range_three,HandlingList,SlicingList
py_range_three,HandlingList,ReplacingListElement
py_range_three,HandlingList,ListReferencing
py_range_three,HandlingList,ReversingList
py_range_three,AddingListElement,AddingListElementWithInsert
py_range_three,AddingListElement,AddingListElementWithAppend
py_range_three,HandlingFile,ClosingFile
py_range_three,HandlingFile,ReadingLine
py_range_three,HandlingFile,OpeningFile
py_range_three,HandlingString,CreatingString
py_range_three,HandlingString,ReplacingStringContent
py_range_three,HandlingString,FormattingString
py_range_three,HandlingString,TransformingToStringType
py_range_three,HandlingString,SplittingString
py_range_three,HandlingString,TrimmingString
py_range_three,HandlingString,IndexingString
py_range_three,HandlingString,SlicingString
py_range_three,ModifyingStringCase,ConvertStringToUpperCase
py_range_three,ModifyingStringCase,ConvertStringToLowerCase
py_range_three,ModifyingStringCase,CapitalizeString
py_range_three,HandlingError,HandlingSpecificError
py_range_three,HandlingError,HandlingGeneralError
py_range3_2,HandlingAdvancedDataStructure,BinaryTreeTask
py_range3_2,HandlingAdvancedDataStructure,LinkedListTask
py_range3_2,HandlingAdvancedDataStructure,QueueTask
py_range3_2,HandlingAdvancedDataStructure,StackTask
py_range3_2,TwoDimensionalArrayTask,ReplacingElement2DArray
py_range3_2,TwoDimensionalArrayTask,Indexing2DArray
py_range3_2,TwoDimensionalArrayTask,Create2DArray
py_range3_2,HandlingObjectOrientedProgramming,CallingOOPMethod
py_range3_2,HandlingObjectOrientedProgramming,CreatingObject
py_range3_2,HandlingObjectOrientedProgramming,DefiningClass
py_range3_2,HandlingObjectOrientedProgramming,DefiningOOPMethod
py_range3_2,HandlingString,TrimmingString
py_range3_2,HandlingString,IndexingString
py_range3_2,HandlingString,SlicingString
py_range3_2,ModifyingStringCase,ConvertStringToUpperCase
py_range3_2,ModifyingStringCase,ConvertStringToLowerCase
py_range3_2,ModifyingStringCase,CapitalizeString
py_range3_2,HandlingError,HandlingSpecificError
py_range3_2,HandlingError,HandlingGeneralError
py_range_two,NonNestedIteration,SingleWhileLoopIteration
py_range_two,WhileLoopWithUpdate,WhileLoopWithListIndexing
py_range_two,WhileLoopWithUpdate,WhileLoopWith*=
py_range_two,WhileLoopWithUpdate,WhileLoopWith+=
py_range_two,ForLoopWithUpdate,ForLoopWith+=
py_range_two,ForLoopWithUpdate,ForLoopWith*=
py_range_two,ForLoopWithUpdate,ForLoopWithListIndexing
py_range_two,NestedLoopIteration,MixedNestedLoopIteration
py_range_two,NestedLoopIteration,NestedForLoopIteration
py_range_two,NestedLoopIteration,NestedWhileLoopIteration
py_range_two,ArithmeticOperation,FindAbsolute
py_range_two,ArithmeticOperation,FindRemainder
py_range_two,ArithmeticOperation,FindMaximum
py_range_two,ArithmeticOperation,Addition
py_range_two,ArithmeticOperation,Round
py_range_two,ArithmeticOperation,Power
py_range_two,ArithmeticOperation,FindMinimum
py_range_two,ArithmeticOperation,Substraction
py_range_two,ArithmeticOperation,Division
py_range_two,ArithmeticOperation,Multiplication
py_range_two,HandlingInteger,TransformingToIntType
py_range_two,HandlingTuple,CreatingTuple
py_range_two,HandlingTuple,SlicingTuple
py_range_two,HandlingTuple,IndexingTuple
py_range_two,HandlingFloat,TransformingToFloatType
py_range_two,HandlingDictionary,ReplacingDictionaryElement
py_range_two,HandlingDictionary,IndexingDictionary
py_range_two,HandlingDictionary,AddingItemToDictionary
py_range_two,HandlingDictionary,AccessingDictionary
py_range_two,HandlingDictionary,CreatingDictionary
py_range_two,HandlingList,DeletingListElement
py_range_two,HandlingList,IndexingList
py_range_two,HandlingList,CreatingList
py_range_two,HandlingList,SlicingList
py_range_two,HandlingList,ReplacingListElement
py_range_two,HandlingList,ListReferencing
py_range_two,HandlingList,ReversingList
py_range_two,AddingListElement,AddingListElementWithInsert
py_range_two,AddingListElement,AddingListElementWithAppend
py_range_two,HandlingFile,ClosingFile
py_range_two,HandlingFile,ReadingLine
py_range_two,HandlingFile,OpeningFile
py_range_two,HandlingString,CreatingString
py_range_two,HandlingString,ReplacingStringContent
py_range_two,HandlingString,FormattingString
py_range_two,HandlingString,TransformingToStringType
py_range_two,HandlingString,SplittingString
py_range_two,HandlingString,TrimmingString
py_range_two,HandlingString,IndexingString
py_range_two,HandlingString,SlicingString
py_range_two,ModifyingStringCase,ConvertStringToUpperCase
py_range_two,ModifyingStringCase,ConvertStringToLowerCase
py_range_two,ModifyingStringCase,CapitalizeString
py_range_two,HandlingError,HandlingSpecificError
py_range_two,HandlingError,HandlingGeneralError
py_range2_2,Python,Concatenation
py_range2_2,Python,Importing
py_range2_2,Python,FindingLength
py_range2_2,Python,Printing
py_range2_2,Python,CheckingForItem
py_range2_2,Python,HandlingInput
py_range2_2,CheckingCondition,IfElseChecking
py_range2_2,CheckingCondition,AssertChecking
py_range2_2,CheckingCondition,IfElifElseChecking
py_range2_2,CheckingCondition,NestedIfChecking
py_range2_2,CheckingCondition,IfChecking
py_range2_2,CheckingCondition,IfElifChecking
py_range2_2,CheckingCondition,BooleanEvaluating
py_range2_2,CheckingInForLoop,IfElseCheckingInForLoop
py_range2_2,CheckingInForLoop,IfElifCheckingInForLoop
py_range2_2,CheckingInForLoop,IfCheckingInForLoop
py_range2_2,CheckingInForLoop,IfElifElseCheckingInForLoop
py_range2_2,CheckingInWhileLoop,IfElifElseCheckingInWhileLoop
py_range2_2,CheckingInWhileLoop,IfCheckingInWhileLoop
py_range2_2,CheckingInWhileLoop,IfElseCheckingInWhileLoop
py_range2_2,CheckingInWhileLoop,IfElifCheckingInWhileLoop
py_range2_2,ManagingVariable,SwappingVariablesValue
py_range2_2,ManagingVariable,AssigningVariable
py_range2_2,ManagingVariable,UpdatingVariable
py_range2_2,HandlingAdvancedDataStructure,BinaryTreeTask
py_range2_2,HandlingAdvancedDataStructure,LinkedListTask
py_range2_2,HandlingAdvancedDataStructure,QueueTask
py_range2_2,HandlingAdvancedDataStructure,StackTask
py_range2_2,TwoDimensionalArrayTask,ReplacingElement2DArray
py_range2_2,TwoDimensionalArrayTask,Indexing2DArray
py_range2_2,TwoDimensionalArrayTask,Create2DArray
py_range2_2,HandlingObjectOrientedProgramming,CallingOOPMethod
py_range2_2,HandlingObjectOrientedProgramming,CreatingObject
py_range2_2,HandlingObjectOrientedProgramming,DefiningClass
py_range2_2,HandlingObjectOrientedProgramming,DefiningOOPMethod
py_range2_2,HandlingFunction,CallingFunctionLibrary
py_range2_2,HandlingFunction,NestedFunctionCall
py_range2_2,HandlingFunctionCallingFunction,CallingFunctionCallingFunction
py_range2_2,HandlingFunctionCallingFunction,DefiningFunctionCallingFunction
py_range2_2,HandlingRecursiveFunction,CallingRecursiveFunction
py_range2_2,HandlingRecursiveFunction,DefiningRecursiveFunction
py_range2_2,HandlingNestedFunction,CallingNestedFunction
py_range2_2,HandlingNestedFunction,DefiningNestedFunction
py_range2_2,HandlingStandardFunction,CallingStandardFunction
py_range2_2,HandlingStandardFunction,DefiningStandardFunction
py_range2_2,NonNestedIteration,SingleForLoopIteration
py_squares,ManagingVariable,AssigningVariable
py_squares,ManagingVariable,UpdatingVariable
py_squares,HandlingAdvancedDataStructure,BinaryTreeTask
py_squares,HandlingAdvancedDataStructure,LinkedListTask
py_squares,HandlingAdvancedDataStructure,QueueTask
py_squares,HandlingAdvancedDataStructure,StackTask
py_squares,TwoDimensionalArrayTask,ReplacingElement2DArray
py_squares,TwoDimensionalArrayTask,Indexing2DArray
py_squares,TwoDimensionalArrayTask,Create2DArray
py_squares,HandlingObjectOrientedProgramming,CallingOOPMethod
py_squares,HandlingObjectOrientedProgramming,CreatingObject
py_squares,HandlingObjectOrientedProgramming,DefiningClass
py_squares,HandlingObjectOrientedProgramming,DefiningOOPMethod
py_squares,HandlingFunction,CallingFunctionLibrary
py_squares,HandlingFunction,NestedFunctionCall
py_squares,HandlingFunctionCallingFunction,CallingFunctionCallingFunction
py_squares,HandlingFunctionCallingFunction,DefiningFunctionCallingFunction
py_squares,HandlingRecursiveFunction,CallingRecursiveFunction
py_squares,HandlingRecursiveFunction,DefiningRecursiveFunction
py_squares,HandlingNestedFunction,CallingNestedFunction
py_squares,HandlingNestedFunction,DefiningNestedFunction
py_squares,HandlingStandardFunction,CallingStandardFunction
py_squares,HandlingStandardFunction,DefiningStandardFunction
py_squares,NonNestedIteration,SingleWhileLoopIteration
py_squares,ArithmeticOperation,FindAbsolute
py_squares,ArithmeticOperation,FindRemainder
py_squares,ArithmeticOperation,Addition
py_squares,ArithmeticOperation,Round
py_squares,ArithmeticOperation,Power
py_squares,ArithmeticOperation,FindMinimum
py_squares,ArithmeticOperation,Substraction
py_squares,ArithmeticOperation,Division
py_squares,HandlingTuple,CreatingTuple
py_write_squares_odd,NonNestedIteration,SingleWhileLoopIteration
py_write_squares_odd,WhileLoopWithUpdate,WhileLoopWithListIndexing
py_write_squares_odd,WhileLoopWithUpdate,WhileLoopWith*=
py_write_squares_odd,WhileLoopWithUpdate,WhileLoopWith+=
py_write_squares_range,NonNestedIteration,SingleWhileLoopIteration
py_write_squares_range,NestedLoopIteration,NestedWhileLoopIteration
py_write_squares_range,HandlingTuple,SlicingTuple
py_write_squares_range,HandlingTuple,IndexingTuple
py_write_squares_range,HandlingFloat,TransformingToFloatType
py_write_squares_range,HandlingDictionary,ReplacingDictionaryElement
py_write_squares_range,HandlingDictionary,IndexingDictionary
py_write_squares_range,HandlingDictionary,AddingItemToDictionary
py_write_squares_range,HandlingDictionary,AccessingDictionary
py_write_squares_range,HandlingDictionary,CreatingDictionary
py_write_squares_range,HandlingList,DeletingListElement
py_write_squares_range,HandlingList,IndexingList
py_write_squares_range,HandlingList,CreatingList
py_write_squares_range,HandlingList,SlicingList
py_write_squares_range,HandlingList,ReplacingListElement
py_write_squares_range,HandlingList,ListReferencing
py_write_squares_range,HandlingList,ReversingList
py_write_squares_range,AddingListElement,AddingListElementWithInsert
py_write_squares_range,AddingListElement,AddingListElementWithAppend
py_write_squares_range,HandlingFile,ClosingFile
py_write_squares_range,HandlingFile,ReadingLine
py_write_squares_range,HandlingFile,OpeningFile
py_write_squares_range,HandlingString,CreatingString
py_write_squares_range,HandlingString,ReplacingStringContent
py_write_squares_range,HandlingString,FormattingString
py_write_squares_range,HandlingString,TransformingToStringType
py_write_squares_range,HandlingString,SplittingString
py_write_squares_range,HandlingString,TrimmingString
py_write_squares_range,HandlingString,IndexingString
py_write_squares_range,HandlingString,SlicingString
py_write_squares_range,ModifyingStringCase,ConvertStringToUpperCase
py_write_squares_range,ModifyingStringCase,ConvertStringToLowerCase
py_write_squares_range,ModifyingStringCase,CapitalizeString
py_write_squares_range,HandlingError,HandlingSpecificError
py_write_squares_range,HandlingError,HandlingGeneralError
py_repeated_sequence,Python,Concatenation
py_repeated_sequence,Python,Importing
py_repeated_sequence,Python,FindingLength
py_repeated_sequence,Python,Printing
py_repeated_sequence,Python,CheckingForItem
py_repeated_sequence,Python,HandlingInput
py_repeated_sequence,CheckingCondition,IfElseChecking
py_repeated_sequence,CheckingCondition,AssertChecking
py_repeated_sequence,CheckingCondition,IfElifElseChecking
py_repeated_sequence,CheckingCondition,NestedIfChecking
py_repeated_sequence,CheckingCondition,IfChecking
py_repeated_sequence,CheckingCondition,IfElifChecking
py_repeated_sequence,CheckingCondition,BooleanEvaluating
py_repeated_sequence,CheckingInForLoop,IfElseCheckingInForLoop
py_repeated_sequence,CheckingInForLoop,IfElifCheckingInForLoop
py_repeated_sequence,CheckingInForLoop,IfCheckingInForLoop
py_repeated_sequence,CheckingInForLoop,IfElifElseCheckingInForLoop
py_repeated_sequence,CheckingInWhileLoop,IfElifElseCheckingInWhileLoop
py_repeated_sequence,CheckingInWhileLoop,IfCheckingInWhileLoop
py_repeated_sequence,CheckingInWhileLoop,IfElseCheckingInWhileLoop
py_repeated_sequence,CheckingInWhileLoop,IfElifCheckingInWhileLoop
py_repeated_sequence,ManagingVariable,SwappingVariablesValue
py_repeated_sequence,NonNestedIteration,SingleWhileLoopIteration
py_repeated_sequence,WhileLoopWithUpdate,WhileLoopWithListIndexing
py_repeated_sequence,WhileLoopWithUpdate,WhileLoopWith*=
py_repeated_sequence,WhileLoopWithUpdate,WhileLoopWith+=
py_repeated_sequence,ForLoopWithUpdate,ForLoopWith+=
py_repeated_sequence,ForLoopWithUpdate,ForLoopWith*=
py_repeated_sequence,ForLoopWithUpdate,ForLoopWithListIndexing
py_repeated_sequence,NestedLoopIteration,MixedNestedLoopIteration
py_repeated_sequence,NestedLoopIteration,NestedForLoopIteration
py_repeated_sequence,NestedLoopIteration,NestedWhileLoopIteration
py_repeated_sequence,ArithmeticOperation,FindAbsolute
py_repeated_sequence,ArithmeticOperation,FindRemainder
py_repeated_sequence,ArithmeticOperation,FindMaximum
py_repeated_sequence,ArithmeticOperation,Addition
py_repeated_sequence,ArithmeticOperation,Round
py_repeated_sequence,ArithmeticOperation,Power
py_repeated_sequence,ArithmeticOperation,FindMinimum
py_repeated_sequence,ArithmeticOperation,Substraction
py_repeated_sequence,ArithmeticOperation,Division
py_repeated_sequence,ArithmeticOperation,Multiplication
py_repeated_sequence,HandlingInteger,TransformingToIntType
py_repeated_sequence,HandlingTuple,CreatingTuple
py_repeated_sequence,HandlingTuple,SlicingTuple
py_repeated_sequence,HandlingTuple,IndexingTuple
py_repeated_sequence,HandlingFloat,TransformingToFloatType
py_repeated_sequence,HandlingDictionary,ReplacingDictionaryElement
py_repeated_sequence,HandlingDictionary,IndexingDictionary
py_repeated_sequence,HandlingDictionary,AddingItemToDictionary
py_repeated_sequence,HandlingDictionary,AccessingDictionary
py_repeated_sequence,HandlingDictionary,CreatingDictionary
py_repeated_sequence,HandlingList,DeletingListElement
py_repeated_sequence,HandlingList,IndexingList
py_repeated_sequence,HandlingList,CreatingList
py_repeated_sequence,HandlingList,SlicingList
py_repeated_sequence,HandlingList,ReplacingListElement
py_repeated_sequence,HandlingList,ListReferencing
py_repeated_sequence,HandlingList,ReversingList
py_repeated_sequence,AddingListElement,AddingListElementWithInsert
py_repeated_sequence,AddingListElement,AddingListElementWithAppend
py_repeated_sequence,HandlingFile,ClosingFile
py_repeated_sequence,HandlingFile,ReadingLine
py_repeated_sequence,HandlingFile,OpeningFile
py_repeated_sequence,HandlingString,CreatingString
py_repeated_sequence,HandlingString,ReplacingStringContent
py_repeated_sequence,HandlingString,FormattingString
py_repeated_sequence,HandlingString,TransformingToStringType
py_repeated_sequence,HandlingString,SplittingString
py_repeated_sequence2,HandlingTuple,SlicingTuple
py_repeated_sequence2,HandlingTuple,IndexingTuple
py_repeated_sequence2,HandlingFloat,TransformingToFloatType
py_repeated_sequence2,HandlingDictionary,ReplacingDictionaryElement
py_repeated_sequence2,HandlingDictionary,IndexingDictionary
py_repeated_sequence2,HandlingDictionary,AddingItemToDictionary
py_repeated_sequence2,HandlingDictionary,AccessingDictionary
py_repeated_sequence2,HandlingDictionary,CreatingDictionary
py_repeated_sequence2,HandlingList,DeletingListElement
py_repeated_sequence2,HandlingList,IndexingList
py_repeated_sequence2,HandlingList,CreatingList
py_repeated_sequence2,HandlingList,SlicingList
py_repeated_sequence2,HandlingList,ReplacingListElement
py_repeated_sequence2,HandlingList,ListReferencing
py_repeated_sequence2,HandlingList,ReversingList
py_repeated_sequence2,AddingListElement,AddingListElementWithInsert
py_repeated_sequence2,AddingListElement,AddingListElementWithAppend
py_repeated_sequence2,HandlingFile,ClosingFile
py_repeated_sequence2,HandlingFile,ReadingLine
py_repeated_sequence2,HandlingFile,OpeningFile
py_repeated_sequence2,HandlingString,CreatingString
py_repeated_sequence2,HandlingString,ReplacingStringContent
py_repeated_sequence2,HandlingString,FormattingString
py_repeated_sequence2,HandlingString,TransformingToStringType
py_repeated_sequence2,HandlingString,SplittingString
py_repeated_sequence2,HandlingString,TrimmingString
py_repeated_sequence2,HandlingString,IndexingString
py_repeated_sequence2,HandlingString,SlicingString
py_repeated_sequence2,ModifyingStringCase,ConvertStringToUpperCase
py_repeated_sequence2,ModifyingStringCase,ConvertStringToLowerCase
py_repeated_sequence2,ModifyingStringCase,CapitalizeString
py_repeated_sequence2,HandlingError,HandlingSpecificError
py_repeated_sequence2,HandlingError,HandlingGeneralError
py_star_patterns,HandlingAdvancedDataStructure,BinaryTreeTask
py_star_patterns,HandlingAdvancedDataStructure,LinkedListTask
py_star_patterns,HandlingAdvancedDataStructure,QueueTask
py_star_patterns,HandlingAdvancedDataStructure,StackTask
py_star_patterns,TwoDimensionalArrayTask,ReplacingElement2DArray
py_star_patterns,TwoDimensionalArrayTask,Indexing2DArray
py_star_patterns,TwoDimensionalArrayTask,Create2DArray
py_star_patterns,HandlingTuple,SlicingTuple
py_star_patterns,HandlingTuple,IndexingTuple
py_star_patterns,HandlingFloat,TransformingToFloatType
py_star_patterns,HandlingDictionary,ReplacingDictionaryElement
py_star_patterns,HandlingDictionary,IndexingDictionary
py_star_patterns,HandlingDictionary,AddingItemToDictionary
py_star_patterns,HandlingDictionary,AccessingDictionary
py_star_patterns,HandlingDictionary,CreatingDictionary
py_star_patterns,HandlingList,DeletingListElement
py_star_patterns,HandlingList,IndexingList
py_star_patterns,HandlingList,CreatingList
py_star_patterns,HandlingList,SlicingList
py_star_patterns,HandlingList,ReplacingListElement
py_star_patterns,HandlingList,ListReferencing
py_star_patterns,HandlingList,ReversingList
py_star_patterns,AddingListElement,AddingListElementWithInsert
py_star_patterns,AddingListElement,AddingListElementWithAppend
py_star_patterns,HandlingFile,ClosingFile
py_star_patterns,HandlingFile,ReadingLine
py_star_patterns,HandlingFile,OpeningFile
py_star_patterns,HandlingString,CreatingString
py_star_patterns,HandlingString,ReplacingStringContent
py_star_patterns,HandlingString,FormattingString
py_star_patterns,HandlingString,TransformingToStringType
py_star_patterns,HandlingString,SplittingString
py_stars_2,NonNestedIteration,SingleWhileLoopIteration
py_stars_2,WhileLoopWithUpdate,WhileLoopWithListIndexing
py_stars_2,WhileLoopWithUpdate,WhileLoopWith*=
py_stars_2,WhileLoopWithUpdate,WhileLoopWith+=
py_stars_2,ForLoopWithUpdate,ForLoopWith+=
py_stars_2,ForLoopWithUpdate,ForLoopWith*=
py_stars_2,ForLoopWithUpdate,ForLoopWithListIndexing
py_stars_2,NestedLoopIteration,MixedNestedLoopIteration
py_stars_2,NestedLoopIteration,NestedForLoopIteration
py_stars_2,NestedLoopIteration,NestedWhileLoopIteration
py_stars_2,ArithmeticOperation,FindAbsolute
py_stars_2,ArithmeticOperation,FindRemainder
py_stars_2,ArithmeticOperation,FindMaximum
py_stars_2,ArithmeticOperation,Addition
py_stars_2,ArithmeticOperation,Round
py_stars_2,ArithmeticOperation,Power
py_stars_2,ArithmeticOperation,FindMinimum
py_stars_2,ArithmeticOperation,Substraction
py_stars_2,ArithmeticOperation,Division
py_stars_2,ArithmeticOperation,Multiplication
py_stars_2,HandlingInteger,TransformingToIntType
py_stars_2,HandlingTuple,CreatingTuple
py_stars_2,HandlingString,TrimmingString
py_stars_2,HandlingString,IndexingString
py_stars_2,HandlingString,SlicingString
py_stars_2,ModifyingStringCase,ConvertStringToUpperCase
py_stars_2,ModifyingStringCase,ConvertStringToLowerCase
py_stars_2,ModifyingStringCase,CapitalizeString
py_stars_2,HandlingError,HandlingSpecificError
py_stars_2,HandlingError,HandlingGeneralError
py_divisor,HandlingFunctionCallingFunction,DefiningFunctionCallingFunction
py_divisor,NonNestedIteration,SingleWhileLoopIteration
py_divisor,WhileLoopWithUpdate,WhileLoopWithListIndexing
py_divisor,WhileLoopWithUpdate,WhileLoopWith*=
py_divisor,WhileLoopWithUpdate,WhileLoopWith+=
py_divisor,ForLoopWithUpdate,ForLoopWith+=
py_divisor,ForLoopWithUpdate,ForLoopWith*=
py_divisor,ForLoopWithUpdate,ForLoopWithListIndexing
py_divisor,NestedLoopIteration,MixedNestedLoopIteration
py_divisor,NestedLoopIteration,NestedForLoopIteration
py_divisor,NestedLoopIteration,NestedWhileLoopIteration
py_divisor,ArithmeticOperation,FindAbsolute
py_divisor,ArithmeticOperation,FindRemainder
py_divisor,ArithmeticOperation,FindMaximum
py_divisor,ArithmeticOperation,Addition
py_divisor,ArithmeticOperation,Round
py_divisor,ArithmeticOperation,Power
py_divisor,ArithmeticOperation,FindMinimum
py_divisor,ArithmeticOperation,Substraction
py_divisor,ArithmeticOperation,Division
py_divisor,ArithmeticOperation,Multiplication
py_divisor,HandlingInteger,TransformingToIntType
py_divisor,HandlingTuple,CreatingTuple
py_largest_divisor,ManagingVariable,AssigningVariable
py_largest_divisor,ManagingVariable,UpdatingVariable
py_largest_divisor,HandlingAdvancedDataStructure,BinaryTreeTask
py_largest_divisor,HandlingAdvancedDataStructure,LinkedListTask
py_largest_divisor,HandlingAdvancedDataStructure,QueueTask
py_largest_divisor,HandlingAdvancedDataStructure,StackTask
py_largest_divisor,TwoDimensionalArrayTask,ReplacingElement2DArray
py_largest_divisor,TwoDimensionalArrayTask,Indexing2DArray
py_largest_divisor,TwoDimensionalArrayTask,Create2DArray
py_largest_divisor,HandlingObjectOrientedProgramming,CallingOOPMethod
py_largest_divisor,HandlingObjectOrientedProgramming,CreatingObject
py_largest_divisor,HandlingObjectOrientedProgramming,DefiningClass
py_largest_divisor,HandlingObjectOrientedProgramming,DefiningOOPMethod
py_largest_divisor,HandlingFunction,CallingFunctionLibrary
py_largest_divisor,HandlingFunction,NestedFunctionCall
py_largest_divisor,HandlingFunctionCallingFunction,CallingFunctionCallingFunction
py_largest_divisor,HandlingFunctionCallingFunction,DefiningFunctionCallingFunction
py_largest_divisor,HandlingRecursiveFunction,CallingRecursiveFunction
py_largest_divisor,HandlingRecursiveFunction,DefiningRecursiveFunction
py_largest_divisor,HandlingNestedFunction,CallingNestedFunction
py_largest_divisor,HandlingNestedFunction,DefiningNestedFunction
py_largest_divisor,HandlingStandardFunction,CallingStandardFunction
py_largest_divisor,HandlingStandardFunction,DefiningStandardFunction
py_largest_divisor,NonNestedIteration,SingleForLoopIteration
py_largest_divisor,NonNestedIteration,SingleWhileLoopIteration
py_largest_divisor,WhileLoopWithUpdate,WhileLoopWithListIndexing
py_largest_divisor,WhileLoopWithUpdate,WhileLoopWith*=
py_largest_divisor,WhileLoopWithUpdate,WhileLoopWith+=
py_largest_divisor,ForLoopWithUpdate,ForLoopWith+=
py_largest_divisor,ForLoopWithUpdate,ForLoopWith*=
py_largest_divisor,ForLoopWithUpdate,ForLoopWithListIndexing
py_largest_divisor,NestedLoopIteration,MixedNestedLoopIteration
py_largest_divisor,NestedLoopIteration,NestedForLoopIteration
py_largest_divisor,NestedLoopIteration,NestedWhileLoopIteration
py_largest_divisor,ArithmeticOperation,FindAbsolute
py_largest_divisor,ArithmeticOperation,FindRemainder
py_largest_divisor,ArithmeticOperation,FindMaximum
py_largest_divisor,ArithmeticOperation,Addition
py_largest_divisor,ArithmeticOperation,Round
py_largest_divisor,ArithmeticOperation,Power
py_largest_divisor,ArithmeticOperation,FindMinimum
py_largest_divisor,ArithmeticOperation,Substraction
py_largest_divisor,ArithmeticOperation,Division
py_largest_divisor,ArithmeticOperation,Multiplication
py_largest_divisor,HandlingInteger,TransformingToIntType
py_largest_divisor,HandlingTuple,CreatingTuple
py_largest_divisor,HandlingTuple,SlicingTuple
py_largest_divisor,HandlingTuple,IndexingTuple
py_largest_divisor,HandlingFloat,TransformingToFloatType
py_largest_divisor,HandlingDictionary,ReplacingDictionaryElement
py_largest_divisor,HandlingDictionary,IndexingDictionary
py_largest_divisor,HandlingDictionary,AddingItemToDictionary
py_largest_divisor,HandlingDictionary,AccessingDictionary
py_largest_divisor,HandlingDictionary,CreatingDictionary
py_largest_divisor,HandlingList,DeletingListElement
py_largest_divisor,HandlingList,IndexingList
py_largest_divisor,HandlingList,CreatingList
py_largest_divisor,HandlingList,SlicingList
py_largest_divisor,HandlingList,ReplacingListElement
py_largest_divisor,HandlingList,ListReferencing
py_largest_divisor,HandlingList,ReversingList
py_largest_divisor,AddingListElement,AddingListElementWithInsert
py_largest_divisor,AddingListElement,AddingListElementWithAppend
py_largest_divisor,HandlingFile,ClosingFile
py_largest_divisor,HandlingFile,ReadingLine
py_largest_divisor,HandlingFile,OpeningFile
py_largest_divisor,HandlingString,CreatingString
py_largest_divisor,HandlingString,ReplacingStringContent
py_largest_divisor,HandlingString,FormattingString
py_largest_divisor,HandlingString,TransformingToStringType
py_largest_divisor,HandlingString,SplittingString
py_input,ManagingVariable,AssigningVariable
py_input,ManagingVariable,UpdatingVariable
py_input,HandlingAdvancedDataStructure,BinaryTreeTask
py_input,HandlingAdvancedDataStructure,LinkedListTask
py_input,HandlingAdvancedDataStructure,QueueTask
py_input,HandlingAdvancedDataStructure,StackTask
py_input,TwoDimensionalArrayTask,ReplacingElement2DArray
py_input,TwoDimensionalArrayTask,Indexing2DArray
py_input,TwoDimensionalArrayTask,Create2DArray
py_input,HandlingObjectOrientedProgramming,CallingOOPMethod
py_input,HandlingObjectOrientedProgramming,CreatingObject
py_input,HandlingObjectOrientedProgramming,DefiningClass
py_input,HandlingObjectOrientedProgramming,DefiningOOPMethod
py_input,HandlingFunction,CallingFunctionLibrary
py_input,HandlingFunction,NestedFunctionCall
py_input,HandlingFunctionCallingFunction,CallingFunctionCallingFunction
py_input,HandlingFunctionCallingFunction,DefiningFunctionCallingFunction
py_input,HandlingRecursiveFunction,CallingRecursiveFunction
py_input,HandlingRecursiveFunction,DefiningRecursiveFunction
py_input,HandlingNestedFunction,CallingNestedFunction
py_input,HandlingNestedFunction,DefiningNestedFunction
py_input,HandlingStandardFunction,CallingStandardFunction
py_input,HandlingStandardFunction,DefiningStandardFunction
py_input,NonNestedIteration,SingleForLoopIteration
py_input,ForLoopWithUpdate,ForLoopWith+=
py_input,ForLoopWithUpdate,ForLoopWith*=
py_input,ForLoopWithUpdate,ForLoopWithListIndexing
py_input2,ManagingVariable,AssigningVariable
py_input2,ManagingVariable,UpdatingVariable
py_input2,HandlingAdvancedDataStructure,BinaryTreeTask
py_input2,HandlingAdvancedDataStructure,LinkedListTask
py_input2,HandlingAdvancedDataStructure,QueueTask
py_input2,HandlingAdvancedDataStructure,StackTask
py_input2,TwoDimensionalArrayTask,ReplacingElement2DArray
py_input2,TwoDimensionalArrayTask,Indexing2DArray
py_input2,TwoDimensionalArrayTask,Create2DArray
py_input2,HandlingObjectOrientedProgramming,CallingOOPMethod
py_input2,HandlingObjectOrientedProgramming,CreatingObject
py_input2,HandlingObjectOrientedProgramming,DefiningClass
py_input2,HandlingObjectOrientedProgramming,DefiningOOPMethod
py_input2,HandlingFunction,CallingFunctionLibrary
py_input2,HandlingFunction,NestedFunctionCall
py_input2,HandlingFunctionCallingFunction,CallingFunctionCallingFunction
py_input2,HandlingFunctionCallingFunction,DefiningFunctionCallingFunction
py_input2,HandlingRecursiveFunction,CallingRecursiveFunction
py_input2,HandlingRecursiveFunction,DefiningRecursiveFunction
py_input2,HandlingNestedFunction,CallingNestedFunction
py_input2,HandlingNestedFunction,DefiningNestedFunction
py_input2,HandlingStandardFunction,CallingStandardFunction
py_input2,HandlingStandardFunction,DefiningStandardFunction
py_input2,NonNestedIteration,SingleForLoopIteration
py_input3,ManagingVariable,AssigningVariable
py_input3,ManagingVariable,UpdatingVariable
py_input3,HandlingAdvancedDataStructure,BinaryTreeTask
py_input3,HandlingAdvancedDataStructure,LinkedListTask
py_input3,HandlingAdvancedDataStructure,QueueTask
py_input3,HandlingAdvancedDataStructure,StackTask
py_input3,TwoDimensionalArrayTask,ReplacingElement2DArray
py_input3,TwoDimensionalArrayTask,Indexing2DArray
py_input3,TwoDimensionalArrayTask,Create2DArray
py_input3,HandlingObjectOrientedProgramming,CallingOOPMethod
py_input3,HandlingObjectOrientedProgramming,CreatingObject
py_input3,HandlingObjectOrientedProgramming,DefiningClass
py_input3,HandlingObjectOrientedProgramming,DefiningOOPMethod
py_input3,HandlingFunction,CallingFunctionLibrary
py_input3,HandlingFunction,NestedFunctionCall
py_input3,HandlingFunctionCallingFunction,CallingFunctionCallingFunction
py_input3,HandlingFunctionCallingFunction,DefiningFunctionCallingFunction
py_input3,HandlingRecursiveFunction,CallingRecursiveFunction
py_input3,HandlingRecursiveFunction,DefiningRecursiveFunction
py_input3,HandlingNestedFunction,CallingNestedFunction
py_input3,HandlingNestedFunction,DefiningNestedFunction
py_input3,HandlingStandardFunction,CallingStandardFunction
py_input3,HandlingStandardFunction,DefiningStandardFunction
py_input3,NonNestedIteration,SingleForLoopIteration
py_input3,ForLoopWithUpdate,ForLoopWith+=
py_input3,ForLoopWithUpdate,ForLoopWith*=
py_input3,ForLoopWithUpdate,ForLoopWithListIndexing
py_input3,ArithmeticOperation,Division
py_input3,HandlingTuple,CreatingTuple
py_input4,ManagingVariable,AssigningVariable
py_input4,ManagingVariable,UpdatingVariable
py_input4,HandlingAdvancedDataStructure,BinaryTreeTask
py_input4,HandlingAdvancedDataStructure,LinkedListTask
py_input4,HandlingAdvancedDataStructure,QueueTask
py_input4,HandlingAdvancedDataStructure,StackTask
py_input4,TwoDimensionalArrayTask,ReplacingElement2DArray
py_input4,TwoDimensionalArrayTask,Indexing2DArray
py_input4,TwoDimensionalArrayTask,Create2DArray
py_input4,HandlingObjectOrientedProgramming,CallingOOPMethod
py_input4,HandlingObjectOrientedProgramming,CreatingObject
py_input4,HandlingObjectOrientedProgramming,DefiningClass
py_input4,HandlingObjectOrientedProgramming,DefiningOOPMethod
py_input4,HandlingFunction,CallingFunctionLibrary
py_input4,HandlingFunction,NestedFunctionCall
py_input4,HandlingFunctionCallingFunction,CallingFunctionCallingFunction
py_input4,HandlingFunctionCallingFunction,DefiningFunctionCallingFunction
py_input4,HandlingRecursiveFunction,CallingRecursiveFunction
py_input4,HandlingRecursiveFunction,DefiningRecursiveFunction
py_input4,HandlingNestedFunction,CallingNestedFunction
py_input4,HandlingNestedFunction,DefiningNestedFunction
py_input4,HandlingStandardFunction,CallingStandardFunction
py_input4,HandlingStandardFunction,DefiningStandardFunction
py_input4,NonNestedIteration,SingleForLoopIteration
py_input4,NonNestedIteration,SingleWhileLoopIteration
py_input4,WhileLoopWithUpdate,WhileLoopWithListIndexing
py_input4,WhileLoopWithUpdate,WhileLoopWith*=
py_input4,WhileLoopWithUpdate,WhileLoopWith+=
py_input4,ForLoopWithUpdate,ForLoopWith+=
py_input4,ForLoopWithUpdate,ForLoopWith*=
py_input4,ForLoopWithUpdate,ForLoopWithListIndexing
py_input4,NestedLoopIteration,MixedNestedLoopIteration
py_input4,NestedLoopIteration,NestedForLoopIteration
py_input4,NestedLoopIteration,NestedWhileLoopIteration
py_input4,ArithmeticOperation,FindAbsolute
py_input4,ArithmeticOperation,FindRemainder
py_input4,ArithmeticOperation,FindMaximum
py_input4,ArithmeticOperation,Addition
py_input4,ArithmeticOperation,Round
py_input4,ArithmeticOperation,Power
py_input4,ArithmeticOperation,FindMinimum
py_input4,ArithmeticOperation,Substraction
py_input4,ArithmeticOperation,Division
py_input4,ArithmeticOperation,Multiplication
py_input4,HandlingInteger,TransformingToIntType
py_input4,HandlingTuple,CreatingTuple
ps_hello,NonNestedIteration,SingleWhileLoopIteration
ps_hello,WhileLoopWithUpdate,WhileLoopWithListIndexing
ps_hello,WhileLoopWithUpdate,WhileLoopWith*=
ps_hello,WhileLoopWithUpdate,WhileLoopWith+=
ps_hello,ForLoopWithUpdate,ForLoopWith+=
ps_hello,ForLoopWithUpdate,ForLoopWith*=
ps_hello,ForLoopWithUpdate,ForLoopWithListIndexing
ps_hello,NestedLoopIteration,MixedNestedLoopIteration
ps_hello,NestedLoopIteration,NestedForLoopIteration
ps_hello,NestedLoopIteration,NestedWhileLoopIteration
ps_hello,ArithmeticOperation,FindAbsolute
ps_hello,ArithmeticOperation,FindRemainder
ps_hello,ArithmeticOperation,FindMaximum
ps_hello,ArithmeticOperation,Addition
ps_hello,ArithmeticOperation,Round
ps_hello,ArithmeticOperation,Power
ps_hello,ArithmeticOperation,FindMinimum
ps_hello,ArithmeticOperation,Substraction
ps_hello,ArithmeticOperation,Division
ps_hello,ArithmeticOperation,Multiplication
ps_hello,HandlingInteger,TransformingToIntType
ps_hello,HandlingTuple,CreatingTuple
ps_hello,HandlingString,SplittingString
ps_simple_function,ManagingVariable,AssigningVariable
ps_simple_function,ManagingVariable,UpdatingVariable
ps_simple_function,HandlingAdvancedDataStructure,BinaryTreeTask
ps_simple_function,HandlingAdvancedDataStructure,LinkedListTask
ps_simple_function,HandlingAdvancedDataStructure,QueueTask
ps_simple_function,HandlingAdvancedDataStructure,StackTask
ps_simple_function,TwoDimensionalArrayTask,ReplacingElement2DArray
ps_simple_function,TwoDimensionalArrayTask,Indexing2DArray
ps_simple_function,TwoDimensionalArrayTask,Create2DArray
ps_simple_function,HandlingObjectOrientedProgramming,CallingOOPMethod
ps_simple_function,HandlingObjectOrientedProgramming,CreatingObject
ps_simple_function,HandlingObjectOrientedProgramming,DefiningClass
ps_simple_function,HandlingObjectOrientedProgramming,DefiningOOPMethod
ps_simple_function,HandlingFunction,CallingFunctionLibrary
ps_simple_function,HandlingFunction,NestedFunctionCall
ps_simple_function,HandlingFunctionCallingFunction,CallingFunctionCallingFunction
ps_simple_function,HandlingFunctionCallingFunction,DefiningFunctionCallingFunction
ps_simple_function,HandlingRecursiveFunction,CallingRecursiveFunction
ps_simple_function,HandlingRecursiveFunction,DefiningRecursiveFunction
ps_simple_function,HandlingNestedFunction,CallingNestedFunction
ps_simple_function,HandlingNestedFunction,DefiningNestedFunction
ps_simple_function,HandlingStandardFunction,CallingStandardFunction
ps_simple_function,HandlingStandardFunction,DefiningStandardFunction
ps_simple_function,NonNestedIteration,SingleForLoopIteration
ps_simple_function,NonNestedIteration,SingleWhileLoopIteration
ps_simple_function,WhileLoopWithUpdate,WhileLoopWithListIndexing
ps_simple_function,WhileLoopWithUpdate,WhileLoopWith*=
ps_simple_function,WhileLoopWithUpdate,WhileLoopWith+=
ps_simple_function,ForLoopWithUpdate,ForLoopWith+=
ps_simple_function,ForLoopWithUpdate,ForLoopWith*=
ps_simple_function,ForLoopWithUpdate,ForLoopWithListIndexing
ps_simple_function,NestedLoopIteration,MixedNestedLoopIteration
ps_simple_function,NestedLoopIteration,NestedForLoopIteration
ps_simple_function,NestedLoopIteration,NestedWhileLoopIteration
ps_simple_function,ArithmeticOperation,FindAbsolute
ps_simple_function,ArithmeticOperation,FindRemainder
ps_simple_function,ArithmeticOperation,FindMaximum
ps_simple_function,ArithmeticOperation,Addition
ps_simple_function,ArithmeticOperation,Round
ps_simple_function,ArithmeticOperation,Power
ps_simple_function,ArithmeticOperation,FindMinimum
ps_simple_function,ArithmeticOperation,Substraction
ps_simple_function,ArithmeticOperation,Division
ps_simple_function,ArithmeticOperation,Multiplication
ps_simple_function,HandlingInteger,TransformingToIntType
ps_simple_function,HandlingTuple,CreatingTuple
ps_simple_params,HandlingObjectOrientedProgramming,DefiningOOPMethod
ps_simple_params,HandlingFunctionCallingFunction,DefiningFunctionCallingFunction
ps_simple_params,HandlingStandardFunction,CallingStandardFunction
ps_simple_params,HandlingStandardFunction,DefiningStandardFunction
ps_simple_params,NonNestedIteration,SingleWhileLoopIteration
ps_simple_params,WhileLoopWithUpdate,WhileLoopWithListIndexing
ps_simple_params,WhileLoopWithUpdate,WhileLoopWith*=
ps_simple_params,WhileLoopWithUpdate,WhileLoopWith+=
ps_simple_params,ForLoopWithUpdate,ForLoopWith+=
ps_simple_params,ForLoopWithUpdate,ForLoopWith*=
ps_simple_params,ForLoopWithUpdate,ForLoopWithListIndexing
ps_simple_params,NestedLoopIteration,MixedNestedLoopIteration
ps_simple_params,NestedLoopIteration,NestedForLoopIteration
ps_simple_params,NestedLoopIteration,NestedWhileLoopIteration
ps_simple_params,ArithmeticOperation,FindAbsolute
ps_simple_params,ArithmeticOperation,FindRemainder
ps_simple_params,ArithmeticOperation,FindMaximum
ps_simple_params,ArithmeticOperation,Addition
ps_simple_params,ArithmeticOperation,Round
ps_simple_params,ArithmeticOperation,Power
ps_simple_params,ArithmeticOperation,FindMinimum
ps_simple_params,ArithmeticOperation,Substraction
ps_simple_params,ArithmeticOperation,Division
ps_simple_params,ArithmeticOperation,Multiplication
ps_simple_params,HandlingInteger,TransformingToIntType
ps_simple_params,HandlingTuple,CreatingTuple
ps_simple_params,HandlingTuple,SlicingTuple
ps_simple_params,HandlingTuple,IndexingTuple
ps_simple_params,HandlingFloat,TransformingToFloatType
ps_simple_params,HandlingDictionary,ReplacingDictionaryElement
ps_simple_params,HandlingDictionary,IndexingDictionary
ps_simple_params,HandlingDictionary,AddingItemToDictionary
ps_simple_params,HandlingDictionary,AccessingDictionary
ps_simple_params,HandlingDictionary,CreatingDictionary
ps_simple_params,HandlingList,DeletingListElement
ps_simple_params,HandlingList,IndexingList
ps_simple_params,HandlingList,CreatingList
ps_simple_params,HandlingList,SlicingList
ps_simple_params,HandlingList,ReplacingListElement
ps_simple_params,HandlingList,ListReferencing
ps_simple_params,HandlingList,ReversingList
ps_simple_params,AddingListElement,AddingListElementWithInsert
ps_simple_params,AddingListElement,AddingListElementWithAppend
ps_simple_params,HandlingFile,ClosingFile
ps_simple_params,HandlingFile,ReadingLine
ps_simple_params,HandlingFile,OpeningFile
ps_simple_params,HandlingString,CreatingString
ps_simple_params,HandlingString,ReplacingStringContent
ps_simple_params,HandlingString,FormattingString
ps_simple_params,HandlingString,TransformingToStringType
ps_simple_params,HandlingString,SplittingString
ps_return_bigger_or_none,HandlingObjectOrientedProgramming,DefiningOOPMethod
ps_return_bigger_or_none,HandlingFunctionCallingFunction,DefiningFunctionCallingFunction
ps_return_bigger_or_none,HandlingStandardFunction,CallingStandardFunction
ps_return_bigger_or_none,NonNestedIteration,SingleWhileLoopIteration
ps_return_bigger_or_none,WhileLoopWithUpdate,WhileLoopWithListIndexing
ps_return_bigger_or_none,WhileLoopWithUpdate,WhileLoopWith*=
ps_return_bigger_or_none,WhileLoopWithUpdate,WhileLoopWith+=
ps_return_bigger_or_none,ForLoopWithUpdate,ForLoopWith+=
ps_return_bigger_or_none,ForLoopWithUpdate,ForLoopWith*=
ps_return_bigger_or_none,ForLoopWithUpdate,ForLoopWithListIndexing
ps_return_bigger_or_none,NestedLoopIteration,MixedNestedLoopIteration
ps_return_bigger_or_none,NestedLoopIteration,NestedForLoopIteration
ps_return_bigger_or_none,NestedLoopIteration,NestedWhileLoopIteration
ps_return_bigger_or_none,ArithmeticOperation,FindAbsolute
ps_return_bigger_or_none,ArithmeticOperation,FindRemainder
ps_return_bigger_or_none,ArithmeticOperation,FindMaximum
ps_return_bigger_or_none,ArithmeticOperation,Addition
ps_return_bigger_or_none,ArithmeticOperation,Round
ps_return_bigger_or_none,ArithmeticOperation,Power
ps_return_bigger_or_none,ArithmeticOperation,FindMinimum
ps_return_bigger_or_none,ArithmeticOperation,Substraction
ps_return_bigger_or_none,ArithmeticOperation,Division
ps_return_bigger_or_none,ArithmeticOperation,Multiplication
ps_return_bigger_or_none,HandlingInteger,TransformingToIntType
ps_return_bigger_or_none,HandlingTuple,CreatingTuple
ps_python_addition,ManagingVariable,AssigningVariable
ps_python_addition,ManagingVariable,UpdatingVariable
ps_python_addition,HandlingAdvancedDataStructure,BinaryTreeTask
ps_python_addition,HandlingAdvancedDataStructure,LinkedListTask
ps_python_addition,HandlingAdvancedDataStructure,QueueTask
ps_python_addition,HandlingAdvancedDataStructure,StackTask
ps_python_addition,TwoDimensionalArrayTask,ReplacingElement2DArray
ps_python_addition,TwoDimensionalArrayTask,Indexing2DArray
ps_python_addition,TwoDimensionalArrayTask,Create2DArray
ps_python_addition,HandlingObjectOrientedProgramming,CallingOOPMethod
ps_python_addition,HandlingObjectOrientedProgramming,CreatingObject
ps_python_addition,HandlingObjectOrientedProgramming,DefiningClass
ps_python_addition,HandlingObjectOrientedProgramming,DefiningOOPMethod
ps_python_addition,HandlingFunction,CallingFunctionLibrary
ps_python_addition,HandlingFunction,NestedFunctionCall
ps_python_addition,HandlingFunctionCallingFunction,CallingFunctionCallingFunction
ps_python_addition,HandlingFunctionCallingFunction,DefiningFunctionCallingFunction
ps_python_addition,HandlingRecursiveFunction,CallingRecursiveFunction
ps_python_addition,HandlingRecursiveFunction,DefiningRecursiveFunction
ps_python_addition,HandlingNestedFunction,CallingNestedFunction
ps_python_addition,HandlingNestedFunction,DefiningNestedFunction
ps_python_addition,HandlingStandardFunction,CallingStandardFunction
ps_python_addition,HandlingStandardFunction,DefiningStandardFunction
ps_python_addition,NonNestedIteration,SingleForLoopIteration
ps_python_addition,NonNestedIteration,SingleWhileLoopIteration
ps_python_addition,WhileLoopWithUpdate,WhileLoopWithListIndexing
ps_python_addition,WhileLoopWithUpdate,WhileLoopWith*=
ps_python_addition,WhileLoopWithUpdate,WhileLoopWith+=
ps_python_addition,ForLoopWithUpdate,ForLoopWith+=
ps_python_addition,ForLoopWithUpdate,ForLoopWith*=
ps_python_addition,ForLoopWithUpdate,ForLoopWithListIndexing
ps_python_addition,NestedLoopIteration,MixedNestedLoopIteration
ps_python_addition,NestedLoopIteration,NestedForLoopIteration
ps_python_addition,NestedLoopIteration,NestedWhileLoopIteration
ps_python_addition,ArithmeticOperation,FindAbsolute
ps_python_addition,ArithmeticOperation,FindRemainder
ps_python_addition,ArithmeticOperation,FindMaximum
ps_python_addition,ArithmeticOperation,Addition
ps_python_addition,ArithmeticOperation,Round
ps_python_addition,ArithmeticOperation,Power
ps_python_addition,ArithmeticOperation,FindMinimum
ps_python_addition,ArithmeticOperation,Substraction
ps_python_addition,ArithmeticOperation,Division
ps_python_addition,ArithmeticOperation,Multiplication
ps_python_addition,HandlingInteger,TransformingToIntType
ps_python_addition,HandlingTuple,CreatingTuple
ps_python_iteration_addition,HandlingFunctionCallingFunction,DefiningFunctionCallingFunction
ps_python_iteration_addition,WhileLoopWithUpdate,WhileLoopWith*=
ps_python_iteration_addition,ForLoopWithUpdate,ForLoopWith+=
ps_python_iteration_addition,ForLoopWithUpdate,ForLoopWith*=
ps_python_iteration_addition,ForLoopWithUpdate,ForLoopWithListIndexing
ps_python_iteration_addition,HandlingTuple,SlicingTuple
ps_python_iteration_addition,HandlingTuple,IndexingTuple
ps_python_iteration_addition,HandlingFloat,TransformingToFloatType
ps_python_iteration_addition,HandlingDictionary,ReplacingDictionaryElement
ps_python_iteration_addition,HandlingDictionary,IndexingDictionary
ps_python_iteration_addition,HandlingDictionary,AddingItemToDictionary
ps_python_iteration_addition,HandlingDictionary,AccessingDictionary
ps_python_iteration_addition,HandlingDictionary,CreatingDictionary
ps_python_iteration_addition,HandlingList,DeletingListElement
ps_python_iteration_addition,HandlingList,IndexingList
ps_python_iteration_addition,HandlingList,CreatingList
ps_python_iteration_addition,HandlingList,SlicingList
ps_python_iteration_addition,HandlingList,ReplacingListElement
ps_python_iteration_addition,HandlingList,ListReferencing
ps_python_iteration_addition,HandlingList,ReversingList
ps_python_iteration_addition,AddingListElement,AddingListElementWithInsert
ps_python_iteration_addition,AddingListElement,AddingListElementWithAppend
ps_python_iteration_addition,HandlingFile,ClosingFile
ps_python_iteration_addition,HandlingFile,ReadingLine
ps_python_iteration_addition,HandlingFile,OpeningFile
ps_python_iteration_addition,HandlingString,CreatingString
ps_python_iteration_addition,HandlingString,ReplacingStringContent
ps_python_iteration_addition,HandlingString,FormattingString
ps_python_iteration_addition,HandlingString,TransformingToStringType
ps_python_iteration_addition,HandlingString,SplittingString
ps_python_iteration_addition,HandlingString,TrimmingString
ps_python_iteration_addition,HandlingString,IndexingString
ps_python_iteration_addition,HandlingString,SlicingString
ps_python_iteration_addition,ModifyingStringCase,ConvertStringToUpperCase
ps_python_iteration_addition,ModifyingStringCase,ConvertStringToLowerCase
ps_python_iteration_addition,ModifyingStringCase,CapitalizeString
ps_python_iteration_addition,HandlingError,HandlingSpecificError
ps_python_iteration_addition,HandlingError,HandlingGeneralError
ps_python_iteration_multiplication,ManagingVariable,AssigningVariable
ps_python_iteration_multiplication,ManagingVariable,UpdatingVariable
ps_python_iteration_multiplication,HandlingAdvancedDataStructure,BinaryTreeTask
ps_python_iteration_multiplication,HandlingAdvancedDataStructure,LinkedListTask
ps_python_iteration_multiplication,HandlingAdvancedDataStructure,QueueTask
ps_python_iteration_multiplication,HandlingAdvancedDataStructure,StackTask
ps_python_iteration_multiplication,TwoDimensionalArrayTask,ReplacingElement2DArray
ps_python_iteration_multiplication,TwoDimensionalArrayTask,Indexing2DArray
ps_python_iteration_multiplication,TwoDimensionalArrayTask,Create2DArray
ps_python_iteration_multiplication,HandlingObjectOrientedProgramming,CallingOOPMethod
ps_python_iteration_multiplication,HandlingObjectOrientedProgramming,CreatingObject
ps_python_iteration_multiplication,HandlingObjectOrientedProgramming,DefiningClass
ps_python_iteration_multiplication,HandlingObjectOrientedProgramming,DefiningOOPMethod
ps_python_iteration_multiplication,HandlingFunction,CallingFunctionLibrary
ps_python_iteration_multiplication,HandlingFunction,NestedFunctionCall
ps_python_iteration_multiplication,HandlingFunctionCallingFunction,CallingFunctionCallingFunction
ps_python_iteration_multiplication,HandlingFunctionCallingFunction,DefiningFunctionCallingFunction
ps_python_iteration_multiplication,HandlingRecursiveFunction,CallingRecursiveFunction
ps_python_iteration_multiplication,HandlingRecursiveFunction,DefiningRecursiveFunction
ps_python_iteration_multiplication,HandlingNestedFunction,CallingNestedFunction
ps_python_iteration_multiplication,HandlingNestedFunction,DefiningNestedFunction
ps_python_iteration_multiplication,HandlingStandardFunction,CallingStandardFunction
ps_python_iteration_multiplication,HandlingStandardFunction,DefiningStandardFunction
ps_python_iteration_multiplication,NonNestedIteration,SingleForLoopIteration
ps_python_iteration_multiplication,NonNestedIteration,SingleWhileLoopIteration
ps_python_iteration_multiplication,WhileLoopWithUpdate,WhileLoopWithListIndexing
ps_python_iteration_multiplication,WhileLoopWithUpdate,WhileLoopWith*=
ps_python_iteration_multiplication,WhileLoopWithUpdate,WhileLoopWith+=
ps_python_iteration_multiplication,ForLoopWithUpdate,ForLoopWith+=
ps_python_iteration_multiplication,ForLoopWithUpdate,ForLoopWith*=
ps_python_iteration_multiplication,ForLoopWithUpdate,ForLoopWithListIndexing
ps_python_iteration_multiplication,NestedLoopIteration,MixedNestedLoopIteration
ps_python_iteration_multiplication,NestedLoopIteration,NestedForLoopIteration
ps_python_iteration_multiplication,NestedLoopIteration,NestedWhileLoopIteration
ps_python_iteration_multiplication,ArithmeticOperation,FindAbsolute
ps_python_iteration_multiplication,ArithmeticOperation,FindRemainder
ps_python_iteration_multiplication,ArithmeticOperation,FindMaximum
ps_python_iteration_multiplication,ArithmeticOperation,Addition
ps_python_iteration_multiplication,ArithmeticOperation,Round
ps_python_iteration_multiplication,ArithmeticOperation,Power
ps_python_iteration_multiplication,ArithmeticOperation,FindMinimum
ps_python_iteration_multiplication,ArithmeticOperation,Substraction
ps_python_iteration_multiplication,ArithmeticOperation,Division
ps_python_iteration_multiplication,ArithmeticOperation,Multiplication
ps_python_iteration_multiplication,HandlingInteger,TransformingToIntType
ps_python_iteration_multiplication,HandlingTuple,CreatingTuple
ps_python_iteration_multiplication,HandlingTuple,SlicingTuple
ps_python_iteration_multiplication,HandlingTuple,IndexingTuple
ps_python_iteration_multiplication,HandlingFloat,TransformingToFloatType
ps_python_iteration_multiplication,HandlingDictionary,ReplacingDictionaryElement
ps_python_iteration_multiplication,HandlingDictionary,IndexingDictionary
ps_python_iteration_multiplication,HandlingDictionary,AddingItemToDictionary
ps_python_iteration_multiplication,HandlingDictionary,AccessingDictionary
ps_python_iteration_multiplication,HandlingDictionary,CreatingDictionary
ps_python_iteration_multiplication,HandlingList,DeletingListElement
ps_python_iteration_multiplication,HandlingList,IndexingList
ps_python_iteration_multiplication,HandlingList,CreatingList
ps_python_iteration_multiplication,HandlingList,SlicingList
ps_python_iteration_multiplication,HandlingList,ReplacingListElement
ps_python_iteration_multiplication,HandlingList,ListReferencing
ps_python_iteration_multiplication,HandlingList,ReversingList
ps_python_iteration_multiplication,AddingListElement,AddingListElementWithInsert
ps_python_iteration_multiplication,AddingListElement,AddingListElementWithAppend
ps_python_iteration_multiplication,HandlingFile,ClosingFile
ps_python_iteration_multiplication,HandlingFile,ReadingLine
ps_python_iteration_multiplication,HandlingFile,OpeningFile
ps_python_iteration_multiplication,HandlingString,CreatingString
ps_python_iteration_multiplication,HandlingString,ReplacingStringContent
ps_python_iteration_multiplication,HandlingString,FormattingString
ps_python_iteration_multiplication,HandlingString,TransformingToStringType
ps_python_iteration_multiplication,HandlingString,SplittingString
ps_python_calculate_function,HandlingAdvancedDataStructure,BinaryTreeTask
ps_python_calculate_function,HandlingAdvancedDataStructure,LinkedListTask
ps_python_calculate_function,HandlingAdvancedDataStructure,QueueTask
ps_python_calculate_function,HandlingAdvancedDataStructure,StackTask
ps_python_calculate_function,TwoDimensionalArrayTask,ReplacingElement2DArray
ps_python_calculate_function,TwoDimensionalArrayTask,Indexing2DArray
ps_python_calculate_function,TwoDimensionalArrayTask,Create2DArray
ps_python_calculate_function,HandlingObjectOrientedProgramming,CreatingObject
ps_python_calculate_function,HandlingObjectOrientedProgramming,DefiningOOPMethod
ps_python_calculate_function,HandlingFunctionCallingFunction,CallingFunctionCallingFunction
ps_python_calculate_function,HandlingFunctionCallingFunction,DefiningFunctionCallingFunction
ps_python_calculate_function,HandlingStandardFunction,CallingStandardFunction
ps_python_calculate_function,NonNestedIteration,SingleWhileLoopIteration
ps_python_calculate_function,HandlingTuple,SlicingTuple
ps_python_calculate_function,HandlingTuple,IndexingTuple
ps_python_calculate_function,HandlingFloat,TransformingToFloatType
ps_python_calculate_function,HandlingDictionary,ReplacingDictionaryElement
ps_python_calculate_function,HandlingDictionary,IndexingDictionary
ps_python_calculate_function,HandlingDictionary,AddingItemToDictionary
ps_python_calculate_function,HandlingDictionary,AccessingDictionary
ps_python_calculate_function,HandlingDictionary,CreatingDictionary
ps_python_calculate_function,HandlingList,DeletingListElement
ps_python_calculate_function,HandlingList,IndexingList
ps_python_calculate_function,HandlingList,CreatingList
ps_python_calculate_function,HandlingList,SlicingList
ps_python_calculate_function,HandlingList,ReplacingListElement
ps_python_calculate_function,HandlingList,ListReferencing
ps_python_calculate_function,HandlingList,ReversingList
ps_python_calculate_function,AddingListElement,AddingListElementWithInsert
ps_python_calculate_function,AddingListElement,AddingListElementWithAppend
ps_python_calculate_function,HandlingFile,ClosingFile
ps_python_calculate_function,HandlingFile,ReadingLine
ps_python_calculate_function,HandlingFile,OpeningFile
ps_python_calculate_function,HandlingString,CreatingString
ps_python_calculate_function,HandlingString,ReplacingStringContent
ps_python_calculate_function,HandlingString,FormattingString
ps_python_calculate_function,HandlingString,TransformingToStringType
ps_python_calculate_function,HandlingString,SplittingString
ps_python_nested_calls,HandlingAdvancedDataStructure,BinaryTreeTask
ps_python_nested_calls,HandlingAdvancedDataStructure,LinkedListTask
ps_python_nested_calls,HandlingAdvancedDataStructure,QueueTask
ps_python_nested_calls,HandlingAdvancedDataStructure,StackTask
ps_python_nested_calls,TwoDimensionalArrayTask,ReplacingElement2DArray
ps_python_nested_calls,TwoDimensionalArrayTask,Indexing2DArray
ps_python_nested_calls,TwoDimensionalArrayTask,Create2DArray
ps_python_nested_calls,HandlingObjectOrientedProgramming,DefiningOOPMethod
ps_python_nested_calls,HandlingFunctionCallingFunction,CallingFunctionCallingFunction
ps_python_nested_calls,HandlingFunctionCallingFunction,DefiningFunctionCallingFunction
ps_python_nested_calls,HandlingStandardFunction,CallingStandardFunction
ps_python_nested_calls,ArithmeticOperation,FindAbsolute
ps_python_nested_calls,HandlingTuple,SlicingTuple
ps_python_nested_calls,HandlingTuple,IndexingTuple
ps_python_nested_calls,HandlingFloat,TransformingToFloatType
ps_python_nested_calls,HandlingDictionary,ReplacingDictionaryElement
ps_python_nested_calls,HandlingDictionary,IndexingDictionary
ps_python_nested_calls,HandlingDictionary,AddingItemToDictionary
ps_python_nested_calls,HandlingDictionary,AccessingDictionary
ps_python_nested_calls,HandlingDictionary,CreatingDictionary
ps_python_nested_calls,HandlingList,DeletingListElement
ps_python_nested_calls,HandlingList,IndexingList
ps_python_nested_calls,HandlingList,CreatingList
ps_python_nested_calls,HandlingList,SlicingList
ps_python_nested_calls,HandlingList,ReplacingListElement
ps_python_nested_calls,HandlingList,ListReferencing
ps_python_nested_calls,HandlingList,ReversingList
ps_python_nested_calls,AddingListElement,AddingListElementWithInsert
ps_python_nested_calls,AddingListElement,AddingListElementWithAppend
ps_python_nested_calls,HandlingFile,ClosingFile
ps_python_nested_calls,HandlingFile,ReadingLine
ps_python_nested_calls,HandlingFile,OpeningFile
ps_python_nested_calls,HandlingString,CreatingString
ps_python_nested_calls,HandlingString,ReplacingStringContent
ps_python_nested_calls,HandlingString,FormattingString
ps_python_nested_calls,HandlingString,TransformingToStringType
ps_python_nested_calls,HandlingString,SplittingString
ps_python_recursive_factorial,HandlingObjectOrientedProgramming,CallingOOPMethod
ps_python_recursive_factorial,HandlingObjectOrientedProgramming,CreatingObject
ps_python_recursive_factorial,HandlingObjectOrientedProgramming,DefiningClass
ps_python_recursive_factorial,HandlingObjectOrientedProgramming,DefiningOOPMethod
ps_python_recursive_factorial,HandlingFunction,NestedFunctionCall
ps_python_recursive_factorial,HandlingStandardFunction,CallingStandardFunction
ps_python_recursive_factorial,HandlingStandardFunction,DefiningStandardFunction
ps_python_recursive_factorial,NonNestedIteration,SingleForLoopIteration
ps_python_class_person,Python,Concatenation
ps_python_class_person,Python,Importing
ps_python_class_person,Python,FindingLength
ps_python_class_person,Python,Printing
ps_python_class_person,Python,CheckingForItem
ps_python_class_person,Python,HandlingInput
ps_python_class_person,CheckingCondition,IfElseChecking
ps_python_class_person,CheckingCondition,AssertChecking
ps_python_class_person,CheckingCondition,IfElifElseChecking
ps_python_class_person,CheckingCondition,NestedIfChecking
ps_python_class_person,CheckingCondition,IfChecking
ps_python_class_person,CheckingCondition,IfElifChecking
ps_python_class_person,CheckingCondition,BooleanEvaluating
ps_python_class_person,CheckingInForLoop,IfElseCheckingInForLoop
ps_python_class_person,CheckingInForLoop,IfElifCheckingInForLoop
ps_python_class_person,CheckingInForLoop,IfCheckingInForLoop
ps_python_class_person,CheckingInForLoop,IfElifElseCheckingInForLoop
ps_python_class_person,CheckingInWhileLoop,IfElifElseCheckingInWhileLoop
ps_python_class_person,CheckingInWhileLoop,IfCheckingInWhileLoop
ps_python_class_person,CheckingInWhileLoop,IfElseCheckingInWhileLoop
ps_python_class_person,CheckingInWhileLoop,IfElifCheckingInWhileLoop
ps_python_class_person,ManagingVariable,SwappingVariablesValue
ps_python_class_person,NonNestedIteration,SingleWhileLoopIteration
ps_python_class_person,WhileLoopWithUpdate,WhileLoopWithListIndexing
ps_python_class_person,WhileLoopWithUpdate,WhileLoopWith*=
ps_python_class_person,WhileLoopWithUpdate,WhileLoopWith+=
ps_python_class_person,ForLoopWithUpdate,ForLoopWith+=
ps_python_class_person,ForLoopWithUpdate,ForLoopWith*=
ps_python_class_person,ForLoopWithUpdate,ForLoopWithListIndexing
ps_python_class_person,NestedLoopIteration,MixedNestedLoopIteration
ps_python_class_person,NestedLoopIteration,NestedForLoopIteration
ps_python_class_person,NestedLoopIteration,NestedWhileLoopIteration
ps_python_class_person,ArithmeticOperation,FindAbsolute
ps_python_class_person,ArithmeticOperation,FindRemainder
ps_python_class_person,ArithmeticOperation,FindMaximum
ps_python_class_person,ArithmeticOperation,Addition
ps_python_class_person,ArithmeticOperation,Round
ps_python_class_person,ArithmeticOperation,Power
ps_python_class_person,ArithmeticOperation,FindMinimum
ps_python_class_person,ArithmeticOperation,Substraction
ps_python_class_person,ArithmeticOperation,Division
ps_python_class_person,ArithmeticOperation,Multiplication
ps_python_class_person,HandlingInteger,TransformingToIntType
ps_python_class_person,HandlingTuple,CreatingTuple
ps_python_class_person,HandlingTuple,SlicingTuple
ps_python_class_person,HandlingTuple,IndexingTuple
ps_python_class_person,HandlingFloat,TransformingToFloatType
ps_python_class_person,HandlingDictionary,ReplacingDictionaryElement
ps_python_class_person,HandlingDictionary,IndexingDictionary
ps_python_class_person,HandlingDictionary,AddingItemToDictionary
ps_python_class_person,HandlingDictionary,AccessingDictionary
ps_python_class_person,HandlingDictionary,CreatingDictionary
ps_python_class_person,HandlingList,DeletingListElement
ps_python_class_person,HandlingList,IndexingList
ps_python_class_person,HandlingList,CreatingList
ps_python_class_person,HandlingList,SlicingList
ps_python_class_person,HandlingList,ReplacingListElement
ps_python_class_person,HandlingList,ListReferencing
ps_python_class_person,HandlingList,ReversingList
ps_python_class_person,AddingListElement,AddingListElementWithInsert
ps_python_class_person,AddingListElement,AddingListElementWithAppend
ps_python_class_person,HandlingFile,ClosingFile
ps_python_class_person,HandlingFile,ReadingLine
ps_python_class_person,HandlingFile,OpeningFile
ps_python_class_person,HandlingString,CreatingString
ps_python_class_person,HandlingString,ReplacingStringContent
ps_python_class_person,HandlingString,FormattingString
ps_python_class_person,HandlingString,TransformingToStringType
ps_python_class_person,HandlingString,SplittingString
ps_python_modulo_is_even,HandlingObjectOrientedProgramming,DefiningOOPMethod
ps_python_modulo_is_even,HandlingFunctionCallingFunction,DefiningFunctionCallingFunction
ps_python_modulo_is_even,HandlingStandardFunction,DefiningStandardFunction
ps_python_list_iteration_zoo,Python,Concatenation
ps_python_list_iteration_zoo,Python,Importing
ps_python_list_iteration_zoo,Python,FindingLength
ps_python_list_iteration_zoo,Python,Printing
ps_python_list_iteration_zoo,Python,CheckingForItem
ps_python_list_iteration_zoo,Python,HandlingInput
ps_python_list_iteration_zoo,CheckingCondition,IfElseChecking
ps_python_list_iteration_zoo,CheckingCondition,AssertChecking
ps_python_list_iteration_zoo,CheckingCondition,IfElifElseChecking
ps_python_list_iteration_zoo,CheckingCondition,NestedIfChecking
ps_python_list_iteration_zoo,CheckingCondition,IfChecking
ps_python_list_iteration_zoo,CheckingCondition,IfElifChecking
ps_python_list_iteration_zoo,CheckingCondition,BooleanEvaluating
ps_python_list_iteration_zoo,CheckingInForLoop,IfElseCheckingInForLoop
ps_python_list_iteration_zoo,CheckingInForLoop,IfElifCheckingInForLoop
ps_python_list_iteration_zoo,CheckingInForLoop,IfCheckingInForLoop
ps_python_list_iteration_zoo,CheckingInForLoop,IfElifElseCheckingInForLoop
ps_python_list_iteration_zoo,CheckingInWhileLoop,IfElifElseCheckingInWhileLoop
ps_python_list_iteration_zoo,CheckingInWhileLoop,IfCheckingInWhileLoop
ps_python_list_iteration_zoo,CheckingInWhileLoop,IfElseCheckingInWhileLoop
ps_python_list_iteration_zoo,CheckingInWhileLoop,IfElifCheckingInWhileLoop
ps_python_list_iteration_zoo,ManagingVariable,SwappingVariablesValue
ps_python_list_iteration_zoo,ManagingVariable,AssigningVariable
ps_python_list_iteration_zoo,ManagingVariable,UpdatingVariable
ps_python_list_iteration_zoo,HandlingAdvancedDataStructure,BinaryTreeTask
ps_python_list_iteration_zoo,HandlingAdvancedDataStructure,LinkedListTask
ps_python_list_iteration_zoo,HandlingAdvancedDataStructure,QueueTask
ps_python_list_iteration_zoo,HandlingAdvancedDataStructure,StackTask
ps_python_list_iteration_zoo,TwoDimensionalArrayTask,ReplacingElement2DArray
ps_python_list_iteration_zoo,TwoDimensionalArrayTask,Indexing2DArray
ps_python_list_iteration_zoo,TwoDimensionalArrayTask,Create2DArray
ps_python_list_iteration_zoo,HandlingObjectOrientedProgramming,CallingOOPMethod
ps_python_list_iteration_zoo,HandlingObjectOrientedProgramming,CreatingObject
ps_python_list_iteration_zoo,HandlingObjectOrientedProgramming,DefiningClass
ps_python_list_iteration_zoo,HandlingObjectOrientedProgramming,DefiningOOPMethod
ps_python_list_iteration_zoo,HandlingFunction,CallingFunctionLibrary
ps_python_list_iteration_zoo,HandlingFunction,NestedFunctionCall
ps_python_list_iteration_zoo,HandlingFunctionCallingFunction,CallingFunctionCallingFunction
ps_python_list_iteration_zoo,HandlingFunctionCallingFunction,DefiningFunctionCallingFunction
ps_python_list_iteration_zoo,HandlingRecursiveFunction,CallingRecursiveFunction
ps_python_list_iteration_zoo,HandlingRecursiveFunction,DefiningRecursiveFunction
ps_python_list_iteration_zoo,HandlingNestedFunction,CallingNestedFunction
ps_python_list_iteration_zoo,HandlingNestedFunction,DefiningNestedFunction
ps_python_list_iteration_zoo,HandlingStandardFunction,CallingStandardFunction
ps_python_list_iteration_zoo,HandlingStandardFunction,DefiningStandardFunction
ps_python_list_iteration_zoo,NonNestedIteration,SingleForLoopIteration
ps_python_list_iteration_zoo,HandlingTuple,SlicingTuple
ps_python_list_iteration_zoo,HandlingTuple,IndexingTuple
ps_python_list_iteration_zoo,HandlingFloat,TransformingToFloatType
ps_python_list_iteration_zoo,HandlingDictionary,ReplacingDictionaryElement
ps_python_list_iteration_zoo,HandlingDictionary,IndexingDictionary
ps_python_list_iteration_zoo,HandlingDictionary,AddingItemToDictionary
ps_python_list_iteration_zoo,HandlingDictionary,AccessingDictionary
ps_python_list_iteration_zoo,HandlingDictionary,CreatingDictionary
ps_python_list_iteration_zoo,HandlingList,DeletingListElement
ps_python_list_iteration_zoo,HandlingList,IndexingList
ps_python_list_iteration_zoo,HandlingList,CreatingList
ps_python_list_iteration_zoo,HandlingList,SlicingList
ps_python_list_iteration_zoo,HandlingList,ReplacingListElement
ps_python_list_iteration_zoo,HandlingList,ListReferencing
ps_python_list_iteration_zoo,HandlingList,ReversingList
ps_python_list_iteration_zoo,AddingListElement,AddingListElementWithInsert
ps_python_list_iteration_zoo,AddingListElement,AddingListElementWithAppend
ps_python_list_iteration_zoo,HandlingFile,ClosingFile
ps_python_list_iteration_zoo,HandlingFile,ReadingLine
ps_python_list_iteration_zoo,HandlingFile,OpeningFile
ps_python_list_iteration_zoo,HandlingString,CreatingString
ps_python_list_iteration_zoo,HandlingString,ReplacingStringContent
ps_python_list_iteration_zoo,HandlingString,FormattingString
ps_python_list_iteration_zoo,HandlingString,TransformingToStringType
ps_python_list_iteration_zoo,HandlingString,SplittingString
ps_python_list_iteration_zoo,HandlingString,TrimmingString
ps_python_list_iteration_zoo,HandlingString,IndexingString
ps_python_list_iteration_zoo,HandlingString,SlicingString
ps_python_list_iteration_zoo,ModifyingStringCase,ConvertStringToUpperCase
ps_python_list_iteration_zoo,ModifyingStringCase,ConvertStringToLowerCase
ps_python_list_iteration_zoo,ModifyingStringCase,CapitalizeString
ps_python_list_iteration_zoo,HandlingError,HandlingSpecificError
ps_python_list_iteration_zoo,HandlingError,HandlingGeneralError
ps_python_nested_lists_indexing,ManagingVariable,AssigningVariable
ps_python_nested_lists_indexing,ManagingVariable,UpdatingVariable
ps_python_nested_lists_indexing,HandlingAdvancedDataStructure,BinaryTreeTask
ps_python_nested_lists_indexing,HandlingAdvancedDataStructure,LinkedListTask
ps_python_nested_lists_indexing,HandlingAdvancedDataStructure,QueueTask
ps_python_nested_lists_indexing,HandlingAdvancedDataStructure,StackTask
ps_python_nested_lists_indexing,TwoDimensionalArrayTask,ReplacingElement2DArray
ps_python_nested_lists_indexing,TwoDimensionalArrayTask,Indexing2DArray
ps_python_nested_lists_indexing,TwoDimensionalArrayTask,Create2DArray
ps_python_nested_lists_indexing,HandlingObjectOrientedProgramming,CallingOOPMethod
ps_python_nested_lists_indexing,HandlingObjectOrientedProgramming,CreatingObject
ps_python_nested_lists_indexing,HandlingObjectOrientedProgramming,DefiningClass
ps_python_nested_lists_indexing,HandlingObjectOrientedProgramming,DefiningOOPMethod
ps_python_nested_lists_indexing,HandlingFunction,CallingFunctionLibrary
ps_python_nested_lists_indexing,HandlingFunction,NestedFunctionCall
ps_python_nested_lists_indexing,HandlingFunctionCallingFunction,CallingFunctionCallingFunction
ps_python_nested_lists_indexing,HandlingFunctionCallingFunction,DefiningFunctionCallingFunction
ps_python_nested_lists_indexing,HandlingRecursiveFunction,CallingRecursiveFunction
ps_python_nested_lists_indexing,HandlingRecursiveFunction,DefiningRecursiveFunction
ps_python_nested_lists_indexing,HandlingNestedFunction,CallingNestedFunction
ps_python_nested_lists_indexing,HandlingNestedFunction,DefiningNestedFunction
ps_python_nested_lists_indexing,HandlingStandardFunction,CallingStandardFunction
ps_python_nested_lists_indexing,HandlingStandardFunction,DefiningStandardFunction
ps_python_nested_lists_indexing,NonNestedIteration,SingleForLoopIteration
ps_python_nested_lists_indexing,NonNestedIteration,SingleWhileLoopIteration
ps_python_nested_lists_indexing,WhileLoopWithUpdate,WhileLoopWithListIndexing
ps_python_nested_lists_indexing,WhileLoopWithUpdate,WhileLoopWith*=
ps_python_nested_lists_indexing,WhileLoopWithUpdate,WhileLoopWith+=
ps_python_nested_lists_indexing,ForLoopWithUpdate,ForLoopWith+=
ps_python_nested_lists_indexing,ForLoopWithUpdate,ForLoopWith*=
ps_python_nested_lists_indexing,ForLoopWithUpdate,ForLoopWithListIndexing
ps_python_nested_lists_indexing,NestedLoopIteration,MixedNestedLoopIteration
ps_python_nested_lists_indexing,NestedLoopIteration,NestedForLoopIteration
ps_python_nested_lists_indexing,NestedLoopIteration,NestedWhileLoopIteration
ps_python_nested_lists_indexing,ArithmeticOperation,FindAbsolute
ps_python_nested_lists_indexing,ArithmeticOperation,FindRemainder
ps_python_nested_lists_indexing,ArithmeticOperation,FindMaximum
ps_python_nested_lists_indexing,ArithmeticOperation,Addition
ps_python_nested_lists_indexing,ArithmeticOperation,Round
ps_python_nested_lists_indexing,ArithmeticOperation,Power
ps_python_nested_lists_indexing,ArithmeticOperation,FindMinimum
ps_python_nested_lists_indexing,ArithmeticOperation,Substraction
ps_python_nested_lists_indexing,ArithmeticOperation,Division
ps_python_nested_lists_indexing,ArithmeticOperation,Multiplication
ps_python_nested_lists_indexing,HandlingInteger,TransformingToIntType
ps_python_nested_lists_indexing,HandlingTuple,CreatingTuple
ps_python_string_indexing,WhileLoopWithUpdate,WhileLoopWith*=
ps_python_string_indexing,WhileLoopWithUpdate,WhileLoopWith+=
ps_python_string_indexing,ForLoopWithUpdate,ForLoopWith+=
ps_python_string_indexing,ForLoopWithUpdate,ForLoopWith*=
ps_python_dict_keys,HandlingDictionary,AddingItemToDictionary
ps_python_dict_keys,HandlingList,SlicingList
ps_python_dict_keys,HandlingString,TrimmingString
ps_python_dict_keys,HandlingString,IndexingString
ps_python_dict_keys,HandlingString,SlicingString
ps_python_dict_keys,ModifyingStringCase,ConvertStringToUpperCase
ps_python_dict_keys,ModifyingStringCase,ConvertStringToLowerCase
ps_python_dict_keys,ModifyingStringCase,CapitalizeString
ps_python_dict_keys,HandlingError,HandlingSpecificError
ps_python_dict_keys,HandlingError,HandlingGeneralError
ps_python_dict_values,ManagingVariable,AssigningVariable
ps_python_dict_values,ManagingVariable,UpdatingVariable
ps_python_dict_values,HandlingAdvancedDataStructure,BinaryTreeTask
ps_python_dict_values,HandlingAdvancedDataStructure,LinkedListTask
ps_python_dict_values,HandlingAdvancedDataStructure,QueueTask
ps_python_dict_values,HandlingAdvancedDataStructure,StackTask
ps_python_dict_values,TwoDimensionalArrayTask,ReplacingElement2DArray
ps_python_dict_values,TwoDimensionalArrayTask,Indexing2DArray
ps_python_dict_values,TwoDimensionalArrayTask,Create2DArray
ps_python_dict_values,HandlingObjectOrientedProgramming,CallingOOPMethod
ps_python_dict_values,HandlingObjectOrientedProgramming,CreatingObject
ps_python_dict_values,HandlingObjectOrientedProgramming,DefiningClass
ps_python_dict_values,HandlingObjectOrientedProgramming,DefiningOOPMethod
ps_python_dict_values,HandlingFunction,CallingFunctionLibrary
ps_python_dict_values,HandlingFunction,NestedFunctionCall
ps_python_dict_values,HandlingFunctionCallingFunction,CallingFunctionCallingFunction
ps_python_dict_values,HandlingFunctionCallingFunction,DefiningFunctionCallingFunction
ps_python_dict_values,HandlingRecursiveFunction,CallingRecursiveFunction
ps_python_dict_values,HandlingRecursiveFunction,DefiningRecursiveFunction
ps_python_dict_values,HandlingNestedFunction,CallingNestedFunction
ps_python_dict_values,HandlingNestedFunction,DefiningNestedFunction
ps_python_dict_values,HandlingStandardFunction,CallingStandardFunction
ps_python_dict_values,HandlingStandardFunction,DefiningStandardFunction
ps_python_dict_values,NonNestedIteration,SingleForLoopIteration
ps_python_dict_values,WhileLoopWithUpdate,WhileLoopWithListIndexing
ps_python_dict_values,WhileLoopWithUpdate,WhileLoopWith*=
ps_python_dict_values,WhileLoopWithUpdate,WhileLoopWith+=
ps_python_dict_values,ForLoopWithUpdate,ForLoopWith*=
ps_python_dict_values,NestedLoopIteration,NestedForLoopIteration
ps_python_dict_values,NestedLoopIteration,NestedWhileLoopIteration
ps_python_dict_values,ArithmeticOperation,FindAbsolute
ps_python_dict_values,ArithmeticOperation,FindRemainder
ps_python_dict_values,ArithmeticOperation,Round
ps_python_dict_values,ArithmeticOperation,Power
ps_python_dict_values,ArithmeticOperation,FindMinimum
ps_python_dict_values,ArithmeticOperation,Substraction
ps_python_dict_values,ArithmeticOperation,Division
ps_python_dict_values,ArithmeticOperation,Multiplication
ps_python_dict_values,HandlingTuple,SlicingTuple
ps_python_dict_values,HandlingTuple,IndexingTuple
ps_python_dict_values,HandlingFloat,TransformingToFloatType
ps_python_dict_values,HandlingDictionary,ReplacingDictionaryElement
ps_python_dict_values,HandlingDictionary,IndexingDictionary
ps_python_dict_values,HandlingDictionary,AddingItemToDictionary
ps_python_dict_values,HandlingDictionary,AccessingDictionary
ps_python_dict_values,HandlingDictionary,CreatingDictionary
ps_python_dict_values,HandlingList,DeletingListElement
ps_python_dict_values,HandlingList,IndexingList
ps_python_dict_values,HandlingList,CreatingList
ps_python_dict_values,HandlingList,SlicingList
ps_python_dict_values,HandlingList,ReplacingListElement
ps_python_dict_values,HandlingList,ListReferencing
ps_python_dict_values,HandlingList,ReversingList
ps_python_dict_values,AddingListElement,AddingListElementWithInsert
ps_python_dict_values,AddingListElement,AddingListElementWithAppend
ps_python_dict_values,HandlingFile,ClosingFile
ps_python_dict_values,HandlingFile,ReadingLine
ps_python_dict_values,HandlingFile,OpeningFile
ps_python_dict_values,HandlingString,CreatingString
ps_python_dict_values,HandlingString,ReplacingStringContent
ps_python_dict_values,HandlingString,FormattingString
ps_python_dict_values,HandlingString,TransformingToStringType
ps_python_dict_values,HandlingString,SplittingString
ps_python_list_to_dict,ManagingVariable,AssigningVariable
ps_python_list_to_dict,ManagingVariable,UpdatingVariable
ps_python_list_to_dict,HandlingAdvancedDataStructure,BinaryTreeTask
ps_python_list_to_dict,HandlingAdvancedDataStructure,LinkedListTask
ps_python_list_to_dict,HandlingAdvancedDataStructure,QueueTask
ps_python_list_to_dict,HandlingAdvancedDataStructure,StackTask
ps_python_list_to_dict,TwoDimensionalArrayTask,ReplacingElement2DArray
ps_python_list_to_dict,TwoDimensionalArrayTask,Indexing2DArray
ps_python_list_to_dict,TwoDimensionalArrayTask,Create2DArray
ps_python_list_to_dict,HandlingObjectOrientedProgramming,CallingOOPMethod
ps_python_list_to_dict,HandlingObjectOrientedProgramming,CreatingObject
ps_python_list_to_dict,HandlingObjectOrientedProgramming,DefiningClass
ps_python_list_to_dict,HandlingObjectOrientedProgramming,DefiningOOPMethod
ps_python_list_to_dict,HandlingFunction,CallingFunctionLibrary
ps_python_list_to_dict,HandlingFunction,NestedFunctionCall
ps_python_list_to_dict,HandlingFunctionCallingFunction,CallingFunctionCallingFunction
ps_python_list_to_dict,HandlingFunctionCallingFunction,DefiningFunctionCallingFunction
ps_python_list_to_dict,HandlingRecursiveFunction,CallingRecursiveFunction
ps_python_list_to_dict,HandlingRecursiveFunction,DefiningRecursiveFunction
ps_python_list_to_dict,HandlingNestedFunction,CallingNestedFunction
ps_python_list_to_dict,HandlingNestedFunction,DefiningNestedFunction
ps_python_list_to_dict,HandlingStandardFunction,CallingStandardFunction
ps_python_list_to_dict,HandlingStandardFunction,DefiningStandardFunction
ps_python_list_to_dict,NonNestedIteration,SingleForLoopIteration
ps_python_list_to_dict,NonNestedIteration,SingleWhileLoopIteration
ps_python_list_to_dict,WhileLoopWithUpdate,WhileLoopWithListIndexing
ps_python_list_to_dict,WhileLoopWithUpdate,WhileLoopWith*=
ps_python_list_to_dict,WhileLoopWithUpdate,WhileLoopWith+=
ps_python_list_to_dict,ForLoopWithUpdate,ForLoopWith+=
ps_python_list_to_dict,ForLoopWithUpdate,ForLoopWith*=
ps_python_list_to_dict,ForLoopWithUpdate,ForLoopWithListIndexing
ps_python_list_to_dict,NestedLoopIteration,MixedNestedLoopIteration
ps_python_list_to_dict,NestedLoopIteration,NestedForLoopIteration
ps_python_list_to_dict,NestedLoopIteration,NestedWhileLoopIteration
ps_python_list_to_dict,ArithmeticOperation,FindAbsolute
ps_python_list_to_dict,ArithmeticOperation,FindRemainder
ps_python_list_to_dict,ArithmeticOperation,FindMaximum
ps_python_list_to_dict,ArithmeticOperation,Addition
ps_python_list_to_dict,ArithmeticOperation,Round
ps_python_list_to_dict,ArithmeticOperation,Power
ps_python_list_to_dict,ArithmeticOperation,FindMinimum
ps_python_list_to_dict,ArithmeticOperation,Substraction
ps_python_list_to_dict,ArithmeticOperation,Division
ps_python_list_to_dict,ArithmeticOperation,Multiplication
ps_python_list_to_dict,HandlingInteger,TransformingToIntType
ps_python_list_to_dict,HandlingTuple,CreatingTuple
ps_python_list_to_dict,HandlingTuple,SlicingTuple
ps_python_list_to_dict,HandlingTuple,IndexingTuple
ps_python_list_to_dict,HandlingFloat,TransformingToFloatType
ps_python_list_to_dict,HandlingDictionary,ReplacingDictionaryElement
ps_python_list_to_dict,HandlingDictionary,IndexingDictionary
ps_python_list_to_dict,HandlingDictionary,AddingItemToDictionary
ps_python_list_to_dict,HandlingDictionary,AccessingDictionary
ps_python_list_to_dict,HandlingDictionary,CreatingDictionary
ps_python_list_to_dict,HandlingList,DeletingListElement
ps_python_list_to_dict,HandlingList,IndexingList
ps_python_list_to_dict,HandlingList,CreatingList
ps_python_list_to_dict,HandlingList,SlicingList
ps_python_list_to_dict,HandlingList,ReplacingListElement
ps_python_list_to_dict,HandlingList,ListReferencing
ps_python_list_to_dict,HandlingList,ReversingList
ps_python_list_to_dict,AddingListElement,AddingListElementWithInsert
ps_python_list_to_dict,AddingListElement,AddingListElementWithAppend
ps_python_list_to_dict,HandlingFile,ClosingFile
ps_python_list_to_dict,HandlingFile,ReadingLine
ps_python_list_to_dict,HandlingFile,OpeningFile
ps_python_list_to_dict,HandlingString,CreatingString
ps_python_list_to_dict,HandlingString,ReplacingStringContent
ps_python_list_to_dict,HandlingString,FormattingString
ps_python_list_to_dict,HandlingString,TransformingToStringType
ps_python_list_to_dict,HandlingString,SplittingString
ps_python_dict_filter,NonNestedIteration,SingleWhileLoopIteration
ps_python_dict_filter,WhileLoopWithUpdate,WhileLoopWithListIndexing
ps_python_dict_filter,WhileLoopWithUpdate,WhileLoopWith*=
ps_python_dict_filter,WhileLoopWithUpdate,WhileLoopWith+=
ps_python_dict_filter,ForLoopWithUpdate,ForLoopWith+=
ps_python_dict_filter,ForLoopWithUpdate,ForLoopWith*=
ps_python_dict_filter,ForLoopWithUpdate,ForLoopWithListIndexing
ps_python_dict_filter,NestedLoopIteration,MixedNestedLoopIteration
ps_python_dict_filter,NestedLoopIteration,NestedForLoopIteration
ps_python_dict_filter,NestedLoopIteration,NestedWhileLoopIteration
ps_python_dict_filter,ArithmeticOperation,FindAbsolute
ps_python_dict_filter,ArithmeticOperation,FindRemainder
ps_python_dict_filter,ArithmeticOperation,FindMaximum
ps_python_dict_filter,ArithmeticOperation,Addition
ps_python_dict_filter,ArithmeticOperation,Round
ps_python_dict_filter,ArithmeticOperation,Power
ps_python_dict_filter,ArithmeticOperation,FindMinimum
ps_python_dict_filter,ArithmeticOperation,Substraction
ps_python_dict_filter,ArithmeticOperation,Division
ps_python_dict_filter,ArithmeticOperation,Multiplication
ps_python_dict_filter,HandlingInteger,TransformingToIntType
ps_python_dict_filter,HandlingTuple,CreatingTuple
ps_python_dict_filter,HandlingTuple,SlicingTuple
ps_python_dict_filter,HandlingTuple,IndexingTuple
ps_python_dict_filter,HandlingFloat,TransformingToFloatType
ps_python_dict_filter,HandlingDictionary,ReplacingDictionaryElement
ps_python_dict_filter,HandlingDictionary,IndexingDictionary
ps_python_dict_filter,HandlingDictionary,AddingItemToDictionary
ps_python_dict_filter,HandlingDictionary,AccessingDictionary
ps_python_dict_filter,HandlingDictionary,CreatingDictionary
ps_python_dict_filter,HandlingList,DeletingListElement
ps_python_dict_filter,HandlingList,IndexingList
ps_python_dict_filter,HandlingList,CreatingList
ps_python_dict_filter,HandlingList,SlicingList
ps_python_dict_filter,HandlingList,ReplacingListElement
ps_python_dict_filter,HandlingList,ListReferencing
ps_python_dict_filter,HandlingList,ReversingList
ps_python_dict_filter,AddingListElement,AddingListElementWithInsert
ps_python_dict_filter,AddingListElement,AddingListElementWithAppend
ps_python_dict_filter,HandlingFile,ClosingFile
ps_python_dict_filter,HandlingFile,ReadingLine
ps_python_dict_filter,HandlingFile,OpeningFile
ps_python_dict_filter,HandlingString,CreatingString
ps_python_dict_filter,HandlingString,ReplacingStringContent
ps_python_dict_filter,HandlingString,FormattingString
ps_python_dict_filter,HandlingString,TransformingToStringType
ps_python_dict_filter,HandlingString,SplittingString
ps_python_bigger_than,ManagingVariable,AssigningVariable
ps_python_bigger_than,ManagingVariable,UpdatingVariable
ps_python_bigger_than,HandlingAdvancedDataStructure,BinaryTreeTask
ps_python_bigger_than,HandlingAdvancedDataStructure,LinkedListTask
ps_python_bigger_than,HandlingAdvancedDataStructure,QueueTask
ps_python_bigger_than,HandlingAdvancedDataStructure,StackTask
ps_python_bigger_than,TwoDimensionalArrayTask,ReplacingElement2DArray
ps_python_bigger_than,TwoDimensionalArrayTask,Indexing2DArray
ps_python_bigger_than,TwoDimensionalArrayTask,Create2DArray
ps_python_bigger_than,HandlingObjectOrientedProgramming,CallingOOPMethod
ps_python_bigger_than,HandlingObjectOrientedProgramming,CreatingObject
ps_python_bigger_than,HandlingObjectOrientedProgramming,DefiningClass
ps_python_bigger_than,HandlingObjectOrientedProgramming,DefiningOOPMethod
ps_python_bigger_than,HandlingFunction,CallingFunctionLibrary
ps_python_bigger_than,HandlingFunction,NestedFunctionCall
ps_python_bigger_than,HandlingFunctionCallingFunction,CallingFunctionCallingFunction
ps_python_bigger_than,HandlingFunctionCallingFunction,DefiningFunctionCallingFunction
ps_python_bigger_than,HandlingRecursiveFunction,CallingRecursiveFunction
ps_python_bigger_than,HandlingRecursiveFunction,DefiningRecursiveFunction
ps_python_bigger_than,HandlingNestedFunction,CallingNestedFunction
ps_python_bigger_than,HandlingNestedFunction,DefiningNestedFunction
ps_python_bigger_than,HandlingStandardFunction,CallingStandardFunction
ps_python_bigger_than,HandlingStandardFunction,DefiningStandardFunction
ps_python_bigger_than,NonNestedIteration,SingleForLoopIteration
ps_python_bigger_than,WhileLoopWithUpdate,WhileLoopWith*=
ps_python_bigger_than,WhileLoopWithUpdate,WhileLoopWith+=
ps_python_bigger_than,ForLoopWithUpdate,ForLoopWith+=
ps_python_bigger_than,ForLoopWithUpdate,ForLoopWith*=
ps_python_bigger_than,HandlingTuple,SlicingTuple
ps_python_bigger_than,HandlingTuple,IndexingTuple
ps_python_bigger_than,HandlingFloat,TransformingToFloatType
ps_python_bigger_than,HandlingDictionary,ReplacingDictionaryElement
ps_python_bigger_than,HandlingDictionary,IndexingDictionary
ps_python_bigger_than,HandlingDictionary,AddingItemToDictionary
ps_python_bigger_than,HandlingDictionary,AccessingDictionary
ps_python_bigger_than,HandlingDictionary,CreatingDictionary
ps_python_bigger_than,HandlingList,DeletingListElement
ps_python_bigger_than,HandlingList,IndexingList
ps_python_bigger_than,HandlingList,CreatingList
ps_python_bigger_than,HandlingList,SlicingList
ps_python_bigger_than,HandlingList,ReplacingListElement
ps_python_bigger_than,HandlingList,ListReferencing
ps_python_bigger_than,HandlingList,ReversingList
ps_python_bigger_than,AddingListElement,AddingListElementWithInsert
ps_python_bigger_than,AddingListElement,AddingListElementWithAppend
ps_python_bigger_than,HandlingFile,ClosingFile
ps_python_bigger_than,HandlingFile,ReadingLine
ps_python_bigger_than,HandlingFile,OpeningFile
ps_python_bigger_than,HandlingString,CreatingString
ps_python_bigger_than,HandlingString,ReplacingStringContent
ps_python_bigger_than,HandlingString,FormattingString
ps_python_bigger_than,HandlingString,TransformingToStringType
ps_python_bigger_than,HandlingString,SplittingString
ps_python_conditionals_temperature,NonNestedIteration,SingleWhileLoopIteration
ps_python_conditionals_temperature,WhileLoopWithUpdate,WhileLoopWithListIndexing
ps_python_conditionals_temperature,WhileLoopWithUpdate,WhileLoopWith*=
ps_python_conditionals_temperature,WhileLoopWithUpdate,WhileLoopWith+=
ps_python_conditionals_temperature,ForLoopWithUpdate,ForLoopWith+=
ps_python_conditionals_temperature,ForLoopWithUpdate,ForLoopWith*=
ps_python_conditionals_temperature,ForLoopWithUpdate,ForLoopWithListIndexing
ps_python_conditionals_temperature,NestedLoopIteration,MixedNestedLoopIteration
ps_python_conditionals_temperature,NestedLoopIteration,NestedForLoopIteration
ps_python_conditionals_temperature,NestedLoopIteration,NestedWhileLoopIteration
ps_python_conditionals_temperature,ArithmeticOperation,FindAbsolute
ps_python_conditionals_temperature,ArithmeticOperation,FindRemainder
ps_python_conditionals_temperature,ArithmeticOperation,FindMaximum
ps_python_conditionals_temperature,ArithmeticOperation,Addition
ps_python_conditionals_temperature,ArithmeticOperation,Round
ps_python_conditionals_temperature,ArithmeticOperation,Power
ps_python_conditionals_temperature,ArithmeticOperation,FindMinimum
ps_python_conditionals_temperature,ArithmeticOperation,Substraction
ps_python_conditionals_temperature,ArithmeticOperation,Division
ps_python_conditionals_temperature,ArithmeticOperation,Multiplication
ps_python_conditionals_temperature,HandlingInteger,TransformingToIntType
ps_python_conditionals_temperature,HandlingTuple,CreatingTuple
ps_python_conditionals_temperature,HandlingTuple,SlicingTuple
ps_python_conditionals_temperature,HandlingTuple,IndexingTuple
ps_python_conditionals_temperature,HandlingFloat,TransformingToFloatType
ps_python_conditionals_temperature,HandlingDictionary,ReplacingDictionaryElement
ps_python_conditionals_temperature,HandlingDictionary,IndexingDictionary
ps_python_conditionals_temperature,HandlingDictionary,AddingItemToDictionary
ps_python_conditionals_temperature,HandlingDictionary,AccessingDictionary
ps_python_conditionals_temperature,HandlingDictionary,CreatingDictionary
ps_python_conditionals_temperature,HandlingList,DeletingListElement
ps_python_conditionals_temperature,HandlingList,IndexingList
ps_python_conditionals_temperature,HandlingList,CreatingList
ps_python_conditionals_temperature,HandlingList,SlicingList
ps_python_conditionals_temperature,HandlingList,ReplacingListElement
ps_python_conditionals_temperature,HandlingList,ListReferencing
ps_python_conditionals_temperature,HandlingList,ReversingList
ps_python_conditionals_temperature,AddingListElement,AddingListElementWithInsert
ps_python_conditionals_temperature,AddingListElement,AddingListElementWithAppend
ps_python_conditionals_temperature,HandlingFile,ClosingFile
ps_python_conditionals_temperature,HandlingFile,ReadingLine
ps_python_conditionals_temperature,HandlingFile,OpeningFile
ps_python_conditionals_temperature,HandlingString,CreatingString
ps_python_conditionals_temperature,HandlingString,ReplacingStringContent
ps_python_conditionals_temperature,HandlingString,FormattingString
ps_python_conditionals_temperature,HandlingString,TransformingToStringType
ps_python_conditionals_temperature,HandlingString,SplittingString
ps_python_printing_file_contents,NonNestedIteration,SingleWhileLoopIteration
ps_python_printing_file_contents,WhileLoopWithUpdate,WhileLoopWithListIndexing
ps_python_printing_file_contents,WhileLoopWithUpdate,WhileLoopWith*=
ps_python_printing_file_contents,WhileLoopWithUpdate,WhileLoopWith+=
ps_python_printing_file_contents,ForLoopWithUpdate,ForLoopWith+=
ps_python_printing_file_contents,ForLoopWithUpdate,ForLoopWith*=
ps_python_printing_file_contents,ForLoopWithUpdate,ForLoopWithListIndexing
ps_python_printing_file_contents,NestedLoopIteration,MixedNestedLoopIteration
ps_python_printing_file_contents,NestedLoopIteration,NestedForLoopIteration
ps_python_printing_file_contents,NestedLoopIteration,NestedWhileLoopIteration
ps_python_printing_file_contents,ArithmeticOperation,FindAbsolute
ps_python_printing_file_contents,ArithmeticOperation,FindRemainder
ps_python_printing_file_contents,ArithmeticOperation,FindMaximum
ps_python_printing_file_contents,ArithmeticOperation,Addition
ps_python_printing_file_contents,ArithmeticOperation,Round
ps_python_printing_file_contents,ArithmeticOperation,Power
ps_python_printing_file_contents,ArithmeticOperation,FindMinimum
ps_python_printing_file_contents,ArithmeticOperation,Substraction
ps_python_printing_file_contents,ArithmeticOperation,Division
ps_python_printing_file_contents,ArithmeticOperation,Multiplication
ps_python_printing_file_contents,HandlingInteger,TransformingToIntType
ps_python_printing_file_contents,HandlingTuple,CreatingTuple
ps_python_printing_file_contents,HandlingTuple,SlicingTuple
ps_python_printing_file_contents,HandlingTuple,IndexingTuple
ps_python_printing_file_contents,HandlingFloat,TransformingToFloatType
ps_python_printing_file_contents,HandlingDictionary,ReplacingDictionaryElement
ps_python_printing_file_contents,HandlingDictionary,IndexingDictionary
ps_python_printing_file_contents,HandlingDictionary,AddingItemToDictionary
ps_python_printing_file_contents,HandlingDictionary,AccessingDictionary
ps_python_printing_file_contents,HandlingDictionary,CreatingDictionary
ps_python_printing_file_contents,HandlingList,DeletingListElement
ps_python_printing_file_contents,HandlingList,IndexingList
ps_python_printing_file_contents,HandlingList,CreatingList
ps_python_printing_file_contents,HandlingList,SlicingList
ps_python_printing_file_contents,HandlingList,ReplacingListElement
ps_python_printing_file_contents,HandlingList,ListReferencing
ps_python_printing_file_contents,HandlingList,ReversingList
ps_python_printing_file_contents,AddingListElement,AddingListElementWithInsert
ps_python_printing_file_contents,AddingListElement,AddingListElementWithAppend
ps_python_printing_file_contents,HandlingFile,ClosingFile
ps_python_printing_file_contents,HandlingFile,ReadingLine
ps_python_printing_file_contents,HandlingFile,OpeningFile
ps_python_printing_file_contents,HandlingString,CreatingString
ps_python_printing_file_contents,HandlingString,ReplacingStringContent
ps_python_printing_file_contents,HandlingString,FormattingString
ps_python_printing_file_contents,HandlingString,TransformingToStringType
ps_python_printing_file_contents,HandlingString,SplittingString
ps_python_try_except,Python,Concatenation
ps_python_try_except,Python,Importing
ps_python_try_except,Python,FindingLength
ps_python_try_except,Python,Printing
ps_python_try_except,Python,CheckingForItem
ps_python_try_except,Python,HandlingInput
ps_python_try_except,CheckingCondition,IfElseChecking
ps_python_try_except,CheckingCondition,AssertChecking
ps_python_try_except,CheckingCondition,IfElifElseChecking
ps_python_try_except,CheckingCondition,NestedIfChecking
ps_python_try_except,CheckingCondition,IfChecking
ps_python_try_except,CheckingCondition,IfElifChecking
ps_python_try_except,CheckingCondition,BooleanEvaluating
ps_python_try_except,CheckingInForLoop,IfElseCheckingInForLoop
ps_python_try_except,CheckingInForLoop,IfElifCheckingInForLoop
ps_python_try_except,CheckingInForLoop,IfCheckingInForLoop
ps_python_try_except,CheckingInForLoop,IfElifElseCheckingInForLoop
ps_python_try_except,CheckingInWhileLoop,IfElifElseCheckingInWhileLoop
ps_python_try_except,CheckingInWhileLoop,IfCheckingInWhileLoop
ps_python_try_except,CheckingInWhileLoop,IfElseCheckingInWhileLoop
ps_python_try_except,CheckingInWhileLoop,IfElifCheckingInWhileLoop
ps_python_try_except,ManagingVariable,SwappingVariablesValue
ps_python_try_except,ManagingVariable,AssigningVariable
ps_python_try_except,ManagingVariable,UpdatingVariable
ps_python_try_except,HandlingAdvancedDataStructure,BinaryTreeTask
ps_python_try_except,HandlingAdvancedDataStructure,LinkedListTask
ps_python_try_except,HandlingAdvancedDataStructure,QueueTask
ps_python_try_except,HandlingAdvancedDataStructure,StackTask
ps_python_try_except,TwoDimensionalArrayTask,ReplacingElement2DArray
ps_python_try_except,TwoDimensionalArrayTask,Indexing2DArray
ps_python_try_except,TwoDimensionalArrayTask,Create2DArray
ps_python_try_except,HandlingObjectOrientedProgramming,CallingOOPMethod
ps_python_try_except,HandlingObjectOrientedProgramming,CreatingObject
ps_python_try_except,HandlingObjectOrientedProgramming,DefiningClass
ps_python_try_except,HandlingObjectOrientedProgramming,DefiningOOPMethod
ps_python_try_except,HandlingFunction,CallingFunctionLibrary
ps_python_try_except,HandlingFunction,NestedFunctionCall
ps_python_try_except,HandlingFunctionCallingFunction,CallingFunctionCallingFunction
ps_python_try_except,HandlingFunctionCallingFunction,DefiningFunctionCallingFunction
ps_python_try_except,HandlingRecursiveFunction,CallingRecursiveFunction
ps_python_try_except,HandlingRecursiveFunction,DefiningRecursiveFunction
ps_python_try_except,HandlingNestedFunction,CallingNestedFunction
ps_python_try_except,HandlingNestedFunction,DefiningNestedFunction
ps_python_try_except,HandlingStandardFunction,CallingStandardFunction
ps_python_try_except,HandlingStandardFunction,DefiningStandardFunction
ps_python_try_except,NonNestedIteration,SingleForLoopIteration
ps_python_try_except,NonNestedIteration,SingleWhileLoopIteration
ps_python_try_except,WhileLoopWithUpdate,WhileLoopWithListIndexing
ps_python_try_except,WhileLoopWithUpdate,WhileLoopWith*=
ps_python_try_except,WhileLoopWithUpdate,WhileLoopWith+=
ps_python_try_except,ForLoopWithUpdate,ForLoopWith+=
ps_python_try_except,ForLoopWithUpdate,ForLoopWith*=
ps_python_try_except,ForLoopWithUpdate,ForLoopWithListIndexing
ps_python_try_except,NestedLoopIteration,MixedNestedLoopIteration
ps_python_try_except,NestedLoopIteration,NestedForLoopIteration
ps_python_try_except,NestedLoopIteration,NestedWhileLoopIteration
ps_python_try_except,ArithmeticOperation,FindAbsolute
ps_python_try_except,ArithmeticOperation,FindRemainder
ps_python_try_except,ArithmeticOperation,FindMaximum
ps_python_try_except,ArithmeticOperation,Addition
ps_python_try_except,ArithmeticOperation,Round
ps_python_try_except,ArithmeticOperation,Power
ps_python_try_except,ArithmeticOperation,FindMinimum
ps_python_try_except,ArithmeticOperation,Substraction
ps_python_try_except,ArithmeticOperation,Division
ps_python_try_except,ArithmeticOperation,Multiplication
ps_python_try_except,HandlingInteger,TransformingToIntType
ps_python_try_except,HandlingTuple,CreatingTuple
ps_python_try_except,HandlingTuple,SlicingTuple
ps_python_try_except,HandlingTuple,IndexingTuple
ps_python_try_except,HandlingFloat,TransformingToFloatType
ps_python_try_except,HandlingDictionary,ReplacingDictionaryElement
ps_python_try_except,HandlingDictionary,IndexingDictionary
ps_python_try_except,HandlingDictionary,AddingItemToDictionary
ps_python_try_except,HandlingDictionary,AccessingDictionary
ps_python_try_except,HandlingDictionary,CreatingDictionary
ps_python_try_except,HandlingList,DeletingListElement
ps_python_try_except,HandlingList,IndexingList
ps_python_try_except,HandlingList,CreatingList
ps_python_try_except,HandlingList,SlicingList
ps_python_try_except,HandlingList,ReplacingListElement
ps_python_try_except,HandlingList,ListReferencing
ps_python_try_except,HandlingList,ReversingList
ps_python_try_except,AddingListElement,AddingListElementWithInsert
ps_python_try_except,AddingListElement,AddingListElementWithAppend
ps_python_try_except,HandlingFile,ClosingFile
ps_python_try_except,HandlingFile,ReadingLine
ps_python_try_except,HandlingFile,OpeningFile
ps_python_try_except,HandlingString,CreatingString
ps_python_try_except,HandlingString,ReplacingStringContent
ps_python_try_except,HandlingString,FormattingString
ps_python_try_except,HandlingString,TransformingToStringType
ps_python_try_except,HandlingString,SplittingString
ps_python_nested_ifs,HandlingString,TrimmingString
ps_python_nested_ifs,HandlingString,IndexingString
ps_python_nested_ifs,HandlingString,SlicingString
ps_python_nested_ifs,ModifyingStringCase,ConvertStringToUpperCase
ps_python_nested_ifs,ModifyingStringCase,ConvertStringToLowerCase
ps_python_nested_ifs,ModifyingStringCase,CapitalizeString
ps_python_nested_ifs,HandlingError,HandlingSpecificError
ps_python_nested_ifs,HandlingError,HandlingGeneralError
ps_python_comparisons,NonNestedIteration,SingleWhileLoopIteration
ps_python_comparisons,WhileLoopWithUpdate,WhileLoopWithListIndexing
ps_python_comparisons,WhileLoopWithUpdate,WhileLoopWith*=
ps_python_comparisons,WhileLoopWithUpdate,WhileLoopWith+=
ps_python_comparisons,ForLoopWithUpdate,ForLoopWith+=
ps_python_comparisons,ForLoopWithUpdate,ForLoopWith*=
ps_python_comparisons,ForLoopWithUpdate,ForLoopWithListIndexing
ps_python_comparisons,NestedLoopIteration,MixedNestedLoopIteration
ps_python_comparisons,NestedLoopIteration,NestedForLoopIteration
ps_python_comparisons,NestedLoopIteration,NestedWhileLoopIteration
ps_python_comparisons,ArithmeticOperation,FindAbsolute
ps_python_comparisons,ArithmeticOperation,FindRemainder
ps_python_comparisons,ArithmeticOperation,FindMaximum
ps_python_comparisons,ArithmeticOperation,Addition
ps_python_comparisons,ArithmeticOperation,Round
ps_python_comparisons,ArithmeticOperation,Power
ps_python_comparisons,ArithmeticOperation,FindMinimum
ps_python_comparisons,ArithmeticOperation,Substraction
ps_python_comparisons,ArithmeticOperation,Division
ps_python_comparisons,ArithmeticOperation,Multiplication
ps_python_comparisons,HandlingInteger,TransformingToIntType
ps_python_comparisons,HandlingTuple,CreatingTuple
ps_python_add_to_list,HandlingAdvancedDataStructure,BinaryTreeTask
ps_python_add_to_list,HandlingAdvancedDataStructure,LinkedListTask
ps_python_add_to_list,HandlingAdvancedDataStructure,QueueTask
ps_python_add_to_list,HandlingAdvancedDataStructure,StackTask
ps_python_add_to_list,TwoDimensionalArrayTask,ReplacingElement2DArray
ps_python_add_to_list,TwoDimensionalArrayTask,Indexing2DArray
ps_python_add_to_list,TwoDimensionalArrayTask,Create2DArray
ps_python_add_to_list,HandlingObjectOrientedProgramming,CallingOOPMethod
ps_python_add_to_list,HandlingObjectOrientedProgramming,CreatingObject
ps_python_add_to_list,HandlingObjectOrientedProgramming,DefiningClass
ps_python_add_to_list,HandlingObjectOrientedProgramming,DefiningOOPMethod
ps_python_add_to_list,HandlingFunction,NestedFunctionCall
ps_python_add_to_list,HandlingFunctionCallingFunction,CallingFunctionCallingFunction
ps_python_add_to_list,HandlingFunctionCallingFunction,DefiningFunctionCallingFunction
ps_python_add_to_list,HandlingRecursiveFunction,CallingRecursiveFunction
ps_python_add_to_list,HandlingRecursiveFunction,DefiningRecursiveFunction
ps_python_add_to_list,HandlingNestedFunction,CallingNestedFunction
ps_python_add_to_list,HandlingNestedFunction,DefiningNestedFunction
ps_python_add_to_list,HandlingStandardFunction,CallingStandardFunction
ps_python_add_to_list,HandlingStandardFunction,DefiningStandardFunction
ps_python_add_to_list,WhileLoopWithUpdate,WhileLoopWithListIndexing
ps_python_add_to_list,WhileLoopWithUpdate,WhileLoopWith*=
ps_python_add_to_list,WhileLoopWithUpdate,WhileLoopWith+=
ps_python_add_to_list,ForLoopWithUpdate,ForLoopWith*=
ps_python_swap,NonNestedIteration,SingleWhileLoopIteration
ps_python_swap,WhileLoopWithUpdate,WhileLoopWithListIndexing
ps_python_swap,WhileLoopWithUpdate,WhileLoopWith*=
ps_python_swap,WhileLoopWithUpdate,WhileLoopWith+=
ps_python_swap,ForLoopWithUpdate,ForLoopWith+=
ps_python_swap,ForLoopWithUpdate,ForLoopWith*=
ps_python_swap,ForLoopWithUpdate,ForLoopWithListIndexing
ps_python_swap,NestedLoopIteration,MixedNestedLoopIteration
ps_python_swap,NestedLoopIteration,NestedForLoopIteration
ps_python_swap,NestedLoopIteration,NestedWhileLoopIteration
ps_python_swap,ArithmeticOperation,FindAbsolute
ps_python_swap,ArithmeticOperation,FindRemainder
ps_python_swap,ArithmeticOperation,FindMaximum
ps_python_swap,ArithmeticOperation,Addition
ps_python_swap,ArithmeticOperation,Round
ps_python_swap,ArithmeticOperation,Power
ps_python_swap,ArithmeticOperation,FindMinimum
ps_python_swap,ArithmeticOperation,Substraction
ps_python_swap,ArithmeticOperation,Division
ps_python_swap,ArithmeticOperation,Multiplication
ps_python_swap,HandlingInteger,TransformingToIntType
ps_python_swap,HandlingTuple,CreatingTuple
ps_python_xor,Python,Concatenation
ps_python_xor,Python,Importing
ps_python_xor,Python,FindingLength
ps_python_xor,Python,Printing
ps_python_xor,Python,CheckingForItem
ps_python_xor,Python,HandlingInput
ps_python_xor,CheckingCondition,IfElseChecking
ps_python_xor,CheckingCondition,AssertChecking
ps_python_xor,CheckingCondition,IfElifElseChecking
ps_python_xor,CheckingCondition,NestedIfChecking
ps_python_xor,CheckingCondition,IfChecking
ps_python_xor,CheckingCondition,IfElifChecking
ps_python_xor,CheckingCondition,BooleanEvaluating
ps_python_xor,CheckingInForLoop,IfElseCheckingInForLoop
ps_python_xor,CheckingInForLoop,IfElifCheckingInForLoop
ps_python_xor,CheckingInForLoop,IfCheckingInForLoop
ps_python_xor,CheckingInForLoop,IfElifElseCheckingInForLoop
ps_python_xor,CheckingInWhileLoop,IfElifElseCheckingInWhileLoop
ps_python_xor,CheckingInWhileLoop,IfCheckingInWhileLoop
ps_python_xor,CheckingInWhileLoop,IfElseCheckingInWhileLoop
ps_python_xor,CheckingInWhileLoop,IfElifCheckingInWhileLoop
ps_python_xor,ManagingVariable,SwappingVariablesValue
ps_python_for_odd_or_even,Python,CheckingForItem
ps_python_for_odd_or_even,CheckingInForLoop,IfCheckingInForLoop
ps_python_for_odd_or_even,CheckingInWhileLoop,IfElifElseCheckingInWhileLoop
ps_python_for_odd_or_even,CheckingInWhileLoop,IfCheckingInWhileLoop
ps_python_for_odd_or_even,CheckingInWhileLoop,IfElseCheckingInWhileLoop
ps_python_for_odd_or_even,CheckingInWhileLoop,IfElifCheckingInWhileLoop
ps_python_string_join,ManagingVariable,AssigningVariable
ps_python_string_join,ManagingVariable,UpdatingVariable
ps_python_string_join,HandlingAdvancedDataStructure,BinaryTreeTask
ps_python_string_join,HandlingAdvancedDataStructure,LinkedListTask
ps_python_string_join,HandlingAdvancedDataStructure,QueueTask
ps_python_string_join,HandlingAdvancedDataStructure,StackTask
ps_python_string_join,TwoDimensionalArrayTask,ReplacingElement2DArray
ps_python_string_join,TwoDimensionalArrayTask,Indexing2DArray
ps_python_string_join,TwoDimensionalArrayTask,Create2DArray
ps_python_string_join,HandlingObjectOrientedProgramming,CallingOOPMethod
ps_python_string_join,HandlingObjectOrientedProgramming,CreatingObject
ps_python_string_join,HandlingObjectOrientedProgramming,DefiningClass
ps_python_string_join,HandlingObjectOrientedProgramming,DefiningOOPMethod
ps_python_string_join,HandlingFunction,CallingFunctionLibrary
ps_python_string_join,HandlingFunction,NestedFunctionCall
ps_python_string_join,HandlingFunctionCallingFunction,CallingFunctionCallingFunction
ps_python_string_join,HandlingFunctionCallingFunction,DefiningFunctionCallingFunction
ps_python_string_join,HandlingRecursiveFunction,CallingRecursiveFunction
ps_python_string_join,HandlingRecursiveFunction,DefiningRecursiveFunction
ps_python_string_join,HandlingNestedFunction,CallingNestedFunction
ps_python_string_join,HandlingNestedFunction,DefiningNestedFunction
ps_python_string_join,HandlingStandardFunction,CallingStandardFunction
ps_python_string_join,HandlingStandardFunction,DefiningStandardFunction
ps_python_string_join,NonNestedIteration,SingleForLoopIteration
ps_python_string_join,NonNestedIteration,SingleWhileLoopIteration
ps_python_string_join,WhileLoopWithUpdate,WhileLoopWithListIndexing
ps_python_string_join,WhileLoopWithUpdate,WhileLoopWith*=
ps_python_string_join,WhileLoopWithUpdate,WhileLoopWith+=
ps_python_string_join,ForLoopWithUpdate,ForLoopWith+=
ps_python_string_join,ForLoopWithUpdate,ForLoopWith*=
ps_python_string_join,ForLoopWithUpdate,ForLoopWithListIndexing
ps_python_string_join,NestedLoopIteration,MixedNestedLoopIteration
ps_python_string_join,NestedLoopIteration,NestedForLoopIteration
ps_python_string_join,NestedLoopIteration,NestedWhileLoopIteration
ps_python_string_join,ArithmeticOperation,FindAbsolute
ps_python_string_join,ArithmeticOperation,FindRemainder
ps_python_string_join,ArithmeticOperation,FindMaximum
ps_python_string_join,ArithmeticOperation,Addition
ps_python_string_join,ArithmeticOperation,Round
ps_python_string_join,ArithmeticOperation,Power
ps_python_string_join,ArithmeticOperation,FindMinimum
ps_python_string_join,ArithmeticOperation,Substraction
ps_python_string_join,ArithmeticOperation,Division
ps_python_string_join,ArithmeticOperation,Multiplication
ps_python_string_join,HandlingInteger,TransformingToIntType
ps_python_string_join,HandlingTuple,CreatingTuple
ps_python_string_join,HandlingTuple,SlicingTuple
ps_python_string_join,HandlingTuple,IndexingTuple
ps_python_string_join,HandlingFloat,TransformingToFloatType
ps_python_string_join,HandlingDictionary,ReplacingDictionaryElement
ps_python_string_join,HandlingDictionary,IndexingDictionary
ps_python_string_join,HandlingDictionary,AddingItemToDictionary
ps_python_string_join,HandlingDictionary,AccessingDictionary
ps_python_string_join,HandlingDictionary,CreatingDictionary
ps_python_string_join,HandlingList,DeletingListElement
ps_python_string_join,HandlingList,IndexingList
ps_python_string_join,HandlingList,CreatingList
ps_python_string_join,HandlingList,SlicingList
ps_python_string_join,HandlingList,ReplacingListElement
ps_python_string_join,HandlingList,ListReferencing
ps_python_string_join,HandlingList,ReversingList
ps_python_string_join,AddingListElement,AddingListElementWithInsert
ps_python_string_join,AddingListElement,AddingListElementWithAppend
ps_python_string_join,HandlingFile,ClosingFile
ps_python_string_join,HandlingFile,ReadingLine
ps_python_string_join,HandlingFile,OpeningFile
ps_python_string_join,HandlingString,CreatingString
ps_python_string_join,HandlingString,ReplacingStringContent
ps_python_string_join,HandlingString,FormattingString
ps_python_string_join,HandlingString,TransformingToStringType
ps_python_string_join,HandlingString,SplittingString
ps_python_try_adding,Python,Concatenation
ps_python_try_adding,Python,Importing
ps_python_try_adding,Python,FindingLength
ps_python_try_adding,Python,Printing
ps_python_try_adding,Python,CheckingForItem
ps_python_try_adding,Python,HandlingInput
ps_python_try_adding,CheckingCondition,IfElseChecking
ps_python_try_adding,CheckingCondition,AssertChecking
ps_python_try_adding,CheckingCondition,IfElifElseChecking
ps_python_try_adding,CheckingCondition,NestedIfChecking
ps_python_try_adding,CheckingCondition,IfChecking
ps_python_try_adding,CheckingCondition,IfElifChecking
ps_python_try_adding,CheckingCondition,BooleanEvaluating
ps_python_try_adding,CheckingInForLoop,IfElseCheckingInForLoop
ps_python_try_adding,CheckingInForLoop,IfElifCheckingInForLoop
ps_python_try_adding,CheckingInForLoop,IfCheckingInForLoop
ps_python_try_adding,CheckingInForLoop,IfElifElseCheckingInForLoop
ps_python_try_adding,CheckingInWhileLoop,IfElifElseCheckingInWhileLoop
ps_python_try_adding,CheckingInWhileLoop,IfCheckingInWhileLoop
ps_python_try_adding,CheckingInWhileLoop,IfElseCheckingInWhileLoop
ps_python_try_adding,CheckingInWhileLoop,IfElifCheckingInWhileLoop
ps_python_try_adding,ManagingVariable,SwappingVariablesValue
ps_python_try_adding,HandlingObjectOrientedProgramming,DefiningOOPMethod
ps_python_try_adding,HandlingFunctionCallingFunction,DefiningFunctionCallingFunction
ps_python_try_adding,HandlingStandardFunction,CallingStandardFunction
ps_python_try_adding,HandlingStandardFunction,DefiningStandardFunction
ps_python_try_adding,NonNestedIteration,SingleWhileLoopIteration
ps_python_try_adding,WhileLoopWithUpdate,WhileLoopWithListIndexing
ps_python_try_adding,WhileLoopWithUpdate,WhileLoopWith*=
ps_python_try_adding,WhileLoopWithUpdate,WhileLoopWith+=
ps_python_try_adding,ForLoopWithUpdate,ForLoopWith+=
ps_python_try_adding,ForLoopWithUpdate,ForLoopWith*=
ps_python_try_adding,ForLoopWithUpdate,ForLoopWithListIndexing
ps_python_try_adding,NestedLoopIteration,MixedNestedLoopIteration
ps_python_try_adding,NestedLoopIteration,NestedForLoopIteration
ps_python_try_adding,NestedLoopIteration,NestedWhileLoopIteration
ps_python_try_adding,ArithmeticOperation,FindAbsolute
ps_python_try_adding,ArithmeticOperation,FindRemainder
ps_python_try_adding,ArithmeticOperation,FindMaximum
ps_python_try_adding,ArithmeticOperation,Addition
ps_python_try_adding,ArithmeticOperation,Round
ps_python_try_adding,ArithmeticOperation,Power
ps_python_try_adding,ArithmeticOperation,FindMinimum
ps_python_try_adding,ArithmeticOperation,Substraction
ps_python_try_adding,ArithmeticOperation,Division
ps_python_try_adding,ArithmeticOperation,Multiplication
ps_python_try_adding,HandlingInteger,TransformingToIntType
ps_python_try_adding,HandlingTuple,CreatingTuple
ps_python_class_point,HandlingAdvancedDataStructure,BinaryTreeTask
ps_python_class_point,HandlingAdvancedDataStructure,LinkedListTask
ps_python_class_point,HandlingAdvancedDataStructure,QueueTask
ps_python_class_point,HandlingAdvancedDataStructure,StackTask
ps_python_class_point,TwoDimensionalArrayTask,ReplacingElement2DArray
ps_python_class_point,TwoDimensionalArrayTask,Indexing2DArray
ps_python_class_point,TwoDimensionalArrayTask,Create2DArray
ps_python_class_point,HandlingObjectOrientedProgramming,CallingOOPMethod
ps_python_class_point,HandlingFunctionCallingFunction,DefiningFunctionCallingFunction
ps_python_class_point,NonNestedIteration,SingleWhileLoopIteration
ps_python_class_point,WhileLoopWithUpdate,WhileLoopWithListIndexing
ps_python_class_point,WhileLoopWithUpdate,WhileLoopWith*=
ps_python_class_point,WhileLoopWithUpdate,WhileLoopWith+=
ps_python_class_point,ForLoopWithUpdate,ForLoopWith+=
ps_python_class_point,ForLoopWithUpdate,ForLoopWith*=
ps_python_class_point,ForLoopWithUpdate,ForLoopWithListIndexing
ps_python_class_point,NestedLoopIteration,MixedNestedLoopIteration
ps_python_class_point,NestedLoopIteration,NestedForLoopIteration
ps_python_class_point,NestedLoopIteration,NestedWhileLoopIteration
ps_python_class_point,ArithmeticOperation,FindAbsolute
ps_python_class_point,ArithmeticOperation,FindRemainder
ps_python_class_point,ArithmeticOperation,FindMaximum
ps_python_class_point,ArithmeticOperation,Addition
ps_python_class_point,ArithmeticOperation,Round
ps_python_class_point,ArithmeticOperation,Power
ps_python_class_point,ArithmeticOperation,FindMinimum
ps_python_class_point,ArithmeticOperation,Substraction
ps_python_class_point,ArithmeticOperation,Division
ps_python_class_point,ArithmeticOperation,Multiplication
ps_python_class_point,HandlingInteger,TransformingToIntType
ps_python_class_point,HandlingTuple,CreatingTuple
ps_python_class_point,HandlingTuple,SlicingTuple
ps_python_class_point,HandlingTuple,IndexingTuple
ps_python_class_point,HandlingFloat,TransformingToFloatType
ps_python_class_point,HandlingDictionary,ReplacingDictionaryElement
ps_python_class_point,HandlingDictionary,IndexingDictionary
ps_python_class_point,HandlingDictionary,AddingItemToDictionary
ps_python_class_point,HandlingDictionary,AccessingDictionary
ps_python_class_point,HandlingDictionary,CreatingDictionary
ps_python_class_point,HandlingList,DeletingListElement
ps_python_class_point,HandlingList,IndexingList
ps_python_class_point,HandlingList,CreatingList
ps_python_class_point,HandlingList,SlicingList
ps_python_class_point,HandlingList,ReplacingListElement
ps_python_class_point,HandlingList,ListReferencing
ps_python_class_point,HandlingList,ReversingList
ps_python_class_point,AddingListElement,AddingListElementWithInsert
ps_python_class_point,AddingListElement,AddingListElementWithAppend
ps_python_class_point,HandlingFile,ClosingFile
ps_python_class_point,HandlingFile,ReadingLine
ps_python_class_point,HandlingFile,OpeningFile
ps_python_class_point,HandlingString,CreatingString
ps_python_class_point,HandlingString,ReplacingStringContent
ps_python_class_point,HandlingString,FormattingString
ps_python_class_point,HandlingString,TransformingToStringType
ps_python_class_point,HandlingString,SplittingString
ps_python_2d_list,HandlingAdvancedDataStructure,BinaryTreeTask
ps_python_2d_list,HandlingAdvancedDataStructure,LinkedListTask
ps_python_2d_list,HandlingAdvancedDataStructure,QueueTask
ps_python_2d_list,HandlingAdvancedDataStructure,StackTask
ps_python_2d_list,NestedLoopIteration,MixedNestedLoopIteration
ps_python_2d_list,NestedLoopIteration,NestedWhileLoopIteration
ps_python_nested_loops,NonNestedIteration,SingleWhileLoopIteration
ps_python_nested_loops,WhileLoopWithUpdate,WhileLoopWithListIndexing
ps_python_nested_loops,WhileLoopWithUpdate,WhileLoopWith*=
ps_python_nested_loops,WhileLoopWithUpdate,WhileLoopWith+=
ps_python_nested_loops,ForLoopWithUpdate,ForLoopWith+=
ps_python_nested_loops,ForLoopWithUpdate,ForLoopWith*=
ps_python_nested_loops,ForLoopWithUpdate,ForLoopWithListIndexing
ps_python_nested_loops,NestedLoopIteration,MixedNestedLoopIteration
ps_python_nested_loops,NestedLoopIteration,NestedForLoopIteration
ps_python_nested_loops,NestedLoopIteration,NestedWhileLoopIteration
ps_python_nested_loops,ArithmeticOperation,FindAbsolute
ps_python_nested_loops,ArithmeticOperation,FindRemainder
ps_python_nested_loops,ArithmeticOperation,FindMaximum
ps_python_nested_loops,ArithmeticOperation,Addition
ps_python_nested_loops,ArithmeticOperation,Round
ps_python_nested_loops,ArithmeticOperation,Power
ps_python_nested_loops,ArithmeticOperation,FindMinimum
ps_python_nested_loops,ArithmeticOperation,Substraction
ps_python_nested_loops,ArithmeticOperation,Division
ps_python_nested_loops,ArithmeticOperation,Multiplication
ps_python_nested_loops,HandlingInteger,TransformingToIntType
ps_python_nested_loops,HandlingTuple,CreatingTuple
ps_python_nested_loops,HandlingString,TrimmingString
ps_python_nested_loops,HandlingString,IndexingString
ps_python_nested_loops,HandlingString,SlicingString
ps_python_nested_loops,ModifyingStringCase,ConvertStringToUpperCase
ps_python_nested_loops,ModifyingStringCase,ConvertStringToLowerCase
ps_python_nested_loops,ModifyingStringCase,CapitalizeString
ps_python_nested_loops,HandlingError,HandlingSpecificError
ps_python_nested_loops,HandlingError,HandlingGeneralError
