exercise_name,parent,leaf_class
py_fail_course,Python,Concatenation
py_fail_course,Python,Importing
py_fail_course,Python,FindingLength
py_fail_course,Python,Printing
py_fail_course,Python,CheckingForItem
py_fail_course,Python,HandlingInput
py_fail_course,CheckingCondition,IfElseChecking
py_fail_course,CheckingCondition,AssertChecking
py_fail_course,CheckingCondition,IfElifElseChecking
py_fail_course,CheckingCondition,NestedIfChecking
py_fail_course,CheckingCondition,IfChecking
py_fail_course,CheckingCondition,IfElifChecking
py_fail_course,CheckingCondition,BooleanEvaluating
py_fail_course,CheckingInForLoop,IfElseCheckingInForLoop
py_fail_course,CheckingInForLoop,IfElifCheckingInForLoop
py_fail_course,CheckingInForLoop,IfCheckingInForLoop
py_fail_course,CheckingInForLoop,IfElifElseCheckingInForLoop
py_fail_course,CheckingInWhileLoop,IfElifElseCheckingInWhileLoop
py_fail_course,CheckingInWhileLoop,IfCheckingInWhileLoop
py_fail_course,CheckingInWhileLoop,IfElseCheckingInWhileLoop
py_fail_course,CheckingInWhileLoop,IfElifCheckingInWhileLoop
py_fail_course,ManagingVariable,SwappingVariablesValue
py_fail_course,HandlingObjectOrientedProgramming,DefiningOOPMethod
py_fail_course2,HandlingTuple,SlicingTuple
py_fail_course2,HandlingTuple,IndexingTuple
py_fail_course2,HandlingFloat,TransformingToFloatType
py_fail_course2,HandlingDictionary,ReplacingDictionaryElement
py_fail_course2,HandlingDictionary,IndexingDictionary
py_fail_course2,HandlingDictionary,AddingItemToDictionary
py_fail_course2,HandlingDictionary,AccessingDictionary
py_fail_course2,HandlingDictionary,CreatingDictionary
py_fail_course2,HandlingList,DeletingListElement
py_fail_course2,HandlingList,IndexingList
py_fail_course2,HandlingList,CreatingList
py_fail_course2,HandlingList,SlicingList
py_fail_course2,HandlingList,ReplacingListElement
py_fail_course2,HandlingList,ListReferencing
py_fail_course2,HandlingList,ReversingList
py_fail_course2,AddingListElement,AddingListElementWithInsert
py_fail_course2,AddingListElement,AddingListElementWithAppend
py_fail_course2,HandlingFile,ClosingFile
py_fail_course2,HandlingFile,ReadingLine
py_fail_course2,HandlingFile,OpeningFile
py_fail_course2,HandlingString,CreatingString
py_fail_course2,HandlingString,ReplacingStringContent
py_fail_course2,HandlingString,FormattingString
py_fail_course2,HandlingString,TransformingToStringType
py_fail_course2,HandlingString,SplittingString
py_fail_course3,ManagingVariable,AssigningVariable
py_fail_course3,ManagingVariable,UpdatingVariable
py_fail_course3,HandlingAdvancedDataStructure,BinaryTreeTask
py_fail_course3,HandlingAdvancedDataStructure,LinkedListTask
py_fail_course3,HandlingAdvancedDataStructure,QueueTask
py_fail_course3,HandlingAdvancedDataStructure,StackTask
py_fail_course3,TwoDimensionalArrayTask,ReplacingElement2DArray
py_fail_course3,TwoDimensionalArrayTask,Indexing2DArray
py_fail_course3,TwoDimensionalArrayTask,Create2DArray
py_fail_course3,HandlingObjectOrientedProgramming,CallingOOPMethod
py_fail_course3,HandlingObjectOrientedProgramming,CreatingObject
py_fail_course3,HandlingObjectOrientedProgramming,DefiningClass
py_fail_course3,HandlingObjectOrientedProgramming,DefiningOOPMethod
py_fail_course3,HandlingFunction,CallingFunctionLibrary
py_fail_course3,HandlingFunction,NestedFunctionCall
py_fail_course3,HandlingFunctionCallingFunction,CallingFunctionCallingFunction
py_fail_course3,HandlingFunctionCallingFunction,DefiningFunctionCallingFunction
py_fail_course3,HandlingRecursiveFunction,CallingRecursiveFunction
py_fail_course3,HandlingRecursiveFunction,DefiningRecursiveFunction
py_fail_course3,HandlingNestedFunction,CallingNestedFunction
py_fail_course3,HandlingNestedFunction,DefiningNestedFunction
py_fail_course3,HandlingStandardFunction,CallingStandardFunction
py_fail_course3,HandlingStandardFunction,DefiningStandardFunction
py_fail_course3,NonNestedIteration,SingleForLoopIteration
py_fail_course3,ArithmeticOperation,FindAbsolute
py_fail_course3,HandlingTuple,SlicingTuple
py_fail_course3,HandlingTuple,IndexingTuple
py_fail_course3,HandlingFloat,TransformingToFloatType
py_fail_course3,HandlingDictionary,ReplacingDictionaryElement
py_fail_course3,HandlingDictionary,IndexingDictionary
py_fail_course3,HandlingDictionary,AddingItemToDictionary
py_fail_course3,HandlingDictionary,AccessingDictionary
py_fail_course3,HandlingDictionary,CreatingDictionary
py_fail_course3,HandlingList,DeletingListElement
py_fail_course3,HandlingList,IndexingList
py_fail_course3,HandlingList,CreatingList
py_fail_course3,HandlingList,SlicingList
py_fail_course3,HandlingList,ReplacingListElement
py_fail_course3,HandlingList,ListReferencing
py_fail_course3,HandlingList,ReversingList
py_fail_course3,AddingListElement,AddingListElementWithInsert
py_fail_course3,AddingListElement,AddingListElementWithAppend
py_fail_course3,HandlingFile,ClosingFile
py_fail_course3,HandlingFile,ReadingLine
py_fail_course3,HandlingFile,OpeningFile
py_fail_course3,HandlingString,CreatingString
py_fail_course3,HandlingString,ReplacingStringContent
py_fail_course3,HandlingString,FormattingString
py_fail_course3,HandlingString,TransformingToStringType
py_fail_course3,HandlingString,SplittingString
py_phone_age2,Python,Concatenation
py_phone_age2,Python,Importing
py_phone_age2,Python,FindingLength
py_phone_age2,Python,Printing
py_phone_age2,Python,CheckingForItem
py_phone_age2,Python,HandlingInput
py_phone_age2,CheckingCondition,IfElseChecking
py_phone_age2,CheckingCondition,AssertChecking
py_phone_age2,CheckingCondition,IfElifElseChecking
py_phone_age2,CheckingCondition,NestedIfChecking
py_phone_age2,CheckingCondition,IfChecking
py_phone_age2,CheckingCondition,IfElifChecking
py_phone_age2,CheckingCondition,BooleanEvaluating
py_phone_age2,CheckingInForLoop,IfElseCheckingInForLoop
py_phone_age2,CheckingInForLoop,IfElifCheckingInForLoop
py_phone_age2,CheckingInForLoop,IfCheckingInForLoop
py_phone_age2,CheckingInForLoop,IfElifElseCheckingInForLoop
py_phone_age2,CheckingInWhileLoop,IfElifElseCheckingInWhileLoop
py_phone_age2,CheckingInWhileLoop,IfCheckingInWhileLoop
py_phone_age2,CheckingInWhileLoop,IfElseCheckingInWhileLoop
py_phone_age2,CheckingInWhileLoop,IfElifCheckingInWhileLoop
py_phone_age2,ManagingVariable,SwappingVariablesValue
py_phone_age2,HandlingAdvancedDataStructure,BinaryTreeTask
py_phone_age2,HandlingAdvancedDataStructure,LinkedListTask
py_phone_age2,HandlingAdvancedDataStructure,QueueTask
py_phone_age2,HandlingAdvancedDataStructure,StackTask
py_phone_age2,TwoDimensionalArrayTask,ReplacingElement2DArray
py_phone_age2,TwoDimensionalArrayTask,Indexing2DArray
py_phone_age2,TwoDimensionalArrayTask,Create2DArray
py_phone_age2,HandlingObjectOrientedProgramming,CallingOOPMethod
py_phone_age2,HandlingObjectOrientedProgramming,CreatingObject
py_phone_age2,HandlingObjectOrientedProgramming,DefiningClass
py_phone_age2,HandlingObjectOrientedProgramming,DefiningOOPMethod
py_phone_age2,HandlingTuple,SlicingTuple
py_phone_age2,HandlingTuple,IndexingTuple
py_phone_age2,HandlingFloat,TransformingToFloatType
py_phone_age2,HandlingDictionary,ReplacingDictionaryElement
py_phone_age2,HandlingDictionary,IndexingDictionary
py_phone_age2,HandlingDictionary,AddingItemToDictionary
py_phone_age2,HandlingDictionary,AccessingDictionary
py_phone_age2,HandlingDictionary,CreatingDictionary
py_phone_age2,HandlingList,DeletingListElement
py_phone_age2,HandlingList,IndexingList
py_phone_age2,HandlingList,CreatingList
py_phone_age2,HandlingList,SlicingList
py_phone_age2,HandlingList,ReplacingListElement
py_phone_age2,HandlingList,ListReferencing
py_phone_age2,HandlingList,ReversingList
py_phone_age2,AddingListElement,AddingListElementWithInsert
py_phone_age2,AddingListElement,AddingListElementWithAppend
py_phone_age2,HandlingFile,ClosingFile
py_phone_age2,HandlingFile,ReadingLine
py_phone_age2,HandlingFile,OpeningFile
py_phone_age2,HandlingString,CreatingString
py_phone_age2,HandlingString,ReplacingStringContent
py_phone_age2,HandlingString,FormattingString
py_phone_age2,HandlingString,TransformingToStringType
py_phone_age2,HandlingString,SplittingString
py_rent_car,HandlingList,SlicingList
py_rent_car,HandlingString,ReplacingStringContent
py_rent_car2,Python,Concatenation
py_rent_car2,Python,Importing
py_rent_car2,Python,FindingLength
py_rent_car2,Python,Printing
py_rent_car2,Python,CheckingForItem
py_rent_car2,Python,HandlingInput
py_rent_car2,CheckingCondition,IfElseChecking
py_rent_car2,CheckingCondition,AssertChecking
py_rent_car2,CheckingCondition,IfElifElseChecking
py_rent_car2,CheckingCondition,NestedIfChecking
py_rent_car2,CheckingCondition,IfChecking
py_rent_car2,CheckingCondition,IfElifChecking
py_rent_car2,CheckingCondition,BooleanEvaluating
py_rent_car2,CheckingInForLoop,IfElseCheckingInForLoop
py_rent_car2,CheckingInForLoop,IfElifCheckingInForLoop
py_rent_car2,CheckingInForLoop,IfCheckingInForLoop
py_rent_car2,CheckingInForLoop,IfElifElseCheckingInForLoop
py_rent_car2,CheckingInWhileLoop,IfElifElseCheckingInWhileLoop
py_rent_car2,CheckingInWhileLoop,IfCheckingInWhileLoop
py_rent_car2,CheckingInWhileLoop,IfElseCheckingInWhileLoop
py_rent_car2,CheckingInWhileLoop,IfElifCheckingInWhileLoop
py_rent_car2,ManagingVariable,SwappingVariablesValue
py_rent_car2,HandlingAdvancedDataStructure,BinaryTreeTask
py_rent_car2,HandlingAdvancedDataStructure,LinkedListTask
py_rent_car2,HandlingAdvancedDataStructure,QueueTask
py_rent_car2,HandlingAdvancedDataStructure,StackTask
py_rent_car2,TwoDimensionalArrayTask,ReplacingElement2DArray
py_rent_car2,TwoDimensionalArrayTask,Indexing2DArray
py_rent_car2,TwoDimensionalArrayTask,Create2DArray
py_rent_car2,HandlingObjectOrientedProgramming,CallingOOPMethod
py_rent_car2,HandlingObjectOrientedProgramming,CreatingObject
py_rent_car2,HandlingObjectOrientedProgramming,DefiningClass
py_rent_car2,HandlingObjectOrientedProgramming,DefiningOOPMethod
py_rent_car3,ManagingVariable,AssigningVariable
py_rent_car3,ManagingVariable,UpdatingVariable
py_rent_car3,HandlingAdvancedDataStructure,BinaryTreeTask
py_rent_car3,HandlingAdvancedDataStructure,LinkedListTask
py_rent_car3,HandlingAdvancedDataStructure,QueueTask
py_rent_car3,HandlingAdvancedDataStructure,StackTask
py_rent_car3,TwoDimensionalArrayTask,ReplacingElement2DArray
py_rent_car3,TwoDimensionalArrayTask,Indexing2DArray
py_rent_car3,TwoDimensionalArrayTask,Create2DArray
py_rent_car3,HandlingObjectOrientedProgramming,CallingOOPMethod
py_rent_car3,HandlingObjectOrientedProgramming,CreatingObject
py_rent_car3,HandlingObjectOrientedProgramming,DefiningClass
py_rent_car3,HandlingObjectOrientedProgramming,DefiningOOPMethod
py_rent_car3,HandlingFunction,CallingFunctionLibrary
py_rent_car3,HandlingFunction,NestedFunctionCall
py_rent_car3,HandlingFunctionCallingFunction,CallingFunctionCallingFunction
py_rent_car3,HandlingFunctionCallingFunction,DefiningFunctionCallingFunction
py_rent_car3,HandlingRecursiveFunction,CallingRecursiveFunction
py_rent_car3,HandlingRecursiveFunction,DefiningRecursiveFunction
py_rent_car3,HandlingNestedFunction,CallingNestedFunction
py_rent_car3,HandlingNestedFunction,DefiningNestedFunction
py_rent_car3,HandlingStandardFunction,CallingStandardFunction
py_rent_car3,HandlingStandardFunction,DefiningStandardFunction
py_rent_car3,NonNestedIteration,SingleForLoopIteration
py_rent_car3,NonNestedIteration,SingleWhileLoopIteration
py_rent_car3,WhileLoopWithUpdate,WhileLoopWithListIndexing
py_rent_car3,WhileLoopWithUpdate,WhileLoopWith*=
py_rent_car3,WhileLoopWithUpdate,WhileLoopWith+=
py_rent_car3,ForLoopWithUpdate,ForLoopWith+=
py_rent_car3,ForLoopWithUpdate,ForLoopWith*=
py_rent_car3,ForLoopWithUpdate,ForLoopWithListIndexing
py_rent_car3,NestedLoopIteration,MixedNestedLoopIteration
py_rent_car3,NestedLoopIteration,NestedForLoopIteration
py_rent_car3,NestedLoopIteration,NestedWhileLoopIteration
py_rent_car3,ArithmeticOperation,FindAbsolute
py_rent_car3,ArithmeticOperation,FindRemainder
py_rent_car3,ArithmeticOperation,FindMaximum
py_rent_car3,ArithmeticOperation,Addition
py_rent_car3,ArithmeticOperation,Round
py_rent_car3,ArithmeticOperation,Power
py_rent_car3,ArithmeticOperation,FindMinimum
py_rent_car3,ArithmeticOperation,Substraction
py_rent_car3,ArithmeticOperation,Division
py_rent_car3,ArithmeticOperation,Multiplication
py_rent_car3,HandlingInteger,TransformingToIntType
py_rent_car3,HandlingTuple,CreatingTuple
py_check_age,ArithmeticOperation,FindAbsolute
py_check_age,HandlingString,TrimmingString
py_check_age,HandlingString,IndexingString
py_check_age,HandlingString,SlicingString
py_check_age,ModifyingStringCase,ConvertStringToUpperCase
py_check_age,ModifyingStringCase,ConvertStringToLowerCase
py_check_age,ModifyingStringCase,CapitalizeString
py_check_age,HandlingError,HandlingSpecificError
py_check_age,HandlingError,HandlingGeneralError
py_check_age2,HandlingFunctionCallingFunction,DefiningFunctionCallingFunction
py_check_age2,ArithmeticOperation,FindAbsolute
py_check_age2,HandlingTuple,SlicingTuple
py_check_age2,HandlingTuple,IndexingTuple
py_check_age2,HandlingFloat,TransformingToFloatType
py_check_age2,HandlingDictionary,ReplacingDictionaryElement
py_check_age2,HandlingDictionary,IndexingDictionary
py_check_age2,HandlingDictionary,AddingItemToDictionary
py_check_age2,HandlingDictionary,AccessingDictionary
py_check_age2,HandlingDictionary,CreatingDictionary
py_check_age2,HandlingList,DeletingListElement
py_check_age2,HandlingList,IndexingList
py_check_age2,HandlingList,CreatingList
py_check_age2,HandlingList,SlicingList
py_check_age2,HandlingList,ReplacingListElement
py_check_age2,HandlingList,ListReferencing
py_check_age2,HandlingList,ReversingList
py_check_age2,AddingListElement,AddingListElementWithInsert
py_check_age2,AddingListElement,AddingListElementWithAppend
py_check_age2,HandlingFile,ClosingFile
py_check_age2,HandlingFile,ReadingLine
py_check_age2,HandlingFile,OpeningFile
py_check_age2,HandlingString,CreatingString
py_check_age2,HandlingString,ReplacingStringContent
py_check_age2,HandlingString,FormattingString
py_check_age2,HandlingString,TransformingToStringType
py_check_age2,HandlingString,SplittingString
py_three_boolean,HandlingTuple,SlicingTuple
py_three_boolean,HandlingTuple,IndexingTuple
py_three_boolean,HandlingFloat,TransformingToFloatType
py_three_boolean,HandlingDictionary,ReplacingDictionaryElement
py_three_boolean,HandlingDictionary,IndexingDictionary
py_three_boolean,HandlingDictionary,AddingItemToDictionary
py_three_boolean,HandlingDictionary,AccessingDictionary
py_three_boolean,HandlingDictionary,CreatingDictionary
py_three_boolean,HandlingList,DeletingListElement
py_three_boolean,HandlingList,IndexingList
py_three_boolean,HandlingList,CreatingList
py_three_boolean,HandlingList,SlicingList
py_three_boolean,HandlingList,ReplacingListElement
py_three_boolean,HandlingList,ListReferencing
py_three_boolean,HandlingList,ReversingList
py_three_boolean,AddingListElement,AddingListElementWithInsert
py_three_boolean,AddingListElement,AddingListElementWithAppend
py_three_boolean,HandlingFile,ClosingFile
py_three_boolean,HandlingFile,ReadingLine
py_three_boolean,HandlingFile,OpeningFile
py_three_boolean,HandlingString,CreatingString
py_three_boolean,HandlingString,ReplacingStringContent
py_three_boolean,HandlingString,FormattingString
py_three_boolean,HandlingString,TransformingToStringType
py_three_boolean,HandlingString,SplittingString
py_three_boolean2,HandlingAdvancedDataStructure,BinaryTreeTask
py_three_boolean2,HandlingAdvancedDataStructure,LinkedListTask
py_three_boolean2,HandlingAdvancedDataStructure,QueueTask
py_three_boolean2,HandlingAdvancedDataStructure,StackTask
py_three_boolean2,TwoDimensionalArrayTask,ReplacingElement2DArray
py_three_boolean2,TwoDimensionalArrayTask,Indexing2DArray
py_three_boolean2,TwoDimensionalArrayTask,Create2DArray
py_three_boolean2,HandlingObjectOrientedProgramming,CallingOOPMethod
py_three_boolean2,HandlingObjectOrientedProgramming,CreatingObject
py_three_boolean2,HandlingObjectOrientedProgramming,DefiningClass
py_three_boolean2,HandlingObjectOrientedProgramming,DefiningOOPMethod
py_three_boolean2,NonNestedIteration,SingleWhileLoopIteration
py_three_boolean2,WhileLoopWithUpdate,WhileLoopWithListIndexing
py_three_boolean2,WhileLoopWithUpdate,WhileLoopWith*=
py_three_boolean2,WhileLoopWithUpdate,WhileLoopWith+=
py_three_boolean2,ForLoopWithUpdate,ForLoopWith+=
py_three_boolean2,ForLoopWithUpdate,ForLoopWith*=
py_three_boolean2,ForLoopWithUpdate,ForLoopWithListIndexing
py_three_boolean2,NestedLoopIteration,MixedNestedLoopIteration
py_three_boolean2,NestedLoopIteration,NestedForLoopIteration
py_three_boolean2,NestedLoopIteration,NestedWhileLoopIteration
py_three_boolean2,ArithmeticOperation,FindAbsolute
py_three_boolean2,ArithmeticOperation,FindRemainder
py_three_boolean2,ArithmeticOperation,FindMaximum
py_three_boolean2,ArithmeticOperation,Addition
py_three_boolean2,ArithmeticOperation,Round
py_three_boolean2,ArithmeticOperation,Power
py_three_boolean2,ArithmeticOperation,FindMinimum
py_three_boolean2,ArithmeticOperation,Substraction
py_three_boolean2,ArithmeticOperation,Division
py_three_boolean2,ArithmeticOperation,Multiplication
py_three_boolean2,HandlingInteger,TransformingToIntType
py_three_boolean2,HandlingTuple,CreatingTuple
py_three_boolean2,HandlingTuple,SlicingTuple
py_three_boolean2,HandlingTuple,IndexingTuple
py_three_boolean2,HandlingFloat,TransformingToFloatType
py_three_boolean2,HandlingDictionary,ReplacingDictionaryElement
py_three_boolean2,HandlingDictionary,IndexingDictionary
py_three_boolean2,HandlingDictionary,AddingItemToDictionary
py_three_boolean2,HandlingDictionary,AccessingDictionary
py_three_boolean2,HandlingDictionary,CreatingDictionary
py_three_boolean2,HandlingList,DeletingListElement
py_three_boolean2,HandlingList,IndexingList
py_three_boolean2,HandlingList,CreatingList
py_three_boolean2,HandlingList,SlicingList
py_three_boolean2,HandlingList,ReplacingListElement
py_three_boolean2,HandlingList,ListReferencing
py_three_boolean2,HandlingList,ReversingList
py_three_boolean2,AddingListElement,AddingListElementWithInsert
py_three_boolean2,AddingListElement,AddingListElementWithAppend
py_three_boolean2,HandlingFile,ClosingFile
py_three_boolean2,HandlingFile,ReadingLine
py_three_boolean2,HandlingFile,OpeningFile
py_three_boolean2,HandlingString,CreatingString
py_three_boolean2,HandlingString,ReplacingStringContent
py_three_boolean2,HandlingString,FormattingString
py_three_boolean2,HandlingString,TransformingToStringType
py_three_boolean2,HandlingString,SplittingString
py_three_boolean3,HandlingAdvancedDataStructure,BinaryTreeTask
py_three_boolean3,HandlingAdvancedDataStructure,LinkedListTask
py_three_boolean3,HandlingAdvancedDataStructure,QueueTask
py_three_boolean3,HandlingAdvancedDataStructure,StackTask
py_three_boolean3,TwoDimensionalArrayTask,ReplacingElement2DArray
py_three_boolean3,TwoDimensionalArrayTask,Indexing2DArray
py_three_boolean3,TwoDimensionalArrayTask,Create2DArray
py_three_boolean3,HandlingObjectOrientedProgramming,DefiningOOPMethod
py_three_boolean3,HandlingFunctionCallingFunction,DefiningFunctionCallingFunction
py_boolean_dry_hot,HandlingObjectOrientedProgramming,DefiningOOPMethod
py_boolean_dry_hot2,HandlingObjectOrientedProgramming,DefiningOOPMethod
py_boolean_dry_hot2,HandlingFunction,NestedFunctionCall
py_boolean_dry_hot3,HandlingObjectOrientedProgramming,DefiningOOPMethod
py_boolean_dry_hot3,HandlingString,SplittingString
py_boolean_dry_hot4,HandlingObjectOrientedProgramming,DefiningOOPMethod
py_boolean_dry_hot4,HandlingFunction,NestedFunctionCall
py_str_repeat_chars,ManagingVariable,AssigningVariable
py_str_repeat_chars,ManagingVariable,UpdatingVariable
py_str_repeat_chars,HandlingAdvancedDataStructure,BinaryTreeTask
py_str_repeat_chars,HandlingAdvancedDataStructure,LinkedListTask
py_str_repeat_chars,HandlingAdvancedDataStructure,QueueTask
py_str_repeat_chars,HandlingAdvancedDataStructure,StackTask
py_str_repeat_chars,TwoDimensionalArrayTask,ReplacingElement2DArray
py_str_repeat_chars,TwoDimensionalArrayTask,Indexing2DArray
py_str_repeat_chars,TwoDimensionalArrayTask,Create2DArray
py_str_repeat_chars,HandlingObjectOrientedProgramming,CallingOOPMethod
py_str_repeat_chars,HandlingObjectOrientedProgramming,CreatingObject
py_str_repeat_chars,HandlingObjectOrientedProgramming,DefiningClass
py_str_repeat_chars,HandlingObjectOrientedProgramming,DefiningOOPMethod
py_str_repeat_chars,HandlingFunction,CallingFunctionLibrary
py_str_repeat_chars,HandlingFunction,NestedFunctionCall
py_str_repeat_chars,HandlingFunctionCallingFunction,CallingFunctionCallingFunction
py_str_repeat_chars,HandlingFunctionCallingFunction,DefiningFunctionCallingFunction
py_str_repeat_chars,HandlingRecursiveFunction,CallingRecursiveFunction
py_str_repeat_chars,HandlingRecursiveFunction,DefiningRecursiveFunction
py_str_repeat_chars,HandlingNestedFunction,CallingNestedFunction
py_str_repeat_chars,HandlingNestedFunction,DefiningNestedFunction
py_str_repeat_chars,HandlingStandardFunction,CallingStandardFunction
py_str_repeat_chars,HandlingStandardFunction,DefiningStandardFunction
py_str_repeat_chars,NonNestedIteration,SingleForLoopIteration
py_str_repeat2,HandlingObjectOrientedProgramming,DefiningOOPMethod
py_str_repeat2,HandlingFunctionCallingFunction,DefiningFunctionCallingFunction
py_str_repeat2,HandlingStandardFunction,CallingStandardFunction
py_str_repeat2,HandlingStandardFunction,DefiningStandardFunction
py_str_repeat2,NonNestedIteration,SingleWhileLoopIteration
py_str_repeat2,ArithmeticOperation,FindAbsolute
py_str_repeat2,ArithmeticOperation,FindRemainder
py_str_repeat2,ArithmeticOperation,FindMaximum
py_str_repeat2,ArithmeticOperation,Addition
py_str_repeat2,ArithmeticOperation,Round
py_str_repeat2,ArithmeticOperation,Power
py_str_repeat2,ArithmeticOperation,FindMinimum
py_str_repeat2,ArithmeticOperation,Substraction
py_str_repeat2,ArithmeticOperation,Division
py_str_repeat2,HandlingString,SplittingString
py_file_input_stat,HandlingAdvancedDataStructure,BinaryTreeTask
py_file_input_stat,HandlingAdvancedDataStructure,LinkedListTask
py_file_input_stat,HandlingAdvancedDataStructure,QueueTask
py_file_input_stat,HandlingAdvancedDataStructure,StackTask
py_file_input_stat,TwoDimensionalArrayTask,ReplacingElement2DArray
py_file_input_stat,TwoDimensionalArrayTask,Indexing2DArray
py_file_input_stat,TwoDimensionalArrayTask,Create2DArray
py_file_input_stat,HandlingObjectOrientedProgramming,CreatingObject
py_file_input_stat,HandlingObjectOrientedProgramming,DefiningClass
py_file_input_stat,HandlingObjectOrientedProgramming,DefiningOOPMethod
py_file_input_stat,HandlingFunctionCallingFunction,CallingFunctionCallingFunction
py_file_input_stat,HandlingFunctionCallingFunction,DefiningFunctionCallingFunction
py_file_input_stat,HandlingRecursiveFunction,CallingRecursiveFunction
py_file_input_stat,HandlingRecursiveFunction,DefiningRecursiveFunction
py_file_input_stat,HandlingNestedFunction,CallingNestedFunction
py_file_input_stat,HandlingNestedFunction,DefiningNestedFunction
py_file_input_stat,HandlingStandardFunction,CallingStandardFunction
py_file_input_stat,HandlingDictionary,IndexingDictionary
py_file_input_stat,HandlingList,SlicingList
py_input_stat2,ManagingVariable,AssigningVariable
py_input_stat2,ManagingVariable,UpdatingVariable
py_input_stat2,HandlingAdvancedDataStructure,BinaryTreeTask
py_input_stat2,HandlingAdvancedDataStructure,LinkedListTask
py_input_stat2,HandlingAdvancedDataStructure,QueueTask
py_input_stat2,HandlingAdvancedDataStructure,StackTask
py_input_stat2,TwoDimensionalArrayTask,ReplacingElement2DArray
py_input_stat2,TwoDimensionalArrayTask,Indexing2DArray
py_input_stat2,TwoDimensionalArrayTask,Create2DArray
py_input_stat2,HandlingObjectOrientedProgramming,CallingOOPMethod
py_input_stat2,HandlingObjectOrientedProgramming,CreatingObject
py_input_stat2,HandlingObjectOrientedProgramming,DefiningClass
py_input_stat2,HandlingObjectOrientedProgramming,DefiningOOPMethod
py_input_stat2,HandlingFunction,CallingFunctionLibrary
py_input_stat2,HandlingFunction,NestedFunctionCall
py_input_stat2,HandlingFunctionCallingFunction,CallingFunctionCallingFunction
py_input_stat2,HandlingFunctionCallingFunction,DefiningFunctionCallingFunction
py_input_stat2,HandlingRecursiveFunction,CallingRecursiveFunction
py_input_stat2,HandlingRecursiveFunction,DefiningRecursiveFunction
py_input_stat2,HandlingNestedFunction,CallingNestedFunction
py_input_stat2,HandlingNestedFunction,DefiningNestedFunction
py_input_stat2,HandlingStandardFunction,CallingStandardFunction
py_input_stat2,HandlingStandardFunction,DefiningStandardFunction
py_input_stat2,NonNestedIteration,SingleForLoopIteration
py_input_stat2,WhileLoopWithUpdate,WhileLoopWith*=
py_input_stat2,ForLoopWithUpdate,ForLoopWith+=
py_input_stat2,ForLoopWithUpdate,ForLoopWith*=
py_input_stat2,ForLoopWithUpdate,ForLoopWithListIndexing
py_input_stat2,NestedLoopIteration,MixedNestedLoopIteration
py_input_stat2,NestedLoopIteration,NestedWhileLoopIteration
py_input_stat2,ArithmeticOperation,FindAbsolute
py_input_stat2,ArithmeticOperation,FindRemainder
py_input_stat2,ArithmeticOperation,Round
py_input_stat2,ArithmeticOperation,Power
py_input_stat2,ArithmeticOperation,FindMinimum
py_input_stat2,ArithmeticOperation,Substraction
py_input_stat2,ArithmeticOperation,Division
py_input_stat2,ArithmeticOperation,Multiplication
py_input_stat2,HandlingString,TrimmingString
py_input_stat2,HandlingString,IndexingString
py_input_stat2,HandlingString,SlicingString
py_input_stat2,ModifyingStringCase,ConvertStringToUpperCase
py_input_stat2,ModifyingStringCase,ConvertStringToLowerCase
py_input_stat2,ModifyingStringCase,CapitalizeString
py_input_stat2,HandlingError,HandlingSpecificError
py_input_stat2,HandlingError,HandlingGeneralError
py_student_score,ManagingVariable,AssigningVariable
py_student_score,ManagingVariable,UpdatingVariable
py_student_score,HandlingAdvancedDataStructure,BinaryTreeTask
py_student_score,HandlingAdvancedDataStructure,LinkedListTask
py_student_score,HandlingAdvancedDataStructure,QueueTask
py_student_score,HandlingAdvancedDataStructure,StackTask
py_student_score,TwoDimensionalArrayTask,ReplacingElement2DArray
py_student_score,TwoDimensionalArrayTask,Indexing2DArray
py_student_score,TwoDimensionalArrayTask,Create2DArray
py_student_score,HandlingObjectOrientedProgramming,CallingOOPMethod
py_student_score,HandlingObjectOrientedProgramming,CreatingObject
py_student_score,HandlingObjectOrientedProgramming,DefiningClass
py_student_score,HandlingObjectOrientedProgramming,DefiningOOPMethod
py_student_score,HandlingFunction,CallingFunctionLibrary
py_student_score,HandlingFunction,NestedFunctionCall
py_student_score,HandlingFunctionCallingFunction,CallingFunctionCallingFunction
py_student_score,HandlingFunctionCallingFunction,DefiningFunctionCallingFunction
py_student_score,HandlingRecursiveFunction,CallingRecursiveFunction
py_student_score,HandlingRecursiveFunction,DefiningRecursiveFunction
py_student_score,HandlingNestedFunction,CallingNestedFunction
py_student_score,HandlingNestedFunction,DefiningNestedFunction
py_student_score,HandlingStandardFunction,CallingStandardFunction
py_student_score,HandlingStandardFunction,DefiningStandardFunction
py_student_score,NonNestedIteration,SingleForLoopIteration
py_student_score,HandlingDictionary,IndexingDictionary
py_student_score,HandlingList,SlicingList
py_student_score,AddingListElement,AddingListElementWithAppend
py_score_dict2,NonNestedIteration,SingleWhileLoopIteration
py_score_dict2,WhileLoopWithUpdate,WhileLoopWith*=
py_score_dict2,ForLoopWithUpdate,ForLoopWith*=
py_score_dict2,NestedLoopIteration,NestedWhileLoopIteration
py_score_dict2,HandlingList,ReversingList
py_score_dict2,AddingListElement,AddingListElementWithAppend
bjects_classes_loan,ManagingVariable,AssigningVariable
bjects_classes_loan,ManagingVariable,UpdatingVariable
bjects_classes_loan,HandlingAdvancedDataStructure,BinaryTreeTask
bjects_classes_loan,HandlingAdvancedDataStructure,LinkedListTask
bjects_classes_loan,HandlingAdvancedDataStructure,QueueTask
bjects_classes_loan,HandlingAdvancedDataStructure,StackTask
bjects_classes_loan,TwoDimensionalArrayTask,ReplacingElement2DArray
bjects_classes_loan,TwoDimensionalArrayTask,Indexing2DArray
bjects_classes_loan,TwoDimensionalArrayTask,Create2DArray
bjects_classes_loan,HandlingObjectOrientedProgramming,CallingOOPMethod
bjects_classes_loan,HandlingObjectOrientedProgramming,CreatingObject
bjects_classes_loan,HandlingObjectOrientedProgramming,DefiningClass
bjects_classes_loan,HandlingObjectOrientedProgramming,DefiningOOPMethod
bjects_classes_loan,HandlingFunction,CallingFunctionLibrary
bjects_classes_loan,HandlingFunction,NestedFunctionCall
bjects_classes_loan,HandlingFunctionCallingFunction,CallingFunctionCallingFunction
bjects_classes_loan,HandlingFunctionCallingFunction,DefiningFunctionCallingFunction
bjects_classes_loan,HandlingRecursiveFunction,CallingRecursiveFunction
bjects_classes_loan,HandlingRecursiveFunction,DefiningRecursiveFunction
bjects_classes_loan,HandlingNestedFunction,CallingNestedFunction
bjects_classes_loan,HandlingNestedFunction,DefiningNestedFunction
bjects_classes_loan,HandlingStandardFunction,CallingStandardFunction
bjects_classes_loan,HandlingStandardFunction,DefiningStandardFunction
bjects_classes_loan,NonNestedIteration,SingleForLoopIteration
py_loan2,ArithmeticOperation,Round
py_tv2,HandlingAdvancedDataStructure,BinaryTreeTask
py_tv2,HandlingAdvancedDataStructure,LinkedListTask
py_tv2,HandlingAdvancedDataStructure,QueueTask
py_tv2,HandlingAdvancedDataStructure,StackTask
py_tv2,TwoDimensionalArrayTask,ReplacingElement2DArray
py_tv2,TwoDimensionalArrayTask,Indexing2DArray
py_tv2,TwoDimensionalArrayTask,Create2DArray
py_tv2,HandlingObjectOrientedProgramming,CallingOOPMethod
py_tv2,HandlingFunction,NestedFunctionCall
py_tv2,HandlingFunctionCallingFunction,CallingFunctionCallingFunction
py_tv2,HandlingFunctionCallingFunction,DefiningFunctionCallingFunction
py_tv2,HandlingRecursiveFunction,CallingRecursiveFunction
py_tv2,HandlingRecursiveFunction,DefiningRecursiveFunction
py_tv2,HandlingNestedFunction,CallingNestedFunction
py_tv2,HandlingNestedFunction,DefiningNestedFunction
py_tv2,NonNestedIteration,SingleForLoopIteration
objects_classes_point,HandlingAdvancedDataStructure,BinaryTreeTask
objects_classes_point,HandlingAdvancedDataStructure,LinkedListTask
objects_classes_point,HandlingAdvancedDataStructure,QueueTask
objects_classes_point,HandlingAdvancedDataStructure,StackTask
objects_classes_point,TwoDimensionalArrayTask,ReplacingElement2DArray
objects_classes_point,TwoDimensionalArrayTask,Indexing2DArray
objects_classes_point,TwoDimensionalArrayTask,Create2DArray
objects_classes_point,HandlingFunctionCallingFunction,CallingFunctionCallingFunction
objects_classes_point,HandlingFunctionCallingFunction,DefiningFunctionCallingFunction
objects_classes_point,HandlingRecursiveFunction,CallingRecursiveFunction
objects_classes_point,HandlingRecursiveFunction,DefiningRecursiveFunction
objects_classes_point,HandlingNestedFunction,CallingNestedFunction
objects_classes_point,HandlingNestedFunction,DefiningNestedFunction
objects_classes_point,HandlingStandardFunction,DefiningStandardFunction
objects_classes_point,NonNestedIteration,SingleForLoopIteration
objects_classes_point,HandlingTuple,SlicingTuple
objects_classes_point,HandlingTuple,IndexingTuple
objects_classes_point,HandlingFloat,TransformingToFloatType
objects_classes_point,HandlingDictionary,ReplacingDictionaryElement
objects_classes_point,HandlingDictionary,IndexingDictionary
objects_classes_point,HandlingDictionary,AddingItemToDictionary
objects_classes_point,HandlingDictionary,AccessingDictionary
objects_classes_point,HandlingDictionary,CreatingDictionary
objects_classes_point,HandlingList,DeletingListElement
objects_classes_point,HandlingList,IndexingList
objects_classes_point,HandlingList,CreatingList
objects_classes_point,HandlingList,SlicingList
objects_classes_point,HandlingList,ReplacingListElement
objects_classes_point,HandlingList,ListReferencing
objects_classes_point,HandlingList,ReversingList
objects_classes_point,AddingListElement,AddingListElementWithInsert
objects_classes_point,AddingListElement,AddingListElementWithAppend
objects_classes_point,HandlingFile,ClosingFile
objects_classes_point,HandlingFile,ReadingLine
objects_classes_point,HandlingFile,OpeningFile
objects_classes_point,HandlingString,CreatingString
objects_classes_point,HandlingString,ReplacingStringContent
objects_classes_point,HandlingString,FormattingString
objects_classes_point,HandlingString,TransformingToStringType
objects_classes_point,HandlingString,SplittingString
py_point2,HandlingAdvancedDataStructure,BinaryTreeTask
py_point2,HandlingAdvancedDataStructure,LinkedListTask
py_point2,HandlingAdvancedDataStructure,QueueTask
py_point2,HandlingAdvancedDataStructure,StackTask
py_point2,TwoDimensionalArrayTask,ReplacingElement2DArray
py_point2,TwoDimensionalArrayTask,Indexing2DArray
py_point2,TwoDimensionalArrayTask,Create2DArray
py_point2,HandlingObjectOrientedProgramming,CallingOOPMethod
py_point2,HandlingFunctionCallingFunction,CallingFunctionCallingFunction
py_point2,HandlingFunctionCallingFunction,DefiningFunctionCallingFunction
py_point2,HandlingRecursiveFunction,CallingRecursiveFunction
py_point2,HandlingRecursiveFunction,DefiningRecursiveFunction
py_point2,HandlingNestedFunction,CallingNestedFunction
py_point2,HandlingNestedFunction,DefiningNestedFunction
py_point2,NonNestedIteration,SingleForLoopIteration
py_point2,HandlingTuple,SlicingTuple
py_point2,HandlingTuple,IndexingTuple
py_point2,HandlingFloat,TransformingToFloatType
py_point2,HandlingDictionary,ReplacingDictionaryElement
py_point2,HandlingDictionary,IndexingDictionary
py_point2,HandlingDictionary,AddingItemToDictionary
py_point2,HandlingDictionary,AccessingDictionary
py_point2,HandlingDictionary,CreatingDictionary
py_point2,HandlingList,DeletingListElement
py_point2,HandlingList,IndexingList
py_point2,HandlingList,CreatingList
py_point2,HandlingList,SlicingList
py_point2,HandlingList,ReplacingListElement
py_point2,HandlingList,ListReferencing
py_point2,HandlingList,ReversingList
py_point2,AddingListElement,AddingListElementWithInsert
py_point2,AddingListElement,AddingListElementWithAppend
py_point2,HandlingFile,ClosingFile
py_point2,HandlingFile,ReadingLine
py_point2,HandlingFile,OpeningFile
py_point2,HandlingString,CreatingString
py_point2,HandlingString,ReplacingStringContent
py_point2,HandlingString,FormattingString
py_point2,HandlingString,TransformingToStringType
py_point2,HandlingString,SplittingString
py_char_dict,ManagingVariable,AssigningVariable
py_char_dict,ManagingVariable,UpdatingVariable
py_char_dict,HandlingAdvancedDataStructure,BinaryTreeTask
py_char_dict,HandlingAdvancedDataStructure,LinkedListTask
py_char_dict,HandlingAdvancedDataStructure,QueueTask
py_char_dict,HandlingAdvancedDataStructure,StackTask
py_char_dict,TwoDimensionalArrayTask,ReplacingElement2DArray
py_char_dict,TwoDimensionalArrayTask,Indexing2DArray
py_char_dict,TwoDimensionalArrayTask,Create2DArray
py_char_dict,HandlingObjectOrientedProgramming,CallingOOPMethod
py_char_dict,HandlingObjectOrientedProgramming,CreatingObject
py_char_dict,HandlingObjectOrientedProgramming,DefiningClass
py_char_dict,HandlingObjectOrientedProgramming,DefiningOOPMethod
py_char_dict,HandlingFunction,CallingFunctionLibrary
py_char_dict,HandlingFunction,NestedFunctionCall
py_char_dict,HandlingFunctionCallingFunction,CallingFunctionCallingFunction
py_char_dict,HandlingFunctionCallingFunction,DefiningFunctionCallingFunction
py_char_dict,HandlingRecursiveFunction,CallingRecursiveFunction
py_char_dict,HandlingRecursiveFunction,DefiningRecursiveFunction
py_char_dict,HandlingNestedFunction,CallingNestedFunction
py_char_dict,HandlingNestedFunction,DefiningNestedFunction
py_char_dict,HandlingStandardFunction,CallingStandardFunction
py_char_dict,HandlingStandardFunction,DefiningStandardFunction
py_char_dict,NonNestedIteration,SingleWhileLoopIteration
py_char_dict,ForLoopWithUpdate,ForLoopWith*=
py_char_dict,ArithmeticOperation,FindAbsolute
py_char_dict,HandlingList,SlicingList
py_first_char_words_dict,ManagingVariable,AssigningVariable
py_first_char_words_dict,ManagingVariable,UpdatingVariable
py_first_char_words_dict,HandlingAdvancedDataStructure,BinaryTreeTask
py_first_char_words_dict,HandlingAdvancedDataStructure,LinkedListTask
py_first_char_words_dict,HandlingAdvancedDataStructure,QueueTask
py_first_char_words_dict,HandlingAdvancedDataStructure,StackTask
py_first_char_words_dict,TwoDimensionalArrayTask,ReplacingElement2DArray
py_first_char_words_dict,TwoDimensionalArrayTask,Indexing2DArray
py_first_char_words_dict,TwoDimensionalArrayTask,Create2DArray
py_first_char_words_dict,HandlingObjectOrientedProgramming,CallingOOPMethod
py_first_char_words_dict,HandlingObjectOrientedProgramming,CreatingObject
py_first_char_words_dict,HandlingObjectOrientedProgramming,DefiningClass
py_first_char_words_dict,HandlingObjectOrientedProgramming,DefiningOOPMethod
py_first_char_words_dict,HandlingFunction,CallingFunctionLibrary
py_first_char_words_dict,HandlingFunction,NestedFunctionCall
py_first_char_words_dict,HandlingFunctionCallingFunction,CallingFunctionCallingFunction
py_first_char_words_dict,HandlingFunctionCallingFunction,DefiningFunctionCallingFunction
py_first_char_words_dict,HandlingRecursiveFunction,CallingRecursiveFunction
py_first_char_words_dict,HandlingRecursiveFunction,DefiningRecursiveFunction
py_first_char_words_dict,HandlingNestedFunction,CallingNestedFunction
py_first_char_words_dict,HandlingNestedFunction,DefiningNestedFunction
py_first_char_words_dict,HandlingStandardFunction,CallingStandardFunction
py_first_char_words_dict,HandlingStandardFunction,DefiningStandardFunction
py_first_char_words_dict,NonNestedIteration,SingleWhileLoopIteration
py_first_char_words_dict,HandlingFloat,TransformingToFloatType
py_first_char_words_dict,HandlingDictionary,ReplacingDictionaryElement
py_first_char_words_dict,HandlingList,DeletingListElement
py_first_char_words_dict,HandlingList,IndexingList
py_first_char_words_dict,HandlingList,SlicingList
py_first_char_words_dict,HandlingList,ReplacingListElement
py_first_char_words_dict,HandlingList,ListReferencing
py_first_char_words_dict,HandlingList,ReversingList
py_first_char_words_dict,AddingListElement,AddingListElementWithInsert
py_first_char_words_dict,AddingListElement,AddingListElementWithAppend
py_first_char_words_dict,HandlingFile,ClosingFile
py_first_char_words_dict,HandlingFile,ReadingLine
py_first_char_words_dict,HandlingFile,OpeningFile
py_first_char_words_dict,HandlingString,ReplacingStringContent
py_first_char_words_dict,HandlingString,FormattingString
ae_adl_hello,HandlingTuple,SlicingTuple
ae_adl_hello,HandlingTuple,IndexingTuple
ae_adl_hello,HandlingFloat,TransformingToFloatType
ae_adl_hello,HandlingDictionary,ReplacingDictionaryElement
ae_adl_hello,HandlingDictionary,IndexingDictionary
ae_adl_hello,HandlingDictionary,AddingItemToDictionary
ae_adl_hello,HandlingDictionary,AccessingDictionary
ae_adl_hello,HandlingDictionary,CreatingDictionary
ae_adl_hello,HandlingList,DeletingListElement
ae_adl_hello,HandlingList,IndexingList
ae_adl_hello,HandlingList,CreatingList
ae_adl_hello,HandlingList,SlicingList
ae_adl_hello,HandlingList,ReplacingListElement
ae_adl_hello,HandlingList,ListReferencing
ae_adl_hello,HandlingList,ReversingList
ae_adl_hello,AddingListElement,AddingListElementWithInsert
ae_adl_hello,AddingListElement,AddingListElementWithAppend
ae_adl_hello,HandlingFile,ClosingFile
ae_adl_hello,HandlingFile,ReadingLine
ae_adl_hello,HandlingFile,OpeningFile
ae_adl_hello,HandlingString,CreatingString
ae_adl_hello,HandlingString,ReplacingStringContent
ae_adl_hello,HandlingString,FormattingString
ae_adl_hello,HandlingString,TransformingToStringType
ae_adl_hello,HandlingString,SplittingString
ae_adl_hello,HandlingString,TrimmingString
ae_adl_hello,HandlingString,IndexingString
ae_adl_hello,HandlingString,SlicingString
ae_adl_hello,ModifyingStringCase,ConvertStringToUpperCase
ae_adl_hello,ModifyingStringCase,ConvertStringToLowerCase
ae_adl_hello,ModifyingStringCase,CapitalizeString
ae_adl_hello,HandlingError,HandlingSpecificError
ae_adl_hello,HandlingError,HandlingGeneralError
ae_adl_variables,HandlingAdvancedDataStructure,BinaryTreeTask
ae_adl_variables,HandlingAdvancedDataStructure,LinkedListTask
ae_adl_variables,HandlingAdvancedDataStructure,QueueTask
ae_adl_variables,HandlingAdvancedDataStructure,StackTask
ae_adl_variables,TwoDimensionalArrayTask,ReplacingElement2DArray
ae_adl_variables,TwoDimensionalArrayTask,Indexing2DArray
ae_adl_variables,TwoDimensionalArrayTask,Create2DArray
ae_adl_variables,HandlingObjectOrientedProgramming,CallingOOPMethod
ae_adl_variables,HandlingObjectOrientedProgramming,CreatingObject
ae_adl_variables,HandlingObjectOrientedProgramming,DefiningClass
ae_adl_variables,HandlingObjectOrientedProgramming,DefiningOOPMethod
ae_adl_simple_arithmetics,HandlingTuple,SlicingTuple
ae_adl_simple_arithmetics,HandlingTuple,IndexingTuple
ae_adl_simple_arithmetics,HandlingFloat,TransformingToFloatType
ae_adl_simple_arithmetics,HandlingDictionary,ReplacingDictionaryElement
ae_adl_simple_arithmetics,HandlingDictionary,IndexingDictionary
ae_adl_simple_arithmetics,HandlingDictionary,AddingItemToDictionary
ae_adl_simple_arithmetics,HandlingDictionary,AccessingDictionary
ae_adl_simple_arithmetics,HandlingDictionary,CreatingDictionary
ae_adl_simple_arithmetics,HandlingList,DeletingListElement
ae_adl_simple_arithmetics,HandlingList,IndexingList
ae_adl_simple_arithmetics,HandlingList,CreatingList
ae_adl_simple_arithmetics,HandlingList,SlicingList
ae_adl_simple_arithmetics,HandlingList,ReplacingListElement
ae_adl_simple_arithmetics,HandlingList,ListReferencing
ae_adl_simple_arithmetics,HandlingList,ReversingList
ae_adl_simple_arithmetics,AddingListElement,AddingListElementWithInsert
ae_adl_simple_arithmetics,AddingListElement,AddingListElementWithAppend
ae_adl_simple_arithmetics,HandlingFile,ClosingFile
ae_adl_simple_arithmetics,HandlingFile,ReadingLine
ae_adl_simple_arithmetics,HandlingFile,OpeningFile
ae_adl_simple_arithmetics,HandlingString,CreatingString
ae_adl_simple_arithmetics,HandlingString,ReplacingStringContent
ae_adl_simple_arithmetics,HandlingString,FormattingString
ae_adl_simple_arithmetics,HandlingString,TransformingToStringType
ae_adl_simple_arithmetics,HandlingString,SplittingString
ae_adl_arithmetics2,HandlingAdvancedDataStructure,BinaryTreeTask
ae_adl_arithmetics2,HandlingAdvancedDataStructure,LinkedListTask
ae_adl_arithmetics2,HandlingAdvancedDataStructure,QueueTask
ae_adl_arithmetics2,HandlingAdvancedDataStructure,StackTask
ae_adl_arithmetics2,TwoDimensionalArrayTask,ReplacingElement2DArray
ae_adl_arithmetics2,TwoDimensionalArrayTask,Indexing2DArray
ae_adl_arithmetics2,TwoDimensionalArrayTask,Create2DArray
ae_adl_arithmetics2,HandlingObjectOrientedProgramming,CallingOOPMethod
ae_adl_arithmetics2,HandlingObjectOrientedProgramming,CreatingObject
ae_adl_arithmetics2,HandlingObjectOrientedProgramming,DefiningClass
ae_adl_arithmetics2,HandlingObjectOrientedProgramming,DefiningOOPMethod
ae_adl_swap,Python,Concatenation
ae_adl_swap,Python,Importing
ae_adl_swap,Python,FindingLength
ae_adl_swap,Python,Printing
ae_adl_swap,Python,CheckingForItem
ae_adl_swap,Python,HandlingInput
ae_adl_swap,CheckingCondition,IfElseChecking
ae_adl_swap,CheckingCondition,AssertChecking
ae_adl_swap,CheckingCondition,IfElifElseChecking
ae_adl_swap,CheckingCondition,NestedIfChecking
ae_adl_swap,CheckingCondition,IfChecking
ae_adl_swap,CheckingCondition,IfElifChecking
ae_adl_swap,CheckingCondition,BooleanEvaluating
ae_adl_swap,CheckingInForLoop,IfElseCheckingInForLoop
ae_adl_swap,CheckingInForLoop,IfElifCheckingInForLoop
ae_adl_swap,CheckingInForLoop,IfCheckingInForLoop
ae_adl_swap,CheckingInForLoop,IfElifElseCheckingInForLoop
ae_adl_swap,CheckingInWhileLoop,IfElifElseCheckingInWhileLoop
ae_adl_swap,CheckingInWhileLoop,IfCheckingInWhileLoop
ae_adl_swap,CheckingInWhileLoop,IfElseCheckingInWhileLoop
ae_adl_swap,CheckingInWhileLoop,IfElifCheckingInWhileLoop
ae_adl_swap,ManagingVariable,SwappingVariablesValue
ae_adl_swap,ManagingVariable,AssigningVariable
ae_adl_swap,ManagingVariable,UpdatingVariable
ae_adl_swap,HandlingAdvancedDataStructure,BinaryTreeTask
ae_adl_swap,HandlingAdvancedDataStructure,LinkedListTask
ae_adl_swap,HandlingAdvancedDataStructure,QueueTask
ae_adl_swap,HandlingAdvancedDataStructure,StackTask
ae_adl_swap,TwoDimensionalArrayTask,ReplacingElement2DArray
ae_adl_swap,TwoDimensionalArrayTask,Indexing2DArray
ae_adl_swap,TwoDimensionalArrayTask,Create2DArray
ae_adl_swap,HandlingObjectOrientedProgramming,CallingOOPMethod
ae_adl_swap,HandlingObjectOrientedProgramming,CreatingObject
ae_adl_swap,HandlingObjectOrientedProgramming,DefiningClass
ae_adl_swap,HandlingObjectOrientedProgramming,DefiningOOPMethod
ae_adl_swap,HandlingFunction,CallingFunctionLibrary
ae_adl_swap,HandlingFunction,NestedFunctionCall
ae_adl_swap,HandlingFunctionCallingFunction,CallingFunctionCallingFunction
ae_adl_swap,HandlingFunctionCallingFunction,DefiningFunctionCallingFunction
ae_adl_swap,HandlingRecursiveFunction,CallingRecursiveFunction
ae_adl_swap,HandlingRecursiveFunction,DefiningRecursiveFunction
ae_adl_swap,HandlingNestedFunction,CallingNestedFunction
ae_adl_swap,HandlingNestedFunction,DefiningNestedFunction
ae_adl_swap,HandlingStandardFunction,CallingStandardFunction
ae_adl_swap,HandlingStandardFunction,DefiningStandardFunction
ae_adl_swap,NonNestedIteration,SingleForLoopIteration
ae_adl_swap,NonNestedIteration,SingleWhileLoopIteration
ae_adl_swap,WhileLoopWithUpdate,WhileLoopWithListIndexing
ae_adl_swap,WhileLoopWithUpdate,WhileLoopWith*=
ae_adl_swap,WhileLoopWithUpdate,WhileLoopWith+=
ae_adl_swap,ForLoopWithUpdate,ForLoopWith+=
ae_adl_swap,ForLoopWithUpdate,ForLoopWith*=
ae_adl_swap,ForLoopWithUpdate,ForLoopWithListIndexing
ae_adl_swap,NestedLoopIteration,MixedNestedLoopIteration
ae_adl_swap,NestedLoopIteration,NestedForLoopIteration
ae_adl_swap,NestedLoopIteration,NestedWhileLoopIteration
ae_adl_swap,ArithmeticOperation,FindAbsolute
ae_adl_swap,ArithmeticOperation,FindRemainder
ae_adl_swap,ArithmeticOperation,FindMaximum
ae_adl_swap,ArithmeticOperation,Addition
ae_adl_swap,ArithmeticOperation,Round
ae_adl_swap,ArithmeticOperation,Power
ae_adl_swap,ArithmeticOperation,FindMinimum
ae_adl_swap,ArithmeticOperation,Substraction
ae_adl_swap,ArithmeticOperation,Division
ae_adl_swap,ArithmeticOperation,Multiplication
ae_adl_swap,HandlingInteger,TransformingToIntType
ae_adl_swap,HandlingTuple,CreatingTuple
ae_adl_comparison,ManagingVariable,AssigningVariable
ae_adl_comparison,ManagingVariable,UpdatingVariable
ae_adl_comparison,HandlingAdvancedDataStructure,BinaryTreeTask
ae_adl_comparison,HandlingAdvancedDataStructure,LinkedListTask
ae_adl_comparison,HandlingAdvancedDataStructure,QueueTask
ae_adl_comparison,HandlingAdvancedDataStructure,StackTask
ae_adl_comparison,TwoDimensionalArrayTask,ReplacingElement2DArray
ae_adl_comparison,TwoDimensionalArrayTask,Indexing2DArray
ae_adl_comparison,TwoDimensionalArrayTask,Create2DArray
ae_adl_comparison,HandlingObjectOrientedProgramming,CallingOOPMethod
ae_adl_comparison,HandlingObjectOrientedProgramming,CreatingObject
ae_adl_comparison,HandlingObjectOrientedProgramming,DefiningClass
ae_adl_comparison,HandlingObjectOrientedProgramming,DefiningOOPMethod
ae_adl_comparison,HandlingFunction,CallingFunctionLibrary
ae_adl_comparison,HandlingFunction,NestedFunctionCall
ae_adl_comparison,HandlingFunctionCallingFunction,CallingFunctionCallingFunction
ae_adl_comparison,HandlingFunctionCallingFunction,DefiningFunctionCallingFunction
ae_adl_comparison,HandlingRecursiveFunction,CallingRecursiveFunction
ae_adl_comparison,HandlingRecursiveFunction,DefiningRecursiveFunction
ae_adl_comparison,HandlingNestedFunction,CallingNestedFunction
ae_adl_comparison,HandlingNestedFunction,DefiningNestedFunction
ae_adl_comparison,HandlingStandardFunction,CallingStandardFunction
ae_adl_comparison,HandlingStandardFunction,DefiningStandardFunction
ae_adl_comparison,NonNestedIteration,SingleForLoopIteration
ae_adl_comparison,HandlingList,ReversingList
ae_adl_comparison,HandlingString,TransformingToStringType
ae_adl_comparison,HandlingString,TrimmingString
ae_adl_comparison,HandlingString,IndexingString
ae_adl_comparison,HandlingString,SlicingString
ae_adl_comparison,ModifyingStringCase,ConvertStringToUpperCase
ae_adl_comparison,ModifyingStringCase,ConvertStringToLowerCase
ae_adl_comparison,ModifyingStringCase,CapitalizeString
ae_adl_comparison,HandlingError,HandlingSpecificError
ae_adl_comparison,HandlingError,HandlingGeneralError
ae_adl_logic,HandlingObjectOrientedProgramming,CallingOOPMethod
ae_adl_logic,HandlingObjectOrientedProgramming,CreatingObject
ae_adl_logic,HandlingObjectOrientedProgramming,DefiningClass
ae_adl_logic,HandlingObjectOrientedProgramming,DefiningOOPMethod
ae_adl_logic,NonNestedIteration,SingleForLoopIteration
ae_adl_logic,NonNestedIteration,SingleWhileLoopIteration
ae_adl_logic,WhileLoopWithUpdate,WhileLoopWithListIndexing
ae_adl_logic,WhileLoopWithUpdate,WhileLoopWith*=
ae_adl_logic,WhileLoopWithUpdate,WhileLoopWith+=
ae_adl_logic,ForLoopWithUpdate,ForLoopWith+=
ae_adl_logic,ForLoopWithUpdate,ForLoopWith*=
ae_adl_logic,ForLoopWithUpdate,ForLoopWithListIndexing
ae_adl_logic,NestedLoopIteration,MixedNestedLoopIteration
ae_adl_logic,NestedLoopIteration,NestedForLoopIteration
ae_adl_logic,NestedLoopIteration,NestedWhileLoopIteration
ae_adl_logic,ArithmeticOperation,FindAbsolute
ae_adl_logic,ArithmeticOperation,FindRemainder
ae_adl_logic,ArithmeticOperation,FindMaximum
ae_adl_logic,ArithmeticOperation,Addition
ae_adl_logic,ArithmeticOperation,Round
ae_adl_logic,ArithmeticOperation,Power
ae_adl_logic,ArithmeticOperation,FindMinimum
ae_adl_logic,ArithmeticOperation,Substraction
ae_adl_logic,ArithmeticOperation,Division
ae_adl_logic,ArithmeticOperation,Multiplication
ae_adl_logic,HandlingInteger,TransformingToIntType
ae_adl_logic,HandlingTuple,CreatingTuple
ae_adl_greet,HandlingList,ReversingList
ae_adl_input1,Python,Concatenation
ae_adl_input1,Python,Importing
ae_adl_input1,Python,FindingLength
ae_adl_input1,Python,Printing
ae_adl_input1,Python,CheckingForItem
ae_adl_input1,Python,HandlingInput
ae_adl_input1,CheckingCondition,IfElseChecking
ae_adl_input1,CheckingCondition,AssertChecking
ae_adl_input1,CheckingCondition,IfElifElseChecking
ae_adl_input1,CheckingCondition,NestedIfChecking
ae_adl_input1,CheckingCondition,IfChecking
ae_adl_input1,CheckingCondition,IfElifChecking
ae_adl_input1,CheckingCondition,BooleanEvaluating
ae_adl_input1,CheckingInForLoop,IfElseCheckingInForLoop
ae_adl_input1,CheckingInForLoop,IfElifCheckingInForLoop
ae_adl_input1,CheckingInForLoop,IfCheckingInForLoop
ae_adl_input1,CheckingInForLoop,IfElifElseCheckingInForLoop
ae_adl_input1,CheckingInWhileLoop,IfElifElseCheckingInWhileLoop
ae_adl_input1,CheckingInWhileLoop,IfCheckingInWhileLoop
ae_adl_input1,CheckingInWhileLoop,IfElseCheckingInWhileLoop
ae_adl_input1,CheckingInWhileLoop,IfElifCheckingInWhileLoop
ae_adl_input1,ManagingVariable,SwappingVariablesValue
ae_adl_input1,ManagingVariable,AssigningVariable
ae_adl_input1,ManagingVariable,UpdatingVariable
ae_adl_input1,HandlingAdvancedDataStructure,BinaryTreeTask
ae_adl_input1,HandlingAdvancedDataStructure,LinkedListTask
ae_adl_input1,HandlingAdvancedDataStructure,QueueTask
ae_adl_input1,HandlingAdvancedDataStructure,StackTask
ae_adl_input1,TwoDimensionalArrayTask,ReplacingElement2DArray
ae_adl_input1,TwoDimensionalArrayTask,Indexing2DArray
ae_adl_input1,TwoDimensionalArrayTask,Create2DArray
ae_adl_input1,HandlingObjectOrientedProgramming,CallingOOPMethod
ae_adl_input1,HandlingObjectOrientedProgramming,CreatingObject
ae_adl_input1,HandlingObjectOrientedProgramming,DefiningClass
ae_adl_input1,HandlingObjectOrientedProgramming,DefiningOOPMethod
ae_adl_input1,HandlingFunction,CallingFunctionLibrary
ae_adl_input1,HandlingFunction,NestedFunctionCall
ae_adl_input1,HandlingFunctionCallingFunction,CallingFunctionCallingFunction
ae_adl_input1,HandlingFunctionCallingFunction,DefiningFunctionCallingFunction
ae_adl_input1,HandlingRecursiveFunction,CallingRecursiveFunction
ae_adl_input1,HandlingRecursiveFunction,DefiningRecursiveFunction
ae_adl_input1,HandlingNestedFunction,CallingNestedFunction
ae_adl_input1,HandlingNestedFunction,DefiningNestedFunction
ae_adl_input1,HandlingStandardFunction,CallingStandardFunction
ae_adl_input1,HandlingStandardFunction,DefiningStandardFunction
ae_adl_input1,NonNestedIteration,SingleForLoopIteration
ae_adl_input1,HandlingDictionary,ReplacingDictionaryElement
ae_adl_input1,HandlingDictionary,IndexingDictionary
ae_adl_input1,HandlingDictionary,AddingItemToDictionary
ae_adl_input1,HandlingDictionary,CreatingDictionary
ae_adl_input1,HandlingList,DeletingListElement
ae_adl_input1,HandlingList,SlicingList
ae_adl_input1,HandlingList,ReplacingListElement
ae_adl_input1,HandlingList,ListReferencing
ae_adl_input1,HandlingList,ReversingList
ae_adl_input1,HandlingFile,ClosingFile
ae_adl_input1,HandlingFile,ReadingLine
ae_adl_input1,HandlingString,ReplacingStringContent
ae_adl_input1,HandlingString,TransformingToStringType
ae_adl_input2,HandlingTuple,SlicingTuple
ae_adl_input2,HandlingTuple,IndexingTuple
ae_adl_input2,HandlingFloat,TransformingToFloatType
ae_adl_input2,HandlingDictionary,ReplacingDictionaryElement
ae_adl_input2,HandlingDictionary,IndexingDictionary
ae_adl_input2,HandlingDictionary,AddingItemToDictionary
ae_adl_input2,HandlingDictionary,AccessingDictionary
ae_adl_input2,HandlingDictionary,CreatingDictionary
ae_adl_input2,HandlingList,DeletingListElement
ae_adl_input2,HandlingList,IndexingList
ae_adl_input2,HandlingList,CreatingList
ae_adl_input2,HandlingList,SlicingList
ae_adl_input2,HandlingList,ReplacingListElement
ae_adl_input2,HandlingList,ListReferencing
ae_adl_input2,HandlingList,ReversingList
ae_adl_input2,AddingListElement,AddingListElementWithInsert
ae_adl_input2,AddingListElement,AddingListElementWithAppend
ae_adl_input2,HandlingFile,ClosingFile
ae_adl_input2,HandlingFile,ReadingLine
ae_adl_input2,HandlingFile,OpeningFile
ae_adl_input2,HandlingString,CreatingString
ae_adl_input2,HandlingString,ReplacingStringContent
ae_adl_input2,HandlingString,FormattingString
ae_adl_input2,HandlingString,TransformingToStringType
ae_adl_input2,HandlingString,SplittingString
ae_adl_hiscore1,NonNestedIteration,SingleWhileLoopIteration
ae_adl_hiscore1,WhileLoopWithUpdate,WhileLoopWithListIndexing
ae_adl_hiscore1,WhileLoopWithUpdate,WhileLoopWith*=
ae_adl_hiscore1,WhileLoopWithUpdate,WhileLoopWith+=
ae_adl_hiscore1,ForLoopWithUpdate,ForLoopWith+=
ae_adl_hiscore1,ForLoopWithUpdate,ForLoopWith*=
ae_adl_hiscore1,ForLoopWithUpdate,ForLoopWithListIndexing
ae_adl_hiscore1,NestedLoopIteration,MixedNestedLoopIteration
ae_adl_hiscore1,NestedLoopIteration,NestedForLoopIteration
ae_adl_hiscore1,NestedLoopIteration,NestedWhileLoopIteration
ae_adl_hiscore1,ArithmeticOperation,FindAbsolute
ae_adl_hiscore1,ArithmeticOperation,FindRemainder
ae_adl_hiscore1,ArithmeticOperation,FindMaximum
ae_adl_hiscore1,ArithmeticOperation,Addition
ae_adl_hiscore1,ArithmeticOperation,Round
ae_adl_hiscore1,ArithmeticOperation,Power
ae_adl_hiscore1,ArithmeticOperation,FindMinimum
ae_adl_hiscore1,ArithmeticOperation,Substraction
ae_adl_hiscore1,ArithmeticOperation,Division
ae_adl_hiscore1,ArithmeticOperation,Multiplication
ae_adl_hiscore1,HandlingInteger,TransformingToIntType
ae_adl_hiscore1,HandlingTuple,CreatingTuple
ae_adl_hiscore1,HandlingList,SlicingList
ae_adl_hiscore1,HandlingString,TransformingToStringType
ae_adl_hiscore2,ArithmeticOperation,FindMinimum
ae_adl_ifelse,Python,Concatenation
ae_adl_ifelse,Python,Importing
ae_adl_ifelse,Python,FindingLength
ae_adl_ifelse,Python,Printing
ae_adl_ifelse,Python,CheckingForItem
ae_adl_ifelse,Python,HandlingInput
ae_adl_ifelse,CheckingCondition,IfElseChecking
ae_adl_ifelse,CheckingCondition,AssertChecking
ae_adl_ifelse,CheckingCondition,IfElifElseChecking
ae_adl_ifelse,CheckingCondition,NestedIfChecking
ae_adl_ifelse,CheckingCondition,IfChecking
ae_adl_ifelse,CheckingCondition,IfElifChecking
ae_adl_ifelse,CheckingCondition,BooleanEvaluating
ae_adl_ifelse,CheckingInForLoop,IfElseCheckingInForLoop
ae_adl_ifelse,CheckingInForLoop,IfElifCheckingInForLoop
ae_adl_ifelse,CheckingInForLoop,IfCheckingInForLoop
ae_adl_ifelse,CheckingInForLoop,IfElifElseCheckingInForLoop
ae_adl_ifelse,CheckingInWhileLoop,IfElifElseCheckingInWhileLoop
ae_adl_ifelse,CheckingInWhileLoop,IfCheckingInWhileLoop
ae_adl_ifelse,CheckingInWhileLoop,IfElseCheckingInWhileLoop
ae_adl_ifelse,CheckingInWhileLoop,IfElifCheckingInWhileLoop
ae_adl_ifelse,ManagingVariable,SwappingVariablesValue
ae_adl_ifelse,NonNestedIteration,SingleWhileLoopIteration
ae_adl_ifelse,WhileLoopWithUpdate,WhileLoopWithListIndexing
ae_adl_ifelse,WhileLoopWithUpdate,WhileLoopWith*=
ae_adl_ifelse,WhileLoopWithUpdate,WhileLoopWith+=
ae_adl_ifelse,ForLoopWithUpdate,ForLoopWith+=
ae_adl_ifelse,ForLoopWithUpdate,ForLoopWith*=
ae_adl_ifelse,ForLoopWithUpdate,ForLoopWithListIndexing
ae_adl_ifelse,NestedLoopIteration,MixedNestedLoopIteration
ae_adl_ifelse,NestedLoopIteration,NestedForLoopIteration
ae_adl_ifelse,NestedLoopIteration,NestedWhileLoopIteration
ae_adl_ifelse,ArithmeticOperation,FindAbsolute
ae_adl_ifelse,ArithmeticOperation,Round
ae_adl_ifelse,ArithmeticOperation,Power
ae_adl_ifelse,ArithmeticOperation,FindMinimum
ae_adl_ifelse,HandlingTuple,CreatingTuple
ae_adl_ifelifelse,CheckingCondition,BooleanEvaluating
ae_adl_ifelifelse,NonNestedIteration,SingleWhileLoopIteration
ae_adl_ifelifelse,WhileLoopWithUpdate,WhileLoopWithListIndexing
ae_adl_ifelifelse,WhileLoopWithUpdate,WhileLoopWith*=
ae_adl_ifelifelse,WhileLoopWithUpdate,WhileLoopWith+=
ae_adl_ifelifelse,ForLoopWithUpdate,ForLoopWith+=
ae_adl_ifelifelse,ForLoopWithUpdate,ForLoopWith*=
ae_adl_ifelifelse,ForLoopWithUpdate,ForLoopWithListIndexing
ae_adl_ifelifelse,NestedLoopIteration,MixedNestedLoopIteration
ae_adl_ifelifelse,NestedLoopIteration,NestedForLoopIteration
ae_adl_ifelifelse,NestedLoopIteration,NestedWhileLoopIteration
ae_adl_ifelifelse,ArithmeticOperation,FindAbsolute
ae_adl_ifelifelse,ArithmeticOperation,FindRemainder
ae_adl_ifelifelse,ArithmeticOperation,FindMaximum
ae_adl_ifelifelse,ArithmeticOperation,Addition
ae_adl_ifelifelse,ArithmeticOperation,Round
ae_adl_ifelifelse,ArithmeticOperation,Power
ae_adl_ifelifelse,ArithmeticOperation,FindMinimum
ae_adl_ifelifelse,ArithmeticOperation,Substraction
ae_adl_ifelifelse,ArithmeticOperation,Division
ae_adl_ifelifelse,ArithmeticOperation,Multiplication
ae_adl_ifelifelse,HandlingInteger,TransformingToIntType
ae_adl_ifelifelse,HandlingTuple,CreatingTuple
ae_adl_while,ForLoopWithUpdate,ForLoopWith+=
ae_adl_while,ForLoopWithUpdate,ForLoopWith*=
ae_adl_while,ForLoopWithUpdate,ForLoopWithListIndexing
ae_adl_while,ArithmeticOperation,FindAbsolute
ae_adl_while,ArithmeticOperation,FindRemainder
ae_adl_while,ArithmeticOperation,FindMaximum
ae_adl_while,ArithmeticOperation,Round
ae_adl_while,ArithmeticOperation,Power
ae_adl_while,ArithmeticOperation,FindMinimum
ae_adl_while,ArithmeticOperation,Substraction
ae_adl_while,ArithmeticOperation,Division
ae_adl_while,HandlingTuple,SlicingTuple
ae_adl_while,HandlingTuple,IndexingTuple
ae_adl_while,HandlingFloat,TransformingToFloatType
ae_adl_while,HandlingDictionary,ReplacingDictionaryElement
ae_adl_while,HandlingDictionary,IndexingDictionary
ae_adl_while,HandlingDictionary,AddingItemToDictionary
ae_adl_while,HandlingDictionary,AccessingDictionary
ae_adl_while,HandlingDictionary,CreatingDictionary
ae_adl_while,HandlingList,DeletingListElement
ae_adl_while,HandlingList,IndexingList
ae_adl_while,HandlingList,CreatingList
ae_adl_while,HandlingList,SlicingList
ae_adl_while,HandlingList,ReplacingListElement
ae_adl_while,HandlingList,ListReferencing
ae_adl_while,HandlingList,ReversingList
ae_adl_while,AddingListElement,AddingListElementWithInsert
ae_adl_while,AddingListElement,AddingListElementWithAppend
ae_adl_while,HandlingFile,ClosingFile
ae_adl_while,HandlingFile,ReadingLine
ae_adl_while,HandlingFile,OpeningFile
ae_adl_while,HandlingString,CreatingString
ae_adl_while,HandlingString,ReplacingStringContent
ae_adl_while,HandlingString,FormattingString
ae_adl_while,HandlingString,TransformingToStringType
ae_adl_while,HandlingString,SplittingString
ae_adl_for,Python,Concatenation
ae_adl_for,Python,Importing
ae_adl_for,Python,FindingLength
ae_adl_for,Python,Printing
ae_adl_for,Python,CheckingForItem
ae_adl_for,Python,HandlingInput
ae_adl_for,CheckingCondition,IfElseChecking
ae_adl_for,CheckingCondition,AssertChecking
ae_adl_for,CheckingCondition,IfElifElseChecking
ae_adl_for,CheckingCondition,NestedIfChecking
ae_adl_for,CheckingCondition,IfChecking
ae_adl_for,CheckingCondition,IfElifChecking
ae_adl_for,CheckingCondition,BooleanEvaluating
ae_adl_for,CheckingInForLoop,IfElseCheckingInForLoop
ae_adl_for,CheckingInForLoop,IfElifCheckingInForLoop
ae_adl_for,CheckingInForLoop,IfCheckingInForLoop
ae_adl_for,CheckingInForLoop,IfElifElseCheckingInForLoop
ae_adl_for,CheckingInWhileLoop,IfElifElseCheckingInWhileLoop
ae_adl_for,CheckingInWhileLoop,IfCheckingInWhileLoop
ae_adl_for,CheckingInWhileLoop,IfElseCheckingInWhileLoop
ae_adl_for,CheckingInWhileLoop,IfElifCheckingInWhileLoop
ae_adl_for,ManagingVariable,SwappingVariablesValue
ae_adl_for,ManagingVariable,AssigningVariable
ae_adl_for,ManagingVariable,UpdatingVariable
ae_adl_for,HandlingAdvancedDataStructure,BinaryTreeTask
ae_adl_for,HandlingAdvancedDataStructure,LinkedListTask
ae_adl_for,HandlingAdvancedDataStructure,QueueTask
ae_adl_for,HandlingAdvancedDataStructure,StackTask
ae_adl_for,TwoDimensionalArrayTask,ReplacingElement2DArray
ae_adl_for,TwoDimensionalArrayTask,Indexing2DArray
ae_adl_for,TwoDimensionalArrayTask,Create2DArray
ae_adl_for,HandlingObjectOrientedProgramming,CallingOOPMethod
ae_adl_for,HandlingObjectOrientedProgramming,CreatingObject
ae_adl_for,HandlingObjectOrientedProgramming,DefiningClass
ae_adl_for,HandlingObjectOrientedProgramming,DefiningOOPMethod
ae_adl_for,HandlingFunction,CallingFunctionLibrary
ae_adl_for,HandlingFunction,NestedFunctionCall
ae_adl_for,HandlingFunctionCallingFunction,CallingFunctionCallingFunction
ae_adl_for,HandlingFunctionCallingFunction,DefiningFunctionCallingFunction
ae_adl_for,HandlingRecursiveFunction,CallingRecursiveFunction
ae_adl_for,HandlingRecursiveFunction,DefiningRecursiveFunction
ae_adl_for,HandlingNestedFunction,CallingNestedFunction
ae_adl_for,HandlingNestedFunction,DefiningNestedFunction
ae_adl_for,HandlingStandardFunction,CallingStandardFunction
ae_adl_for,HandlingStandardFunction,DefiningStandardFunction
ae_adl_lists1,HandlingAdvancedDataStructure,BinaryTreeTask
ae_adl_lists1,HandlingAdvancedDataStructure,LinkedListTask
ae_adl_lists1,HandlingAdvancedDataStructure,QueueTask
ae_adl_lists1,HandlingAdvancedDataStructure,StackTask
ae_adl_lists1,HandlingFunctionCallingFunction,DefiningFunctionCallingFunction
ae_adl_lists1,HandlingStandardFunction,DefiningStandardFunction
ae_adl_lists1,NonNestedIteration,SingleWhileLoopIteration
ae_adl_lists1,HandlingTuple,SlicingTuple
ae_adl_lists1,HandlingTuple,IndexingTuple
ae_adl_lists1,HandlingFloat,TransformingToFloatType
ae_adl_lists1,HandlingDictionary,ReplacingDictionaryElement
ae_adl_lists1,HandlingDictionary,IndexingDictionary
ae_adl_lists1,HandlingDictionary,AddingItemToDictionary
ae_adl_lists1,HandlingDictionary,AccessingDictionary
ae_adl_lists1,HandlingDictionary,CreatingDictionary
ae_adl_lists1,HandlingList,DeletingListElement
ae_adl_lists1,HandlingList,IndexingList
ae_adl_lists1,HandlingList,CreatingList
ae_adl_lists1,HandlingList,SlicingList
ae_adl_lists1,HandlingList,ReplacingListElement
ae_adl_lists1,HandlingList,ListReferencing
ae_adl_lists1,HandlingList,ReversingList
ae_adl_lists1,AddingListElement,AddingListElementWithInsert
ae_adl_lists1,AddingListElement,AddingListElementWithAppend
ae_adl_lists1,HandlingFile,ClosingFile
ae_adl_lists1,HandlingFile,ReadingLine
ae_adl_lists1,HandlingFile,OpeningFile
ae_adl_lists1,HandlingString,CreatingString
ae_adl_lists1,HandlingString,ReplacingStringContent
ae_adl_lists1,HandlingString,FormattingString
ae_adl_lists1,HandlingString,TransformingToStringType
ae_adl_lists1,HandlingString,SplittingString
ae_adl_lists2,NonNestedIteration,SingleWhileLoopIteration
ae_adl_lists2,WhileLoopWithUpdate,WhileLoopWithListIndexing
ae_adl_lists2,WhileLoopWithUpdate,WhileLoopWith*=
ae_adl_lists2,WhileLoopWithUpdate,WhileLoopWith+=
ae_adl_lists2,ForLoopWithUpdate,ForLoopWith*=
ae_adl_lists2,HandlingList,ReversingList
ae_adl_lists3,ManagingVariable,AssigningVariable
ae_adl_lists3,ManagingVariable,UpdatingVariable
ae_adl_lists3,HandlingAdvancedDataStructure,BinaryTreeTask
ae_adl_lists3,HandlingAdvancedDataStructure,LinkedListTask
ae_adl_lists3,HandlingAdvancedDataStructure,QueueTask
ae_adl_lists3,HandlingAdvancedDataStructure,StackTask
ae_adl_lists3,TwoDimensionalArrayTask,ReplacingElement2DArray
ae_adl_lists3,TwoDimensionalArrayTask,Indexing2DArray
ae_adl_lists3,TwoDimensionalArrayTask,Create2DArray
ae_adl_lists3,HandlingObjectOrientedProgramming,CallingOOPMethod
ae_adl_lists3,HandlingObjectOrientedProgramming,CreatingObject
ae_adl_lists3,HandlingObjectOrientedProgramming,DefiningClass
ae_adl_lists3,HandlingObjectOrientedProgramming,DefiningOOPMethod
ae_adl_lists3,HandlingFunction,CallingFunctionLibrary
ae_adl_lists3,HandlingFunction,NestedFunctionCall
ae_adl_lists3,HandlingFunctionCallingFunction,CallingFunctionCallingFunction
ae_adl_lists3,HandlingFunctionCallingFunction,DefiningFunctionCallingFunction
ae_adl_lists3,HandlingRecursiveFunction,CallingRecursiveFunction
ae_adl_lists3,HandlingRecursiveFunction,DefiningRecursiveFunction
ae_adl_lists3,HandlingNestedFunction,CallingNestedFunction
ae_adl_lists3,HandlingNestedFunction,DefiningNestedFunction
ae_adl_lists3,HandlingStandardFunction,CallingStandardFunction
ae_adl_lists3,HandlingStandardFunction,DefiningStandardFunction
ae_adl_lists3,NonNestedIteration,SingleWhileLoopIteration
ae_adl_lists3,WhileLoopWithUpdate,WhileLoopWithListIndexing
ae_adl_lists3,WhileLoopWithUpdate,WhileLoopWith*=
ae_adl_lists3,WhileLoopWithUpdate,WhileLoopWith+=
ae_adl_lists3,ForLoopWithUpdate,ForLoopWith+=
ae_adl_lists3,NestedLoopIteration,NestedForLoopIteration
ae_adl_lists3,NestedLoopIteration,NestedWhileLoopIteration
ae_adl_lists3,ArithmeticOperation,FindAbsolute
ae_adl_lists3,ArithmeticOperation,FindRemainder
ae_adl_lists3,ArithmeticOperation,FindMaximum
ae_adl_lists3,ArithmeticOperation,Round
ae_adl_lists3,ArithmeticOperation,Power
ae_adl_lists3,ArithmeticOperation,FindMinimum
ae_adl_lists3,ArithmeticOperation,Substraction
ae_adl_lists3,ArithmeticOperation,Division
ae_adl_lists3,HandlingList,ReversingList
ae_adl_format1,HandlingList,ReversingList
ae_adl_format1,HandlingString,SplittingString
ae_adl_format1,HandlingString,TrimmingString
ae_adl_format1,HandlingString,IndexingString
ae_adl_format1,HandlingString,SlicingString
ae_adl_format1,ModifyingStringCase,ConvertStringToUpperCase
ae_adl_format1,ModifyingStringCase,ConvertStringToLowerCase
ae_adl_format1,ModifyingStringCase,CapitalizeString
ae_adl_format1,HandlingError,HandlingSpecificError
ae_adl_format1,HandlingError,HandlingGeneralError
ae_adl_format2,ManagingVariable,AssigningVariable
ae_adl_format2,ManagingVariable,UpdatingVariable
ae_adl_format2,HandlingAdvancedDataStructure,BinaryTreeTask
ae_adl_format2,HandlingAdvancedDataStructure,LinkedListTask
ae_adl_format2,HandlingAdvancedDataStructure,QueueTask
ae_adl_format2,HandlingAdvancedDataStructure,StackTask
ae_adl_format2,TwoDimensionalArrayTask,ReplacingElement2DArray
ae_adl_format2,TwoDimensionalArrayTask,Indexing2DArray
ae_adl_format2,TwoDimensionalArrayTask,Create2DArray
ae_adl_format2,HandlingObjectOrientedProgramming,CallingOOPMethod
ae_adl_format2,HandlingObjectOrientedProgramming,CreatingObject
ae_adl_format2,HandlingObjectOrientedProgramming,DefiningClass
ae_adl_format2,HandlingObjectOrientedProgramming,DefiningOOPMethod
ae_adl_format2,HandlingFunction,CallingFunctionLibrary
ae_adl_format2,HandlingFunction,NestedFunctionCall
ae_adl_format2,HandlingFunctionCallingFunction,CallingFunctionCallingFunction
ae_adl_format2,HandlingFunctionCallingFunction,DefiningFunctionCallingFunction
ae_adl_format2,HandlingRecursiveFunction,CallingRecursiveFunction
ae_adl_format2,HandlingRecursiveFunction,DefiningRecursiveFunction
ae_adl_format2,HandlingNestedFunction,CallingNestedFunction
ae_adl_format2,HandlingNestedFunction,DefiningNestedFunction
ae_adl_format2,HandlingStandardFunction,CallingStandardFunction
ae_adl_format2,HandlingStandardFunction,DefiningStandardFunction
ae_adl_format2,NonNestedIteration,SingleForLoopIteration
ae_adl_format2,ArithmeticOperation,FindAbsolute
ae_adl_format2,HandlingTuple,SlicingTuple
ae_adl_format2,HandlingTuple,IndexingTuple
ae_adl_format2,HandlingFloat,TransformingToFloatType
ae_adl_format2,HandlingDictionary,ReplacingDictionaryElement
ae_adl_format2,HandlingDictionary,IndexingDictionary
ae_adl_format2,HandlingDictionary,AddingItemToDictionary
ae_adl_format2,HandlingDictionary,AccessingDictionary
ae_adl_format2,HandlingDictionary,CreatingDictionary
ae_adl_format2,HandlingList,DeletingListElement
ae_adl_format2,HandlingList,IndexingList
ae_adl_format2,HandlingList,CreatingList
ae_adl_format2,HandlingList,SlicingList
ae_adl_format2,HandlingList,ReplacingListElement
ae_adl_format2,HandlingList,ListReferencing
ae_adl_format2,HandlingList,ReversingList
ae_adl_format2,AddingListElement,AddingListElementWithInsert
ae_adl_format2,AddingListElement,AddingListElementWithAppend
ae_adl_format2,HandlingFile,ClosingFile
ae_adl_format2,HandlingFile,ReadingLine
ae_adl_format2,HandlingFile,OpeningFile
ae_adl_format2,HandlingString,CreatingString
ae_adl_format2,HandlingString,ReplacingStringContent
ae_adl_format2,HandlingString,FormattingString
ae_adl_format2,HandlingString,TransformingToStringType
ae_adl_format2,HandlingString,SplittingString
ae_adl_findmax,HandlingObjectOrientedProgramming,DefiningOOPMethod
ae_adl_findmax,WhileLoopWithUpdate,WhileLoopWithListIndexing
ae_adl_findmax,WhileLoopWithUpdate,WhileLoopWith*=
ae_adl_findmax,WhileLoopWithUpdate,WhileLoopWith+=
ae_adl_findmax,ArithmeticOperation,FindAbsolute
ae_adl_findmax,ArithmeticOperation,Round
ae_adl_findmax,ArithmeticOperation,Power
ae_adl_findmax,ArithmeticOperation,FindMinimum
ae_adl_functions1,HandlingTuple,SlicingTuple
ae_adl_functions1,HandlingTuple,IndexingTuple
ae_adl_functions1,HandlingFloat,TransformingToFloatType
ae_adl_functions1,HandlingDictionary,ReplacingDictionaryElement
ae_adl_functions1,HandlingDictionary,IndexingDictionary
ae_adl_functions1,HandlingDictionary,AddingItemToDictionary
ae_adl_functions1,HandlingDictionary,AccessingDictionary
ae_adl_functions1,HandlingDictionary,CreatingDictionary
ae_adl_functions1,HandlingList,DeletingListElement
ae_adl_functions1,HandlingList,IndexingList
ae_adl_functions1,HandlingList,CreatingList
ae_adl_functions1,HandlingList,SlicingList
ae_adl_functions1,HandlingList,ReplacingListElement
ae_adl_functions1,HandlingList,ListReferencing
ae_adl_functions1,HandlingList,ReversingList
ae_adl_functions1,AddingListElement,AddingListElementWithInsert
ae_adl_functions1,AddingListElement,AddingListElementWithAppend
ae_adl_functions1,HandlingFile,ClosingFile
ae_adl_functions1,HandlingFile,ReadingLine
ae_adl_functions1,HandlingFile,OpeningFile
ae_adl_functions1,HandlingString,CreatingString
ae_adl_functions1,HandlingString,ReplacingStringContent
ae_adl_functions1,HandlingString,FormattingString
ae_adl_functions1,HandlingString,TransformingToStringType
ae_adl_functions1,HandlingString,SplittingString
ae_adl_returnvalue,ManagingVariable,AssigningVariable
ae_adl_returnvalue,ManagingVariable,UpdatingVariable
ae_adl_returnvalue,HandlingAdvancedDataStructure,BinaryTreeTask
ae_adl_returnvalue,HandlingAdvancedDataStructure,LinkedListTask
ae_adl_returnvalue,HandlingAdvancedDataStructure,QueueTask
ae_adl_returnvalue,HandlingAdvancedDataStructure,StackTask
ae_adl_returnvalue,TwoDimensionalArrayTask,ReplacingElement2DArray
ae_adl_returnvalue,TwoDimensionalArrayTask,Indexing2DArray
ae_adl_returnvalue,TwoDimensionalArrayTask,Create2DArray
ae_adl_returnvalue,HandlingObjectOrientedProgramming,CallingOOPMethod
ae_adl_returnvalue,HandlingObjectOrientedProgramming,CreatingObject
ae_adl_returnvalue,HandlingObjectOrientedProgramming,DefiningClass
ae_adl_returnvalue,HandlingObjectOrientedProgramming,DefiningOOPMethod
ae_adl_returnvalue,HandlingFunction,CallingFunctionLibrary
ae_adl_returnvalue,HandlingFunction,NestedFunctionCall
ae_adl_returnvalue,HandlingFunctionCallingFunction,CallingFunctionCallingFunction
ae_adl_returnvalue,HandlingFunctionCallingFunction,DefiningFunctionCallingFunction
ae_adl_returnvalue,HandlingRecursiveFunction,CallingRecursiveFunction
ae_adl_returnvalue,HandlingRecursiveFunction,DefiningRecursiveFunction
ae_adl_returnvalue,HandlingNestedFunction,CallingNestedFunction
ae_adl_returnvalue,HandlingNestedFunction,DefiningNestedFunction
ae_adl_returnvalue,HandlingStandardFunction,CallingStandardFunction
ae_adl_returnvalue,HandlingStandardFunction,DefiningStandardFunction
ae_adl_returnvalue,NonNestedIteration,SingleForLoopIteration
ae_adl_returnvalue,ArithmeticOperation,FindAbsolute
ae_adl_returnvalue,HandlingList,SlicingList
ae_adl_returnvalue,HandlingString,ReplacingStringContent
ae_adl_returnvalue,HandlingString,TransformingToStringType
ae_adl_returnvalue,HandlingString,SplittingString
ae_adl_returnvalue,HandlingString,TrimmingString
ae_adl_returnvalue,HandlingString,IndexingString
ae_adl_returnvalue,HandlingString,SlicingString
ae_adl_returnvalue,ModifyingStringCase,ConvertStringToUpperCase
ae_adl_returnvalue,ModifyingStringCase,ConvertStringToLowerCase
ae_adl_returnvalue,ModifyingStringCase,CapitalizeString
ae_adl_returnvalue,HandlingError,HandlingSpecificError
ae_adl_returnvalue,HandlingError,HandlingGeneralError
ae_adl_functions2,HandlingAdvancedDataStructure,BinaryTreeTask
ae_adl_functions2,HandlingAdvancedDataStructure,LinkedListTask
ae_adl_functions2,HandlingAdvancedDataStructure,QueueTask
ae_adl_functions2,HandlingAdvancedDataStructure,StackTask
ae_adl_functions2,TwoDimensionalArrayTask,ReplacingElement2DArray
ae_adl_functions2,TwoDimensionalArrayTask,Indexing2DArray
ae_adl_functions2,TwoDimensionalArrayTask,Create2DArray
ae_adl_functions2,HandlingObjectOrientedProgramming,CallingOOPMethod
ae_adl_functions2,HandlingObjectOrientedProgramming,CreatingObject
ae_adl_functions2,HandlingObjectOrientedProgramming,DefiningClass
ae_adl_functions2,HandlingObjectOrientedProgramming,DefiningOOPMethod
ae_adl_functions3,HandlingFunctionCallingFunction,DefiningFunctionCallingFunction
ae_adl_functions3,ArithmeticOperation,Division
ae_adl_functions3,HandlingTuple,SlicingTuple
ae_adl_functions3,HandlingTuple,IndexingTuple
ae_adl_recursion,Python,CheckingForItem
ae_adl_recursion,HandlingObjectOrientedProgramming,DefiningOOPMethod
ae_adl_recursion,HandlingFunctionCallingFunction,CallingFunctionCallingFunction
ae_adl_recursion,HandlingFunctionCallingFunction,DefiningFunctionCallingFunction
ae_adl_recursion,NonNestedIteration,SingleForLoopIteration
ae_adl_dict1,ManagingVariable,AssigningVariable
ae_adl_dict1,ManagingVariable,UpdatingVariable
ae_adl_dict1,HandlingAdvancedDataStructure,BinaryTreeTask
ae_adl_dict1,HandlingAdvancedDataStructure,LinkedListTask
ae_adl_dict1,HandlingAdvancedDataStructure,QueueTask
ae_adl_dict1,HandlingAdvancedDataStructure,StackTask
ae_adl_dict1,TwoDimensionalArrayTask,ReplacingElement2DArray
ae_adl_dict1,TwoDimensionalArrayTask,Indexing2DArray
ae_adl_dict1,TwoDimensionalArrayTask,Create2DArray
ae_adl_dict1,HandlingObjectOrientedProgramming,CallingOOPMethod
ae_adl_dict1,HandlingObjectOrientedProgramming,CreatingObject
ae_adl_dict1,HandlingObjectOrientedProgramming,DefiningClass
ae_adl_dict1,HandlingObjectOrientedProgramming,DefiningOOPMethod
ae_adl_dict1,HandlingFunction,CallingFunctionLibrary
ae_adl_dict1,HandlingFunction,NestedFunctionCall
ae_adl_dict1,HandlingFunctionCallingFunction,CallingFunctionCallingFunction
ae_adl_dict1,HandlingFunctionCallingFunction,DefiningFunctionCallingFunction
ae_adl_dict1,HandlingRecursiveFunction,CallingRecursiveFunction
ae_adl_dict1,HandlingRecursiveFunction,DefiningRecursiveFunction
ae_adl_dict1,HandlingNestedFunction,CallingNestedFunction
ae_adl_dict1,HandlingNestedFunction,DefiningNestedFunction
ae_adl_dict1,HandlingStandardFunction,CallingStandardFunction
ae_adl_dict1,HandlingStandardFunction,DefiningStandardFunction
ae_adl_dict1,NonNestedIteration,SingleForLoopIteration
ae_adl_dict1,HandlingList,ReversingList
ae_adl_dict3,HandlingFunctionCallingFunction,DefiningFunctionCallingFunction
ae_adl_dict3,HandlingDictionary,ReplacingDictionaryElement
ae_adl_dict3,HandlingList,SlicingList
ae_adl_dict3,HandlingString,TrimmingString
ae_adl_dict3,HandlingString,IndexingString
ae_adl_dict3,HandlingString,SlicingString
ae_adl_dict3,ModifyingStringCase,ConvertStringToUpperCase
ae_adl_dict3,ModifyingStringCase,ConvertStringToLowerCase
ae_adl_dict3,ModifyingStringCase,CapitalizeString
ae_adl_dict3,HandlingError,HandlingSpecificError
ae_adl_dict3,HandlingError,HandlingGeneralError
ae_adl_objects1,HandlingAdvancedDataStructure,BinaryTreeTask
ae_adl_objects1,HandlingAdvancedDataStructure,LinkedListTask
ae_adl_objects1,HandlingAdvancedDataStructure,QueueTask
ae_adl_objects1,HandlingAdvancedDataStructure,StackTask
ae_adl_objects1,TwoDimensionalArrayTask,ReplacingElement2DArray
ae_adl_objects1,TwoDimensionalArrayTask,Indexing2DArray
ae_adl_objects1,TwoDimensionalArrayTask,Create2DArray
ae_adl_objects1,HandlingFunctionCallingFunction,DefiningFunctionCallingFunction
ae_adl_objects1,HandlingString,TrimmingString
ae_adl_objects1,HandlingString,IndexingString
ae_adl_objects1,HandlingString,SlicingString
ae_adl_objects1,ModifyingStringCase,ConvertStringToUpperCase
ae_adl_objects1,ModifyingStringCase,ConvertStringToLowerCase
ae_adl_objects1,ModifyingStringCase,CapitalizeString
ae_adl_objects1,HandlingError,HandlingSpecificError
ae_adl_objects1,HandlingError,HandlingGeneralError
ae_adl_objects2,HandlingAdvancedDataStructure,BinaryTreeTask
ae_adl_objects2,HandlingAdvancedDataStructure,LinkedListTask
ae_adl_objects2,HandlingAdvancedDataStructure,QueueTask
ae_adl_objects2,HandlingAdvancedDataStructure,StackTask
ae_adl_objects2,TwoDimensionalArrayTask,ReplacingElement2DArray
ae_adl_objects2,TwoDimensionalArrayTask,Indexing2DArray
ae_adl_objects2,TwoDimensionalArrayTask,Create2DArray
ae_adl_objects2,HandlingFunction,NestedFunctionCall
ae_adl_objects2,HandlingFunctionCallingFunction,CallingFunctionCallingFunction
ae_adl_objects2,HandlingFunctionCallingFunction,DefiningFunctionCallingFunction
ae_adl_objects2,HandlingRecursiveFunction,CallingRecursiveFunction
ae_adl_objects2,HandlingRecursiveFunction,DefiningRecursiveFunction
ae_adl_objects2,HandlingNestedFunction,CallingNestedFunction
ae_adl_objects2,HandlingNestedFunction,DefiningNestedFunction
ae_adl_objects2,HandlingStandardFunction,CallingStandardFunction
ae_adl_objects2,HandlingStandardFunction,DefiningStandardFunction
ae_adl_objects2,NonNestedIteration,SingleForLoopIteration
ae_adl_objects2,ArithmeticOperation,FindAbsolute
ae_adl_objects2,ArithmeticOperation,FindRemainder
ae_adl_objects2,ArithmeticOperation,Round
ae_adl_objects2,ArithmeticOperation,Power
ae_adl_objects2,ArithmeticOperation,Division
ae_adl_objects2,ArithmeticOperation,Multiplication
py_concat_str_num,Python,Concatenation
py_concat_str_num,Python,Importing
py_concat_str_num,Python,FindingLength
py_concat_str_num,Python,Printing
py_concat_str_num,Python,CheckingForItem
py_concat_str_num,Python,HandlingInput
py_concat_str_num,CheckingCondition,IfElseChecking
py_concat_str_num,CheckingCondition,AssertChecking
py_concat_str_num,CheckingCondition,IfElifElseChecking
py_concat_str_num,CheckingCondition,NestedIfChecking
py_concat_str_num,CheckingCondition,IfChecking
py_concat_str_num,CheckingCondition,IfElifChecking
py_concat_str_num,CheckingCondition,BooleanEvaluating
py_concat_str_num,CheckingInForLoop,IfElseCheckingInForLoop
py_concat_str_num,CheckingInForLoop,IfElifCheckingInForLoop
py_concat_str_num,CheckingInForLoop,IfCheckingInForLoop
py_concat_str_num,CheckingInForLoop,IfElifElseCheckingInForLoop
py_concat_str_num,CheckingInWhileLoop,IfElifElseCheckingInWhileLoop
py_concat_str_num,CheckingInWhileLoop,IfCheckingInWhileLoop
py_concat_str_num,CheckingInWhileLoop,IfElseCheckingInWhileLoop
py_concat_str_num,CheckingInWhileLoop,IfElifCheckingInWhileLoop
py_concat_str_num,ManagingVariable,SwappingVariablesValue
py_concat_str_num2,Python,Concatenation
py_concat_str_num2,Python,Importing
py_concat_str_num2,Python,FindingLength
py_concat_str_num2,Python,Printing
py_concat_str_num2,Python,CheckingForItem
py_concat_str_num2,Python,HandlingInput
py_concat_str_num2,CheckingCondition,IfElseChecking
py_concat_str_num2,CheckingCondition,AssertChecking
py_concat_str_num2,CheckingCondition,IfElifElseChecking
py_concat_str_num2,CheckingCondition,NestedIfChecking
py_concat_str_num2,CheckingCondition,IfChecking
py_concat_str_num2,CheckingCondition,IfElifChecking
py_concat_str_num2,CheckingCondition,BooleanEvaluating
py_concat_str_num2,CheckingInForLoop,IfElseCheckingInForLoop
py_concat_str_num2,CheckingInForLoop,IfElifCheckingInForLoop
py_concat_str_num2,CheckingInForLoop,IfCheckingInForLoop
py_concat_str_num2,CheckingInForLoop,IfElifElseCheckingInForLoop
py_concat_str_num2,CheckingInWhileLoop,IfElifElseCheckingInWhileLoop
py_concat_str_num2,CheckingInWhileLoop,IfCheckingInWhileLoop
py_concat_str_num2,CheckingInWhileLoop,IfElseCheckingInWhileLoop
py_concat_str_num2,CheckingInWhileLoop,IfElifCheckingInWhileLoop
py_concat_str_num2,ManagingVariable,SwappingVariablesValue
py_concat_str_num2,ManagingVariable,AssigningVariable
py_concat_str_num2,ManagingVariable,UpdatingVariable
py_concat_str_num2,HandlingAdvancedDataStructure,BinaryTreeTask
py_concat_str_num2,HandlingAdvancedDataStructure,LinkedListTask
py_concat_str_num2,HandlingAdvancedDataStructure,QueueTask
py_concat_str_num2,HandlingAdvancedDataStructure,StackTask
py_concat_str_num2,TwoDimensionalArrayTask,ReplacingElement2DArray
py_concat_str_num2,TwoDimensionalArrayTask,Indexing2DArray
py_concat_str_num2,TwoDimensionalArrayTask,Create2DArray
py_concat_str_num2,HandlingObjectOrientedProgramming,CallingOOPMethod
py_concat_str_num2,HandlingObjectOrientedProgramming,CreatingObject
py_concat_str_num2,HandlingObjectOrientedProgramming,DefiningClass
py_concat_str_num2,HandlingObjectOrientedProgramming,DefiningOOPMethod
py_concat_str_num2,HandlingFunction,CallingFunctionLibrary
py_concat_str_num2,HandlingFunction,NestedFunctionCall
py_concat_str_num2,HandlingFunctionCallingFunction,CallingFunctionCallingFunction
py_concat_str_num2,HandlingFunctionCallingFunction,DefiningFunctionCallingFunction
py_concat_str_num2,HandlingRecursiveFunction,CallingRecursiveFunction
py_concat_str_num2,HandlingRecursiveFunction,DefiningRecursiveFunction
py_concat_str_num2,HandlingNestedFunction,CallingNestedFunction
py_concat_str_num2,HandlingNestedFunction,DefiningNestedFunction
py_concat_str_num2,HandlingStandardFunction,CallingStandardFunction
py_concat_str_num2,HandlingStandardFunction,DefiningStandardFunction
py_concat_str_num2,NonNestedIteration,SingleForLoopIteration
py_concat_string_num3,Python,Concatenation
py_concat_string_num3,Python,Importing
py_concat_string_num3,Python,FindingLength
py_concat_string_num3,Python,Printing
py_concat_string_num3,Python,CheckingForItem
py_concat_string_num3,Python,HandlingInput
py_concat_string_num3,CheckingCondition,IfElseChecking
py_concat_string_num3,CheckingCondition,AssertChecking
py_concat_string_num3,CheckingCondition,IfElifElseChecking
py_concat_string_num3,CheckingCondition,NestedIfChecking
py_concat_string_num3,CheckingCondition,IfChecking
py_concat_string_num3,CheckingCondition,IfElifChecking
py_concat_string_num3,CheckingCondition,BooleanEvaluating
py_concat_string_num3,CheckingInForLoop,IfElseCheckingInForLoop
py_concat_string_num3,CheckingInForLoop,IfElifCheckingInForLoop
py_concat_string_num3,CheckingInForLoop,IfCheckingInForLoop
py_concat_string_num3,CheckingInForLoop,IfElifElseCheckingInForLoop
py_concat_string_num3,CheckingInWhileLoop,IfElifElseCheckingInWhileLoop
py_concat_string_num3,CheckingInWhileLoop,IfCheckingInWhileLoop
py_concat_string_num3,CheckingInWhileLoop,IfElseCheckingInWhileLoop
py_concat_string_num3,CheckingInWhileLoop,IfElifCheckingInWhileLoop
py_concat_string_num3,ManagingVariable,SwappingVariablesValue
py_concat_string_num3,ManagingVariable,AssigningVariable
py_concat_string_num3,ManagingVariable,UpdatingVariable
py_concat_string_num3,HandlingAdvancedDataStructure,BinaryTreeTask
py_concat_string_num3,HandlingAdvancedDataStructure,LinkedListTask
py_concat_string_num3,HandlingAdvancedDataStructure,QueueTask
py_concat_string_num3,HandlingAdvancedDataStructure,StackTask
py_concat_string_num3,TwoDimensionalArrayTask,ReplacingElement2DArray
py_concat_string_num3,TwoDimensionalArrayTask,Indexing2DArray
py_concat_string_num3,TwoDimensionalArrayTask,Create2DArray
py_concat_string_num3,HandlingObjectOrientedProgramming,CallingOOPMethod
py_concat_string_num3,HandlingObjectOrientedProgramming,CreatingObject
py_concat_string_num3,HandlingObjectOrientedProgramming,DefiningClass
py_concat_string_num3,HandlingObjectOrientedProgramming,DefiningOOPMethod
py_concat_string_num3,HandlingFunction,CallingFunctionLibrary
py_concat_string_num3,HandlingFunction,NestedFunctionCall
py_concat_string_num3,HandlingFunctionCallingFunction,CallingFunctionCallingFunction
py_concat_string_num3,HandlingFunctionCallingFunction,DefiningFunctionCallingFunction
py_concat_string_num3,HandlingRecursiveFunction,CallingRecursiveFunction
py_concat_string_num3,HandlingRecursiveFunction,DefiningRecursiveFunction
py_concat_string_num3,HandlingNestedFunction,CallingNestedFunction
py_concat_string_num3,HandlingNestedFunction,DefiningNestedFunction
py_concat_string_num3,HandlingStandardFunction,CallingStandardFunction
py_concat_string_num3,HandlingStandardFunction,DefiningStandardFunction
py_concat_string_num3,NonNestedIteration,SingleForLoopIteration
py_concat_string_num3,HandlingString,SplittingString
py_time_conversion,HandlingTuple,CreatingTuple
py_time_conversion,HandlingString,ReplacingStringContent
py_time_conversion,HandlingString,TrimmingString
py_time_conversion,HandlingString,IndexingString
py_time_conversion,HandlingString,SlicingString
py_time_conversion,ModifyingStringCase,ConvertStringToUpperCase
py_time_conversion,ModifyingStringCase,ConvertStringToLowerCase
py_time_conversion,ModifyingStringCase,CapitalizeString
py_time_conversion,HandlingError,HandlingSpecificError
py_time_conversion,HandlingError,HandlingGeneralError
py_display_time2,Python,Concatenation
py_display_time2,Python,Importing
py_display_time2,Python,FindingLength
py_display_time2,Python,Printing
py_display_time2,Python,CheckingForItem
py_display_time2,Python,HandlingInput
py_display_time2,CheckingCondition,IfElseChecking
py_display_time2,CheckingCondition,AssertChecking
py_display_time2,CheckingCondition,IfElifElseChecking
py_display_time2,CheckingCondition,NestedIfChecking
py_display_time2,CheckingCondition,IfChecking
py_display_time2,CheckingCondition,IfElifChecking
py_display_time2,CheckingCondition,BooleanEvaluating
py_display_time2,CheckingInForLoop,IfElseCheckingInForLoop
py_display_time2,CheckingInForLoop,IfElifCheckingInForLoop
py_display_time2,CheckingInForLoop,IfCheckingInForLoop
py_display_time2,CheckingInForLoop,IfElifElseCheckingInForLoop
py_display_time2,CheckingInWhileLoop,IfElifElseCheckingInWhileLoop
py_display_time2,CheckingInWhileLoop,IfCheckingInWhileLoop
py_display_time2,CheckingInWhileLoop,IfElseCheckingInWhileLoop
py_display_time2,CheckingInWhileLoop,IfElifCheckingInWhileLoop
py_display_time2,ManagingVariable,SwappingVariablesValue
py_display_time2,NonNestedIteration,SingleWhileLoopIteration
py_display_time2,WhileLoopWithUpdate,WhileLoopWithListIndexing
py_display_time2,WhileLoopWithUpdate,WhileLoopWith*=
py_display_time2,WhileLoopWithUpdate,WhileLoopWith+=
py_display_time2,ForLoopWithUpdate,ForLoopWith+=
py_display_time2,ForLoopWithUpdate,ForLoopWith*=
py_display_time2,ForLoopWithUpdate,ForLoopWithListIndexing
py_display_time2,NestedLoopIteration,MixedNestedLoopIteration
py_display_time2,NestedLoopIteration,NestedForLoopIteration
py_display_time2,NestedLoopIteration,NestedWhileLoopIteration
py_display_time2,ArithmeticOperation,FindAbsolute
py_display_time2,ArithmeticOperation,FindRemainder
py_display_time2,ArithmeticOperation,FindMaximum
py_display_time2,ArithmeticOperation,Addition
py_display_time2,ArithmeticOperation,Round
py_display_time2,ArithmeticOperation,Power
py_display_time2,ArithmeticOperation,FindMinimum
py_display_time2,ArithmeticOperation,Substraction
py_display_time2,ArithmeticOperation,Division
py_display_time2,ArithmeticOperation,Multiplication
py_display_time2,HandlingInteger,TransformingToIntType
py_display_time2,HandlingTuple,CreatingTuple
py_display_time2,HandlingString,TrimmingString
py_display_time2,HandlingString,IndexingString
py_display_time2,HandlingString,SlicingString
py_display_time2,ModifyingStringCase,ConvertStringToUpperCase
py_display_time2,ModifyingStringCase,ConvertStringToLowerCase
py_display_time2,ModifyingStringCase,CapitalizeString
py_display_time2,HandlingError,HandlingSpecificError
py_display_time2,HandlingError,HandlingGeneralError
py_bmi_calculator,HandlingString,ReplacingStringContent
py_bmi_calculator,HandlingString,SplittingString
py_bmi_calculator,HandlingString,TrimmingString
py_bmi_calculator,HandlingString,IndexingString
py_bmi_calculator,HandlingString,SlicingString
py_bmi_calculator,ModifyingStringCase,ConvertStringToUpperCase
py_bmi_calculator,ModifyingStringCase,ConvertStringToLowerCase
py_bmi_calculator,ModifyingStringCase,CapitalizeString
py_bmi_calculator,HandlingError,HandlingSpecificError
py_bmi_calculator,HandlingError,HandlingGeneralError
py_bmi_calculator2,HandlingTuple,CreatingTuple
py_bmi_calculator2,HandlingList,SlicingList
py_pythagorean_theorem,NonNestedIteration,SingleWhileLoopIteration
py_pythagorean_theorem,WhileLoopWithUpdate,WhileLoopWithListIndexing
py_pythagorean_theorem,WhileLoopWithUpdate,WhileLoopWith*=
py_pythagorean_theorem,WhileLoopWithUpdate,WhileLoopWith+=
py_pythagorean_theorem,ForLoopWithUpdate,ForLoopWith+=
py_pythagorean_theorem,ForLoopWithUpdate,ForLoopWith*=
py_pythagorean_theorem,ForLoopWithUpdate,ForLoopWithListIndexing
py_pythagorean_theorem,NestedLoopIteration,MixedNestedLoopIteration
py_pythagorean_theorem,NestedLoopIteration,NestedForLoopIteration
py_pythagorean_theorem,NestedLoopIteration,NestedWhileLoopIteration
py_pythagorean_theorem,ArithmeticOperation,FindAbsolute
py_pythagorean_theorem,ArithmeticOperation,FindRemainder
py_pythagorean_theorem,ArithmeticOperation,FindMaximum
py_pythagorean_theorem,ArithmeticOperation,Addition
py_pythagorean_theorem,ArithmeticOperation,Round
py_pythagorean_theorem,ArithmeticOperation,Power
py_pythagorean_theorem,ArithmeticOperation,FindMinimum
py_pythagorean_theorem,ArithmeticOperation,Substraction
py_pythagorean_theorem,ArithmeticOperation,Division
py_pythagorean_theorem,ArithmeticOperation,Multiplication
py_pythagorean_theorem,HandlingInteger,TransformingToIntType
py_pythagorean_theorem,HandlingTuple,CreatingTuple
py_pythagorean_theorem,HandlingList,SlicingList
py_pythagorean_theorem,HandlingString,TransformingToStringType
py_pythagorean_theorem2,NonNestedIteration,SingleWhileLoopIteration
py_pythagorean_theorem2,WhileLoopWithUpdate,WhileLoopWithListIndexing
py_pythagorean_theorem2,WhileLoopWithUpdate,WhileLoopWith*=
py_pythagorean_theorem2,WhileLoopWithUpdate,WhileLoopWith+=
py_pythagorean_theorem2,ForLoopWithUpdate,ForLoopWith+=
py_pythagorean_theorem2,ForLoopWithUpdate,ForLoopWith*=
py_pythagorean_theorem2,ForLoopWithUpdate,ForLoopWithListIndexing
py_pythagorean_theorem2,NestedLoopIteration,MixedNestedLoopIteration
py_pythagorean_theorem2,NestedLoopIteration,NestedForLoopIteration
py_pythagorean_theorem2,NestedLoopIteration,NestedWhileLoopIteration
py_pythagorean_theorem2,ArithmeticOperation,FindAbsolute
py_pythagorean_theorem2,ArithmeticOperation,FindRemainder
py_pythagorean_theorem2,ArithmeticOperation,FindMaximum
py_pythagorean_theorem2,ArithmeticOperation,Addition
py_pythagorean_theorem2,ArithmeticOperation,Round
py_pythagorean_theorem2,ArithmeticOperation,Power
py_pythagorean_theorem2,ArithmeticOperation,FindMinimum
py_pythagorean_theorem2,ArithmeticOperation,Substraction
py_pythagorean_theorem2,ArithmeticOperation,Division
py_pythagorean_theorem2,ArithmeticOperation,Multiplication
py_pythagorean_theorem2,HandlingInteger,TransformingToIntType
py_pythagorean_theorem2,HandlingTuple,CreatingTuple
py_pythagorean_theorem2,HandlingTuple,SlicingTuple
py_pythagorean_theorem2,HandlingTuple,IndexingTuple
py_pythagorean_theorem2,HandlingFloat,TransformingToFloatType
py_pythagorean_theorem2,HandlingDictionary,ReplacingDictionaryElement
py_pythagorean_theorem2,HandlingDictionary,IndexingDictionary
py_pythagorean_theorem2,HandlingDictionary,AddingItemToDictionary
py_pythagorean_theorem2,HandlingDictionary,AccessingDictionary
py_pythagorean_theorem2,HandlingDictionary,CreatingDictionary
py_pythagorean_theorem2,HandlingList,DeletingListElement
py_pythagorean_theorem2,HandlingList,IndexingList
py_pythagorean_theorem2,HandlingList,CreatingList
py_pythagorean_theorem2,HandlingList,SlicingList
py_pythagorean_theorem2,HandlingList,ReplacingListElement
py_pythagorean_theorem2,HandlingList,ListReferencing
py_pythagorean_theorem2,HandlingList,ReversingList
py_pythagorean_theorem2,AddingListElement,AddingListElementWithInsert
py_pythagorean_theorem2,AddingListElement,AddingListElementWithAppend
py_pythagorean_theorem2,HandlingFile,ClosingFile
py_pythagorean_theorem2,HandlingFile,ReadingLine
py_pythagorean_theorem2,HandlingFile,OpeningFile
py_pythagorean_theorem2,HandlingString,CreatingString
py_pythagorean_theorem2,HandlingString,ReplacingStringContent
py_pythagorean_theorem2,HandlingString,FormattingString
py_pythagorean_theorem2,HandlingString,TransformingToStringType
py_pythagorean_theorem2,HandlingString,SplittingString
py_f_to_c_conversion,Python,Concatenation
py_f_to_c_conversion,Python,Importing
py_f_to_c_conversion,Python,FindingLength
py_f_to_c_conversion,Python,Printing
py_f_to_c_conversion,Python,CheckingForItem
py_f_to_c_conversion,Python,HandlingInput
py_f_to_c_conversion,CheckingCondition,IfElseChecking
py_f_to_c_conversion,CheckingCondition,AssertChecking
py_f_to_c_conversion,CheckingCondition,IfElifElseChecking
py_f_to_c_conversion,CheckingCondition,NestedIfChecking
py_f_to_c_conversion,CheckingCondition,IfChecking
py_f_to_c_conversion,CheckingCondition,IfElifChecking
py_f_to_c_conversion,CheckingCondition,BooleanEvaluating
py_f_to_c_conversion,CheckingInForLoop,IfElseCheckingInForLoop
py_f_to_c_conversion,CheckingInForLoop,IfElifCheckingInForLoop
py_f_to_c_conversion,CheckingInForLoop,IfCheckingInForLoop
py_f_to_c_conversion,CheckingInForLoop,IfElifElseCheckingInForLoop
py_f_to_c_conversion,CheckingInWhileLoop,IfElifElseCheckingInWhileLoop
py_f_to_c_conversion,CheckingInWhileLoop,IfCheckingInWhileLoop
py_f_to_c_conversion,CheckingInWhileLoop,IfElseCheckingInWhileLoop
py_f_to_c_conversion,CheckingInWhileLoop,IfElifCheckingInWhileLoop
py_f_to_c_conversion,ManagingVariable,SwappingVariablesValue
py_f_to_c_conversion,ArithmeticOperation,FindAbsolute
py_f_to_c_conversion,ArithmeticOperation,FindRemainder
py_f_to_c_conversion,ArithmeticOperation,FindMaximum
py_f_to_c_conversion,ArithmeticOperation,Round
py_f_to_c_conversion,ArithmeticOperation,Power
py_f_to_c_conversion,ArithmeticOperation,FindMinimum
py_f_to_c_conversion,ArithmeticOperation,Substraction
py_f_to_c_conversion,HandlingTuple,SlicingTuple
py_f_to_c_conversion,HandlingTuple,IndexingTuple
py_f_to_c_conversion,HandlingFloat,TransformingToFloatType
py_f_to_c_conversion,HandlingDictionary,ReplacingDictionaryElement
py_f_to_c_conversion,HandlingDictionary,IndexingDictionary
py_f_to_c_conversion,HandlingDictionary,AddingItemToDictionary
py_f_to_c_conversion,HandlingDictionary,AccessingDictionary
py_f_to_c_conversion,HandlingDictionary,CreatingDictionary
py_f_to_c_conversion,HandlingList,DeletingListElement
py_f_to_c_conversion,HandlingList,IndexingList
py_f_to_c_conversion,HandlingList,CreatingList
py_f_to_c_conversion,HandlingList,SlicingList
py_f_to_c_conversion,HandlingList,ReplacingListElement
py_f_to_c_conversion,HandlingList,ListReferencing
py_f_to_c_conversion,HandlingList,ReversingList
py_f_to_c_conversion,AddingListElement,AddingListElementWithInsert
py_f_to_c_conversion,AddingListElement,AddingListElementWithAppend
py_f_to_c_conversion,HandlingFile,ClosingFile
py_f_to_c_conversion,HandlingFile,ReadingLine
py_f_to_c_conversion,HandlingFile,OpeningFile
py_f_to_c_conversion,HandlingString,CreatingString
py_f_to_c_conversion,HandlingString,ReplacingStringContent
py_f_to_c_conversion,HandlingString,FormattingString
py_f_to_c_conversion,HandlingString,TransformingToStringType
py_f_to_c_conversion,HandlingString,SplittingString
py_fahrenheit_to_celsius,ArithmeticOperation,FindAbsolute
py_fahrenheit_to_celsius,HandlingString,SplittingString
py_vending_machine,HandlingAdvancedDataStructure,BinaryTreeTask
py_vending_machine,HandlingAdvancedDataStructure,LinkedListTask
py_vending_machine,HandlingAdvancedDataStructure,QueueTask
py_vending_machine,HandlingAdvancedDataStructure,StackTask
py_vending_machine,TwoDimensionalArrayTask,ReplacingElement2DArray
py_vending_machine,TwoDimensionalArrayTask,Indexing2DArray
py_vending_machine,TwoDimensionalArrayTask,Create2DArray
py_vending_machine,HandlingObjectOrientedProgramming,CallingOOPMethod
py_vending_machine,HandlingObjectOrientedProgramming,CreatingObject
py_vending_machine,HandlingObjectOrientedProgramming,DefiningClass
py_vending_machine,HandlingObjectOrientedProgramming,DefiningOOPMethod
py_vending_machine,ForLoopWithUpdate,ForLoopWithListIndexing
py_vending_machine,HandlingTuple,SlicingTuple
py_vending_machine,HandlingTuple,IndexingTuple
py_vending_machine,HandlingFloat,TransformingToFloatType
py_vending_machine,HandlingDictionary,ReplacingDictionaryElement
py_vending_machine,HandlingDictionary,IndexingDictionary
py_vending_machine,HandlingDictionary,AddingItemToDictionary
py_vending_machine,HandlingDictionary,AccessingDictionary
py_vending_machine,HandlingDictionary,CreatingDictionary
py_vending_machine,HandlingList,DeletingListElement
py_vending_machine,HandlingList,IndexingList
py_vending_machine,HandlingList,CreatingList
py_vending_machine,HandlingList,SlicingList
py_vending_machine,HandlingList,ReplacingListElement
py_vending_machine,HandlingList,ListReferencing
py_vending_machine,HandlingList,ReversingList
py_vending_machine,AddingListElement,AddingListElementWithInsert
py_vending_machine,AddingListElement,AddingListElementWithAppend
py_vending_machine,HandlingFile,ClosingFile
py_vending_machine,HandlingFile,ReadingLine
py_vending_machine,HandlingFile,OpeningFile
py_vending_machine,HandlingString,CreatingString
py_vending_machine,HandlingString,ReplacingStringContent
py_vending_machine,HandlingString,FormattingString
py_vending_machine,HandlingString,TransformingToStringType
py_vending_machine,HandlingString,SplittingString
py_vending_machine2,HandlingAdvancedDataStructure,BinaryTreeTask
py_vending_machine2,HandlingAdvancedDataStructure,LinkedListTask
py_vending_machine2,HandlingAdvancedDataStructure,QueueTask
py_vending_machine2,HandlingAdvancedDataStructure,StackTask
py_vending_machine2,TwoDimensionalArrayTask,ReplacingElement2DArray
py_vending_machine2,TwoDimensionalArrayTask,Indexing2DArray
py_vending_machine2,TwoDimensionalArrayTask,Create2DArray
py_vending_machine2,HandlingObjectOrientedProgramming,CallingOOPMethod
py_vending_machine2,HandlingObjectOrientedProgramming,CreatingObject
py_vending_machine2,HandlingObjectOrientedProgramming,DefiningClass
py_vending_machine2,HandlingObjectOrientedProgramming,DefiningOOPMethod
py_vending_machine2,ForLoopWithUpdate,ForLoopWithListIndexing
py_nested_if_max_of_three,NonNestedIteration,SingleWhileLoopIteration
py_nested_if_max_of_three,WhileLoopWithUpdate,WhileLoopWithListIndexing
py_nested_if_max_of_three,WhileLoopWithUpdate,WhileLoopWith*=
py_nested_if_max_of_three,WhileLoopWithUpdate,WhileLoopWith+=
py_nested_if_max_of_three,ForLoopWithUpdate,ForLoopWith+=
py_nested_if_max_of_three,ForLoopWithUpdate,ForLoopWith*=
py_nested_if_max_of_three,ForLoopWithUpdate,ForLoopWithListIndexing
py_nested_if_max_of_three,NestedLoopIteration,MixedNestedLoopIteration
py_nested_if_max_of_three,NestedLoopIteration,NestedForLoopIteration
py_nested_if_max_of_three,NestedLoopIteration,NestedWhileLoopIteration
py_nested_if_max_of_three,ArithmeticOperation,FindAbsolute
py_nested_if_max_of_three,ArithmeticOperation,FindRemainder
py_nested_if_max_of_three,ArithmeticOperation,FindMaximum
py_nested_if_max_of_three,ArithmeticOperation,Addition
py_nested_if_max_of_three,ArithmeticOperation,Round
py_nested_if_max_of_three,ArithmeticOperation,Power
py_nested_if_max_of_three,ArithmeticOperation,FindMinimum
py_nested_if_max_of_three,ArithmeticOperation,Substraction
py_nested_if_max_of_three,ArithmeticOperation,Division
py_nested_if_max_of_three,ArithmeticOperation,Multiplication
py_nested_if_max_of_three,HandlingInteger,TransformingToIntType
py_nested_if_max_of_three,HandlingTuple,CreatingTuple
py_nested_if_temperature,NonNestedIteration,SingleWhileLoopIteration
py_nested_if_temperature,WhileLoopWithUpdate,WhileLoopWithListIndexing
py_nested_if_temperature,WhileLoopWithUpdate,WhileLoopWith*=
py_nested_if_temperature,WhileLoopWithUpdate,WhileLoopWith+=
py_nested_if_temperature,ForLoopWithUpdate,ForLoopWith+=
py_nested_if_temperature,ForLoopWithUpdate,ForLoopWith*=
py_nested_if_temperature,ForLoopWithUpdate,ForLoopWithListIndexing
py_nested_if_temperature,NestedLoopIteration,MixedNestedLoopIteration
py_nested_if_temperature,NestedLoopIteration,NestedForLoopIteration
py_nested_if_temperature,NestedLoopIteration,NestedWhileLoopIteration
py_nested_if_temperature,ArithmeticOperation,FindAbsolute
py_nested_if_temperature,ArithmeticOperation,FindRemainder
py_nested_if_temperature,ArithmeticOperation,FindMaximum
py_nested_if_temperature,ArithmeticOperation,Addition
py_nested_if_temperature,ArithmeticOperation,Round
py_nested_if_temperature,ArithmeticOperation,Power
py_nested_if_temperature,ArithmeticOperation,FindMinimum
py_nested_if_temperature,ArithmeticOperation,Substraction
py_nested_if_temperature,ArithmeticOperation,Division
py_nested_if_temperature,ArithmeticOperation,Multiplication
py_nested_if_temperature,HandlingInteger,TransformingToIntType
py_nested_if_temperature,HandlingTuple,CreatingTuple
py_nested_if_temperature,HandlingList,SlicingList
py_nested_if_temperature,HandlingFile,ClosingFile
py_nested_if_temperature,HandlingFile,ReadingLine
py_nested_if_temperature,HandlingFile,OpeningFile
py_nested_if_temperature,HandlingString,ReplacingStringContent
py_ifelseif_grade2,HandlingTuple,SlicingTuple
py_ifelseif_grade2,HandlingTuple,IndexingTuple
py_ifelseif_grade2,HandlingFloat,TransformingToFloatType
py_ifelseif_grade2,HandlingDictionary,ReplacingDictionaryElement
py_ifelseif_grade2,HandlingDictionary,IndexingDictionary
py_ifelseif_grade2,HandlingDictionary,AddingItemToDictionary
py_ifelseif_grade2,HandlingDictionary,AccessingDictionary
py_ifelseif_grade2,HandlingDictionary,CreatingDictionary
py_ifelseif_grade2,HandlingList,DeletingListElement
py_ifelseif_grade2,HandlingList,IndexingList
py_ifelseif_grade2,HandlingList,CreatingList
py_ifelseif_grade2,HandlingList,SlicingList
py_ifelseif_grade2,HandlingList,ReplacingListElement
py_ifelseif_grade2,HandlingList,ListReferencing
py_ifelseif_grade2,HandlingList,ReversingList
py_ifelseif_grade2,AddingListElement,AddingListElementWithInsert
py_ifelseif_grade2,AddingListElement,AddingListElementWithAppend
py_ifelseif_grade2,HandlingFile,ClosingFile
py_ifelseif_grade2,HandlingFile,ReadingLine
py_ifelseif_grade2,HandlingFile,OpeningFile
py_ifelseif_grade2,HandlingString,CreatingString
py_ifelseif_grade2,HandlingString,ReplacingStringContent
py_ifelseif_grade2,HandlingString,FormattingString
py_ifelseif_grade2,HandlingString,TransformingToStringType
py_ifelseif_grade2,HandlingString,SplittingString
q_py_topic_dictionary:q_py_dict_access2,HandlingFunctionCallingFunction,DefiningFunctionCallingFunction
q_py_topic_dictionary:q_py_dict_access2,HandlingTuple,SlicingTuple
q_py_topic_dictionary:q_py_dict_access2,HandlingTuple,IndexingTuple
q_py_topic_dictionary:q_py_dict_access2,HandlingFloat,TransformingToFloatType
q_py_topic_dictionary:q_py_dict_access2,HandlingList,DeletingListElement
q_py_topic_dictionary:q_py_dict_access2,HandlingList,IndexingList
q_py_topic_dictionary:q_py_dict_access2,HandlingList,CreatingList
q_py_topic_dictionary:q_py_dict_access2,HandlingList,SlicingList
q_py_topic_dictionary:q_py_dict_access2,HandlingList,ReplacingListElement
q_py_topic_dictionary:q_py_dict_access2,HandlingList,ListReferencing
q_py_topic_dictionary:q_py_dict_access2,HandlingList,ReversingList
q_py_topic_dictionary:q_py_dict_access2,AddingListElement,AddingListElementWithInsert
q_py_topic_dictionary:q_py_dict_access2,AddingListElement,AddingListElementWithAppend
q_py_topic_dictionary:q_py_dict_access2,HandlingFile,ClosingFile
q_py_topic_dictionary:q_py_dict_access2,HandlingFile,ReadingLine
q_py_topic_dictionary:q_py_dict_access2,HandlingFile,OpeningFile
q_py_topic_dictionary:q_py_dict_access2,HandlingString,CreatingString
q_py_topic_dictionary:q_py_dict_access2,HandlingString,ReplacingStringContent
q_py_topic_dictionary:q_py_dict_access2,HandlingString,FormattingString
q_py_topic_dictionary:q_py_dict_access2,HandlingString,TransformingToStringType
q_py_topic_dictionary:q_py_dict_access2,HandlingString,SplittingString
q_py_topic_exceptions:q_py_exception_assertion,ManagingVariable,AssigningVariable
q_py_topic_exceptions:q_py_exception_assertion,ManagingVariable,UpdatingVariable
q_py_topic_exceptions:q_py_exception_assertion,HandlingAdvancedDataStructure,BinaryTreeTask
q_py_topic_exceptions:q_py_exception_assertion,HandlingAdvancedDataStructure,LinkedListTask
q_py_topic_exceptions:q_py_exception_assertion,HandlingAdvancedDataStructure,QueueTask
q_py_topic_exceptions:q_py_exception_assertion,HandlingAdvancedDataStructure,StackTask
q_py_topic_exceptions:q_py_exception_assertion,TwoDimensionalArrayTask,ReplacingElement2DArray
q_py_topic_exceptions:q_py_exception_assertion,TwoDimensionalArrayTask,Indexing2DArray
q_py_topic_exceptions:q_py_exception_assertion,TwoDimensionalArrayTask,Create2DArray
q_py_topic_exceptions:q_py_exception_assertion,HandlingObjectOrientedProgramming,CallingOOPMethod
q_py_topic_exceptions:q_py_exception_assertion,HandlingObjectOrientedProgramming,CreatingObject
q_py_topic_exceptions:q_py_exception_assertion,HandlingObjectOrientedProgramming,DefiningClass
q_py_topic_exceptions:q_py_exception_assertion,HandlingObjectOrientedProgramming,DefiningOOPMethod
q_py_topic_exceptions:q_py_exception_assertion,HandlingFunction,CallingFunctionLibrary
q_py_topic_exceptions:q_py_exception_assertion,HandlingFunction,NestedFunctionCall
q_py_topic_exceptions:q_py_exception_assertion,HandlingFunctionCallingFunction,CallingFunctionCallingFunction
q_py_topic_exceptions:q_py_exception_assertion,HandlingFunctionCallingFunction,DefiningFunctionCallingFunction
q_py_topic_exceptions:q_py_exception_assertion,HandlingRecursiveFunction,CallingRecursiveFunction
q_py_topic_exceptions:q_py_exception_assertion,HandlingRecursiveFunction,DefiningRecursiveFunction
q_py_topic_exceptions:q_py_exception_assertion,HandlingNestedFunction,CallingNestedFunction
q_py_topic_exceptions:q_py_exception_assertion,HandlingNestedFunction,DefiningNestedFunction
q_py_topic_exceptions:q_py_exception_assertion,HandlingStandardFunction,CallingStandardFunction
q_py_topic_exceptions:q_py_exception_assertion,HandlingStandardFunction,DefiningStandardFunction
q_py_topic_exceptions:q_py_exception_assertion,NonNestedIteration,SingleForLoopIteration
q_py_topic_exceptions:q_py_exception_assertion,NonNestedIteration,SingleWhileLoopIteration
q_py_topic_exceptions:q_py_exception_assertion,WhileLoopWithUpdate,WhileLoopWithListIndexing
q_py_topic_exceptions:q_py_exception_assertion,WhileLoopWithUpdate,WhileLoopWith*=
q_py_topic_exceptions:q_py_exception_assertion,WhileLoopWithUpdate,WhileLoopWith+=
q_py_topic_exceptions:q_py_exception_assertion,ForLoopWithUpdate,ForLoopWith+=
q_py_topic_exceptions:q_py_exception_assertion,ForLoopWithUpdate,ForLoopWith*=
q_py_topic_exceptions:q_py_exception_assertion,ForLoopWithUpdate,ForLoopWithListIndexing
q_py_topic_exceptions:q_py_exception_assertion,NestedLoopIteration,MixedNestedLoopIteration
q_py_topic_exceptions:q_py_exception_assertion,NestedLoopIteration,NestedForLoopIteration
q_py_topic_exceptions:q_py_exception_assertion,NestedLoopIteration,NestedWhileLoopIteration
q_py_topic_exceptions:q_py_exception_assertion,ArithmeticOperation,FindAbsolute
q_py_topic_exceptions:q_py_exception_assertion,ArithmeticOperation,FindRemainder
q_py_topic_exceptions:q_py_exception_assertion,ArithmeticOperation,FindMaximum
q_py_topic_exceptions:q_py_exception_assertion,ArithmeticOperation,Addition
q_py_topic_exceptions:q_py_exception_assertion,ArithmeticOperation,Round
q_py_topic_exceptions:q_py_exception_assertion,ArithmeticOperation,Power
q_py_topic_exceptions:q_py_exception_assertion,ArithmeticOperation,FindMinimum
q_py_topic_exceptions:q_py_exception_assertion,ArithmeticOperation,Substraction
q_py_topic_exceptions:q_py_exception_assertion,ArithmeticOperation,Division
q_py_topic_exceptions:q_py_exception_assertion,ArithmeticOperation,Multiplication
q_py_topic_exceptions:q_py_exception_assertion,HandlingInteger,TransformingToIntType
q_py_topic_exceptions:q_py_exception_assertion,HandlingTuple,CreatingTuple
q_py_topic_exceptions:q_py_exception_assertion,AddingListElement,AddingListElementWithInsert
q_py_topic_exceptions:q_py_exception_assertion,AddingListElement,AddingListElementWithAppend
q_py_topic_exceptions:q_py_exceptions_addarr,ManagingVariable,AssigningVariable
q_py_topic_exceptions:q_py_exceptions_addarr,ManagingVariable,UpdatingVariable
q_py_topic_exceptions:q_py_exceptions_addarr,HandlingAdvancedDataStructure,BinaryTreeTask
q_py_topic_exceptions:q_py_exceptions_addarr,HandlingAdvancedDataStructure,LinkedListTask
q_py_topic_exceptions:q_py_exceptions_addarr,HandlingAdvancedDataStructure,QueueTask
q_py_topic_exceptions:q_py_exceptions_addarr,HandlingAdvancedDataStructure,StackTask
q_py_topic_exceptions:q_py_exceptions_addarr,TwoDimensionalArrayTask,ReplacingElement2DArray
q_py_topic_exceptions:q_py_exceptions_addarr,TwoDimensionalArrayTask,Indexing2DArray
q_py_topic_exceptions:q_py_exceptions_addarr,TwoDimensionalArrayTask,Create2DArray
q_py_topic_exceptions:q_py_exceptions_addarr,HandlingObjectOrientedProgramming,CallingOOPMethod
q_py_topic_exceptions:q_py_exceptions_addarr,HandlingObjectOrientedProgramming,CreatingObject
q_py_topic_exceptions:q_py_exceptions_addarr,HandlingObjectOrientedProgramming,DefiningClass
q_py_topic_exceptions:q_py_exceptions_addarr,HandlingObjectOrientedProgramming,DefiningOOPMethod
q_py_topic_exceptions:q_py_exceptions_addarr,HandlingFunction,CallingFunctionLibrary
q_py_topic_exceptions:q_py_exceptions_addarr,HandlingFunction,NestedFunctionCall
q_py_topic_exceptions:q_py_exceptions_addarr,HandlingFunctionCallingFunction,CallingFunctionCallingFunction
q_py_topic_exceptions:q_py_exceptions_addarr,HandlingFunctionCallingFunction,DefiningFunctionCallingFunction
q_py_topic_exceptions:q_py_exceptions_addarr,HandlingRecursiveFunction,CallingRecursiveFunction
q_py_topic_exceptions:q_py_exceptions_addarr,HandlingRecursiveFunction,DefiningRecursiveFunction
q_py_topic_exceptions:q_py_exceptions_addarr,HandlingNestedFunction,CallingNestedFunction
q_py_topic_exceptions:q_py_exceptions_addarr,HandlingNestedFunction,DefiningNestedFunction
q_py_topic_exceptions:q_py_exceptions_addarr,HandlingStandardFunction,CallingStandardFunction
q_py_topic_exceptions:q_py_exceptions_addarr,HandlingStandardFunction,DefiningStandardFunction
q_py_topic_exceptions:q_py_exceptions_addarr,NonNestedIteration,SingleWhileLoopIteration
q_py_topic_exceptions:q_py_exceptions_addarr,NestedLoopIteration,NestedForLoopIteration
q_py_topic_exceptions:q_py_exceptions_addarr,NestedLoopIteration,NestedWhileLoopIteration
q_py_topic_exceptions:q_py_exceptions_addarr,ArithmeticOperation,FindAbsolute
q_py_topic_exceptions:q_py_exceptions_addarr,ArithmeticOperation,FindRemainder
q_py_topic_exceptions:q_py_exceptions_addarr,ArithmeticOperation,FindMaximum
q_py_topic_exceptions:q_py_exceptions_addarr,ArithmeticOperation,Round
q_py_topic_exceptions:q_py_exceptions_addarr,ArithmeticOperation,Power
q_py_topic_exceptions:q_py_exceptions_addarr,ArithmeticOperation,FindMinimum
q_py_topic_exceptions:q_py_exceptions_addarr,ArithmeticOperation,Substraction
q_py_topic_exceptions:q_py_exceptions_addarr,ArithmeticOperation,Multiplication
q_py_topic_exceptions:q_py_exceptions_addarr,HandlingTuple,SlicingTuple
q_py_topic_exceptions:q_py_exceptions_addarr,HandlingTuple,IndexingTuple
q_py_topic_exceptions:q_py_exceptions_addarr,HandlingFloat,TransformingToFloatType
q_py_topic_exceptions:q_py_exceptions_addarr,HandlingDictionary,ReplacingDictionaryElement
q_py_topic_exceptions:q_py_exceptions_addarr,HandlingDictionary,IndexingDictionary
q_py_topic_exceptions:q_py_exceptions_addarr,HandlingDictionary,AddingItemToDictionary
q_py_topic_exceptions:q_py_exceptions_addarr,HandlingDictionary,AccessingDictionary
q_py_topic_exceptions:q_py_exceptions_addarr,HandlingDictionary,CreatingDictionary
q_py_topic_exceptions:q_py_exceptions_addarr,HandlingList,DeletingListElement
q_py_topic_exceptions:q_py_exceptions_addarr,HandlingList,IndexingList
q_py_topic_exceptions:q_py_exceptions_addarr,HandlingList,CreatingList
q_py_topic_exceptions:q_py_exceptions_addarr,HandlingList,SlicingList
q_py_topic_exceptions:q_py_exceptions_addarr,HandlingList,ReplacingListElement
q_py_topic_exceptions:q_py_exceptions_addarr,HandlingList,ListReferencing
q_py_topic_exceptions:q_py_exceptions_addarr,HandlingList,ReversingList
q_py_topic_exceptions:q_py_exceptions_addarr,AddingListElement,AddingListElementWithInsert
q_py_topic_exceptions:q_py_exceptions_addarr,AddingListElement,AddingListElementWithAppend
q_py_topic_exceptions:q_py_exceptions_addarr,HandlingFile,ClosingFile
q_py_topic_exceptions:q_py_exceptions_addarr,HandlingFile,ReadingLine
q_py_topic_exceptions:q_py_exceptions_addarr,HandlingFile,OpeningFile
q_py_topic_exceptions:q_py_exceptions_addarr,HandlingString,CreatingString
q_py_topic_exceptions:q_py_exceptions_addarr,HandlingString,ReplacingStringContent
q_py_topic_exceptions:q_py_exceptions_addarr,HandlingString,FormattingString
q_py_topic_exceptions:q_py_exceptions_addarr,HandlingString,TransformingToStringType
q_py_topic_exceptions:q_py_exceptions_addarr,HandlingString,SplittingString
q_py_topic_exceptions:q_py_list_except1,HandlingFunctionCallingFunction,DefiningFunctionCallingFunction
q_py_topic_exceptions:q_py_list_except1,NonNestedIteration,SingleWhileLoopIteration
q_py_topic_exceptions:q_py_list_except1,WhileLoopWithUpdate,WhileLoopWithListIndexing
q_py_topic_exceptions:q_py_list_except1,WhileLoopWithUpdate,WhileLoopWith*=
q_py_topic_exceptions:q_py_list_except1,WhileLoopWithUpdate,WhileLoopWith+=
q_py_topic_exceptions:q_py_list_except1,ForLoopWithUpdate,ForLoopWith+=
q_py_topic_exceptions:q_py_list_except1,ForLoopWithUpdate,ForLoopWith*=
q_py_topic_exceptions:q_py_list_except1,ForLoopWithUpdate,ForLoopWithListIndexing
q_py_topic_exceptions:q_py_list_except1,NestedLoopIteration,MixedNestedLoopIteration
q_py_topic_exceptions:q_py_list_except1,NestedLoopIteration,NestedForLoopIteration
q_py_topic_exceptions:q_py_list_except1,NestedLoopIteration,NestedWhileLoopIteration
q_py_topic_exceptions:q_py_list_except1,ArithmeticOperation,FindAbsolute
q_py_topic_exceptions:q_py_list_except1,ArithmeticOperation,FindRemainder
q_py_topic_exceptions:q_py_list_except1,ArithmeticOperation,FindMaximum
q_py_topic_exceptions:q_py_list_except1,ArithmeticOperation,Addition
q_py_topic_exceptions:q_py_list_except1,ArithmeticOperation,Round
q_py_topic_exceptions:q_py_list_except1,ArithmeticOperation,Power
q_py_topic_exceptions:q_py_list_except1,ArithmeticOperation,FindMinimum
q_py_topic_exceptions:q_py_list_except1,ArithmeticOperation,Substraction
q_py_topic_exceptions:q_py_list_except1,ArithmeticOperation,Division
q_py_topic_exceptions:q_py_list_except1,ArithmeticOperation,Multiplication
q_py_topic_exceptions:q_py_list_except1,HandlingInteger,TransformingToIntType
q_py_topic_exceptions:q_py_list_except1,HandlingTuple,CreatingTuple
q_py_topic_exceptions:q_py_value_except1,ManagingVariable,AssigningVariable
q_py_topic_exceptions:q_py_value_except1,ManagingVariable,UpdatingVariable
q_py_topic_exceptions:q_py_value_except1,HandlingAdvancedDataStructure,BinaryTreeTask
q_py_topic_exceptions:q_py_value_except1,HandlingAdvancedDataStructure,LinkedListTask
q_py_topic_exceptions:q_py_value_except1,HandlingAdvancedDataStructure,QueueTask
q_py_topic_exceptions:q_py_value_except1,HandlingAdvancedDataStructure,StackTask
q_py_topic_exceptions:q_py_value_except1,TwoDimensionalArrayTask,ReplacingElement2DArray
q_py_topic_exceptions:q_py_value_except1,TwoDimensionalArrayTask,Indexing2DArray
q_py_topic_exceptions:q_py_value_except1,TwoDimensionalArrayTask,Create2DArray
q_py_topic_exceptions:q_py_value_except1,HandlingObjectOrientedProgramming,CallingOOPMethod
q_py_topic_exceptions:q_py_value_except1,HandlingObjectOrientedProgramming,CreatingObject
q_py_topic_exceptions:q_py_value_except1,HandlingObjectOrientedProgramming,DefiningClass
q_py_topic_exceptions:q_py_value_except1,HandlingObjectOrientedProgramming,DefiningOOPMethod
q_py_topic_exceptions:q_py_value_except1,HandlingFunction,CallingFunctionLibrary
q_py_topic_exceptions:q_py_value_except1,HandlingFunction,NestedFunctionCall
q_py_topic_exceptions:q_py_value_except1,HandlingFunctionCallingFunction,CallingFunctionCallingFunction
q_py_topic_exceptions:q_py_value_except1,HandlingFunctionCallingFunction,DefiningFunctionCallingFunction
q_py_topic_exceptions:q_py_value_except1,HandlingRecursiveFunction,CallingRecursiveFunction
q_py_topic_exceptions:q_py_value_except1,HandlingRecursiveFunction,DefiningRecursiveFunction
q_py_topic_exceptions:q_py_value_except1,HandlingNestedFunction,CallingNestedFunction
q_py_topic_exceptions:q_py_value_except1,HandlingNestedFunction,DefiningNestedFunction
q_py_topic_exceptions:q_py_value_except1,HandlingStandardFunction,CallingStandardFunction
q_py_topic_exceptions:q_py_value_except1,HandlingStandardFunction,DefiningStandardFunction
q_py_topic_exceptions:q_py_value_except1,NonNestedIteration,SingleForLoopIteration
q_py_topic_exceptions:q_py_value_except1,HandlingTuple,SlicingTuple
q_py_topic_exceptions:q_py_value_except1,HandlingTuple,IndexingTuple
q_py_topic_exceptions:q_py_value_except1,HandlingFloat,TransformingToFloatType
q_py_topic_exceptions:q_py_value_except1,HandlingDictionary,ReplacingDictionaryElement
q_py_topic_exceptions:q_py_value_except1,HandlingDictionary,IndexingDictionary
q_py_topic_exceptions:q_py_value_except1,HandlingDictionary,AddingItemToDictionary
q_py_topic_exceptions:q_py_value_except1,HandlingDictionary,AccessingDictionary
q_py_topic_exceptions:q_py_value_except1,HandlingDictionary,CreatingDictionary
q_py_topic_exceptions:q_py_value_except1,HandlingList,DeletingListElement
q_py_topic_exceptions:q_py_value_except1,HandlingList,IndexingList
q_py_topic_exceptions:q_py_value_except1,HandlingList,CreatingList
q_py_topic_exceptions:q_py_value_except1,HandlingList,SlicingList
q_py_topic_exceptions:q_py_value_except1,HandlingList,ReplacingListElement
q_py_topic_exceptions:q_py_value_except1,HandlingList,ListReferencing
q_py_topic_exceptions:q_py_value_except1,HandlingList,ReversingList
q_py_topic_exceptions:q_py_value_except1,AddingListElement,AddingListElementWithInsert
q_py_topic_exceptions:q_py_value_except1,AddingListElement,AddingListElementWithAppend
q_py_topic_exceptions:q_py_value_except1,HandlingFile,ClosingFile
q_py_topic_exceptions:q_py_value_except1,HandlingFile,ReadingLine
q_py_topic_exceptions:q_py_value_except1,HandlingFile,OpeningFile
q_py_topic_exceptions:q_py_value_except1,HandlingString,CreatingString
q_py_topic_exceptions:q_py_value_except1,HandlingString,ReplacingStringContent
q_py_topic_exceptions:q_py_value_except1,HandlingString,FormattingString
q_py_topic_exceptions:q_py_value_except1,HandlingString,TransformingToStringType
q_py_topic_exceptions:q_py_value_except1,HandlingString,SplittingString
q_py_topic_functions:q_py_fun_car1,HandlingObjectOrientedProgramming,DefiningOOPMethod
q_py_topic_functions:q_py_fun_car1,HandlingFunctionCallingFunction,DefiningFunctionCallingFunction
q_py_topic_functions:q_py_fun_car1,HandlingStandardFunction,CallingStandardFunction
q_py_topic_functions:q_py_fun_car1,HandlingStandardFunction,DefiningStandardFunction
q_py_topic_functions:q_py_fun_car1,NonNestedIteration,SingleWhileLoopIteration
q_py_topic_functions:q_py_fun_car1,WhileLoopWithUpdate,WhileLoopWithListIndexing
q_py_topic_functions:q_py_fun_car1,WhileLoopWithUpdate,WhileLoopWith*=
q_py_topic_functions:q_py_fun_car1,WhileLoopWithUpdate,WhileLoopWith+=
q_py_topic_functions:q_py_fun_car1,ForLoopWithUpdate,ForLoopWith+=
q_py_topic_functions:q_py_fun_car1,ForLoopWithUpdate,ForLoopWith*=
q_py_topic_functions:q_py_fun_car1,ForLoopWithUpdate,ForLoopWithListIndexing
q_py_topic_functions:q_py_fun_car1,NestedLoopIteration,MixedNestedLoopIteration
q_py_topic_functions:q_py_fun_car1,NestedLoopIteration,NestedForLoopIteration
q_py_topic_functions:q_py_fun_car1,NestedLoopIteration,NestedWhileLoopIteration
q_py_topic_functions:q_py_fun_car1,ArithmeticOperation,FindAbsolute
q_py_topic_functions:q_py_fun_car1,ArithmeticOperation,FindRemainder
q_py_topic_functions:q_py_fun_car1,ArithmeticOperation,FindMaximum
q_py_topic_functions:q_py_fun_car1,ArithmeticOperation,Addition
q_py_topic_functions:q_py_fun_car1,ArithmeticOperation,Round
q_py_topic_functions:q_py_fun_car1,ArithmeticOperation,Power
q_py_topic_functions:q_py_fun_car1,ArithmeticOperation,FindMinimum
q_py_topic_functions:q_py_fun_car1,ArithmeticOperation,Substraction
q_py_topic_functions:q_py_fun_car1,ArithmeticOperation,Division
q_py_topic_functions:q_py_fun_car1,ArithmeticOperation,Multiplication
q_py_topic_functions:q_py_fun_car1,HandlingInteger,TransformingToIntType
q_py_topic_functions:q_py_fun_car1,HandlingTuple,CreatingTuple
q_py_topic_functions:q_py_fun_car2,HandlingAdvancedDataStructure,BinaryTreeTask
q_py_topic_functions:q_py_fun_car2,HandlingAdvancedDataStructure,LinkedListTask
q_py_topic_functions:q_py_fun_car2,HandlingAdvancedDataStructure,QueueTask
q_py_topic_functions:q_py_fun_car2,HandlingAdvancedDataStructure,StackTask
q_py_topic_functions:q_py_fun_car2,TwoDimensionalArrayTask,ReplacingElement2DArray
q_py_topic_functions:q_py_fun_car2,TwoDimensionalArrayTask,Indexing2DArray
q_py_topic_functions:q_py_fun_car2,TwoDimensionalArrayTask,Create2DArray
q_py_topic_functions:q_py_fun_car2,HandlingObjectOrientedProgramming,CallingOOPMethod
q_py_topic_functions:q_py_fun_car2,HandlingObjectOrientedProgramming,CreatingObject
q_py_topic_functions:q_py_fun_car2,HandlingObjectOrientedProgramming,DefiningClass
q_py_topic_functions:q_py_fun_car2,HandlingObjectOrientedProgramming,DefiningOOPMethod
q_py_topic_functions:q_py_fun_car2,ArithmeticOperation,FindAbsolute
q_py_topic_functions:q_py_fun_car2,ArithmeticOperation,Division
q_py_topic_functions:q_py_fun_car2,ArithmeticOperation,Multiplication
q_py_topic_if_statement:q_py_if_elif1,ManagingVariable,AssigningVariable
q_py_topic_if_statement:q_py_if_elif1,ManagingVariable,UpdatingVariable
q_py_topic_if_statement:q_py_if_elif1,HandlingAdvancedDataStructure,BinaryTreeTask
q_py_topic_if_statement:q_py_if_elif1,HandlingAdvancedDataStructure,LinkedListTask
q_py_topic_if_statement:q_py_if_elif1,HandlingAdvancedDataStructure,QueueTask
q_py_topic_if_statement:q_py_if_elif1,HandlingAdvancedDataStructure,StackTask
q_py_topic_if_statement:q_py_if_elif1,TwoDimensionalArrayTask,ReplacingElement2DArray
q_py_topic_if_statement:q_py_if_elif1,TwoDimensionalArrayTask,Indexing2DArray
q_py_topic_if_statement:q_py_if_elif1,TwoDimensionalArrayTask,Create2DArray
q_py_topic_if_statement:q_py_if_elif1,HandlingObjectOrientedProgramming,CallingOOPMethod
q_py_topic_if_statement:q_py_if_elif1,HandlingObjectOrientedProgramming,CreatingObject
q_py_topic_if_statement:q_py_if_elif1,HandlingObjectOrientedProgramming,DefiningClass
q_py_topic_if_statement:q_py_if_elif1,HandlingObjectOrientedProgramming,DefiningOOPMethod
q_py_topic_if_statement:q_py_if_elif1,HandlingFunction,CallingFunctionLibrary
q_py_topic_if_statement:q_py_if_elif1,HandlingFunction,NestedFunctionCall
q_py_topic_if_statement:q_py_if_elif1,HandlingFunctionCallingFunction,CallingFunctionCallingFunction
q_py_topic_if_statement:q_py_if_elif1,HandlingFunctionCallingFunction,DefiningFunctionCallingFunction
q_py_topic_if_statement:q_py_if_elif1,HandlingRecursiveFunction,CallingRecursiveFunction
q_py_topic_if_statement:q_py_if_elif1,HandlingRecursiveFunction,DefiningRecursiveFunction
q_py_topic_if_statement:q_py_if_elif1,HandlingNestedFunction,CallingNestedFunction
q_py_topic_if_statement:q_py_if_elif1,HandlingNestedFunction,DefiningNestedFunction
q_py_topic_if_statement:q_py_if_elif1,HandlingStandardFunction,CallingStandardFunction
q_py_topic_if_statement:q_py_if_elif1,HandlingStandardFunction,DefiningStandardFunction
q_py_topic_if_statement:q_py_if_elif1,NonNestedIteration,SingleForLoopIteration
q_py_topic_if_statement:q_py_nested_if1,Python,CheckingForItem
q_py_topic_if_statement:q_py_nested_if_elif1,ArithmeticOperation,FindAbsolute
q_py_topic_if_statement:q_py_nested_if_elif1,HandlingTuple,SlicingTuple
q_py_topic_if_statement:q_py_nested_if_elif1,HandlingTuple,IndexingTuple
q_py_topic_if_statement:q_py_nested_if_elif1,HandlingFloat,TransformingToFloatType
q_py_topic_if_statement:q_py_nested_if_elif1,HandlingDictionary,ReplacingDictionaryElement
q_py_topic_if_statement:q_py_nested_if_elif1,HandlingDictionary,IndexingDictionary
q_py_topic_if_statement:q_py_nested_if_elif1,HandlingDictionary,AddingItemToDictionary
q_py_topic_if_statement:q_py_nested_if_elif1,HandlingDictionary,AccessingDictionary
q_py_topic_if_statement:q_py_nested_if_elif1,HandlingDictionary,CreatingDictionary
q_py_topic_if_statement:q_py_nested_if_elif1,HandlingList,DeletingListElement
q_py_topic_if_statement:q_py_nested_if_elif1,HandlingList,IndexingList
q_py_topic_if_statement:q_py_nested_if_elif1,HandlingList,CreatingList
q_py_topic_if_statement:q_py_nested_if_elif1,HandlingList,SlicingList
q_py_topic_if_statement:q_py_nested_if_elif1,HandlingList,ReplacingListElement
q_py_topic_if_statement:q_py_nested_if_elif1,HandlingList,ListReferencing
q_py_topic_if_statement:q_py_nested_if_elif1,HandlingList,ReversingList
q_py_topic_if_statement:q_py_nested_if_elif1,AddingListElement,AddingListElementWithInsert
q_py_topic_if_statement:q_py_nested_if_elif1,AddingListElement,AddingListElementWithAppend
q_py_topic_if_statement:q_py_nested_if_elif1,HandlingFile,ClosingFile
q_py_topic_if_statement:q_py_nested_if_elif1,HandlingFile,ReadingLine
q_py_topic_if_statement:q_py_nested_if_elif1,HandlingFile,OpeningFile
q_py_topic_if_statement:q_py_nested_if_elif1,HandlingString,CreatingString
q_py_topic_if_statement:q_py_nested_if_elif1,HandlingString,ReplacingStringContent
q_py_topic_if_statement:q_py_nested_if_elif1,HandlingString,FormattingString
q_py_topic_if_statement:q_py_nested_if_elif1,HandlingString,TransformingToStringType
q_py_topic_if_statement:q_py_nested_if_elif1,HandlingString,SplittingString
q_py_topic_lists:q_py_add_two_lists1,NonNestedIteration,SingleWhileLoopIteration
q_py_topic_lists:q_py_add_two_lists1,WhileLoopWithUpdate,WhileLoopWithListIndexing
q_py_topic_lists:q_py_add_two_lists1,WhileLoopWithUpdate,WhileLoopWith*=
q_py_topic_lists:q_py_add_two_lists1,WhileLoopWithUpdate,WhileLoopWith+=
q_py_topic_lists:q_py_add_two_lists1,ForLoopWithUpdate,ForLoopWith+=
q_py_topic_lists:q_py_add_two_lists1,ForLoopWithUpdate,ForLoopWith*=
q_py_topic_lists:q_py_add_two_lists1,NestedLoopIteration,NestedWhileLoopIteration
q_py_topic_lists:q_py_add_two_lists1,ArithmeticOperation,FindAbsolute
q_py_topic_lists:q_py_add_two_lists1,ArithmeticOperation,FindRemainder
q_py_topic_lists:q_py_add_two_lists1,ArithmeticOperation,FindMaximum
q_py_topic_lists:q_py_add_two_lists1,ArithmeticOperation,Round
q_py_topic_lists:q_py_add_two_lists1,ArithmeticOperation,Power
q_py_topic_lists:q_py_add_two_lists1,ArithmeticOperation,FindMinimum
q_py_topic_lists:q_py_add_two_lists1,ArithmeticOperation,Substraction
q_py_topic_lists:q_py_add_two_lists1,ArithmeticOperation,Division
q_py_topic_lists:q_py_add_two_lists1,ArithmeticOperation,Multiplication
q_py_topic_lists:q_py_add_two_lists1,AddingListElement,AddingListElementWithInsert
q_py_topic_lists:q_py_add_two_lists1,HandlingString,FormattingString
q_py_topic_lists:q_py_list_access1,HandlingFloat,TransformingToFloatType
q_py_topic_lists:q_py_list_access1,HandlingString,TrimmingString
q_py_topic_lists:q_py_list_access1,HandlingString,IndexingString
q_py_topic_lists:q_py_list_access1,HandlingString,SlicingString
q_py_topic_lists:q_py_list_access1,ModifyingStringCase,ConvertStringToUpperCase
q_py_topic_lists:q_py_list_access1,ModifyingStringCase,ConvertStringToLowerCase
q_py_topic_lists:q_py_list_access1,ModifyingStringCase,CapitalizeString
q_py_topic_lists:q_py_list_access1,HandlingError,HandlingSpecificError
q_py_topic_lists:q_py_list_access1,HandlingError,HandlingGeneralError
q_py_topic_lists:q_py_list_access2,ManagingVariable,AssigningVariable
q_py_topic_lists:q_py_list_access2,ManagingVariable,UpdatingVariable
q_py_topic_lists:q_py_list_access2,HandlingAdvancedDataStructure,BinaryTreeTask
q_py_topic_lists:q_py_list_access2,HandlingAdvancedDataStructure,LinkedListTask
q_py_topic_lists:q_py_list_access2,HandlingAdvancedDataStructure,QueueTask
q_py_topic_lists:q_py_list_access2,HandlingAdvancedDataStructure,StackTask
q_py_topic_lists:q_py_list_access2,TwoDimensionalArrayTask,ReplacingElement2DArray
q_py_topic_lists:q_py_list_access2,TwoDimensionalArrayTask,Indexing2DArray
q_py_topic_lists:q_py_list_access2,TwoDimensionalArrayTask,Create2DArray
q_py_topic_lists:q_py_list_access2,HandlingObjectOrientedProgramming,CallingOOPMethod
q_py_topic_lists:q_py_list_access2,HandlingObjectOrientedProgramming,CreatingObject
q_py_topic_lists:q_py_list_access2,HandlingObjectOrientedProgramming,DefiningClass
q_py_topic_lists:q_py_list_access2,HandlingObjectOrientedProgramming,DefiningOOPMethod
q_py_topic_lists:q_py_list_access2,HandlingFunction,CallingFunctionLibrary
q_py_topic_lists:q_py_list_access2,HandlingFunction,NestedFunctionCall
q_py_topic_lists:q_py_list_access2,HandlingFunctionCallingFunction,CallingFunctionCallingFunction
q_py_topic_lists:q_py_list_access2,HandlingFunctionCallingFunction,DefiningFunctionCallingFunction
q_py_topic_lists:q_py_list_access2,HandlingRecursiveFunction,CallingRecursiveFunction
q_py_topic_lists:q_py_list_access2,HandlingRecursiveFunction,DefiningRecursiveFunction
q_py_topic_lists:q_py_list_access2,HandlingNestedFunction,CallingNestedFunction
q_py_topic_lists:q_py_list_access2,HandlingNestedFunction,DefiningNestedFunction
q_py_topic_lists:q_py_list_access2,HandlingStandardFunction,CallingStandardFunction
q_py_topic_lists:q_py_list_access2,HandlingStandardFunction,DefiningStandardFunction
q_py_topic_lists:q_py_list_access2,NonNestedIteration,SingleForLoopIteration
q_py_topic_lists:q_py_list_access2,WhileLoopWithUpdate,WhileLoopWithListIndexing
q_py_topic_lists:q_py_list_access2,WhileLoopWithUpdate,WhileLoopWith*=
q_py_topic_lists:q_py_list_access2,WhileLoopWithUpdate,WhileLoopWith+=
q_py_topic_lists:q_py_list_access2,ForLoopWithUpdate,ForLoopWith+=
q_py_topic_lists:q_py_list_append1,Python,Concatenation
q_py_topic_lists:q_py_list_append1,Python,Importing
q_py_topic_lists:q_py_list_append1,Python,FindingLength
q_py_topic_lists:q_py_list_append1,Python,Printing
q_py_topic_lists:q_py_list_append1,Python,CheckingForItem
q_py_topic_lists:q_py_list_append1,Python,HandlingInput
q_py_topic_lists:q_py_list_append1,CheckingCondition,IfElseChecking
q_py_topic_lists:q_py_list_append1,CheckingCondition,AssertChecking
q_py_topic_lists:q_py_list_append1,CheckingCondition,IfElifElseChecking
q_py_topic_lists:q_py_list_append1,CheckingCondition,NestedIfChecking
q_py_topic_lists:q_py_list_append1,CheckingCondition,IfChecking
q_py_topic_lists:q_py_list_append1,CheckingCondition,IfElifChecking
q_py_topic_lists:q_py_list_append1,CheckingCondition,BooleanEvaluating
q_py_topic_lists:q_py_list_append1,CheckingInForLoop,IfElseCheckingInForLoop
q_py_topic_lists:q_py_list_append1,CheckingInForLoop,IfElifCheckingInForLoop
q_py_topic_lists:q_py_list_append1,CheckingInForLoop,IfCheckingInForLoop
q_py_topic_lists:q_py_list_append1,CheckingInForLoop,IfElifElseCheckingInForLoop
q_py_topic_lists:q_py_list_append1,CheckingInWhileLoop,IfElifElseCheckingInWhileLoop
q_py_topic_lists:q_py_list_append1,CheckingInWhileLoop,IfCheckingInWhileLoop
q_py_topic_lists:q_py_list_append1,CheckingInWhileLoop,IfElseCheckingInWhileLoop
q_py_topic_lists:q_py_list_append1,CheckingInWhileLoop,IfElifCheckingInWhileLoop
q_py_topic_lists:q_py_list_append1,ManagingVariable,SwappingVariablesValue
q_py_topic_lists:q_py_list_append1,ManagingVariable,AssigningVariable
q_py_topic_lists:q_py_list_append1,ManagingVariable,UpdatingVariable
q_py_topic_lists:q_py_list_append1,HandlingAdvancedDataStructure,BinaryTreeTask
q_py_topic_lists:q_py_list_append1,HandlingAdvancedDataStructure,LinkedListTask
q_py_topic_lists:q_py_list_append1,HandlingAdvancedDataStructure,QueueTask
q_py_topic_lists:q_py_list_append1,HandlingAdvancedDataStructure,StackTask
q_py_topic_lists:q_py_list_append1,TwoDimensionalArrayTask,ReplacingElement2DArray
q_py_topic_lists:q_py_list_append1,TwoDimensionalArrayTask,Indexing2DArray
q_py_topic_lists:q_py_list_append1,TwoDimensionalArrayTask,Create2DArray
q_py_topic_lists:q_py_list_append1,HandlingObjectOrientedProgramming,CallingOOPMethod
q_py_topic_lists:q_py_list_append1,HandlingObjectOrientedProgramming,CreatingObject
q_py_topic_lists:q_py_list_append1,HandlingObjectOrientedProgramming,DefiningClass
q_py_topic_lists:q_py_list_append1,HandlingObjectOrientedProgramming,DefiningOOPMethod
q_py_topic_lists:q_py_list_append1,HandlingFunction,CallingFunctionLibrary
q_py_topic_lists:q_py_list_append1,HandlingFunction,NestedFunctionCall
q_py_topic_lists:q_py_list_append1,HandlingFunctionCallingFunction,CallingFunctionCallingFunction
q_py_topic_lists:q_py_list_append1,HandlingFunctionCallingFunction,DefiningFunctionCallingFunction
q_py_topic_lists:q_py_list_append1,HandlingRecursiveFunction,CallingRecursiveFunction
q_py_topic_lists:q_py_list_append1,HandlingRecursiveFunction,DefiningRecursiveFunction
q_py_topic_lists:q_py_list_append1,HandlingNestedFunction,CallingNestedFunction
q_py_topic_lists:q_py_list_append1,HandlingNestedFunction,DefiningNestedFunction
q_py_topic_lists:q_py_list_append1,HandlingStandardFunction,CallingStandardFunction
q_py_topic_lists:q_py_list_append1,HandlingStandardFunction,DefiningStandardFunction
q_py_topic_lists:q_py_list_append1,NonNestedIteration,SingleWhileLoopIteration
q_py_topic_lists:q_py_list_append1,WhileLoopWithUpdate,WhileLoopWithListIndexing
q_py_topic_lists:q_py_list_append1,WhileLoopWithUpdate,WhileLoopWith*=
q_py_topic_lists:q_py_list_append1,WhileLoopWithUpdate,WhileLoopWith+=
q_py_topic_lists:q_py_list_append1,ForLoopWithUpdate,ForLoopWith*=
q_py_topic_lists:q_py_list_append1,ArithmeticOperation,FindAbsolute
q_py_topic_lists:q_py_list_append1,ArithmeticOperation,FindRemainder
q_py_topic_lists:q_py_list_append1,ArithmeticOperation,FindMaximum
q_py_topic_lists:q_py_list_append1,ArithmeticOperation,Round
q_py_topic_lists:q_py_list_append1,ArithmeticOperation,Power
q_py_topic_lists:q_py_list_append1,ArithmeticOperation,FindMinimum
q_py_topic_lists:q_py_list_append1,ArithmeticOperation,Substraction
q_py_topic_lists:q_py_list_append1,ArithmeticOperation,Division
q_py_topic_lists:q_py_list_append1,ArithmeticOperation,Multiplication
q_py_topic_lists:q_py_list_append1,AddingListElement,AddingListElementWithInsert
q_py_topic_lists:q_py_list_remove1,Python,Concatenation
q_py_topic_lists:q_py_list_remove1,Python,Importing
q_py_topic_lists:q_py_list_remove1,Python,FindingLength
q_py_topic_lists:q_py_list_remove1,Python,Printing
q_py_topic_lists:q_py_list_remove1,Python,CheckingForItem
q_py_topic_lists:q_py_list_remove1,Python,HandlingInput
q_py_topic_lists:q_py_list_remove1,CheckingCondition,IfElseChecking
q_py_topic_lists:q_py_list_remove1,CheckingCondition,AssertChecking
q_py_topic_lists:q_py_list_remove1,CheckingCondition,IfElifElseChecking
q_py_topic_lists:q_py_list_remove1,CheckingCondition,NestedIfChecking
q_py_topic_lists:q_py_list_remove1,CheckingCondition,IfChecking
q_py_topic_lists:q_py_list_remove1,CheckingCondition,IfElifChecking
q_py_topic_lists:q_py_list_remove1,CheckingCondition,BooleanEvaluating
q_py_topic_lists:q_py_list_remove1,CheckingInForLoop,IfElseCheckingInForLoop
q_py_topic_lists:q_py_list_remove1,CheckingInForLoop,IfElifCheckingInForLoop
q_py_topic_lists:q_py_list_remove1,CheckingInForLoop,IfCheckingInForLoop
q_py_topic_lists:q_py_list_remove1,CheckingInForLoop,IfElifElseCheckingInForLoop
q_py_topic_lists:q_py_list_remove1,CheckingInWhileLoop,IfElifElseCheckingInWhileLoop
q_py_topic_lists:q_py_list_remove1,CheckingInWhileLoop,IfCheckingInWhileLoop
q_py_topic_lists:q_py_list_remove1,CheckingInWhileLoop,IfElseCheckingInWhileLoop
q_py_topic_lists:q_py_list_remove1,CheckingInWhileLoop,IfElifCheckingInWhileLoop
q_py_topic_lists:q_py_list_remove1,ManagingVariable,SwappingVariablesValue
q_py_topic_lists:q_py_list_remove1,HandlingAdvancedDataStructure,BinaryTreeTask
q_py_topic_lists:q_py_list_remove1,HandlingAdvancedDataStructure,LinkedListTask
q_py_topic_lists:q_py_list_remove1,HandlingAdvancedDataStructure,QueueTask
q_py_topic_lists:q_py_list_remove1,HandlingAdvancedDataStructure,StackTask
q_py_topic_lists:q_py_list_remove1,TwoDimensionalArrayTask,ReplacingElement2DArray
q_py_topic_lists:q_py_list_remove1,TwoDimensionalArrayTask,Indexing2DArray
q_py_topic_lists:q_py_list_remove1,TwoDimensionalArrayTask,Create2DArray
q_py_topic_lists:q_py_list_remove1,HandlingObjectOrientedProgramming,CallingOOPMethod
q_py_topic_lists:q_py_list_remove1,HandlingObjectOrientedProgramming,CreatingObject
q_py_topic_lists:q_py_list_remove1,HandlingObjectOrientedProgramming,DefiningClass
q_py_topic_lists:q_py_list_remove1,HandlingObjectOrientedProgramming,DefiningOOPMethod
q_py_topic_lists:q_py_list_remove1,HandlingList,ReversingList
q_py_topic_logical_operators:q_py_account_logic1,ManagingVariable,AssigningVariable
q_py_topic_logical_operators:q_py_account_logic1,ManagingVariable,UpdatingVariable
q_py_topic_logical_operators:q_py_account_logic1,HandlingAdvancedDataStructure,BinaryTreeTask
q_py_topic_logical_operators:q_py_account_logic1,HandlingAdvancedDataStructure,LinkedListTask
q_py_topic_logical_operators:q_py_account_logic1,HandlingAdvancedDataStructure,QueueTask
q_py_topic_logical_operators:q_py_account_logic1,HandlingAdvancedDataStructure,StackTask
q_py_topic_logical_operators:q_py_account_logic1,TwoDimensionalArrayTask,ReplacingElement2DArray
q_py_topic_logical_operators:q_py_account_logic1,TwoDimensionalArrayTask,Indexing2DArray
q_py_topic_logical_operators:q_py_account_logic1,TwoDimensionalArrayTask,Create2DArray
q_py_topic_logical_operators:q_py_account_logic1,HandlingObjectOrientedProgramming,CallingOOPMethod
q_py_topic_logical_operators:q_py_account_logic1,HandlingObjectOrientedProgramming,CreatingObject
q_py_topic_logical_operators:q_py_account_logic1,HandlingObjectOrientedProgramming,DefiningClass
q_py_topic_logical_operators:q_py_account_logic1,HandlingObjectOrientedProgramming,DefiningOOPMethod
q_py_topic_logical_operators:q_py_account_logic1,HandlingFunction,CallingFunctionLibrary
q_py_topic_logical_operators:q_py_account_logic1,HandlingFunction,NestedFunctionCall
q_py_topic_logical_operators:q_py_account_logic1,HandlingFunctionCallingFunction,CallingFunctionCallingFunction
q_py_topic_logical_operators:q_py_account_logic1,HandlingFunctionCallingFunction,DefiningFunctionCallingFunction
q_py_topic_logical_operators:q_py_account_logic1,HandlingRecursiveFunction,CallingRecursiveFunction
q_py_topic_logical_operators:q_py_account_logic1,HandlingRecursiveFunction,DefiningRecursiveFunction
q_py_topic_logical_operators:q_py_account_logic1,HandlingNestedFunction,CallingNestedFunction
q_py_topic_logical_operators:q_py_account_logic1,HandlingNestedFunction,DefiningNestedFunction
q_py_topic_logical_operators:q_py_account_logic1,HandlingStandardFunction,CallingStandardFunction
q_py_topic_logical_operators:q_py_account_logic1,HandlingStandardFunction,DefiningStandardFunction
q_py_topic_logical_operators:q_py_account_logic1,NonNestedIteration,SingleForLoopIteration
q_py_topic_logical_operators:q_py_account_logic1,WhileLoopWithUpdate,WhileLoopWith*=
q_py_topic_logical_operators:q_py_account_logic1,HandlingList,DeletingListElement
q_py_topic_logical_operators:q_py_comparison_logic1,ManagingVariable,AssigningVariable
q_py_topic_logical_operators:q_py_comparison_logic1,ManagingVariable,UpdatingVariable
q_py_topic_logical_operators:q_py_comparison_logic1,HandlingAdvancedDataStructure,BinaryTreeTask
q_py_topic_logical_operators:q_py_comparison_logic1,HandlingAdvancedDataStructure,LinkedListTask
q_py_topic_logical_operators:q_py_comparison_logic1,HandlingAdvancedDataStructure,QueueTask
q_py_topic_logical_operators:q_py_comparison_logic1,HandlingAdvancedDataStructure,StackTask
q_py_topic_logical_operators:q_py_comparison_logic1,TwoDimensionalArrayTask,ReplacingElement2DArray
q_py_topic_logical_operators:q_py_comparison_logic1,TwoDimensionalArrayTask,Indexing2DArray
q_py_topic_logical_operators:q_py_comparison_logic1,TwoDimensionalArrayTask,Create2DArray
q_py_topic_logical_operators:q_py_comparison_logic1,HandlingObjectOrientedProgramming,CallingOOPMethod
q_py_topic_logical_operators:q_py_comparison_logic1,HandlingObjectOrientedProgramming,CreatingObject
q_py_topic_logical_operators:q_py_comparison_logic1,HandlingObjectOrientedProgramming,DefiningClass
q_py_topic_logical_operators:q_py_comparison_logic1,HandlingObjectOrientedProgramming,DefiningOOPMethod
q_py_topic_logical_operators:q_py_comparison_logic1,HandlingFunction,CallingFunctionLibrary
q_py_topic_logical_operators:q_py_comparison_logic1,HandlingFunction,NestedFunctionCall
q_py_topic_logical_operators:q_py_comparison_logic1,HandlingFunctionCallingFunction,CallingFunctionCallingFunction
q_py_topic_logical_operators:q_py_comparison_logic1,HandlingFunctionCallingFunction,DefiningFunctionCallingFunction
q_py_topic_logical_operators:q_py_comparison_logic1,HandlingRecursiveFunction,CallingRecursiveFunction
q_py_topic_logical_operators:q_py_comparison_logic1,HandlingRecursiveFunction,DefiningRecursiveFunction
q_py_topic_logical_operators:q_py_comparison_logic1,HandlingNestedFunction,CallingNestedFunction
q_py_topic_logical_operators:q_py_comparison_logic1,HandlingNestedFunction,DefiningNestedFunction
q_py_topic_logical_operators:q_py_comparison_logic1,HandlingStandardFunction,CallingStandardFunction
q_py_topic_logical_operators:q_py_comparison_logic1,HandlingStandardFunction,DefiningStandardFunction
q_py_topic_logical_operators:q_py_comparison_logic1,NonNestedIteration,SingleForLoopIteration
q_py_topic_logical_operators:q_py_comparison_logic1,NonNestedIteration,SingleWhileLoopIteration
q_py_topic_logical_operators:q_py_comparison_logic1,WhileLoopWithUpdate,WhileLoopWithListIndexing
q_py_topic_logical_operators:q_py_comparison_logic1,WhileLoopWithUpdate,WhileLoopWith*=
q_py_topic_logical_operators:q_py_comparison_logic1,WhileLoopWithUpdate,WhileLoopWith+=
q_py_topic_logical_operators:q_py_comparison_logic1,ForLoopWithUpdate,ForLoopWith+=
q_py_topic_logical_operators:q_py_comparison_logic1,ForLoopWithUpdate,ForLoopWith*=
q_py_topic_logical_operators:q_py_comparison_logic1,ForLoopWithUpdate,ForLoopWithListIndexing
q_py_topic_logical_operators:q_py_comparison_logic1,NestedLoopIteration,MixedNestedLoopIteration
q_py_topic_logical_operators:q_py_comparison_logic1,NestedLoopIteration,NestedForLoopIteration
q_py_topic_logical_operators:q_py_comparison_logic1,NestedLoopIteration,NestedWhileLoopIteration
q_py_topic_logical_operators:q_py_comparison_logic1,ArithmeticOperation,FindAbsolute
q_py_topic_logical_operators:q_py_comparison_logic1,ArithmeticOperation,FindRemainder
q_py_topic_logical_operators:q_py_comparison_logic1,ArithmeticOperation,FindMaximum
q_py_topic_logical_operators:q_py_comparison_logic1,ArithmeticOperation,Addition
q_py_topic_logical_operators:q_py_comparison_logic1,ArithmeticOperation,Round
q_py_topic_logical_operators:q_py_comparison_logic1,ArithmeticOperation,Power
q_py_topic_logical_operators:q_py_comparison_logic1,ArithmeticOperation,FindMinimum
q_py_topic_logical_operators:q_py_comparison_logic1,ArithmeticOperation,Substraction
q_py_topic_logical_operators:q_py_comparison_logic1,ArithmeticOperation,Division
q_py_topic_logical_operators:q_py_comparison_logic1,ArithmeticOperation,Multiplication
q_py_topic_logical_operators:q_py_comparison_logic1,HandlingInteger,TransformingToIntType
q_py_topic_logical_operators:q_py_comparison_logic1,HandlingTuple,CreatingTuple
q_py_topic_logical_operators:q_py_comparison_logic1,HandlingString,TrimmingString
q_py_topic_logical_operators:q_py_comparison_logic1,HandlingString,IndexingString
q_py_topic_logical_operators:q_py_comparison_logic1,HandlingString,SlicingString
q_py_topic_logical_operators:q_py_comparison_logic1,ModifyingStringCase,ConvertStringToUpperCase
q_py_topic_logical_operators:q_py_comparison_logic1,ModifyingStringCase,ConvertStringToLowerCase
q_py_topic_logical_operators:q_py_comparison_logic1,ModifyingStringCase,CapitalizeString
q_py_topic_logical_operators:q_py_comparison_logic1,HandlingError,HandlingSpecificError
q_py_topic_logical_operators:q_py_comparison_logic1,HandlingError,HandlingGeneralError
q_py_topic_loops:q_py_for_loop1,Python,Concatenation
q_py_topic_loops:q_py_for_loop1,Python,Importing
q_py_topic_loops:q_py_for_loop1,Python,FindingLength
q_py_topic_loops:q_py_for_loop1,Python,Printing
q_py_topic_loops:q_py_for_loop1,Python,CheckingForItem
q_py_topic_loops:q_py_for_loop1,Python,HandlingInput
q_py_topic_loops:q_py_for_loop1,CheckingCondition,IfElseChecking
q_py_topic_loops:q_py_for_loop1,CheckingCondition,AssertChecking
q_py_topic_loops:q_py_for_loop1,CheckingCondition,IfElifElseChecking
q_py_topic_loops:q_py_for_loop1,CheckingCondition,NestedIfChecking
q_py_topic_loops:q_py_for_loop1,CheckingCondition,IfChecking
q_py_topic_loops:q_py_for_loop1,CheckingCondition,IfElifChecking
q_py_topic_loops:q_py_for_loop1,CheckingCondition,BooleanEvaluating
q_py_topic_loops:q_py_for_loop1,CheckingInForLoop,IfElseCheckingInForLoop
q_py_topic_loops:q_py_for_loop1,CheckingInForLoop,IfElifCheckingInForLoop
q_py_topic_loops:q_py_for_loop1,CheckingInForLoop,IfCheckingInForLoop
q_py_topic_loops:q_py_for_loop1,CheckingInForLoop,IfElifElseCheckingInForLoop
q_py_topic_loops:q_py_for_loop1,CheckingInWhileLoop,IfElifElseCheckingInWhileLoop
q_py_topic_loops:q_py_for_loop1,CheckingInWhileLoop,IfCheckingInWhileLoop
q_py_topic_loops:q_py_for_loop1,CheckingInWhileLoop,IfElseCheckingInWhileLoop
q_py_topic_loops:q_py_for_loop1,CheckingInWhileLoop,IfElifCheckingInWhileLoop
q_py_topic_loops:q_py_for_loop1,ManagingVariable,SwappingVariablesValue
q_py_topic_loops:q_py_for_loop1,ManagingVariable,AssigningVariable
q_py_topic_loops:q_py_for_loop1,ManagingVariable,UpdatingVariable
q_py_topic_loops:q_py_for_loop1,HandlingAdvancedDataStructure,BinaryTreeTask
q_py_topic_loops:q_py_for_loop1,HandlingAdvancedDataStructure,LinkedListTask
q_py_topic_loops:q_py_for_loop1,HandlingAdvancedDataStructure,QueueTask
q_py_topic_loops:q_py_for_loop1,HandlingAdvancedDataStructure,StackTask
q_py_topic_loops:q_py_for_loop1,TwoDimensionalArrayTask,ReplacingElement2DArray
q_py_topic_loops:q_py_for_loop1,TwoDimensionalArrayTask,Indexing2DArray
q_py_topic_loops:q_py_for_loop1,TwoDimensionalArrayTask,Create2DArray
q_py_topic_loops:q_py_for_loop1,HandlingObjectOrientedProgramming,CallingOOPMethod
q_py_topic_loops:q_py_for_loop1,HandlingObjectOrientedProgramming,CreatingObject
q_py_topic_loops:q_py_for_loop1,HandlingObjectOrientedProgramming,DefiningClass
q_py_topic_loops:q_py_for_loop1,HandlingObjectOrientedProgramming,DefiningOOPMethod
q_py_topic_loops:q_py_for_loop1,HandlingFunction,CallingFunctionLibrary
q_py_topic_loops:q_py_for_loop1,HandlingFunction,NestedFunctionCall
q_py_topic_loops:q_py_for_loop1,HandlingFunctionCallingFunction,CallingFunctionCallingFunction
q_py_topic_loops:q_py_for_loop1,HandlingFunctionCallingFunction,DefiningFunctionCallingFunction
q_py_topic_loops:q_py_for_loop1,HandlingRecursiveFunction,CallingRecursiveFunction
q_py_topic_loops:q_py_for_loop1,HandlingRecursiveFunction,DefiningRecursiveFunction
q_py_topic_loops:q_py_for_loop1,HandlingNestedFunction,CallingNestedFunction
q_py_topic_loops:q_py_for_loop1,HandlingNestedFunction,DefiningNestedFunction
q_py_topic_loops:q_py_for_loop1,HandlingStandardFunction,CallingStandardFunction
q_py_topic_loops:q_py_for_loop1,HandlingStandardFunction,DefiningStandardFunction
q_py_topic_loops:q_py_for_loop1,NonNestedIteration,SingleWhileLoopIteration
q_py_topic_loops:q_py_for_loop1,WhileLoopWithUpdate,WhileLoopWithListIndexing
q_py_topic_loops:q_py_for_loop1,WhileLoopWithUpdate,WhileLoopWith*=
q_py_topic_loops:q_py_for_loop1,WhileLoopWithUpdate,WhileLoopWith+=
q_py_topic_loops:q_py_for_loop1,ForLoopWithUpdate,ForLoopWith*=
q_py_topic_loops:q_py_for_loop1,NestedLoopIteration,NestedWhileLoopIteration
q_py_topic_loops:q_py_for_loop1,ArithmeticOperation,FindAbsolute
q_py_topic_loops:q_py_for_loop1,ArithmeticOperation,FindRemainder
q_py_topic_loops:q_py_for_loop1,ArithmeticOperation,FindMaximum
q_py_topic_loops:q_py_for_loop1,ArithmeticOperation,Round
q_py_topic_loops:q_py_for_loop1,ArithmeticOperation,Power
q_py_topic_loops:q_py_for_loop1,ArithmeticOperation,FindMinimum
q_py_topic_loops:q_py_for_loop1,ArithmeticOperation,Substraction
q_py_topic_loops:q_py_for_loop1,ArithmeticOperation,Division
q_py_topic_loops:q_py_for_loop1,ArithmeticOperation,Multiplication
q_py_topic_loops:q_py_for_loop1,HandlingTuple,SlicingTuple
q_py_topic_loops:q_py_for_loop1,HandlingTuple,IndexingTuple
q_py_topic_loops:q_py_for_loop1,HandlingFloat,TransformingToFloatType
q_py_topic_loops:q_py_for_loop1,HandlingDictionary,ReplacingDictionaryElement
q_py_topic_loops:q_py_for_loop1,HandlingDictionary,IndexingDictionary
q_py_topic_loops:q_py_for_loop1,HandlingDictionary,AddingItemToDictionary
q_py_topic_loops:q_py_for_loop1,HandlingDictionary,AccessingDictionary
q_py_topic_loops:q_py_for_loop1,HandlingDictionary,CreatingDictionary
q_py_topic_loops:q_py_for_loop1,HandlingList,DeletingListElement
q_py_topic_loops:q_py_for_loop1,HandlingList,IndexingList
q_py_topic_loops:q_py_for_loop1,HandlingList,CreatingList
q_py_topic_loops:q_py_for_loop1,HandlingList,SlicingList
q_py_topic_loops:q_py_for_loop1,HandlingList,ReplacingListElement
q_py_topic_loops:q_py_for_loop1,HandlingList,ListReferencing
q_py_topic_loops:q_py_for_loop1,HandlingList,ReversingList
q_py_topic_loops:q_py_for_loop1,AddingListElement,AddingListElementWithInsert
q_py_topic_loops:q_py_for_loop1,AddingListElement,AddingListElementWithAppend
q_py_topic_loops:q_py_for_loop1,HandlingFile,ClosingFile
q_py_topic_loops:q_py_for_loop1,HandlingFile,ReadingLine
q_py_topic_loops:q_py_for_loop1,HandlingFile,OpeningFile
q_py_topic_loops:q_py_for_loop1,HandlingString,CreatingString
q_py_topic_loops:q_py_for_loop1,HandlingString,ReplacingStringContent
q_py_topic_loops:q_py_for_loop1,HandlingString,FormattingString
q_py_topic_loops:q_py_for_loop1,HandlingString,TransformingToStringType
q_py_topic_loops:q_py_for_loop1,HandlingString,SplittingString
q_py_topic_loops:q_py_nested_while1,Python,Concatenation
q_py_topic_loops:q_py_nested_while1,Python,Importing
q_py_topic_loops:q_py_nested_while1,Python,FindingLength
q_py_topic_loops:q_py_nested_while1,Python,Printing
q_py_topic_loops:q_py_nested_while1,Python,CheckingForItem
q_py_topic_loops:q_py_nested_while1,Python,HandlingInput
q_py_topic_loops:q_py_nested_while1,CheckingCondition,IfElseChecking
q_py_topic_loops:q_py_nested_while1,CheckingCondition,AssertChecking
q_py_topic_loops:q_py_nested_while1,CheckingCondition,IfElifElseChecking
q_py_topic_loops:q_py_nested_while1,CheckingCondition,NestedIfChecking
q_py_topic_loops:q_py_nested_while1,CheckingCondition,IfChecking
q_py_topic_loops:q_py_nested_while1,CheckingCondition,IfElifChecking
q_py_topic_loops:q_py_nested_while1,CheckingCondition,BooleanEvaluating
q_py_topic_loops:q_py_nested_while1,CheckingInForLoop,IfElseCheckingInForLoop
q_py_topic_loops:q_py_nested_while1,CheckingInForLoop,IfElifCheckingInForLoop
q_py_topic_loops:q_py_nested_while1,CheckingInForLoop,IfCheckingInForLoop
q_py_topic_loops:q_py_nested_while1,CheckingInForLoop,IfElifElseCheckingInForLoop
q_py_topic_loops:q_py_nested_while1,CheckingInWhileLoop,IfElifElseCheckingInWhileLoop
q_py_topic_loops:q_py_nested_while1,CheckingInWhileLoop,IfCheckingInWhileLoop
q_py_topic_loops:q_py_nested_while1,CheckingInWhileLoop,IfElseCheckingInWhileLoop
q_py_topic_loops:q_py_nested_while1,CheckingInWhileLoop,IfElifCheckingInWhileLoop
q_py_topic_loops:q_py_nested_while1,ManagingVariable,SwappingVariablesValue
q_py_topic_loops:q_py_nested_while1,HandlingAdvancedDataStructure,BinaryTreeTask
q_py_topic_loops:q_py_nested_while1,HandlingAdvancedDataStructure,LinkedListTask
q_py_topic_loops:q_py_nested_while1,HandlingAdvancedDataStructure,QueueTask
q_py_topic_loops:q_py_nested_while1,HandlingAdvancedDataStructure,StackTask
q_py_topic_loops:q_py_nested_while1,TwoDimensionalArrayTask,ReplacingElement2DArray
q_py_topic_loops:q_py_nested_while1,TwoDimensionalArrayTask,Indexing2DArray
q_py_topic_loops:q_py_nested_while1,TwoDimensionalArrayTask,Create2DArray
q_py_topic_loops:q_py_nested_while1,HandlingObjectOrientedProgramming,CallingOOPMethod
q_py_topic_loops:q_py_nested_while1,HandlingObjectOrientedProgramming,CreatingObject
q_py_topic_loops:q_py_nested_while1,HandlingObjectOrientedProgramming,DefiningClass
q_py_topic_loops:q_py_nested_while1,HandlingObjectOrientedProgramming,DefiningOOPMethod
q_py_topic_loops:q_py_nested_while1,HandlingFunction,CallingFunctionLibrary
q_py_topic_loops:q_py_nested_while1,HandlingFunction,NestedFunctionCall
q_py_topic_loops:q_py_nested_while1,HandlingFunctionCallingFunction,CallingFunctionCallingFunction
q_py_topic_loops:q_py_nested_while1,HandlingFunctionCallingFunction,DefiningFunctionCallingFunction
q_py_topic_loops:q_py_nested_while1,HandlingRecursiveFunction,CallingRecursiveFunction
q_py_topic_loops:q_py_nested_while1,HandlingRecursiveFunction,DefiningRecursiveFunction
q_py_topic_loops:q_py_nested_while1,HandlingNestedFunction,CallingNestedFunction
q_py_topic_loops:q_py_nested_while1,HandlingNestedFunction,DefiningNestedFunction
q_py_topic_loops:q_py_nested_while1,HandlingStandardFunction,CallingStandardFunction
q_py_topic_loops:q_py_nested_while1,HandlingStandardFunction,DefiningStandardFunction
q_py_topic_loops:q_py_nested_while1,NonNestedIteration,SingleForLoopIteration
q_py_topic_loops:q_py_nested_while1,ForLoopWithUpdate,ForLoopWith+=
q_py_topic_loops:q_py_nested_while1,ForLoopWithUpdate,ForLoopWith*=
q_py_topic_loops:q_py_nested_while1,ForLoopWithUpdate,ForLoopWithListIndexing
q_py_topic_loops:q_py_nested_while1,NestedLoopIteration,NestedForLoopIteration
q_py_topic_loops:q_py_nested_while1,HandlingDictionary,ReplacingDictionaryElement
q_py_topic_loops:q_py_while_loop1,HandlingFunctionCallingFunction,DefiningFunctionCallingFunction
q_py_topic_loops:q_py_while_loop1,NonNestedIteration,SingleWhileLoopIteration
q_py_topic_loops:q_py_while_loop1,WhileLoopWithUpdate,WhileLoopWithListIndexing
q_py_topic_loops:q_py_while_loop1,WhileLoopWithUpdate,WhileLoopWith*=
q_py_topic_loops:q_py_while_loop1,WhileLoopWithUpdate,WhileLoopWith+=
q_py_topic_loops:q_py_while_loop1,ForLoopWithUpdate,ForLoopWith+=
q_py_topic_loops:q_py_while_loop1,ForLoopWithUpdate,ForLoopWith*=
q_py_topic_loops:q_py_while_loop1,ForLoopWithUpdate,ForLoopWithListIndexing
q_py_topic_loops:q_py_while_loop1,NestedLoopIteration,MixedNestedLoopIteration
q_py_topic_loops:q_py_while_loop1,NestedLoopIteration,NestedForLoopIteration
q_py_topic_loops:q_py_while_loop1,NestedLoopIteration,NestedWhileLoopIteration
q_py_topic_loops:q_py_while_loop1,ArithmeticOperation,FindAbsolute
q_py_topic_loops:q_py_while_loop1,ArithmeticOperation,FindRemainder
q_py_topic_loops:q_py_while_loop1,ArithmeticOperation,FindMaximum
q_py_topic_loops:q_py_while_loop1,ArithmeticOperation,Addition
q_py_topic_loops:q_py_while_loop1,ArithmeticOperation,Round
q_py_topic_loops:q_py_while_loop1,ArithmeticOperation,Power
q_py_topic_loops:q_py_while_loop1,ArithmeticOperation,FindMinimum
q_py_topic_loops:q_py_while_loop1,ArithmeticOperation,Substraction
q_py_topic_loops:q_py_while_loop1,ArithmeticOperation,Division
q_py_topic_loops:q_py_while_loop1,ArithmeticOperation,Multiplication
q_py_topic_loops:q_py_while_loop1,HandlingInteger,TransformingToIntType
q_py_topic_loops:q_py_while_loop1,HandlingTuple,CreatingTuple
q_py_topic_loops:q_py_while_loop2,HandlingFunctionCallingFunction,DefiningFunctionCallingFunction
q_py_topic_loops:q_py_while_loop2,WhileLoopWithUpdate,WhileLoopWith*=
q_py_topic_loops:q_py_while_loop2,ForLoopWithUpdate,ForLoopWith+=
q_py_topic_loops:q_py_while_loop2,ForLoopWithUpdate,ForLoopWith*=
q_py_topic_loops:q_py_while_loop2,ForLoopWithUpdate,ForLoopWithListIndexing
q_py_topic_loops:q_py_while_loop2,ArithmeticOperation,FindAbsolute
q_py_topic_loops:q_py_while_loop2,ArithmeticOperation,FindRemainder
q_py_topic_loops:q_py_while_loop2,ArithmeticOperation,FindMaximum
q_py_topic_loops:q_py_while_loop2,ArithmeticOperation,Round
q_py_topic_loops:q_py_while_loop2,ArithmeticOperation,Power
q_py_topic_loops:q_py_while_loop2,ArithmeticOperation,FindMinimum
q_py_topic_loops:q_py_while_loop2,ArithmeticOperation,Substraction
q_py_topic_loops:q_py_while_loop2,ArithmeticOperation,Division
q_py_topic_loops:q_py_while_loop2,ArithmeticOperation,Multiplication
q_py_topic_loops:q_py_while_loop2,HandlingTuple,CreatingTuple
q_py_topic_output_formatting:q_py_output1,Python,Concatenation
q_py_topic_output_formatting:q_py_output1,Python,Importing
q_py_topic_output_formatting:q_py_output1,Python,FindingLength
q_py_topic_output_formatting:q_py_output1,Python,Printing
q_py_topic_output_formatting:q_py_output1,Python,CheckingForItem
q_py_topic_output_formatting:q_py_output1,Python,HandlingInput
q_py_topic_output_formatting:q_py_output1,CheckingCondition,IfElseChecking
q_py_topic_output_formatting:q_py_output1,CheckingCondition,AssertChecking
q_py_topic_output_formatting:q_py_output1,CheckingCondition,IfElifElseChecking
q_py_topic_output_formatting:q_py_output1,CheckingCondition,NestedIfChecking
q_py_topic_output_formatting:q_py_output1,CheckingCondition,IfChecking
q_py_topic_output_formatting:q_py_output1,CheckingCondition,IfElifChecking
q_py_topic_output_formatting:q_py_output1,CheckingCondition,BooleanEvaluating
q_py_topic_output_formatting:q_py_output1,CheckingInForLoop,IfElseCheckingInForLoop
q_py_topic_output_formatting:q_py_output1,CheckingInForLoop,IfElifCheckingInForLoop
q_py_topic_output_formatting:q_py_output1,CheckingInForLoop,IfCheckingInForLoop
q_py_topic_output_formatting:q_py_output1,CheckingInForLoop,IfElifElseCheckingInForLoop
q_py_topic_output_formatting:q_py_output1,CheckingInWhileLoop,IfElifElseCheckingInWhileLoop
q_py_topic_output_formatting:q_py_output1,CheckingInWhileLoop,IfCheckingInWhileLoop
q_py_topic_output_formatting:q_py_output1,CheckingInWhileLoop,IfElseCheckingInWhileLoop
q_py_topic_output_formatting:q_py_output1,CheckingInWhileLoop,IfElifCheckingInWhileLoop
q_py_topic_output_formatting:q_py_output1,ManagingVariable,SwappingVariablesValue
q_py_topic_output_formatting:q_py_output1,HandlingString,TrimmingString
q_py_topic_output_formatting:q_py_output1,HandlingString,IndexingString
q_py_topic_output_formatting:q_py_output1,HandlingString,SlicingString
q_py_topic_output_formatting:q_py_output1,ModifyingStringCase,ConvertStringToUpperCase
q_py_topic_output_formatting:q_py_output1,ModifyingStringCase,ConvertStringToLowerCase
q_py_topic_output_formatting:q_py_output1,ModifyingStringCase,CapitalizeString
q_py_topic_output_formatting:q_py_output1,HandlingError,HandlingSpecificError
q_py_topic_output_formatting:q_py_output1,HandlingError,HandlingGeneralError
q_py_topic_output_formatting:q_py_output2,HandlingFunctionCallingFunction,DefiningFunctionCallingFunction
q_py_topic_output_formatting:q_py_output2,NonNestedIteration,SingleWhileLoopIteration
q_py_topic_output_formatting:q_py_output2,WhileLoopWithUpdate,WhileLoopWithListIndexing
q_py_topic_output_formatting:q_py_output2,WhileLoopWithUpdate,WhileLoopWith*=
q_py_topic_output_formatting:q_py_output2,WhileLoopWithUpdate,WhileLoopWith+=
q_py_topic_output_formatting:q_py_output2,ForLoopWithUpdate,ForLoopWith+=
q_py_topic_output_formatting:q_py_output2,ForLoopWithUpdate,ForLoopWith*=
q_py_topic_output_formatting:q_py_output2,ForLoopWithUpdate,ForLoopWithListIndexing
q_py_topic_output_formatting:q_py_output2,NestedLoopIteration,MixedNestedLoopIteration
q_py_topic_output_formatting:q_py_output2,NestedLoopIteration,NestedForLoopIteration
q_py_topic_output_formatting:q_py_output2,NestedLoopIteration,NestedWhileLoopIteration
q_py_topic_output_formatting:q_py_output2,ArithmeticOperation,FindAbsolute
q_py_topic_output_formatting:q_py_output2,ArithmeticOperation,FindRemainder
q_py_topic_output_formatting:q_py_output2,ArithmeticOperation,FindMaximum
q_py_topic_output_formatting:q_py_output2,ArithmeticOperation,Addition
q_py_topic_output_formatting:q_py_output2,ArithmeticOperation,Round
q_py_topic_output_formatting:q_py_output2,ArithmeticOperation,Power
q_py_topic_output_formatting:q_py_output2,ArithmeticOperation,FindMinimum
q_py_topic_output_formatting:q_py_output2,ArithmeticOperation,Substraction
q_py_topic_output_formatting:q_py_output2,ArithmeticOperation,Division
q_py_topic_output_formatting:q_py_output2,ArithmeticOperation,Multiplication
q_py_topic_output_formatting:q_py_output2,HandlingInteger,TransformingToIntType
q_py_topic_output_formatting:q_py_output2,HandlingTuple,CreatingTuple
q_py_topic_output_formatting:q_py_output2,HandlingTuple,IndexingTuple
q_py_topic_output_formatting:q_py_output3,ManagingVariable,AssigningVariable
q_py_topic_output_formatting:q_py_output3,ManagingVariable,UpdatingVariable
q_py_topic_output_formatting:q_py_output3,HandlingAdvancedDataStructure,BinaryTreeTask
q_py_topic_output_formatting:q_py_output3,HandlingAdvancedDataStructure,LinkedListTask
q_py_topic_output_formatting:q_py_output3,HandlingAdvancedDataStructure,QueueTask
q_py_topic_output_formatting:q_py_output3,HandlingAdvancedDataStructure,StackTask
q_py_topic_output_formatting:q_py_output3,TwoDimensionalArrayTask,ReplacingElement2DArray
q_py_topic_output_formatting:q_py_output3,TwoDimensionalArrayTask,Indexing2DArray
q_py_topic_output_formatting:q_py_output3,TwoDimensionalArrayTask,Create2DArray
q_py_topic_output_formatting:q_py_output3,HandlingObjectOrientedProgramming,CallingOOPMethod
q_py_topic_output_formatting:q_py_output3,HandlingObjectOrientedProgramming,CreatingObject
q_py_topic_output_formatting:q_py_output3,HandlingObjectOrientedProgramming,DefiningClass
q_py_topic_output_formatting:q_py_output3,HandlingObjectOrientedProgramming,DefiningOOPMethod
q_py_topic_output_formatting:q_py_output3,HandlingFunction,CallingFunctionLibrary
q_py_topic_output_formatting:q_py_output3,HandlingFunction,NestedFunctionCall
q_py_topic_output_formatting:q_py_output3,HandlingFunctionCallingFunction,CallingFunctionCallingFunction
q_py_topic_output_formatting:q_py_output3,HandlingFunctionCallingFunction,DefiningFunctionCallingFunction
q_py_topic_output_formatting:q_py_output3,HandlingRecursiveFunction,CallingRecursiveFunction
q_py_topic_output_formatting:q_py_output3,HandlingRecursiveFunction,DefiningRecursiveFunction
q_py_topic_output_formatting:q_py_output3,HandlingNestedFunction,CallingNestedFunction
q_py_topic_output_formatting:q_py_output3,HandlingNestedFunction,DefiningNestedFunction
q_py_topic_output_formatting:q_py_output3,HandlingStandardFunction,CallingStandardFunction
q_py_topic_output_formatting:q_py_output3,HandlingStandardFunction,DefiningStandardFunction
q_py_topic_output_formatting:q_py_output3,NonNestedIteration,SingleForLoopIteration
q_py_topic_output_formatting:q_py_output3,NonNestedIteration,SingleWhileLoopIteration
q_py_topic_output_formatting:q_py_output3,WhileLoopWithUpdate,WhileLoopWithListIndexing
q_py_topic_output_formatting:q_py_output3,WhileLoopWithUpdate,WhileLoopWith*=
q_py_topic_output_formatting:q_py_output3,WhileLoopWithUpdate,WhileLoopWith+=
q_py_topic_output_formatting:q_py_output3,ForLoopWithUpdate,ForLoopWith+=
q_py_topic_output_formatting:q_py_output3,ForLoopWithUpdate,ForLoopWith*=
q_py_topic_output_formatting:q_py_output3,ForLoopWithUpdate,ForLoopWithListIndexing
q_py_topic_output_formatting:q_py_output3,NestedLoopIteration,MixedNestedLoopIteration
q_py_topic_output_formatting:q_py_output3,NestedLoopIteration,NestedForLoopIteration
q_py_topic_output_formatting:q_py_output3,NestedLoopIteration,NestedWhileLoopIteration
q_py_topic_output_formatting:q_py_output3,ArithmeticOperation,FindAbsolute
q_py_topic_output_formatting:q_py_output3,ArithmeticOperation,FindRemainder
q_py_topic_output_formatting:q_py_output3,ArithmeticOperation,FindMaximum
q_py_topic_output_formatting:q_py_output3,ArithmeticOperation,Round
q_py_topic_output_formatting:q_py_output3,ArithmeticOperation,Power
q_py_topic_output_formatting:q_py_output3,ArithmeticOperation,FindMinimum
q_py_topic_output_formatting:q_py_output3,ArithmeticOperation,Division
q_py_topic_output_formatting:q_py_output3,HandlingTuple,CreatingTuple
q_py_topic_output_formatting:q_py_output3,HandlingTuple,IndexingTuple
q_py_topic_output_formatting:q_py_output3,HandlingDictionary,ReplacingDictionaryElement
q_py_topic_output_formatting:q_py_output3,HandlingDictionary,IndexingDictionary
q_py_topic_output_formatting:q_py_output3,HandlingDictionary,AddingItemToDictionary
q_py_topic_output_formatting:q_py_output3,HandlingDictionary,AccessingDictionary
q_py_topic_output_formatting:q_py_output3,HandlingDictionary,CreatingDictionary
q_py_topic_output_formatting:q_py_output3,HandlingList,DeletingListElement
q_py_topic_output_formatting:q_py_output3,HandlingList,IndexingList
q_py_topic_output_formatting:q_py_output3,HandlingList,CreatingList
q_py_topic_output_formatting:q_py_output3,HandlingList,SlicingList
q_py_topic_output_formatting:q_py_output3,HandlingList,ReplacingListElement
q_py_topic_output_formatting:q_py_output3,HandlingList,ListReferencing
q_py_topic_output_formatting:q_py_output3,HandlingList,ReversingList
q_py_topic_output_formatting:q_py_output3,AddingListElement,AddingListElementWithInsert
q_py_topic_output_formatting:q_py_output3,AddingListElement,AddingListElementWithAppend
q_py_topic_output_formatting:q_py_output3,HandlingFile,ClosingFile
q_py_topic_output_formatting:q_py_output3,HandlingFile,ReadingLine
q_py_topic_output_formatting:q_py_output3,HandlingFile,OpeningFile
q_py_topic_output_formatting:q_py_output3,HandlingString,ReplacingStringContent
q_py_topic_output_formatting:q_py_output3,HandlingString,TransformingToStringType
q_py_topic_output_formatting:q_py_output3,HandlingString,SplittingString
q_py_topic_output_formatting:q_py_output4,Python,Concatenation
q_py_topic_output_formatting:q_py_output4,Python,Importing
q_py_topic_output_formatting:q_py_output4,Python,FindingLength
q_py_topic_output_formatting:q_py_output4,Python,Printing
q_py_topic_output_formatting:q_py_output4,Python,CheckingForItem
q_py_topic_output_formatting:q_py_output4,Python,HandlingInput
q_py_topic_output_formatting:q_py_output4,CheckingCondition,IfElseChecking
q_py_topic_output_formatting:q_py_output4,CheckingCondition,AssertChecking
q_py_topic_output_formatting:q_py_output4,CheckingCondition,IfElifElseChecking
q_py_topic_output_formatting:q_py_output4,CheckingCondition,NestedIfChecking
q_py_topic_output_formatting:q_py_output4,CheckingCondition,IfChecking
q_py_topic_output_formatting:q_py_output4,CheckingCondition,IfElifChecking
q_py_topic_output_formatting:q_py_output4,CheckingCondition,BooleanEvaluating
q_py_topic_output_formatting:q_py_output4,CheckingInForLoop,IfElseCheckingInForLoop
q_py_topic_output_formatting:q_py_output4,CheckingInForLoop,IfElifCheckingInForLoop
q_py_topic_output_formatting:q_py_output4,CheckingInForLoop,IfCheckingInForLoop
q_py_topic_output_formatting:q_py_output4,CheckingInForLoop,IfElifElseCheckingInForLoop
q_py_topic_output_formatting:q_py_output4,CheckingInWhileLoop,IfElifElseCheckingInWhileLoop
q_py_topic_output_formatting:q_py_output4,CheckingInWhileLoop,IfCheckingInWhileLoop
q_py_topic_output_formatting:q_py_output4,CheckingInWhileLoop,IfElseCheckingInWhileLoop
q_py_topic_output_formatting:q_py_output4,CheckingInWhileLoop,IfElifCheckingInWhileLoop
q_py_topic_output_formatting:q_py_output4,ManagingVariable,SwappingVariablesValue
q_py_topic_output_formatting:q_py_output4,ManagingVariable,AssigningVariable
q_py_topic_output_formatting:q_py_output4,ManagingVariable,UpdatingVariable
q_py_topic_output_formatting:q_py_output4,HandlingAdvancedDataStructure,BinaryTreeTask
q_py_topic_output_formatting:q_py_output4,HandlingAdvancedDataStructure,LinkedListTask
q_py_topic_output_formatting:q_py_output4,HandlingAdvancedDataStructure,QueueTask
q_py_topic_output_formatting:q_py_output4,HandlingAdvancedDataStructure,StackTask
q_py_topic_output_formatting:q_py_output4,TwoDimensionalArrayTask,ReplacingElement2DArray
q_py_topic_output_formatting:q_py_output4,TwoDimensionalArrayTask,Indexing2DArray
q_py_topic_output_formatting:q_py_output4,TwoDimensionalArrayTask,Create2DArray
q_py_topic_output_formatting:q_py_output4,HandlingObjectOrientedProgramming,CallingOOPMethod
q_py_topic_output_formatting:q_py_output4,HandlingObjectOrientedProgramming,CreatingObject
q_py_topic_output_formatting:q_py_output4,HandlingObjectOrientedProgramming,DefiningClass
q_py_topic_output_formatting:q_py_output4,HandlingObjectOrientedProgramming,DefiningOOPMethod
q_py_topic_output_formatting:q_py_output4,HandlingFunction,CallingFunctionLibrary
q_py_topic_output_formatting:q_py_output4,HandlingFunction,NestedFunctionCall
q_py_topic_output_formatting:q_py_output4,HandlingFunctionCallingFunction,CallingFunctionCallingFunction
q_py_topic_output_formatting:q_py_output4,HandlingFunctionCallingFunction,DefiningFunctionCallingFunction
q_py_topic_output_formatting:q_py_output4,HandlingRecursiveFunction,CallingRecursiveFunction
q_py_topic_output_formatting:q_py_output4,HandlingRecursiveFunction,DefiningRecursiveFunction
q_py_topic_output_formatting:q_py_output4,HandlingNestedFunction,CallingNestedFunction
q_py_topic_output_formatting:q_py_output4,HandlingNestedFunction,DefiningNestedFunction
q_py_topic_output_formatting:q_py_output4,HandlingStandardFunction,CallingStandardFunction
q_py_topic_output_formatting:q_py_output4,HandlingStandardFunction,DefiningStandardFunction
q_py_topic_output_formatting:q_py_output4,NonNestedIteration,SingleForLoopIteration
q_py_topic_output_formatting:q_py_output4,ArithmeticOperation,FindAbsolute
q_py_topic_output_formatting:q_py_output4,ArithmeticOperation,Power
q_py_topic_output_formatting:q_py_output4,ArithmeticOperation,FindMinimum
q_py_topic_references:q_py_int_ref1,HandlingAdvancedDataStructure,BinaryTreeTask
q_py_topic_references:q_py_int_ref1,HandlingAdvancedDataStructure,LinkedListTask
q_py_topic_references:q_py_int_ref1,HandlingAdvancedDataStructure,QueueTask
q_py_topic_references:q_py_int_ref1,HandlingAdvancedDataStructure,StackTask
q_py_topic_references:q_py_int_ref1,TwoDimensionalArrayTask,ReplacingElement2DArray
q_py_topic_references:q_py_int_ref1,TwoDimensionalArrayTask,Indexing2DArray
q_py_topic_references:q_py_int_ref1,TwoDimensionalArrayTask,Create2DArray
q_py_topic_references:q_py_int_ref1,HandlingObjectOrientedProgramming,CallingOOPMethod
q_py_topic_references:q_py_int_ref1,HandlingObjectOrientedProgramming,CreatingObject
q_py_topic_references:q_py_int_ref1,HandlingObjectOrientedProgramming,DefiningClass
q_py_topic_references:q_py_int_ref1,HandlingObjectOrientedProgramming,DefiningOOPMethod
q_py_topic_references:q_py_int_ref1,HandlingString,SplittingString
q_py_topic_references:q_py_int_ref1,HandlingString,TrimmingString
q_py_topic_references:q_py_int_ref1,HandlingString,IndexingString
q_py_topic_references:q_py_int_ref1,HandlingString,SlicingString
q_py_topic_references:q_py_int_ref1,ModifyingStringCase,ConvertStringToUpperCase
q_py_topic_references:q_py_int_ref1,ModifyingStringCase,ConvertStringToLowerCase
q_py_topic_references:q_py_int_ref1,ModifyingStringCase,CapitalizeString
q_py_topic_references:q_py_int_ref1,HandlingError,HandlingSpecificError
q_py_topic_references:q_py_int_ref1,HandlingError,HandlingGeneralError
q_py_topic_references:q_py_list_int_ref1,HandlingObjectOrientedProgramming,DefiningClass
q_py_topic_references:q_py_list_int_ref1,HandlingObjectOrientedProgramming,DefiningOOPMethod
q_py_topic_references:q_py_list_int_ref1,HandlingString,TrimmingString
q_py_topic_references:q_py_list_int_ref1,HandlingString,IndexingString
q_py_topic_references:q_py_list_int_ref1,HandlingString,SlicingString
q_py_topic_references:q_py_list_int_ref1,ModifyingStringCase,ConvertStringToUpperCase
q_py_topic_references:q_py_list_int_ref1,ModifyingStringCase,ConvertStringToLowerCase
q_py_topic_references:q_py_list_int_ref1,ModifyingStringCase,CapitalizeString
q_py_topic_references:q_py_list_int_ref1,HandlingError,HandlingSpecificError
q_py_topic_references:q_py_list_int_ref1,HandlingError,HandlingGeneralError
q_py_topic_references:q_py_list_str_ref1,HandlingAdvancedDataStructure,BinaryTreeTask
q_py_topic_references:q_py_list_str_ref1,HandlingAdvancedDataStructure,LinkedListTask
q_py_topic_references:q_py_list_str_ref1,HandlingAdvancedDataStructure,QueueTask
q_py_topic_references:q_py_list_str_ref1,HandlingAdvancedDataStructure,StackTask
q_py_topic_references:q_py_list_str_ref1,TwoDimensionalArrayTask,ReplacingElement2DArray
q_py_topic_references:q_py_list_str_ref1,TwoDimensionalArrayTask,Indexing2DArray
q_py_topic_references:q_py_list_str_ref1,TwoDimensionalArrayTask,Create2DArray
q_py_topic_references:q_py_list_str_ref1,HandlingFunctionCallingFunction,DefiningFunctionCallingFunction
q_py_topic_references:q_py_list_str_ref1,HandlingRecursiveFunction,CallingRecursiveFunction
q_py_topic_references:q_py_list_str_ref1,HandlingRecursiveFunction,DefiningRecursiveFunction
q_py_topic_references:q_py_list_str_ref1,HandlingNestedFunction,CallingNestedFunction
q_py_topic_references:q_py_list_str_ref1,HandlingNestedFunction,DefiningNestedFunction
q_py_topic_references:q_py_list_str_ref1,HandlingList,ReversingList
q_py_topic_references:q_py_str_ref1,HandlingAdvancedDataStructure,BinaryTreeTask
q_py_topic_references:q_py_str_ref1,HandlingAdvancedDataStructure,LinkedListTask
q_py_topic_references:q_py_str_ref1,HandlingAdvancedDataStructure,QueueTask
q_py_topic_references:q_py_str_ref1,HandlingAdvancedDataStructure,StackTask
q_py_topic_references:q_py_str_ref1,TwoDimensionalArrayTask,ReplacingElement2DArray
q_py_topic_references:q_py_str_ref1,TwoDimensionalArrayTask,Indexing2DArray
q_py_topic_references:q_py_str_ref1,TwoDimensionalArrayTask,Create2DArray
q_py_topic_references:q_py_str_ref1,HandlingObjectOrientedProgramming,CallingOOPMethod
q_py_topic_references:q_py_str_ref1,HandlingObjectOrientedProgramming,CreatingObject
q_py_topic_references:q_py_str_ref1,HandlingObjectOrientedProgramming,DefiningClass
q_py_topic_references:q_py_str_ref1,HandlingObjectOrientedProgramming,DefiningOOPMethod
q_py_topic_references:q_py_str_ref1,HandlingFunctionCallingFunction,DefiningFunctionCallingFunction
q_py_topic_references:q_py_str_ref1,NonNestedIteration,SingleWhileLoopIteration
q_py_topic_references:q_py_str_ref1,WhileLoopWithUpdate,WhileLoopWithListIndexing
q_py_topic_references:q_py_str_ref1,WhileLoopWithUpdate,WhileLoopWith*=
q_py_topic_references:q_py_str_ref1,WhileLoopWithUpdate,WhileLoopWith+=
q_py_topic_references:q_py_str_ref1,ForLoopWithUpdate,ForLoopWith+=
q_py_topic_references:q_py_str_ref1,ForLoopWithUpdate,ForLoopWith*=
q_py_topic_references:q_py_str_ref1,ForLoopWithUpdate,ForLoopWithListIndexing
q_py_topic_references:q_py_str_ref1,NestedLoopIteration,MixedNestedLoopIteration
q_py_topic_references:q_py_str_ref1,NestedLoopIteration,NestedForLoopIteration
q_py_topic_references:q_py_str_ref1,NestedLoopIteration,NestedWhileLoopIteration
q_py_topic_references:q_py_str_ref1,ArithmeticOperation,FindAbsolute
q_py_topic_references:q_py_str_ref1,ArithmeticOperation,FindRemainder
q_py_topic_references:q_py_str_ref1,ArithmeticOperation,FindMaximum
q_py_topic_references:q_py_str_ref1,ArithmeticOperation,Addition
q_py_topic_references:q_py_str_ref1,ArithmeticOperation,Round
q_py_topic_references:q_py_str_ref1,ArithmeticOperation,Power
q_py_topic_references:q_py_str_ref1,ArithmeticOperation,FindMinimum
q_py_topic_references:q_py_str_ref1,ArithmeticOperation,Substraction
q_py_topic_references:q_py_str_ref1,ArithmeticOperation,Division
q_py_topic_references:q_py_str_ref1,ArithmeticOperation,Multiplication
q_py_topic_references:q_py_str_ref1,HandlingInteger,TransformingToIntType
q_py_topic_references:q_py_str_ref1,HandlingTuple,CreatingTuple
q_py_topic_references:q_py_str_ref1,HandlingList,SlicingList
q_py_topic_strings:q_py_concat_strings1,Python,Concatenation
q_py_topic_strings:q_py_concat_strings1,Python,Importing
q_py_topic_strings:q_py_concat_strings1,Python,FindingLength
q_py_topic_strings:q_py_concat_strings1,Python,Printing
q_py_topic_strings:q_py_concat_strings1,Python,CheckingForItem
q_py_topic_strings:q_py_concat_strings1,Python,HandlingInput
q_py_topic_strings:q_py_concat_strings1,CheckingCondition,IfElseChecking
q_py_topic_strings:q_py_concat_strings1,CheckingCondition,AssertChecking
q_py_topic_strings:q_py_concat_strings1,CheckingCondition,IfElifElseChecking
q_py_topic_strings:q_py_concat_strings1,CheckingCondition,NestedIfChecking
q_py_topic_strings:q_py_concat_strings1,CheckingCondition,IfChecking
q_py_topic_strings:q_py_concat_strings1,CheckingCondition,IfElifChecking
q_py_topic_strings:q_py_concat_strings1,CheckingCondition,BooleanEvaluating
q_py_topic_strings:q_py_concat_strings1,CheckingInForLoop,IfElseCheckingInForLoop
q_py_topic_strings:q_py_concat_strings1,CheckingInForLoop,IfElifCheckingInForLoop
q_py_topic_strings:q_py_concat_strings1,CheckingInForLoop,IfCheckingInForLoop
q_py_topic_strings:q_py_concat_strings1,CheckingInForLoop,IfElifElseCheckingInForLoop
q_py_topic_strings:q_py_concat_strings1,CheckingInWhileLoop,IfElifElseCheckingInWhileLoop
q_py_topic_strings:q_py_concat_strings1,CheckingInWhileLoop,IfCheckingInWhileLoop
q_py_topic_strings:q_py_concat_strings1,CheckingInWhileLoop,IfElseCheckingInWhileLoop
q_py_topic_strings:q_py_concat_strings1,CheckingInWhileLoop,IfElifCheckingInWhileLoop
q_py_topic_strings:q_py_concat_strings1,ManagingVariable,SwappingVariablesValue
q_py_topic_strings:q_py_concat_strings1,HandlingFunctionCallingFunction,DefiningFunctionCallingFunction
q_py_topic_strings:q_py_concat_strings1,ForLoopWithUpdate,ForLoopWith+=
q_py_topic_strings:q_py_concat_strings1,ForLoopWithUpdate,ForLoopWith*=
q_py_topic_strings:q_py_concat_strings1,ForLoopWithUpdate,ForLoopWithListIndexing
q_py_topic_strings:q_py_concat_strings1,ArithmeticOperation,FindAbsolute
q_py_topic_strings:q_py_concat_strings1,ArithmeticOperation,FindRemainder
q_py_topic_strings:q_py_concat_strings1,ArithmeticOperation,FindMaximum
q_py_topic_strings:q_py_concat_strings1,ArithmeticOperation,Round
q_py_topic_strings:q_py_concat_strings1,ArithmeticOperation,Power
q_py_topic_strings:q_py_concat_strings1,ArithmeticOperation,FindMinimum
q_py_topic_strings:q_py_concat_strings1,ArithmeticOperation,Substraction
q_py_topic_strings:q_py_concat_strings1,ArithmeticOperation,Division
q_py_topic_strings:q_py_concat_strings1,HandlingDictionary,IndexingDictionary
q_py_topic_strings:q_py_concat_strings1,HandlingList,DeletingListElement
q_py_topic_strings:q_py_concat_strings1,AddingListElement,AddingListElementWithInsert
q_py_topic_strings:q_py_concat_strings1,AddingListElement,AddingListElementWithAppend
q_py_topic_strings:q_py_concat_strings1,HandlingString,TransformingToStringType
q_py_topic_strings:q_py_concat_strings1,ModifyingStringCase,ConvertStringToUpperCase
q_py_topic_strings:q_py_concat_strings1,ModifyingStringCase,ConvertStringToLowerCase
q_py_topic_strings:q_py_concat_strings1,ModifyingStringCase,CapitalizeString
q_py_topic_strings:q_py_concat_strings1,HandlingError,HandlingSpecificError
q_py_topic_strings:q_py_concat_strings1,HandlingError,HandlingGeneralError
ae_adl_objects3,HandlingAdvancedDataStructure,BinaryTreeTask
ae_adl_objects3,HandlingAdvancedDataStructure,LinkedListTask
ae_adl_objects3,HandlingAdvancedDataStructure,QueueTask
ae_adl_objects3,HandlingAdvancedDataStructure,StackTask
ae_adl_objects3,TwoDimensionalArrayTask,ReplacingElement2DArray
ae_adl_objects3,TwoDimensionalArrayTask,Indexing2DArray
ae_adl_objects3,TwoDimensionalArrayTask,Create2DArray
ae_adl_objects3,HandlingObjectOrientedProgramming,DefiningOOPMethod
ae_adl_objects3,HandlingFunction,NestedFunctionCall
ae_adl_objects3,HandlingFunctionCallingFunction,CallingFunctionCallingFunction
ae_adl_objects3,HandlingFunctionCallingFunction,DefiningFunctionCallingFunction
ae_adl_objects3,HandlingRecursiveFunction,CallingRecursiveFunction
ae_adl_objects3,HandlingRecursiveFunction,DefiningRecursiveFunction
ae_adl_objects3,HandlingNestedFunction,CallingNestedFunction
ae_adl_objects3,HandlingNestedFunction,DefiningNestedFunction
ae_adl_objects3,NonNestedIteration,SingleForLoopIteration
ae_adl_objects3,HandlingDictionary,ReplacingDictionaryElement
ae_adl_objects3,HandlingList,SlicingList
ae_python_assignment,Python,Concatenation
ae_python_assignment,Python,Importing
ae_python_assignment,Python,FindingLength
ae_python_assignment,Python,Printing
ae_python_assignment,Python,CheckingForItem
ae_python_assignment,Python,HandlingInput
ae_python_assignment,CheckingCondition,IfElseChecking
ae_python_assignment,CheckingCondition,AssertChecking
ae_python_assignment,CheckingCondition,IfElifElseChecking
ae_python_assignment,CheckingCondition,NestedIfChecking
ae_python_assignment,CheckingCondition,IfChecking
ae_python_assignment,CheckingCondition,IfElifChecking
ae_python_assignment,CheckingCondition,BooleanEvaluating
ae_python_assignment,CheckingInForLoop,IfElseCheckingInForLoop
ae_python_assignment,CheckingInForLoop,IfElifCheckingInForLoop
ae_python_assignment,CheckingInForLoop,IfCheckingInForLoop
ae_python_assignment,CheckingInForLoop,IfElifElseCheckingInForLoop
ae_python_assignment,CheckingInWhileLoop,IfElifElseCheckingInWhileLoop
ae_python_assignment,CheckingInWhileLoop,IfCheckingInWhileLoop
ae_python_assignment,CheckingInWhileLoop,IfElseCheckingInWhileLoop
ae_python_assignment,CheckingInWhileLoop,IfElifCheckingInWhileLoop
ae_python_assignment,ManagingVariable,SwappingVariablesValue
ae_python_input,ManagingVariable,UpdatingVariable
ae_python_float,HandlingDictionary,IndexingDictionary
ae_python_float,HandlingString,ReplacingStringContent
ae_python_if,Python,Concatenation
ae_python_if,Python,Importing
ae_python_if,Python,FindingLength
ae_python_if,Python,Printing
ae_python_if,Python,CheckingForItem
ae_python_if,Python,HandlingInput
ae_python_if,CheckingCondition,IfElseChecking
ae_python_if,CheckingCondition,AssertChecking
ae_python_if,CheckingCondition,IfElifElseChecking
ae_python_if,CheckingCondition,NestedIfChecking
ae_python_if,CheckingCondition,IfChecking
ae_python_if,CheckingCondition,IfElifChecking
ae_python_if,CheckingCondition,BooleanEvaluating
ae_python_if,CheckingInForLoop,IfElseCheckingInForLoop
ae_python_if,CheckingInForLoop,IfElifCheckingInForLoop
ae_python_if,CheckingInForLoop,IfCheckingInForLoop
ae_python_if,CheckingInForLoop,IfElifElseCheckingInForLoop
ae_python_if,CheckingInWhileLoop,IfElifElseCheckingInWhileLoop
ae_python_if,CheckingInWhileLoop,IfCheckingInWhileLoop
ae_python_if,CheckingInWhileLoop,IfElseCheckingInWhileLoop
ae_python_if,CheckingInWhileLoop,IfElifCheckingInWhileLoop
ae_python_if,ManagingVariable,SwappingVariablesValue
ae_python_if,HandlingString,ReplacingStringContent
ae_python_while,Python,Concatenation
ae_python_while,Python,Importing
ae_python_while,Python,FindingLength
ae_python_while,Python,Printing
ae_python_while,Python,CheckingForItem
ae_python_while,Python,HandlingInput
ae_python_while,CheckingCondition,IfElseChecking
ae_python_while,CheckingCondition,AssertChecking
ae_python_while,CheckingCondition,IfElifElseChecking
ae_python_while,CheckingCondition,NestedIfChecking
ae_python_while,CheckingCondition,IfChecking
ae_python_while,CheckingCondition,IfElifChecking
ae_python_while,CheckingCondition,BooleanEvaluating
ae_python_while,CheckingInForLoop,IfElseCheckingInForLoop
ae_python_while,CheckingInForLoop,IfElifCheckingInForLoop
ae_python_while,CheckingInForLoop,IfCheckingInForLoop
ae_python_while,CheckingInForLoop,IfElifElseCheckingInForLoop
ae_python_while,CheckingInWhileLoop,IfElifElseCheckingInWhileLoop
ae_python_while,CheckingInWhileLoop,IfCheckingInWhileLoop
ae_python_while,CheckingInWhileLoop,IfElseCheckingInWhileLoop
ae_python_while,CheckingInWhileLoop,IfElifCheckingInWhileLoop
ae_python_while,ManagingVariable,SwappingVariablesValue
ae_python_while,ForLoopWithUpdate,ForLoopWith+=
ae_python_while,ForLoopWithUpdate,ForLoopWith*=
ae_python_while,ForLoopWithUpdate,ForLoopWithListIndexing
ae_python_while,ArithmeticOperation,FindAbsolute
ae_python_while,ArithmeticOperation,FindRemainder
ae_python_while,ArithmeticOperation,FindMaximum
ae_python_while,ArithmeticOperation,Round
ae_python_while,ArithmeticOperation,Power
ae_python_while,ArithmeticOperation,FindMinimum
ae_python_while,ArithmeticOperation,Substraction
ae_python_while,ArithmeticOperation,Division
ae_python_while,ArithmeticOperation,Multiplication
ae_python_while,HandlingTuple,CreatingTuple
ae_python_while,HandlingTuple,SlicingTuple
ae_python_while,HandlingTuple,IndexingTuple
ae_python_for,Python,Concatenation
ae_python_for,Python,Importing
ae_python_for,Python,FindingLength
ae_python_for,Python,Printing
ae_python_for,Python,CheckingForItem
ae_python_for,Python,HandlingInput
ae_python_for,CheckingCondition,IfElseChecking
ae_python_for,CheckingCondition,AssertChecking
ae_python_for,CheckingCondition,IfElifElseChecking
ae_python_for,CheckingCondition,NestedIfChecking
ae_python_for,CheckingCondition,IfChecking
ae_python_for,CheckingCondition,IfElifChecking
ae_python_for,CheckingCondition,BooleanEvaluating
ae_python_for,CheckingInForLoop,IfElseCheckingInForLoop
ae_python_for,CheckingInForLoop,IfElifCheckingInForLoop
ae_python_for,CheckingInForLoop,IfCheckingInForLoop
ae_python_for,CheckingInForLoop,IfElifElseCheckingInForLoop
ae_python_for,CheckingInWhileLoop,IfElifElseCheckingInWhileLoop
ae_python_for,CheckingInWhileLoop,IfCheckingInWhileLoop
ae_python_for,CheckingInWhileLoop,IfElseCheckingInWhileLoop
ae_python_for,CheckingInWhileLoop,IfElifCheckingInWhileLoop
ae_python_for,ManagingVariable,SwappingVariablesValue
ae_python_for,HandlingFunctionCallingFunction,DefiningFunctionCallingFunction
ae_python_function,Python,CheckingForItem
ae_python_function,NonNestedIteration,SingleForLoopIteration
ae_python_list,HandlingTuple,SlicingTuple
ae_python_list,HandlingTuple,IndexingTuple
ae_python_list,HandlingFloat,TransformingToFloatType
ae_python_list,HandlingDictionary,ReplacingDictionaryElement
ae_python_list,HandlingDictionary,IndexingDictionary
ae_python_list,HandlingDictionary,AddingItemToDictionary
ae_python_list,HandlingDictionary,AccessingDictionary
ae_python_list,HandlingDictionary,CreatingDictionary
ae_python_list,HandlingList,DeletingListElement
ae_python_list,HandlingList,IndexingList
ae_python_list,HandlingList,CreatingList
ae_python_list,HandlingList,SlicingList
ae_python_list,HandlingList,ReplacingListElement
ae_python_list,HandlingList,ListReferencing
ae_python_list,HandlingList,ReversingList
ae_python_list,AddingListElement,AddingListElementWithInsert
ae_python_list,AddingListElement,AddingListElementWithAppend
ae_python_list,HandlingFile,ClosingFile
ae_python_list,HandlingFile,ReadingLine
ae_python_list,HandlingFile,OpeningFile
ae_python_list,HandlingString,CreatingString
ae_python_list,HandlingString,ReplacingStringContent
ae_python_list,HandlingString,FormattingString
ae_python_list,HandlingString,TransformingToStringType
ae_python_list,HandlingString,SplittingString
ae_python_split,Python,Concatenation
ae_python_split,Python,Importing
ae_python_split,Python,FindingLength
ae_python_split,Python,Printing
ae_python_split,Python,CheckingForItem
ae_python_split,Python,HandlingInput
ae_python_split,CheckingCondition,IfElseChecking
ae_python_split,CheckingCondition,AssertChecking
ae_python_split,CheckingCondition,IfElifElseChecking
ae_python_split,CheckingCondition,NestedIfChecking
ae_python_split,CheckingCondition,IfChecking
ae_python_split,CheckingCondition,IfElifChecking
ae_python_split,CheckingCondition,BooleanEvaluating
ae_python_split,CheckingInForLoop,IfElseCheckingInForLoop
ae_python_split,CheckingInForLoop,IfElifCheckingInForLoop
ae_python_split,CheckingInForLoop,IfCheckingInForLoop
ae_python_split,CheckingInForLoop,IfElifElseCheckingInForLoop
ae_python_split,CheckingInWhileLoop,IfElifElseCheckingInWhileLoop
ae_python_split,CheckingInWhileLoop,IfCheckingInWhileLoop
ae_python_split,CheckingInWhileLoop,IfElseCheckingInWhileLoop
ae_python_split,CheckingInWhileLoop,IfElifCheckingInWhileLoop
ae_python_split,ManagingVariable,SwappingVariablesValue
ae_python_split,HandlingFunctionCallingFunction,DefiningFunctionCallingFunction
ae_python_split,HandlingStandardFunction,CallingStandardFunction
ae_python_split,NonNestedIteration,SingleWhileLoopIteration
ae_python_split,ArithmeticOperation,FindAbsolute
ae_python_split,ArithmeticOperation,FindRemainder
ae_python_split,ArithmeticOperation,Round
ae_python_split,ArithmeticOperation,Power
ae_python_split,ArithmeticOperation,FindMinimum
ae_python_split,ArithmeticOperation,Substraction
ae_python_split,ArithmeticOperation,Division
ae_python_split,ArithmeticOperation,Multiplication
ae_python_split,HandlingList,SlicingList
ae_python_split,HandlingString,ReplacingStringContent
ae_python_file,NonNestedIteration,SingleWhileLoopIteration
ae_python_file,WhileLoopWithUpdate,WhileLoopWithListIndexing
ae_python_file,WhileLoopWithUpdate,WhileLoopWith*=
ae_python_file,WhileLoopWithUpdate,WhileLoopWith+=
ae_python_file,ForLoopWithUpdate,ForLoopWith+=
ae_python_file,ForLoopWithUpdate,ForLoopWith*=
ae_python_file,ForLoopWithUpdate,ForLoopWithListIndexing
ae_python_file,NestedLoopIteration,MixedNestedLoopIteration
ae_python_file,NestedLoopIteration,NestedForLoopIteration
ae_python_file,NestedLoopIteration,NestedWhileLoopIteration
ae_python_file,ArithmeticOperation,FindAbsolute
ae_python_file,ArithmeticOperation,FindRemainder
ae_python_file,ArithmeticOperation,FindMaximum
ae_python_file,ArithmeticOperation,Addition
ae_python_file,ArithmeticOperation,Round
ae_python_file,ArithmeticOperation,Power
ae_python_file,ArithmeticOperation,FindMinimum
ae_python_file,ArithmeticOperation,Substraction
ae_python_file,ArithmeticOperation,Division
ae_python_file,ArithmeticOperation,Multiplication
ae_python_file,HandlingInteger,TransformingToIntType
ae_python_file,HandlingTuple,CreatingTuple
ae_python_class1,NonNestedIteration,SingleWhileLoopIteration
ae_python_class1,WhileLoopWithUpdate,WhileLoopWithListIndexing
ae_python_class1,WhileLoopWithUpdate,WhileLoopWith*=
ae_python_class1,WhileLoopWithUpdate,WhileLoopWith+=
ae_python_class1,ForLoopWithUpdate,ForLoopWith+=
ae_python_class1,ForLoopWithUpdate,ForLoopWith*=
ae_python_class1,ForLoopWithUpdate,ForLoopWithListIndexing
ae_python_class1,NestedLoopIteration,MixedNestedLoopIteration
ae_python_class1,NestedLoopIteration,NestedForLoopIteration
ae_python_class1,NestedLoopIteration,NestedWhileLoopIteration
ae_python_class1,ArithmeticOperation,FindAbsolute
ae_python_class1,ArithmeticOperation,FindRemainder
ae_python_class1,ArithmeticOperation,FindMaximum
ae_python_class1,ArithmeticOperation,Addition
ae_python_class1,ArithmeticOperation,Round
ae_python_class1,ArithmeticOperation,Power
ae_python_class1,ArithmeticOperation,FindMinimum
ae_python_class1,ArithmeticOperation,Substraction
ae_python_class1,ArithmeticOperation,Division
ae_python_class1,ArithmeticOperation,Multiplication
ae_python_class1,HandlingInteger,TransformingToIntType
ae_python_class1,HandlingTuple,CreatingTuple
ae_python_class2,HandlingAdvancedDataStructure,BinaryTreeTask
ae_python_class2,HandlingAdvancedDataStructure,LinkedListTask
ae_python_class2,HandlingAdvancedDataStructure,QueueTask
ae_python_class2,HandlingAdvancedDataStructure,StackTask
ae_python_class2,TwoDimensionalArrayTask,ReplacingElement2DArray
ae_python_class2,TwoDimensionalArrayTask,Indexing2DArray
ae_python_class2,TwoDimensionalArrayTask,Create2DArray
ae_python_class2,ArithmeticOperation,FindAbsolute
ae_python_class2,HandlingString,TrimmingString
ae_python_class2,HandlingString,IndexingString
ae_python_class2,HandlingString,SlicingString
ae_python_class2,ModifyingStringCase,ConvertStringToUpperCase
ae_python_class2,ModifyingStringCase,ConvertStringToLowerCase
ae_python_class2,ModifyingStringCase,CapitalizeString
ae_python_class2,HandlingError,HandlingSpecificError
ae_python_class2,HandlingError,HandlingGeneralError
ae_adl_vals_refs2,Python,Concatenation
ae_adl_vals_refs2,Python,Importing
ae_adl_vals_refs2,Python,FindingLength
ae_adl_vals_refs2,Python,Printing
ae_adl_vals_refs2,Python,CheckingForItem
ae_adl_vals_refs2,Python,HandlingInput
ae_adl_vals_refs2,CheckingCondition,IfElseChecking
ae_adl_vals_refs2,CheckingCondition,AssertChecking
ae_adl_vals_refs2,CheckingCondition,IfElifElseChecking
ae_adl_vals_refs2,CheckingCondition,NestedIfChecking
ae_adl_vals_refs2,CheckingCondition,IfChecking
ae_adl_vals_refs2,CheckingCondition,IfElifChecking
ae_adl_vals_refs2,CheckingCondition,BooleanEvaluating
ae_adl_vals_refs2,CheckingInForLoop,IfElseCheckingInForLoop
ae_adl_vals_refs2,CheckingInForLoop,IfElifCheckingInForLoop
ae_adl_vals_refs2,CheckingInForLoop,IfCheckingInForLoop
ae_adl_vals_refs2,CheckingInForLoop,IfElifElseCheckingInForLoop
ae_adl_vals_refs2,CheckingInWhileLoop,IfElifElseCheckingInWhileLoop
ae_adl_vals_refs2,CheckingInWhileLoop,IfCheckingInWhileLoop
ae_adl_vals_refs2,CheckingInWhileLoop,IfElseCheckingInWhileLoop
ae_adl_vals_refs2,CheckingInWhileLoop,IfElifCheckingInWhileLoop
ae_adl_vals_refs2,ManagingVariable,SwappingVariablesValue
ae_adl_vals_refs2,HandlingFunction,NestedFunctionCall
ae_adl_vals_refs2,HandlingFunctionCallingFunction,DefiningFunctionCallingFunction
ae_adl_vals_refs2,HandlingNestedFunction,CallingNestedFunction
ae_adl_vals_refs2,HandlingStandardFunction,CallingStandardFunction
ae_adl_vals_refs2,HandlingList,ReversingList
ae_adl_vals_refs2,HandlingString,TrimmingString
ae_adl_vals_refs2,HandlingString,IndexingString
ae_adl_vals_refs2,HandlingString,SlicingString
ae_adl_vals_refs2,ModifyingStringCase,ConvertStringToUpperCase
ae_adl_vals_refs2,ModifyingStringCase,ConvertStringToLowerCase
ae_adl_vals_refs2,ModifyingStringCase,CapitalizeString
ae_adl_vals_refs2,HandlingError,HandlingSpecificError
ae_adl_vals_refs2,HandlingError,HandlingGeneralError
ae_adl_vals_refs3,ManagingVariable,AssigningVariable
ae_adl_vals_refs3,ManagingVariable,UpdatingVariable
ae_adl_vals_refs3,HandlingAdvancedDataStructure,BinaryTreeTask
ae_adl_vals_refs3,HandlingAdvancedDataStructure,LinkedListTask
ae_adl_vals_refs3,HandlingAdvancedDataStructure,QueueTask
ae_adl_vals_refs3,HandlingAdvancedDataStructure,StackTask
ae_adl_vals_refs3,TwoDimensionalArrayTask,ReplacingElement2DArray
ae_adl_vals_refs3,TwoDimensionalArrayTask,Indexing2DArray
ae_adl_vals_refs3,TwoDimensionalArrayTask,Create2DArray
ae_adl_vals_refs3,HandlingObjectOrientedProgramming,CallingOOPMethod
ae_adl_vals_refs3,HandlingObjectOrientedProgramming,CreatingObject
ae_adl_vals_refs3,HandlingObjectOrientedProgramming,DefiningClass
ae_adl_vals_refs3,HandlingObjectOrientedProgramming,DefiningOOPMethod
ae_adl_vals_refs3,HandlingFunction,CallingFunctionLibrary
ae_adl_vals_refs3,HandlingFunction,NestedFunctionCall
ae_adl_vals_refs3,HandlingFunctionCallingFunction,CallingFunctionCallingFunction
ae_adl_vals_refs3,HandlingFunctionCallingFunction,DefiningFunctionCallingFunction
ae_adl_vals_refs3,HandlingRecursiveFunction,CallingRecursiveFunction
ae_adl_vals_refs3,HandlingRecursiveFunction,DefiningRecursiveFunction
ae_adl_vals_refs3,HandlingNestedFunction,CallingNestedFunction
ae_adl_vals_refs3,HandlingNestedFunction,DefiningNestedFunction
ae_adl_vals_refs3,HandlingStandardFunction,CallingStandardFunction
ae_adl_vals_refs3,HandlingStandardFunction,DefiningStandardFunction
ae_adl_vals_refs3,NonNestedIteration,SingleForLoopIteration
ae_adl_tryexcept1,Python,Concatenation
ae_adl_tryexcept1,Python,Importing
ae_adl_tryexcept1,Python,FindingLength
ae_adl_tryexcept1,Python,Printing
ae_adl_tryexcept1,Python,CheckingForItem
ae_adl_tryexcept1,Python,HandlingInput
ae_adl_tryexcept1,CheckingCondition,IfElseChecking
ae_adl_tryexcept1,CheckingCondition,AssertChecking
ae_adl_tryexcept1,CheckingCondition,IfElifElseChecking
ae_adl_tryexcept1,CheckingCondition,NestedIfChecking
ae_adl_tryexcept1,CheckingCondition,IfChecking
ae_adl_tryexcept1,CheckingCondition,IfElifChecking
ae_adl_tryexcept1,CheckingCondition,BooleanEvaluating
ae_adl_tryexcept1,CheckingInForLoop,IfElseCheckingInForLoop
ae_adl_tryexcept1,CheckingInForLoop,IfElifCheckingInForLoop
ae_adl_tryexcept1,CheckingInForLoop,IfCheckingInForLoop
ae_adl_tryexcept1,CheckingInForLoop,IfElifElseCheckingInForLoop
ae_adl_tryexcept1,CheckingInWhileLoop,IfElifElseCheckingInWhileLoop
ae_adl_tryexcept1,CheckingInWhileLoop,IfCheckingInWhileLoop
ae_adl_tryexcept1,CheckingInWhileLoop,IfElseCheckingInWhileLoop
ae_adl_tryexcept1,CheckingInWhileLoop,IfElifCheckingInWhileLoop
ae_adl_tryexcept1,ManagingVariable,SwappingVariablesValue
ae_adl_tryexcept1,ManagingVariable,AssigningVariable
ae_adl_tryexcept1,ManagingVariable,UpdatingVariable
ae_adl_tryexcept1,HandlingAdvancedDataStructure,BinaryTreeTask
ae_adl_tryexcept1,HandlingAdvancedDataStructure,LinkedListTask
ae_adl_tryexcept1,HandlingAdvancedDataStructure,QueueTask
ae_adl_tryexcept1,HandlingAdvancedDataStructure,StackTask
ae_adl_tryexcept1,TwoDimensionalArrayTask,ReplacingElement2DArray
ae_adl_tryexcept1,TwoDimensionalArrayTask,Indexing2DArray
ae_adl_tryexcept1,TwoDimensionalArrayTask,Create2DArray
ae_adl_tryexcept1,HandlingObjectOrientedProgramming,CallingOOPMethod
ae_adl_tryexcept1,HandlingObjectOrientedProgramming,CreatingObject
ae_adl_tryexcept1,HandlingObjectOrientedProgramming,DefiningClass
ae_adl_tryexcept1,HandlingObjectOrientedProgramming,DefiningOOPMethod
ae_adl_tryexcept1,HandlingFunction,CallingFunctionLibrary
ae_adl_tryexcept1,HandlingFunction,NestedFunctionCall
ae_adl_tryexcept1,HandlingFunctionCallingFunction,CallingFunctionCallingFunction
ae_adl_tryexcept1,HandlingFunctionCallingFunction,DefiningFunctionCallingFunction
ae_adl_tryexcept1,HandlingRecursiveFunction,CallingRecursiveFunction
ae_adl_tryexcept1,HandlingRecursiveFunction,DefiningRecursiveFunction
ae_adl_tryexcept1,HandlingNestedFunction,CallingNestedFunction
ae_adl_tryexcept1,HandlingNestedFunction,DefiningNestedFunction
ae_adl_tryexcept1,HandlingStandardFunction,CallingStandardFunction
ae_adl_tryexcept1,HandlingStandardFunction,DefiningStandardFunction
ae_adl_tryexcept1,NonNestedIteration,SingleForLoopIteration
ae_adl_tryexcept2,Python,Concatenation
ae_adl_tryexcept2,Python,Importing
ae_adl_tryexcept2,Python,FindingLength
ae_adl_tryexcept2,Python,Printing
ae_adl_tryexcept2,Python,CheckingForItem
ae_adl_tryexcept2,Python,HandlingInput
ae_adl_tryexcept2,CheckingCondition,IfElseChecking
ae_adl_tryexcept2,CheckingCondition,AssertChecking
ae_adl_tryexcept2,CheckingCondition,IfElifElseChecking
ae_adl_tryexcept2,CheckingCondition,NestedIfChecking
ae_adl_tryexcept2,CheckingCondition,IfChecking
ae_adl_tryexcept2,CheckingCondition,IfElifChecking
ae_adl_tryexcept2,CheckingCondition,BooleanEvaluating
ae_adl_tryexcept2,CheckingInForLoop,IfElseCheckingInForLoop
ae_adl_tryexcept2,CheckingInForLoop,IfElifCheckingInForLoop
ae_adl_tryexcept2,CheckingInForLoop,IfCheckingInForLoop
ae_adl_tryexcept2,CheckingInForLoop,IfElifElseCheckingInForLoop
ae_adl_tryexcept2,CheckingInWhileLoop,IfElifElseCheckingInWhileLoop
ae_adl_tryexcept2,CheckingInWhileLoop,IfCheckingInWhileLoop
ae_adl_tryexcept2,CheckingInWhileLoop,IfElseCheckingInWhileLoop
ae_adl_tryexcept2,CheckingInWhileLoop,IfElifCheckingInWhileLoop
ae_adl_tryexcept2,ManagingVariable,SwappingVariablesValue
ae_adl_tryexcept2,HandlingAdvancedDataStructure,BinaryTreeTask
ae_adl_tryexcept2,HandlingAdvancedDataStructure,LinkedListTask
ae_adl_tryexcept2,HandlingAdvancedDataStructure,QueueTask
ae_adl_tryexcept2,HandlingAdvancedDataStructure,StackTask
ae_adl_tryexcept2,TwoDimensionalArrayTask,ReplacingElement2DArray
ae_adl_tryexcept2,TwoDimensionalArrayTask,Indexing2DArray
ae_adl_tryexcept2,TwoDimensionalArrayTask,Create2DArray
ae_adl_tryexcept2,HandlingObjectOrientedProgramming,DefiningOOPMethod
ae_adl_tryexcept2,HandlingFunctionCallingFunction,DefiningFunctionCallingFunction
ae_adl_tryexcept2,ArithmeticOperation,Multiplication
ae_adl_tryexcept2,HandlingString,ReplacingStringContent
ae_adl_tryexcept2,HandlingString,SplittingString
ae_adl_tryexcept2,HandlingString,TrimmingString
ae_adl_tryexcept2,HandlingString,IndexingString
ae_adl_tryexcept2,HandlingString,SlicingString
ae_adl_tryexcept2,ModifyingStringCase,ConvertStringToUpperCase
ae_adl_tryexcept2,ModifyingStringCase,ConvertStringToLowerCase
ae_adl_tryexcept2,ModifyingStringCase,CapitalizeString
ae_adl_tryexcept2,HandlingError,HandlingSpecificError
ae_adl_tryexcept2,HandlingError,HandlingGeneralError
ae_adl_file1,HandlingObjectOrientedProgramming,DefiningClass
ae_adl_file1,HandlingObjectOrientedProgramming,DefiningOOPMethod
ae_adl_file1,HandlingFunctionCallingFunction,CallingFunctionCallingFunction
ae_adl_file1,HandlingFunctionCallingFunction,DefiningFunctionCallingFunction
ae_adl_file1,NonNestedIteration,SingleWhileLoopIteration
ae_adl_file1,WhileLoopWithUpdate,WhileLoopWithListIndexing
ae_adl_file1,WhileLoopWithUpdate,WhileLoopWith*=
ae_adl_file1,WhileLoopWithUpdate,WhileLoopWith+=
ae_adl_file1,ForLoopWithUpdate,ForLoopWith+=
ae_adl_file1,ForLoopWithUpdate,ForLoopWith*=
ae_adl_file1,ForLoopWithUpdate,ForLoopWithListIndexing
ae_adl_file1,NestedLoopIteration,MixedNestedLoopIteration
ae_adl_file1,NestedLoopIteration,NestedForLoopIteration
ae_adl_file1,NestedLoopIteration,NestedWhileLoopIteration
ae_adl_file1,ArithmeticOperation,FindAbsolute
ae_adl_file1,ArithmeticOperation,FindRemainder
ae_adl_file1,ArithmeticOperation,FindMaximum
ae_adl_file1,ArithmeticOperation,Addition
ae_adl_file1,ArithmeticOperation,Round
ae_adl_file1,ArithmeticOperation,Power
ae_adl_file1,ArithmeticOperation,FindMinimum
ae_adl_file1,ArithmeticOperation,Substraction
ae_adl_file1,ArithmeticOperation,Division
ae_adl_file1,ArithmeticOperation,Multiplication
ae_adl_file1,HandlingInteger,TransformingToIntType
ae_adl_file1,HandlingTuple,CreatingTuple
ae_adl_file1,HandlingString,SplittingString
ae_adl_file1,HandlingString,TrimmingString
ae_adl_file1,HandlingString,IndexingString
ae_adl_file1,HandlingString,SlicingString
ae_adl_file1,ModifyingStringCase,ConvertStringToUpperCase
ae_adl_file1,ModifyingStringCase,ConvertStringToLowerCase
ae_adl_file1,ModifyingStringCase,CapitalizeString
ae_adl_file1,HandlingError,HandlingSpecificError
ae_adl_file1,HandlingError,HandlingGeneralError
ae_adl_file2,Python,Concatenation
ae_adl_file2,Python,Importing
ae_adl_file2,Python,FindingLength
ae_adl_file2,Python,Printing
ae_adl_file2,Python,CheckingForItem
ae_adl_file2,Python,HandlingInput
ae_adl_file2,CheckingCondition,IfElseChecking
ae_adl_file2,CheckingCondition,AssertChecking
ae_adl_file2,CheckingCondition,IfElifElseChecking
ae_adl_file2,CheckingCondition,NestedIfChecking
ae_adl_file2,CheckingCondition,IfChecking
ae_adl_file2,CheckingCondition,IfElifChecking
ae_adl_file2,CheckingCondition,BooleanEvaluating
ae_adl_file2,CheckingInForLoop,IfElseCheckingInForLoop
ae_adl_file2,CheckingInForLoop,IfElifCheckingInForLoop
ae_adl_file2,CheckingInForLoop,IfCheckingInForLoop
ae_adl_file2,CheckingInForLoop,IfElifElseCheckingInForLoop
ae_adl_file2,CheckingInWhileLoop,IfElifElseCheckingInWhileLoop
ae_adl_file2,CheckingInWhileLoop,IfCheckingInWhileLoop
ae_adl_file2,CheckingInWhileLoop,IfElseCheckingInWhileLoop
ae_adl_file2,CheckingInWhileLoop,IfElifCheckingInWhileLoop
ae_adl_file2,ManagingVariable,SwappingVariablesValue
q_py_topic_strings:q_py_substring1,NonNestedIteration,SingleWhileLoopIteration
q_py_topic_strings:q_py_substring1,WhileLoopWithUpdate,WhileLoopWithListIndexing
q_py_topic_strings:q_py_substring1,WhileLoopWithUpdate,WhileLoopWith*=
q_py_topic_strings:q_py_substring1,WhileLoopWithUpdate,WhileLoopWith+=
q_py_topic_strings:q_py_substring1,ForLoopWithUpdate,ForLoopWith+=
q_py_topic_strings:q_py_substring1,ForLoopWithUpdate,ForLoopWith*=
q_py_topic_strings:q_py_substring1,ForLoopWithUpdate,ForLoopWithListIndexing
q_py_topic_strings:q_py_substring1,NestedLoopIteration,MixedNestedLoopIteration
q_py_topic_strings:q_py_substring1,NestedLoopIteration,NestedForLoopIteration
q_py_topic_strings:q_py_substring1,NestedLoopIteration,NestedWhileLoopIteration
q_py_topic_strings:q_py_substring1,ArithmeticOperation,FindAbsolute
q_py_topic_strings:q_py_substring1,ArithmeticOperation,FindRemainder
q_py_topic_strings:q_py_substring1,ArithmeticOperation,FindMaximum
q_py_topic_strings:q_py_substring1,ArithmeticOperation,Addition
q_py_topic_strings:q_py_substring1,ArithmeticOperation,Round
q_py_topic_strings:q_py_substring1,ArithmeticOperation,Power
q_py_topic_strings:q_py_substring1,ArithmeticOperation,FindMinimum
q_py_topic_strings:q_py_substring1,ArithmeticOperation,Substraction
q_py_topic_strings:q_py_substring1,ArithmeticOperation,Division
q_py_topic_strings:q_py_substring1,ArithmeticOperation,Multiplication
q_py_topic_strings:q_py_substring1,HandlingInteger,TransformingToIntType
q_py_topic_strings:q_py_substring1,HandlingTuple,CreatingTuple
q_py_topic_strings:q_py_substring1,HandlingTuple,IndexingTuple
q_py_topic_two_dimensional_array:q_py_2d_arrays1,ManagingVariable,AssigningVariable
q_py_topic_two_dimensional_array:q_py_2d_arrays1,ManagingVariable,UpdatingVariable
q_py_topic_two_dimensional_array:q_py_2d_arrays1,HandlingAdvancedDataStructure,BinaryTreeTask
q_py_topic_two_dimensional_array:q_py_2d_arrays1,HandlingAdvancedDataStructure,LinkedListTask
q_py_topic_two_dimensional_array:q_py_2d_arrays1,HandlingAdvancedDataStructure,QueueTask
q_py_topic_two_dimensional_array:q_py_2d_arrays1,HandlingAdvancedDataStructure,StackTask
q_py_topic_two_dimensional_array:q_py_2d_arrays1,TwoDimensionalArrayTask,ReplacingElement2DArray
q_py_topic_two_dimensional_array:q_py_2d_arrays1,TwoDimensionalArrayTask,Indexing2DArray
q_py_topic_two_dimensional_array:q_py_2d_arrays1,TwoDimensionalArrayTask,Create2DArray
q_py_topic_two_dimensional_array:q_py_2d_arrays1,HandlingObjectOrientedProgramming,CallingOOPMethod
q_py_topic_two_dimensional_array:q_py_2d_arrays1,HandlingObjectOrientedProgramming,CreatingObject
q_py_topic_two_dimensional_array:q_py_2d_arrays1,HandlingObjectOrientedProgramming,DefiningClass
q_py_topic_two_dimensional_array:q_py_2d_arrays1,HandlingObjectOrientedProgramming,DefiningOOPMethod
q_py_topic_two_dimensional_array:q_py_2d_arrays1,HandlingFunction,CallingFunctionLibrary
q_py_topic_two_dimensional_array:q_py_2d_arrays1,HandlingFunction,NestedFunctionCall
q_py_topic_two_dimensional_array:q_py_2d_arrays1,HandlingFunctionCallingFunction,CallingFunctionCallingFunction
q_py_topic_two_dimensional_array:q_py_2d_arrays1,HandlingFunctionCallingFunction,DefiningFunctionCallingFunction
q_py_topic_two_dimensional_array:q_py_2d_arrays1,HandlingRecursiveFunction,CallingRecursiveFunction
q_py_topic_two_dimensional_array:q_py_2d_arrays1,HandlingRecursiveFunction,DefiningRecursiveFunction
q_py_topic_two_dimensional_array:q_py_2d_arrays1,HandlingNestedFunction,CallingNestedFunction
q_py_topic_two_dimensional_array:q_py_2d_arrays1,HandlingNestedFunction,DefiningNestedFunction
q_py_topic_two_dimensional_array:q_py_2d_arrays1,HandlingStandardFunction,CallingStandardFunction
q_py_topic_two_dimensional_array:q_py_2d_arrays1,HandlingStandardFunction,DefiningStandardFunction
q_py_topic_two_dimensional_array:q_py_2d_arrays1,NonNestedIteration,SingleForLoopIteration
q_py_topic_two_dimensional_array:q_py_2d_arrays1,HandlingTuple,SlicingTuple
q_py_topic_two_dimensional_array:q_py_2d_arrays1,HandlingTuple,IndexingTuple
q_py_topic_two_dimensional_array:q_py_2d_arrays1,HandlingFloat,TransformingToFloatType
q_py_topic_two_dimensional_array:q_py_2d_arrays1,HandlingDictionary,ReplacingDictionaryElement
q_py_topic_two_dimensional_array:q_py_2d_arrays1,HandlingDictionary,IndexingDictionary
q_py_topic_two_dimensional_array:q_py_2d_arrays1,HandlingDictionary,AddingItemToDictionary
q_py_topic_two_dimensional_array:q_py_2d_arrays1,HandlingDictionary,AccessingDictionary
q_py_topic_two_dimensional_array:q_py_2d_arrays1,HandlingDictionary,CreatingDictionary
q_py_topic_two_dimensional_array:q_py_2d_arrays1,HandlingList,DeletingListElement
q_py_topic_two_dimensional_array:q_py_2d_arrays1,HandlingList,IndexingList
q_py_topic_two_dimensional_array:q_py_2d_arrays1,HandlingList,CreatingList
q_py_topic_two_dimensional_array:q_py_2d_arrays1,HandlingList,SlicingList
q_py_topic_two_dimensional_array:q_py_2d_arrays1,HandlingList,ReplacingListElement
q_py_topic_two_dimensional_array:q_py_2d_arrays1,HandlingList,ListReferencing
q_py_topic_two_dimensional_array:q_py_2d_arrays1,HandlingList,ReversingList
q_py_topic_two_dimensional_array:q_py_2d_arrays1,AddingListElement,AddingListElementWithInsert
q_py_topic_two_dimensional_array:q_py_2d_arrays1,AddingListElement,AddingListElementWithAppend
q_py_topic_two_dimensional_array:q_py_2d_arrays1,HandlingFile,ClosingFile
q_py_topic_two_dimensional_array:q_py_2d_arrays1,HandlingFile,ReadingLine
q_py_topic_two_dimensional_array:q_py_2d_arrays1,HandlingFile,OpeningFile
q_py_topic_two_dimensional_array:q_py_2d_arrays1,HandlingString,CreatingString
q_py_topic_two_dimensional_array:q_py_2d_arrays1,HandlingString,ReplacingStringContent
q_py_topic_two_dimensional_array:q_py_2d_arrays1,HandlingString,FormattingString
q_py_topic_two_dimensional_array:q_py_2d_arrays1,HandlingString,TransformingToStringType
q_py_topic_two_dimensional_array:q_py_2d_arrays1,HandlingString,SplittingString
q_py_topic_two_dimensional_array:q_py_2d_arrays2,HandlingAdvancedDataStructure,BinaryTreeTask
q_py_topic_two_dimensional_array:q_py_2d_arrays2,HandlingAdvancedDataStructure,LinkedListTask
q_py_topic_two_dimensional_array:q_py_2d_arrays2,HandlingAdvancedDataStructure,QueueTask
q_py_topic_two_dimensional_array:q_py_2d_arrays2,HandlingAdvancedDataStructure,StackTask
q_py_topic_two_dimensional_array:q_py_2d_arrays2,TwoDimensionalArrayTask,ReplacingElement2DArray
q_py_topic_two_dimensional_array:q_py_2d_arrays2,HandlingObjectOrientedProgramming,CallingOOPMethod
q_py_topic_two_dimensional_array:q_py_2d_arrays2,HandlingObjectOrientedProgramming,CreatingObject
q_py_topic_two_dimensional_array:q_py_2d_arrays2,HandlingObjectOrientedProgramming,DefiningClass
q_py_topic_two_dimensional_array:q_py_2d_arrays2,HandlingObjectOrientedProgramming,DefiningOOPMethod
q_py_topic_two_dimensional_array:q_py_2d_arrays2,HandlingFunctionCallingFunction,CallingFunctionCallingFunction
q_py_topic_two_dimensional_array:q_py_2d_arrays2,HandlingFunctionCallingFunction,DefiningFunctionCallingFunction
q_py_topic_two_dimensional_array:q_py_2d_arrays2,HandlingRecursiveFunction,CallingRecursiveFunction
q_py_topic_two_dimensional_array:q_py_2d_arrays2,HandlingRecursiveFunction,DefiningRecursiveFunction
q_py_topic_two_dimensional_array:q_py_2d_arrays2,HandlingNestedFunction,CallingNestedFunction
q_py_topic_two_dimensional_array:q_py_2d_arrays2,HandlingNestedFunction,DefiningNestedFunction
q_py_topic_two_dimensional_array:q_py_2d_arrays2,HandlingStandardFunction,CallingStandardFunction
q_py_topic_two_dimensional_array:q_py_2d_arrays2,HandlingStandardFunction,DefiningStandardFunction
q_py_topic_two_dimensional_array:q_py_2d_arrays2,NonNestedIteration,SingleWhileLoopIteration
q_py_topic_two_dimensional_array:q_py_2d_arrays2,WhileLoopWithUpdate,WhileLoopWithListIndexing
q_py_topic_two_dimensional_array:q_py_2d_arrays2,WhileLoopWithUpdate,WhileLoopWith*=
q_py_topic_two_dimensional_array:q_py_2d_arrays2,WhileLoopWithUpdate,WhileLoopWith+=
q_py_topic_two_dimensional_array:q_py_2d_arrays2,ForLoopWithUpdate,ForLoopWith+=
q_py_topic_two_dimensional_array:q_py_2d_arrays2,ForLoopWithUpdate,ForLoopWith*=
q_py_topic_two_dimensional_array:q_py_2d_arrays2,NestedLoopIteration,MixedNestedLoopIteration
q_py_topic_two_dimensional_array:q_py_2d_arrays2,NestedLoopIteration,NestedWhileLoopIteration
q_py_topic_two_dimensional_array:q_py_2d_arrays2,ArithmeticOperation,FindAbsolute
q_py_topic_two_dimensional_array:q_py_2d_arrays2,ArithmeticOperation,FindRemainder
q_py_topic_two_dimensional_array:q_py_2d_arrays2,ArithmeticOperation,Round
q_py_topic_two_dimensional_array:q_py_2d_arrays2,ArithmeticOperation,Power
q_py_topic_two_dimensional_array:q_py_2d_arrays2,ArithmeticOperation,FindMinimum
q_py_topic_two_dimensional_array:q_py_2d_arrays2,ArithmeticOperation,Division
q_py_topic_two_dimensional_array:q_py_2d_arrays2,ArithmeticOperation,Multiplication
q_py_topic_two_dimensional_array:q_py_2d_arrays3,HandlingAdvancedDataStructure,BinaryTreeTask
q_py_topic_two_dimensional_array:q_py_2d_arrays3,HandlingAdvancedDataStructure,LinkedListTask
q_py_topic_two_dimensional_array:q_py_2d_arrays3,HandlingAdvancedDataStructure,QueueTask
q_py_topic_two_dimensional_array:q_py_2d_arrays3,HandlingAdvancedDataStructure,StackTask
q_py_topic_two_dimensional_array:q_py_2d_arrays3,HandlingObjectOrientedProgramming,CallingOOPMethod
q_py_topic_two_dimensional_array:q_py_2d_arrays3,HandlingObjectOrientedProgramming,CreatingObject
q_py_topic_two_dimensional_array:q_py_2d_arrays3,HandlingObjectOrientedProgramming,DefiningClass
q_py_topic_two_dimensional_array:q_py_2d_arrays3,HandlingObjectOrientedProgramming,DefiningOOPMethod
q_py_topic_two_dimensional_array:q_py_2d_arrays3,HandlingFunction,NestedFunctionCall
q_py_topic_two_dimensional_array:q_py_2d_arrays3,HandlingFunctionCallingFunction,CallingFunctionCallingFunction
q_py_topic_two_dimensional_array:q_py_2d_arrays3,HandlingFunctionCallingFunction,DefiningFunctionCallingFunction
q_py_topic_two_dimensional_array:q_py_2d_arrays3,HandlingRecursiveFunction,CallingRecursiveFunction
q_py_topic_two_dimensional_array:q_py_2d_arrays3,HandlingRecursiveFunction,DefiningRecursiveFunction
q_py_topic_two_dimensional_array:q_py_2d_arrays3,HandlingNestedFunction,CallingNestedFunction
q_py_topic_two_dimensional_array:q_py_2d_arrays3,HandlingNestedFunction,DefiningNestedFunction
q_py_topic_two_dimensional_array:q_py_2d_arrays3,HandlingStandardFunction,CallingStandardFunction
q_py_topic_two_dimensional_array:q_py_2d_arrays3,HandlingStandardFunction,DefiningStandardFunction
q_py_topic_two_dimensional_array:q_py_2d_arrays4,Python,Concatenation
q_py_topic_two_dimensional_array:q_py_2d_arrays4,Python,Importing
q_py_topic_two_dimensional_array:q_py_2d_arrays4,Python,FindingLength
q_py_topic_two_dimensional_array:q_py_2d_arrays4,Python,Printing
q_py_topic_two_dimensional_array:q_py_2d_arrays4,Python,CheckingForItem
q_py_topic_two_dimensional_array:q_py_2d_arrays4,Python,HandlingInput
q_py_topic_two_dimensional_array:q_py_2d_arrays4,CheckingCondition,IfElseChecking
q_py_topic_two_dimensional_array:q_py_2d_arrays4,CheckingCondition,AssertChecking
q_py_topic_two_dimensional_array:q_py_2d_arrays4,CheckingCondition,IfElifElseChecking
q_py_topic_two_dimensional_array:q_py_2d_arrays4,CheckingCondition,NestedIfChecking
q_py_topic_two_dimensional_array:q_py_2d_arrays4,CheckingCondition,IfChecking
q_py_topic_two_dimensional_array:q_py_2d_arrays4,CheckingCondition,IfElifChecking
q_py_topic_two_dimensional_array:q_py_2d_arrays4,CheckingCondition,BooleanEvaluating
q_py_topic_two_dimensional_array:q_py_2d_arrays4,CheckingInForLoop,IfElseCheckingInForLoop
q_py_topic_two_dimensional_array:q_py_2d_arrays4,CheckingInForLoop,IfElifCheckingInForLoop
q_py_topic_two_dimensional_array:q_py_2d_arrays4,CheckingInForLoop,IfCheckingInForLoop
q_py_topic_two_dimensional_array:q_py_2d_arrays4,CheckingInForLoop,IfElifElseCheckingInForLoop
q_py_topic_two_dimensional_array:q_py_2d_arrays4,CheckingInWhileLoop,IfElifElseCheckingInWhileLoop
q_py_topic_two_dimensional_array:q_py_2d_arrays4,CheckingInWhileLoop,IfCheckingInWhileLoop
q_py_topic_two_dimensional_array:q_py_2d_arrays4,CheckingInWhileLoop,IfElseCheckingInWhileLoop
q_py_topic_two_dimensional_array:q_py_2d_arrays4,CheckingInWhileLoop,IfElifCheckingInWhileLoop
q_py_topic_two_dimensional_array:q_py_2d_arrays4,ManagingVariable,SwappingVariablesValue
q_py_topic_two_dimensional_array:q_py_2d_arrays4,HandlingAdvancedDataStructure,BinaryTreeTask
q_py_topic_two_dimensional_array:q_py_2d_arrays4,HandlingAdvancedDataStructure,LinkedListTask
q_py_topic_two_dimensional_array:q_py_2d_arrays4,HandlingAdvancedDataStructure,QueueTask
q_py_topic_two_dimensional_array:q_py_2d_arrays4,HandlingAdvancedDataStructure,StackTask
q_py_topic_two_dimensional_array:q_py_2d_arrays4,HandlingObjectOrientedProgramming,CallingOOPMethod
q_py_topic_two_dimensional_array:q_py_2d_arrays4,HandlingObjectOrientedProgramming,CreatingObject
q_py_topic_two_dimensional_array:q_py_2d_arrays4,HandlingObjectOrientedProgramming,DefiningClass
q_py_topic_two_dimensional_array:q_py_2d_arrays4,HandlingObjectOrientedProgramming,DefiningOOPMethod
q_py_topic_two_dimensional_array:q_py_2d_arrays4,HandlingFunction,NestedFunctionCall
q_py_topic_two_dimensional_array:q_py_2d_arrays4,HandlingFunctionCallingFunction,CallingFunctionCallingFunction
q_py_topic_two_dimensional_array:q_py_2d_arrays4,HandlingFunctionCallingFunction,DefiningFunctionCallingFunction
q_py_topic_two_dimensional_array:q_py_2d_arrays4,HandlingRecursiveFunction,CallingRecursiveFunction
q_py_topic_two_dimensional_array:q_py_2d_arrays4,HandlingRecursiveFunction,DefiningRecursiveFunction
q_py_topic_two_dimensional_array:q_py_2d_arrays4,HandlingNestedFunction,CallingNestedFunction
q_py_topic_two_dimensional_array:q_py_2d_arrays4,HandlingNestedFunction,DefiningNestedFunction
q_py_topic_two_dimensional_array:q_py_2d_arrays4,HandlingStandardFunction,CallingStandardFunction
q_py_topic_two_dimensional_array:q_py_2d_arrays4,HandlingStandardFunction,DefiningStandardFunction
q_py_topic_two_dimensional_array:q_py_2d_arrays4,NestedLoopIteration,NestedWhileLoopIteration
q_py_topic_two_dimensional_array:q_py_2d_arrays4,ArithmeticOperation,Multiplication
q_py_topic_two_dimensional_array:q_py_2d_arrays4,HandlingTuple,SlicingTuple
q_py_topic_two_dimensional_array:q_py_2d_arrays4,HandlingTuple,IndexingTuple
q_py_topic_two_dimensional_array:q_py_2d_arrays4,HandlingFloat,TransformingToFloatType
q_py_topic_two_dimensional_array:q_py_2d_arrays4,HandlingDictionary,ReplacingDictionaryElement
q_py_topic_two_dimensional_array:q_py_2d_arrays4,HandlingDictionary,IndexingDictionary
q_py_topic_two_dimensional_array:q_py_2d_arrays4,HandlingDictionary,AddingItemToDictionary
q_py_topic_two_dimensional_array:q_py_2d_arrays4,HandlingDictionary,AccessingDictionary
q_py_topic_two_dimensional_array:q_py_2d_arrays4,HandlingDictionary,CreatingDictionary
q_py_topic_two_dimensional_array:q_py_2d_arrays4,HandlingList,DeletingListElement
q_py_topic_two_dimensional_array:q_py_2d_arrays4,HandlingList,IndexingList
q_py_topic_two_dimensional_array:q_py_2d_arrays4,HandlingList,CreatingList
q_py_topic_two_dimensional_array:q_py_2d_arrays4,HandlingList,SlicingList
q_py_topic_two_dimensional_array:q_py_2d_arrays4,HandlingList,ReplacingListElement
q_py_topic_two_dimensional_array:q_py_2d_arrays4,HandlingList,ListReferencing
q_py_topic_two_dimensional_array:q_py_2d_arrays4,HandlingList,ReversingList
q_py_topic_two_dimensional_array:q_py_2d_arrays4,AddingListElement,AddingListElementWithInsert
q_py_topic_two_dimensional_array:q_py_2d_arrays4,AddingListElement,AddingListElementWithAppend
q_py_topic_two_dimensional_array:q_py_2d_arrays4,HandlingFile,ClosingFile
q_py_topic_two_dimensional_array:q_py_2d_arrays4,HandlingFile,ReadingLine
q_py_topic_two_dimensional_array:q_py_2d_arrays4,HandlingFile,OpeningFile
q_py_topic_two_dimensional_array:q_py_2d_arrays4,HandlingString,CreatingString
q_py_topic_two_dimensional_array:q_py_2d_arrays4,HandlingString,ReplacingStringContent
q_py_topic_two_dimensional_array:q_py_2d_arrays4,HandlingString,FormattingString
q_py_topic_two_dimensional_array:q_py_2d_arrays4,HandlingString,TransformingToStringType
q_py_topic_two_dimensional_array:q_py_2d_arrays4,HandlingString,SplittingString
q_py_topic_variables:q_py_arithmetic1,Python,Concatenation
q_py_topic_variables:q_py_arithmetic1,Python,Importing
q_py_topic_variables:q_py_arithmetic1,Python,FindingLength
q_py_topic_variables:q_py_arithmetic1,Python,Printing
q_py_topic_variables:q_py_arithmetic1,Python,CheckingForItem
q_py_topic_variables:q_py_arithmetic1,Python,HandlingInput
q_py_topic_variables:q_py_arithmetic1,CheckingCondition,IfElseChecking
q_py_topic_variables:q_py_arithmetic1,CheckingCondition,AssertChecking
q_py_topic_variables:q_py_arithmetic1,CheckingCondition,IfElifElseChecking
q_py_topic_variables:q_py_arithmetic1,CheckingCondition,NestedIfChecking
q_py_topic_variables:q_py_arithmetic1,CheckingCondition,IfChecking
q_py_topic_variables:q_py_arithmetic1,CheckingCondition,IfElifChecking
q_py_topic_variables:q_py_arithmetic1,CheckingCondition,BooleanEvaluating
q_py_topic_variables:q_py_arithmetic1,CheckingInForLoop,IfElseCheckingInForLoop
q_py_topic_variables:q_py_arithmetic1,CheckingInForLoop,IfElifCheckingInForLoop
q_py_topic_variables:q_py_arithmetic1,CheckingInForLoop,IfCheckingInForLoop
q_py_topic_variables:q_py_arithmetic1,CheckingInForLoop,IfElifElseCheckingInForLoop
q_py_topic_variables:q_py_arithmetic1,CheckingInWhileLoop,IfElifElseCheckingInWhileLoop
q_py_topic_variables:q_py_arithmetic1,CheckingInWhileLoop,IfCheckingInWhileLoop
q_py_topic_variables:q_py_arithmetic1,CheckingInWhileLoop,IfElseCheckingInWhileLoop
q_py_topic_variables:q_py_arithmetic1,CheckingInWhileLoop,IfElifCheckingInWhileLoop
q_py_topic_variables:q_py_arithmetic1,ManagingVariable,SwappingVariablesValue
q_py_topic_variables:q_py_arithmetic1,NonNestedIteration,SingleWhileLoopIteration
q_py_topic_variables:q_py_arithmetic1,WhileLoopWithUpdate,WhileLoopWithListIndexing
q_py_topic_variables:q_py_arithmetic1,WhileLoopWithUpdate,WhileLoopWith*=
q_py_topic_variables:q_py_arithmetic1,WhileLoopWithUpdate,WhileLoopWith+=
q_py_topic_variables:q_py_arithmetic1,ForLoopWithUpdate,ForLoopWith+=
q_py_topic_variables:q_py_arithmetic1,ForLoopWithUpdate,ForLoopWith*=
q_py_topic_variables:q_py_arithmetic1,ForLoopWithUpdate,ForLoopWithListIndexing
q_py_topic_variables:q_py_arithmetic1,NestedLoopIteration,MixedNestedLoopIteration
q_py_topic_variables:q_py_arithmetic1,NestedLoopIteration,NestedForLoopIteration
q_py_topic_variables:q_py_arithmetic1,NestedLoopIteration,NestedWhileLoopIteration
q_py_topic_variables:q_py_arithmetic1,ArithmeticOperation,FindAbsolute
q_py_topic_variables:q_py_arithmetic1,ArithmeticOperation,FindRemainder
q_py_topic_variables:q_py_arithmetic1,ArithmeticOperation,FindMaximum
q_py_topic_variables:q_py_arithmetic1,ArithmeticOperation,Addition
q_py_topic_variables:q_py_arithmetic1,ArithmeticOperation,Round
q_py_topic_variables:q_py_arithmetic1,ArithmeticOperation,Power
q_py_topic_variables:q_py_arithmetic1,ArithmeticOperation,FindMinimum
q_py_topic_variables:q_py_arithmetic1,ArithmeticOperation,Substraction
q_py_topic_variables:q_py_arithmetic1,ArithmeticOperation,Division
q_py_topic_variables:q_py_arithmetic1,ArithmeticOperation,Multiplication
q_py_topic_variables:q_py_arithmetic1,HandlingInteger,TransformingToIntType
q_py_topic_variables:q_py_arithmetic1,HandlingTuple,CreatingTuple
q_py_topic_variables:q_py_arithmetic1,HandlingTuple,SlicingTuple
q_py_topic_variables:q_py_arithmetic1,HandlingTuple,IndexingTuple
q_py_topic_variables:q_py_arithmetic1,HandlingFloat,TransformingToFloatType
q_py_topic_variables:q_py_arithmetic1,HandlingDictionary,ReplacingDictionaryElement
q_py_topic_variables:q_py_arithmetic1,HandlingDictionary,IndexingDictionary
q_py_topic_variables:q_py_arithmetic1,HandlingDictionary,AddingItemToDictionary
q_py_topic_variables:q_py_arithmetic1,HandlingDictionary,AccessingDictionary
q_py_topic_variables:q_py_arithmetic1,HandlingDictionary,CreatingDictionary
q_py_topic_variables:q_py_arithmetic1,HandlingList,DeletingListElement
q_py_topic_variables:q_py_arithmetic1,HandlingList,IndexingList
q_py_topic_variables:q_py_arithmetic1,HandlingList,CreatingList
q_py_topic_variables:q_py_arithmetic1,HandlingList,SlicingList
q_py_topic_variables:q_py_arithmetic1,HandlingList,ReplacingListElement
q_py_topic_variables:q_py_arithmetic1,HandlingList,ListReferencing
q_py_topic_variables:q_py_arithmetic1,HandlingList,ReversingList
q_py_topic_variables:q_py_arithmetic1,AddingListElement,AddingListElementWithInsert
q_py_topic_variables:q_py_arithmetic1,AddingListElement,AddingListElementWithAppend
q_py_topic_variables:q_py_arithmetic1,HandlingFile,ClosingFile
q_py_topic_variables:q_py_arithmetic1,HandlingFile,ReadingLine
q_py_topic_variables:q_py_arithmetic1,HandlingFile,OpeningFile
q_py_topic_variables:q_py_arithmetic1,HandlingString,CreatingString
q_py_topic_variables:q_py_arithmetic1,HandlingString,ReplacingStringContent
q_py_topic_variables:q_py_arithmetic1,HandlingString,FormattingString
q_py_topic_variables:q_py_arithmetic1,HandlingString,TransformingToStringType
q_py_topic_variables:q_py_arithmetic1,HandlingString,SplittingString
q_py_topic_variables:q_py_arithmetic2,ManagingVariable,AssigningVariable
q_py_topic_variables:q_py_arithmetic2,ManagingVariable,UpdatingVariable
q_py_topic_variables:q_py_arithmetic2,HandlingAdvancedDataStructure,BinaryTreeTask
q_py_topic_variables:q_py_arithmetic2,HandlingAdvancedDataStructure,LinkedListTask
q_py_topic_variables:q_py_arithmetic2,HandlingAdvancedDataStructure,QueueTask
q_py_topic_variables:q_py_arithmetic2,HandlingAdvancedDataStructure,StackTask
q_py_topic_variables:q_py_arithmetic2,TwoDimensionalArrayTask,ReplacingElement2DArray
q_py_topic_variables:q_py_arithmetic2,TwoDimensionalArrayTask,Indexing2DArray
q_py_topic_variables:q_py_arithmetic2,TwoDimensionalArrayTask,Create2DArray
q_py_topic_variables:q_py_arithmetic2,HandlingObjectOrientedProgramming,CallingOOPMethod
q_py_topic_variables:q_py_arithmetic2,HandlingObjectOrientedProgramming,CreatingObject
q_py_topic_variables:q_py_arithmetic2,HandlingObjectOrientedProgramming,DefiningClass
q_py_topic_variables:q_py_arithmetic2,HandlingObjectOrientedProgramming,DefiningOOPMethod
q_py_topic_variables:q_py_arithmetic2,HandlingFunction,CallingFunctionLibrary
q_py_topic_variables:q_py_arithmetic2,HandlingFunction,NestedFunctionCall
q_py_topic_variables:q_py_arithmetic2,HandlingFunctionCallingFunction,CallingFunctionCallingFunction
q_py_topic_variables:q_py_arithmetic2,HandlingFunctionCallingFunction,DefiningFunctionCallingFunction
q_py_topic_variables:q_py_arithmetic2,HandlingRecursiveFunction,CallingRecursiveFunction
q_py_topic_variables:q_py_arithmetic2,HandlingRecursiveFunction,DefiningRecursiveFunction
q_py_topic_variables:q_py_arithmetic2,HandlingNestedFunction,CallingNestedFunction
q_py_topic_variables:q_py_arithmetic2,HandlingNestedFunction,DefiningNestedFunction
q_py_topic_variables:q_py_arithmetic2,HandlingStandardFunction,CallingStandardFunction
q_py_topic_variables:q_py_arithmetic2,HandlingStandardFunction,DefiningStandardFunction
q_py_topic_variables:q_py_arithmetic2,NonNestedIteration,SingleForLoopIteration
q_py_topic_variables:q_py_arithmetic2,ArithmeticOperation,Division
q_py_topic_variables:q_py_arithmetic2,HandlingTuple,CreatingTuple
q_py_topic_variables:q_py_arithmetic2,HandlingTuple,SlicingTuple
q_py_topic_variables:q_py_arithmetic2,HandlingTuple,IndexingTuple
q_py_topic_variables:q_py_arithmetic2,HandlingFloat,TransformingToFloatType
q_py_topic_variables:q_py_arithmetic2,HandlingDictionary,ReplacingDictionaryElement
q_py_topic_variables:q_py_arithmetic2,HandlingDictionary,IndexingDictionary
q_py_topic_variables:q_py_arithmetic2,HandlingDictionary,AddingItemToDictionary
q_py_topic_variables:q_py_arithmetic2,HandlingDictionary,AccessingDictionary
q_py_topic_variables:q_py_arithmetic2,HandlingDictionary,CreatingDictionary
q_py_topic_variables:q_py_arithmetic2,HandlingList,DeletingListElement
q_py_topic_variables:q_py_arithmetic2,HandlingList,IndexingList
q_py_topic_variables:q_py_arithmetic2,HandlingList,CreatingList
q_py_topic_variables:q_py_arithmetic2,HandlingList,SlicingList
q_py_topic_variables:q_py_arithmetic2,HandlingList,ReplacingListElement
q_py_topic_variables:q_py_arithmetic2,HandlingList,ListReferencing
q_py_topic_variables:q_py_arithmetic2,HandlingList,ReversingList
q_py_topic_variables:q_py_arithmetic2,AddingListElement,AddingListElementWithInsert
q_py_topic_variables:q_py_arithmetic2,AddingListElement,AddingListElementWithAppend
q_py_topic_variables:q_py_arithmetic2,HandlingFile,ClosingFile
q_py_topic_variables:q_py_arithmetic2,HandlingFile,ReadingLine
q_py_topic_variables:q_py_arithmetic2,HandlingFile,OpeningFile
q_py_topic_variables:q_py_arithmetic2,HandlingString,CreatingString
q_py_topic_variables:q_py_arithmetic2,HandlingString,ReplacingStringContent
q_py_topic_variables:q_py_arithmetic2,HandlingString,FormattingString
q_py_topic_variables:q_py_arithmetic2,HandlingString,TransformingToStringType
q_py_topic_variables:q_py_arithmetic2,HandlingString,SplittingString
q_py_topic_variables:q_py_exchange1,HandlingFloat,TransformingToFloatType
q_py_topic_variables:q_py_exchange1,HandlingDictionary,ReplacingDictionaryElement
q_py_topic_variables:q_py_exchange1,HandlingDictionary,IndexingDictionary
q_py_topic_variables:q_py_exchange1,HandlingDictionary,AddingItemToDictionary
q_py_topic_variables:q_py_exchange1,HandlingDictionary,AccessingDictionary
q_py_topic_variables:q_py_exchange1,HandlingDictionary,CreatingDictionary
q_py_topic_variables:q_py_exchange1,HandlingList,DeletingListElement
q_py_topic_variables:q_py_exchange1,HandlingList,IndexingList
q_py_topic_variables:q_py_exchange1,HandlingList,CreatingList
q_py_topic_variables:q_py_exchange1,HandlingList,SlicingList
q_py_topic_variables:q_py_exchange1,HandlingList,ReplacingListElement
q_py_topic_variables:q_py_exchange1,HandlingList,ListReferencing
q_py_topic_variables:q_py_exchange1,HandlingList,ReversingList
q_py_topic_variables:q_py_exchange1,AddingListElement,AddingListElementWithInsert
q_py_topic_variables:q_py_exchange1,AddingListElement,AddingListElementWithAppend
q_py_topic_variables:q_py_exchange1,HandlingFile,ClosingFile
q_py_topic_variables:q_py_exchange1,HandlingFile,ReadingLine
q_py_topic_variables:q_py_exchange1,HandlingFile,OpeningFile
q_py_topic_variables:q_py_exchange1,HandlingString,CreatingString
q_py_topic_variables:q_py_exchange1,HandlingString,ReplacingStringContent
q_py_topic_variables:q_py_exchange1,HandlingString,FormattingString
q_py_topic_variables:q_py_exchange1,HandlingString,TransformingToStringType
q_py_topic_variables:q_py_exchange1,HandlingString,SplittingString
q_py_topic_variables:q_py_exchange2,NonNestedIteration,SingleWhileLoopIteration
q_py_topic_variables:q_py_exchange2,WhileLoopWithUpdate,WhileLoopWithListIndexing
q_py_topic_variables:q_py_exchange2,WhileLoopWithUpdate,WhileLoopWith*=
q_py_topic_variables:q_py_exchange2,WhileLoopWithUpdate,WhileLoopWith+=
q_py_topic_variables:q_py_exchange2,ForLoopWithUpdate,ForLoopWith+=
q_py_topic_variables:q_py_exchange2,ForLoopWithUpdate,ForLoopWith*=
q_py_topic_variables:q_py_exchange2,ForLoopWithUpdate,ForLoopWithListIndexing
q_py_topic_variables:q_py_exchange2,NestedLoopIteration,MixedNestedLoopIteration
q_py_topic_variables:q_py_exchange2,NestedLoopIteration,NestedForLoopIteration
q_py_topic_variables:q_py_exchange2,NestedLoopIteration,NestedWhileLoopIteration
q_py_topic_variables:q_py_exchange2,ArithmeticOperation,FindAbsolute
q_py_topic_variables:q_py_exchange2,ArithmeticOperation,FindRemainder
q_py_topic_variables:q_py_exchange2,ArithmeticOperation,FindMaximum
q_py_topic_variables:q_py_exchange2,ArithmeticOperation,Addition
q_py_topic_variables:q_py_exchange2,ArithmeticOperation,Round
q_py_topic_variables:q_py_exchange2,ArithmeticOperation,Power
q_py_topic_variables:q_py_exchange2,ArithmeticOperation,FindMinimum
q_py_topic_variables:q_py_exchange2,ArithmeticOperation,Multiplication
q_py_topic_variables:q_py_exchange2,HandlingTuple,CreatingTuple
q_py_topic_variables:q_py_exchange2,HandlingTuple,SlicingTuple
q_py_topic_variables:q_py_exchange2,HandlingTuple,IndexingTuple
q_py_topic_variables:q_py_exchange2,HandlingFloat,TransformingToFloatType
q_py_topic_variables:q_py_exchange2,HandlingDictionary,ReplacingDictionaryElement
q_py_topic_variables:q_py_exchange2,HandlingDictionary,IndexingDictionary
q_py_topic_variables:q_py_exchange2,HandlingDictionary,AddingItemToDictionary
q_py_topic_variables:q_py_exchange2,HandlingDictionary,AccessingDictionary
q_py_topic_variables:q_py_exchange2,HandlingDictionary,CreatingDictionary
q_py_topic_variables:q_py_exchange2,HandlingList,DeletingListElement
q_py_topic_variables:q_py_exchange2,HandlingList,IndexingList
q_py_topic_variables:q_py_exchange2,HandlingList,CreatingList
q_py_topic_variables:q_py_exchange2,HandlingList,SlicingList
q_py_topic_variables:q_py_exchange2,HandlingList,ReplacingListElement
q_py_topic_variables:q_py_exchange2,HandlingList,ListReferencing
q_py_topic_variables:q_py_exchange2,HandlingList,ReversingList
q_py_topic_variables:q_py_exchange2,AddingListElement,AddingListElementWithInsert
q_py_topic_variables:q_py_exchange2,AddingListElement,AddingListElementWithAppend
q_py_topic_variables:q_py_exchange2,HandlingFile,ClosingFile
q_py_topic_variables:q_py_exchange2,HandlingFile,ReadingLine
q_py_topic_variables:q_py_exchange2,HandlingFile,OpeningFile
q_py_topic_variables:q_py_exchange2,HandlingString,CreatingString
q_py_topic_variables:q_py_exchange2,HandlingString,ReplacingStringContent
q_py_topic_variables:q_py_exchange2,HandlingString,FormattingString
q_py_topic_variables:q_py_exchange2,HandlingString,TransformingToStringType
q_py_topic_variables:q_py_exchange2,HandlingString,SplittingString
q_py_topic_variables:q_py_swap1,Python,Concatenation
q_py_topic_variables:q_py_swap1,Python,Importing
q_py_topic_variables:q_py_swap1,Python,FindingLength
q_py_topic_variables:q_py_swap1,Python,Printing
q_py_topic_variables:q_py_swap1,Python,CheckingForItem
q_py_topic_variables:q_py_swap1,Python,HandlingInput
q_py_topic_variables:q_py_swap1,CheckingCondition,IfElseChecking
q_py_topic_variables:q_py_swap1,CheckingCondition,AssertChecking
q_py_topic_variables:q_py_swap1,CheckingCondition,IfElifElseChecking
q_py_topic_variables:q_py_swap1,CheckingCondition,NestedIfChecking
q_py_topic_variables:q_py_swap1,CheckingCondition,IfChecking
q_py_topic_variables:q_py_swap1,CheckingCondition,IfElifChecking
q_py_topic_variables:q_py_swap1,CheckingCondition,BooleanEvaluating
q_py_topic_variables:q_py_swap1,CheckingInForLoop,IfElseCheckingInForLoop
q_py_topic_variables:q_py_swap1,CheckingInForLoop,IfElifCheckingInForLoop
q_py_topic_variables:q_py_swap1,CheckingInForLoop,IfCheckingInForLoop
q_py_topic_variables:q_py_swap1,CheckingInForLoop,IfElifElseCheckingInForLoop
q_py_topic_variables:q_py_swap1,CheckingInWhileLoop,IfElifElseCheckingInWhileLoop
q_py_topic_variables:q_py_swap1,CheckingInWhileLoop,IfCheckingInWhileLoop
q_py_topic_variables:q_py_swap1,CheckingInWhileLoop,IfElseCheckingInWhileLoop
q_py_topic_variables:q_py_swap1,CheckingInWhileLoop,IfElifCheckingInWhileLoop
q_py_topic_variables:q_py_swap1,ManagingVariable,SwappingVariablesValue
q_py_topic_variables:q_py_swap1,HandlingAdvancedDataStructure,BinaryTreeTask
q_py_topic_variables:q_py_swap1,HandlingAdvancedDataStructure,LinkedListTask
q_py_topic_variables:q_py_swap1,HandlingAdvancedDataStructure,QueueTask
q_py_topic_variables:q_py_swap1,HandlingAdvancedDataStructure,StackTask
q_py_topic_variables:q_py_swap1,TwoDimensionalArrayTask,ReplacingElement2DArray
q_py_topic_variables:q_py_swap1,TwoDimensionalArrayTask,Indexing2DArray
q_py_topic_variables:q_py_swap1,TwoDimensionalArrayTask,Create2DArray
q_py_topic_variables:q_py_swap1,HandlingObjectOrientedProgramming,CallingOOPMethod
q_py_topic_variables:q_py_swap1,HandlingObjectOrientedProgramming,CreatingObject
q_py_topic_variables:q_py_swap1,HandlingObjectOrientedProgramming,DefiningClass
q_py_topic_variables:q_py_swap1,HandlingObjectOrientedProgramming,DefiningOOPMethod
q_py_topic_variables:q_py_swap1,WhileLoopWithUpdate,WhileLoopWithListIndexing
q_py_topic_variables:q_py_swap1,WhileLoopWithUpdate,WhileLoopWith*=
q_py_topic_variables:q_py_swap1,ForLoopWithUpdate,ForLoopWith*=
q_py_topic_variables:q_py_swap1,ForLoopWithUpdate,ForLoopWithListIndexing
q_py_topic_variables:q_py_swap1,HandlingString,SplittingString
q_topic_classes_objects:q_py_inheritance_animal1,Python,Concatenation
q_topic_classes_objects:q_py_inheritance_animal1,Python,Importing
q_topic_classes_objects:q_py_inheritance_animal1,Python,FindingLength
q_topic_classes_objects:q_py_inheritance_animal1,Python,Printing
q_topic_classes_objects:q_py_inheritance_animal1,Python,CheckingForItem
q_topic_classes_objects:q_py_inheritance_animal1,Python,HandlingInput
q_topic_classes_objects:q_py_inheritance_animal1,CheckingCondition,IfElseChecking
q_topic_classes_objects:q_py_inheritance_animal1,CheckingCondition,AssertChecking
q_topic_classes_objects:q_py_inheritance_animal1,CheckingCondition,IfElifElseChecking
q_topic_classes_objects:q_py_inheritance_animal1,CheckingCondition,NestedIfChecking
q_topic_classes_objects:q_py_inheritance_animal1,CheckingCondition,IfChecking
q_topic_classes_objects:q_py_inheritance_animal1,CheckingCondition,IfElifChecking
q_topic_classes_objects:q_py_inheritance_animal1,CheckingCondition,BooleanEvaluating
q_topic_classes_objects:q_py_inheritance_animal1,CheckingInForLoop,IfElseCheckingInForLoop
q_topic_classes_objects:q_py_inheritance_animal1,CheckingInForLoop,IfElifCheckingInForLoop
q_topic_classes_objects:q_py_inheritance_animal1,CheckingInForLoop,IfCheckingInForLoop
q_topic_classes_objects:q_py_inheritance_animal1,CheckingInForLoop,IfElifElseCheckingInForLoop
q_topic_classes_objects:q_py_inheritance_animal1,CheckingInWhileLoop,IfElifElseCheckingInWhileLoop
q_topic_classes_objects:q_py_inheritance_animal1,CheckingInWhileLoop,IfCheckingInWhileLoop
q_topic_classes_objects:q_py_inheritance_animal1,CheckingInWhileLoop,IfElseCheckingInWhileLoop
q_topic_classes_objects:q_py_inheritance_animal1,CheckingInWhileLoop,IfElifCheckingInWhileLoop
q_topic_classes_objects:q_py_inheritance_animal1,ManagingVariable,SwappingVariablesValue
q_topic_classes_objects:q_py_inheritance_animal1,HandlingFunction,NestedFunctionCall
q_topic_classes_objects:q_py_inheritance_animal1,HandlingFunctionCallingFunction,DefiningFunctionCallingFunction
q_topic_classes_objects:q_py_inheritance_animal1,HandlingStandardFunction,CallingStandardFunction
q_topic_classes_objects:q_py_inheritance_animal1,HandlingStandardFunction,DefiningStandardFunction
q_topic_classes_objects:q_py_obj_account1,Python,Concatenation
q_topic_classes_objects:q_py_obj_account1,Python,Importing
q_topic_classes_objects:q_py_obj_account1,Python,FindingLength
q_topic_classes_objects:q_py_obj_account1,Python,Printing
q_topic_classes_objects:q_py_obj_account1,Python,CheckingForItem
q_topic_classes_objects:q_py_obj_account1,Python,HandlingInput
q_topic_classes_objects:q_py_obj_account1,CheckingCondition,IfElseChecking
q_topic_classes_objects:q_py_obj_account1,CheckingCondition,AssertChecking
q_topic_classes_objects:q_py_obj_account1,CheckingCondition,IfElifElseChecking
q_topic_classes_objects:q_py_obj_account1,CheckingCondition,NestedIfChecking
q_topic_classes_objects:q_py_obj_account1,CheckingCondition,IfChecking
q_topic_classes_objects:q_py_obj_account1,CheckingCondition,IfElifChecking
q_topic_classes_objects:q_py_obj_account1,CheckingCondition,BooleanEvaluating
q_topic_classes_objects:q_py_obj_account1,CheckingInForLoop,IfElseCheckingInForLoop
q_topic_classes_objects:q_py_obj_account1,CheckingInForLoop,IfElifCheckingInForLoop
q_topic_classes_objects:q_py_obj_account1,CheckingInForLoop,IfCheckingInForLoop
q_topic_classes_objects:q_py_obj_account1,CheckingInForLoop,IfElifElseCheckingInForLoop
q_topic_classes_objects:q_py_obj_account1,CheckingInWhileLoop,IfElifElseCheckingInWhileLoop
q_topic_classes_objects:q_py_obj_account1,CheckingInWhileLoop,IfCheckingInWhileLoop
q_topic_classes_objects:q_py_obj_account1,CheckingInWhileLoop,IfElseCheckingInWhileLoop
q_topic_classes_objects:q_py_obj_account1,CheckingInWhileLoop,IfElifCheckingInWhileLoop
q_topic_classes_objects:q_py_obj_account1,ManagingVariable,SwappingVariablesValue
q_topic_classes_objects:q_py_obj_account1,HandlingAdvancedDataStructure,BinaryTreeTask
q_topic_classes_objects:q_py_obj_account1,HandlingAdvancedDataStructure,LinkedListTask
q_topic_classes_objects:q_py_obj_account1,HandlingAdvancedDataStructure,QueueTask
q_topic_classes_objects:q_py_obj_account1,HandlingAdvancedDataStructure,StackTask
q_topic_classes_objects:q_py_obj_account1,TwoDimensionalArrayTask,ReplacingElement2DArray
q_topic_classes_objects:q_py_obj_account1,TwoDimensionalArrayTask,Indexing2DArray
q_topic_classes_objects:q_py_obj_account1,TwoDimensionalArrayTask,Create2DArray
q_topic_classes_objects:q_py_obj_account1,HandlingFunction,CallingFunctionLibrary
q_topic_classes_objects:q_py_obj_account1,HandlingFunction,NestedFunctionCall
q_topic_classes_objects:q_py_obj_account1,HandlingFunctionCallingFunction,CallingFunctionCallingFunction
q_topic_classes_objects:q_py_obj_account1,HandlingFunctionCallingFunction,DefiningFunctionCallingFunction
q_topic_classes_objects:q_py_obj_account1,HandlingRecursiveFunction,CallingRecursiveFunction
q_topic_classes_objects:q_py_obj_account1,HandlingRecursiveFunction,DefiningRecursiveFunction
q_topic_classes_objects:q_py_obj_account1,HandlingNestedFunction,CallingNestedFunction
q_topic_classes_objects:q_py_obj_account1,HandlingNestedFunction,DefiningNestedFunction
q_topic_classes_objects:q_py_obj_account1,HandlingStandardFunction,CallingStandardFunction
q_topic_classes_objects:q_py_obj_account1,HandlingStandardFunction,DefiningStandardFunction
q_topic_classes_objects:q_py_obj_account1,NonNestedIteration,SingleForLoopIteration
q_topic_classes_objects:q_py_obj_account1,HandlingDictionary,ReplacingDictionaryElement
q_topic_classes_objects:q_py_obj_account1,HandlingDictionary,AccessingDictionary
q_topic_classes_objects:q_py_obj_account1,HandlingList,ReversingList
q_topic_classes_objects:q_py_obj_bus1,HandlingAdvancedDataStructure,BinaryTreeTask
q_topic_classes_objects:q_py_obj_bus1,HandlingAdvancedDataStructure,LinkedListTask
q_topic_classes_objects:q_py_obj_bus1,HandlingAdvancedDataStructure,QueueTask
q_topic_classes_objects:q_py_obj_bus1,HandlingAdvancedDataStructure,StackTask
q_topic_classes_objects:q_py_obj_bus1,TwoDimensionalArrayTask,ReplacingElement2DArray
q_topic_classes_objects:q_py_obj_bus1,TwoDimensionalArrayTask,Indexing2DArray
q_topic_classes_objects:q_py_obj_bus1,TwoDimensionalArrayTask,Create2DArray
q_topic_classes_objects:q_py_obj_bus1,NonNestedIteration,SingleWhileLoopIteration
q_topic_classes_objects:q_py_obj_bus1,WhileLoopWithUpdate,WhileLoopWithListIndexing
q_topic_classes_objects:q_py_obj_bus1,WhileLoopWithUpdate,WhileLoopWith*=
q_topic_classes_objects:q_py_obj_bus1,WhileLoopWithUpdate,WhileLoopWith+=
q_topic_classes_objects:q_py_obj_bus1,ForLoopWithUpdate,ForLoopWith+=
q_topic_classes_objects:q_py_obj_bus1,ForLoopWithUpdate,ForLoopWith*=
q_topic_classes_objects:q_py_obj_bus1,ForLoopWithUpdate,ForLoopWithListIndexing
q_topic_classes_objects:q_py_obj_bus1,NestedLoopIteration,MixedNestedLoopIteration
q_topic_classes_objects:q_py_obj_bus1,NestedLoopIteration,NestedForLoopIteration
q_topic_classes_objects:q_py_obj_bus1,NestedLoopIteration,NestedWhileLoopIteration
q_topic_classes_objects:q_py_obj_bus1,ArithmeticOperation,FindAbsolute
q_topic_classes_objects:q_py_obj_bus1,ArithmeticOperation,FindRemainder
q_topic_classes_objects:q_py_obj_bus1,ArithmeticOperation,FindMaximum
q_topic_classes_objects:q_py_obj_bus1,ArithmeticOperation,Addition
q_topic_classes_objects:q_py_obj_bus1,ArithmeticOperation,Round
q_topic_classes_objects:q_py_obj_bus1,ArithmeticOperation,Power
q_topic_classes_objects:q_py_obj_bus1,ArithmeticOperation,FindMinimum
q_topic_classes_objects:q_py_obj_bus1,ArithmeticOperation,Substraction
q_topic_classes_objects:q_py_obj_bus1,ArithmeticOperation,Division
q_topic_classes_objects:q_py_obj_bus1,ArithmeticOperation,Multiplication
q_topic_classes_objects:q_py_obj_bus1,HandlingInteger,TransformingToIntType
q_topic_classes_objects:q_py_obj_bus1,HandlingTuple,CreatingTuple
q_topic_classes_objects:q_py_obj_car1,ManagingVariable,AssigningVariable
q_topic_classes_objects:q_py_obj_car1,ManagingVariable,UpdatingVariable
q_topic_classes_objects:q_py_obj_car1,HandlingAdvancedDataStructure,BinaryTreeTask
q_topic_classes_objects:q_py_obj_car1,HandlingAdvancedDataStructure,LinkedListTask
q_topic_classes_objects:q_py_obj_car1,HandlingAdvancedDataStructure,QueueTask
q_topic_classes_objects:q_py_obj_car1,HandlingAdvancedDataStructure,StackTask
q_topic_classes_objects:q_py_obj_car1,TwoDimensionalArrayTask,ReplacingElement2DArray
q_topic_classes_objects:q_py_obj_car1,TwoDimensionalArrayTask,Indexing2DArray
q_topic_classes_objects:q_py_obj_car1,TwoDimensionalArrayTask,Create2DArray
q_topic_classes_objects:q_py_obj_car1,HandlingObjectOrientedProgramming,DefiningOOPMethod
q_topic_classes_objects:q_py_obj_car1,HandlingFunction,CallingFunctionLibrary
q_topic_classes_objects:q_py_obj_car1,HandlingFunction,NestedFunctionCall
q_topic_classes_objects:q_py_obj_car1,HandlingFunctionCallingFunction,CallingFunctionCallingFunction
q_topic_classes_objects:q_py_obj_car1,HandlingFunctionCallingFunction,DefiningFunctionCallingFunction
q_topic_classes_objects:q_py_obj_car1,HandlingRecursiveFunction,CallingRecursiveFunction
q_topic_classes_objects:q_py_obj_car1,HandlingRecursiveFunction,DefiningRecursiveFunction
q_topic_classes_objects:q_py_obj_car1,HandlingNestedFunction,CallingNestedFunction
q_topic_classes_objects:q_py_obj_car1,HandlingNestedFunction,DefiningNestedFunction
q_topic_classes_objects:q_py_obj_car1,HandlingStandardFunction,CallingStandardFunction
q_topic_classes_objects:q_py_obj_car1,HandlingStandardFunction,DefiningStandardFunction
q_topic_classes_objects:q_py_obj_car1,NonNestedIteration,SingleForLoopIteration
q_topic_classes_objects:q_py_obj_car1,NonNestedIteration,SingleWhileLoopIteration
q_topic_classes_objects:q_py_obj_car1,WhileLoopWithUpdate,WhileLoopWithListIndexing
q_topic_classes_objects:q_py_obj_car1,WhileLoopWithUpdate,WhileLoopWith*=
q_topic_classes_objects:q_py_obj_car1,WhileLoopWithUpdate,WhileLoopWith+=
q_topic_classes_objects:q_py_obj_car1,ForLoopWithUpdate,ForLoopWith+=
q_topic_classes_objects:q_py_obj_car1,ForLoopWithUpdate,ForLoopWith*=
q_topic_classes_objects:q_py_obj_car1,ForLoopWithUpdate,ForLoopWithListIndexing
q_topic_classes_objects:q_py_obj_car1,NestedLoopIteration,MixedNestedLoopIteration
q_topic_classes_objects:q_py_obj_car1,NestedLoopIteration,NestedForLoopIteration
q_topic_classes_objects:q_py_obj_car1,NestedLoopIteration,NestedWhileLoopIteration
q_topic_classes_objects:q_py_obj_car1,ArithmeticOperation,FindAbsolute
q_topic_classes_objects:q_py_obj_car1,ArithmeticOperation,FindRemainder
q_topic_classes_objects:q_py_obj_car1,ArithmeticOperation,FindMaximum
q_topic_classes_objects:q_py_obj_car1,ArithmeticOperation,Round
q_topic_classes_objects:q_py_obj_car1,ArithmeticOperation,Power
q_topic_classes_objects:q_py_obj_car1,ArithmeticOperation,Division
q_topic_classes_objects:q_py_obj_car1,ArithmeticOperation,Multiplication
q_topic_classes_objects:q_py_obj_car1,HandlingString,SlicingString
q_topic_classes_objects:q_py_obj_car2,HandlingAdvancedDataStructure,BinaryTreeTask
q_topic_classes_objects:q_py_obj_car2,HandlingAdvancedDataStructure,LinkedListTask
q_topic_classes_objects:q_py_obj_car2,HandlingAdvancedDataStructure,QueueTask
q_topic_classes_objects:q_py_obj_car2,HandlingAdvancedDataStructure,StackTask
q_topic_classes_objects:q_py_obj_car2,TwoDimensionalArrayTask,ReplacingElement2DArray
q_topic_classes_objects:q_py_obj_car2,TwoDimensionalArrayTask,Indexing2DArray
q_topic_classes_objects:q_py_obj_car2,TwoDimensionalArrayTask,Create2DArray
q_topic_classes_objects:q_py_obj_car2,HandlingFunctionCallingFunction,DefiningFunctionCallingFunction
q_topic_classes_objects:q_py_obj_car2,NonNestedIteration,SingleWhileLoopIteration
q_topic_classes_objects:q_py_obj_car2,WhileLoopWithUpdate,WhileLoopWithListIndexing
q_topic_classes_objects:q_py_obj_car2,WhileLoopWithUpdate,WhileLoopWith*=
q_topic_classes_objects:q_py_obj_car2,WhileLoopWithUpdate,WhileLoopWith+=
q_topic_classes_objects:q_py_obj_car2,ForLoopWithUpdate,ForLoopWith+=
q_topic_classes_objects:q_py_obj_car2,ForLoopWithUpdate,ForLoopWith*=
q_topic_classes_objects:q_py_obj_car2,ForLoopWithUpdate,ForLoopWithListIndexing
q_topic_classes_objects:q_py_obj_car2,NestedLoopIteration,MixedNestedLoopIteration
q_topic_classes_objects:q_py_obj_car2,NestedLoopIteration,NestedForLoopIteration
q_topic_classes_objects:q_py_obj_car2,NestedLoopIteration,NestedWhileLoopIteration
q_topic_classes_objects:q_py_obj_car2,ArithmeticOperation,FindAbsolute
q_topic_classes_objects:q_py_obj_car2,ArithmeticOperation,FindRemainder
q_topic_classes_objects:q_py_obj_car2,ArithmeticOperation,FindMaximum
q_topic_classes_objects:q_py_obj_car2,ArithmeticOperation,Addition
q_topic_classes_objects:q_py_obj_car2,ArithmeticOperation,Round
q_topic_classes_objects:q_py_obj_car2,ArithmeticOperation,Power
q_topic_classes_objects:q_py_obj_car2,ArithmeticOperation,FindMinimum
q_topic_classes_objects:q_py_obj_car2,ArithmeticOperation,Substraction
q_topic_classes_objects:q_py_obj_car2,ArithmeticOperation,Division
q_topic_classes_objects:q_py_obj_car2,ArithmeticOperation,Multiplication
q_topic_classes_objects:q_py_obj_car2,HandlingInteger,TransformingToIntType
q_topic_classes_objects:q_py_obj_car2,HandlingTuple,CreatingTuple
q_topic_classes_objects:q_py_obj_car2,HandlingDictionary,ReplacingDictionaryElement
q_topic_classes_objects:q_py_obj_car2,HandlingDictionary,IndexingDictionary
q_topic_classes_objects:q_py_obj_car2,HandlingDictionary,AddingItemToDictionary
q_topic_classes_objects:q_py_obj_car2,HandlingDictionary,AccessingDictionary
q_topic_classes_objects:q_py_obj_car2,HandlingDictionary,CreatingDictionary
q_topic_classes_objects:q_py_obj_car2,HandlingList,DeletingListElement
q_topic_classes_objects:q_py_obj_car2,HandlingList,IndexingList
q_topic_classes_objects:q_py_obj_car2,HandlingList,CreatingList
q_topic_classes_objects:q_py_obj_car2,HandlingList,SlicingList
q_topic_classes_objects:q_py_obj_car2,HandlingList,ReplacingListElement
q_topic_classes_objects:q_py_obj_car2,HandlingList,ListReferencing
q_topic_classes_objects:q_py_obj_car2,HandlingList,ReversingList
q_topic_classes_objects:q_py_obj_car2,AddingListElement,AddingListElementWithInsert
q_topic_classes_objects:q_py_obj_car2,AddingListElement,AddingListElementWithAppend
q_topic_classes_objects:q_py_obj_car2,HandlingFile,ClosingFile
q_topic_classes_objects:q_py_obj_car2,HandlingFile,ReadingLine
q_topic_classes_objects:q_py_obj_car2,HandlingFile,OpeningFile
q_topic_classes_objects:q_py_obj_car2,HandlingString,CreatingString
q_topic_classes_objects:q_py_obj_car2,HandlingString,ReplacingStringContent
q_topic_classes_objects:q_py_obj_car2,HandlingString,FormattingString
q_topic_classes_objects:q_py_obj_car2,HandlingString,TransformingToStringType
q_topic_classes_objects:q_py_obj_car2,HandlingString,SplittingString
q_topic_classes_objects:q_py_obj_point1,Python,Concatenation
q_topic_classes_objects:q_py_obj_point1,Python,Importing
q_topic_classes_objects:q_py_obj_point1,Python,FindingLength
q_topic_classes_objects:q_py_obj_point1,Python,Printing
q_topic_classes_objects:q_py_obj_point1,Python,CheckingForItem
q_topic_classes_objects:q_py_obj_point1,Python,HandlingInput
q_topic_classes_objects:q_py_obj_point1,CheckingCondition,IfElseChecking
q_topic_classes_objects:q_py_obj_point1,CheckingCondition,AssertChecking
q_topic_classes_objects:q_py_obj_point1,CheckingCondition,IfElifElseChecking
q_topic_classes_objects:q_py_obj_point1,CheckingCondition,NestedIfChecking
q_topic_classes_objects:q_py_obj_point1,CheckingCondition,IfChecking
q_topic_classes_objects:q_py_obj_point1,CheckingCondition,IfElifChecking
q_topic_classes_objects:q_py_obj_point1,CheckingCondition,BooleanEvaluating
q_topic_classes_objects:q_py_obj_point1,CheckingInForLoop,IfElseCheckingInForLoop
q_topic_classes_objects:q_py_obj_point1,CheckingInForLoop,IfElifCheckingInForLoop
q_topic_classes_objects:q_py_obj_point1,CheckingInForLoop,IfCheckingInForLoop
q_topic_classes_objects:q_py_obj_point1,CheckingInForLoop,IfElifElseCheckingInForLoop
q_topic_classes_objects:q_py_obj_point1,CheckingInWhileLoop,IfElifElseCheckingInWhileLoop
q_topic_classes_objects:q_py_obj_point1,CheckingInWhileLoop,IfCheckingInWhileLoop
q_topic_classes_objects:q_py_obj_point1,CheckingInWhileLoop,IfElseCheckingInWhileLoop
q_topic_classes_objects:q_py_obj_point1,CheckingInWhileLoop,IfElifCheckingInWhileLoop
q_topic_classes_objects:q_py_obj_point1,ManagingVariable,SwappingVariablesValue
q_topic_classes_objects:q_py_obj_point1,ManagingVariable,AssigningVariable
q_topic_classes_objects:q_py_obj_point1,ManagingVariable,UpdatingVariable
q_topic_classes_objects:q_py_obj_point1,HandlingAdvancedDataStructure,BinaryTreeTask
q_topic_classes_objects:q_py_obj_point1,HandlingAdvancedDataStructure,LinkedListTask
q_topic_classes_objects:q_py_obj_point1,HandlingAdvancedDataStructure,QueueTask
q_topic_classes_objects:q_py_obj_point1,HandlingAdvancedDataStructure,StackTask
q_topic_classes_objects:q_py_obj_point1,TwoDimensionalArrayTask,ReplacingElement2DArray
q_topic_classes_objects:q_py_obj_point1,TwoDimensionalArrayTask,Indexing2DArray
q_topic_classes_objects:q_py_obj_point1,TwoDimensionalArrayTask,Create2DArray
q_topic_classes_objects:q_py_obj_point1,HandlingObjectOrientedProgramming,CallingOOPMethod
q_topic_classes_objects:q_py_obj_point1,HandlingFunction,CallingFunctionLibrary
q_topic_classes_objects:q_py_obj_point1,HandlingFunction,NestedFunctionCall
q_topic_classes_objects:q_py_obj_point1,HandlingFunctionCallingFunction,CallingFunctionCallingFunction
q_topic_classes_objects:q_py_obj_point1,HandlingFunctionCallingFunction,DefiningFunctionCallingFunction
q_topic_classes_objects:q_py_obj_point1,HandlingRecursiveFunction,CallingRecursiveFunction
q_topic_classes_objects:q_py_obj_point1,HandlingRecursiveFunction,DefiningRecursiveFunction
q_topic_classes_objects:q_py_obj_point1,HandlingNestedFunction,CallingNestedFunction
q_topic_classes_objects:q_py_obj_point1,HandlingNestedFunction,DefiningNestedFunction
q_topic_classes_objects:q_py_obj_point1,HandlingStandardFunction,CallingStandardFunction
q_topic_classes_objects:q_py_obj_point1,HandlingStandardFunction,DefiningStandardFunction
q_topic_classes_objects:q_py_obj_point1,NonNestedIteration,SingleForLoopIteration
q_topic_classes_objects:q_py_obj_student1,ManagingVariable,AssigningVariable
q_topic_classes_objects:q_py_obj_student1,ManagingVariable,UpdatingVariable
q_topic_classes_objects:q_py_obj_student1,HandlingAdvancedDataStructure,BinaryTreeTask
q_topic_classes_objects:q_py_obj_student1,HandlingAdvancedDataStructure,LinkedListTask
q_topic_classes_objects:q_py_obj_student1,HandlingAdvancedDataStructure,QueueTask
q_topic_classes_objects:q_py_obj_student1,HandlingAdvancedDataStructure,StackTask
q_topic_classes_objects:q_py_obj_student1,TwoDimensionalArrayTask,ReplacingElement2DArray
q_topic_classes_objects:q_py_obj_student1,TwoDimensionalArrayTask,Indexing2DArray
q_topic_classes_objects:q_py_obj_student1,TwoDimensionalArrayTask,Create2DArray
q_topic_classes_objects:q_py_obj_student1,HandlingObjectOrientedProgramming,DefiningOOPMethod
q_topic_classes_objects:q_py_obj_student1,HandlingFunction,CallingFunctionLibrary
q_topic_classes_objects:q_py_obj_student1,HandlingFunction,NestedFunctionCall
q_topic_classes_objects:q_py_obj_student1,HandlingFunctionCallingFunction,CallingFunctionCallingFunction
q_topic_classes_objects:q_py_obj_student1,HandlingFunctionCallingFunction,DefiningFunctionCallingFunction
q_topic_classes_objects:q_py_obj_student1,HandlingRecursiveFunction,CallingRecursiveFunction
q_topic_classes_objects:q_py_obj_student1,HandlingRecursiveFunction,DefiningRecursiveFunction
q_topic_classes_objects:q_py_obj_student1,HandlingNestedFunction,CallingNestedFunction
q_topic_classes_objects:q_py_obj_student1,HandlingNestedFunction,DefiningNestedFunction
q_topic_classes_objects:q_py_obj_student1,HandlingStandardFunction,CallingStandardFunction
q_topic_classes_objects:q_py_obj_student1,HandlingStandardFunction,DefiningStandardFunction
q_topic_classes_objects:q_py_obj_student1,NonNestedIteration,SingleWhileLoopIteration
q_topic_classes_objects:q_py_obj_student1,ArithmeticOperation,FindAbsolute
q_topic_classes_objects:q_py_obj_student1,ArithmeticOperation,FindRemainder
q_topic_classes_objects:q_py_obj_student1,ArithmeticOperation,FindMaximum
q_topic_classes_objects:q_py_obj_student1,ArithmeticOperation,Round
q_topic_classes_objects:q_py_obj_student1,ArithmeticOperation,Power
q_topic_classes_objects:q_py_obj_student1,ArithmeticOperation,FindMinimum
q_topic_classes_objects:q_py_obj_student1,ArithmeticOperation,Substraction
q_topic_classes_objects:q_py_obj_student1,ArithmeticOperation,Multiplication
py_if_else_wage,HandlingAdvancedDataStructure,BinaryTreeTask
py_if_else_wage,HandlingAdvancedDataStructure,LinkedListTask
py_if_else_wage,HandlingAdvancedDataStructure,QueueTask
py_if_else_wage,HandlingAdvancedDataStructure,StackTask
py_if_else_wage,TwoDimensionalArrayTask,ReplacingElement2DArray
py_if_else_wage,TwoDimensionalArrayTask,Indexing2DArray
py_if_else_wage,TwoDimensionalArrayTask,Create2DArray
py_if_else_wage,HandlingString,SplittingString
py_if_else_wage2,Python,Concatenation
py_if_else_wage2,Python,Importing
py_if_else_wage2,Python,FindingLength
py_if_else_wage2,Python,Printing
py_if_else_wage2,Python,CheckingForItem
py_if_else_wage2,Python,HandlingInput
py_if_else_wage2,CheckingCondition,IfElseChecking
py_if_else_wage2,CheckingCondition,AssertChecking
py_if_else_wage2,CheckingCondition,IfElifElseChecking
py_if_else_wage2,CheckingCondition,NestedIfChecking
py_if_else_wage2,CheckingCondition,IfChecking
py_if_else_wage2,CheckingCondition,IfElifChecking
py_if_else_wage2,CheckingCondition,BooleanEvaluating
py_if_else_wage2,CheckingInForLoop,IfElseCheckingInForLoop
py_if_else_wage2,CheckingInForLoop,IfElifCheckingInForLoop
py_if_else_wage2,CheckingInForLoop,IfCheckingInForLoop
py_if_else_wage2,CheckingInForLoop,IfElifElseCheckingInForLoop
py_if_else_wage2,CheckingInWhileLoop,IfElifElseCheckingInWhileLoop
py_if_else_wage2,CheckingInWhileLoop,IfCheckingInWhileLoop
py_if_else_wage2,CheckingInWhileLoop,IfElseCheckingInWhileLoop
py_if_else_wage2,CheckingInWhileLoop,IfElifCheckingInWhileLoop
py_if_else_wage2,ManagingVariable,SwappingVariablesValue
py_if_else_wage2,ArithmeticOperation,Division
py_if_else_wage2,HandlingTuple,CreatingTuple
py_if_else_wage2,HandlingTuple,SlicingTuple
py_if_else_wage2,HandlingTuple,IndexingTuple
py_if_else_wage2,HandlingFloat,TransformingToFloatType
py_if_else_wage2,HandlingDictionary,ReplacingDictionaryElement
py_if_else_wage2,HandlingDictionary,IndexingDictionary
py_if_else_wage2,HandlingDictionary,AddingItemToDictionary
py_if_else_wage2,HandlingDictionary,AccessingDictionary
py_if_else_wage2,HandlingDictionary,CreatingDictionary
py_if_else_wage2,HandlingList,DeletingListElement
py_if_else_wage2,HandlingList,IndexingList
py_if_else_wage2,HandlingList,CreatingList
py_if_else_wage2,HandlingList,SlicingList
py_if_else_wage2,HandlingList,ReplacingListElement
py_if_else_wage2,HandlingList,ListReferencing
py_if_else_wage2,HandlingList,ReversingList
py_if_else_wage2,AddingListElement,AddingListElementWithInsert
py_if_else_wage2,AddingListElement,AddingListElementWithAppend
py_if_else_wage2,HandlingFile,ClosingFile
py_if_else_wage2,HandlingFile,ReadingLine
py_if_else_wage2,HandlingFile,OpeningFile
py_if_else_wage2,HandlingString,CreatingString
py_if_else_wage2,HandlingString,ReplacingStringContent
py_if_else_wage2,HandlingString,FormattingString
py_if_else_wage2,HandlingString,TransformingToStringType
py_if_else_wage2,HandlingString,SplittingString
py_check_adjacent,Python,Concatenation
py_check_adjacent,Python,Importing
py_check_adjacent,Python,FindingLength
py_check_adjacent,Python,Printing
py_check_adjacent,Python,CheckingForItem
py_check_adjacent,Python,HandlingInput
py_check_adjacent,CheckingCondition,IfElseChecking
py_check_adjacent,CheckingCondition,AssertChecking
py_check_adjacent,CheckingCondition,IfElifElseChecking
py_check_adjacent,CheckingCondition,NestedIfChecking
py_check_adjacent,CheckingCondition,IfChecking
py_check_adjacent,CheckingCondition,IfElifChecking
py_check_adjacent,CheckingCondition,BooleanEvaluating
py_check_adjacent,CheckingInForLoop,IfElseCheckingInForLoop
py_check_adjacent,CheckingInForLoop,IfElifCheckingInForLoop
py_check_adjacent,CheckingInForLoop,IfCheckingInForLoop
py_check_adjacent,CheckingInForLoop,IfElifElseCheckingInForLoop
py_check_adjacent,CheckingInWhileLoop,IfElifElseCheckingInWhileLoop
py_check_adjacent,CheckingInWhileLoop,IfCheckingInWhileLoop
py_check_adjacent,CheckingInWhileLoop,IfElseCheckingInWhileLoop
py_check_adjacent,CheckingInWhileLoop,IfElifCheckingInWhileLoop
py_check_adjacent,ManagingVariable,SwappingVariablesValue
py_check_adjacent,HandlingAdvancedDataStructure,BinaryTreeTask
py_check_adjacent,HandlingAdvancedDataStructure,LinkedListTask
py_check_adjacent,HandlingAdvancedDataStructure,QueueTask
py_check_adjacent,HandlingAdvancedDataStructure,StackTask
py_check_adjacent,TwoDimensionalArrayTask,ReplacingElement2DArray
py_check_adjacent,TwoDimensionalArrayTask,Indexing2DArray
py_check_adjacent,TwoDimensionalArrayTask,Create2DArray
py_check_adjacent,ForLoopWithUpdate,ForLoopWith+=
py_check_adjacent,ForLoopWithUpdate,ForLoopWith*=
py_check_adjacent,ForLoopWithUpdate,ForLoopWithListIndexing
py_check_adjacent,ArithmeticOperation,FindAbsolute
py_adjacent_consecutive,NonNestedIteration,SingleWhileLoopIteration
py_adjacent_consecutive,WhileLoopWithUpdate,WhileLoopWithListIndexing
py_adjacent_consecutive,WhileLoopWithUpdate,WhileLoopWith*=
py_adjacent_consecutive,WhileLoopWithUpdate,WhileLoopWith+=
py_adjacent_consecutive,ForLoopWithUpdate,ForLoopWith+=
py_adjacent_consecutive,ForLoopWithUpdate,ForLoopWith*=
py_adjacent_consecutive,ForLoopWithUpdate,ForLoopWithListIndexing
py_adjacent_consecutive,NestedLoopIteration,MixedNestedLoopIteration
py_adjacent_consecutive,NestedLoopIteration,NestedForLoopIteration
py_adjacent_consecutive,NestedLoopIteration,NestedWhileLoopIteration
py_adjacent_consecutive,ArithmeticOperation,FindAbsolute
py_adjacent_consecutive,ArithmeticOperation,FindRemainder
py_adjacent_consecutive,ArithmeticOperation,FindMaximum
py_adjacent_consecutive,ArithmeticOperation,Addition
py_adjacent_consecutive,ArithmeticOperation,Round
py_adjacent_consecutive,ArithmeticOperation,Power
py_adjacent_consecutive,ArithmeticOperation,FindMinimum
py_adjacent_consecutive,ArithmeticOperation,Substraction
py_adjacent_consecutive,ArithmeticOperation,Division
py_adjacent_consecutive,ArithmeticOperation,Multiplication
py_adjacent_consecutive,HandlingInteger,TransformingToIntType
py_adjacent_consecutive,HandlingTuple,CreatingTuple
py_adjacent_greater,TwoDimensionalArrayTask,ReplacingElement2DArray
py_adjacent_greater,TwoDimensionalArrayTask,Indexing2DArray
py_adjacent_greater,TwoDimensionalArrayTask,Create2DArray
py_adjacent_greater,ForLoopWithUpdate,ForLoopWith+=
py_adjacent_greater,ForLoopWithUpdate,ForLoopWith*=
py_adjacent_greater,ForLoopWithUpdate,ForLoopWithListIndexing
py_win_percentage,Python,Concatenation
py_win_percentage,Python,Importing
py_win_percentage,Python,FindingLength
py_win_percentage,Python,Printing
py_win_percentage,Python,CheckingForItem
py_win_percentage,Python,HandlingInput
py_win_percentage,CheckingCondition,IfElseChecking
py_win_percentage,CheckingCondition,AssertChecking
py_win_percentage,CheckingCondition,IfElifElseChecking
py_win_percentage,CheckingCondition,NestedIfChecking
py_win_percentage,CheckingCondition,IfChecking
py_win_percentage,CheckingCondition,IfElifChecking
py_win_percentage,CheckingCondition,BooleanEvaluating
py_win_percentage,CheckingInForLoop,IfElseCheckingInForLoop
py_win_percentage,CheckingInForLoop,IfElifCheckingInForLoop
py_win_percentage,CheckingInForLoop,IfCheckingInForLoop
py_win_percentage,CheckingInForLoop,IfElifElseCheckingInForLoop
py_win_percentage,CheckingInWhileLoop,IfElifElseCheckingInWhileLoop
py_win_percentage,CheckingInWhileLoop,IfCheckingInWhileLoop
py_win_percentage,CheckingInWhileLoop,IfElseCheckingInWhileLoop
py_win_percentage,CheckingInWhileLoop,IfElifCheckingInWhileLoop
py_win_percentage,ManagingVariable,SwappingVariablesValue
py_win_percentage,HandlingAdvancedDataStructure,BinaryTreeTask
py_win_percentage,HandlingAdvancedDataStructure,LinkedListTask
py_win_percentage,HandlingAdvancedDataStructure,QueueTask
py_win_percentage,HandlingAdvancedDataStructure,StackTask
py_win_percentage,TwoDimensionalArrayTask,ReplacingElement2DArray
py_win_percentage,TwoDimensionalArrayTask,Indexing2DArray
py_win_percentage,TwoDimensionalArrayTask,Create2DArray
py_win_percentage,HandlingFunctionCallingFunction,DefiningFunctionCallingFunction
py_win_percentage,NonNestedIteration,SingleWhileLoopIteration
py_win_percentage,WhileLoopWithUpdate,WhileLoopWithListIndexing
py_win_percentage,WhileLoopWithUpdate,WhileLoopWith*=
py_win_percentage,WhileLoopWithUpdate,WhileLoopWith+=
py_win_percentage,ForLoopWithUpdate,ForLoopWith+=
py_win_percentage,ForLoopWithUpdate,ForLoopWith*=
py_win_percentage,ForLoopWithUpdate,ForLoopWithListIndexing
py_win_percentage,NestedLoopIteration,MixedNestedLoopIteration
py_win_percentage,NestedLoopIteration,NestedForLoopIteration
py_win_percentage,NestedLoopIteration,NestedWhileLoopIteration
py_win_percentage,ArithmeticOperation,FindAbsolute
py_win_percentage,ArithmeticOperation,FindRemainder
py_win_percentage,ArithmeticOperation,FindMaximum
py_win_percentage,ArithmeticOperation,Addition
py_win_percentage,ArithmeticOperation,Round
py_win_percentage,ArithmeticOperation,Power
py_win_percentage,ArithmeticOperation,FindMinimum
py_win_percentage,ArithmeticOperation,Substraction
py_win_percentage,ArithmeticOperation,Division
py_win_percentage,ArithmeticOperation,Multiplication
py_win_percentage,HandlingInteger,TransformingToIntType
py_win_percentage,HandlingTuple,CreatingTuple
py_win_percentage_input,ForLoopWithUpdate,ForLoopWith+=
py_win_percentage_input,ForLoopWithUpdate,ForLoopWith*=
py_win_percentage_input,ForLoopWithUpdate,ForLoopWithListIndexing
py_win_percentage_input,ArithmeticOperation,FindAbsolute
py_win_percentage_input,ArithmeticOperation,FindRemainder
py_win_percentage_input,ArithmeticOperation,FindMaximum
py_win_percentage_input,ArithmeticOperation,Round
py_win_percentage_input,ArithmeticOperation,Power
py_win_percentage_input,ArithmeticOperation,FindMinimum
py_win_percentage_input,ArithmeticOperation,Substraction
py_win_percentage_input,HandlingString,TrimmingString
py_win_percentage_input,HandlingString,IndexingString
py_win_percentage_input,HandlingString,SlicingString
py_win_percentage_input,ModifyingStringCase,ConvertStringToUpperCase
py_win_percentage_input,ModifyingStringCase,ConvertStringToLowerCase
py_win_percentage_input,ModifyingStringCase,CapitalizeString
py_win_percentage_input,HandlingError,HandlingSpecificError
py_win_percentage_input,HandlingError,HandlingGeneralError
py_win_percentage_won_equal,Python,Importing
py_win_percentage_won_equal,HandlingAdvancedDataStructure,BinaryTreeTask
py_win_percentage_won_equal,HandlingAdvancedDataStructure,LinkedListTask
py_win_percentage_won_equal,HandlingAdvancedDataStructure,QueueTask
py_win_percentage_won_equal,HandlingAdvancedDataStructure,StackTask
py_win_percentage_won_equal,TwoDimensionalArrayTask,ReplacingElement2DArray
py_win_percentage_won_equal,TwoDimensionalArrayTask,Indexing2DArray
py_win_percentage_won_equal,TwoDimensionalArrayTask,Create2DArray
py_win_percentage_won_equal,HandlingObjectOrientedProgramming,CallingOOPMethod
py_win_percentage_won_equal,HandlingObjectOrientedProgramming,CreatingObject
py_win_percentage_won_equal,HandlingObjectOrientedProgramming,DefiningClass
py_win_percentage_won_equal,HandlingObjectOrientedProgramming,DefiningOOPMethod
py_win_percentage_won_equal,HandlingTuple,SlicingTuple
py_win_percentage_won_equal,HandlingTuple,IndexingTuple
py_win_percentage_won_equal,HandlingFloat,TransformingToFloatType
py_win_percentage_won_equal,HandlingDictionary,ReplacingDictionaryElement
py_win_percentage_won_equal,HandlingDictionary,IndexingDictionary
py_win_percentage_won_equal,HandlingDictionary,AddingItemToDictionary
py_win_percentage_won_equal,HandlingDictionary,AccessingDictionary
py_win_percentage_won_equal,HandlingDictionary,CreatingDictionary
py_win_percentage_won_equal,HandlingList,DeletingListElement
py_win_percentage_won_equal,HandlingList,IndexingList
py_win_percentage_won_equal,HandlingList,CreatingList
py_win_percentage_won_equal,HandlingList,SlicingList
py_win_percentage_won_equal,HandlingList,ReplacingListElement
py_win_percentage_won_equal,HandlingList,ListReferencing
py_win_percentage_won_equal,HandlingList,ReversingList
py_win_percentage_won_equal,AddingListElement,AddingListElementWithInsert
py_win_percentage_won_equal,AddingListElement,AddingListElementWithAppend
py_win_percentage_won_equal,HandlingFile,ClosingFile
py_win_percentage_won_equal,HandlingFile,ReadingLine
py_win_percentage_won_equal,HandlingFile,OpeningFile
py_win_percentage_won_equal,HandlingString,CreatingString
py_win_percentage_won_equal,HandlingString,ReplacingStringContent
py_win_percentage_won_equal,HandlingString,FormattingString
py_win_percentage_won_equal,HandlingString,TransformingToStringType
py_win_percentage_won_equal,HandlingString,SplittingString
py_find_average,HandlingObjectOrientedProgramming,DefiningOOPMethod
py_find_average,HandlingFunction,NestedFunctionCall
py_find_average,WhileLoopWithUpdate,WhileLoopWith*=
py_find_average,ForLoopWithUpdate,ForLoopWith+=
py_find_average,ForLoopWithUpdate,ForLoopWith*=
py_find_average,ForLoopWithUpdate,ForLoopWithListIndexing
py_find_average,ArithmeticOperation,FindAbsolute
py_find_average,HandlingTuple,SlicingTuple
py_find_average,HandlingTuple,IndexingTuple
py_find_average,HandlingFloat,TransformingToFloatType
py_find_average,HandlingDictionary,ReplacingDictionaryElement
py_find_average,HandlingDictionary,IndexingDictionary
py_find_average,HandlingDictionary,AddingItemToDictionary
py_find_average,HandlingDictionary,AccessingDictionary
py_find_average,HandlingDictionary,CreatingDictionary
py_find_average,HandlingList,DeletingListElement
py_find_average,HandlingList,IndexingList
py_find_average,HandlingList,CreatingList
py_find_average,HandlingList,SlicingList
py_find_average,HandlingList,ReplacingListElement
py_find_average,HandlingList,ListReferencing
py_find_average,HandlingList,ReversingList
py_find_average,AddingListElement,AddingListElementWithInsert
py_find_average,AddingListElement,AddingListElementWithAppend
py_find_average,HandlingFile,ClosingFile
py_find_average,HandlingFile,ReadingLine
py_find_average,HandlingFile,OpeningFile
py_find_average,HandlingString,CreatingString
py_find_average,HandlingString,ReplacingStringContent
py_find_average,HandlingString,FormattingString
py_find_average,HandlingString,TransformingToStringType
py_find_average,HandlingString,SplittingString
py_average_even_nums,HandlingAdvancedDataStructure,BinaryTreeTask
py_average_even_nums,HandlingAdvancedDataStructure,LinkedListTask
py_average_even_nums,HandlingAdvancedDataStructure,QueueTask
py_average_even_nums,HandlingAdvancedDataStructure,StackTask
py_average_even_nums,TwoDimensionalArrayTask,ReplacingElement2DArray
py_average_even_nums,TwoDimensionalArrayTask,Indexing2DArray
py_average_even_nums,TwoDimensionalArrayTask,Create2DArray
py_average_even_nums,HandlingObjectOrientedProgramming,CallingOOPMethod
py_average_even_nums,HandlingObjectOrientedProgramming,CreatingObject
py_average_even_nums,HandlingObjectOrientedProgramming,DefiningClass
py_average_even_nums,HandlingObjectOrientedProgramming,DefiningOOPMethod
py_average_even_nums,NonNestedIteration,SingleWhileLoopIteration
py_average_even_nums,WhileLoopWithUpdate,WhileLoopWithListIndexing
py_average_even_nums,WhileLoopWithUpdate,WhileLoopWith*=
py_average_even_nums,WhileLoopWithUpdate,WhileLoopWith+=
py_average_even_nums,ForLoopWithUpdate,ForLoopWith+=
py_average_even_nums,ForLoopWithUpdate,ForLoopWith*=
py_average_even_nums,ForLoopWithUpdate,ForLoopWithListIndexing
py_average_even_nums,NestedLoopIteration,MixedNestedLoopIteration
py_average_even_nums,NestedLoopIteration,NestedForLoopIteration
py_average_even_nums,NestedLoopIteration,NestedWhileLoopIteration
py_average_even_nums,ArithmeticOperation,FindAbsolute
py_average_even_nums,ArithmeticOperation,FindRemainder
py_average_even_nums,ArithmeticOperation,FindMaximum
py_average_even_nums,ArithmeticOperation,Addition
py_average_even_nums,ArithmeticOperation,Round
py_average_even_nums,ArithmeticOperation,Power
py_average_even_nums,ArithmeticOperation,FindMinimum
py_average_even_nums,ArithmeticOperation,Substraction
py_average_even_nums,ArithmeticOperation,Division
py_average_even_nums,ArithmeticOperation,Multiplication
py_average_even_nums,HandlingInteger,TransformingToIntType
py_average_even_nums,HandlingTuple,CreatingTuple
py_average_even_nums,HandlingString,TrimmingString
py_average_even_nums,HandlingString,IndexingString
py_average_even_nums,HandlingString,SlicingString
py_average_even_nums,ModifyingStringCase,ConvertStringToUpperCase
py_average_even_nums,ModifyingStringCase,ConvertStringToLowerCase
py_average_even_nums,ModifyingStringCase,CapitalizeString
py_average_even_nums,HandlingError,HandlingSpecificError
py_average_even_nums,HandlingError,HandlingGeneralError
py_average_float,Python,Concatenation
py_average_float,Python,Importing
py_average_float,Python,FindingLength
py_average_float,Python,Printing
py_average_float,Python,CheckingForItem
py_average_float,Python,HandlingInput
py_average_float,CheckingCondition,IfElseChecking
py_average_float,CheckingCondition,AssertChecking
py_average_float,CheckingCondition,IfElifElseChecking
py_average_float,CheckingCondition,NestedIfChecking
py_average_float,CheckingCondition,IfChecking
py_average_float,CheckingCondition,IfElifChecking
py_average_float,CheckingCondition,BooleanEvaluating
py_average_float,CheckingInForLoop,IfElseCheckingInForLoop
py_average_float,CheckingInForLoop,IfElifCheckingInForLoop
py_average_float,CheckingInForLoop,IfCheckingInForLoop
py_average_float,CheckingInForLoop,IfElifElseCheckingInForLoop
py_average_float,CheckingInWhileLoop,IfElifElseCheckingInWhileLoop
py_average_float,CheckingInWhileLoop,IfCheckingInWhileLoop
py_average_float,CheckingInWhileLoop,IfElseCheckingInWhileLoop
py_average_float,CheckingInWhileLoop,IfElifCheckingInWhileLoop
py_average_float,ManagingVariable,SwappingVariablesValue
py_average_float,ForLoopWithUpdate,ForLoopWith+=
py_average_float,ForLoopWithUpdate,ForLoopWith*=
py_average_float,ForLoopWithUpdate,ForLoopWithListIndexing
py_average_float,ArithmeticOperation,FindAbsolute
py_average_float,ArithmeticOperation,FindRemainder
py_average_float,ArithmeticOperation,FindMaximum
py_average_float,ArithmeticOperation,Round
py_average_float,ArithmeticOperation,Power
py_average_float,ArithmeticOperation,FindMinimum
py_average_float,ArithmeticOperation,Substraction
py_average_float,ArithmeticOperation,Multiplication
py_average_float,HandlingString,ReplacingStringContent
py_average_float,HandlingString,SplittingString
py_list2d_basic,HandlingAdvancedDataStructure,BinaryTreeTask
py_list2d_basic,HandlingAdvancedDataStructure,LinkedListTask
py_list2d_basic,HandlingAdvancedDataStructure,QueueTask
py_list2d_basic,HandlingAdvancedDataStructure,StackTask
py_list2d_basic,HandlingObjectOrientedProgramming,CallingOOPMethod
py_list2d_basic,HandlingObjectOrientedProgramming,DefiningOOPMethod
py_list2d_basic,HandlingFunction,NestedFunctionCall
py_list2d_basic,HandlingFunctionCallingFunction,DefiningFunctionCallingFunction
py_list2d_basic,HandlingStandardFunction,CallingStandardFunction
py_list2d_basic,HandlingList,ReversingList
py_list2d_basic2,HandlingAdvancedDataStructure,BinaryTreeTask
py_list2d_basic2,HandlingAdvancedDataStructure,LinkedListTask
py_list2d_basic2,HandlingAdvancedDataStructure,QueueTask
py_list2d_basic2,HandlingAdvancedDataStructure,StackTask
py_list2d_basic2,HandlingObjectOrientedProgramming,CallingOOPMethod
py_list2d_basic2,HandlingObjectOrientedProgramming,CreatingObject
py_list2d_basic2,HandlingObjectOrientedProgramming,DefiningClass
py_list2d_basic2,HandlingObjectOrientedProgramming,DefiningOOPMethod
py_list2d_basic2,NonNestedIteration,SingleWhileLoopIteration
py_list2d_basic2,WhileLoopWithUpdate,WhileLoopWith*=
py_list2d_basic2,WhileLoopWithUpdate,WhileLoopWith+=
py_list2d_basic2,ForLoopWithUpdate,ForLoopWith+=
py_list2d_basic2,ForLoopWithUpdate,ForLoopWith*=
py_list2d_basic2,HandlingTuple,SlicingTuple
py_list2d_basic2,HandlingTuple,IndexingTuple
py_list2d_basic2,HandlingFloat,TransformingToFloatType
py_list2d_basic2,HandlingDictionary,ReplacingDictionaryElement
py_list2d_basic2,HandlingDictionary,IndexingDictionary
py_list2d_basic2,HandlingDictionary,AddingItemToDictionary
py_list2d_basic2,HandlingDictionary,AccessingDictionary
py_list2d_basic2,HandlingDictionary,CreatingDictionary
py_list2d_basic2,HandlingList,DeletingListElement
py_list2d_basic2,HandlingList,IndexingList
py_list2d_basic2,HandlingList,CreatingList
py_list2d_basic2,HandlingList,SlicingList
py_list2d_basic2,HandlingList,ReplacingListElement
py_list2d_basic2,HandlingList,ListReferencing
py_list2d_basic2,HandlingList,ReversingList
py_list2d_basic2,AddingListElement,AddingListElementWithInsert
py_list2d_basic2,AddingListElement,AddingListElementWithAppend
py_list2d_basic2,HandlingFile,ClosingFile
py_list2d_basic2,HandlingFile,ReadingLine
py_list2d_basic2,HandlingFile,OpeningFile
py_list2d_basic2,HandlingString,CreatingString
py_list2d_basic2,HandlingString,ReplacingStringContent
py_list2d_basic2,HandlingString,FormattingString
py_list2d_basic2,HandlingString,TransformingToStringType
py_list2d_basic2,HandlingString,SplittingString
py_list2d_basic3,HandlingAdvancedDataStructure,BinaryTreeTask
py_list2d_basic3,HandlingAdvancedDataStructure,LinkedListTask
py_list2d_basic3,HandlingAdvancedDataStructure,QueueTask
py_list2d_basic3,HandlingAdvancedDataStructure,StackTask
py_list2d_basic3,HandlingObjectOrientedProgramming,CallingOOPMethod
py_list2d_basic3,HandlingObjectOrientedProgramming,CreatingObject
py_list2d_basic3,HandlingObjectOrientedProgramming,DefiningClass
py_list2d_basic3,HandlingObjectOrientedProgramming,DefiningOOPMethod
py_list2d_basic3,HandlingFunctionCallingFunction,DefiningFunctionCallingFunction
py_list2d_basic3,NonNestedIteration,SingleForLoopIteration
py_list2d_basic3,NonNestedIteration,SingleWhileLoopIteration
py_list2d_basic3,WhileLoopWithUpdate,WhileLoopWithListIndexing
py_list2d_basic3,WhileLoopWithUpdate,WhileLoopWith*=
py_list2d_basic3,WhileLoopWithUpdate,WhileLoopWith+=
py_list2d_basic3,ForLoopWithUpdate,ForLoopWith+=
py_list2d_basic3,ForLoopWithUpdate,ForLoopWith*=
py_list2d_basic3,ForLoopWithUpdate,ForLoopWithListIndexing
py_list2d_basic3,NestedLoopIteration,MixedNestedLoopIteration
py_list2d_basic3,NestedLoopIteration,NestedForLoopIteration
py_list2d_basic3,NestedLoopIteration,NestedWhileLoopIteration
py_list2d_basic3,ArithmeticOperation,FindAbsolute
py_list2d_basic3,ArithmeticOperation,FindRemainder
py_list2d_basic3,ArithmeticOperation,FindMaximum
py_list2d_basic3,ArithmeticOperation,Addition
py_list2d_basic3,ArithmeticOperation,Round
py_list2d_basic3,ArithmeticOperation,Power
py_list2d_basic3,ArithmeticOperation,FindMinimum
py_list2d_basic3,ArithmeticOperation,Substraction
py_list2d_basic3,ArithmeticOperation,Division
py_list2d_basic3,ArithmeticOperation,Multiplication
py_list2d_basic3,HandlingInteger,TransformingToIntType
py_list2d_basic3,HandlingTuple,CreatingTuple
py_list2d_basic3,HandlingList,ReversingList
py_list2d_basic3,HandlingString,TrimmingString
py_list2d_basic3,HandlingString,IndexingString
py_list2d_basic3,HandlingString,SlicingString
py_list2d_basic3,ModifyingStringCase,ConvertStringToUpperCase
py_list2d_basic3,ModifyingStringCase,ConvertStringToLowerCase
py_list2d_basic3,ModifyingStringCase,CapitalizeString
py_list2d_basic3,HandlingError,HandlingSpecificError
py_list2d_basic3,HandlingError,HandlingGeneralError
py_list_basic,HandlingAdvancedDataStructure,BinaryTreeTask
py_list_basic,HandlingAdvancedDataStructure,LinkedListTask
py_list_basic,HandlingAdvancedDataStructure,QueueTask
py_list_basic,HandlingAdvancedDataStructure,StackTask
py_list_basic,HandlingFunctionCallingFunction,DefiningFunctionCallingFunction
py_list_basic,ForLoopWithUpdate,ForLoopWith+=
py_list_basic,ForLoopWithUpdate,ForLoopWith*=
py_list_basic,HandlingString,TrimmingString
py_list_basic,HandlingString,IndexingString
py_list_basic,HandlingString,SlicingString
py_list_basic,ModifyingStringCase,ConvertStringToUpperCase
py_list_basic,ModifyingStringCase,ConvertStringToLowerCase
py_list_basic,ModifyingStringCase,CapitalizeString
py_list_basic,HandlingError,HandlingSpecificError
py_list_basic,HandlingError,HandlingGeneralError
py_list_basic2,HandlingAdvancedDataStructure,BinaryTreeTask
py_list_basic2,HandlingAdvancedDataStructure,LinkedListTask
py_list_basic2,HandlingAdvancedDataStructure,QueueTask
py_list_basic2,HandlingAdvancedDataStructure,StackTask
py_list_basic2,TwoDimensionalArrayTask,Create2DArray
py_list_basic2,HandlingFunctionCallingFunction,DefiningFunctionCallingFunction
py_list_basic2,NonNestedIteration,SingleWhileLoopIteration
py_list_basic2,WhileLoopWithUpdate,WhileLoopWithListIndexing
py_list_basic2,WhileLoopWithUpdate,WhileLoopWith*=
py_list_basic2,WhileLoopWithUpdate,WhileLoopWith+=
py_list_basic2,ForLoopWithUpdate,ForLoopWith+=
py_list_basic2,ForLoopWithUpdate,ForLoopWith*=
py_list_basic2,ForLoopWithUpdate,ForLoopWithListIndexing
py_list_basic2,NestedLoopIteration,MixedNestedLoopIteration
py_list_basic2,NestedLoopIteration,NestedForLoopIteration
py_list_basic2,NestedLoopIteration,NestedWhileLoopIteration
py_list_basic2,ArithmeticOperation,FindAbsolute
py_list_basic2,ArithmeticOperation,FindRemainder
py_list_basic2,ArithmeticOperation,FindMaximum
py_list_basic2,ArithmeticOperation,Addition
py_list_basic2,ArithmeticOperation,Round
py_list_basic2,ArithmeticOperation,Power
py_list_basic2,ArithmeticOperation,FindMinimum
py_list_basic2,ArithmeticOperation,Substraction
py_list_basic2,ArithmeticOperation,Division
py_list_basic2,ArithmeticOperation,Multiplication
py_list_basic2,HandlingInteger,TransformingToIntType
py_list_basic2,HandlingTuple,CreatingTuple
py_list_basic2,HandlingList,ReversingList
py_list_basic2,HandlingString,TransformingToStringType
py_list_basic3,Python,Concatenation
py_list_basic3,Python,Importing
py_list_basic3,Python,FindingLength
py_list_basic3,Python,Printing
py_list_basic3,Python,CheckingForItem
py_list_basic3,Python,HandlingInput
py_list_basic3,CheckingCondition,IfElseChecking
py_list_basic3,CheckingCondition,AssertChecking
py_list_basic3,CheckingCondition,IfElifElseChecking
py_list_basic3,CheckingCondition,NestedIfChecking
py_list_basic3,CheckingCondition,IfChecking
py_list_basic3,CheckingCondition,IfElifChecking
py_list_basic3,CheckingCondition,BooleanEvaluating
py_list_basic3,CheckingInForLoop,IfElseCheckingInForLoop
py_list_basic3,CheckingInForLoop,IfElifCheckingInForLoop
py_list_basic3,CheckingInForLoop,IfCheckingInForLoop
py_list_basic3,CheckingInForLoop,IfElifElseCheckingInForLoop
py_list_basic3,CheckingInWhileLoop,IfElifElseCheckingInWhileLoop
py_list_basic3,CheckingInWhileLoop,IfCheckingInWhileLoop
py_list_basic3,CheckingInWhileLoop,IfElseCheckingInWhileLoop
py_list_basic3,CheckingInWhileLoop,IfElifCheckingInWhileLoop
py_list_basic3,ManagingVariable,SwappingVariablesValue
py_list_basic3,HandlingAdvancedDataStructure,BinaryTreeTask
py_list_basic3,HandlingAdvancedDataStructure,LinkedListTask
py_list_basic3,HandlingAdvancedDataStructure,QueueTask
py_list_basic3,HandlingAdvancedDataStructure,StackTask
py_list_basic3,TwoDimensionalArrayTask,Create2DArray
py_list_basic3,NonNestedIteration,SingleWhileLoopIteration
py_list_basic3,WhileLoopWithUpdate,WhileLoopWithListIndexing
py_list_basic3,WhileLoopWithUpdate,WhileLoopWith*=
py_list_basic3,WhileLoopWithUpdate,WhileLoopWith+=
py_list_basic3,ForLoopWithUpdate,ForLoopWith+=
py_list_basic3,ForLoopWithUpdate,ForLoopWith*=
py_list_basic3,ForLoopWithUpdate,ForLoopWithListIndexing
py_list_basic3,NestedLoopIteration,MixedNestedLoopIteration
py_list_basic3,NestedLoopIteration,NestedForLoopIteration
py_list_basic3,NestedLoopIteration,NestedWhileLoopIteration
py_list_basic3,ArithmeticOperation,FindAbsolute
py_list_basic3,ArithmeticOperation,FindRemainder
py_list_basic3,ArithmeticOperation,FindMaximum
py_list_basic3,ArithmeticOperation,Addition
py_list_basic3,ArithmeticOperation,Round
py_list_basic3,ArithmeticOperation,Power
py_list_basic3,ArithmeticOperation,FindMinimum
py_list_basic3,ArithmeticOperation,Substraction
py_list_basic3,ArithmeticOperation,Division
py_list_basic3,ArithmeticOperation,Multiplication
py_list_basic3,HandlingInteger,TransformingToIntType
py_list_basic3,HandlingTuple,CreatingTuple
py_list_basic3,HandlingTuple,SlicingTuple
py_list_basic3,HandlingTuple,IndexingTuple
py_list_basic3,HandlingFloat,TransformingToFloatType
py_list_basic3,HandlingDictionary,ReplacingDictionaryElement
py_list_basic3,HandlingDictionary,IndexingDictionary
py_list_basic3,HandlingDictionary,AddingItemToDictionary
py_list_basic3,HandlingDictionary,AccessingDictionary
py_list_basic3,HandlingDictionary,CreatingDictionary
py_list_basic3,HandlingList,DeletingListElement
py_list_basic3,HandlingList,IndexingList
py_list_basic3,HandlingList,CreatingList
py_list_basic3,HandlingList,SlicingList
py_list_basic3,HandlingList,ReplacingListElement
py_list_basic3,HandlingList,ListReferencing
py_list_basic3,HandlingList,ReversingList
py_list_basic3,AddingListElement,AddingListElementWithInsert
py_list_basic3,AddingListElement,AddingListElementWithAppend
py_list_basic3,HandlingFile,ClosingFile
py_list_basic3,HandlingFile,ReadingLine
py_list_basic3,HandlingFile,OpeningFile
py_list_basic3,HandlingString,CreatingString
py_list_basic3,HandlingString,ReplacingStringContent
py_list_basic3,HandlingString,FormattingString
py_list_basic3,HandlingString,TransformingToStringType
py_list_basic3,HandlingString,SplittingString
py_list_change,HandlingObjectOrientedProgramming,DefiningOOPMethod
py_list_change,WhileLoopWithUpdate,WhileLoopWithListIndexing
py_list_change,WhileLoopWithUpdate,WhileLoopWith*=
py_list_change,WhileLoopWithUpdate,WhileLoopWith+=
py_list_change,ForLoopWithUpdate,ForLoopWith*=
py_list_change,HandlingList,ReversingList
py_list_swap_adjacent_elements,NonNestedIteration,SingleWhileLoopIteration
py_list_swap_adjacent_elements,HandlingTuple,CreatingTuple
py_list_fill,Python,Concatenation
py_list_fill,Python,Importing
py_list_fill,Python,FindingLength
py_list_fill,Python,Printing
py_list_fill,Python,CheckingForItem
py_list_fill,Python,HandlingInput
py_list_fill,CheckingCondition,IfElseChecking
py_list_fill,CheckingCondition,AssertChecking
py_list_fill,CheckingCondition,IfElifElseChecking
py_list_fill,CheckingCondition,NestedIfChecking
py_list_fill,CheckingCondition,IfChecking
py_list_fill,CheckingCondition,IfElifChecking
py_list_fill,CheckingCondition,BooleanEvaluating
py_list_fill,CheckingInForLoop,IfElseCheckingInForLoop
py_list_fill,CheckingInForLoop,IfElifCheckingInForLoop
py_list_fill,CheckingInForLoop,IfCheckingInForLoop
py_list_fill,CheckingInForLoop,IfElifElseCheckingInForLoop
py_list_fill,CheckingInWhileLoop,IfElifElseCheckingInWhileLoop
py_list_fill,CheckingInWhileLoop,IfCheckingInWhileLoop
py_list_fill,CheckingInWhileLoop,IfElseCheckingInWhileLoop
py_list_fill,CheckingInWhileLoop,IfElifCheckingInWhileLoop
py_list_fill,ManagingVariable,SwappingVariablesValue
py_list_fill,ManagingVariable,AssigningVariable
py_list_fill,ManagingVariable,UpdatingVariable
py_list_fill,HandlingAdvancedDataStructure,BinaryTreeTask
py_list_fill,HandlingAdvancedDataStructure,LinkedListTask
py_list_fill,HandlingAdvancedDataStructure,QueueTask
py_list_fill,HandlingAdvancedDataStructure,StackTask
py_list_fill,TwoDimensionalArrayTask,ReplacingElement2DArray
py_list_fill,TwoDimensionalArrayTask,Indexing2DArray
py_list_fill,TwoDimensionalArrayTask,Create2DArray
py_list_fill,HandlingObjectOrientedProgramming,CallingOOPMethod
py_list_fill,HandlingObjectOrientedProgramming,CreatingObject
py_list_fill,HandlingObjectOrientedProgramming,DefiningClass
py_list_fill,HandlingObjectOrientedProgramming,DefiningOOPMethod
py_list_fill,HandlingFunction,CallingFunctionLibrary
py_list_fill,HandlingFunction,NestedFunctionCall
py_list_fill,HandlingFunctionCallingFunction,CallingFunctionCallingFunction
py_list_fill,HandlingFunctionCallingFunction,DefiningFunctionCallingFunction
py_list_fill,HandlingRecursiveFunction,CallingRecursiveFunction
py_list_fill,HandlingRecursiveFunction,DefiningRecursiveFunction
py_list_fill,HandlingNestedFunction,CallingNestedFunction
py_list_fill,HandlingNestedFunction,DefiningNestedFunction
py_list_fill,HandlingStandardFunction,CallingStandardFunction
py_list_fill,HandlingStandardFunction,DefiningStandardFunction
py_list_fill,NonNestedIteration,SingleForLoopIteration
py_list_fill,NonNestedIteration,SingleWhileLoopIteration
py_list_fill,WhileLoopWithUpdate,WhileLoopWithListIndexing
py_list_fill,WhileLoopWithUpdate,WhileLoopWith*=
py_list_fill,WhileLoopWithUpdate,WhileLoopWith+=
py_list_fill,ForLoopWithUpdate,ForLoopWith+=
py_list_fill,ForLoopWithUpdate,ForLoopWith*=
py_list_fill,ForLoopWithUpdate,ForLoopWithListIndexing
py_list_fill,NestedLoopIteration,MixedNestedLoopIteration
py_list_fill,NestedLoopIteration,NestedForLoopIteration
py_list_fill,NestedLoopIteration,NestedWhileLoopIteration
py_list_fill,ArithmeticOperation,FindAbsolute
py_list_fill,ArithmeticOperation,FindRemainder
py_list_fill,ArithmeticOperation,FindMaximum
py_list_fill,ArithmeticOperation,Addition
py_list_fill,ArithmeticOperation,Round
py_list_fill,ArithmeticOperation,Power
py_list_fill,ArithmeticOperation,FindMinimum
py_list_fill,ArithmeticOperation,Substraction
py_list_fill,ArithmeticOperation,Division
py_list_fill,ArithmeticOperation,Multiplication
py_list_fill,HandlingInteger,TransformingToIntType
py_list_fill,HandlingTuple,CreatingTuple
py_list_fill,HandlingList,ReversingList
py_list_fill_user_input,Python,Concatenation
py_list_fill_user_input,Python,Importing
py_list_fill_user_input,Python,FindingLength
py_list_fill_user_input,Python,Printing
py_list_fill_user_input,Python,CheckingForItem
py_list_fill_user_input,Python,HandlingInput
py_list_fill_user_input,CheckingCondition,IfElseChecking
py_list_fill_user_input,CheckingCondition,AssertChecking
py_list_fill_user_input,CheckingCondition,IfElifElseChecking
py_list_fill_user_input,CheckingCondition,NestedIfChecking
py_list_fill_user_input,CheckingCondition,IfChecking
py_list_fill_user_input,CheckingCondition,IfElifChecking
py_list_fill_user_input,CheckingCondition,BooleanEvaluating
py_list_fill_user_input,CheckingInForLoop,IfElseCheckingInForLoop
py_list_fill_user_input,CheckingInForLoop,IfElifCheckingInForLoop
py_list_fill_user_input,CheckingInForLoop,IfCheckingInForLoop
py_list_fill_user_input,CheckingInForLoop,IfElifElseCheckingInForLoop
py_list_fill_user_input,CheckingInWhileLoop,IfElifElseCheckingInWhileLoop
py_list_fill_user_input,CheckingInWhileLoop,IfCheckingInWhileLoop
py_list_fill_user_input,CheckingInWhileLoop,IfElseCheckingInWhileLoop
py_list_fill_user_input,CheckingInWhileLoop,IfElifCheckingInWhileLoop
py_list_fill_user_input,ManagingVariable,SwappingVariablesValue
py_list_fill_user_input,HandlingFunctionCallingFunction,DefiningFunctionCallingFunction
py_list_fill_user_input,NonNestedIteration,SingleWhileLoopIteration
py_list_fill_user_input,WhileLoopWithUpdate,WhileLoopWithListIndexing
py_list_fill_user_input,WhileLoopWithUpdate,WhileLoopWith*=
py_list_fill_user_input,WhileLoopWithUpdate,WhileLoopWith+=
py_list_fill_user_input,ForLoopWithUpdate,ForLoopWith*=
py_list_fill_user_input,ArithmeticOperation,FindAbsolute
py_list_fill_user_input,ArithmeticOperation,FindRemainder
py_list_fill_user_input,ArithmeticOperation,Round
py_list_fill_user_input,ArithmeticOperation,Power
py_list_fill_user_input,ArithmeticOperation,FindMinimum
py_list_fill_user_input,ArithmeticOperation,Substraction
py_list_fill_user_input,ArithmeticOperation,Division
py_list_fill_user_input,ArithmeticOperation,Multiplication
py_list_fill_user_input,HandlingTuple,SlicingTuple
py_list_fill_user_input,HandlingTuple,IndexingTuple
py_list_fill_user_input,HandlingFloat,TransformingToFloatType
py_list_fill_user_input,HandlingDictionary,ReplacingDictionaryElement
py_list_fill_user_input,HandlingDictionary,IndexingDictionary
py_list_fill_user_input,HandlingDictionary,AddingItemToDictionary
py_list_fill_user_input,HandlingDictionary,AccessingDictionary
py_list_fill_user_input,HandlingDictionary,CreatingDictionary
py_list_fill_user_input,HandlingList,DeletingListElement
py_list_fill_user_input,HandlingList,IndexingList
py_list_fill_user_input,HandlingList,CreatingList
py_list_fill_user_input,HandlingList,SlicingList
py_list_fill_user_input,HandlingList,ReplacingListElement
py_list_fill_user_input,HandlingList,ListReferencing
py_list_fill_user_input,HandlingList,ReversingList
py_list_fill_user_input,AddingListElement,AddingListElementWithInsert
py_list_fill_user_input,AddingListElement,AddingListElementWithAppend
py_list_fill_user_input,HandlingFile,ClosingFile
py_list_fill_user_input,HandlingFile,ReadingLine
py_list_fill_user_input,HandlingFile,OpeningFile
py_list_fill_user_input,HandlingString,CreatingString
py_list_fill_user_input,HandlingString,ReplacingStringContent
py_list_fill_user_input,HandlingString,FormattingString
py_list_fill_user_input,HandlingString,TransformingToStringType
py_list_fill_user_input,HandlingString,SplittingString
py_list_min_max,NonNestedIteration,SingleWhileLoopIteration
py_list_min_max,WhileLoopWithUpdate,WhileLoopWithListIndexing
py_list_min_max,WhileLoopWithUpdate,WhileLoopWith*=
py_list_min_max,WhileLoopWithUpdate,WhileLoopWith+=
py_list_min_max,ForLoopWithUpdate,ForLoopWith+=
py_list_min_max,ForLoopWithUpdate,ForLoopWith*=
py_list_min_max,ForLoopWithUpdate,ForLoopWithListIndexing
py_list_min_max,NestedLoopIteration,MixedNestedLoopIteration
py_list_min_max,NestedLoopIteration,NestedForLoopIteration
py_list_min_max,NestedLoopIteration,NestedWhileLoopIteration
py_list_min_max,ArithmeticOperation,FindAbsolute
py_list_min_max,ArithmeticOperation,FindRemainder
py_list_min_max,ArithmeticOperation,FindMaximum
py_list_min_max,ArithmeticOperation,Addition
py_list_min_max,ArithmeticOperation,Round
py_list_min_max,ArithmeticOperation,Power
py_list_min_max,ArithmeticOperation,FindMinimum
py_list_min_max,ArithmeticOperation,Substraction
py_list_min_max,ArithmeticOperation,Division
py_list_min_max,ArithmeticOperation,Multiplication
py_list_min_max,HandlingInteger,TransformingToIntType
py_list_min_max,HandlingTuple,CreatingTuple
py_list_min_max,HandlingString,TrimmingString
py_list_min_max,HandlingString,IndexingString
py_list_min_max,HandlingString,SlicingString
py_list_min_max,ModifyingStringCase,ConvertStringToUpperCase
py_list_min_max,ModifyingStringCase,ConvertStringToLowerCase
py_list_min_max,ModifyingStringCase,CapitalizeString
py_list_min_max,HandlingError,HandlingSpecificError
py_list_min_max,HandlingError,HandlingGeneralError
py_list_min,Python,Concatenation
py_list_min,Python,Importing
py_list_min,Python,FindingLength
py_list_min,Python,Printing
py_list_min,Python,CheckingForItem
py_list_min,Python,HandlingInput
py_list_min,CheckingCondition,IfElseChecking
py_list_min,CheckingCondition,AssertChecking
py_list_min,CheckingCondition,IfElifElseChecking
py_list_min,CheckingCondition,NestedIfChecking
py_list_min,CheckingCondition,IfChecking
py_list_min,CheckingCondition,IfElifChecking
py_list_min,CheckingCondition,BooleanEvaluating
py_list_min,CheckingInForLoop,IfElseCheckingInForLoop
py_list_min,CheckingInForLoop,IfElifCheckingInForLoop
py_list_min,CheckingInForLoop,IfCheckingInForLoop
py_list_min,CheckingInForLoop,IfElifElseCheckingInForLoop
py_list_min,CheckingInWhileLoop,IfElifElseCheckingInWhileLoop
py_list_min,CheckingInWhileLoop,IfCheckingInWhileLoop
py_list_min,CheckingInWhileLoop,IfElseCheckingInWhileLoop
py_list_min,CheckingInWhileLoop,IfElifCheckingInWhileLoop
py_list_min,ManagingVariable,SwappingVariablesValue
py_list_min,HandlingStandardFunction,DefiningStandardFunction
py_list_min,NonNestedIteration,SingleWhileLoopIteration
py_list_min,WhileLoopWithUpdate,WhileLoopWithListIndexing
py_list_min,WhileLoopWithUpdate,WhileLoopWith*=
py_list_min,WhileLoopWithUpdate,WhileLoopWith+=
py_list_min,ForLoopWithUpdate,ForLoopWith+=
py_list_min,ForLoopWithUpdate,ForLoopWith*=
py_list_min,ForLoopWithUpdate,ForLoopWithListIndexing
py_list_min,NestedLoopIteration,MixedNestedLoopIteration
py_list_min,NestedLoopIteration,NestedForLoopIteration
py_list_min,NestedLoopIteration,NestedWhileLoopIteration
py_list_min,ArithmeticOperation,FindAbsolute
py_list_min,ArithmeticOperation,FindRemainder
py_list_min,ArithmeticOperation,FindMaximum
py_list_min,ArithmeticOperation,Addition
py_list_min,ArithmeticOperation,Round
py_list_min,ArithmeticOperation,Power
py_list_min,ArithmeticOperation,FindMinimum
py_list_min,ArithmeticOperation,Substraction
py_list_min,ArithmeticOperation,Division
py_list_min,ArithmeticOperation,Multiplication
py_list_min,HandlingInteger,TransformingToIntType
py_list_min,HandlingTuple,CreatingTuple
py_list_rotate,Python,Concatenation
py_list_rotate,Python,Importing
py_list_rotate,Python,FindingLength
py_list_rotate,Python,Printing
py_list_rotate,Python,CheckingForItem
py_list_rotate,Python,HandlingInput
py_list_rotate,CheckingCondition,IfElseChecking
py_list_rotate,CheckingCondition,AssertChecking
py_list_rotate,CheckingCondition,IfElifElseChecking
py_list_rotate,CheckingCondition,NestedIfChecking
py_list_rotate,CheckingCondition,IfChecking
py_list_rotate,CheckingCondition,IfElifChecking
py_list_rotate,CheckingCondition,BooleanEvaluating
py_list_rotate,CheckingInForLoop,IfElseCheckingInForLoop
py_list_rotate,CheckingInForLoop,IfElifCheckingInForLoop
py_list_rotate,CheckingInForLoop,IfCheckingInForLoop
py_list_rotate,CheckingInForLoop,IfElifElseCheckingInForLoop
py_list_rotate,CheckingInWhileLoop,IfElifElseCheckingInWhileLoop
py_list_rotate,CheckingInWhileLoop,IfCheckingInWhileLoop
py_list_rotate,CheckingInWhileLoop,IfElseCheckingInWhileLoop
py_list_rotate,CheckingInWhileLoop,IfElifCheckingInWhileLoop
py_list_rotate,ManagingVariable,SwappingVariablesValue
py_list_rotate,ForLoopWithUpdate,ForLoopWith*=
py_list_rotate,HandlingTuple,SlicingTuple
py_list_rotate,HandlingTuple,IndexingTuple
py_list_rotate,HandlingFloat,TransformingToFloatType
py_list_rotate,HandlingDictionary,ReplacingDictionaryElement
py_list_rotate,HandlingDictionary,IndexingDictionary
py_list_rotate,HandlingDictionary,AddingItemToDictionary
py_list_rotate,HandlingDictionary,AccessingDictionary
py_list_rotate,HandlingDictionary,CreatingDictionary
py_list_rotate,HandlingList,DeletingListElement
py_list_rotate,HandlingList,IndexingList
py_list_rotate,HandlingList,CreatingList
py_list_rotate,HandlingList,SlicingList
py_list_rotate,HandlingList,ReplacingListElement
py_list_rotate,HandlingList,ListReferencing
py_list_rotate,HandlingList,ReversingList
py_list_rotate,AddingListElement,AddingListElementWithInsert
py_list_rotate,AddingListElement,AddingListElementWithAppend
py_list_rotate,HandlingFile,ClosingFile
py_list_rotate,HandlingFile,ReadingLine
py_list_rotate,HandlingFile,OpeningFile
py_list_rotate,HandlingString,CreatingString
py_list_rotate,HandlingString,ReplacingStringContent
py_list_rotate,HandlingString,FormattingString
py_list_rotate,HandlingString,TransformingToStringType
py_list_rotate,HandlingString,SplittingString
py_list_rotate_left_twice,ManagingVariable,AssigningVariable
py_list_rotate_left_twice,ManagingVariable,UpdatingVariable
py_list_rotate_left_twice,HandlingAdvancedDataStructure,BinaryTreeTask
py_list_rotate_left_twice,HandlingAdvancedDataStructure,LinkedListTask
py_list_rotate_left_twice,HandlingAdvancedDataStructure,QueueTask
py_list_rotate_left_twice,HandlingAdvancedDataStructure,StackTask
py_list_rotate_left_twice,TwoDimensionalArrayTask,ReplacingElement2DArray
py_list_rotate_left_twice,TwoDimensionalArrayTask,Indexing2DArray
py_list_rotate_left_twice,TwoDimensionalArrayTask,Create2DArray
py_list_rotate_left_twice,HandlingObjectOrientedProgramming,CallingOOPMethod
py_list_rotate_left_twice,HandlingObjectOrientedProgramming,CreatingObject
py_list_rotate_left_twice,HandlingObjectOrientedProgramming,DefiningClass
py_list_rotate_left_twice,HandlingObjectOrientedProgramming,DefiningOOPMethod
py_list_rotate_left_twice,HandlingFunction,CallingFunctionLibrary
py_list_rotate_left_twice,HandlingFunction,NestedFunctionCall
py_list_rotate_left_twice,HandlingFunctionCallingFunction,CallingFunctionCallingFunction
py_list_rotate_left_twice,HandlingFunctionCallingFunction,DefiningFunctionCallingFunction
py_list_rotate_left_twice,HandlingRecursiveFunction,CallingRecursiveFunction
py_list_rotate_left_twice,HandlingRecursiveFunction,DefiningRecursiveFunction
py_list_rotate_left_twice,HandlingNestedFunction,CallingNestedFunction
py_list_rotate_left_twice,HandlingNestedFunction,DefiningNestedFunction
py_list_rotate_left_twice,HandlingStandardFunction,CallingStandardFunction
py_list_rotate_left_twice,HandlingStandardFunction,DefiningStandardFunction
py_list_rotate_left_twice,NonNestedIteration,SingleForLoopIteration
py_list_rotate_right_twice,Python,Concatenation
py_list_rotate_right_twice,Python,Importing
py_list_rotate_right_twice,Python,FindingLength
py_list_rotate_right_twice,Python,Printing
py_list_rotate_right_twice,Python,CheckingForItem
py_list_rotate_right_twice,Python,HandlingInput
py_list_rotate_right_twice,CheckingCondition,IfElseChecking
py_list_rotate_right_twice,CheckingCondition,AssertChecking
py_list_rotate_right_twice,CheckingCondition,IfElifElseChecking
py_list_rotate_right_twice,CheckingCondition,NestedIfChecking
py_list_rotate_right_twice,CheckingCondition,IfChecking
py_list_rotate_right_twice,CheckingCondition,IfElifChecking
py_list_rotate_right_twice,CheckingCondition,BooleanEvaluating
py_list_rotate_right_twice,CheckingInForLoop,IfElseCheckingInForLoop
py_list_rotate_right_twice,CheckingInForLoop,IfElifCheckingInForLoop
py_list_rotate_right_twice,CheckingInForLoop,IfCheckingInForLoop
py_list_rotate_right_twice,CheckingInForLoop,IfElifElseCheckingInForLoop
py_list_rotate_right_twice,CheckingInWhileLoop,IfElifElseCheckingInWhileLoop
py_list_rotate_right_twice,CheckingInWhileLoop,IfCheckingInWhileLoop
py_list_rotate_right_twice,CheckingInWhileLoop,IfElseCheckingInWhileLoop
py_list_rotate_right_twice,CheckingInWhileLoop,IfElifCheckingInWhileLoop
py_list_rotate_right_twice,ManagingVariable,SwappingVariablesValue
py_list_rotate_right_twice,HandlingFunction,NestedFunctionCall
py_list_rotate_right_twice,HandlingFunctionCallingFunction,DefiningFunctionCallingFunction
py_list_rotate_right_twice,HandlingStandardFunction,DefiningStandardFunction
py_list_rotate_right_twice,HandlingList,ReversingList
py_list_rotate_right_twice,HandlingString,TrimmingString
py_list_rotate_right_twice,HandlingString,IndexingString
py_list_rotate_right_twice,HandlingString,SlicingString
py_list_rotate_right_twice,ModifyingStringCase,ConvertStringToUpperCase
py_list_rotate_right_twice,ModifyingStringCase,ConvertStringToLowerCase
py_list_rotate_right_twice,ModifyingStringCase,CapitalizeString
py_list_rotate_right_twice,HandlingError,HandlingSpecificError
py_list_rotate_right_twice,HandlingError,HandlingGeneralError
py_print_medals,Python,Concatenation
py_print_medals,Python,Importing
py_print_medals,Python,FindingLength
py_print_medals,Python,Printing
py_print_medals,Python,CheckingForItem
py_print_medals,Python,HandlingInput
py_print_medals,CheckingCondition,IfElseChecking
py_print_medals,CheckingCondition,AssertChecking
py_print_medals,CheckingCondition,IfElifElseChecking
py_print_medals,CheckingCondition,NestedIfChecking
py_print_medals,CheckingCondition,IfChecking
py_print_medals,CheckingCondition,IfElifChecking
py_print_medals,CheckingCondition,BooleanEvaluating
py_print_medals,CheckingInForLoop,IfElseCheckingInForLoop
py_print_medals,CheckingInForLoop,IfElifCheckingInForLoop
py_print_medals,CheckingInForLoop,IfCheckingInForLoop
py_print_medals,CheckingInForLoop,IfElifElseCheckingInForLoop
py_print_medals,CheckingInWhileLoop,IfElifElseCheckingInWhileLoop
py_print_medals,CheckingInWhileLoop,IfCheckingInWhileLoop
py_print_medals,CheckingInWhileLoop,IfElseCheckingInWhileLoop
py_print_medals,CheckingInWhileLoop,IfElifCheckingInWhileLoop
py_print_medals,ManagingVariable,SwappingVariablesValue
py_print_medals,ManagingVariable,AssigningVariable
py_print_medals,ManagingVariable,UpdatingVariable
py_print_medals,HandlingAdvancedDataStructure,BinaryTreeTask
py_print_medals,HandlingAdvancedDataStructure,LinkedListTask
py_print_medals,HandlingAdvancedDataStructure,QueueTask
py_print_medals,HandlingAdvancedDataStructure,StackTask
py_print_medals,TwoDimensionalArrayTask,ReplacingElement2DArray
py_print_medals,TwoDimensionalArrayTask,Indexing2DArray
py_print_medals,TwoDimensionalArrayTask,Create2DArray
py_print_medals,HandlingObjectOrientedProgramming,CallingOOPMethod
py_print_medals,HandlingObjectOrientedProgramming,CreatingObject
py_print_medals,HandlingObjectOrientedProgramming,DefiningClass
py_print_medals,HandlingObjectOrientedProgramming,DefiningOOPMethod
py_print_medals,HandlingFunction,CallingFunctionLibrary
py_print_medals,HandlingFunction,NestedFunctionCall
py_print_medals,HandlingFunctionCallingFunction,CallingFunctionCallingFunction
py_print_medals,HandlingFunctionCallingFunction,DefiningFunctionCallingFunction
py_print_medals,HandlingRecursiveFunction,CallingRecursiveFunction
py_print_medals,HandlingRecursiveFunction,DefiningRecursiveFunction
py_print_medals,HandlingNestedFunction,CallingNestedFunction
py_print_medals,HandlingNestedFunction,DefiningNestedFunction
py_print_medals,HandlingStandardFunction,CallingStandardFunction
py_print_medals,HandlingStandardFunction,DefiningStandardFunction
py_print_medals,HandlingTuple,SlicingTuple
py_print_medals,HandlingTuple,IndexingTuple
py_print_medals,HandlingFloat,TransformingToFloatType
py_print_medals,HandlingDictionary,ReplacingDictionaryElement
py_print_medals,HandlingDictionary,IndexingDictionary
py_print_medals,HandlingDictionary,AddingItemToDictionary
py_print_medals,HandlingDictionary,AccessingDictionary
py_print_medals,HandlingDictionary,CreatingDictionary
py_print_medals,HandlingList,DeletingListElement
py_print_medals,HandlingList,IndexingList
py_print_medals,HandlingList,CreatingList
py_print_medals,HandlingList,SlicingList
py_print_medals,HandlingList,ReplacingListElement
py_print_medals,HandlingList,ListReferencing
py_print_medals,HandlingList,ReversingList
py_print_medals,AddingListElement,AddingListElementWithInsert
py_print_medals,AddingListElement,AddingListElementWithAppend
py_print_medals,HandlingFile,ClosingFile
py_print_medals,HandlingFile,ReadingLine
py_print_medals,HandlingFile,OpeningFile
py_print_medals,HandlingString,CreatingString
py_print_medals,HandlingString,ReplacingStringContent
py_print_medals,HandlingString,FormattingString
py_print_medals,HandlingString,TransformingToStringType
py_print_medals,HandlingString,SplittingString
py_print_medals_row_column_total,Python,Concatenation
py_print_medals_row_column_total,Python,Importing
py_print_medals_row_column_total,Python,FindingLength
py_print_medals_row_column_total,Python,Printing
py_print_medals_row_column_total,Python,CheckingForItem
py_print_medals_row_column_total,Python,HandlingInput
py_print_medals_row_column_total,CheckingCondition,IfElseChecking
py_print_medals_row_column_total,CheckingCondition,AssertChecking
py_print_medals_row_column_total,CheckingCondition,IfElifElseChecking
py_print_medals_row_column_total,CheckingCondition,NestedIfChecking
py_print_medals_row_column_total,CheckingCondition,IfChecking
py_print_medals_row_column_total,CheckingCondition,IfElifChecking
py_print_medals_row_column_total,CheckingCondition,BooleanEvaluating
py_print_medals_row_column_total,CheckingInForLoop,IfElseCheckingInForLoop
py_print_medals_row_column_total,CheckingInForLoop,IfElifCheckingInForLoop
py_print_medals_row_column_total,CheckingInForLoop,IfCheckingInForLoop
py_print_medals_row_column_total,CheckingInForLoop,IfElifElseCheckingInForLoop
py_print_medals_row_column_total,CheckingInWhileLoop,IfElifElseCheckingInWhileLoop
py_print_medals_row_column_total,CheckingInWhileLoop,IfCheckingInWhileLoop
py_print_medals_row_column_total,CheckingInWhileLoop,IfElseCheckingInWhileLoop
py_print_medals_row_column_total,CheckingInWhileLoop,IfElifCheckingInWhileLoop
py_print_medals_row_column_total,ManagingVariable,SwappingVariablesValue
py_list_process_elements,HandlingAdvancedDataStructure,BinaryTreeTask
py_list_process_elements,HandlingAdvancedDataStructure,LinkedListTask
py_list_process_elements,HandlingAdvancedDataStructure,QueueTask
py_list_process_elements,HandlingAdvancedDataStructure,StackTask
py_list_process_elements,TwoDimensionalArrayTask,ReplacingElement2DArray
py_list_process_elements,TwoDimensionalArrayTask,Indexing2DArray
py_list_process_elements,TwoDimensionalArrayTask,Create2DArray
py_list_process_elements,HandlingObjectOrientedProgramming,CallingOOPMethod
py_list_process_elements,HandlingObjectOrientedProgramming,CreatingObject
py_list_process_elements,HandlingObjectOrientedProgramming,DefiningClass
py_list_process_elements,HandlingObjectOrientedProgramming,DefiningOOPMethod
py_list_process_elements,HandlingFunction,NestedFunctionCall
py_list_process_elements,HandlingFunctionCallingFunction,CallingFunctionCallingFunction
py_list_process_elements,HandlingFunctionCallingFunction,DefiningFunctionCallingFunction
py_list_process_elements,HandlingRecursiveFunction,CallingRecursiveFunction
py_list_process_elements,HandlingRecursiveFunction,DefiningRecursiveFunction
py_list_process_elements,HandlingNestedFunction,CallingNestedFunction
py_list_process_elements,HandlingNestedFunction,DefiningNestedFunction
py_list_process_elements,HandlingStandardFunction,CallingStandardFunction
py_list_process_elements,HandlingStandardFunction,DefiningStandardFunction
py_list_process_elements,NonNestedIteration,SingleWhileLoopIteration
py_list_process_elements,WhileLoopWithUpdate,WhileLoopWithListIndexing
py_list_process_elements,WhileLoopWithUpdate,WhileLoopWith*=
py_list_process_elements,WhileLoopWithUpdate,WhileLoopWith+=
py_list_process_elements,ForLoopWithUpdate,ForLoopWith+=
py_list_process_elements,ForLoopWithUpdate,ForLoopWith*=
py_list_process_elements,ForLoopWithUpdate,ForLoopWithListIndexing
py_list_process_elements,NestedLoopIteration,MixedNestedLoopIteration
py_list_process_elements,NestedLoopIteration,NestedForLoopIteration
py_list_process_elements,NestedLoopIteration,NestedWhileLoopIteration
py_list_process_elements,ArithmeticOperation,FindAbsolute
py_list_process_elements,ArithmeticOperation,FindRemainder
py_list_process_elements,ArithmeticOperation,FindMaximum
py_list_process_elements,ArithmeticOperation,Addition
py_list_process_elements,ArithmeticOperation,Round
py_list_process_elements,ArithmeticOperation,Power
py_list_process_elements,ArithmeticOperation,FindMinimum
py_list_process_elements,ArithmeticOperation,Substraction
py_list_process_elements,ArithmeticOperation,Division
py_list_process_elements,ArithmeticOperation,Multiplication
py_list_process_elements,HandlingInteger,TransformingToIntType
py_list_process_elements,HandlingTuple,CreatingTuple
py_list_process_elements,HandlingList,ReversingList
py_average_list_elements,HandlingObjectOrientedProgramming,DefiningOOPMethod
py_average_list_elements,HandlingFunction,NestedFunctionCall
py_average_list_elements,HandlingFunctionCallingFunction,DefiningFunctionCallingFunction
py_average_list_elements,HandlingStandardFunction,CallingStandardFunction
py_average_list_elements,HandlingStandardFunction,DefiningStandardFunction
py_average_list_elements,HandlingTuple,SlicingTuple
py_average_list_elements,HandlingTuple,IndexingTuple
py_average_list_elements,HandlingFloat,TransformingToFloatType
py_average_list_elements,HandlingDictionary,ReplacingDictionaryElement
py_average_list_elements,HandlingDictionary,IndexingDictionary
py_average_list_elements,HandlingDictionary,AddingItemToDictionary
py_average_list_elements,HandlingDictionary,AccessingDictionary
py_average_list_elements,HandlingDictionary,CreatingDictionary
py_average_list_elements,HandlingList,DeletingListElement
py_average_list_elements,HandlingList,IndexingList
py_average_list_elements,HandlingList,CreatingList
py_average_list_elements,HandlingList,SlicingList
py_average_list_elements,HandlingList,ReplacingListElement
py_average_list_elements,HandlingList,ListReferencing
py_average_list_elements,HandlingList,ReversingList
py_average_list_elements,AddingListElement,AddingListElementWithInsert
py_average_list_elements,AddingListElement,AddingListElementWithAppend
py_average_list_elements,HandlingFile,ClosingFile
py_average_list_elements,HandlingFile,ReadingLine
py_average_list_elements,HandlingFile,OpeningFile
py_average_list_elements,HandlingString,CreatingString
py_average_list_elements,HandlingString,ReplacingStringContent
py_average_list_elements,HandlingString,FormattingString
py_average_list_elements,HandlingString,TransformingToStringType
py_average_list_elements,HandlingString,SplittingString
py_search_list,NonNestedIteration,SingleWhileLoopIteration
py_search_list,HandlingList,DeletingListElement
py_search_list,HandlingList,ReversingList
py_search_list,HandlingString,TrimmingString
py_search_list,HandlingString,IndexingString
py_search_list,HandlingString,SlicingString
py_search_list,ModifyingStringCase,ConvertStringToUpperCase
py_search_list,ModifyingStringCase,ConvertStringToLowerCase
py_search_list,ModifyingStringCase,CapitalizeString
py_search_list,HandlingError,HandlingSpecificError
py_search_list,HandlingError,HandlingGeneralError
py_search_list_total_count,HandlingAdvancedDataStructure,BinaryTreeTask
py_search_list_total_count,HandlingAdvancedDataStructure,LinkedListTask
py_search_list_total_count,HandlingAdvancedDataStructure,QueueTask
py_search_list_total_count,HandlingAdvancedDataStructure,StackTask
py_search_list_total_count,TwoDimensionalArrayTask,ReplacingElement2DArray
py_search_list_total_count,TwoDimensionalArrayTask,Indexing2DArray
py_search_list_total_count,TwoDimensionalArrayTask,Create2DArray
py_search_list_total_count,HandlingObjectOrientedProgramming,DefiningClass
py_search_list_total_count,HandlingObjectOrientedProgramming,DefiningOOPMethod
py_search_list_total_count,HandlingFunctionCallingFunction,CallingFunctionCallingFunction
py_search_list_total_count,HandlingFunctionCallingFunction,DefiningFunctionCallingFunction
py_search_list_total_count,HandlingStandardFunction,CallingStandardFunction
py_search_list_total_count,HandlingStandardFunction,DefiningStandardFunction
py_search_list_total_count,NestedLoopIteration,NestedWhileLoopIteration
py_search_list_total_count,HandlingList,ReversingList
py_search_list_count_each,Python,Concatenation
py_search_list_count_each,Python,Importing
py_search_list_count_each,Python,FindingLength
py_search_list_count_each,Python,Printing
py_search_list_count_each,Python,CheckingForItem
py_search_list_count_each,Python,HandlingInput
py_search_list_count_each,CheckingCondition,IfElseChecking
py_search_list_count_each,CheckingCondition,AssertChecking
py_search_list_count_each,CheckingCondition,IfElifElseChecking
py_search_list_count_each,CheckingCondition,NestedIfChecking
py_search_list_count_each,CheckingCondition,IfChecking
py_search_list_count_each,CheckingCondition,IfElifChecking
py_search_list_count_each,CheckingCondition,BooleanEvaluating
py_search_list_count_each,CheckingInForLoop,IfElseCheckingInForLoop
py_search_list_count_each,CheckingInForLoop,IfElifCheckingInForLoop
py_search_list_count_each,CheckingInForLoop,IfCheckingInForLoop
py_search_list_count_each,CheckingInForLoop,IfElifElseCheckingInForLoop
py_search_list_count_each,CheckingInWhileLoop,IfElifElseCheckingInWhileLoop
py_search_list_count_each,CheckingInWhileLoop,IfCheckingInWhileLoop
py_search_list_count_each,CheckingInWhileLoop,IfElseCheckingInWhileLoop
py_search_list_count_each,CheckingInWhileLoop,IfElifCheckingInWhileLoop
py_search_list_count_each,ManagingVariable,SwappingVariablesValue
py_search_list_count_each,HandlingFunctionCallingFunction,DefiningFunctionCallingFunction
py_search_list_count_each,HandlingStandardFunction,CallingStandardFunction
py_search_list_count_each,HandlingStandardFunction,DefiningStandardFunction
py_search_list_count_each,NonNestedIteration,SingleWhileLoopIteration
py_search_list_count_each,ForLoopWithUpdate,ForLoopWith*=
py_search_list_count_each,NestedLoopIteration,NestedWhileLoopIteration
py_search_list_count_each,HandlingList,DeletingListElement
py_search_list_count_each,HandlingList,ReversingList
py_soda_survey,HandlingFile,ClosingFile
py_soda_survey,HandlingFile,ReadingLine
py_soda_survey,HandlingFile,OpeningFile
py_soda_survey_soda_avg,HandlingAdvancedDataStructure,BinaryTreeTask
py_soda_survey_soda_avg,HandlingAdvancedDataStructure,LinkedListTask
py_soda_survey_soda_avg,HandlingAdvancedDataStructure,QueueTask
py_soda_survey_soda_avg,HandlingAdvancedDataStructure,StackTask
py_soda_survey_soda_avg,TwoDimensionalArrayTask,ReplacingElement2DArray
py_soda_survey_soda_avg,HandlingObjectOrientedProgramming,DefiningOOPMethod
py_soda_survey_soda_avg,HandlingTuple,SlicingTuple
py_soda_survey_soda_avg,HandlingTuple,IndexingTuple
py_soda_survey_soda_avg,HandlingFloat,TransformingToFloatType
py_soda_survey_soda_avg,HandlingDictionary,ReplacingDictionaryElement
py_soda_survey_soda_avg,HandlingDictionary,IndexingDictionary
py_soda_survey_soda_avg,HandlingDictionary,AddingItemToDictionary
py_soda_survey_soda_avg,HandlingDictionary,AccessingDictionary
py_soda_survey_soda_avg,HandlingDictionary,CreatingDictionary
py_soda_survey_soda_avg,HandlingList,DeletingListElement
py_soda_survey_soda_avg,HandlingList,SlicingList
py_soda_survey_soda_avg,HandlingList,ReplacingListElement
py_soda_survey_soda_avg,HandlingList,ListReferencing
py_soda_survey_soda_avg,HandlingList,ReversingList
py_soda_survey_soda_avg,AddingListElement,AddingListElementWithInsert
py_soda_survey_soda_avg,AddingListElement,AddingListElementWithAppend
py_soda_survey_soda_avg,HandlingFile,ClosingFile
py_soda_survey_soda_avg,HandlingFile,ReadingLine
py_soda_survey_soda_avg,HandlingFile,OpeningFile
py_soda_survey_soda_avg,HandlingString,CreatingString
py_soda_survey_soda_avg,HandlingString,ReplacingStringContent
py_soda_survey_soda_avg,HandlingString,FormattingString
py_soda_survey_soda_avg,HandlingString,TransformingToStringType
py_soda_survey_soda_avg,HandlingString,SplittingString
py_soda_survey_soda_respondent_avg,HandlingAdvancedDataStructure,BinaryTreeTask
py_soda_survey_soda_respondent_avg,HandlingAdvancedDataStructure,LinkedListTask
py_soda_survey_soda_respondent_avg,HandlingAdvancedDataStructure,QueueTask
py_soda_survey_soda_respondent_avg,HandlingAdvancedDataStructure,StackTask
py_soda_survey_soda_respondent_avg,TwoDimensionalArrayTask,ReplacingElement2DArray
py_soda_survey_soda_respondent_avg,HandlingObjectOrientedProgramming,DefiningOOPMethod
py_soda_survey_soda_respondent_avg,HandlingFunctionCallingFunction,DefiningFunctionCallingFunction
py_soda_survey_soda_respondent_avg,NonNestedIteration,SingleWhileLoopIteration
py_soda_survey_soda_respondent_avg,WhileLoopWithUpdate,WhileLoopWithListIndexing
py_soda_survey_soda_respondent_avg,WhileLoopWithUpdate,WhileLoopWith*=
py_soda_survey_soda_respondent_avg,WhileLoopWithUpdate,WhileLoopWith+=
py_soda_survey_soda_respondent_avg,ForLoopWithUpdate,ForLoopWith+=
py_soda_survey_soda_respondent_avg,ForLoopWithUpdate,ForLoopWith*=
py_soda_survey_soda_respondent_avg,ForLoopWithUpdate,ForLoopWithListIndexing
py_soda_survey_soda_respondent_avg,NestedLoopIteration,MixedNestedLoopIteration
py_soda_survey_soda_respondent_avg,NestedLoopIteration,NestedForLoopIteration
py_soda_survey_soda_respondent_avg,NestedLoopIteration,NestedWhileLoopIteration
py_soda_survey_soda_respondent_avg,ArithmeticOperation,FindAbsolute
py_soda_survey_soda_respondent_avg,ArithmeticOperation,FindRemainder
py_soda_survey_soda_respondent_avg,ArithmeticOperation,FindMaximum
py_soda_survey_soda_respondent_avg,ArithmeticOperation,Addition
py_soda_survey_soda_respondent_avg,ArithmeticOperation,Round
py_soda_survey_soda_respondent_avg,ArithmeticOperation,Power
py_soda_survey_soda_respondent_avg,ArithmeticOperation,FindMinimum
py_soda_survey_soda_respondent_avg,ArithmeticOperation,Substraction
py_soda_survey_soda_respondent_avg,ArithmeticOperation,Division
py_soda_survey_soda_respondent_avg,ArithmeticOperation,Multiplication
py_soda_survey_soda_respondent_avg,HandlingInteger,TransformingToIntType
py_soda_survey_soda_respondent_avg,HandlingTuple,CreatingTuple
py_temperature,ManagingVariable,AssigningVariable
py_temperature,ManagingVariable,UpdatingVariable
py_temperature,HandlingAdvancedDataStructure,BinaryTreeTask
py_temperature,HandlingAdvancedDataStructure,LinkedListTask
py_temperature,HandlingAdvancedDataStructure,QueueTask
py_temperature,HandlingAdvancedDataStructure,StackTask
py_temperature,TwoDimensionalArrayTask,ReplacingElement2DArray
py_temperature,TwoDimensionalArrayTask,Indexing2DArray
py_temperature,TwoDimensionalArrayTask,Create2DArray
py_temperature,HandlingObjectOrientedProgramming,CallingOOPMethod
py_temperature,HandlingObjectOrientedProgramming,CreatingObject
py_temperature,HandlingObjectOrientedProgramming,DefiningClass
py_temperature,HandlingObjectOrientedProgramming,DefiningOOPMethod
py_temperature,HandlingFunction,CallingFunctionLibrary
py_temperature,HandlingFunction,NestedFunctionCall
py_temperature,HandlingFunctionCallingFunction,CallingFunctionCallingFunction
py_temperature,HandlingFunctionCallingFunction,DefiningFunctionCallingFunction
py_temperature,HandlingRecursiveFunction,CallingRecursiveFunction
py_temperature,HandlingRecursiveFunction,DefiningRecursiveFunction
py_temperature,HandlingNestedFunction,CallingNestedFunction
py_temperature,HandlingNestedFunction,DefiningNestedFunction
py_temperature,HandlingStandardFunction,CallingStandardFunction
py_temperature,HandlingStandardFunction,DefiningStandardFunction
py_temperature,NonNestedIteration,SingleForLoopIteration
py_temperature_list_days_above_threshold,CheckingCondition,AssertChecking
py_temperature_list_days_above_threshold,ManagingVariable,AssigningVariable
py_temperature_list_days_above_threshold,ManagingVariable,UpdatingVariable
py_temperature_list_days_above_threshold,HandlingAdvancedDataStructure,BinaryTreeTask
py_temperature_list_days_above_threshold,HandlingAdvancedDataStructure,LinkedListTask
py_temperature_list_days_above_threshold,HandlingAdvancedDataStructure,QueueTask
py_temperature_list_days_above_threshold,HandlingAdvancedDataStructure,StackTask
py_temperature_list_days_above_threshold,TwoDimensionalArrayTask,ReplacingElement2DArray
py_temperature_list_days_above_threshold,TwoDimensionalArrayTask,Indexing2DArray
py_temperature_list_days_above_threshold,TwoDimensionalArrayTask,Create2DArray
py_temperature_list_days_above_threshold,HandlingObjectOrientedProgramming,CallingOOPMethod
py_temperature_list_days_above_threshold,HandlingObjectOrientedProgramming,CreatingObject
py_temperature_list_days_above_threshold,HandlingObjectOrientedProgramming,DefiningClass
py_temperature_list_days_above_threshold,HandlingObjectOrientedProgramming,DefiningOOPMethod
py_temperature_list_days_above_threshold,HandlingFunction,CallingFunctionLibrary
py_temperature_list_days_above_threshold,HandlingFunction,NestedFunctionCall
py_temperature_list_days_above_threshold,HandlingFunctionCallingFunction,CallingFunctionCallingFunction
py_temperature_list_days_above_threshold,HandlingFunctionCallingFunction,DefiningFunctionCallingFunction
py_temperature_list_days_above_threshold,HandlingRecursiveFunction,CallingRecursiveFunction
py_temperature_list_days_above_threshold,HandlingRecursiveFunction,DefiningRecursiveFunction
py_temperature_list_days_above_threshold,HandlingNestedFunction,CallingNestedFunction
py_temperature_list_days_above_threshold,HandlingNestedFunction,DefiningNestedFunction
py_temperature_list_days_above_threshold,HandlingStandardFunction,CallingStandardFunction
py_temperature_list_days_above_threshold,HandlingStandardFunction,DefiningStandardFunction
py_temperature_list_days_above_threshold,NonNestedIteration,SingleForLoopIteration
py_temperature_list_days_above_threshold,NonNestedIteration,SingleWhileLoopIteration
py_temperature_list_days_above_threshold,WhileLoopWithUpdate,WhileLoopWithListIndexing
py_temperature_list_days_above_threshold,WhileLoopWithUpdate,WhileLoopWith*=
py_temperature_list_days_above_threshold,WhileLoopWithUpdate,WhileLoopWith+=
py_temperature_list_days_above_threshold,ForLoopWithUpdate,ForLoopWith+=
py_temperature_list_days_above_threshold,ForLoopWithUpdate,ForLoopWith*=
py_temperature_list_days_above_threshold,ForLoopWithUpdate,ForLoopWithListIndexing
py_temperature_list_days_above_threshold,NestedLoopIteration,MixedNestedLoopIteration
py_temperature_list_days_above_threshold,NestedLoopIteration,NestedForLoopIteration
py_temperature_list_days_above_threshold,NestedLoopIteration,NestedWhileLoopIteration
py_temperature_list_days_above_threshold,ArithmeticOperation,FindAbsolute
py_temperature_list_days_above_threshold,ArithmeticOperation,FindRemainder
py_temperature_list_days_above_threshold,ArithmeticOperation,FindMaximum
py_temperature_list_days_above_threshold,ArithmeticOperation,Addition
py_temperature_list_days_above_threshold,ArithmeticOperation,Round
py_temperature_list_days_above_threshold,ArithmeticOperation,Power
py_temperature_list_days_above_threshold,ArithmeticOperation,FindMinimum
py_temperature_list_days_above_threshold,ArithmeticOperation,Substraction
py_temperature_list_days_above_threshold,ArithmeticOperation,Division
py_temperature_list_days_above_threshold,ArithmeticOperation,Multiplication
py_temperature_list_days_above_threshold,HandlingInteger,TransformingToIntType
py_temperature_list_days_above_threshold,HandlingTuple,CreatingTuple
py_temperature_list_days_above_threshold,HandlingList,SlicingList
py_temperature_list_days_above_threshold,AddingListElement,AddingListElementWithInsert
py_temperature_list_days_above_threshold,AddingListElement,AddingListElementWithAppend
py_digits,NonNestedIteration,SingleWhileLoopIteration
py_digits,WhileLoopWithUpdate,WhileLoopWithListIndexing
py_digits,WhileLoopWithUpdate,WhileLoopWith*=
py_digits,WhileLoopWithUpdate,WhileLoopWith+=
py_digits,ForLoopWithUpdate,ForLoopWith+=
py_digits,ForLoopWithUpdate,ForLoopWith*=
py_digits,ForLoopWithUpdate,ForLoopWithListIndexing
py_digits,NestedLoopIteration,MixedNestedLoopIteration
py_digits,NestedLoopIteration,NestedForLoopIteration
py_digits,NestedLoopIteration,NestedWhileLoopIteration
py_digits,ArithmeticOperation,FindAbsolute
py_digits,ArithmeticOperation,FindRemainder
py_digits,ArithmeticOperation,FindMaximum
py_digits,ArithmeticOperation,Addition
py_digits,ArithmeticOperation,Round
py_digits,ArithmeticOperation,Power
py_digits,ArithmeticOperation,FindMinimum
py_digits,ArithmeticOperation,Substraction
py_digits,ArithmeticOperation,Division
py_digits,ArithmeticOperation,Multiplication
py_digits,HandlingInteger,TransformingToIntType
py_digits,HandlingTuple,CreatingTuple
py_sum_digits,Python,Concatenation
py_sum_digits,Python,Importing
py_sum_digits,Python,FindingLength
py_sum_digits,Python,Printing
py_sum_digits,Python,CheckingForItem
py_sum_digits,Python,HandlingInput
py_sum_digits,CheckingCondition,IfElseChecking
py_sum_digits,CheckingCondition,AssertChecking
py_sum_digits,CheckingCondition,IfElifElseChecking
py_sum_digits,CheckingCondition,NestedIfChecking
py_sum_digits,CheckingCondition,IfChecking
py_sum_digits,CheckingCondition,IfElifChecking
py_sum_digits,CheckingCondition,BooleanEvaluating
py_sum_digits,CheckingInForLoop,IfElseCheckingInForLoop
py_sum_digits,CheckingInForLoop,IfElifCheckingInForLoop
py_sum_digits,CheckingInForLoop,IfCheckingInForLoop
py_sum_digits,CheckingInForLoop,IfElifElseCheckingInForLoop
py_sum_digits,CheckingInWhileLoop,IfElifElseCheckingInWhileLoop
py_sum_digits,CheckingInWhileLoop,IfCheckingInWhileLoop
py_sum_digits,CheckingInWhileLoop,IfElseCheckingInWhileLoop
py_sum_digits,CheckingInWhileLoop,IfElifCheckingInWhileLoop
py_sum_digits,ManagingVariable,SwappingVariablesValue
py_sum_digits,ForLoopWithUpdate,ForLoopWith+=
py_sum_digits,ForLoopWithUpdate,ForLoopWith*=
py_sum_digits,ForLoopWithUpdate,ForLoopWithListIndexing
py_sum_digits,ArithmeticOperation,FindAbsolute
py_sum_digits,HandlingTuple,SlicingTuple
py_sum_digits,HandlingTuple,IndexingTuple
py_sum_digits,HandlingFloat,TransformingToFloatType
py_sum_digits,HandlingDictionary,ReplacingDictionaryElement
py_sum_digits,HandlingDictionary,IndexingDictionary
py_sum_digits,HandlingDictionary,AddingItemToDictionary
py_sum_digits,HandlingDictionary,AccessingDictionary
py_sum_digits,HandlingDictionary,CreatingDictionary
py_sum_digits,HandlingList,DeletingListElement
py_sum_digits,HandlingList,IndexingList
py_sum_digits,HandlingList,CreatingList
py_sum_digits,HandlingList,SlicingList
py_sum_digits,HandlingList,ReplacingListElement
py_sum_digits,HandlingList,ListReferencing
py_sum_digits,HandlingList,ReversingList
py_sum_digits,AddingListElement,AddingListElementWithInsert
py_sum_digits,AddingListElement,AddingListElementWithAppend
py_sum_digits,HandlingFile,ClosingFile
py_sum_digits,HandlingFile,ReadingLine
py_sum_digits,HandlingFile,OpeningFile
py_sum_digits,HandlingString,CreatingString
py_sum_digits,HandlingString,ReplacingStringContent
py_sum_digits,HandlingString,FormattingString
py_sum_digits,HandlingString,TransformingToStringType
py_sum_digits,HandlingString,SplittingString
py_reverse_number,HandlingFunctionCallingFunction,DefiningFunctionCallingFunction
py_reverse_number,WhileLoopWithUpdate,WhileLoopWithListIndexing
py_reverse_number,ForLoopWithUpdate,ForLoopWith+=
py_reverse_number,ForLoopWithUpdate,ForLoopWith*=
py_reverse_number,ForLoopWithUpdate,ForLoopWithListIndexing
py_reverse_number,NestedLoopIteration,MixedNestedLoopIteration
py_reverse_number,NestedLoopIteration,NestedForLoopIteration
py_reverse_number,NestedLoopIteration,NestedWhileLoopIteration
py_reverse_number,ArithmeticOperation,FindAbsolute
py_reverse_number,ArithmeticOperation,FindMaximum
py_reverse_number,ArithmeticOperation,Round
py_reverse_number,ArithmeticOperation,Power
py_reverse_number,ArithmeticOperation,FindMinimum
py_reverse_number,ArithmeticOperation,Substraction
py_reverse_number,HandlingTuple,CreatingTuple
py_work_hours,Python,Concatenation
py_work_hours,Python,Importing
py_work_hours,Python,FindingLength
py_work_hours,Python,Printing
py_work_hours,Python,CheckingForItem
py_work_hours,Python,HandlingInput
py_work_hours,CheckingCondition,IfElseChecking
py_work_hours,CheckingCondition,AssertChecking
py_work_hours,CheckingCondition,IfElifElseChecking
py_work_hours,CheckingCondition,NestedIfChecking
py_work_hours,CheckingCondition,IfChecking
py_work_hours,CheckingCondition,IfElifChecking
py_work_hours,CheckingCondition,BooleanEvaluating
py_work_hours,CheckingInForLoop,IfElseCheckingInForLoop
py_work_hours,CheckingInForLoop,IfElifCheckingInForLoop
py_work_hours,CheckingInForLoop,IfCheckingInForLoop
py_work_hours,CheckingInForLoop,IfElifElseCheckingInForLoop
py_work_hours,CheckingInWhileLoop,IfElifElseCheckingInWhileLoop
py_work_hours,CheckingInWhileLoop,IfCheckingInWhileLoop
py_work_hours,CheckingInWhileLoop,IfElseCheckingInWhileLoop
py_work_hours,CheckingInWhileLoop,IfElifCheckingInWhileLoop
py_work_hours,ManagingVariable,SwappingVariablesValue
py_work_hours,NonNestedIteration,SingleWhileLoopIteration
py_work_hours,NestedLoopIteration,MixedNestedLoopIteration
py_work_hours,NestedLoopIteration,NestedWhileLoopIteration
py_work_hours2,Python,Concatenation
py_work_hours2,Python,Importing
py_work_hours2,Python,FindingLength
py_work_hours2,Python,Printing
py_work_hours2,Python,CheckingForItem
py_work_hours2,Python,HandlingInput
py_work_hours2,CheckingCondition,IfElseChecking
py_work_hours2,CheckingCondition,AssertChecking
py_work_hours2,CheckingCondition,IfElifElseChecking
py_work_hours2,CheckingCondition,NestedIfChecking
py_work_hours2,CheckingCondition,IfChecking
py_work_hours2,CheckingCondition,IfElifChecking
py_work_hours2,CheckingCondition,BooleanEvaluating
py_work_hours2,CheckingInForLoop,IfElseCheckingInForLoop
py_work_hours2,CheckingInForLoop,IfElifCheckingInForLoop
py_work_hours2,CheckingInForLoop,IfCheckingInForLoop
py_work_hours2,CheckingInForLoop,IfElifElseCheckingInForLoop
py_work_hours2,CheckingInWhileLoop,IfElifElseCheckingInWhileLoop
py_work_hours2,CheckingInWhileLoop,IfCheckingInWhileLoop
py_work_hours2,CheckingInWhileLoop,IfElseCheckingInWhileLoop
py_work_hours2,CheckingInWhileLoop,IfElifCheckingInWhileLoop
py_work_hours2,ManagingVariable,SwappingVariablesValue
py_work_hours2,HandlingAdvancedDataStructure,BinaryTreeTask
py_work_hours2,HandlingAdvancedDataStructure,LinkedListTask
py_work_hours2,HandlingAdvancedDataStructure,QueueTask
py_work_hours2,HandlingAdvancedDataStructure,StackTask
py_work_hours2,TwoDimensionalArrayTask,ReplacingElement2DArray
py_work_hours2,TwoDimensionalArrayTask,Indexing2DArray
py_work_hours2,TwoDimensionalArrayTask,Create2DArray
py_work_hours2,HandlingFunctionCallingFunction,CallingFunctionCallingFunction
py_work_hours2,HandlingFunctionCallingFunction,DefiningFunctionCallingFunction
py_check_product_code,ManagingVariable,AssigningVariable
py_check_product_code,ManagingVariable,UpdatingVariable
py_check_product_code,HandlingAdvancedDataStructure,BinaryTreeTask
py_check_product_code,HandlingAdvancedDataStructure,LinkedListTask
py_check_product_code,HandlingAdvancedDataStructure,QueueTask
py_check_product_code,HandlingAdvancedDataStructure,StackTask
py_check_product_code,TwoDimensionalArrayTask,ReplacingElement2DArray
py_check_product_code,TwoDimensionalArrayTask,Indexing2DArray
py_check_product_code,TwoDimensionalArrayTask,Create2DArray
py_check_product_code,HandlingObjectOrientedProgramming,CallingOOPMethod
py_check_product_code,HandlingObjectOrientedProgramming,CreatingObject
py_check_product_code,HandlingObjectOrientedProgramming,DefiningClass
py_check_product_code,HandlingObjectOrientedProgramming,DefiningOOPMethod
py_check_product_code,HandlingFunction,CallingFunctionLibrary
py_check_product_code,HandlingFunction,NestedFunctionCall
py_check_product_code,HandlingFunctionCallingFunction,CallingFunctionCallingFunction
py_check_product_code,HandlingFunctionCallingFunction,DefiningFunctionCallingFunction
py_check_product_code,HandlingRecursiveFunction,CallingRecursiveFunction
py_check_product_code,HandlingRecursiveFunction,DefiningRecursiveFunction
py_check_product_code,HandlingNestedFunction,CallingNestedFunction
py_check_product_code,HandlingNestedFunction,DefiningNestedFunction
py_check_product_code,HandlingStandardFunction,CallingStandardFunction
py_check_product_code,HandlingStandardFunction,DefiningStandardFunction
py_check_product_code,NonNestedIteration,SingleForLoopIteration
py_check_product_code,NonNestedIteration,SingleWhileLoopIteration
py_check_product_code,WhileLoopWithUpdate,WhileLoopWithListIndexing
py_check_product_code,WhileLoopWithUpdate,WhileLoopWith*=
py_check_product_code,WhileLoopWithUpdate,WhileLoopWith+=
py_check_product_code,ForLoopWithUpdate,ForLoopWith+=
py_check_product_code,ForLoopWithUpdate,ForLoopWith*=
py_check_product_code,ForLoopWithUpdate,ForLoopWithListIndexing
py_check_product_code,NestedLoopIteration,MixedNestedLoopIteration
py_check_product_code,NestedLoopIteration,NestedForLoopIteration
py_check_product_code,NestedLoopIteration,NestedWhileLoopIteration
py_check_product_code,ArithmeticOperation,FindAbsolute
py_check_product_code,ArithmeticOperation,FindRemainder
py_check_product_code,ArithmeticOperation,FindMaximum
py_check_product_code,ArithmeticOperation,Addition
py_check_product_code,ArithmeticOperation,Round
py_check_product_code,ArithmeticOperation,Power
py_check_product_code,ArithmeticOperation,FindMinimum
py_check_product_code,ArithmeticOperation,Substraction
py_check_product_code,ArithmeticOperation,Division
py_check_product_code,ArithmeticOperation,Multiplication
py_check_product_code,HandlingInteger,TransformingToIntType
py_check_product_code,HandlingTuple,CreatingTuple
py_check_product_code2,ManagingVariable,AssigningVariable
py_check_product_code2,ManagingVariable,UpdatingVariable
py_check_product_code2,HandlingAdvancedDataStructure,BinaryTreeTask
py_check_product_code2,HandlingAdvancedDataStructure,LinkedListTask
py_check_product_code2,HandlingAdvancedDataStructure,QueueTask
py_check_product_code2,HandlingAdvancedDataStructure,StackTask
py_check_product_code2,TwoDimensionalArrayTask,ReplacingElement2DArray
py_check_product_code2,TwoDimensionalArrayTask,Indexing2DArray
py_check_product_code2,TwoDimensionalArrayTask,Create2DArray
py_check_product_code2,HandlingObjectOrientedProgramming,CallingOOPMethod
py_check_product_code2,HandlingObjectOrientedProgramming,CreatingObject
py_check_product_code2,HandlingObjectOrientedProgramming,DefiningClass
py_check_product_code2,HandlingObjectOrientedProgramming,DefiningOOPMethod
py_check_product_code2,HandlingFunction,CallingFunctionLibrary
py_check_product_code2,HandlingFunction,NestedFunctionCall
py_check_product_code2,HandlingFunctionCallingFunction,CallingFunctionCallingFunction
py_check_product_code2,HandlingFunctionCallingFunction,DefiningFunctionCallingFunction
py_check_product_code2,HandlingRecursiveFunction,CallingRecursiveFunction
py_check_product_code2,HandlingRecursiveFunction,DefiningRecursiveFunction
py_check_product_code2,HandlingNestedFunction,CallingNestedFunction
py_check_product_code2,HandlingNestedFunction,DefiningNestedFunction
py_check_product_code2,HandlingStandardFunction,CallingStandardFunction
py_check_product_code2,HandlingStandardFunction,DefiningStandardFunction
py_check_product_code2,NonNestedIteration,SingleForLoopIteration
py_check_product_code2,WhileLoopWithUpdate,WhileLoopWith*=
py_check_product_code2,ForLoopWithUpdate,ForLoopWith+=
py_check_product_code2,ForLoopWithUpdate,ForLoopWith*=
py_check_product_code2,ForLoopWithUpdate,ForLoopWithListIndexing
py_concat_char_two_str,HandlingObjectOrientedProgramming,DefiningOOPMethod
py_concat_char_two_str,HandlingFunction,NestedFunctionCall
py_concat_char_two_str,HandlingFunctionCallingFunction,DefiningFunctionCallingFunction
py_concat_char_two_str,HandlingFloat,TransformingToFloatType
py_concat_char_two_str,HandlingDictionary,IndexingDictionary
py_concat_char_two_str,HandlingList,DeletingListElement
py_concat_char_two_str,HandlingList,CreatingList
py_concat_char_two_str,HandlingList,ReplacingListElement
py_concat_char_two_str,HandlingList,ListReferencing
py_concat_char_two_str,HandlingList,ReversingList
py_concat_char_two_str,HandlingString,SplittingString
py_concat_char_two_str2,HandlingTuple,SlicingTuple
py_concat_char_two_str2,HandlingTuple,IndexingTuple
py_concat_char_two_str2,HandlingFloat,TransformingToFloatType
py_concat_char_two_str2,HandlingDictionary,ReplacingDictionaryElement
py_concat_char_two_str2,HandlingDictionary,IndexingDictionary
py_concat_char_two_str2,HandlingDictionary,AddingItemToDictionary
py_concat_char_two_str2,HandlingDictionary,AccessingDictionary
py_concat_char_two_str2,HandlingDictionary,CreatingDictionary
py_concat_char_two_str2,HandlingList,DeletingListElement
py_concat_char_two_str2,HandlingList,IndexingList
py_concat_char_two_str2,HandlingList,CreatingList
py_concat_char_two_str2,HandlingList,SlicingList
py_concat_char_two_str2,HandlingList,ReplacingListElement
py_concat_char_two_str2,HandlingList,ListReferencing
py_concat_char_two_str2,HandlingList,ReversingList
py_concat_char_two_str2,AddingListElement,AddingListElementWithInsert
py_concat_char_two_str2,AddingListElement,AddingListElementWithAppend
py_concat_char_two_str2,HandlingFile,ClosingFile
py_concat_char_two_str2,HandlingFile,ReadingLine
py_concat_char_two_str2,HandlingFile,OpeningFile
py_concat_char_two_str2,HandlingString,CreatingString
py_concat_char_two_str2,HandlingString,ReplacingStringContent
py_concat_char_two_str2,HandlingString,FormattingString
py_concat_char_two_str2,HandlingString,TransformingToStringType
py_concat_char_two_str2,HandlingString,SplittingString
py_concat_char_two_str2,HandlingString,TrimmingString
py_concat_char_two_str2,HandlingString,IndexingString
py_concat_char_two_str2,HandlingString,SlicingString
py_concat_char_two_str2,ModifyingStringCase,ConvertStringToUpperCase
py_concat_char_two_str2,ModifyingStringCase,ConvertStringToLowerCase
py_concat_char_two_str2,ModifyingStringCase,CapitalizeString
py_concat_char_two_str2,HandlingError,HandlingSpecificError
py_concat_char_two_str2,HandlingError,HandlingGeneralError
py_str_repeat,HandlingAdvancedDataStructure,BinaryTreeTask
py_str_repeat,HandlingAdvancedDataStructure,LinkedListTask
py_str_repeat,HandlingAdvancedDataStructure,QueueTask
py_str_repeat,HandlingAdvancedDataStructure,StackTask
py_str_repeat,TwoDimensionalArrayTask,ReplacingElement2DArray
py_str_repeat,TwoDimensionalArrayTask,Indexing2DArray
py_str_repeat,TwoDimensionalArrayTask,Create2DArray
py_str_repeat,HandlingObjectOrientedProgramming,CallingOOPMethod
py_str_repeat,HandlingObjectOrientedProgramming,CreatingObject
py_str_repeat,HandlingObjectOrientedProgramming,DefiningClass
py_str_repeat,HandlingObjectOrientedProgramming,DefiningOOPMethod
py_str_repeat,HandlingFunction,NestedFunctionCall
py_str_repeat,HandlingFunctionCallingFunction,DefiningFunctionCallingFunction
py_str_repeat,HandlingRecursiveFunction,CallingRecursiveFunction
py_str_repeat,HandlingRecursiveFunction,DefiningRecursiveFunction
py_str_repeat,HandlingNestedFunction,CallingNestedFunction
py_str_repeat,HandlingNestedFunction,DefiningNestedFunction
py_str_repeat,HandlingStandardFunction,CallingStandardFunction
py_str_repeat,HandlingStandardFunction,DefiningStandardFunction
py_str_repeat,NonNestedIteration,SingleWhileLoopIteration
py_str_repeat,ForLoopWithUpdate,ForLoopWith*=
py_str_repeat,ArithmeticOperation,FindAbsolute
py_str_repeat,ArithmeticOperation,FindRemainder
py_str_repeat,ArithmeticOperation,FindMaximum
py_str_repeat,ArithmeticOperation,Round
py_str_repeat,ArithmeticOperation,Power
py_str_repeat,ArithmeticOperation,FindMinimum
py_str_repeat,ArithmeticOperation,Substraction
py_str_repeat,ArithmeticOperation,Division
py_str_count,HandlingAdvancedDataStructure,BinaryTreeTask
py_str_count,HandlingAdvancedDataStructure,LinkedListTask
py_str_count,HandlingAdvancedDataStructure,QueueTask
py_str_count,HandlingAdvancedDataStructure,StackTask
py_str_count,TwoDimensionalArrayTask,ReplacingElement2DArray
py_str_count,TwoDimensionalArrayTask,Indexing2DArray
py_str_count,TwoDimensionalArrayTask,Create2DArray
py_str_count,HandlingFunctionCallingFunction,DefiningFunctionCallingFunction
py_str_count,HandlingStandardFunction,DefiningStandardFunction
py_str_count,WhileLoopWithUpdate,WhileLoopWithListIndexing
py_str_count,WhileLoopWithUpdate,WhileLoopWith*=
py_str_count,WhileLoopWithUpdate,WhileLoopWith+=
py_str_count,ForLoopWithUpdate,ForLoopWith*=
py_str_count,NestedLoopIteration,NestedForLoopIteration
py_str_count,NestedLoopIteration,NestedWhileLoopIteration
py_str_count,ArithmeticOperation,FindAbsolute
py_str_count,ArithmeticOperation,FindRemainder
py_str_count,ArithmeticOperation,FindMaximum
py_str_count,ArithmeticOperation,Round
py_str_count,ArithmeticOperation,Power
py_str_count,ArithmeticOperation,FindMinimum
py_str_count,ArithmeticOperation,Substraction
py_str_count,ArithmeticOperation,Division
py_str_count,ArithmeticOperation,Multiplication
py_str_count,HandlingFloat,TransformingToFloatType
py_str_count2,Python,Concatenation
py_str_count2,Python,Importing
py_str_count2,Python,FindingLength
py_str_count2,Python,Printing
py_str_count2,Python,CheckingForItem
py_str_count2,Python,HandlingInput
py_str_count2,CheckingCondition,IfElseChecking
py_str_count2,CheckingCondition,AssertChecking
py_str_count2,CheckingCondition,IfElifElseChecking
py_str_count2,CheckingCondition,NestedIfChecking
py_str_count2,CheckingCondition,IfChecking
py_str_count2,CheckingCondition,IfElifChecking
py_str_count2,CheckingCondition,BooleanEvaluating
py_str_count2,CheckingInForLoop,IfElseCheckingInForLoop
py_str_count2,CheckingInForLoop,IfElifCheckingInForLoop
py_str_count2,CheckingInForLoop,IfCheckingInForLoop
py_str_count2,CheckingInForLoop,IfElifElseCheckingInForLoop
py_str_count2,CheckingInWhileLoop,IfElifElseCheckingInWhileLoop
py_str_count2,CheckingInWhileLoop,IfCheckingInWhileLoop
py_str_count2,CheckingInWhileLoop,IfElseCheckingInWhileLoop
py_str_count2,CheckingInWhileLoop,IfElifCheckingInWhileLoop
py_str_count2,ManagingVariable,SwappingVariablesValue
py_str_count2,HandlingAdvancedDataStructure,BinaryTreeTask
py_str_count2,HandlingAdvancedDataStructure,LinkedListTask
py_str_count2,HandlingAdvancedDataStructure,QueueTask
py_str_count2,HandlingAdvancedDataStructure,StackTask
py_str_count2,TwoDimensionalArrayTask,ReplacingElement2DArray
py_str_count2,TwoDimensionalArrayTask,Indexing2DArray
py_str_count2,TwoDimensionalArrayTask,Create2DArray
py_str_count2,HandlingObjectOrientedProgramming,DefiningOOPMethod
py_str_count2,HandlingFunctionCallingFunction,DefiningFunctionCallingFunction
py_str_count2,HandlingRecursiveFunction,CallingRecursiveFunction
py_str_count2,HandlingStandardFunction,CallingStandardFunction
py_str_count2,HandlingStandardFunction,DefiningStandardFunction
py_str_count2,NonNestedIteration,SingleWhileLoopIteration
py_str_count2,WhileLoopWithUpdate,WhileLoopWith*=
py_str_count2,WhileLoopWithUpdate,WhileLoopWith+=
py_str_count2,ForLoopWithUpdate,ForLoopWith*=
py_str_count2,ForLoopWithUpdate,ForLoopWithListIndexing
py_str_count2,ArithmeticOperation,FindAbsolute
py_str_count2,ArithmeticOperation,FindRemainder
py_str_count2,ArithmeticOperation,FindMaximum
py_str_count2,ArithmeticOperation,Round
py_str_count2,ArithmeticOperation,Power
py_str_count2,ArithmeticOperation,FindMinimum
py_str_count2,ArithmeticOperation,Division
py_str_count2,ArithmeticOperation,Multiplication
py_str_count2,HandlingTuple,SlicingTuple
py_str_count2,HandlingTuple,IndexingTuple
py_str_count2,HandlingFloat,TransformingToFloatType
py_str_count2,HandlingDictionary,ReplacingDictionaryElement
py_str_count2,HandlingDictionary,IndexingDictionary
py_str_count2,HandlingDictionary,AddingItemToDictionary
py_str_count2,HandlingDictionary,AccessingDictionary
py_str_count2,HandlingDictionary,CreatingDictionary
py_str_count2,HandlingList,DeletingListElement
py_str_count2,HandlingList,IndexingList
py_str_count2,HandlingList,CreatingList
py_str_count2,HandlingList,SlicingList
py_str_count2,HandlingList,ReplacingListElement
py_str_count2,HandlingList,ListReferencing
py_str_count2,HandlingList,ReversingList
py_str_count2,AddingListElement,AddingListElementWithInsert
py_str_count2,AddingListElement,AddingListElementWithAppend
py_str_count2,HandlingFile,ClosingFile
py_str_count2,HandlingFile,ReadingLine
py_str_count2,HandlingFile,OpeningFile
py_str_count2,HandlingString,CreatingString
py_str_count2,HandlingString,ReplacingStringContent
py_str_count2,HandlingString,FormattingString
py_str_count2,HandlingString,TransformingToStringType
py_str_count2,HandlingString,SplittingString
py_if_else_num,Python,Concatenation
py_if_else_num,Python,Importing
py_if_else_num,Python,FindingLength
py_if_else_num,Python,Printing
py_if_else_num,Python,CheckingForItem
py_if_else_num,Python,HandlingInput
py_if_else_num,CheckingCondition,IfElseChecking
py_if_else_num,CheckingCondition,AssertChecking
py_if_else_num,CheckingCondition,IfElifElseChecking
py_if_else_num,CheckingCondition,NestedIfChecking
py_if_else_num,CheckingCondition,IfChecking
py_if_else_num,CheckingCondition,IfElifChecking
py_if_else_num,CheckingCondition,BooleanEvaluating
py_if_else_num,CheckingInForLoop,IfElseCheckingInForLoop
py_if_else_num,CheckingInForLoop,IfElifCheckingInForLoop
py_if_else_num,CheckingInForLoop,IfCheckingInForLoop
py_if_else_num,CheckingInForLoop,IfElifElseCheckingInForLoop
py_if_else_num,CheckingInWhileLoop,IfElifElseCheckingInWhileLoop
py_if_else_num,CheckingInWhileLoop,IfCheckingInWhileLoop
py_if_else_num,CheckingInWhileLoop,IfElseCheckingInWhileLoop
py_if_else_num,CheckingInWhileLoop,IfElifCheckingInWhileLoop
py_if_else_num,ManagingVariable,SwappingVariablesValue
py_if_else_num,NonNestedIteration,SingleWhileLoopIteration
py_if_else_num,WhileLoopWithUpdate,WhileLoopWithListIndexing
py_if_else_num,WhileLoopWithUpdate,WhileLoopWith*=
py_if_else_num,WhileLoopWithUpdate,WhileLoopWith+=
py_if_else_num,ForLoopWithUpdate,ForLoopWith+=
py_if_else_num,ForLoopWithUpdate,ForLoopWith*=
py_if_else_num,ForLoopWithUpdate,ForLoopWithListIndexing
py_if_else_num,NestedLoopIteration,MixedNestedLoopIteration
py_if_else_num,NestedLoopIteration,NestedForLoopIteration
py_if_else_num,NestedLoopIteration,NestedWhileLoopIteration
py_if_else_num,ArithmeticOperation,FindAbsolute
py_if_else_num,ArithmeticOperation,FindRemainder
py_if_else_num,ArithmeticOperation,FindMaximum
py_if_else_num,ArithmeticOperation,Addition
py_if_else_num,ArithmeticOperation,Round
py_if_else_num,ArithmeticOperation,Power
py_if_else_num,ArithmeticOperation,FindMinimum
py_if_else_num,ArithmeticOperation,Substraction
py_if_else_num,ArithmeticOperation,Division
py_if_else_num,ArithmeticOperation,Multiplication
py_if_else_num,HandlingInteger,TransformingToIntType
py_if_else_num,HandlingTuple,CreatingTuple
py_ifelse_odd_even,Python,Concatenation
py_ifelse_odd_even,Python,Importing
py_ifelse_odd_even,Python,FindingLength
py_ifelse_odd_even,Python,Printing
py_ifelse_odd_even,Python,CheckingForItem
py_ifelse_odd_even,Python,HandlingInput
py_ifelse_odd_even,CheckingCondition,IfElseChecking
py_ifelse_odd_even,CheckingCondition,AssertChecking
py_ifelse_odd_even,CheckingCondition,IfElifElseChecking
py_ifelse_odd_even,CheckingCondition,NestedIfChecking
py_ifelse_odd_even,CheckingCondition,IfChecking
py_ifelse_odd_even,CheckingCondition,IfElifChecking
py_ifelse_odd_even,CheckingCondition,BooleanEvaluating
py_ifelse_odd_even,CheckingInForLoop,IfElseCheckingInForLoop
py_ifelse_odd_even,CheckingInForLoop,IfElifCheckingInForLoop
py_ifelse_odd_even,CheckingInForLoop,IfCheckingInForLoop
py_ifelse_odd_even,CheckingInForLoop,IfElifElseCheckingInForLoop
py_ifelse_odd_even,CheckingInWhileLoop,IfElifElseCheckingInWhileLoop
py_ifelse_odd_even,CheckingInWhileLoop,IfCheckingInWhileLoop
py_ifelse_odd_even,CheckingInWhileLoop,IfElseCheckingInWhileLoop
py_ifelse_odd_even,CheckingInWhileLoop,IfElifCheckingInWhileLoop
py_ifelse_odd_even,ManagingVariable,SwappingVariablesValue
py_ifelse_odd_even,HandlingAdvancedDataStructure,BinaryTreeTask
py_ifelse_odd_even,HandlingAdvancedDataStructure,LinkedListTask
py_ifelse_odd_even,HandlingAdvancedDataStructure,QueueTask
py_ifelse_odd_even,HandlingAdvancedDataStructure,StackTask
py_ifelse_odd_even,TwoDimensionalArrayTask,ReplacingElement2DArray
py_ifelse_odd_even,TwoDimensionalArrayTask,Indexing2DArray
py_ifelse_odd_even,TwoDimensionalArrayTask,Create2DArray
py_ifelse_odd_even,HandlingObjectOrientedProgramming,CallingOOPMethod
py_ifelse_odd_even,HandlingObjectOrientedProgramming,CreatingObject
py_ifelse_odd_even,HandlingObjectOrientedProgramming,DefiningClass
py_ifelse_odd_even,HandlingObjectOrientedProgramming,DefiningOOPMethod
py_range_one,HandlingAdvancedDataStructure,BinaryTreeTask
py_range_one,HandlingAdvancedDataStructure,LinkedListTask
py_range_one,HandlingAdvancedDataStructure,QueueTask
py_range_one,HandlingAdvancedDataStructure,StackTask
py_range_one,TwoDimensionalArrayTask,ReplacingElement2DArray
py_range_one,TwoDimensionalArrayTask,Indexing2DArray
py_range_one,TwoDimensionalArrayTask,Create2DArray
py_range_one,HandlingObjectOrientedProgramming,CallingOOPMethod
py_range_one,HandlingObjectOrientedProgramming,CreatingObject
py_range_one,HandlingObjectOrientedProgramming,DefiningClass
py_range_one,HandlingObjectOrientedProgramming,DefiningOOPMethod
py_range_one,HandlingList,ReversingList
py_range1_2,HandlingAdvancedDataStructure,BinaryTreeTask
py_range1_2,HandlingAdvancedDataStructure,LinkedListTask
py_range1_2,HandlingAdvancedDataStructure,QueueTask
py_range1_2,HandlingAdvancedDataStructure,StackTask
py_range1_2,TwoDimensionalArrayTask,ReplacingElement2DArray
py_range1_2,TwoDimensionalArrayTask,Indexing2DArray
py_range1_2,TwoDimensionalArrayTask,Create2DArray
py_range1_2,HandlingObjectOrientedProgramming,CallingOOPMethod
py_range1_2,HandlingObjectOrientedProgramming,CreatingObject
py_range1_2,HandlingObjectOrientedProgramming,DefiningClass
py_range1_2,HandlingObjectOrientedProgramming,DefiningOOPMethod
py_range1_2,HandlingFunctionCallingFunction,DefiningFunctionCallingFunction
py_range_three,Python,Concatenation
py_range_three,Python,Importing
py_range_three,Python,FindingLength
py_range_three,Python,Printing
py_range_three,Python,CheckingForItem
py_range_three,Python,HandlingInput
py_range_three,CheckingCondition,IfElseChecking
py_range_three,CheckingCondition,AssertChecking
py_range_three,CheckingCondition,IfElifElseChecking
py_range_three,CheckingCondition,NestedIfChecking
py_range_three,CheckingCondition,IfChecking
py_range_three,CheckingCondition,IfElifChecking
py_range_three,CheckingCondition,BooleanEvaluating
py_range_three,CheckingInForLoop,IfElseCheckingInForLoop
py_range_three,CheckingInForLoop,IfElifCheckingInForLoop
py_range_three,CheckingInForLoop,IfCheckingInForLoop
py_range_three,CheckingInForLoop,IfElifElseCheckingInForLoop
py_range_three,CheckingInWhileLoop,IfElifElseCheckingInWhileLoop
py_range_three,CheckingInWhileLoop,IfCheckingInWhileLoop
py_range_three,CheckingInWhileLoop,IfElseCheckingInWhileLoop
py_range_three,CheckingInWhileLoop,IfElifCheckingInWhileLoop
py_range_three,ManagingVariable,SwappingVariablesValue
py_range_three,HandlingFunctionCallingFunction,DefiningFunctionCallingFunction
py_range_three,NonNestedIteration,SingleWhileLoopIteration
py_range_three,WhileLoopWithUpdate,WhileLoopWithListIndexing
py_range_three,WhileLoopWithUpdate,WhileLoopWith*=
py_range_three,WhileLoopWithUpdate,WhileLoopWith+=
py_range_three,ForLoopWithUpdate,ForLoopWith*=
py_range3_2,Python,Concatenation
py_range3_2,Python,Importing
py_range3_2,Python,FindingLength
py_range3_2,Python,Printing
py_range3_2,Python,CheckingForItem
py_range3_2,Python,HandlingInput
py_range3_2,CheckingCondition,IfElseChecking
py_range3_2,CheckingCondition,AssertChecking
py_range3_2,CheckingCondition,IfElifElseChecking
py_range3_2,CheckingCondition,NestedIfChecking
py_range3_2,CheckingCondition,IfChecking
py_range3_2,CheckingCondition,IfElifChecking
py_range3_2,CheckingCondition,BooleanEvaluating
py_range3_2,CheckingInForLoop,IfElseCheckingInForLoop
py_range3_2,CheckingInForLoop,IfElifCheckingInForLoop
py_range3_2,CheckingInForLoop,IfCheckingInForLoop
py_range3_2,CheckingInForLoop,IfElifElseCheckingInForLoop
py_range3_2,CheckingInWhileLoop,IfElifElseCheckingInWhileLoop
py_range3_2,CheckingInWhileLoop,IfCheckingInWhileLoop
py_range3_2,CheckingInWhileLoop,IfElseCheckingInWhileLoop
py_range3_2,CheckingInWhileLoop,IfElifCheckingInWhileLoop
py_range3_2,ManagingVariable,SwappingVariablesValue
py_range3_2,ManagingVariable,AssigningVariable
py_range3_2,ManagingVariable,UpdatingVariable
py_range3_2,HandlingAdvancedDataStructure,BinaryTreeTask
py_range3_2,HandlingAdvancedDataStructure,LinkedListTask
py_range3_2,HandlingAdvancedDataStructure,QueueTask
py_range3_2,HandlingAdvancedDataStructure,StackTask
py_range3_2,TwoDimensionalArrayTask,ReplacingElement2DArray
py_range3_2,TwoDimensionalArrayTask,Indexing2DArray
py_range3_2,TwoDimensionalArrayTask,Create2DArray
py_range3_2,HandlingObjectOrientedProgramming,CallingOOPMethod
py_range3_2,HandlingObjectOrientedProgramming,CreatingObject
py_range3_2,HandlingObjectOrientedProgramming,DefiningClass
py_range3_2,HandlingObjectOrientedProgramming,DefiningOOPMethod
py_range3_2,HandlingFunction,CallingFunctionLibrary
py_range3_2,HandlingFunction,NestedFunctionCall
py_range3_2,HandlingFunctionCallingFunction,CallingFunctionCallingFunction
py_range3_2,HandlingFunctionCallingFunction,DefiningFunctionCallingFunction
py_range3_2,HandlingRecursiveFunction,CallingRecursiveFunction
py_range3_2,HandlingRecursiveFunction,DefiningRecursiveFunction
py_range3_2,HandlingNestedFunction,CallingNestedFunction
py_range3_2,HandlingNestedFunction,DefiningNestedFunction
py_range3_2,HandlingStandardFunction,CallingStandardFunction
py_range3_2,HandlingStandardFunction,DefiningStandardFunction
py_range3_2,NonNestedIteration,SingleForLoopIteration
py_range3_2,HandlingTuple,SlicingTuple
py_range3_2,HandlingTuple,IndexingTuple
py_range3_2,HandlingFloat,TransformingToFloatType
py_range3_2,HandlingDictionary,ReplacingDictionaryElement
py_range3_2,HandlingDictionary,IndexingDictionary
py_range3_2,HandlingDictionary,AddingItemToDictionary
py_range3_2,HandlingDictionary,AccessingDictionary
py_range3_2,HandlingDictionary,CreatingDictionary
py_range3_2,HandlingList,DeletingListElement
py_range3_2,HandlingList,IndexingList
py_range3_2,HandlingList,CreatingList
py_range3_2,HandlingList,SlicingList
py_range3_2,HandlingList,ReplacingListElement
py_range3_2,HandlingList,ListReferencing
py_range3_2,HandlingList,ReversingList
py_range3_2,AddingListElement,AddingListElementWithInsert
py_range3_2,AddingListElement,AddingListElementWithAppend
py_range3_2,HandlingFile,ClosingFile
py_range3_2,HandlingFile,ReadingLine
py_range3_2,HandlingFile,OpeningFile
py_range3_2,HandlingString,CreatingString
py_range3_2,HandlingString,ReplacingStringContent
py_range3_2,HandlingString,FormattingString
py_range3_2,HandlingString,TransformingToStringType
py_range3_2,HandlingString,SplittingString
py_range_two,NonNestedIteration,SingleWhileLoopIteration
py_range_two,WhileLoopWithUpdate,WhileLoopWithListIndexing
py_range_two,WhileLoopWithUpdate,WhileLoopWith*=
py_range_two,WhileLoopWithUpdate,WhileLoopWith+=
py_range_two,HandlingTuple,SlicingTuple
py_range_two,HandlingTuple,IndexingTuple
py_range_two,HandlingFloat,TransformingToFloatType
py_range_two,HandlingDictionary,ReplacingDictionaryElement
py_range_two,HandlingDictionary,IndexingDictionary
py_range_two,HandlingDictionary,AddingItemToDictionary
py_range_two,HandlingDictionary,AccessingDictionary
py_range_two,HandlingDictionary,CreatingDictionary
py_range_two,HandlingList,DeletingListElement
py_range_two,HandlingList,IndexingList
py_range_two,HandlingList,CreatingList
py_range_two,HandlingList,SlicingList
py_range_two,HandlingList,ReplacingListElement
py_range_two,HandlingList,ListReferencing
py_range_two,HandlingList,ReversingList
py_range_two,AddingListElement,AddingListElementWithInsert
py_range_two,AddingListElement,AddingListElementWithAppend
py_range_two,HandlingFile,ClosingFile
py_range_two,HandlingFile,ReadingLine
py_range_two,HandlingFile,OpeningFile
py_range_two,HandlingString,CreatingString
py_range_two,HandlingString,ReplacingStringContent
py_range_two,HandlingString,FormattingString
py_range_two,HandlingString,TransformingToStringType
py_range_two,HandlingString,SplittingString
py_range2_2,Python,Concatenation
py_range2_2,Python,Importing
py_range2_2,Python,FindingLength
py_range2_2,Python,Printing
py_range2_2,Python,CheckingForItem
py_range2_2,Python,HandlingInput
py_range2_2,CheckingCondition,IfElseChecking
py_range2_2,CheckingCondition,AssertChecking
py_range2_2,CheckingCondition,IfElifElseChecking
py_range2_2,CheckingCondition,NestedIfChecking
py_range2_2,CheckingCondition,IfChecking
py_range2_2,CheckingCondition,IfElifChecking
py_range2_2,CheckingCondition,BooleanEvaluating
py_range2_2,CheckingInForLoop,IfElseCheckingInForLoop
py_range2_2,CheckingInForLoop,IfElifCheckingInForLoop
py_range2_2,CheckingInForLoop,IfCheckingInForLoop
py_range2_2,CheckingInForLoop,IfElifElseCheckingInForLoop
py_range2_2,CheckingInWhileLoop,IfElifElseCheckingInWhileLoop
py_range2_2,CheckingInWhileLoop,IfCheckingInWhileLoop
py_range2_2,CheckingInWhileLoop,IfElseCheckingInWhileLoop
py_range2_2,CheckingInWhileLoop,IfElifCheckingInWhileLoop
py_range2_2,ManagingVariable,SwappingVariablesValue
py_range2_2,WhileLoopWithUpdate,WhileLoopWithListIndexing
py_range2_2,WhileLoopWithUpdate,WhileLoopWith*=
py_range2_2,WhileLoopWithUpdate,WhileLoopWith+=
py_range2_2,HandlingTuple,SlicingTuple
py_range2_2,HandlingTuple,IndexingTuple
py_range2_2,HandlingFloat,TransformingToFloatType
py_range2_2,HandlingDictionary,ReplacingDictionaryElement
py_range2_2,HandlingDictionary,IndexingDictionary
py_range2_2,HandlingDictionary,AddingItemToDictionary
py_range2_2,HandlingDictionary,AccessingDictionary
py_range2_2,HandlingDictionary,CreatingDictionary
py_range2_2,HandlingList,DeletingListElement
py_range2_2,HandlingList,IndexingList
py_range2_2,HandlingList,CreatingList
py_range2_2,HandlingList,SlicingList
py_range2_2,HandlingList,ReplacingListElement
py_range2_2,HandlingList,ListReferencing
py_range2_2,HandlingList,ReversingList
py_range2_2,AddingListElement,AddingListElementWithInsert
py_range2_2,AddingListElement,AddingListElementWithAppend
py_range2_2,HandlingFile,ClosingFile
py_range2_2,HandlingFile,ReadingLine
py_range2_2,HandlingFile,OpeningFile
py_range2_2,HandlingString,CreatingString
py_range2_2,HandlingString,ReplacingStringContent
py_range2_2,HandlingString,FormattingString
py_range2_2,HandlingString,TransformingToStringType
py_range2_2,HandlingString,SplittingString
py_squares,Python,Concatenation
py_squares,Python,Importing
py_squares,Python,FindingLength
py_squares,Python,Printing
py_squares,Python,CheckingForItem
py_squares,Python,HandlingInput
py_squares,CheckingCondition,IfElseChecking
py_squares,CheckingCondition,AssertChecking
py_squares,CheckingCondition,IfElifElseChecking
py_squares,CheckingCondition,NestedIfChecking
py_squares,CheckingCondition,IfChecking
py_squares,CheckingCondition,IfElifChecking
py_squares,CheckingCondition,BooleanEvaluating
py_squares,CheckingInForLoop,IfElseCheckingInForLoop
py_squares,CheckingInForLoop,IfElifCheckingInForLoop
py_squares,CheckingInForLoop,IfCheckingInForLoop
py_squares,CheckingInForLoop,IfElifElseCheckingInForLoop
py_squares,CheckingInWhileLoop,IfElifElseCheckingInWhileLoop
py_squares,CheckingInWhileLoop,IfCheckingInWhileLoop
py_squares,CheckingInWhileLoop,IfElseCheckingInWhileLoop
py_squares,CheckingInWhileLoop,IfElifCheckingInWhileLoop
py_squares,ManagingVariable,SwappingVariablesValue
py_squares,ManagingVariable,AssigningVariable
py_squares,ManagingVariable,UpdatingVariable
py_squares,HandlingAdvancedDataStructure,BinaryTreeTask
py_squares,HandlingAdvancedDataStructure,LinkedListTask
py_squares,HandlingAdvancedDataStructure,QueueTask
py_squares,HandlingAdvancedDataStructure,StackTask
py_squares,TwoDimensionalArrayTask,ReplacingElement2DArray
py_squares,TwoDimensionalArrayTask,Indexing2DArray
py_squares,TwoDimensionalArrayTask,Create2DArray
py_squares,HandlingObjectOrientedProgramming,CallingOOPMethod
py_squares,HandlingObjectOrientedProgramming,CreatingObject
py_squares,HandlingObjectOrientedProgramming,DefiningClass
py_squares,HandlingObjectOrientedProgramming,DefiningOOPMethod
py_squares,HandlingFunction,CallingFunctionLibrary
py_squares,HandlingFunction,NestedFunctionCall
py_squares,HandlingFunctionCallingFunction,CallingFunctionCallingFunction
py_squares,HandlingFunctionCallingFunction,DefiningFunctionCallingFunction
py_squares,HandlingRecursiveFunction,CallingRecursiveFunction
py_squares,HandlingRecursiveFunction,DefiningRecursiveFunction
py_squares,HandlingNestedFunction,CallingNestedFunction
py_squares,HandlingNestedFunction,DefiningNestedFunction
py_squares,HandlingStandardFunction,CallingStandardFunction
py_squares,HandlingStandardFunction,DefiningStandardFunction
py_squares,NonNestedIteration,SingleWhileLoopIteration
py_squares,ArithmeticOperation,FindAbsolute
py_squares,ArithmeticOperation,FindRemainder
py_squares,ArithmeticOperation,Addition
py_squares,ArithmeticOperation,Round
py_squares,ArithmeticOperation,Power
py_squares,ArithmeticOperation,FindMinimum
py_squares,ArithmeticOperation,Substraction
py_squares,ArithmeticOperation,Division
py_squares,HandlingTuple,CreatingTuple
py_write_squares_odd,ManagingVariable,AssigningVariable
py_write_squares_odd,ManagingVariable,UpdatingVariable
py_write_squares_odd,HandlingAdvancedDataStructure,BinaryTreeTask
py_write_squares_odd,HandlingAdvancedDataStructure,LinkedListTask
py_write_squares_odd,HandlingAdvancedDataStructure,QueueTask
py_write_squares_odd,HandlingAdvancedDataStructure,StackTask
py_write_squares_odd,TwoDimensionalArrayTask,ReplacingElement2DArray
py_write_squares_odd,TwoDimensionalArrayTask,Indexing2DArray
py_write_squares_odd,TwoDimensionalArrayTask,Create2DArray
py_write_squares_odd,HandlingObjectOrientedProgramming,CallingOOPMethod
py_write_squares_odd,HandlingObjectOrientedProgramming,CreatingObject
py_write_squares_odd,HandlingObjectOrientedProgramming,DefiningClass
py_write_squares_odd,HandlingObjectOrientedProgramming,DefiningOOPMethod
py_write_squares_odd,HandlingFunction,CallingFunctionLibrary
py_write_squares_odd,HandlingFunction,NestedFunctionCall
py_write_squares_odd,HandlingFunctionCallingFunction,CallingFunctionCallingFunction
py_write_squares_odd,HandlingFunctionCallingFunction,DefiningFunctionCallingFunction
py_write_squares_odd,HandlingRecursiveFunction,CallingRecursiveFunction
py_write_squares_odd,HandlingRecursiveFunction,DefiningRecursiveFunction
py_write_squares_odd,HandlingNestedFunction,CallingNestedFunction
py_write_squares_odd,HandlingNestedFunction,DefiningNestedFunction
py_write_squares_odd,HandlingStandardFunction,CallingStandardFunction
py_write_squares_odd,HandlingStandardFunction,DefiningStandardFunction
py_write_squares_odd,NonNestedIteration,SingleWhileLoopIteration
py_write_squares_odd,WhileLoopWithUpdate,WhileLoopWithListIndexing
py_write_squares_odd,WhileLoopWithUpdate,WhileLoopWith*=
py_write_squares_odd,WhileLoopWithUpdate,WhileLoopWith+=
py_write_squares_odd,HandlingString,TrimmingString
py_write_squares_odd,HandlingString,IndexingString
py_write_squares_odd,HandlingString,SlicingString
py_write_squares_odd,ModifyingStringCase,ConvertStringToUpperCase
py_write_squares_odd,ModifyingStringCase,ConvertStringToLowerCase
py_write_squares_odd,ModifyingStringCase,CapitalizeString
py_write_squares_odd,HandlingError,HandlingSpecificError
py_write_squares_odd,HandlingError,HandlingGeneralError
py_write_squares_range,ManagingVariable,AssigningVariable
py_write_squares_range,ManagingVariable,UpdatingVariable
py_write_squares_range,HandlingAdvancedDataStructure,BinaryTreeTask
py_write_squares_range,HandlingAdvancedDataStructure,LinkedListTask
py_write_squares_range,HandlingAdvancedDataStructure,QueueTask
py_write_squares_range,HandlingAdvancedDataStructure,StackTask
py_write_squares_range,TwoDimensionalArrayTask,ReplacingElement2DArray
py_write_squares_range,TwoDimensionalArrayTask,Indexing2DArray
py_write_squares_range,TwoDimensionalArrayTask,Create2DArray
py_write_squares_range,HandlingObjectOrientedProgramming,CallingOOPMethod
py_write_squares_range,HandlingObjectOrientedProgramming,CreatingObject
py_write_squares_range,HandlingObjectOrientedProgramming,DefiningClass
py_write_squares_range,HandlingObjectOrientedProgramming,DefiningOOPMethod
py_write_squares_range,HandlingFunction,CallingFunctionLibrary
py_write_squares_range,HandlingFunction,NestedFunctionCall
py_write_squares_range,HandlingFunctionCallingFunction,CallingFunctionCallingFunction
py_write_squares_range,HandlingFunctionCallingFunction,DefiningFunctionCallingFunction
py_write_squares_range,HandlingRecursiveFunction,CallingRecursiveFunction
py_write_squares_range,HandlingRecursiveFunction,DefiningRecursiveFunction
py_write_squares_range,HandlingNestedFunction,CallingNestedFunction
py_write_squares_range,HandlingNestedFunction,DefiningNestedFunction
py_write_squares_range,HandlingStandardFunction,CallingStandardFunction
py_write_squares_range,HandlingStandardFunction,DefiningStandardFunction
py_write_squares_range,NonNestedIteration,SingleWhileLoopIteration
py_write_squares_range,NestedLoopIteration,NestedWhileLoopIteration
py_write_squares_range,ArithmeticOperation,Substraction
py_write_squares_range,ArithmeticOperation,Division
py_repeated_sequence,HandlingTuple,SlicingTuple
py_repeated_sequence,HandlingTuple,IndexingTuple
py_repeated_sequence,HandlingFloat,TransformingToFloatType
py_repeated_sequence,HandlingDictionary,ReplacingDictionaryElement
py_repeated_sequence,HandlingDictionary,IndexingDictionary
py_repeated_sequence,HandlingDictionary,AddingItemToDictionary
py_repeated_sequence,HandlingDictionary,AccessingDictionary
py_repeated_sequence,HandlingDictionary,CreatingDictionary
py_repeated_sequence,HandlingList,DeletingListElement
py_repeated_sequence,HandlingList,IndexingList
py_repeated_sequence,HandlingList,CreatingList
py_repeated_sequence,HandlingList,SlicingList
py_repeated_sequence,HandlingList,ReplacingListElement
py_repeated_sequence,HandlingList,ListReferencing
py_repeated_sequence,HandlingList,ReversingList
py_repeated_sequence,AddingListElement,AddingListElementWithInsert
py_repeated_sequence,AddingListElement,AddingListElementWithAppend
py_repeated_sequence,HandlingFile,ClosingFile
py_repeated_sequence,HandlingFile,ReadingLine
py_repeated_sequence,HandlingFile,OpeningFile
py_repeated_sequence,HandlingString,CreatingString
py_repeated_sequence,HandlingString,ReplacingStringContent
py_repeated_sequence,HandlingString,FormattingString
py_repeated_sequence,HandlingString,TransformingToStringType
py_repeated_sequence,HandlingString,SplittingString
py_repeated_sequence2,Python,Concatenation
py_repeated_sequence2,Python,Importing
py_repeated_sequence2,Python,FindingLength
py_repeated_sequence2,Python,Printing
py_repeated_sequence2,Python,CheckingForItem
py_repeated_sequence2,Python,HandlingInput
py_repeated_sequence2,CheckingCondition,IfElseChecking
py_repeated_sequence2,CheckingCondition,AssertChecking
py_repeated_sequence2,CheckingCondition,IfElifElseChecking
py_repeated_sequence2,CheckingCondition,NestedIfChecking
py_repeated_sequence2,CheckingCondition,IfChecking
py_repeated_sequence2,CheckingCondition,IfElifChecking
py_repeated_sequence2,CheckingCondition,BooleanEvaluating
py_repeated_sequence2,CheckingInForLoop,IfElseCheckingInForLoop
py_repeated_sequence2,CheckingInForLoop,IfElifCheckingInForLoop
py_repeated_sequence2,CheckingInForLoop,IfCheckingInForLoop
py_repeated_sequence2,CheckingInForLoop,IfElifElseCheckingInForLoop
py_repeated_sequence2,CheckingInWhileLoop,IfElifElseCheckingInWhileLoop
py_repeated_sequence2,CheckingInWhileLoop,IfCheckingInWhileLoop
py_repeated_sequence2,CheckingInWhileLoop,IfElseCheckingInWhileLoop
py_repeated_sequence2,CheckingInWhileLoop,IfElifCheckingInWhileLoop
py_repeated_sequence2,ManagingVariable,SwappingVariablesValue
py_repeated_sequence2,HandlingTuple,SlicingTuple
py_repeated_sequence2,HandlingTuple,IndexingTuple
py_repeated_sequence2,HandlingFloat,TransformingToFloatType
py_repeated_sequence2,HandlingDictionary,ReplacingDictionaryElement
py_repeated_sequence2,HandlingDictionary,IndexingDictionary
py_repeated_sequence2,HandlingDictionary,AddingItemToDictionary
py_repeated_sequence2,HandlingDictionary,AccessingDictionary
py_repeated_sequence2,HandlingDictionary,CreatingDictionary
py_repeated_sequence2,HandlingList,DeletingListElement
py_repeated_sequence2,HandlingList,IndexingList
py_repeated_sequence2,HandlingList,CreatingList
py_repeated_sequence2,HandlingList,SlicingList
py_repeated_sequence2,HandlingList,ReplacingListElement
py_repeated_sequence2,HandlingList,ListReferencing
py_repeated_sequence2,HandlingList,ReversingList
py_repeated_sequence2,AddingListElement,AddingListElementWithInsert
py_repeated_sequence2,AddingListElement,AddingListElementWithAppend
py_repeated_sequence2,HandlingFile,ClosingFile
py_repeated_sequence2,HandlingFile,ReadingLine
py_repeated_sequence2,HandlingFile,OpeningFile
py_repeated_sequence2,HandlingString,CreatingString
py_repeated_sequence2,HandlingString,ReplacingStringContent
py_repeated_sequence2,HandlingString,FormattingString
py_repeated_sequence2,HandlingString,TransformingToStringType
py_repeated_sequence2,HandlingString,SplittingString
py_star_patterns,HandlingAdvancedDataStructure,BinaryTreeTask
py_star_patterns,HandlingAdvancedDataStructure,LinkedListTask
py_star_patterns,HandlingAdvancedDataStructure,QueueTask
py_star_patterns,HandlingAdvancedDataStructure,StackTask
py_star_patterns,TwoDimensionalArrayTask,ReplacingElement2DArray
py_star_patterns,TwoDimensionalArrayTask,Indexing2DArray
py_star_patterns,TwoDimensionalArrayTask,Create2DArray
py_star_patterns,HandlingString,TrimmingString
py_star_patterns,HandlingString,IndexingString
py_star_patterns,HandlingString,SlicingString
py_star_patterns,ModifyingStringCase,ConvertStringToUpperCase
py_star_patterns,ModifyingStringCase,ConvertStringToLowerCase
py_star_patterns,ModifyingStringCase,CapitalizeString
py_star_patterns,HandlingError,HandlingSpecificError
py_star_patterns,HandlingError,HandlingGeneralError
py_divisor,HandlingFunctionCallingFunction,DefiningFunctionCallingFunction
py_largest_divisor,HandlingAdvancedDataStructure,BinaryTreeTask
py_largest_divisor,HandlingAdvancedDataStructure,LinkedListTask
py_largest_divisor,HandlingAdvancedDataStructure,QueueTask
py_largest_divisor,HandlingAdvancedDataStructure,StackTask
py_largest_divisor,TwoDimensionalArrayTask,ReplacingElement2DArray
py_largest_divisor,TwoDimensionalArrayTask,Indexing2DArray
py_largest_divisor,TwoDimensionalArrayTask,Create2DArray
py_largest_divisor,HandlingObjectOrientedProgramming,CallingOOPMethod
py_largest_divisor,HandlingObjectOrientedProgramming,CreatingObject
py_largest_divisor,HandlingObjectOrientedProgramming,DefiningClass
py_largest_divisor,HandlingObjectOrientedProgramming,DefiningOOPMethod
py_largest_divisor,HandlingFunctionCallingFunction,DefiningFunctionCallingFunction
py_largest_divisor,ForLoopWithUpdate,ForLoopWith+=
py_largest_divisor,ForLoopWithUpdate,ForLoopWith*=
py_largest_divisor,ForLoopWithUpdate,ForLoopWithListIndexing
py_largest_divisor,ArithmeticOperation,FindAbsolute
py_largest_divisor,ArithmeticOperation,Round
py_largest_divisor,ArithmeticOperation,Power
py_largest_divisor,ArithmeticOperation,FindMinimum
py_largest_divisor,ArithmeticOperation,Division
py_largest_divisor,ArithmeticOperation,Multiplication
py_largest_divisor,HandlingTuple,CreatingTuple
py_input,ForLoopWithUpdate,ForLoopWith+=
py_input,ForLoopWithUpdate,ForLoopWith*=
py_input,ForLoopWithUpdate,ForLoopWithListIndexing
py_input2,NonNestedIteration,SingleWhileLoopIteration
py_input2,WhileLoopWithUpdate,WhileLoopWithListIndexing
py_input2,WhileLoopWithUpdate,WhileLoopWith*=
py_input2,WhileLoopWithUpdate,WhileLoopWith+=
py_input2,ForLoopWithUpdate,ForLoopWith+=
py_input2,ForLoopWithUpdate,ForLoopWith*=
py_input2,ForLoopWithUpdate,ForLoopWithListIndexing
py_input2,NestedLoopIteration,MixedNestedLoopIteration
py_input2,NestedLoopIteration,NestedForLoopIteration
py_input2,NestedLoopIteration,NestedWhileLoopIteration
py_input2,ArithmeticOperation,FindAbsolute
py_input2,ArithmeticOperation,FindRemainder
py_input2,ArithmeticOperation,FindMaximum
py_input2,ArithmeticOperation,Addition
py_input2,ArithmeticOperation,Round
py_input2,ArithmeticOperation,Power
py_input2,ArithmeticOperation,FindMinimum
py_input2,ArithmeticOperation,Substraction
py_input2,ArithmeticOperation,Division
py_input2,ArithmeticOperation,Multiplication
py_input2,HandlingInteger,TransformingToIntType
py_input2,HandlingTuple,CreatingTuple
py_input3,HandlingFunction,NestedFunctionCall
py_input3,ForLoopWithUpdate,ForLoopWith+=
py_input3,ForLoopWithUpdate,ForLoopWith*=
py_input3,ForLoopWithUpdate,ForLoopWithListIndexing
py_input3,ArithmeticOperation,Division
py_input3,HandlingTuple,CreatingTuple
py_input4,Python,Concatenation
py_input4,Python,Importing
py_input4,Python,FindingLength
py_input4,Python,Printing
py_input4,Python,CheckingForItem
py_input4,Python,HandlingInput
py_input4,CheckingCondition,IfElseChecking
py_input4,CheckingCondition,AssertChecking
py_input4,CheckingCondition,IfElifElseChecking
py_input4,CheckingCondition,NestedIfChecking
py_input4,CheckingCondition,IfChecking
py_input4,CheckingCondition,IfElifChecking
py_input4,CheckingCondition,BooleanEvaluating
py_input4,CheckingInForLoop,IfElseCheckingInForLoop
py_input4,CheckingInForLoop,IfElifCheckingInForLoop
py_input4,CheckingInForLoop,IfCheckingInForLoop
py_input4,CheckingInForLoop,IfElifElseCheckingInForLoop
py_input4,CheckingInWhileLoop,IfElifElseCheckingInWhileLoop
py_input4,CheckingInWhileLoop,IfCheckingInWhileLoop
py_input4,CheckingInWhileLoop,IfElseCheckingInWhileLoop
py_input4,CheckingInWhileLoop,IfElifCheckingInWhileLoop
py_input4,ManagingVariable,SwappingVariablesValue
py_input4,ArithmeticOperation,FindAbsolute
ps_hello,NonNestedIteration,SingleWhileLoopIteration
ps_hello,WhileLoopWithUpdate,WhileLoopWithListIndexing
ps_hello,WhileLoopWithUpdate,WhileLoopWith*=
ps_hello,WhileLoopWithUpdate,WhileLoopWith+=
ps_hello,ForLoopWithUpdate,ForLoopWith+=
ps_hello,ForLoopWithUpdate,ForLoopWith*=
ps_hello,ForLoopWithUpdate,ForLoopWithListIndexing
ps_hello,NestedLoopIteration,MixedNestedLoopIteration
ps_hello,NestedLoopIteration,NestedForLoopIteration
ps_hello,NestedLoopIteration,NestedWhileLoopIteration
ps_hello,ArithmeticOperation,FindAbsolute
ps_hello,ArithmeticOperation,FindRemainder
ps_hello,ArithmeticOperation,FindMaximum
ps_hello,ArithmeticOperation,Addition
ps_hello,ArithmeticOperation,Round
ps_hello,ArithmeticOperation,Power
ps_hello,ArithmeticOperation,FindMinimum
ps_hello,ArithmeticOperation,Substraction
ps_hello,ArithmeticOperation,Division
ps_hello,ArithmeticOperation,Multiplication
ps_hello,HandlingInteger,TransformingToIntType
ps_hello,HandlingTuple,CreatingTuple
ps_hello,HandlingString,SplittingString
ps_simple_function,HandlingStandardFunction,CallingStandardFunction
ps_simple_params,Python,Concatenation
ps_simple_params,Python,Importing
ps_simple_params,Python,FindingLength
ps_simple_params,Python,Printing
ps_simple_params,Python,CheckingForItem
ps_simple_params,Python,HandlingInput
ps_simple_params,CheckingCondition,IfElseChecking
ps_simple_params,CheckingCondition,AssertChecking
ps_simple_params,CheckingCondition,IfElifElseChecking
ps_simple_params,CheckingCondition,NestedIfChecking
ps_simple_params,CheckingCondition,IfChecking
ps_simple_params,CheckingCondition,IfElifChecking
ps_simple_params,CheckingCondition,BooleanEvaluating
ps_simple_params,CheckingInForLoop,IfElseCheckingInForLoop
ps_simple_params,CheckingInForLoop,IfElifCheckingInForLoop
ps_simple_params,CheckingInForLoop,IfCheckingInForLoop
ps_simple_params,CheckingInForLoop,IfElifElseCheckingInForLoop
ps_simple_params,CheckingInWhileLoop,IfElifElseCheckingInWhileLoop
ps_simple_params,CheckingInWhileLoop,IfCheckingInWhileLoop
ps_simple_params,CheckingInWhileLoop,IfElseCheckingInWhileLoop
ps_simple_params,CheckingInWhileLoop,IfElifCheckingInWhileLoop
ps_simple_params,ManagingVariable,SwappingVariablesValue
ps_return_bigger_or_none,HandlingObjectOrientedProgramming,DefiningOOPMethod
ps_return_bigger_or_none,HandlingFunctionCallingFunction,DefiningFunctionCallingFunction
ps_return_bigger_or_none,HandlingStandardFunction,CallingStandardFunction
ps_return_bigger_or_none,HandlingString,TrimmingString
ps_return_bigger_or_none,HandlingString,IndexingString
ps_return_bigger_or_none,HandlingString,SlicingString
ps_return_bigger_or_none,ModifyingStringCase,ConvertStringToUpperCase
ps_return_bigger_or_none,ModifyingStringCase,ConvertStringToLowerCase
ps_return_bigger_or_none,ModifyingStringCase,CapitalizeString
ps_return_bigger_or_none,HandlingError,HandlingSpecificError
ps_return_bigger_or_none,HandlingError,HandlingGeneralError
ps_python_iteration_addition,Python,Concatenation
ps_python_iteration_addition,Python,Importing
ps_python_iteration_addition,Python,FindingLength
ps_python_iteration_addition,Python,Printing
ps_python_iteration_addition,Python,CheckingForItem
ps_python_iteration_addition,Python,HandlingInput
ps_python_iteration_addition,CheckingCondition,IfElseChecking
ps_python_iteration_addition,CheckingCondition,AssertChecking
ps_python_iteration_addition,CheckingCondition,IfElifElseChecking
ps_python_iteration_addition,CheckingCondition,NestedIfChecking
ps_python_iteration_addition,CheckingCondition,IfChecking
ps_python_iteration_addition,CheckingCondition,IfElifChecking
ps_python_iteration_addition,CheckingCondition,BooleanEvaluating
ps_python_iteration_addition,CheckingInForLoop,IfElseCheckingInForLoop
ps_python_iteration_addition,CheckingInForLoop,IfElifCheckingInForLoop
ps_python_iteration_addition,CheckingInForLoop,IfCheckingInForLoop
ps_python_iteration_addition,CheckingInForLoop,IfElifElseCheckingInForLoop
ps_python_iteration_addition,CheckingInWhileLoop,IfElifElseCheckingInWhileLoop
ps_python_iteration_addition,CheckingInWhileLoop,IfCheckingInWhileLoop
ps_python_iteration_addition,CheckingInWhileLoop,IfElseCheckingInWhileLoop
ps_python_iteration_addition,CheckingInWhileLoop,IfElifCheckingInWhileLoop
ps_python_iteration_addition,ManagingVariable,SwappingVariablesValue
ps_python_iteration_addition,HandlingFunctionCallingFunction,DefiningFunctionCallingFunction
ps_python_iteration_addition,WhileLoopWithUpdate,WhileLoopWith*=
ps_python_iteration_addition,ForLoopWithUpdate,ForLoopWith+=
ps_python_iteration_addition,ForLoopWithUpdate,ForLoopWith*=
ps_python_iteration_addition,ForLoopWithUpdate,ForLoopWithListIndexing
ps_python_iteration_multiplication,HandlingFunctionCallingFunction,DefiningFunctionCallingFunction
ps_python_iteration_multiplication,WhileLoopWithUpdate,WhileLoopWithListIndexing
ps_python_iteration_multiplication,WhileLoopWithUpdate,WhileLoopWith+=
ps_python_iteration_multiplication,ForLoopWithUpdate,ForLoopWith+=
ps_python_iteration_multiplication,ForLoopWithUpdate,ForLoopWith*=
ps_python_iteration_multiplication,ForLoopWithUpdate,ForLoopWithListIndexing
ps_python_iteration_multiplication,ArithmeticOperation,FindAbsolute
ps_python_iteration_multiplication,ArithmeticOperation,FindMinimum
ps_python_calculate_function,HandlingAdvancedDataStructure,BinaryTreeTask
ps_python_calculate_function,HandlingAdvancedDataStructure,LinkedListTask
ps_python_calculate_function,HandlingAdvancedDataStructure,QueueTask
ps_python_calculate_function,HandlingAdvancedDataStructure,StackTask
ps_python_calculate_function,TwoDimensionalArrayTask,ReplacingElement2DArray
ps_python_calculate_function,TwoDimensionalArrayTask,Indexing2DArray
ps_python_calculate_function,TwoDimensionalArrayTask,Create2DArray
ps_python_calculate_function,HandlingObjectOrientedProgramming,CreatingObject
ps_python_calculate_function,HandlingObjectOrientedProgramming,DefiningOOPMethod
ps_python_calculate_function,HandlingFunctionCallingFunction,CallingFunctionCallingFunction
ps_python_calculate_function,HandlingFunctionCallingFunction,DefiningFunctionCallingFunction
ps_python_calculate_function,HandlingStandardFunction,CallingStandardFunction
ps_python_calculate_function,NonNestedIteration,SingleWhileLoopIteration
ps_python_calculate_function,WhileLoopWithUpdate,WhileLoopWithListIndexing
ps_python_calculate_function,WhileLoopWithUpdate,WhileLoopWith*=
ps_python_calculate_function,WhileLoopWithUpdate,WhileLoopWith+=
ps_python_calculate_function,ForLoopWithUpdate,ForLoopWith+=
ps_python_calculate_function,ForLoopWithUpdate,ForLoopWith*=
ps_python_calculate_function,ForLoopWithUpdate,ForLoopWithListIndexing
ps_python_calculate_function,NestedLoopIteration,MixedNestedLoopIteration
ps_python_calculate_function,NestedLoopIteration,NestedForLoopIteration
ps_python_calculate_function,NestedLoopIteration,NestedWhileLoopIteration
ps_python_calculate_function,ArithmeticOperation,FindAbsolute
ps_python_calculate_function,ArithmeticOperation,FindRemainder
ps_python_calculate_function,ArithmeticOperation,FindMaximum
ps_python_calculate_function,ArithmeticOperation,Addition
ps_python_calculate_function,ArithmeticOperation,Round
ps_python_calculate_function,ArithmeticOperation,Power
ps_python_calculate_function,ArithmeticOperation,FindMinimum
ps_python_calculate_function,ArithmeticOperation,Substraction
ps_python_calculate_function,ArithmeticOperation,Division
ps_python_calculate_function,ArithmeticOperation,Multiplication
ps_python_calculate_function,HandlingInteger,TransformingToIntType
ps_python_calculate_function,HandlingTuple,CreatingTuple
ps_python_nested_calls,Python,Concatenation
ps_python_nested_calls,Python,Importing
ps_python_nested_calls,Python,FindingLength
ps_python_nested_calls,Python,Printing
ps_python_nested_calls,Python,CheckingForItem
ps_python_nested_calls,Python,HandlingInput
ps_python_nested_calls,CheckingCondition,IfElseChecking
ps_python_nested_calls,CheckingCondition,AssertChecking
ps_python_nested_calls,CheckingCondition,IfElifElseChecking
ps_python_nested_calls,CheckingCondition,NestedIfChecking
ps_python_nested_calls,CheckingCondition,IfChecking
ps_python_nested_calls,CheckingCondition,IfElifChecking
ps_python_nested_calls,CheckingCondition,BooleanEvaluating
ps_python_nested_calls,CheckingInForLoop,IfElseCheckingInForLoop
ps_python_nested_calls,CheckingInForLoop,IfElifCheckingInForLoop
ps_python_nested_calls,CheckingInForLoop,IfCheckingInForLoop
ps_python_nested_calls,CheckingInForLoop,IfElifElseCheckingInForLoop
ps_python_nested_calls,CheckingInWhileLoop,IfElifElseCheckingInWhileLoop
ps_python_nested_calls,CheckingInWhileLoop,IfCheckingInWhileLoop
ps_python_nested_calls,CheckingInWhileLoop,IfElseCheckingInWhileLoop
ps_python_nested_calls,CheckingInWhileLoop,IfElifCheckingInWhileLoop
ps_python_nested_calls,ManagingVariable,SwappingVariablesValue
ps_python_nested_calls,HandlingAdvancedDataStructure,BinaryTreeTask
ps_python_nested_calls,HandlingAdvancedDataStructure,LinkedListTask
ps_python_nested_calls,HandlingAdvancedDataStructure,QueueTask
ps_python_nested_calls,HandlingAdvancedDataStructure,StackTask
ps_python_nested_calls,TwoDimensionalArrayTask,ReplacingElement2DArray
ps_python_nested_calls,TwoDimensionalArrayTask,Indexing2DArray
ps_python_nested_calls,TwoDimensionalArrayTask,Create2DArray
ps_python_nested_calls,HandlingObjectOrientedProgramming,CallingOOPMethod
ps_python_nested_calls,HandlingObjectOrientedProgramming,CreatingObject
ps_python_nested_calls,HandlingObjectOrientedProgramming,DefiningClass
ps_python_nested_calls,HandlingObjectOrientedProgramming,DefiningOOPMethod
ps_python_nested_calls,HandlingFunctionCallingFunction,CallingFunctionCallingFunction
ps_python_nested_calls,HandlingFunctionCallingFunction,DefiningFunctionCallingFunction
ps_python_nested_calls,NonNestedIteration,SingleForLoopIteration
ps_python_nested_calls,ArithmeticOperation,FindAbsolute
ps_python_nested_calls,HandlingTuple,SlicingTuple
ps_python_nested_calls,HandlingTuple,IndexingTuple
ps_python_nested_calls,HandlingFloat,TransformingToFloatType
ps_python_nested_calls,HandlingDictionary,ReplacingDictionaryElement
ps_python_nested_calls,HandlingDictionary,IndexingDictionary
ps_python_nested_calls,HandlingDictionary,AddingItemToDictionary
ps_python_nested_calls,HandlingDictionary,AccessingDictionary
ps_python_nested_calls,HandlingDictionary,CreatingDictionary
ps_python_nested_calls,HandlingList,DeletingListElement
ps_python_nested_calls,HandlingList,IndexingList
ps_python_nested_calls,HandlingList,CreatingList
ps_python_nested_calls,HandlingList,SlicingList
ps_python_nested_calls,HandlingList,ReplacingListElement
ps_python_nested_calls,HandlingList,ListReferencing
ps_python_nested_calls,HandlingList,ReversingList
ps_python_nested_calls,AddingListElement,AddingListElementWithInsert
ps_python_nested_calls,AddingListElement,AddingListElementWithAppend
ps_python_nested_calls,HandlingFile,ClosingFile
ps_python_nested_calls,HandlingFile,ReadingLine
ps_python_nested_calls,HandlingFile,OpeningFile
ps_python_nested_calls,HandlingString,CreatingString
ps_python_nested_calls,HandlingString,ReplacingStringContent
ps_python_nested_calls,HandlingString,FormattingString
ps_python_nested_calls,HandlingString,TransformingToStringType
ps_python_nested_calls,HandlingString,SplittingString
ps_python_recursive_factorial,HandlingObjectOrientedProgramming,CallingOOPMethod
ps_python_recursive_factorial,HandlingObjectOrientedProgramming,CreatingObject
ps_python_recursive_factorial,HandlingObjectOrientedProgramming,DefiningClass
ps_python_recursive_factorial,HandlingObjectOrientedProgramming,DefiningOOPMethod
ps_python_recursive_factorial,HandlingFunction,NestedFunctionCall
ps_python_recursive_factorial,HandlingStandardFunction,CallingStandardFunction
ps_python_recursive_factorial,HandlingStandardFunction,DefiningStandardFunction
ps_python_recursive_factorial,NonNestedIteration,SingleForLoopIteration
ps_python_modulo_is_even,HandlingObjectOrientedProgramming,DefiningOOPMethod
ps_python_modulo_is_even,HandlingFunctionCallingFunction,DefiningFunctionCallingFunction
ps_python_modulo_is_even,HandlingStandardFunction,DefiningStandardFunction
ps_python_nested_lists_indexing,Python,Concatenation
ps_python_nested_lists_indexing,Python,Importing
ps_python_nested_lists_indexing,Python,FindingLength
ps_python_nested_lists_indexing,Python,Printing
ps_python_nested_lists_indexing,Python,CheckingForItem
ps_python_nested_lists_indexing,Python,HandlingInput
ps_python_nested_lists_indexing,CheckingCondition,IfElseChecking
ps_python_nested_lists_indexing,CheckingCondition,AssertChecking
ps_python_nested_lists_indexing,CheckingCondition,IfElifElseChecking
ps_python_nested_lists_indexing,CheckingCondition,NestedIfChecking
ps_python_nested_lists_indexing,CheckingCondition,IfChecking
ps_python_nested_lists_indexing,CheckingCondition,IfElifChecking
ps_python_nested_lists_indexing,CheckingCondition,BooleanEvaluating
ps_python_nested_lists_indexing,CheckingInForLoop,IfElseCheckingInForLoop
ps_python_nested_lists_indexing,CheckingInForLoop,IfElifCheckingInForLoop
ps_python_nested_lists_indexing,CheckingInForLoop,IfCheckingInForLoop
ps_python_nested_lists_indexing,CheckingInForLoop,IfElifElseCheckingInForLoop
ps_python_nested_lists_indexing,CheckingInWhileLoop,IfElifElseCheckingInWhileLoop
ps_python_nested_lists_indexing,CheckingInWhileLoop,IfCheckingInWhileLoop
ps_python_nested_lists_indexing,CheckingInWhileLoop,IfElseCheckingInWhileLoop
ps_python_nested_lists_indexing,CheckingInWhileLoop,IfElifCheckingInWhileLoop
ps_python_nested_lists_indexing,ManagingVariable,SwappingVariablesValue
ps_python_nested_lists_indexing,NonNestedIteration,SingleWhileLoopIteration
ps_python_nested_lists_indexing,WhileLoopWithUpdate,WhileLoopWithListIndexing
ps_python_nested_lists_indexing,WhileLoopWithUpdate,WhileLoopWith*=
ps_python_nested_lists_indexing,WhileLoopWithUpdate,WhileLoopWith+=
ps_python_nested_lists_indexing,ForLoopWithUpdate,ForLoopWith+=
ps_python_nested_lists_indexing,ForLoopWithUpdate,ForLoopWith*=
ps_python_nested_lists_indexing,ForLoopWithUpdate,ForLoopWithListIndexing
ps_python_nested_lists_indexing,NestedLoopIteration,MixedNestedLoopIteration
ps_python_nested_lists_indexing,NestedLoopIteration,NestedForLoopIteration
ps_python_nested_lists_indexing,NestedLoopIteration,NestedWhileLoopIteration
ps_python_nested_lists_indexing,ArithmeticOperation,FindAbsolute
ps_python_nested_lists_indexing,ArithmeticOperation,FindRemainder
ps_python_nested_lists_indexing,ArithmeticOperation,FindMaximum
ps_python_nested_lists_indexing,ArithmeticOperation,Addition
ps_python_nested_lists_indexing,ArithmeticOperation,Round
ps_python_nested_lists_indexing,ArithmeticOperation,Power
ps_python_nested_lists_indexing,ArithmeticOperation,FindMinimum
ps_python_nested_lists_indexing,ArithmeticOperation,Substraction
ps_python_nested_lists_indexing,ArithmeticOperation,Division
ps_python_nested_lists_indexing,ArithmeticOperation,Multiplication
ps_python_nested_lists_indexing,HandlingInteger,TransformingToIntType
ps_python_nested_lists_indexing,HandlingTuple,CreatingTuple
ps_python_string_indexing,NonNestedIteration,SingleWhileLoopIteration
ps_python_string_indexing,WhileLoopWithUpdate,WhileLoopWithListIndexing
ps_python_string_indexing,WhileLoopWithUpdate,WhileLoopWith*=
ps_python_string_indexing,WhileLoopWithUpdate,WhileLoopWith+=
ps_python_string_indexing,ForLoopWithUpdate,ForLoopWith+=
ps_python_string_indexing,ForLoopWithUpdate,ForLoopWith*=
ps_python_string_indexing,ForLoopWithUpdate,ForLoopWithListIndexing
ps_python_string_indexing,NestedLoopIteration,MixedNestedLoopIteration
ps_python_string_indexing,NestedLoopIteration,NestedForLoopIteration
ps_python_string_indexing,NestedLoopIteration,NestedWhileLoopIteration
ps_python_string_indexing,ArithmeticOperation,FindAbsolute
ps_python_string_indexing,ArithmeticOperation,FindRemainder
ps_python_string_indexing,ArithmeticOperation,FindMaximum
ps_python_string_indexing,ArithmeticOperation,Addition
ps_python_string_indexing,ArithmeticOperation,Round
ps_python_string_indexing,ArithmeticOperation,Power
ps_python_string_indexing,ArithmeticOperation,FindMinimum
ps_python_string_indexing,ArithmeticOperation,Substraction
ps_python_string_indexing,ArithmeticOperation,Division
ps_python_string_indexing,ArithmeticOperation,Multiplication
ps_python_string_indexing,HandlingInteger,TransformingToIntType
ps_python_string_indexing,HandlingTuple,CreatingTuple
ps_python_dict_keys,HandlingTuple,SlicingTuple
ps_python_dict_keys,HandlingTuple,IndexingTuple
ps_python_dict_keys,HandlingFloat,TransformingToFloatType
ps_python_dict_keys,HandlingDictionary,ReplacingDictionaryElement
ps_python_dict_keys,HandlingDictionary,IndexingDictionary
ps_python_dict_keys,HandlingDictionary,AddingItemToDictionary
ps_python_dict_keys,HandlingDictionary,AccessingDictionary
ps_python_dict_keys,HandlingDictionary,CreatingDictionary
ps_python_dict_keys,HandlingList,DeletingListElement
ps_python_dict_keys,HandlingList,IndexingList
ps_python_dict_keys,HandlingList,CreatingList
ps_python_dict_keys,HandlingList,SlicingList
ps_python_dict_keys,HandlingList,ReplacingListElement
ps_python_dict_keys,HandlingList,ListReferencing
ps_python_dict_keys,HandlingList,ReversingList
ps_python_dict_keys,AddingListElement,AddingListElementWithInsert
ps_python_dict_keys,AddingListElement,AddingListElementWithAppend
ps_python_dict_keys,HandlingFile,ClosingFile
ps_python_dict_keys,HandlingFile,ReadingLine
ps_python_dict_keys,HandlingFile,OpeningFile
ps_python_dict_keys,HandlingString,CreatingString
ps_python_dict_keys,HandlingString,ReplacingStringContent
ps_python_dict_keys,HandlingString,FormattingString
ps_python_dict_keys,HandlingString,TransformingToStringType
ps_python_dict_keys,HandlingString,SplittingString
ps_python_dict_keys,HandlingString,TrimmingString
ps_python_dict_keys,HandlingString,IndexingString
ps_python_dict_keys,HandlingString,SlicingString
ps_python_dict_keys,ModifyingStringCase,ConvertStringToUpperCase
ps_python_dict_keys,ModifyingStringCase,ConvertStringToLowerCase
ps_python_dict_keys,ModifyingStringCase,CapitalizeString
ps_python_dict_keys,HandlingError,HandlingSpecificError
ps_python_dict_keys,HandlingError,HandlingGeneralError
ps_python_dict_values,WhileLoopWithUpdate,WhileLoopWithListIndexing
ps_python_dict_values,WhileLoopWithUpdate,WhileLoopWith*=
ps_python_dict_values,WhileLoopWithUpdate,WhileLoopWith+=
ps_python_dict_values,ForLoopWithUpdate,ForLoopWith*=
ps_python_dict_values,HandlingList,SlicingList
ps_python_list_to_dict,Python,Concatenation
ps_python_list_to_dict,Python,Importing
ps_python_list_to_dict,Python,FindingLength
ps_python_list_to_dict,Python,Printing
ps_python_list_to_dict,Python,CheckingForItem
ps_python_list_to_dict,Python,HandlingInput
ps_python_list_to_dict,CheckingCondition,IfElseChecking
ps_python_list_to_dict,CheckingCondition,AssertChecking
ps_python_list_to_dict,CheckingCondition,IfElifElseChecking
ps_python_list_to_dict,CheckingCondition,NestedIfChecking
ps_python_list_to_dict,CheckingCondition,IfChecking
ps_python_list_to_dict,CheckingCondition,IfElifChecking
ps_python_list_to_dict,CheckingCondition,BooleanEvaluating
ps_python_list_to_dict,CheckingInForLoop,IfElseCheckingInForLoop
ps_python_list_to_dict,CheckingInForLoop,IfElifCheckingInForLoop
ps_python_list_to_dict,CheckingInForLoop,IfCheckingInForLoop
ps_python_list_to_dict,CheckingInForLoop,IfElifElseCheckingInForLoop
ps_python_list_to_dict,CheckingInWhileLoop,IfElifElseCheckingInWhileLoop
ps_python_list_to_dict,CheckingInWhileLoop,IfCheckingInWhileLoop
ps_python_list_to_dict,CheckingInWhileLoop,IfElseCheckingInWhileLoop
ps_python_list_to_dict,CheckingInWhileLoop,IfElifCheckingInWhileLoop
ps_python_list_to_dict,ManagingVariable,SwappingVariablesValue
ps_python_list_to_dict,HandlingTuple,SlicingTuple
ps_python_list_to_dict,HandlingTuple,IndexingTuple
ps_python_dict_filter,Python,Concatenation
ps_python_dict_filter,Python,Importing
ps_python_dict_filter,Python,FindingLength
ps_python_dict_filter,Python,Printing
ps_python_dict_filter,Python,CheckingForItem
ps_python_dict_filter,Python,HandlingInput
ps_python_dict_filter,CheckingCondition,IfElseChecking
ps_python_dict_filter,CheckingCondition,AssertChecking
ps_python_dict_filter,CheckingCondition,IfElifElseChecking
ps_python_dict_filter,CheckingCondition,NestedIfChecking
ps_python_dict_filter,CheckingCondition,IfChecking
ps_python_dict_filter,CheckingCondition,IfElifChecking
ps_python_dict_filter,CheckingCondition,BooleanEvaluating
ps_python_dict_filter,CheckingInForLoop,IfElseCheckingInForLoop
ps_python_dict_filter,CheckingInForLoop,IfElifCheckingInForLoop
ps_python_dict_filter,CheckingInForLoop,IfCheckingInForLoop
ps_python_dict_filter,CheckingInForLoop,IfElifElseCheckingInForLoop
ps_python_dict_filter,CheckingInWhileLoop,IfElifElseCheckingInWhileLoop
ps_python_dict_filter,CheckingInWhileLoop,IfCheckingInWhileLoop
ps_python_dict_filter,CheckingInWhileLoop,IfElseCheckingInWhileLoop
ps_python_dict_filter,CheckingInWhileLoop,IfElifCheckingInWhileLoop
ps_python_dict_filter,ManagingVariable,SwappingVariablesValue
ps_python_bigger_than,Python,Concatenation
ps_python_bigger_than,Python,Importing
ps_python_bigger_than,Python,FindingLength
ps_python_bigger_than,Python,Printing
ps_python_bigger_than,Python,CheckingForItem
ps_python_bigger_than,Python,HandlingInput
ps_python_bigger_than,CheckingCondition,IfElseChecking
ps_python_bigger_than,CheckingCondition,AssertChecking
ps_python_bigger_than,CheckingCondition,IfElifElseChecking
ps_python_bigger_than,CheckingCondition,NestedIfChecking
ps_python_bigger_than,CheckingCondition,IfChecking
ps_python_bigger_than,CheckingCondition,IfElifChecking
ps_python_bigger_than,CheckingCondition,BooleanEvaluating
ps_python_bigger_than,CheckingInForLoop,IfElseCheckingInForLoop
ps_python_bigger_than,CheckingInForLoop,IfElifCheckingInForLoop
ps_python_bigger_than,CheckingInForLoop,IfCheckingInForLoop
ps_python_bigger_than,CheckingInForLoop,IfElifElseCheckingInForLoop
ps_python_bigger_than,CheckingInWhileLoop,IfElifElseCheckingInWhileLoop
ps_python_bigger_than,CheckingInWhileLoop,IfCheckingInWhileLoop
ps_python_bigger_than,CheckingInWhileLoop,IfElseCheckingInWhileLoop
ps_python_bigger_than,CheckingInWhileLoop,IfElifCheckingInWhileLoop
ps_python_bigger_than,ManagingVariable,SwappingVariablesValue
ps_python_bigger_than,WhileLoopWithUpdate,WhileLoopWith*=
ps_python_bigger_than,WhileLoopWithUpdate,WhileLoopWith+=
ps_python_bigger_than,ForLoopWithUpdate,ForLoopWith+=
ps_python_bigger_than,ForLoopWithUpdate,ForLoopWith*=
ps_python_conditionals_temperature,ManagingVariable,AssigningVariable
ps_python_conditionals_temperature,ManagingVariable,UpdatingVariable
ps_python_conditionals_temperature,HandlingAdvancedDataStructure,BinaryTreeTask
ps_python_conditionals_temperature,HandlingAdvancedDataStructure,LinkedListTask
ps_python_conditionals_temperature,HandlingAdvancedDataStructure,QueueTask
ps_python_conditionals_temperature,HandlingAdvancedDataStructure,StackTask
ps_python_conditionals_temperature,TwoDimensionalArrayTask,ReplacingElement2DArray
ps_python_conditionals_temperature,TwoDimensionalArrayTask,Indexing2DArray
ps_python_conditionals_temperature,TwoDimensionalArrayTask,Create2DArray
ps_python_conditionals_temperature,HandlingObjectOrientedProgramming,CallingOOPMethod
ps_python_conditionals_temperature,HandlingObjectOrientedProgramming,CreatingObject
ps_python_conditionals_temperature,HandlingObjectOrientedProgramming,DefiningClass
ps_python_conditionals_temperature,HandlingObjectOrientedProgramming,DefiningOOPMethod
ps_python_conditionals_temperature,HandlingFunction,CallingFunctionLibrary
ps_python_conditionals_temperature,HandlingFunction,NestedFunctionCall
ps_python_conditionals_temperature,HandlingFunctionCallingFunction,CallingFunctionCallingFunction
ps_python_conditionals_temperature,HandlingFunctionCallingFunction,DefiningFunctionCallingFunction
ps_python_conditionals_temperature,HandlingRecursiveFunction,CallingRecursiveFunction
ps_python_conditionals_temperature,HandlingRecursiveFunction,DefiningRecursiveFunction
ps_python_conditionals_temperature,HandlingNestedFunction,CallingNestedFunction
ps_python_conditionals_temperature,HandlingNestedFunction,DefiningNestedFunction
ps_python_conditionals_temperature,HandlingStandardFunction,CallingStandardFunction
ps_python_conditionals_temperature,HandlingStandardFunction,DefiningStandardFunction
ps_python_conditionals_temperature,NonNestedIteration,SingleForLoopIteration
ps_python_printing_file_contents,ForLoopWithUpdate,ForLoopWith+=
ps_python_printing_file_contents,ForLoopWithUpdate,ForLoopWith*=
ps_python_printing_file_contents,ForLoopWithUpdate,ForLoopWithListIndexing
ps_python_try_except,Python,Concatenation
ps_python_try_except,Python,Importing
ps_python_try_except,Python,FindingLength
ps_python_try_except,Python,Printing
ps_python_try_except,Python,CheckingForItem
ps_python_try_except,Python,HandlingInput
ps_python_try_except,CheckingCondition,IfElseChecking
ps_python_try_except,CheckingCondition,AssertChecking
ps_python_try_except,CheckingCondition,IfElifElseChecking
ps_python_try_except,CheckingCondition,NestedIfChecking
ps_python_try_except,CheckingCondition,IfChecking
ps_python_try_except,CheckingCondition,IfElifChecking
ps_python_try_except,CheckingCondition,BooleanEvaluating
ps_python_try_except,CheckingInForLoop,IfElseCheckingInForLoop
ps_python_try_except,CheckingInForLoop,IfElifCheckingInForLoop
ps_python_try_except,CheckingInForLoop,IfCheckingInForLoop
ps_python_try_except,CheckingInForLoop,IfElifElseCheckingInForLoop
ps_python_try_except,CheckingInWhileLoop,IfElifElseCheckingInWhileLoop
ps_python_try_except,CheckingInWhileLoop,IfCheckingInWhileLoop
ps_python_try_except,CheckingInWhileLoop,IfElseCheckingInWhileLoop
ps_python_try_except,CheckingInWhileLoop,IfElifCheckingInWhileLoop
ps_python_try_except,ManagingVariable,SwappingVariablesValue
ps_python_try_except,ManagingVariable,AssigningVariable
ps_python_try_except,ManagingVariable,UpdatingVariable
ps_python_try_except,HandlingAdvancedDataStructure,BinaryTreeTask
ps_python_try_except,HandlingAdvancedDataStructure,LinkedListTask
ps_python_try_except,HandlingAdvancedDataStructure,QueueTask
ps_python_try_except,HandlingAdvancedDataStructure,StackTask
ps_python_try_except,TwoDimensionalArrayTask,ReplacingElement2DArray
ps_python_try_except,TwoDimensionalArrayTask,Indexing2DArray
ps_python_try_except,TwoDimensionalArrayTask,Create2DArray
ps_python_try_except,HandlingObjectOrientedProgramming,CallingOOPMethod
ps_python_try_except,HandlingObjectOrientedProgramming,CreatingObject
ps_python_try_except,HandlingObjectOrientedProgramming,DefiningClass
ps_python_try_except,HandlingObjectOrientedProgramming,DefiningOOPMethod
ps_python_try_except,HandlingFunction,CallingFunctionLibrary
ps_python_try_except,HandlingFunction,NestedFunctionCall
ps_python_try_except,HandlingFunctionCallingFunction,CallingFunctionCallingFunction
ps_python_try_except,HandlingFunctionCallingFunction,DefiningFunctionCallingFunction
ps_python_try_except,HandlingRecursiveFunction,CallingRecursiveFunction
ps_python_try_except,HandlingRecursiveFunction,DefiningRecursiveFunction
ps_python_try_except,HandlingNestedFunction,CallingNestedFunction
ps_python_try_except,HandlingNestedFunction,DefiningNestedFunction
ps_python_try_except,HandlingStandardFunction,CallingStandardFunction
ps_python_try_except,HandlingStandardFunction,DefiningStandardFunction
ps_python_try_except,NonNestedIteration,SingleForLoopIteration
ps_python_comparisons,ArithmeticOperation,FindAbsolute
ps_python_comparisons,HandlingString,TrimmingString
ps_python_comparisons,HandlingString,IndexingString
ps_python_comparisons,HandlingString,SlicingString
ps_python_comparisons,ModifyingStringCase,ConvertStringToUpperCase
ps_python_comparisons,ModifyingStringCase,ConvertStringToLowerCase
ps_python_comparisons,ModifyingStringCase,CapitalizeString
ps_python_comparisons,HandlingError,HandlingSpecificError
ps_python_comparisons,HandlingError,HandlingGeneralError
ps_python_add_to_list,HandlingAdvancedDataStructure,BinaryTreeTask
ps_python_add_to_list,HandlingAdvancedDataStructure,LinkedListTask
ps_python_add_to_list,HandlingAdvancedDataStructure,QueueTask
ps_python_add_to_list,HandlingAdvancedDataStructure,StackTask
ps_python_add_to_list,TwoDimensionalArrayTask,ReplacingElement2DArray
ps_python_add_to_list,TwoDimensionalArrayTask,Indexing2DArray
ps_python_add_to_list,TwoDimensionalArrayTask,Create2DArray
ps_python_add_to_list,HandlingObjectOrientedProgramming,CallingOOPMethod
ps_python_add_to_list,HandlingObjectOrientedProgramming,CreatingObject
ps_python_add_to_list,HandlingObjectOrientedProgramming,DefiningClass
ps_python_add_to_list,HandlingObjectOrientedProgramming,DefiningOOPMethod
ps_python_add_to_list,HandlingFunction,NestedFunctionCall
ps_python_add_to_list,HandlingFunctionCallingFunction,CallingFunctionCallingFunction
ps_python_add_to_list,HandlingFunctionCallingFunction,DefiningFunctionCallingFunction
ps_python_add_to_list,HandlingRecursiveFunction,CallingRecursiveFunction
ps_python_add_to_list,HandlingRecursiveFunction,DefiningRecursiveFunction
ps_python_add_to_list,HandlingNestedFunction,CallingNestedFunction
ps_python_add_to_list,HandlingNestedFunction,DefiningNestedFunction
ps_python_add_to_list,HandlingStandardFunction,CallingStandardFunction
ps_python_add_to_list,HandlingStandardFunction,DefiningStandardFunction
ps_python_add_to_list,WhileLoopWithUpdate,WhileLoopWithListIndexing
ps_python_add_to_list,WhileLoopWithUpdate,WhileLoopWith*=
ps_python_add_to_list,WhileLoopWithUpdate,WhileLoopWith+=
ps_python_add_to_list,ForLoopWithUpdate,ForLoopWith*=
ps_python_xor,Python,Concatenation
ps_python_xor,Python,Importing
ps_python_xor,Python,FindingLength
ps_python_xor,Python,Printing
ps_python_xor,Python,CheckingForItem
ps_python_xor,Python,HandlingInput
ps_python_xor,CheckingCondition,IfElseChecking
ps_python_xor,CheckingCondition,AssertChecking
ps_python_xor,CheckingCondition,IfElifElseChecking
ps_python_xor,CheckingCondition,NestedIfChecking
ps_python_xor,CheckingCondition,IfChecking
ps_python_xor,CheckingCondition,IfElifChecking
ps_python_xor,CheckingCondition,BooleanEvaluating
ps_python_xor,CheckingInForLoop,IfElseCheckingInForLoop
ps_python_xor,CheckingInForLoop,IfElifCheckingInForLoop
ps_python_xor,CheckingInForLoop,IfCheckingInForLoop
ps_python_xor,CheckingInForLoop,IfElifElseCheckingInForLoop
ps_python_xor,CheckingInWhileLoop,IfElifElseCheckingInWhileLoop
ps_python_xor,CheckingInWhileLoop,IfCheckingInWhileLoop
ps_python_xor,CheckingInWhileLoop,IfElseCheckingInWhileLoop
ps_python_xor,CheckingInWhileLoop,IfElifCheckingInWhileLoop
ps_python_xor,ManagingVariable,SwappingVariablesValue
ps_python_xor,HandlingTuple,SlicingTuple
ps_python_xor,HandlingTuple,IndexingTuple
ps_python_xor,HandlingFloat,TransformingToFloatType
ps_python_xor,HandlingDictionary,ReplacingDictionaryElement
ps_python_xor,HandlingDictionary,IndexingDictionary
ps_python_xor,HandlingDictionary,AddingItemToDictionary
ps_python_xor,HandlingDictionary,AccessingDictionary
ps_python_xor,HandlingDictionary,CreatingDictionary
ps_python_xor,HandlingList,DeletingListElement
ps_python_xor,HandlingList,IndexingList
ps_python_xor,HandlingList,CreatingList
ps_python_xor,HandlingList,SlicingList
ps_python_xor,HandlingList,ReplacingListElement
ps_python_xor,HandlingList,ListReferencing
ps_python_xor,HandlingList,ReversingList
ps_python_xor,AddingListElement,AddingListElementWithInsert
ps_python_xor,AddingListElement,AddingListElementWithAppend
ps_python_xor,HandlingFile,ClosingFile
ps_python_xor,HandlingFile,ReadingLine
ps_python_xor,HandlingFile,OpeningFile
ps_python_xor,HandlingString,CreatingString
ps_python_xor,HandlingString,ReplacingStringContent
ps_python_xor,HandlingString,FormattingString
ps_python_xor,HandlingString,TransformingToStringType
ps_python_xor,HandlingString,SplittingString
ps_python_for_odd_or_even,Python,CheckingForItem
ps_python_for_odd_or_even,CheckingInForLoop,IfCheckingInForLoop
ps_python_for_odd_or_even,CheckingInWhileLoop,IfElifElseCheckingInWhileLoop
ps_python_for_odd_or_even,CheckingInWhileLoop,IfCheckingInWhileLoop
ps_python_for_odd_or_even,CheckingInWhileLoop,IfElseCheckingInWhileLoop
ps_python_for_odd_or_even,CheckingInWhileLoop,IfElifCheckingInWhileLoop
ps_python_for_odd_or_even,NonNestedIteration,SingleWhileLoopIteration
ps_python_for_odd_or_even,ArithmeticOperation,FindAbsolute
ps_python_for_odd_or_even,HandlingTuple,CreatingTuple
ps_python_string_join,Python,Concatenation
ps_python_string_join,Python,Importing
ps_python_string_join,Python,FindingLength
ps_python_string_join,Python,Printing
ps_python_string_join,Python,CheckingForItem
ps_python_string_join,Python,HandlingInput
ps_python_string_join,CheckingCondition,IfElseChecking
ps_python_string_join,CheckingCondition,AssertChecking
ps_python_string_join,CheckingCondition,IfElifElseChecking
ps_python_string_join,CheckingCondition,NestedIfChecking
ps_python_string_join,CheckingCondition,IfChecking
ps_python_string_join,CheckingCondition,IfElifChecking
ps_python_string_join,CheckingCondition,BooleanEvaluating
ps_python_string_join,CheckingInForLoop,IfElseCheckingInForLoop
ps_python_string_join,CheckingInForLoop,IfElifCheckingInForLoop
ps_python_string_join,CheckingInForLoop,IfCheckingInForLoop
ps_python_string_join,CheckingInForLoop,IfElifElseCheckingInForLoop
ps_python_string_join,CheckingInWhileLoop,IfElifElseCheckingInWhileLoop
ps_python_string_join,CheckingInWhileLoop,IfCheckingInWhileLoop
ps_python_string_join,CheckingInWhileLoop,IfElseCheckingInWhileLoop
ps_python_string_join,CheckingInWhileLoop,IfElifCheckingInWhileLoop
ps_python_string_join,ManagingVariable,SwappingVariablesValue
ps_python_string_join,HandlingList,ReversingList
ps_python_string_join,HandlingString,TrimmingString
ps_python_string_join,HandlingString,IndexingString
ps_python_string_join,HandlingString,SlicingString
ps_python_string_join,ModifyingStringCase,ConvertStringToUpperCase
ps_python_string_join,ModifyingStringCase,ConvertStringToLowerCase
ps_python_string_join,ModifyingStringCase,CapitalizeString
ps_python_string_join,HandlingError,HandlingSpecificError
ps_python_string_join,HandlingError,HandlingGeneralError
ps_python_try_adding,Python,Concatenation
ps_python_try_adding,Python,Importing
ps_python_try_adding,Python,FindingLength
ps_python_try_adding,Python,Printing
ps_python_try_adding,Python,CheckingForItem
ps_python_try_adding,Python,HandlingInput
ps_python_try_adding,CheckingCondition,IfElseChecking
ps_python_try_adding,CheckingCondition,AssertChecking
ps_python_try_adding,CheckingCondition,IfElifElseChecking
ps_python_try_adding,CheckingCondition,NestedIfChecking
ps_python_try_adding,CheckingCondition,IfChecking
ps_python_try_adding,CheckingCondition,IfElifChecking
ps_python_try_adding,CheckingCondition,BooleanEvaluating
ps_python_try_adding,CheckingInForLoop,IfElseCheckingInForLoop
ps_python_try_adding,CheckingInForLoop,IfElifCheckingInForLoop
ps_python_try_adding,CheckingInForLoop,IfCheckingInForLoop
ps_python_try_adding,CheckingInForLoop,IfElifElseCheckingInForLoop
ps_python_try_adding,CheckingInWhileLoop,IfElifElseCheckingInWhileLoop
ps_python_try_adding,CheckingInWhileLoop,IfCheckingInWhileLoop
ps_python_try_adding,CheckingInWhileLoop,IfElseCheckingInWhileLoop
ps_python_try_adding,CheckingInWhileLoop,IfElifCheckingInWhileLoop
ps_python_try_adding,ManagingVariable,SwappingVariablesValue
ps_python_try_adding,HandlingObjectOrientedProgramming,DefiningOOPMethod
ps_python_try_adding,HandlingFunctionCallingFunction,DefiningFunctionCallingFunction
ps_python_try_adding,HandlingStandardFunction,CallingStandardFunction
ps_python_try_adding,HandlingStandardFunction,DefiningStandardFunction
ps_python_class_point,Python,Concatenation
ps_python_class_point,Python,Importing
ps_python_class_point,Python,FindingLength
ps_python_class_point,Python,Printing
ps_python_class_point,Python,CheckingForItem
ps_python_class_point,Python,HandlingInput
ps_python_class_point,CheckingCondition,IfElseChecking
ps_python_class_point,CheckingCondition,AssertChecking
ps_python_class_point,CheckingCondition,IfElifElseChecking
ps_python_class_point,CheckingCondition,NestedIfChecking
ps_python_class_point,CheckingCondition,IfChecking
ps_python_class_point,CheckingCondition,IfElifChecking
ps_python_class_point,CheckingCondition,BooleanEvaluating
ps_python_class_point,CheckingInForLoop,IfElseCheckingInForLoop
ps_python_class_point,CheckingInForLoop,IfElifCheckingInForLoop
ps_python_class_point,CheckingInForLoop,IfCheckingInForLoop
ps_python_class_point,CheckingInForLoop,IfElifElseCheckingInForLoop
ps_python_class_point,CheckingInWhileLoop,IfElifElseCheckingInWhileLoop
ps_python_class_point,CheckingInWhileLoop,IfCheckingInWhileLoop
ps_python_class_point,CheckingInWhileLoop,IfElseCheckingInWhileLoop
ps_python_class_point,CheckingInWhileLoop,IfElifCheckingInWhileLoop
ps_python_class_point,ManagingVariable,SwappingVariablesValue
ps_python_class_point,HandlingAdvancedDataStructure,BinaryTreeTask
ps_python_class_point,HandlingAdvancedDataStructure,LinkedListTask
ps_python_class_point,HandlingAdvancedDataStructure,QueueTask
ps_python_class_point,HandlingAdvancedDataStructure,StackTask
ps_python_class_point,TwoDimensionalArrayTask,ReplacingElement2DArray
ps_python_class_point,TwoDimensionalArrayTask,Indexing2DArray
ps_python_class_point,TwoDimensionalArrayTask,Create2DArray
ps_python_class_point,HandlingObjectOrientedProgramming,CallingOOPMethod
ps_python_class_point,HandlingFunctionCallingFunction,DefiningFunctionCallingFunction
ps_python_2d_list,HandlingAdvancedDataStructure,BinaryTreeTask
ps_python_2d_list,HandlingAdvancedDataStructure,LinkedListTask
ps_python_2d_list,HandlingAdvancedDataStructure,QueueTask
ps_python_2d_list,HandlingAdvancedDataStructure,StackTask
ps_python_2d_list,NestedLoopIteration,MixedNestedLoopIteration
ps_python_2d_list,NestedLoopIteration,NestedWhileLoopIteration
ps_python_2d_list,HandlingTuple,SlicingTuple
ps_python_2d_list,HandlingTuple,IndexingTuple
ps_python_2d_list,HandlingFloat,TransformingToFloatType
ps_python_2d_list,HandlingDictionary,ReplacingDictionaryElement
ps_python_2d_list,HandlingDictionary,IndexingDictionary
ps_python_2d_list,HandlingDictionary,AddingItemToDictionary
ps_python_2d_list,HandlingDictionary,AccessingDictionary
ps_python_2d_list,HandlingDictionary,CreatingDictionary
ps_python_2d_list,HandlingList,DeletingListElement
ps_python_2d_list,HandlingList,IndexingList
ps_python_2d_list,HandlingList,CreatingList
ps_python_2d_list,HandlingList,SlicingList
ps_python_2d_list,HandlingList,ReplacingListElement
ps_python_2d_list,HandlingList,ListReferencing
ps_python_2d_list,HandlingList,ReversingList
ps_python_2d_list,AddingListElement,AddingListElementWithInsert
ps_python_2d_list,AddingListElement,AddingListElementWithAppend
ps_python_2d_list,HandlingFile,ClosingFile
ps_python_2d_list,HandlingFile,ReadingLine
ps_python_2d_list,HandlingFile,OpeningFile
ps_python_2d_list,HandlingString,CreatingString
ps_python_2d_list,HandlingString,ReplacingStringContent
ps_python_2d_list,HandlingString,FormattingString
ps_python_2d_list,HandlingString,TransformingToStringType
ps_python_2d_list,HandlingString,SplittingString
ps_python_nested_loops,WhileLoopWithUpdate,WhileLoopWith*=
ps_python_nested_loops,NestedLoopIteration,NestedForLoopIteration
ps_python_nested_loops,ArithmeticOperation,FindAbsolute
ps_python_nested_loops,ArithmeticOperation,FindRemainder
ps_python_nested_loops,ArithmeticOperation,Round
ps_python_nested_loops,ArithmeticOperation,Power
ps_python_nested_loops,ArithmeticOperation,FindMinimum
ps_python_nested_loops,ArithmeticOperation,Division
ps_python_nested_loops,ArithmeticOperation,Multiplication
