exercise_name,parent,leaf_class
py_fail_course,HandlingObjectOrientedProgramming,DefiningOOPMethod
py_fail_course,HandlingTuple,SlicingTuple
py_fail_course,HandlingTuple,IndexingTuple
py_fail_course,HandlingFloat,TransformingToFloatType
py_fail_course,HandlingDictionary,ReplacingDictionaryElement
py_fail_course,HandlingDictionary,IndexingDictionary
py_fail_course,HandlingDictionary,AddingItemToDictionary
py_fail_course,HandlingDictionary,AccessingDictionary
py_fail_course,HandlingDictionary,CreatingDictionary
py_fail_course,HandlingList,DeletingListElement
py_fail_course,HandlingList,IndexingList
py_fail_course,HandlingList,CreatingList
py_fail_course,HandlingList,SlicingList
py_fail_course,HandlingList,ReplacingListElement
py_fail_course,HandlingList,ListReferencing
py_fail_course,HandlingList,ReversingList
py_fail_course,AddingListElement,AddingListElementWithInsert
py_fail_course,AddingListElement,AddingListElementWithAppend
py_fail_course,HandlingFile,ClosingFile
py_fail_course,HandlingFile,ReadingLine
py_fail_course,HandlingFile,OpeningFile
py_fail_course,HandlingString,CreatingString
py_fail_course,HandlingString,ReplacingStringContent
py_fail_course,HandlingString,FormattingString
py_fail_course,HandlingString,TransformingToStringType
py_fail_course,HandlingString,SplittingString
py_fail_course3,ArithmeticOperation,FindAbsolute
py_fail_course3,HandlingTuple,SlicingTuple
py_fail_course3,HandlingTuple,IndexingTuple
py_fail_course3,HandlingFloat,TransformingToFloatType
py_fail_course3,HandlingDictionary,ReplacingDictionaryElement
py_fail_course3,HandlingDictionary,IndexingDictionary
py_fail_course3,HandlingDictionary,AddingItemToDictionary
py_fail_course3,HandlingDictionary,AccessingDictionary
py_fail_course3,HandlingDictionary,CreatingDictionary
py_fail_course3,HandlingList,DeletingListElement
py_fail_course3,HandlingList,IndexingList
py_fail_course3,HandlingList,CreatingList
py_fail_course3,HandlingList,SlicingList
py_fail_course3,HandlingList,ReplacingListElement
py_fail_course3,HandlingList,ListReferencing
py_fail_course3,HandlingList,ReversingList
py_fail_course3,AddingListElement,AddingListElementWithInsert
py_fail_course3,AddingListElement,AddingListElementWithAppend
py_fail_course3,HandlingFile,ClosingFile
py_fail_course3,HandlingFile,ReadingLine
py_fail_course3,HandlingFile,OpeningFile
py_fail_course3,HandlingString,CreatingString
py_fail_course3,HandlingString,ReplacingStringContent
py_fail_course3,HandlingString,FormattingString
py_fail_course3,HandlingString,TransformingToStringType
py_fail_course3,HandlingString,SplittingString
py_phone_age,NonNestedIteration,SingleWhileLoopIteration
py_phone_age,WhileLoopWithUpdate,WhileLoopWithListIndexing
py_phone_age,WhileLoopWithUpdate,WhileLoopWith*=
py_phone_age,WhileLoopWithUpdate,WhileLoopWith+=
py_phone_age,ForLoopWithUpdate,ForLoopWith+=
py_phone_age,ForLoopWithUpdate,ForLoopWith*=
py_phone_age,ForLoopWithUpdate,ForLoopWithListIndexing
py_phone_age,NestedLoopIteration,MixedNestedLoopIteration
py_phone_age,NestedLoopIteration,NestedForLoopIteration
py_phone_age,NestedLoopIteration,NestedWhileLoopIteration
py_phone_age,ArithmeticOperation,FindAbsolute
py_phone_age,ArithmeticOperation,FindRemainder
py_phone_age,ArithmeticOperation,FindMaximum
py_phone_age,ArithmeticOperation,Addition
py_phone_age,ArithmeticOperation,Round
py_phone_age,ArithmeticOperation,Power
py_phone_age,ArithmeticOperation,FindMinimum
py_phone_age,ArithmeticOperation,Substraction
py_phone_age,ArithmeticOperation,Division
py_phone_age,ArithmeticOperation,Multiplication
py_phone_age,HandlingInteger,TransformingToIntType
py_phone_age,HandlingTuple,CreatingTuple
py_phone_age,HandlingString,TrimmingString
py_phone_age,HandlingString,IndexingString
py_phone_age,HandlingString,SlicingString
py_phone_age,ModifyingStringCase,ConvertStringToUpperCase
py_phone_age,ModifyingStringCase,ConvertStringToLowerCase
py_phone_age,ModifyingStringCase,CapitalizeString
py_phone_age,HandlingError,HandlingSpecificError
py_phone_age,HandlingError,HandlingGeneralError
py_phone_age2,HandlingAdvancedDataStructure,BinaryTreeTask
py_phone_age2,HandlingAdvancedDataStructure,LinkedListTask
py_phone_age2,HandlingAdvancedDataStructure,QueueTask
py_phone_age2,HandlingAdvancedDataStructure,StackTask
py_phone_age2,TwoDimensionalArrayTask,ReplacingElement2DArray
py_phone_age2,TwoDimensionalArrayTask,Indexing2DArray
py_phone_age2,TwoDimensionalArrayTask,Create2DArray
py_phone_age2,HandlingObjectOrientedProgramming,CallingOOPMethod
py_phone_age2,HandlingObjectOrientedProgramming,CreatingObject
py_phone_age2,HandlingObjectOrientedProgramming,DefiningClass
py_phone_age2,HandlingObjectOrientedProgramming,DefiningOOPMethod
py_phone_age2,NonNestedIteration,SingleWhileLoopIteration
py_phone_age2,WhileLoopWithUpdate,WhileLoopWithListIndexing
py_phone_age2,WhileLoopWithUpdate,WhileLoopWith*=
py_phone_age2,WhileLoopWithUpdate,WhileLoopWith+=
py_phone_age2,ForLoopWithUpdate,ForLoopWith+=
py_phone_age2,ForLoopWithUpdate,ForLoopWith*=
py_phone_age2,ForLoopWithUpdate,ForLoopWithListIndexing
py_phone_age2,NestedLoopIteration,MixedNestedLoopIteration
py_phone_age2,NestedLoopIteration,NestedForLoopIteration
py_phone_age2,NestedLoopIteration,NestedWhileLoopIteration
py_phone_age2,ArithmeticOperation,FindAbsolute
py_phone_age2,ArithmeticOperation,FindRemainder
py_phone_age2,ArithmeticOperation,FindMaximum
py_phone_age2,ArithmeticOperation,Addition
py_phone_age2,ArithmeticOperation,Round
py_phone_age2,ArithmeticOperation,Power
py_phone_age2,ArithmeticOperation,FindMinimum
py_phone_age2,ArithmeticOperation,Substraction
py_phone_age2,ArithmeticOperation,Division
py_phone_age2,ArithmeticOperation,Multiplication
py_phone_age2,HandlingInteger,TransformingToIntType
py_phone_age2,HandlingTuple,CreatingTuple
py_phone_age2,HandlingTuple,SlicingTuple
py_phone_age2,HandlingTuple,IndexingTuple
py_phone_age2,HandlingFloat,TransformingToFloatType
py_phone_age2,HandlingDictionary,ReplacingDictionaryElement
py_phone_age2,HandlingDictionary,IndexingDictionary
py_phone_age2,HandlingDictionary,AddingItemToDictionary
py_phone_age2,HandlingDictionary,AccessingDictionary
py_phone_age2,HandlingDictionary,CreatingDictionary
py_phone_age2,HandlingList,DeletingListElement
py_phone_age2,HandlingList,IndexingList
py_phone_age2,HandlingList,CreatingList
py_phone_age2,HandlingList,SlicingList
py_phone_age2,HandlingList,ReplacingListElement
py_phone_age2,HandlingList,ListReferencing
py_phone_age2,HandlingList,ReversingList
py_phone_age2,AddingListElement,AddingListElementWithInsert
py_phone_age2,AddingListElement,AddingListElementWithAppend
py_phone_age2,HandlingFile,ClosingFile
py_phone_age2,HandlingFile,ReadingLine
py_phone_age2,HandlingFile,OpeningFile
py_phone_age2,HandlingString,CreatingString
py_phone_age2,HandlingString,ReplacingStringContent
py_phone_age2,HandlingString,FormattingString
py_phone_age2,HandlingString,TransformingToStringType
py_phone_age2,HandlingString,SplittingString
py_rent_car,ManagingVariable,AssigningVariable
py_rent_car,ManagingVariable,UpdatingVariable
py_rent_car,HandlingAdvancedDataStructure,BinaryTreeTask
py_rent_car,HandlingAdvancedDataStructure,LinkedListTask
py_rent_car,HandlingAdvancedDataStructure,QueueTask
py_rent_car,HandlingAdvancedDataStructure,StackTask
py_rent_car,TwoDimensionalArrayTask,ReplacingElement2DArray
py_rent_car,TwoDimensionalArrayTask,Indexing2DArray
py_rent_car,TwoDimensionalArrayTask,Create2DArray
py_rent_car,HandlingObjectOrientedProgramming,CallingOOPMethod
py_rent_car,HandlingObjectOrientedProgramming,CreatingObject
py_rent_car,HandlingObjectOrientedProgramming,DefiningClass
py_rent_car,HandlingObjectOrientedProgramming,DefiningOOPMethod
py_rent_car,HandlingFunction,CallingFunctionLibrary
py_rent_car,HandlingFunction,NestedFunctionCall
py_rent_car,HandlingFunctionCallingFunction,CallingFunctionCallingFunction
py_rent_car,HandlingFunctionCallingFunction,DefiningFunctionCallingFunction
py_rent_car,HandlingRecursiveFunction,CallingRecursiveFunction
py_rent_car,HandlingRecursiveFunction,DefiningRecursiveFunction
py_rent_car,HandlingNestedFunction,CallingNestedFunction
py_rent_car,HandlingNestedFunction,DefiningNestedFunction
py_rent_car,HandlingStandardFunction,CallingStandardFunction
py_rent_car,HandlingStandardFunction,DefiningStandardFunction
py_rent_car,NonNestedIteration,SingleForLoopIteration
py_rent_car,HandlingTuple,SlicingTuple
py_rent_car,HandlingTuple,IndexingTuple
py_rent_car,HandlingFloat,TransformingToFloatType
py_rent_car,HandlingDictionary,ReplacingDictionaryElement
py_rent_car,HandlingDictionary,IndexingDictionary
py_rent_car,HandlingDictionary,AddingItemToDictionary
py_rent_car,HandlingDictionary,AccessingDictionary
py_rent_car,HandlingDictionary,CreatingDictionary
py_rent_car,HandlingList,DeletingListElement
py_rent_car,HandlingList,IndexingList
py_rent_car,HandlingList,CreatingList
py_rent_car,HandlingList,SlicingList
py_rent_car,HandlingList,ReplacingListElement
py_rent_car,HandlingList,ListReferencing
py_rent_car,HandlingList,ReversingList
py_rent_car,AddingListElement,AddingListElementWithInsert
py_rent_car,AddingListElement,AddingListElementWithAppend
py_rent_car,HandlingFile,ClosingFile
py_rent_car,HandlingFile,ReadingLine
py_rent_car,HandlingFile,OpeningFile
py_rent_car,HandlingString,CreatingString
py_rent_car,HandlingString,ReplacingStringContent
py_rent_car,HandlingString,FormattingString
py_rent_car,HandlingString,TransformingToStringType
py_rent_car,HandlingString,SplittingString
py_rent_car2,HandlingAdvancedDataStructure,BinaryTreeTask
py_rent_car2,HandlingAdvancedDataStructure,LinkedListTask
py_rent_car2,HandlingAdvancedDataStructure,QueueTask
py_rent_car2,HandlingAdvancedDataStructure,StackTask
py_rent_car2,TwoDimensionalArrayTask,ReplacingElement2DArray
py_rent_car2,TwoDimensionalArrayTask,Indexing2DArray
py_rent_car2,TwoDimensionalArrayTask,Create2DArray
py_rent_car2,HandlingObjectOrientedProgramming,CallingOOPMethod
py_rent_car2,HandlingObjectOrientedProgramming,CreatingObject
py_rent_car2,HandlingObjectOrientedProgramming,DefiningClass
py_rent_car2,HandlingObjectOrientedProgramming,DefiningOOPMethod
py_rent_car2,HandlingString,TrimmingString
py_rent_car2,HandlingString,IndexingString
py_rent_car2,HandlingString,SlicingString
py_rent_car2,ModifyingStringCase,ConvertStringToUpperCase
py_rent_car2,ModifyingStringCase,ConvertStringToLowerCase
py_rent_car2,ModifyingStringCase,CapitalizeString
py_rent_car2,HandlingError,HandlingSpecificError
py_rent_car2,HandlingError,HandlingGeneralError
py_rent_car3,HandlingAdvancedDataStructure,BinaryTreeTask
py_rent_car3,HandlingAdvancedDataStructure,LinkedListTask
py_rent_car3,HandlingAdvancedDataStructure,QueueTask
py_rent_car3,HandlingAdvancedDataStructure,StackTask
py_rent_car3,TwoDimensionalArrayTask,ReplacingElement2DArray
py_rent_car3,TwoDimensionalArrayTask,Indexing2DArray
py_rent_car3,TwoDimensionalArrayTask,Create2DArray
py_rent_car3,HandlingObjectOrientedProgramming,CallingOOPMethod
py_rent_car3,HandlingObjectOrientedProgramming,CreatingObject
py_rent_car3,HandlingObjectOrientedProgramming,DefiningClass
py_rent_car3,HandlingObjectOrientedProgramming,DefiningOOPMethod
py_rent_car3,NonNestedIteration,SingleWhileLoopIteration
py_rent_car3,WhileLoopWithUpdate,WhileLoopWithListIndexing
py_rent_car3,WhileLoopWithUpdate,WhileLoopWith*=
py_rent_car3,WhileLoopWithUpdate,WhileLoopWith+=
py_rent_car3,ForLoopWithUpdate,ForLoopWith+=
py_rent_car3,ForLoopWithUpdate,ForLoopWith*=
py_rent_car3,ForLoopWithUpdate,ForLoopWithListIndexing
py_rent_car3,NestedLoopIteration,MixedNestedLoopIteration
py_rent_car3,NestedLoopIteration,NestedForLoopIteration
py_rent_car3,NestedLoopIteration,NestedWhileLoopIteration
py_rent_car3,ArithmeticOperation,FindAbsolute
py_rent_car3,ArithmeticOperation,FindRemainder
py_rent_car3,ArithmeticOperation,FindMaximum
py_rent_car3,ArithmeticOperation,Addition
py_rent_car3,ArithmeticOperation,Round
py_rent_car3,ArithmeticOperation,Power
py_rent_car3,ArithmeticOperation,FindMinimum
py_rent_car3,ArithmeticOperation,Substraction
py_rent_car3,ArithmeticOperation,Division
py_rent_car3,ArithmeticOperation,Multiplication
py_rent_car3,HandlingInteger,TransformingToIntType
py_rent_car3,HandlingTuple,CreatingTuple
py_check_age,NonNestedIteration,SingleWhileLoopIteration
py_check_age,WhileLoopWithUpdate,WhileLoopWithListIndexing
py_check_age,WhileLoopWithUpdate,WhileLoopWith*=
py_check_age,WhileLoopWithUpdate,WhileLoopWith+=
py_check_age,ForLoopWithUpdate,ForLoopWith+=
py_check_age,ForLoopWithUpdate,ForLoopWith*=
py_check_age,ForLoopWithUpdate,ForLoopWithListIndexing
py_check_age,NestedLoopIteration,MixedNestedLoopIteration
py_check_age,NestedLoopIteration,NestedForLoopIteration
py_check_age,NestedLoopIteration,NestedWhileLoopIteration
py_check_age,ArithmeticOperation,FindAbsolute
py_check_age,ArithmeticOperation,FindRemainder
py_check_age,ArithmeticOperation,FindMaximum
py_check_age,ArithmeticOperation,Addition
py_check_age,ArithmeticOperation,Round
py_check_age,ArithmeticOperation,Power
py_check_age,ArithmeticOperation,FindMinimum
py_check_age,ArithmeticOperation,Substraction
py_check_age,ArithmeticOperation,Division
py_check_age,ArithmeticOperation,Multiplication
py_check_age,HandlingInteger,TransformingToIntType
py_check_age,HandlingTuple,CreatingTuple
py_check_age,HandlingTuple,SlicingTuple
py_check_age,HandlingTuple,IndexingTuple
py_check_age,HandlingFloat,TransformingToFloatType
py_check_age,HandlingDictionary,ReplacingDictionaryElement
py_check_age,HandlingDictionary,IndexingDictionary
py_check_age,HandlingDictionary,AddingItemToDictionary
py_check_age,HandlingDictionary,AccessingDictionary
py_check_age,HandlingDictionary,CreatingDictionary
py_check_age,HandlingList,DeletingListElement
py_check_age,HandlingList,IndexingList
py_check_age,HandlingList,CreatingList
py_check_age,HandlingList,SlicingList
py_check_age,HandlingList,ReplacingListElement
py_check_age,HandlingList,ListReferencing
py_check_age,HandlingList,ReversingList
py_check_age,AddingListElement,AddingListElementWithInsert
py_check_age,AddingListElement,AddingListElementWithAppend
py_check_age,HandlingFile,ClosingFile
py_check_age,HandlingFile,ReadingLine
py_check_age,HandlingFile,OpeningFile
py_check_age,HandlingString,CreatingString
py_check_age,HandlingString,ReplacingStringContent
py_check_age,HandlingString,FormattingString
py_check_age,HandlingString,TransformingToStringType
py_check_age,HandlingString,SplittingString
py_check_age2,HandlingFunctionCallingFunction,DefiningFunctionCallingFunction
py_check_age2,WhileLoopWithUpdate,WhileLoopWith*=
py_check_age2,WhileLoopWithUpdate,WhileLoopWith+=
py_check_age2,ForLoopWithUpdate,ForLoopWith+=
py_check_age2,ForLoopWithUpdate,ForLoopWith*=
py_check_age2,ForLoopWithUpdate,ForLoopWithListIndexing
py_check_age2,ArithmeticOperation,FindAbsolute
py_check_age2,ArithmeticOperation,FindRemainder
py_check_age2,ArithmeticOperation,Round
py_check_age2,ArithmeticOperation,Power
py_check_age2,ArithmeticOperation,FindMinimum
py_check_age2,HandlingTuple,CreatingTuple
py_three_boolean,Python,Concatenation
py_three_boolean,Python,Importing
py_three_boolean,Python,FindingLength
py_three_boolean,Python,Printing
py_three_boolean,Python,CheckingForItem
py_three_boolean,Python,HandlingInput
py_three_boolean,CheckingCondition,IfElseChecking
py_three_boolean,CheckingCondition,AssertChecking
py_three_boolean,CheckingCondition,IfElifElseChecking
py_three_boolean,CheckingCondition,NestedIfChecking
py_three_boolean,CheckingCondition,IfChecking
py_three_boolean,CheckingCondition,IfElifChecking
py_three_boolean,CheckingCondition,BooleanEvaluating
py_three_boolean,CheckingInForLoop,IfElseCheckingInForLoop
py_three_boolean,CheckingInForLoop,IfElifCheckingInForLoop
py_three_boolean,CheckingInForLoop,IfCheckingInForLoop
py_three_boolean,CheckingInForLoop,IfElifElseCheckingInForLoop
py_three_boolean,CheckingInWhileLoop,IfElifElseCheckingInWhileLoop
py_three_boolean,CheckingInWhileLoop,IfCheckingInWhileLoop
py_three_boolean,CheckingInWhileLoop,IfElseCheckingInWhileLoop
py_three_boolean,CheckingInWhileLoop,IfElifCheckingInWhileLoop
py_three_boolean,ManagingVariable,SwappingVariablesValue
py_three_boolean,HandlingFunctionCallingFunction,CallingFunctionCallingFunction
py_three_boolean,HandlingFunctionCallingFunction,DefiningFunctionCallingFunction
py_three_boolean,NonNestedIteration,SingleWhileLoopIteration
py_three_boolean,WhileLoopWithUpdate,WhileLoopWithListIndexing
py_three_boolean,WhileLoopWithUpdate,WhileLoopWith*=
py_three_boolean,WhileLoopWithUpdate,WhileLoopWith+=
py_three_boolean,ForLoopWithUpdate,ForLoopWith+=
py_three_boolean,ForLoopWithUpdate,ForLoopWith*=
py_three_boolean,ForLoopWithUpdate,ForLoopWithListIndexing
py_three_boolean,NestedLoopIteration,MixedNestedLoopIteration
py_three_boolean,NestedLoopIteration,NestedForLoopIteration
py_three_boolean,NestedLoopIteration,NestedWhileLoopIteration
py_three_boolean,ArithmeticOperation,FindAbsolute
py_three_boolean,ArithmeticOperation,FindRemainder
py_three_boolean,ArithmeticOperation,FindMaximum
py_three_boolean,ArithmeticOperation,Addition
py_three_boolean,ArithmeticOperation,Round
py_three_boolean,ArithmeticOperation,Power
py_three_boolean,ArithmeticOperation,FindMinimum
py_three_boolean,ArithmeticOperation,Substraction
py_three_boolean,ArithmeticOperation,Division
py_three_boolean,ArithmeticOperation,Multiplication
py_three_boolean,HandlingInteger,TransformingToIntType
py_three_boolean,HandlingTuple,CreatingTuple
py_three_boolean2,Python,Concatenation
py_three_boolean2,Python,Importing
py_three_boolean2,Python,FindingLength
py_three_boolean2,Python,Printing
py_three_boolean2,Python,CheckingForItem
py_three_boolean2,Python,HandlingInput
py_three_boolean2,CheckingCondition,IfElseChecking
py_three_boolean2,CheckingCondition,AssertChecking
py_three_boolean2,CheckingCondition,IfElifElseChecking
py_three_boolean2,CheckingCondition,NestedIfChecking
py_three_boolean2,CheckingCondition,IfChecking
py_three_boolean2,CheckingCondition,IfElifChecking
py_three_boolean2,CheckingCondition,BooleanEvaluating
py_three_boolean2,CheckingInForLoop,IfElseCheckingInForLoop
py_three_boolean2,CheckingInForLoop,IfElifCheckingInForLoop
py_three_boolean2,CheckingInForLoop,IfCheckingInForLoop
py_three_boolean2,CheckingInForLoop,IfElifElseCheckingInForLoop
py_three_boolean2,CheckingInWhileLoop,IfElifElseCheckingInWhileLoop
py_three_boolean2,CheckingInWhileLoop,IfCheckingInWhileLoop
py_three_boolean2,CheckingInWhileLoop,IfElseCheckingInWhileLoop
py_three_boolean2,CheckingInWhileLoop,IfElifCheckingInWhileLoop
py_three_boolean2,ManagingVariable,SwappingVariablesValue
py_three_boolean2,HandlingAdvancedDataStructure,BinaryTreeTask
py_three_boolean2,HandlingAdvancedDataStructure,LinkedListTask
py_three_boolean2,HandlingAdvancedDataStructure,QueueTask
py_three_boolean2,HandlingAdvancedDataStructure,StackTask
py_three_boolean2,TwoDimensionalArrayTask,ReplacingElement2DArray
py_three_boolean2,TwoDimensionalArrayTask,Indexing2DArray
py_three_boolean2,TwoDimensionalArrayTask,Create2DArray
py_three_boolean2,HandlingObjectOrientedProgramming,CallingOOPMethod
py_three_boolean2,HandlingObjectOrientedProgramming,CreatingObject
py_three_boolean2,HandlingObjectOrientedProgramming,DefiningClass
py_three_boolean2,HandlingObjectOrientedProgramming,DefiningOOPMethod
py_three_boolean3,HandlingObjectOrientedProgramming,DefiningOOPMethod
py_three_boolean3,HandlingFunction,NestedFunctionCall
py_three_boolean3,HandlingTuple,CreatingTuple
py_three_boolean3,HandlingTuple,SlicingTuple
py_three_boolean3,HandlingTuple,IndexingTuple
py_three_boolean3,HandlingFloat,TransformingToFloatType
py_three_boolean3,HandlingDictionary,ReplacingDictionaryElement
py_three_boolean3,HandlingDictionary,IndexingDictionary
py_three_boolean3,HandlingDictionary,AddingItemToDictionary
py_three_boolean3,HandlingDictionary,AccessingDictionary
py_three_boolean3,HandlingDictionary,CreatingDictionary
py_three_boolean3,HandlingList,DeletingListElement
py_three_boolean3,HandlingList,IndexingList
py_three_boolean3,HandlingList,CreatingList
py_three_boolean3,HandlingList,SlicingList
py_three_boolean3,HandlingList,ReplacingListElement
py_three_boolean3,HandlingList,ListReferencing
py_three_boolean3,HandlingList,ReversingList
py_three_boolean3,AddingListElement,AddingListElementWithInsert
py_three_boolean3,AddingListElement,AddingListElementWithAppend
py_three_boolean3,HandlingFile,ClosingFile
py_three_boolean3,HandlingFile,ReadingLine
py_three_boolean3,HandlingFile,OpeningFile
py_three_boolean3,HandlingString,CreatingString
py_three_boolean3,HandlingString,ReplacingStringContent
py_three_boolean3,HandlingString,FormattingString
py_three_boolean3,HandlingString,TransformingToStringType
py_three_boolean3,HandlingString,SplittingString
py_boolean_dry_hot,Python,Concatenation
py_boolean_dry_hot,Python,Importing
py_boolean_dry_hot,Python,FindingLength
py_boolean_dry_hot,Python,Printing
py_boolean_dry_hot,Python,CheckingForItem
py_boolean_dry_hot,Python,HandlingInput
py_boolean_dry_hot,CheckingCondition,IfElseChecking
py_boolean_dry_hot,CheckingCondition,AssertChecking
py_boolean_dry_hot,CheckingCondition,IfElifElseChecking
py_boolean_dry_hot,CheckingCondition,NestedIfChecking
py_boolean_dry_hot,CheckingCondition,IfChecking
py_boolean_dry_hot,CheckingCondition,IfElifChecking
py_boolean_dry_hot,CheckingCondition,BooleanEvaluating
py_boolean_dry_hot,CheckingInForLoop,IfElseCheckingInForLoop
py_boolean_dry_hot,CheckingInForLoop,IfElifCheckingInForLoop
py_boolean_dry_hot,CheckingInForLoop,IfCheckingInForLoop
py_boolean_dry_hot,CheckingInForLoop,IfElifElseCheckingInForLoop
py_boolean_dry_hot,CheckingInWhileLoop,IfElifElseCheckingInWhileLoop
py_boolean_dry_hot,CheckingInWhileLoop,IfCheckingInWhileLoop
py_boolean_dry_hot,CheckingInWhileLoop,IfElseCheckingInWhileLoop
py_boolean_dry_hot,CheckingInWhileLoop,IfElifCheckingInWhileLoop
py_boolean_dry_hot,ManagingVariable,SwappingVariablesValue
py_boolean_dry_hot,ManagingVariable,AssigningVariable
py_boolean_dry_hot,ManagingVariable,UpdatingVariable
py_boolean_dry_hot,HandlingAdvancedDataStructure,BinaryTreeTask
py_boolean_dry_hot,HandlingAdvancedDataStructure,LinkedListTask
py_boolean_dry_hot,HandlingAdvancedDataStructure,QueueTask
py_boolean_dry_hot,HandlingAdvancedDataStructure,StackTask
py_boolean_dry_hot,TwoDimensionalArrayTask,ReplacingElement2DArray
py_boolean_dry_hot,TwoDimensionalArrayTask,Indexing2DArray
py_boolean_dry_hot,TwoDimensionalArrayTask,Create2DArray
py_boolean_dry_hot,HandlingObjectOrientedProgramming,CallingOOPMethod
py_boolean_dry_hot,HandlingObjectOrientedProgramming,CreatingObject
py_boolean_dry_hot,HandlingObjectOrientedProgramming,DefiningClass
py_boolean_dry_hot,HandlingObjectOrientedProgramming,DefiningOOPMethod
py_boolean_dry_hot,HandlingFunction,CallingFunctionLibrary
py_boolean_dry_hot,HandlingFunction,NestedFunctionCall
py_boolean_dry_hot,HandlingFunctionCallingFunction,CallingFunctionCallingFunction
py_boolean_dry_hot,HandlingFunctionCallingFunction,DefiningFunctionCallingFunction
py_boolean_dry_hot,HandlingRecursiveFunction,CallingRecursiveFunction
py_boolean_dry_hot,HandlingRecursiveFunction,DefiningRecursiveFunction
py_boolean_dry_hot,HandlingNestedFunction,CallingNestedFunction
py_boolean_dry_hot,HandlingNestedFunction,DefiningNestedFunction
py_boolean_dry_hot,HandlingStandardFunction,CallingStandardFunction
py_boolean_dry_hot,HandlingStandardFunction,DefiningStandardFunction
py_boolean_dry_hot,NonNestedIteration,SingleForLoopIteration
py_boolean_dry_hot2,Python,Concatenation
py_boolean_dry_hot2,Python,Importing
py_boolean_dry_hot2,Python,FindingLength
py_boolean_dry_hot2,Python,Printing
py_boolean_dry_hot2,Python,CheckingForItem
py_boolean_dry_hot2,Python,HandlingInput
py_boolean_dry_hot2,CheckingCondition,IfElseChecking
py_boolean_dry_hot2,CheckingCondition,AssertChecking
py_boolean_dry_hot2,CheckingCondition,IfElifElseChecking
py_boolean_dry_hot2,CheckingCondition,NestedIfChecking
py_boolean_dry_hot2,CheckingCondition,IfChecking
py_boolean_dry_hot2,CheckingCondition,IfElifChecking
py_boolean_dry_hot2,CheckingCondition,BooleanEvaluating
py_boolean_dry_hot2,CheckingInForLoop,IfElseCheckingInForLoop
py_boolean_dry_hot2,CheckingInForLoop,IfElifCheckingInForLoop
py_boolean_dry_hot2,CheckingInForLoop,IfCheckingInForLoop
py_boolean_dry_hot2,CheckingInForLoop,IfElifElseCheckingInForLoop
py_boolean_dry_hot2,CheckingInWhileLoop,IfElifElseCheckingInWhileLoop
py_boolean_dry_hot2,CheckingInWhileLoop,IfCheckingInWhileLoop
py_boolean_dry_hot2,CheckingInWhileLoop,IfElseCheckingInWhileLoop
py_boolean_dry_hot2,CheckingInWhileLoop,IfElifCheckingInWhileLoop
py_boolean_dry_hot2,ManagingVariable,SwappingVariablesValue
py_boolean_dry_hot2,HandlingObjectOrientedProgramming,DefiningOOPMethod
py_boolean_dry_hot2,HandlingFunction,NestedFunctionCall
py_boolean_dry_hot2,HandlingString,TrimmingString
py_boolean_dry_hot2,HandlingString,IndexingString
py_boolean_dry_hot2,HandlingString,SlicingString
py_boolean_dry_hot2,ModifyingStringCase,ConvertStringToUpperCase
py_boolean_dry_hot2,ModifyingStringCase,ConvertStringToLowerCase
py_boolean_dry_hot2,ModifyingStringCase,CapitalizeString
py_boolean_dry_hot2,HandlingError,HandlingSpecificError
py_boolean_dry_hot2,HandlingError,HandlingGeneralError
py_boolean_dry_hot3,ManagingVariable,AssigningVariable
py_boolean_dry_hot3,ManagingVariable,UpdatingVariable
py_boolean_dry_hot3,HandlingAdvancedDataStructure,BinaryTreeTask
py_boolean_dry_hot3,HandlingAdvancedDataStructure,LinkedListTask
py_boolean_dry_hot3,HandlingAdvancedDataStructure,QueueTask
py_boolean_dry_hot3,HandlingAdvancedDataStructure,StackTask
py_boolean_dry_hot3,TwoDimensionalArrayTask,ReplacingElement2DArray
py_boolean_dry_hot3,TwoDimensionalArrayTask,Indexing2DArray
py_boolean_dry_hot3,TwoDimensionalArrayTask,Create2DArray
py_boolean_dry_hot3,HandlingObjectOrientedProgramming,CallingOOPMethod
py_boolean_dry_hot3,HandlingObjectOrientedProgramming,CreatingObject
py_boolean_dry_hot3,HandlingObjectOrientedProgramming,DefiningClass
py_boolean_dry_hot3,HandlingObjectOrientedProgramming,DefiningOOPMethod
py_boolean_dry_hot3,HandlingFunction,CallingFunctionLibrary
py_boolean_dry_hot3,HandlingFunction,NestedFunctionCall
py_boolean_dry_hot3,HandlingFunctionCallingFunction,CallingFunctionCallingFunction
py_boolean_dry_hot3,HandlingFunctionCallingFunction,DefiningFunctionCallingFunction
py_boolean_dry_hot3,HandlingRecursiveFunction,CallingRecursiveFunction
py_boolean_dry_hot3,HandlingRecursiveFunction,DefiningRecursiveFunction
py_boolean_dry_hot3,HandlingNestedFunction,CallingNestedFunction
py_boolean_dry_hot3,HandlingNestedFunction,DefiningNestedFunction
py_boolean_dry_hot3,HandlingStandardFunction,CallingStandardFunction
py_boolean_dry_hot3,HandlingStandardFunction,DefiningStandardFunction
py_boolean_dry_hot3,NonNestedIteration,SingleForLoopIteration
py_boolean_dry_hot3,HandlingString,SplittingString
py_boolean_dry_hot3,HandlingString,TrimmingString
py_boolean_dry_hot3,HandlingString,IndexingString
py_boolean_dry_hot3,HandlingString,SlicingString
py_boolean_dry_hot3,ModifyingStringCase,ConvertStringToUpperCase
py_boolean_dry_hot3,ModifyingStringCase,ConvertStringToLowerCase
py_boolean_dry_hot3,ModifyingStringCase,CapitalizeString
py_boolean_dry_hot3,HandlingError,HandlingSpecificError
py_boolean_dry_hot3,HandlingError,HandlingGeneralError
py_boolean_dry_hot4,ManagingVariable,AssigningVariable
py_boolean_dry_hot4,ManagingVariable,UpdatingVariable
py_boolean_dry_hot4,HandlingAdvancedDataStructure,BinaryTreeTask
py_boolean_dry_hot4,HandlingAdvancedDataStructure,LinkedListTask
py_boolean_dry_hot4,HandlingAdvancedDataStructure,QueueTask
py_boolean_dry_hot4,HandlingAdvancedDataStructure,StackTask
py_boolean_dry_hot4,TwoDimensionalArrayTask,ReplacingElement2DArray
py_boolean_dry_hot4,TwoDimensionalArrayTask,Indexing2DArray
py_boolean_dry_hot4,TwoDimensionalArrayTask,Create2DArray
py_boolean_dry_hot4,HandlingObjectOrientedProgramming,CallingOOPMethod
py_boolean_dry_hot4,HandlingObjectOrientedProgramming,CreatingObject
py_boolean_dry_hot4,HandlingObjectOrientedProgramming,DefiningClass
py_boolean_dry_hot4,HandlingObjectOrientedProgramming,DefiningOOPMethod
py_boolean_dry_hot4,HandlingFunction,CallingFunctionLibrary
py_boolean_dry_hot4,HandlingFunction,NestedFunctionCall
py_boolean_dry_hot4,HandlingFunctionCallingFunction,CallingFunctionCallingFunction
py_boolean_dry_hot4,HandlingFunctionCallingFunction,DefiningFunctionCallingFunction
py_boolean_dry_hot4,HandlingRecursiveFunction,CallingRecursiveFunction
py_boolean_dry_hot4,HandlingRecursiveFunction,DefiningRecursiveFunction
py_boolean_dry_hot4,HandlingNestedFunction,CallingNestedFunction
py_boolean_dry_hot4,HandlingNestedFunction,DefiningNestedFunction
py_boolean_dry_hot4,HandlingStandardFunction,CallingStandardFunction
py_boolean_dry_hot4,HandlingStandardFunction,DefiningStandardFunction
py_boolean_dry_hot4,NonNestedIteration,SingleForLoopIteration
py_boolean_dry_hot4,HandlingTuple,SlicingTuple
py_boolean_dry_hot4,HandlingTuple,IndexingTuple
py_boolean_dry_hot4,HandlingFloat,TransformingToFloatType
py_boolean_dry_hot4,HandlingDictionary,ReplacingDictionaryElement
py_boolean_dry_hot4,HandlingDictionary,IndexingDictionary
py_boolean_dry_hot4,HandlingDictionary,AddingItemToDictionary
py_boolean_dry_hot4,HandlingDictionary,AccessingDictionary
py_boolean_dry_hot4,HandlingDictionary,CreatingDictionary
py_boolean_dry_hot4,HandlingList,DeletingListElement
py_boolean_dry_hot4,HandlingList,IndexingList
py_boolean_dry_hot4,HandlingList,CreatingList
py_boolean_dry_hot4,HandlingList,SlicingList
py_boolean_dry_hot4,HandlingList,ReplacingListElement
py_boolean_dry_hot4,HandlingList,ListReferencing
py_boolean_dry_hot4,HandlingList,ReversingList
py_boolean_dry_hot4,AddingListElement,AddingListElementWithInsert
py_boolean_dry_hot4,AddingListElement,AddingListElementWithAppend
py_boolean_dry_hot4,HandlingFile,ClosingFile
py_boolean_dry_hot4,HandlingFile,ReadingLine
py_boolean_dry_hot4,HandlingFile,OpeningFile
py_boolean_dry_hot4,HandlingString,CreatingString
py_boolean_dry_hot4,HandlingString,ReplacingStringContent
py_boolean_dry_hot4,HandlingString,FormattingString
py_boolean_dry_hot4,HandlingString,TransformingToStringType
py_boolean_dry_hot4,HandlingString,SplittingString
py_str_repeat_chars,HandlingAdvancedDataStructure,BinaryTreeTask
py_str_repeat_chars,HandlingAdvancedDataStructure,LinkedListTask
py_str_repeat_chars,HandlingAdvancedDataStructure,QueueTask
py_str_repeat_chars,HandlingAdvancedDataStructure,StackTask
py_str_repeat_chars,TwoDimensionalArrayTask,ReplacingElement2DArray
py_str_repeat_chars,TwoDimensionalArrayTask,Indexing2DArray
py_str_repeat_chars,TwoDimensionalArrayTask,Create2DArray
py_str_repeat_chars,HandlingFunctionCallingFunction,DefiningFunctionCallingFunction
py_str_repeat_chars,HandlingStandardFunction,CallingStandardFunction
py_str_repeat2,HandlingAdvancedDataStructure,BinaryTreeTask
py_str_repeat2,HandlingAdvancedDataStructure,LinkedListTask
py_str_repeat2,HandlingAdvancedDataStructure,QueueTask
py_str_repeat2,HandlingAdvancedDataStructure,StackTask
py_str_repeat2,TwoDimensionalArrayTask,ReplacingElement2DArray
py_str_repeat2,TwoDimensionalArrayTask,Indexing2DArray
py_str_repeat2,TwoDimensionalArrayTask,Create2DArray
py_str_repeat2,HandlingStandardFunction,CallingStandardFunction
py_str_repeat2,HandlingStandardFunction,DefiningStandardFunction
py_str_repeat2,NonNestedIteration,SingleWhileLoopIteration
py_str_repeat2,ArithmeticOperation,FindAbsolute
py_str_repeat2,ArithmeticOperation,FindRemainder
py_str_repeat2,ArithmeticOperation,FindMaximum
py_str_repeat2,ArithmeticOperation,Addition
py_str_repeat2,ArithmeticOperation,Round
py_str_repeat2,ArithmeticOperation,Power
py_str_repeat2,ArithmeticOperation,FindMinimum
py_str_repeat2,ArithmeticOperation,Substraction
py_str_repeat2,ArithmeticOperation,Division
py_str_repeat2,HandlingString,SplittingString
py_file_input_stat,HandlingAdvancedDataStructure,BinaryTreeTask
py_file_input_stat,HandlingAdvancedDataStructure,LinkedListTask
py_file_input_stat,HandlingAdvancedDataStructure,QueueTask
py_file_input_stat,HandlingAdvancedDataStructure,StackTask
py_file_input_stat,TwoDimensionalArrayTask,ReplacingElement2DArray
py_file_input_stat,TwoDimensionalArrayTask,Indexing2DArray
py_file_input_stat,TwoDimensionalArrayTask,Create2DArray
py_file_input_stat,HandlingObjectOrientedProgramming,CreatingObject
py_file_input_stat,HandlingObjectOrientedProgramming,DefiningClass
py_file_input_stat,HandlingObjectOrientedProgramming,DefiningOOPMethod
py_file_input_stat,HandlingFunctionCallingFunction,CallingFunctionCallingFunction
py_file_input_stat,HandlingFunctionCallingFunction,DefiningFunctionCallingFunction
py_file_input_stat,HandlingRecursiveFunction,CallingRecursiveFunction
py_file_input_stat,HandlingRecursiveFunction,DefiningRecursiveFunction
py_file_input_stat,HandlingNestedFunction,CallingNestedFunction
py_file_input_stat,HandlingNestedFunction,DefiningNestedFunction
py_file_input_stat,HandlingStandardFunction,CallingStandardFunction
py_file_input_stat,HandlingDictionary,IndexingDictionary
py_file_input_stat,HandlingList,SlicingList
py_input_stat2,Python,CheckingForItem
py_input_stat2,WhileLoopWithUpdate,WhileLoopWith*=
py_input_stat2,ForLoopWithUpdate,ForLoopWith+=
py_input_stat2,ForLoopWithUpdate,ForLoopWith*=
py_input_stat2,ForLoopWithUpdate,ForLoopWithListIndexing
py_input_stat2,NestedLoopIteration,MixedNestedLoopIteration
py_input_stat2,NestedLoopIteration,NestedWhileLoopIteration
py_input_stat2,ArithmeticOperation,FindAbsolute
py_input_stat2,ArithmeticOperation,FindRemainder
py_input_stat2,ArithmeticOperation,Round
py_input_stat2,ArithmeticOperation,Power
py_input_stat2,ArithmeticOperation,FindMinimum
py_input_stat2,ArithmeticOperation,Substraction
py_input_stat2,ArithmeticOperation,Division
py_input_stat2,ArithmeticOperation,Multiplication
py_student_score,HandlingObjectOrientedProgramming,DefiningOOPMethod
py_student_score,HandlingFunctionCallingFunction,DefiningFunctionCallingFunction
py_student_score,HandlingStandardFunction,CallingStandardFunction
py_student_score,HandlingStandardFunction,DefiningStandardFunction
py_student_score,HandlingTuple,SlicingTuple
py_student_score,HandlingTuple,IndexingTuple
py_student_score,HandlingFloat,TransformingToFloatType
py_student_score,HandlingDictionary,ReplacingDictionaryElement
py_student_score,HandlingDictionary,IndexingDictionary
py_student_score,HandlingDictionary,AddingItemToDictionary
py_student_score,HandlingDictionary,AccessingDictionary
py_student_score,HandlingDictionary,CreatingDictionary
py_student_score,HandlingList,DeletingListElement
py_student_score,HandlingList,IndexingList
py_student_score,HandlingList,CreatingList
py_student_score,HandlingList,SlicingList
py_student_score,HandlingList,ReplacingListElement
py_student_score,HandlingList,ListReferencing
py_student_score,HandlingList,ReversingList
py_student_score,AddingListElement,AddingListElementWithInsert
py_student_score,AddingListElement,AddingListElementWithAppend
py_student_score,HandlingFile,ClosingFile
py_student_score,HandlingFile,ReadingLine
py_student_score,HandlingFile,OpeningFile
py_student_score,HandlingString,CreatingString
py_student_score,HandlingString,ReplacingStringContent
py_student_score,HandlingString,FormattingString
py_student_score,HandlingString,TransformingToStringType
py_student_score,HandlingString,SplittingString
py_score_dict2,ForLoopWithUpdate,ForLoopWith*=
py_score_dict2,HandlingList,ReversingList
py_score_dict2,AddingListElement,AddingListElementWithAppend
py_score_dict2,HandlingString,TrimmingString
py_score_dict2,HandlingString,IndexingString
py_score_dict2,HandlingString,SlicingString
py_score_dict2,ModifyingStringCase,ConvertStringToUpperCase
py_score_dict2,ModifyingStringCase,ConvertStringToLowerCase
py_score_dict2,ModifyingStringCase,CapitalizeString
py_score_dict2,HandlingError,HandlingSpecificError
py_score_dict2,HandlingError,HandlingGeneralError
bjects_classes_loan,ArithmeticOperation,FindAbsolute
bjects_classes_loan,ArithmeticOperation,FindRemainder
bjects_classes_loan,ArithmeticOperation,FindMaximum
bjects_classes_loan,ArithmeticOperation,Round
bjects_classes_loan,ArithmeticOperation,FindMinimum
bjects_classes_loan,HandlingTuple,CreatingTuple
py_loan2,NonNestedIteration,SingleWhileLoopIteration
py_loan2,WhileLoopWithUpdate,WhileLoopWithListIndexing
py_loan2,WhileLoopWithUpdate,WhileLoopWith*=
py_loan2,WhileLoopWithUpdate,WhileLoopWith+=
py_loan2,ForLoopWithUpdate,ForLoopWith+=
py_loan2,ForLoopWithUpdate,ForLoopWith*=
py_loan2,ForLoopWithUpdate,ForLoopWithListIndexing
py_loan2,NestedLoopIteration,MixedNestedLoopIteration
py_loan2,NestedLoopIteration,NestedForLoopIteration
py_loan2,NestedLoopIteration,NestedWhileLoopIteration
py_loan2,ArithmeticOperation,FindAbsolute
py_loan2,ArithmeticOperation,FindRemainder
py_loan2,ArithmeticOperation,FindMaximum
py_loan2,ArithmeticOperation,Addition
py_loan2,ArithmeticOperation,Round
py_loan2,ArithmeticOperation,Power
py_loan2,ArithmeticOperation,FindMinimum
py_loan2,ArithmeticOperation,Substraction
py_loan2,ArithmeticOperation,Division
py_loan2,ArithmeticOperation,Multiplication
py_loan2,HandlingInteger,TransformingToIntType
py_loan2,HandlingTuple,CreatingTuple
py_loan2,HandlingString,TrimmingString
py_loan2,HandlingString,IndexingString
py_loan2,HandlingString,SlicingString
py_loan2,ModifyingStringCase,ConvertStringToUpperCase
py_loan2,ModifyingStringCase,ConvertStringToLowerCase
py_loan2,ModifyingStringCase,CapitalizeString
py_loan2,HandlingError,HandlingSpecificError
py_loan2,HandlingError,HandlingGeneralError
py_tv2,ManagingVariable,AssigningVariable
py_tv2,ManagingVariable,UpdatingVariable
py_tv2,HandlingAdvancedDataStructure,BinaryTreeTask
py_tv2,HandlingAdvancedDataStructure,LinkedListTask
py_tv2,HandlingAdvancedDataStructure,QueueTask
py_tv2,HandlingAdvancedDataStructure,StackTask
py_tv2,TwoDimensionalArrayTask,ReplacingElement2DArray
py_tv2,TwoDimensionalArrayTask,Indexing2DArray
py_tv2,TwoDimensionalArrayTask,Create2DArray
py_tv2,HandlingObjectOrientedProgramming,CallingOOPMethod
py_tv2,HandlingObjectOrientedProgramming,CreatingObject
py_tv2,HandlingObjectOrientedProgramming,DefiningClass
py_tv2,HandlingObjectOrientedProgramming,DefiningOOPMethod
py_tv2,HandlingFunction,CallingFunctionLibrary
py_tv2,HandlingFunction,NestedFunctionCall
py_tv2,HandlingFunctionCallingFunction,CallingFunctionCallingFunction
py_tv2,HandlingFunctionCallingFunction,DefiningFunctionCallingFunction
py_tv2,HandlingRecursiveFunction,CallingRecursiveFunction
py_tv2,HandlingRecursiveFunction,DefiningRecursiveFunction
py_tv2,HandlingNestedFunction,CallingNestedFunction
py_tv2,HandlingNestedFunction,DefiningNestedFunction
py_tv2,HandlingStandardFunction,CallingStandardFunction
py_tv2,HandlingStandardFunction,DefiningStandardFunction
py_tv2,NonNestedIteration,SingleForLoopIteration
py_tv2,HandlingString,TrimmingString
py_tv2,HandlingString,IndexingString
py_tv2,HandlingString,SlicingString
py_tv2,ModifyingStringCase,ConvertStringToUpperCase
py_tv2,ModifyingStringCase,ConvertStringToLowerCase
py_tv2,ModifyingStringCase,CapitalizeString
py_tv2,HandlingError,HandlingSpecificError
py_tv2,HandlingError,HandlingGeneralError
objects_classes_point,HandlingAdvancedDataStructure,BinaryTreeTask
objects_classes_point,HandlingAdvancedDataStructure,LinkedListTask
objects_classes_point,HandlingAdvancedDataStructure,QueueTask
objects_classes_point,HandlingAdvancedDataStructure,StackTask
objects_classes_point,TwoDimensionalArrayTask,ReplacingElement2DArray
objects_classes_point,TwoDimensionalArrayTask,Indexing2DArray
objects_classes_point,TwoDimensionalArrayTask,Create2DArray
objects_classes_point,HandlingFunctionCallingFunction,CallingFunctionCallingFunction
objects_classes_point,HandlingFunctionCallingFunction,DefiningFunctionCallingFunction
objects_classes_point,HandlingRecursiveFunction,CallingRecursiveFunction
objects_classes_point,HandlingRecursiveFunction,DefiningRecursiveFunction
objects_classes_point,HandlingNestedFunction,CallingNestedFunction
objects_classes_point,HandlingNestedFunction,DefiningNestedFunction
objects_classes_point,HandlingStandardFunction,DefiningStandardFunction
objects_classes_point,NonNestedIteration,SingleForLoopIteration
objects_classes_point,NonNestedIteration,SingleWhileLoopIteration
objects_classes_point,WhileLoopWithUpdate,WhileLoopWithListIndexing
objects_classes_point,WhileLoopWithUpdate,WhileLoopWith*=
objects_classes_point,WhileLoopWithUpdate,WhileLoopWith+=
objects_classes_point,ForLoopWithUpdate,ForLoopWith+=
objects_classes_point,ForLoopWithUpdate,ForLoopWith*=
objects_classes_point,ForLoopWithUpdate,ForLoopWithListIndexing
objects_classes_point,NestedLoopIteration,MixedNestedLoopIteration
objects_classes_point,NestedLoopIteration,NestedForLoopIteration
objects_classes_point,NestedLoopIteration,NestedWhileLoopIteration
objects_classes_point,ArithmeticOperation,FindAbsolute
objects_classes_point,ArithmeticOperation,FindRemainder
objects_classes_point,ArithmeticOperation,FindMaximum
objects_classes_point,ArithmeticOperation,Addition
objects_classes_point,ArithmeticOperation,Round
objects_classes_point,ArithmeticOperation,Power
objects_classes_point,ArithmeticOperation,FindMinimum
objects_classes_point,ArithmeticOperation,Substraction
objects_classes_point,ArithmeticOperation,Division
objects_classes_point,ArithmeticOperation,Multiplication
objects_classes_point,HandlingInteger,TransformingToIntType
objects_classes_point,HandlingTuple,CreatingTuple
objects_classes_point,HandlingString,TrimmingString
objects_classes_point,HandlingString,IndexingString
objects_classes_point,HandlingString,SlicingString
objects_classes_point,ModifyingStringCase,ConvertStringToUpperCase
objects_classes_point,ModifyingStringCase,ConvertStringToLowerCase
objects_classes_point,ModifyingStringCase,CapitalizeString
objects_classes_point,HandlingError,HandlingSpecificError
objects_classes_point,HandlingError,HandlingGeneralError
py_point2,HandlingAdvancedDataStructure,BinaryTreeTask
py_point2,HandlingAdvancedDataStructure,LinkedListTask
py_point2,HandlingAdvancedDataStructure,QueueTask
py_point2,HandlingAdvancedDataStructure,StackTask
py_point2,TwoDimensionalArrayTask,ReplacingElement2DArray
py_point2,TwoDimensionalArrayTask,Indexing2DArray
py_point2,TwoDimensionalArrayTask,Create2DArray
py_point2,HandlingObjectOrientedProgramming,CallingOOPMethod
py_point2,HandlingFunctionCallingFunction,CallingFunctionCallingFunction
py_point2,HandlingFunctionCallingFunction,DefiningFunctionCallingFunction
py_point2,HandlingRecursiveFunction,CallingRecursiveFunction
py_point2,HandlingRecursiveFunction,DefiningRecursiveFunction
py_point2,HandlingNestedFunction,CallingNestedFunction
py_point2,HandlingNestedFunction,DefiningNestedFunction
py_point2,NonNestedIteration,SingleForLoopIteration
objects_classes_account,HandlingString,TrimmingString
objects_classes_account,HandlingString,IndexingString
objects_classes_account,HandlingString,SlicingString
objects_classes_account,ModifyingStringCase,ConvertStringToUpperCase
objects_classes_account,ModifyingStringCase,ConvertStringToLowerCase
objects_classes_account,ModifyingStringCase,CapitalizeString
objects_classes_account,HandlingError,HandlingSpecificError
objects_classes_account,HandlingError,HandlingGeneralError
py_account2,Python,Concatenation
py_account2,Python,Importing
py_account2,Python,FindingLength
py_account2,Python,Printing
py_account2,Python,CheckingForItem
py_account2,Python,HandlingInput
py_account2,CheckingCondition,IfElseChecking
py_account2,CheckingCondition,AssertChecking
py_account2,CheckingCondition,IfElifElseChecking
py_account2,CheckingCondition,NestedIfChecking
py_account2,CheckingCondition,IfChecking
py_account2,CheckingCondition,IfElifChecking
py_account2,CheckingCondition,BooleanEvaluating
py_account2,CheckingInForLoop,IfElseCheckingInForLoop
py_account2,CheckingInForLoop,IfElifCheckingInForLoop
py_account2,CheckingInForLoop,IfCheckingInForLoop
py_account2,CheckingInForLoop,IfElifElseCheckingInForLoop
py_account2,CheckingInWhileLoop,IfElifElseCheckingInWhileLoop
py_account2,CheckingInWhileLoop,IfCheckingInWhileLoop
py_account2,CheckingInWhileLoop,IfElseCheckingInWhileLoop
py_account2,CheckingInWhileLoop,IfElifCheckingInWhileLoop
py_account2,ManagingVariable,SwappingVariablesValue
py_account2,ManagingVariable,AssigningVariable
py_account2,ManagingVariable,UpdatingVariable
py_account2,HandlingAdvancedDataStructure,BinaryTreeTask
py_account2,HandlingAdvancedDataStructure,LinkedListTask
py_account2,HandlingAdvancedDataStructure,QueueTask
py_account2,HandlingAdvancedDataStructure,StackTask
py_account2,TwoDimensionalArrayTask,ReplacingElement2DArray
py_account2,TwoDimensionalArrayTask,Indexing2DArray
py_account2,TwoDimensionalArrayTask,Create2DArray
py_account2,HandlingObjectOrientedProgramming,CallingOOPMethod
py_account2,HandlingObjectOrientedProgramming,CreatingObject
py_account2,HandlingObjectOrientedProgramming,DefiningClass
py_account2,HandlingObjectOrientedProgramming,DefiningOOPMethod
py_account2,HandlingFunction,CallingFunctionLibrary
py_account2,HandlingFunction,NestedFunctionCall
py_account2,HandlingFunctionCallingFunction,CallingFunctionCallingFunction
py_account2,HandlingFunctionCallingFunction,DefiningFunctionCallingFunction
py_account2,HandlingRecursiveFunction,CallingRecursiveFunction
py_account2,HandlingRecursiveFunction,DefiningRecursiveFunction
py_account2,HandlingNestedFunction,CallingNestedFunction
py_account2,HandlingNestedFunction,DefiningNestedFunction
py_account2,HandlingStandardFunction,CallingStandardFunction
py_account2,HandlingStandardFunction,DefiningStandardFunction
py_account2,NonNestedIteration,SingleForLoopIteration
py_account2,HandlingTuple,SlicingTuple
py_account2,HandlingTuple,IndexingTuple
py_account2,HandlingFloat,TransformingToFloatType
py_account2,HandlingDictionary,ReplacingDictionaryElement
py_account2,HandlingDictionary,IndexingDictionary
py_account2,HandlingDictionary,AddingItemToDictionary
py_account2,HandlingDictionary,AccessingDictionary
py_account2,HandlingDictionary,CreatingDictionary
py_account2,HandlingList,DeletingListElement
py_account2,HandlingList,IndexingList
py_account2,HandlingList,CreatingList
py_account2,HandlingList,SlicingList
py_account2,HandlingList,ReplacingListElement
py_account2,HandlingList,ListReferencing
py_account2,HandlingList,ReversingList
py_account2,AddingListElement,AddingListElementWithInsert
py_account2,AddingListElement,AddingListElementWithAppend
py_account2,HandlingFile,ClosingFile
py_account2,HandlingFile,ReadingLine
py_account2,HandlingFile,OpeningFile
py_account2,HandlingString,CreatingString
py_account2,HandlingString,ReplacingStringContent
py_account2,HandlingString,FormattingString
py_account2,HandlingString,TransformingToStringType
py_account2,HandlingString,SplittingString
py_char_dict,NonNestedIteration,SingleWhileLoopIteration
py_char_dict,ForLoopWithUpdate,ForLoopWith*=
py_char_dict,ArithmeticOperation,FindAbsolute
py_char_dict,HandlingList,SlicingList
py_first_char_words_dict,HandlingAdvancedDataStructure,BinaryTreeTask
py_first_char_words_dict,HandlingAdvancedDataStructure,LinkedListTask
py_first_char_words_dict,HandlingAdvancedDataStructure,QueueTask
py_first_char_words_dict,HandlingAdvancedDataStructure,StackTask
py_first_char_words_dict,TwoDimensionalArrayTask,ReplacingElement2DArray
py_first_char_words_dict,TwoDimensionalArrayTask,Indexing2DArray
py_first_char_words_dict,TwoDimensionalArrayTask,Create2DArray
py_first_char_words_dict,HandlingObjectOrientedProgramming,CallingOOPMethod
py_first_char_words_dict,HandlingObjectOrientedProgramming,CreatingObject
py_first_char_words_dict,HandlingObjectOrientedProgramming,DefiningClass
py_first_char_words_dict,HandlingObjectOrientedProgramming,DefiningOOPMethod
py_first_char_words_dict,HandlingFunctionCallingFunction,DefiningFunctionCallingFunction
py_first_char_words_dict,NonNestedIteration,SingleWhileLoopIteration
py_first_char_words_dict,WhileLoopWithUpdate,WhileLoopWithListIndexing
py_first_char_words_dict,WhileLoopWithUpdate,WhileLoopWith*=
py_first_char_words_dict,WhileLoopWithUpdate,WhileLoopWith+=
py_first_char_words_dict,ForLoopWithUpdate,ForLoopWith+=
py_first_char_words_dict,ForLoopWithUpdate,ForLoopWith*=
py_first_char_words_dict,ForLoopWithUpdate,ForLoopWithListIndexing
py_first_char_words_dict,NestedLoopIteration,MixedNestedLoopIteration
py_first_char_words_dict,NestedLoopIteration,NestedForLoopIteration
py_first_char_words_dict,NestedLoopIteration,NestedWhileLoopIteration
py_first_char_words_dict,ArithmeticOperation,FindAbsolute
py_first_char_words_dict,ArithmeticOperation,FindRemainder
py_first_char_words_dict,ArithmeticOperation,FindMaximum
py_first_char_words_dict,ArithmeticOperation,Addition
py_first_char_words_dict,ArithmeticOperation,Round
py_first_char_words_dict,ArithmeticOperation,Power
py_first_char_words_dict,ArithmeticOperation,FindMinimum
py_first_char_words_dict,ArithmeticOperation,Substraction
py_first_char_words_dict,ArithmeticOperation,Division
py_first_char_words_dict,ArithmeticOperation,Multiplication
py_first_char_words_dict,HandlingInteger,TransformingToIntType
py_first_char_words_dict,HandlingTuple,CreatingTuple
py_first_char_words_dict,HandlingFloat,TransformingToFloatType
py_first_char_words_dict,HandlingDictionary,ReplacingDictionaryElement
py_first_char_words_dict,HandlingList,DeletingListElement
py_first_char_words_dict,HandlingList,IndexingList
py_first_char_words_dict,HandlingList,SlicingList
py_first_char_words_dict,HandlingList,ReplacingListElement
py_first_char_words_dict,HandlingList,ListReferencing
py_first_char_words_dict,HandlingList,ReversingList
py_first_char_words_dict,AddingListElement,AddingListElementWithInsert
py_first_char_words_dict,AddingListElement,AddingListElementWithAppend
py_first_char_words_dict,HandlingFile,ClosingFile
py_first_char_words_dict,HandlingFile,ReadingLine
py_first_char_words_dict,HandlingFile,OpeningFile
py_first_char_words_dict,HandlingString,ReplacingStringContent
py_first_char_words_dict,HandlingString,FormattingString
ae_adl_hello,ManagingVariable,AssigningVariable
ae_adl_hello,ManagingVariable,UpdatingVariable
ae_adl_hello,HandlingAdvancedDataStructure,BinaryTreeTask
ae_adl_hello,HandlingAdvancedDataStructure,LinkedListTask
ae_adl_hello,HandlingAdvancedDataStructure,QueueTask
ae_adl_hello,HandlingAdvancedDataStructure,StackTask
ae_adl_hello,TwoDimensionalArrayTask,ReplacingElement2DArray
ae_adl_hello,TwoDimensionalArrayTask,Indexing2DArray
ae_adl_hello,TwoDimensionalArrayTask,Create2DArray
ae_adl_hello,HandlingObjectOrientedProgramming,CallingOOPMethod
ae_adl_hello,HandlingObjectOrientedProgramming,CreatingObject
ae_adl_hello,HandlingObjectOrientedProgramming,DefiningClass
ae_adl_hello,HandlingObjectOrientedProgramming,DefiningOOPMethod
ae_adl_hello,HandlingFunction,CallingFunctionLibrary
ae_adl_hello,HandlingFunction,NestedFunctionCall
ae_adl_hello,HandlingFunctionCallingFunction,CallingFunctionCallingFunction
ae_adl_hello,HandlingFunctionCallingFunction,DefiningFunctionCallingFunction
ae_adl_hello,HandlingRecursiveFunction,CallingRecursiveFunction
ae_adl_hello,HandlingRecursiveFunction,DefiningRecursiveFunction
ae_adl_hello,HandlingNestedFunction,CallingNestedFunction
ae_adl_hello,HandlingNestedFunction,DefiningNestedFunction
ae_adl_hello,HandlingStandardFunction,CallingStandardFunction
ae_adl_hello,HandlingStandardFunction,DefiningStandardFunction
ae_adl_hello,NonNestedIteration,SingleForLoopIteration
ae_adl_hello,NonNestedIteration,SingleWhileLoopIteration
ae_adl_hello,WhileLoopWithUpdate,WhileLoopWithListIndexing
ae_adl_hello,WhileLoopWithUpdate,WhileLoopWith*=
ae_adl_hello,WhileLoopWithUpdate,WhileLoopWith+=
ae_adl_hello,ForLoopWithUpdate,ForLoopWith+=
ae_adl_hello,ForLoopWithUpdate,ForLoopWith*=
ae_adl_hello,ForLoopWithUpdate,ForLoopWithListIndexing
ae_adl_hello,NestedLoopIteration,MixedNestedLoopIteration
ae_adl_hello,NestedLoopIteration,NestedForLoopIteration
ae_adl_hello,NestedLoopIteration,NestedWhileLoopIteration
ae_adl_hello,ArithmeticOperation,FindAbsolute
ae_adl_hello,ArithmeticOperation,FindRemainder
ae_adl_hello,ArithmeticOperation,FindMaximum
ae_adl_hello,ArithmeticOperation,Addition
ae_adl_hello,ArithmeticOperation,Round
ae_adl_hello,ArithmeticOperation,Power
ae_adl_hello,ArithmeticOperation,FindMinimum
ae_adl_hello,ArithmeticOperation,Substraction
ae_adl_hello,ArithmeticOperation,Division
ae_adl_hello,ArithmeticOperation,Multiplication
ae_adl_hello,HandlingInteger,TransformingToIntType
ae_adl_hello,HandlingTuple,CreatingTuple
ae_adl_variables,Python,Concatenation
ae_adl_variables,Python,Importing
ae_adl_variables,Python,FindingLength
ae_adl_variables,Python,Printing
ae_adl_variables,Python,CheckingForItem
ae_adl_variables,Python,HandlingInput
ae_adl_variables,CheckingCondition,IfElseChecking
ae_adl_variables,CheckingCondition,AssertChecking
ae_adl_variables,CheckingCondition,IfElifElseChecking
ae_adl_variables,CheckingCondition,NestedIfChecking
ae_adl_variables,CheckingCondition,IfChecking
ae_adl_variables,CheckingCondition,IfElifChecking
ae_adl_variables,CheckingCondition,BooleanEvaluating
ae_adl_variables,CheckingInForLoop,IfElseCheckingInForLoop
ae_adl_variables,CheckingInForLoop,IfElifCheckingInForLoop
ae_adl_variables,CheckingInForLoop,IfCheckingInForLoop
ae_adl_variables,CheckingInForLoop,IfElifElseCheckingInForLoop
ae_adl_variables,CheckingInWhileLoop,IfElifElseCheckingInWhileLoop
ae_adl_variables,CheckingInWhileLoop,IfCheckingInWhileLoop
ae_adl_variables,CheckingInWhileLoop,IfElseCheckingInWhileLoop
ae_adl_variables,CheckingInWhileLoop,IfElifCheckingInWhileLoop
ae_adl_variables,ManagingVariable,SwappingVariablesValue
ae_adl_variables,HandlingAdvancedDataStructure,BinaryTreeTask
ae_adl_variables,HandlingAdvancedDataStructure,LinkedListTask
ae_adl_variables,HandlingAdvancedDataStructure,QueueTask
ae_adl_variables,HandlingAdvancedDataStructure,StackTask
ae_adl_variables,TwoDimensionalArrayTask,ReplacingElement2DArray
ae_adl_variables,TwoDimensionalArrayTask,Indexing2DArray
ae_adl_variables,TwoDimensionalArrayTask,Create2DArray
ae_adl_variables,HandlingObjectOrientedProgramming,CallingOOPMethod
ae_adl_variables,HandlingObjectOrientedProgramming,CreatingObject
ae_adl_variables,HandlingObjectOrientedProgramming,DefiningClass
ae_adl_variables,HandlingObjectOrientedProgramming,DefiningOOPMethod
ae_adl_variables,NonNestedIteration,SingleWhileLoopIteration
ae_adl_variables,WhileLoopWithUpdate,WhileLoopWithListIndexing
ae_adl_variables,WhileLoopWithUpdate,WhileLoopWith*=
ae_adl_variables,WhileLoopWithUpdate,WhileLoopWith+=
ae_adl_variables,ForLoopWithUpdate,ForLoopWith+=
ae_adl_variables,ForLoopWithUpdate,ForLoopWith*=
ae_adl_variables,ForLoopWithUpdate,ForLoopWithListIndexing
ae_adl_variables,NestedLoopIteration,MixedNestedLoopIteration
ae_adl_variables,NestedLoopIteration,NestedForLoopIteration
ae_adl_variables,NestedLoopIteration,NestedWhileLoopIteration
ae_adl_variables,ArithmeticOperation,FindAbsolute
ae_adl_variables,ArithmeticOperation,FindRemainder
ae_adl_variables,ArithmeticOperation,FindMaximum
ae_adl_variables,ArithmeticOperation,Addition
ae_adl_variables,ArithmeticOperation,Round
ae_adl_variables,ArithmeticOperation,Power
ae_adl_variables,ArithmeticOperation,FindMinimum
ae_adl_variables,ArithmeticOperation,Substraction
ae_adl_variables,ArithmeticOperation,Division
ae_adl_variables,ArithmeticOperation,Multiplication
ae_adl_variables,HandlingInteger,TransformingToIntType
ae_adl_variables,HandlingTuple,CreatingTuple
ae_adl_arithmetics2,HandlingTuple,SlicingTuple
ae_adl_arithmetics2,HandlingTuple,IndexingTuple
ae_adl_arithmetics2,HandlingFloat,TransformingToFloatType
ae_adl_arithmetics2,HandlingDictionary,ReplacingDictionaryElement
ae_adl_arithmetics2,HandlingDictionary,IndexingDictionary
ae_adl_arithmetics2,HandlingDictionary,AddingItemToDictionary
ae_adl_arithmetics2,HandlingDictionary,AccessingDictionary
ae_adl_arithmetics2,HandlingDictionary,CreatingDictionary
ae_adl_arithmetics2,HandlingList,DeletingListElement
ae_adl_arithmetics2,HandlingList,IndexingList
ae_adl_arithmetics2,HandlingList,CreatingList
ae_adl_arithmetics2,HandlingList,SlicingList
ae_adl_arithmetics2,HandlingList,ReplacingListElement
ae_adl_arithmetics2,HandlingList,ListReferencing
ae_adl_arithmetics2,HandlingList,ReversingList
ae_adl_arithmetics2,AddingListElement,AddingListElementWithInsert
ae_adl_arithmetics2,AddingListElement,AddingListElementWithAppend
ae_adl_arithmetics2,HandlingFile,ClosingFile
ae_adl_arithmetics2,HandlingFile,ReadingLine
ae_adl_arithmetics2,HandlingFile,OpeningFile
ae_adl_arithmetics2,HandlingString,CreatingString
ae_adl_arithmetics2,HandlingString,ReplacingStringContent
ae_adl_arithmetics2,HandlingString,FormattingString
ae_adl_arithmetics2,HandlingString,TransformingToStringType
ae_adl_arithmetics2,HandlingString,SplittingString
ae_adl_comparison,HandlingList,ReversingList
ae_adl_comparison,HandlingString,TransformingToStringType
ae_adl_logic,HandlingObjectOrientedProgramming,CallingOOPMethod
ae_adl_logic,HandlingObjectOrientedProgramming,CreatingObject
ae_adl_logic,HandlingObjectOrientedProgramming,DefiningClass
ae_adl_logic,HandlingObjectOrientedProgramming,DefiningOOPMethod
ae_adl_logic,NonNestedIteration,SingleForLoopIteration
ae_adl_greet,Python,Importing
ae_adl_greet,Python,FindingLength
ae_adl_greet,Python,CheckingForItem
ae_adl_greet,CheckingCondition,IfElseChecking
ae_adl_greet,CheckingCondition,AssertChecking
ae_adl_greet,CheckingCondition,IfElifElseChecking
ae_adl_greet,CheckingCondition,NestedIfChecking
ae_adl_greet,CheckingCondition,IfChecking
ae_adl_greet,CheckingCondition,IfElifChecking
ae_adl_greet,CheckingCondition,BooleanEvaluating
ae_adl_greet,CheckingInForLoop,IfElseCheckingInForLoop
ae_adl_greet,CheckingInForLoop,IfElifCheckingInForLoop
ae_adl_greet,CheckingInForLoop,IfCheckingInForLoop
ae_adl_greet,CheckingInForLoop,IfElifElseCheckingInForLoop
ae_adl_greet,CheckingInWhileLoop,IfElifElseCheckingInWhileLoop
ae_adl_greet,CheckingInWhileLoop,IfCheckingInWhileLoop
ae_adl_greet,CheckingInWhileLoop,IfElseCheckingInWhileLoop
ae_adl_greet,CheckingInWhileLoop,IfElifCheckingInWhileLoop
ae_adl_greet,ManagingVariable,SwappingVariablesValue
ae_adl_greet,ManagingVariable,AssigningVariable
ae_adl_greet,ManagingVariable,UpdatingVariable
ae_adl_greet,HandlingAdvancedDataStructure,BinaryTreeTask
ae_adl_greet,HandlingAdvancedDataStructure,LinkedListTask
ae_adl_greet,HandlingAdvancedDataStructure,QueueTask
ae_adl_greet,HandlingAdvancedDataStructure,StackTask
ae_adl_greet,TwoDimensionalArrayTask,ReplacingElement2DArray
ae_adl_greet,TwoDimensionalArrayTask,Indexing2DArray
ae_adl_greet,TwoDimensionalArrayTask,Create2DArray
ae_adl_greet,HandlingObjectOrientedProgramming,CallingOOPMethod
ae_adl_greet,HandlingObjectOrientedProgramming,CreatingObject
ae_adl_greet,HandlingObjectOrientedProgramming,DefiningClass
ae_adl_greet,HandlingObjectOrientedProgramming,DefiningOOPMethod
ae_adl_greet,HandlingFunction,CallingFunctionLibrary
ae_adl_greet,HandlingFunction,NestedFunctionCall
ae_adl_greet,HandlingFunctionCallingFunction,CallingFunctionCallingFunction
ae_adl_greet,HandlingFunctionCallingFunction,DefiningFunctionCallingFunction
ae_adl_greet,HandlingRecursiveFunction,CallingRecursiveFunction
ae_adl_greet,HandlingRecursiveFunction,DefiningRecursiveFunction
ae_adl_greet,HandlingNestedFunction,CallingNestedFunction
ae_adl_greet,HandlingNestedFunction,DefiningNestedFunction
ae_adl_greet,HandlingStandardFunction,CallingStandardFunction
ae_adl_greet,HandlingStandardFunction,DefiningStandardFunction
ae_adl_greet,NonNestedIteration,SingleForLoopIteration
ae_adl_greet,HandlingTuple,SlicingTuple
ae_adl_greet,HandlingTuple,IndexingTuple
ae_adl_greet,HandlingFloat,TransformingToFloatType
ae_adl_greet,HandlingDictionary,ReplacingDictionaryElement
ae_adl_greet,HandlingDictionary,IndexingDictionary
ae_adl_greet,HandlingDictionary,AddingItemToDictionary
ae_adl_greet,HandlingDictionary,AccessingDictionary
ae_adl_greet,HandlingDictionary,CreatingDictionary
ae_adl_greet,HandlingList,DeletingListElement
ae_adl_greet,HandlingList,IndexingList
ae_adl_greet,HandlingList,CreatingList
ae_adl_greet,HandlingList,SlicingList
ae_adl_greet,HandlingList,ReplacingListElement
ae_adl_greet,HandlingList,ListReferencing
ae_adl_greet,HandlingList,ReversingList
ae_adl_greet,AddingListElement,AddingListElementWithInsert
ae_adl_greet,AddingListElement,AddingListElementWithAppend
ae_adl_greet,HandlingFile,ClosingFile
ae_adl_greet,HandlingFile,ReadingLine
ae_adl_greet,HandlingFile,OpeningFile
ae_adl_greet,HandlingString,CreatingString
ae_adl_greet,HandlingString,ReplacingStringContent
ae_adl_greet,HandlingString,FormattingString
ae_adl_greet,HandlingString,TransformingToStringType
ae_adl_greet,HandlingString,SplittingString
ae_adl_input1,HandlingDictionary,ReplacingDictionaryElement
ae_adl_input1,HandlingDictionary,IndexingDictionary
ae_adl_input1,HandlingDictionary,AddingItemToDictionary
ae_adl_input1,HandlingDictionary,CreatingDictionary
ae_adl_input1,HandlingList,DeletingListElement
ae_adl_input1,HandlingList,SlicingList
ae_adl_input1,HandlingList,ReplacingListElement
ae_adl_input1,HandlingList,ListReferencing
ae_adl_input1,HandlingList,ReversingList
ae_adl_input1,HandlingFile,ClosingFile
ae_adl_input1,HandlingFile,ReadingLine
ae_adl_input1,HandlingString,ReplacingStringContent
ae_adl_input1,HandlingString,TransformingToStringType
ae_adl_input2,HandlingString,TransformingToStringType
ae_adl_input2,HandlingString,TrimmingString
ae_adl_input2,HandlingString,IndexingString
ae_adl_input2,HandlingString,SlicingString
ae_adl_input2,ModifyingStringCase,ConvertStringToUpperCase
ae_adl_input2,ModifyingStringCase,ConvertStringToLowerCase
ae_adl_input2,ModifyingStringCase,CapitalizeString
ae_adl_input2,HandlingError,HandlingSpecificError
ae_adl_input2,HandlingError,HandlingGeneralError
ae_adl_hiscore1,HandlingList,SlicingList
ae_adl_hiscore1,HandlingString,TransformingToStringType
ae_adl_hiscore2,NonNestedIteration,SingleWhileLoopIteration
ae_adl_hiscore2,WhileLoopWithUpdate,WhileLoopWithListIndexing
ae_adl_hiscore2,WhileLoopWithUpdate,WhileLoopWith*=
ae_adl_hiscore2,WhileLoopWithUpdate,WhileLoopWith+=
ae_adl_hiscore2,ForLoopWithUpdate,ForLoopWith+=
ae_adl_hiscore2,ForLoopWithUpdate,ForLoopWith*=
ae_adl_hiscore2,ForLoopWithUpdate,ForLoopWithListIndexing
ae_adl_hiscore2,NestedLoopIteration,MixedNestedLoopIteration
ae_adl_hiscore2,NestedLoopIteration,NestedForLoopIteration
ae_adl_hiscore2,NestedLoopIteration,NestedWhileLoopIteration
ae_adl_hiscore2,ArithmeticOperation,FindAbsolute
ae_adl_hiscore2,ArithmeticOperation,FindRemainder
ae_adl_hiscore2,ArithmeticOperation,FindMaximum
ae_adl_hiscore2,ArithmeticOperation,Addition
ae_adl_hiscore2,ArithmeticOperation,Round
ae_adl_hiscore2,ArithmeticOperation,Power
ae_adl_hiscore2,ArithmeticOperation,FindMinimum
ae_adl_hiscore2,ArithmeticOperation,Substraction
ae_adl_hiscore2,ArithmeticOperation,Division
ae_adl_hiscore2,ArithmeticOperation,Multiplication
ae_adl_hiscore2,HandlingInteger,TransformingToIntType
ae_adl_hiscore2,HandlingTuple,CreatingTuple
ae_adl_hiscore2,HandlingTuple,SlicingTuple
ae_adl_hiscore2,HandlingTuple,IndexingTuple
ae_adl_hiscore2,HandlingFloat,TransformingToFloatType
ae_adl_hiscore2,HandlingDictionary,ReplacingDictionaryElement
ae_adl_hiscore2,HandlingDictionary,IndexingDictionary
ae_adl_hiscore2,HandlingDictionary,AddingItemToDictionary
ae_adl_hiscore2,HandlingDictionary,AccessingDictionary
ae_adl_hiscore2,HandlingDictionary,CreatingDictionary
ae_adl_hiscore2,HandlingList,DeletingListElement
ae_adl_hiscore2,HandlingList,IndexingList
ae_adl_hiscore2,HandlingList,CreatingList
ae_adl_hiscore2,HandlingList,SlicingList
ae_adl_hiscore2,HandlingList,ReplacingListElement
ae_adl_hiscore2,HandlingList,ListReferencing
ae_adl_hiscore2,HandlingList,ReversingList
ae_adl_hiscore2,AddingListElement,AddingListElementWithInsert
ae_adl_hiscore2,AddingListElement,AddingListElementWithAppend
ae_adl_hiscore2,HandlingFile,ClosingFile
ae_adl_hiscore2,HandlingFile,ReadingLine
ae_adl_hiscore2,HandlingFile,OpeningFile
ae_adl_hiscore2,HandlingString,CreatingString
ae_adl_hiscore2,HandlingString,ReplacingStringContent
ae_adl_hiscore2,HandlingString,FormattingString
ae_adl_hiscore2,HandlingString,TransformingToStringType
ae_adl_hiscore2,HandlingString,SplittingString
ae_adl_ifelse,NonNestedIteration,SingleWhileLoopIteration
ae_adl_ifelse,WhileLoopWithUpdate,WhileLoopWithListIndexing
ae_adl_ifelse,WhileLoopWithUpdate,WhileLoopWith*=
ae_adl_ifelse,WhileLoopWithUpdate,WhileLoopWith+=
ae_adl_ifelse,ForLoopWithUpdate,ForLoopWith+=
ae_adl_ifelse,ForLoopWithUpdate,ForLoopWith*=
ae_adl_ifelse,ForLoopWithUpdate,ForLoopWithListIndexing
ae_adl_ifelse,NestedLoopIteration,MixedNestedLoopIteration
ae_adl_ifelse,NestedLoopIteration,NestedForLoopIteration
ae_adl_ifelse,NestedLoopIteration,NestedWhileLoopIteration
ae_adl_ifelse,ArithmeticOperation,FindAbsolute
ae_adl_ifelse,ArithmeticOperation,Round
ae_adl_ifelse,ArithmeticOperation,Power
ae_adl_ifelse,ArithmeticOperation,FindMinimum
ae_adl_ifelse,HandlingTuple,CreatingTuple
ae_adl_ifelifelse,CheckingCondition,BooleanEvaluating
ae_adl_ifelifelse,HandlingAdvancedDataStructure,BinaryTreeTask
ae_adl_ifelifelse,HandlingAdvancedDataStructure,LinkedListTask
ae_adl_ifelifelse,HandlingAdvancedDataStructure,QueueTask
ae_adl_ifelifelse,HandlingAdvancedDataStructure,StackTask
ae_adl_ifelifelse,TwoDimensionalArrayTask,ReplacingElement2DArray
ae_adl_ifelifelse,TwoDimensionalArrayTask,Indexing2DArray
ae_adl_ifelifelse,TwoDimensionalArrayTask,Create2DArray
ae_adl_ifelifelse,HandlingObjectOrientedProgramming,CallingOOPMethod
ae_adl_ifelifelse,HandlingObjectOrientedProgramming,CreatingObject
ae_adl_ifelifelse,HandlingObjectOrientedProgramming,DefiningClass
ae_adl_ifelifelse,HandlingObjectOrientedProgramming,DefiningOOPMethod
ae_adl_nested_if,HandlingTuple,SlicingTuple
ae_adl_nested_if,HandlingTuple,IndexingTuple
ae_adl_nested_if,HandlingFloat,TransformingToFloatType
ae_adl_nested_if,HandlingDictionary,ReplacingDictionaryElement
ae_adl_nested_if,HandlingDictionary,IndexingDictionary
ae_adl_nested_if,HandlingDictionary,AddingItemToDictionary
ae_adl_nested_if,HandlingDictionary,AccessingDictionary
ae_adl_nested_if,HandlingDictionary,CreatingDictionary
ae_adl_nested_if,HandlingList,DeletingListElement
ae_adl_nested_if,HandlingList,IndexingList
ae_adl_nested_if,HandlingList,CreatingList
ae_adl_nested_if,HandlingList,SlicingList
ae_adl_nested_if,HandlingList,ReplacingListElement
ae_adl_nested_if,HandlingList,ListReferencing
ae_adl_nested_if,HandlingList,ReversingList
ae_adl_nested_if,AddingListElement,AddingListElementWithInsert
ae_adl_nested_if,AddingListElement,AddingListElementWithAppend
ae_adl_nested_if,HandlingFile,ClosingFile
ae_adl_nested_if,HandlingFile,ReadingLine
ae_adl_nested_if,HandlingFile,OpeningFile
ae_adl_nested_if,HandlingString,CreatingString
ae_adl_nested_if,HandlingString,ReplacingStringContent
ae_adl_nested_if,HandlingString,FormattingString
ae_adl_nested_if,HandlingString,TransformingToStringType
ae_adl_nested_if,HandlingString,SplittingString
ae_adl_while,HandlingObjectOrientedProgramming,DefiningOOPMethod
ae_adl_while,HandlingFunction,NestedFunctionCall
ae_adl_while,NonNestedIteration,SingleWhileLoopIteration
ae_adl_while,WhileLoopWithUpdate,WhileLoopWithListIndexing
ae_adl_while,WhileLoopWithUpdate,WhileLoopWith*=
ae_adl_while,WhileLoopWithUpdate,WhileLoopWith+=
ae_adl_while,ForLoopWithUpdate,ForLoopWith+=
ae_adl_while,ForLoopWithUpdate,ForLoopWith*=
ae_adl_while,ForLoopWithUpdate,ForLoopWithListIndexing
ae_adl_while,NestedLoopIteration,MixedNestedLoopIteration
ae_adl_while,NestedLoopIteration,NestedForLoopIteration
ae_adl_while,NestedLoopIteration,NestedWhileLoopIteration
ae_adl_while,ArithmeticOperation,FindAbsolute
ae_adl_while,ArithmeticOperation,FindRemainder
ae_adl_while,ArithmeticOperation,FindMaximum
ae_adl_while,ArithmeticOperation,Addition
ae_adl_while,ArithmeticOperation,Round
ae_adl_while,ArithmeticOperation,Power
ae_adl_while,ArithmeticOperation,FindMinimum
ae_adl_while,ArithmeticOperation,Substraction
ae_adl_while,ArithmeticOperation,Division
ae_adl_while,ArithmeticOperation,Multiplication
ae_adl_while,HandlingInteger,TransformingToIntType
ae_adl_while,HandlingTuple,CreatingTuple
ae_adl_for,ManagingVariable,AssigningVariable
ae_adl_for,ManagingVariable,UpdatingVariable
ae_adl_for,HandlingAdvancedDataStructure,BinaryTreeTask
ae_adl_for,HandlingAdvancedDataStructure,LinkedListTask
ae_adl_for,HandlingAdvancedDataStructure,QueueTask
ae_adl_for,HandlingAdvancedDataStructure,StackTask
ae_adl_for,TwoDimensionalArrayTask,ReplacingElement2DArray
ae_adl_for,TwoDimensionalArrayTask,Indexing2DArray
ae_adl_for,TwoDimensionalArrayTask,Create2DArray
ae_adl_for,HandlingObjectOrientedProgramming,CallingOOPMethod
ae_adl_for,HandlingObjectOrientedProgramming,CreatingObject
ae_adl_for,HandlingObjectOrientedProgramming,DefiningClass
ae_adl_for,HandlingObjectOrientedProgramming,DefiningOOPMethod
ae_adl_for,HandlingFunction,CallingFunctionLibrary
ae_adl_for,HandlingFunction,NestedFunctionCall
ae_adl_for,HandlingFunctionCallingFunction,CallingFunctionCallingFunction
ae_adl_for,HandlingFunctionCallingFunction,DefiningFunctionCallingFunction
ae_adl_for,HandlingRecursiveFunction,CallingRecursiveFunction
ae_adl_for,HandlingRecursiveFunction,DefiningRecursiveFunction
ae_adl_for,HandlingNestedFunction,CallingNestedFunction
ae_adl_for,HandlingNestedFunction,DefiningNestedFunction
ae_adl_for,HandlingStandardFunction,CallingStandardFunction
ae_adl_for,HandlingStandardFunction,DefiningStandardFunction
ae_adl_for,HandlingString,TrimmingString
ae_adl_for,HandlingString,IndexingString
ae_adl_for,HandlingString,SlicingString
ae_adl_for,ModifyingStringCase,ConvertStringToUpperCase
ae_adl_for,ModifyingStringCase,ConvertStringToLowerCase
ae_adl_for,ModifyingStringCase,CapitalizeString
ae_adl_for,HandlingError,HandlingSpecificError
ae_adl_for,HandlingError,HandlingGeneralError
ae_adl_strings,ArithmeticOperation,FindAbsolute
ae_adl_strings,ArithmeticOperation,FindRemainder
ae_adl_strings,ArithmeticOperation,Round
ae_adl_strings,ArithmeticOperation,Power
ae_adl_strings,ArithmeticOperation,FindMinimum
ae_adl_strings,ArithmeticOperation,Substraction
ae_adl_strings,ArithmeticOperation,Division
ae_adl_strings,ArithmeticOperation,Multiplication
ae_adl_lists1,HandlingAdvancedDataStructure,BinaryTreeTask
ae_adl_lists1,HandlingAdvancedDataStructure,LinkedListTask
ae_adl_lists1,HandlingAdvancedDataStructure,QueueTask
ae_adl_lists1,HandlingAdvancedDataStructure,StackTask
ae_adl_lists1,HandlingFunctionCallingFunction,DefiningFunctionCallingFunction
ae_adl_lists1,HandlingStandardFunction,DefiningStandardFunction
ae_adl_lists1,HandlingList,ReversingList
ae_adl_lists2,NonNestedIteration,SingleWhileLoopIteration
ae_adl_lists2,WhileLoopWithUpdate,WhileLoopWithListIndexing
ae_adl_lists2,WhileLoopWithUpdate,WhileLoopWith*=
ae_adl_lists2,WhileLoopWithUpdate,WhileLoopWith+=
ae_adl_lists2,ForLoopWithUpdate,ForLoopWith*=
ae_adl_lists2,HandlingTuple,SlicingTuple
ae_adl_lists2,HandlingTuple,IndexingTuple
ae_adl_lists2,HandlingFloat,TransformingToFloatType
ae_adl_lists2,HandlingDictionary,ReplacingDictionaryElement
ae_adl_lists2,HandlingDictionary,IndexingDictionary
ae_adl_lists2,HandlingDictionary,AddingItemToDictionary
ae_adl_lists2,HandlingDictionary,AccessingDictionary
ae_adl_lists2,HandlingDictionary,CreatingDictionary
ae_adl_lists2,HandlingList,DeletingListElement
ae_adl_lists2,HandlingList,IndexingList
ae_adl_lists2,HandlingList,CreatingList
ae_adl_lists2,HandlingList,SlicingList
ae_adl_lists2,HandlingList,ReplacingListElement
ae_adl_lists2,HandlingList,ListReferencing
ae_adl_lists2,HandlingList,ReversingList
ae_adl_lists2,AddingListElement,AddingListElementWithInsert
ae_adl_lists2,AddingListElement,AddingListElementWithAppend
ae_adl_lists2,HandlingFile,ClosingFile
ae_adl_lists2,HandlingFile,ReadingLine
ae_adl_lists2,HandlingFile,OpeningFile
ae_adl_lists2,HandlingString,CreatingString
ae_adl_lists2,HandlingString,ReplacingStringContent
ae_adl_lists2,HandlingString,FormattingString
ae_adl_lists2,HandlingString,TransformingToStringType
ae_adl_lists2,HandlingString,SplittingString
ae_adl_lists2,HandlingString,TrimmingString
ae_adl_lists2,HandlingString,IndexingString
ae_adl_lists2,HandlingString,SlicingString
ae_adl_lists2,ModifyingStringCase,ConvertStringToUpperCase
ae_adl_lists2,ModifyingStringCase,ConvertStringToLowerCase
ae_adl_lists2,ModifyingStringCase,CapitalizeString
ae_adl_lists2,HandlingError,HandlingSpecificError
ae_adl_lists2,HandlingError,HandlingGeneralError
ae_adl_lists3,NonNestedIteration,SingleWhileLoopIteration
ae_adl_lists3,WhileLoopWithUpdate,WhileLoopWithListIndexing
ae_adl_lists3,WhileLoopWithUpdate,WhileLoopWith*=
ae_adl_lists3,WhileLoopWithUpdate,WhileLoopWith+=
ae_adl_lists3,ForLoopWithUpdate,ForLoopWith+=
ae_adl_lists3,NestedLoopIteration,NestedForLoopIteration
ae_adl_lists3,NestedLoopIteration,NestedWhileLoopIteration
ae_adl_lists3,ArithmeticOperation,FindAbsolute
ae_adl_lists3,ArithmeticOperation,FindRemainder
ae_adl_lists3,ArithmeticOperation,FindMaximum
ae_adl_lists3,ArithmeticOperation,Round
ae_adl_lists3,ArithmeticOperation,Power
ae_adl_lists3,ArithmeticOperation,FindMinimum
ae_adl_lists3,ArithmeticOperation,Substraction
ae_adl_lists3,ArithmeticOperation,Division
ae_adl_lists3,HandlingList,ReversingList
ae_adl_format1,HandlingList,ReversingList
ae_adl_format1,HandlingString,SplittingString
ae_adl_format2,ManagingVariable,AssigningVariable
ae_adl_format2,ManagingVariable,UpdatingVariable
ae_adl_format2,HandlingAdvancedDataStructure,BinaryTreeTask
ae_adl_format2,HandlingAdvancedDataStructure,LinkedListTask
ae_adl_format2,HandlingAdvancedDataStructure,QueueTask
ae_adl_format2,HandlingAdvancedDataStructure,StackTask
ae_adl_format2,TwoDimensionalArrayTask,ReplacingElement2DArray
ae_adl_format2,TwoDimensionalArrayTask,Indexing2DArray
ae_adl_format2,TwoDimensionalArrayTask,Create2DArray
ae_adl_format2,HandlingObjectOrientedProgramming,CallingOOPMethod
ae_adl_format2,HandlingObjectOrientedProgramming,CreatingObject
ae_adl_format2,HandlingObjectOrientedProgramming,DefiningClass
ae_adl_format2,HandlingObjectOrientedProgramming,DefiningOOPMethod
ae_adl_format2,HandlingFunction,CallingFunctionLibrary
ae_adl_format2,HandlingFunction,NestedFunctionCall
ae_adl_format2,HandlingFunctionCallingFunction,CallingFunctionCallingFunction
ae_adl_format2,HandlingFunctionCallingFunction,DefiningFunctionCallingFunction
ae_adl_format2,HandlingRecursiveFunction,CallingRecursiveFunction
ae_adl_format2,HandlingRecursiveFunction,DefiningRecursiveFunction
ae_adl_format2,HandlingNestedFunction,CallingNestedFunction
ae_adl_format2,HandlingNestedFunction,DefiningNestedFunction
ae_adl_format2,HandlingStandardFunction,CallingStandardFunction
ae_adl_format2,HandlingStandardFunction,DefiningStandardFunction
ae_adl_format2,NonNestedIteration,SingleForLoopIteration
ae_adl_format2,ArithmeticOperation,FindAbsolute
ae_adl_format2,HandlingString,SplittingString
ae_adl_findmax,HandlingObjectOrientedProgramming,DefiningOOPMethod
ae_adl_findmax,WhileLoopWithUpdate,WhileLoopWithListIndexing
ae_adl_findmax,WhileLoopWithUpdate,WhileLoopWith*=
ae_adl_findmax,WhileLoopWithUpdate,WhileLoopWith+=
ae_adl_findmax,ArithmeticOperation,FindAbsolute
ae_adl_findmax,ArithmeticOperation,Round
ae_adl_findmax,ArithmeticOperation,Power
ae_adl_findmax,ArithmeticOperation,FindMinimum
ae_adl_functions1,Python,Concatenation
ae_adl_functions1,Python,Importing
ae_adl_functions1,Python,FindingLength
ae_adl_functions1,Python,Printing
ae_adl_functions1,Python,CheckingForItem
ae_adl_functions1,Python,HandlingInput
ae_adl_functions1,CheckingCondition,IfElseChecking
ae_adl_functions1,CheckingCondition,AssertChecking
ae_adl_functions1,CheckingCondition,IfElifElseChecking
ae_adl_functions1,CheckingCondition,NestedIfChecking
ae_adl_functions1,CheckingCondition,IfChecking
ae_adl_functions1,CheckingCondition,IfElifChecking
ae_adl_functions1,CheckingCondition,BooleanEvaluating
ae_adl_functions1,CheckingInForLoop,IfElseCheckingInForLoop
ae_adl_functions1,CheckingInForLoop,IfElifCheckingInForLoop
ae_adl_functions1,CheckingInForLoop,IfCheckingInForLoop
ae_adl_functions1,CheckingInForLoop,IfElifElseCheckingInForLoop
ae_adl_functions1,CheckingInWhileLoop,IfElifElseCheckingInWhileLoop
ae_adl_functions1,CheckingInWhileLoop,IfCheckingInWhileLoop
ae_adl_functions1,CheckingInWhileLoop,IfElseCheckingInWhileLoop
ae_adl_functions1,CheckingInWhileLoop,IfElifCheckingInWhileLoop
ae_adl_functions1,ManagingVariable,SwappingVariablesValue
ae_adl_functions1,ManagingVariable,AssigningVariable
ae_adl_functions1,ManagingVariable,UpdatingVariable
ae_adl_functions1,HandlingAdvancedDataStructure,BinaryTreeTask
ae_adl_functions1,HandlingAdvancedDataStructure,LinkedListTask
ae_adl_functions1,HandlingAdvancedDataStructure,QueueTask
ae_adl_functions1,HandlingAdvancedDataStructure,StackTask
ae_adl_functions1,TwoDimensionalArrayTask,ReplacingElement2DArray
ae_adl_functions1,TwoDimensionalArrayTask,Indexing2DArray
ae_adl_functions1,TwoDimensionalArrayTask,Create2DArray
ae_adl_functions1,HandlingObjectOrientedProgramming,CallingOOPMethod
ae_adl_functions1,HandlingObjectOrientedProgramming,CreatingObject
ae_adl_functions1,HandlingObjectOrientedProgramming,DefiningClass
ae_adl_functions1,HandlingObjectOrientedProgramming,DefiningOOPMethod
ae_adl_functions1,HandlingFunction,CallingFunctionLibrary
ae_adl_functions1,HandlingFunction,NestedFunctionCall
ae_adl_functions1,HandlingFunctionCallingFunction,CallingFunctionCallingFunction
ae_adl_functions1,HandlingFunctionCallingFunction,DefiningFunctionCallingFunction
ae_adl_functions1,HandlingRecursiveFunction,CallingRecursiveFunction
ae_adl_functions1,HandlingRecursiveFunction,DefiningRecursiveFunction
ae_adl_functions1,HandlingNestedFunction,CallingNestedFunction
ae_adl_functions1,HandlingNestedFunction,DefiningNestedFunction
ae_adl_functions1,HandlingStandardFunction,CallingStandardFunction
ae_adl_functions1,HandlingStandardFunction,DefiningStandardFunction
ae_adl_functions1,NonNestedIteration,SingleForLoopIteration
ae_adl_functions1,NonNestedIteration,SingleWhileLoopIteration
ae_adl_functions1,WhileLoopWithUpdate,WhileLoopWithListIndexing
ae_adl_functions1,WhileLoopWithUpdate,WhileLoopWith*=
ae_adl_functions1,WhileLoopWithUpdate,WhileLoopWith+=
ae_adl_functions1,ForLoopWithUpdate,ForLoopWith+=
ae_adl_functions1,ForLoopWithUpdate,ForLoopWith*=
ae_adl_functions1,ForLoopWithUpdate,ForLoopWithListIndexing
ae_adl_functions1,NestedLoopIteration,MixedNestedLoopIteration
ae_adl_functions1,NestedLoopIteration,NestedForLoopIteration
ae_adl_functions1,NestedLoopIteration,NestedWhileLoopIteration
ae_adl_functions1,ArithmeticOperation,FindAbsolute
ae_adl_functions1,ArithmeticOperation,FindRemainder
ae_adl_functions1,ArithmeticOperation,FindMaximum
ae_adl_functions1,ArithmeticOperation,Addition
ae_adl_functions1,ArithmeticOperation,Round
ae_adl_functions1,ArithmeticOperation,Power
ae_adl_functions1,ArithmeticOperation,FindMinimum
ae_adl_functions1,ArithmeticOperation,Substraction
ae_adl_functions1,ArithmeticOperation,Division
ae_adl_functions1,ArithmeticOperation,Multiplication
ae_adl_functions1,HandlingInteger,TransformingToIntType
ae_adl_functions1,HandlingTuple,CreatingTuple
ae_adl_functions1,HandlingList,SlicingList
ae_adl_functions1,HandlingString,TransformingToStringType
ae_adl_returnvalue,HandlingAdvancedDataStructure,BinaryTreeTask
ae_adl_returnvalue,HandlingAdvancedDataStructure,LinkedListTask
ae_adl_returnvalue,HandlingAdvancedDataStructure,QueueTask
ae_adl_returnvalue,HandlingAdvancedDataStructure,StackTask
ae_adl_returnvalue,TwoDimensionalArrayTask,ReplacingElement2DArray
ae_adl_returnvalue,TwoDimensionalArrayTask,Indexing2DArray
ae_adl_returnvalue,TwoDimensionalArrayTask,Create2DArray
ae_adl_returnvalue,HandlingObjectOrientedProgramming,CallingOOPMethod
ae_adl_returnvalue,HandlingObjectOrientedProgramming,CreatingObject
ae_adl_returnvalue,HandlingObjectOrientedProgramming,DefiningClass
ae_adl_returnvalue,HandlingObjectOrientedProgramming,DefiningOOPMethod
ae_adl_returnvalue,HandlingList,SlicingList
ae_adl_returnvalue,HandlingString,ReplacingStringContent
ae_adl_returnvalue,HandlingString,TransformingToStringType
ae_adl_returnvalue,HandlingString,SplittingString
ae_adl_functions2,HandlingAdvancedDataStructure,BinaryTreeTask
ae_adl_functions2,HandlingAdvancedDataStructure,LinkedListTask
ae_adl_functions2,HandlingAdvancedDataStructure,QueueTask
ae_adl_functions2,HandlingAdvancedDataStructure,StackTask
ae_adl_functions2,TwoDimensionalArrayTask,ReplacingElement2DArray
ae_adl_functions2,TwoDimensionalArrayTask,Indexing2DArray
ae_adl_functions2,TwoDimensionalArrayTask,Create2DArray
ae_adl_functions2,HandlingObjectOrientedProgramming,CallingOOPMethod
ae_adl_functions2,HandlingObjectOrientedProgramming,CreatingObject
ae_adl_functions2,HandlingObjectOrientedProgramming,DefiningClass
ae_adl_functions2,HandlingObjectOrientedProgramming,DefiningOOPMethod
ae_adl_functions2,HandlingFunctionCallingFunction,DefiningFunctionCallingFunction
ae_adl_functions2,HandlingTuple,SlicingTuple
ae_adl_functions2,HandlingTuple,IndexingTuple
ae_adl_functions2,HandlingFloat,TransformingToFloatType
ae_adl_functions2,HandlingDictionary,ReplacingDictionaryElement
ae_adl_functions2,HandlingDictionary,IndexingDictionary
ae_adl_functions2,HandlingDictionary,AddingItemToDictionary
ae_adl_functions2,HandlingDictionary,AccessingDictionary
ae_adl_functions2,HandlingDictionary,CreatingDictionary
ae_adl_functions2,HandlingList,DeletingListElement
ae_adl_functions2,HandlingList,IndexingList
ae_adl_functions2,HandlingList,CreatingList
ae_adl_functions2,HandlingList,SlicingList
ae_adl_functions2,HandlingList,ReplacingListElement
ae_adl_functions2,HandlingList,ListReferencing
ae_adl_functions2,HandlingList,ReversingList
ae_adl_functions2,AddingListElement,AddingListElementWithInsert
ae_adl_functions2,AddingListElement,AddingListElementWithAppend
ae_adl_functions2,HandlingFile,ClosingFile
ae_adl_functions2,HandlingFile,ReadingLine
ae_adl_functions2,HandlingFile,OpeningFile
ae_adl_functions2,HandlingString,CreatingString
ae_adl_functions2,HandlingString,ReplacingStringContent
ae_adl_functions2,HandlingString,FormattingString
ae_adl_functions2,HandlingString,TransformingToStringType
ae_adl_functions2,HandlingString,SplittingString
ae_adl_functions2,HandlingString,TrimmingString
ae_adl_functions2,HandlingString,IndexingString
ae_adl_functions2,HandlingString,SlicingString
ae_adl_functions2,ModifyingStringCase,ConvertStringToUpperCase
ae_adl_functions2,ModifyingStringCase,ConvertStringToLowerCase
ae_adl_functions2,ModifyingStringCase,CapitalizeString
ae_adl_functions2,HandlingError,HandlingSpecificError
ae_adl_functions2,HandlingError,HandlingGeneralError
ae_adl_functions3,Python,Concatenation
ae_adl_functions3,Python,Importing
ae_adl_functions3,Python,FindingLength
ae_adl_functions3,Python,Printing
ae_adl_functions3,Python,CheckingForItem
ae_adl_functions3,Python,HandlingInput
ae_adl_functions3,CheckingCondition,IfElseChecking
ae_adl_functions3,CheckingCondition,AssertChecking
ae_adl_functions3,CheckingCondition,IfElifElseChecking
ae_adl_functions3,CheckingCondition,NestedIfChecking
ae_adl_functions3,CheckingCondition,IfChecking
ae_adl_functions3,CheckingCondition,IfElifChecking
ae_adl_functions3,CheckingCondition,BooleanEvaluating
ae_adl_functions3,CheckingInForLoop,IfElseCheckingInForLoop
ae_adl_functions3,CheckingInForLoop,IfElifCheckingInForLoop
ae_adl_functions3,CheckingInForLoop,IfCheckingInForLoop
ae_adl_functions3,CheckingInForLoop,IfElifElseCheckingInForLoop
ae_adl_functions3,CheckingInWhileLoop,IfElifElseCheckingInWhileLoop
ae_adl_functions3,CheckingInWhileLoop,IfCheckingInWhileLoop
ae_adl_functions3,CheckingInWhileLoop,IfElseCheckingInWhileLoop
ae_adl_functions3,CheckingInWhileLoop,IfElifCheckingInWhileLoop
ae_adl_functions3,ManagingVariable,SwappingVariablesValue
ae_adl_functions3,HandlingFunctionCallingFunction,DefiningFunctionCallingFunction
ae_adl_functions3,NonNestedIteration,SingleWhileLoopIteration
ae_adl_functions3,WhileLoopWithUpdate,WhileLoopWithListIndexing
ae_adl_functions3,WhileLoopWithUpdate,WhileLoopWith*=
ae_adl_functions3,WhileLoopWithUpdate,WhileLoopWith+=
ae_adl_functions3,ForLoopWithUpdate,ForLoopWith+=
ae_adl_functions3,ForLoopWithUpdate,ForLoopWith*=
ae_adl_functions3,ForLoopWithUpdate,ForLoopWithListIndexing
ae_adl_functions3,NestedLoopIteration,MixedNestedLoopIteration
ae_adl_functions3,NestedLoopIteration,NestedForLoopIteration
ae_adl_functions3,NestedLoopIteration,NestedWhileLoopIteration
ae_adl_functions3,ArithmeticOperation,FindAbsolute
ae_adl_functions3,ArithmeticOperation,FindRemainder
ae_adl_functions3,ArithmeticOperation,FindMaximum
ae_adl_functions3,ArithmeticOperation,Addition
ae_adl_functions3,ArithmeticOperation,Round
ae_adl_functions3,ArithmeticOperation,Power
ae_adl_functions3,ArithmeticOperation,FindMinimum
ae_adl_functions3,ArithmeticOperation,Substraction
ae_adl_functions3,ArithmeticOperation,Division
ae_adl_functions3,ArithmeticOperation,Multiplication
ae_adl_functions3,HandlingInteger,TransformingToIntType
ae_adl_functions3,HandlingTuple,CreatingTuple
ae_adl_functions3,HandlingTuple,SlicingTuple
ae_adl_functions3,HandlingTuple,IndexingTuple
ae_adl_recursion,Python,CheckingForItem
ae_adl_recursion,HandlingObjectOrientedProgramming,DefiningOOPMethod
ae_adl_recursion,HandlingFunctionCallingFunction,CallingFunctionCallingFunction
ae_adl_recursion,HandlingFunctionCallingFunction,DefiningFunctionCallingFunction
ae_adl_recursion,NonNestedIteration,SingleForLoopIteration
ae_adl_recursion,NonNestedIteration,SingleWhileLoopIteration
ae_adl_recursion,WhileLoopWithUpdate,WhileLoopWithListIndexing
ae_adl_recursion,WhileLoopWithUpdate,WhileLoopWith*=
ae_adl_recursion,WhileLoopWithUpdate,WhileLoopWith+=
ae_adl_recursion,ForLoopWithUpdate,ForLoopWith+=
ae_adl_recursion,ForLoopWithUpdate,ForLoopWith*=
ae_adl_recursion,ForLoopWithUpdate,ForLoopWithListIndexing
ae_adl_recursion,NestedLoopIteration,MixedNestedLoopIteration
ae_adl_recursion,NestedLoopIteration,NestedForLoopIteration
ae_adl_recursion,NestedLoopIteration,NestedWhileLoopIteration
ae_adl_recursion,ArithmeticOperation,FindAbsolute
ae_adl_recursion,ArithmeticOperation,FindRemainder
ae_adl_recursion,ArithmeticOperation,FindMaximum
ae_adl_recursion,ArithmeticOperation,Addition
ae_adl_recursion,ArithmeticOperation,Round
ae_adl_recursion,ArithmeticOperation,Power
ae_adl_recursion,ArithmeticOperation,FindMinimum
ae_adl_recursion,ArithmeticOperation,Substraction
ae_adl_recursion,ArithmeticOperation,Division
ae_adl_recursion,ArithmeticOperation,Multiplication
ae_adl_recursion,HandlingInteger,TransformingToIntType
ae_adl_recursion,HandlingTuple,CreatingTuple
ae_adl_dict1,ManagingVariable,AssigningVariable
ae_adl_dict1,ManagingVariable,UpdatingVariable
ae_adl_dict1,HandlingAdvancedDataStructure,BinaryTreeTask
ae_adl_dict1,HandlingAdvancedDataStructure,LinkedListTask
ae_adl_dict1,HandlingAdvancedDataStructure,QueueTask
ae_adl_dict1,HandlingAdvancedDataStructure,StackTask
ae_adl_dict1,TwoDimensionalArrayTask,ReplacingElement2DArray
ae_adl_dict1,TwoDimensionalArrayTask,Indexing2DArray
ae_adl_dict1,TwoDimensionalArrayTask,Create2DArray
ae_adl_dict1,HandlingObjectOrientedProgramming,CallingOOPMethod
ae_adl_dict1,HandlingObjectOrientedProgramming,CreatingObject
ae_adl_dict1,HandlingObjectOrientedProgramming,DefiningClass
ae_adl_dict1,HandlingObjectOrientedProgramming,DefiningOOPMethod
ae_adl_dict1,HandlingFunction,CallingFunctionLibrary
ae_adl_dict1,HandlingFunction,NestedFunctionCall
ae_adl_dict1,HandlingFunctionCallingFunction,CallingFunctionCallingFunction
ae_adl_dict1,HandlingFunctionCallingFunction,DefiningFunctionCallingFunction
ae_adl_dict1,HandlingRecursiveFunction,CallingRecursiveFunction
ae_adl_dict1,HandlingRecursiveFunction,DefiningRecursiveFunction
ae_adl_dict1,HandlingNestedFunction,CallingNestedFunction
ae_adl_dict1,HandlingNestedFunction,DefiningNestedFunction
ae_adl_dict1,HandlingStandardFunction,CallingStandardFunction
ae_adl_dict1,HandlingStandardFunction,DefiningStandardFunction
ae_adl_dict1,NonNestedIteration,SingleForLoopIteration
ae_adl_dict1,NonNestedIteration,SingleWhileLoopIteration
ae_adl_dict1,WhileLoopWithUpdate,WhileLoopWithListIndexing
ae_adl_dict1,WhileLoopWithUpdate,WhileLoopWith*=
ae_adl_dict1,WhileLoopWithUpdate,WhileLoopWith+=
ae_adl_dict1,ForLoopWithUpdate,ForLoopWith+=
ae_adl_dict1,ForLoopWithUpdate,ForLoopWith*=
ae_adl_dict1,ForLoopWithUpdate,ForLoopWithListIndexing
ae_adl_dict1,NestedLoopIteration,MixedNestedLoopIteration
ae_adl_dict1,NestedLoopIteration,NestedForLoopIteration
ae_adl_dict1,NestedLoopIteration,NestedWhileLoopIteration
ae_adl_dict1,ArithmeticOperation,FindAbsolute
ae_adl_dict1,ArithmeticOperation,FindRemainder
ae_adl_dict1,ArithmeticOperation,FindMaximum
ae_adl_dict1,ArithmeticOperation,Addition
ae_adl_dict1,ArithmeticOperation,Round
ae_adl_dict1,ArithmeticOperation,Power
ae_adl_dict1,ArithmeticOperation,FindMinimum
ae_adl_dict1,ArithmeticOperation,Substraction
ae_adl_dict1,ArithmeticOperation,Division
ae_adl_dict1,ArithmeticOperation,Multiplication
ae_adl_dict1,HandlingInteger,TransformingToIntType
ae_adl_dict1,HandlingTuple,CreatingTuple
ae_adl_dict1,HandlingList,ReversingList
ae_adl_dict2,NonNestedIteration,SingleWhileLoopIteration
ae_adl_dict2,WhileLoopWithUpdate,WhileLoopWithListIndexing
ae_adl_dict2,WhileLoopWithUpdate,WhileLoopWith*=
ae_adl_dict2,WhileLoopWithUpdate,WhileLoopWith+=
ae_adl_dict2,ForLoopWithUpdate,ForLoopWith+=
ae_adl_dict2,ForLoopWithUpdate,ForLoopWith*=
ae_adl_dict2,ForLoopWithUpdate,ForLoopWithListIndexing
ae_adl_dict2,NestedLoopIteration,MixedNestedLoopIteration
ae_adl_dict2,NestedLoopIteration,NestedForLoopIteration
ae_adl_dict2,NestedLoopIteration,NestedWhileLoopIteration
ae_adl_dict2,ArithmeticOperation,FindAbsolute
ae_adl_dict2,ArithmeticOperation,FindRemainder
ae_adl_dict2,ArithmeticOperation,FindMaximum
ae_adl_dict2,ArithmeticOperation,Addition
ae_adl_dict2,ArithmeticOperation,Round
ae_adl_dict2,ArithmeticOperation,Power
ae_adl_dict2,ArithmeticOperation,FindMinimum
ae_adl_dict2,ArithmeticOperation,Substraction
ae_adl_dict2,ArithmeticOperation,Division
ae_adl_dict2,ArithmeticOperation,Multiplication
ae_adl_dict2,HandlingInteger,TransformingToIntType
ae_adl_dict2,HandlingTuple,CreatingTuple
ae_adl_dict3,HandlingFunctionCallingFunction,DefiningFunctionCallingFunction
ae_adl_dict3,HandlingDictionary,ReplacingDictionaryElement
ae_adl_dict3,HandlingList,SlicingList
ae_adl_objects1,HandlingAdvancedDataStructure,BinaryTreeTask
ae_adl_objects1,HandlingAdvancedDataStructure,LinkedListTask
ae_adl_objects1,HandlingAdvancedDataStructure,QueueTask
ae_adl_objects1,HandlingAdvancedDataStructure,StackTask
ae_adl_objects1,TwoDimensionalArrayTask,ReplacingElement2DArray
ae_adl_objects1,TwoDimensionalArrayTask,Indexing2DArray
ae_adl_objects1,TwoDimensionalArrayTask,Create2DArray
ae_adl_objects1,HandlingFunctionCallingFunction,DefiningFunctionCallingFunction
ae_adl_objects2,HandlingAdvancedDataStructure,BinaryTreeTask
ae_adl_objects2,HandlingAdvancedDataStructure,LinkedListTask
ae_adl_objects2,HandlingAdvancedDataStructure,QueueTask
ae_adl_objects2,HandlingAdvancedDataStructure,StackTask
ae_adl_objects2,TwoDimensionalArrayTask,ReplacingElement2DArray
ae_adl_objects2,TwoDimensionalArrayTask,Indexing2DArray
ae_adl_objects2,TwoDimensionalArrayTask,Create2DArray
ae_adl_objects2,HandlingFunction,NestedFunctionCall
ae_adl_objects2,HandlingFunctionCallingFunction,CallingFunctionCallingFunction
ae_adl_objects2,HandlingFunctionCallingFunction,DefiningFunctionCallingFunction
ae_adl_objects2,HandlingRecursiveFunction,CallingRecursiveFunction
ae_adl_objects2,HandlingRecursiveFunction,DefiningRecursiveFunction
ae_adl_objects2,HandlingNestedFunction,CallingNestedFunction
ae_adl_objects2,HandlingNestedFunction,DefiningNestedFunction
ae_adl_objects2,HandlingStandardFunction,CallingStandardFunction
ae_adl_objects2,HandlingStandardFunction,DefiningStandardFunction
ae_adl_objects2,NonNestedIteration,SingleForLoopIteration
ae_adl_objects2,NonNestedIteration,SingleWhileLoopIteration
ae_adl_objects2,WhileLoopWithUpdate,WhileLoopWithListIndexing
ae_adl_objects2,WhileLoopWithUpdate,WhileLoopWith*=
ae_adl_objects2,WhileLoopWithUpdate,WhileLoopWith+=
ae_adl_objects2,ForLoopWithUpdate,ForLoopWith+=
ae_adl_objects2,ForLoopWithUpdate,ForLoopWith*=
ae_adl_objects2,ForLoopWithUpdate,ForLoopWithListIndexing
ae_adl_objects2,NestedLoopIteration,MixedNestedLoopIteration
ae_adl_objects2,NestedLoopIteration,NestedForLoopIteration
ae_adl_objects2,NestedLoopIteration,NestedWhileLoopIteration
ae_adl_objects2,ArithmeticOperation,FindAbsolute
ae_adl_objects2,ArithmeticOperation,FindRemainder
ae_adl_objects2,ArithmeticOperation,FindMaximum
ae_adl_objects2,ArithmeticOperation,Addition
ae_adl_objects2,ArithmeticOperation,Round
ae_adl_objects2,ArithmeticOperation,Power
ae_adl_objects2,ArithmeticOperation,FindMinimum
ae_adl_objects2,ArithmeticOperation,Substraction
ae_adl_objects2,ArithmeticOperation,Division
ae_adl_objects2,ArithmeticOperation,Multiplication
ae_adl_objects2,HandlingInteger,TransformingToIntType
ae_adl_objects2,HandlingTuple,CreatingTuple
py_concat_str_num,NonNestedIteration,SingleWhileLoopIteration
py_concat_str_num,WhileLoopWithUpdate,WhileLoopWithListIndexing
py_concat_str_num,WhileLoopWithUpdate,WhileLoopWith*=
py_concat_str_num,WhileLoopWithUpdate,WhileLoopWith+=
py_concat_str_num,ForLoopWithUpdate,ForLoopWith+=
py_concat_str_num,ForLoopWithUpdate,ForLoopWith*=
py_concat_str_num,ForLoopWithUpdate,ForLoopWithListIndexing
py_concat_str_num,NestedLoopIteration,MixedNestedLoopIteration
py_concat_str_num,NestedLoopIteration,NestedForLoopIteration
py_concat_str_num,NestedLoopIteration,NestedWhileLoopIteration
py_concat_str_num,ArithmeticOperation,FindAbsolute
py_concat_str_num,ArithmeticOperation,FindRemainder
py_concat_str_num,ArithmeticOperation,FindMaximum
py_concat_str_num,ArithmeticOperation,Addition
py_concat_str_num,ArithmeticOperation,Round
py_concat_str_num,ArithmeticOperation,Power
py_concat_str_num,ArithmeticOperation,FindMinimum
py_concat_str_num,ArithmeticOperation,Substraction
py_concat_str_num,ArithmeticOperation,Division
py_concat_str_num,ArithmeticOperation,Multiplication
py_concat_str_num,HandlingInteger,TransformingToIntType
py_concat_str_num,HandlingTuple,CreatingTuple
py_concat_string_num3,HandlingAdvancedDataStructure,BinaryTreeTask
py_concat_string_num3,HandlingAdvancedDataStructure,LinkedListTask
py_concat_string_num3,HandlingAdvancedDataStructure,QueueTask
py_concat_string_num3,HandlingAdvancedDataStructure,StackTask
py_concat_string_num3,TwoDimensionalArrayTask,ReplacingElement2DArray
py_concat_string_num3,TwoDimensionalArrayTask,Indexing2DArray
py_concat_string_num3,TwoDimensionalArrayTask,Create2DArray
py_concat_string_num3,HandlingFunctionCallingFunction,DefiningFunctionCallingFunction
py_concat_string_num3,HandlingString,SplittingString
py_time_conversion,Python,Concatenation
py_time_conversion,Python,Importing
py_time_conversion,Python,FindingLength
py_time_conversion,Python,Printing
py_time_conversion,Python,CheckingForItem
py_time_conversion,Python,HandlingInput
py_time_conversion,CheckingCondition,IfElseChecking
py_time_conversion,CheckingCondition,AssertChecking
py_time_conversion,CheckingCondition,IfElifElseChecking
py_time_conversion,CheckingCondition,NestedIfChecking
py_time_conversion,CheckingCondition,IfChecking
py_time_conversion,CheckingCondition,IfElifChecking
py_time_conversion,CheckingCondition,BooleanEvaluating
py_time_conversion,CheckingInForLoop,IfElseCheckingInForLoop
py_time_conversion,CheckingInForLoop,IfElifCheckingInForLoop
py_time_conversion,CheckingInForLoop,IfCheckingInForLoop
py_time_conversion,CheckingInForLoop,IfElifElseCheckingInForLoop
py_time_conversion,CheckingInWhileLoop,IfElifElseCheckingInWhileLoop
py_time_conversion,CheckingInWhileLoop,IfCheckingInWhileLoop
py_time_conversion,CheckingInWhileLoop,IfElseCheckingInWhileLoop
py_time_conversion,CheckingInWhileLoop,IfElifCheckingInWhileLoop
py_time_conversion,ManagingVariable,SwappingVariablesValue
py_time_conversion,NonNestedIteration,SingleWhileLoopIteration
py_time_conversion,WhileLoopWithUpdate,WhileLoopWithListIndexing
py_time_conversion,WhileLoopWithUpdate,WhileLoopWith*=
py_time_conversion,WhileLoopWithUpdate,WhileLoopWith+=
py_time_conversion,ForLoopWithUpdate,ForLoopWith+=
py_time_conversion,ForLoopWithUpdate,ForLoopWith*=
py_time_conversion,ForLoopWithUpdate,ForLoopWithListIndexing
py_time_conversion,NestedLoopIteration,MixedNestedLoopIteration
py_time_conversion,NestedLoopIteration,NestedForLoopIteration
py_time_conversion,NestedLoopIteration,NestedWhileLoopIteration
py_time_conversion,ArithmeticOperation,FindAbsolute
py_time_conversion,ArithmeticOperation,FindRemainder
py_time_conversion,ArithmeticOperation,FindMaximum
py_time_conversion,ArithmeticOperation,Addition
py_time_conversion,ArithmeticOperation,Round
py_time_conversion,ArithmeticOperation,Power
py_time_conversion,ArithmeticOperation,FindMinimum
py_time_conversion,ArithmeticOperation,Substraction
py_time_conversion,ArithmeticOperation,Division
py_time_conversion,ArithmeticOperation,Multiplication
py_time_conversion,HandlingInteger,TransformingToIntType
py_time_conversion,HandlingTuple,CreatingTuple
py_time_conversion,HandlingString,ReplacingStringContent
py_time_conversion,HandlingString,TrimmingString
py_time_conversion,HandlingString,IndexingString
py_time_conversion,HandlingString,SlicingString
py_time_conversion,ModifyingStringCase,ConvertStringToUpperCase
py_time_conversion,ModifyingStringCase,ConvertStringToLowerCase
py_time_conversion,ModifyingStringCase,CapitalizeString
py_time_conversion,HandlingError,HandlingSpecificError
py_time_conversion,HandlingError,HandlingGeneralError
py_bmi_calculator2,HandlingTuple,CreatingTuple
py_bmi_calculator2,HandlingList,DeletingListElement
py_bmi_calculator2,HandlingString,ReplacingStringContent
py_pythagorean_theorem,NonNestedIteration,SingleWhileLoopIteration
py_pythagorean_theorem,ArithmeticOperation,FindAbsolute
py_pythagorean_theorem,HandlingList,SlicingList
py_pythagorean_theorem,HandlingString,TransformingToStringType
py_pythagorean_theorem2,NonNestedIteration,SingleWhileLoopIteration
py_pythagorean_theorem2,WhileLoopWithUpdate,WhileLoopWithListIndexing
py_pythagorean_theorem2,WhileLoopWithUpdate,WhileLoopWith*=
py_pythagorean_theorem2,WhileLoopWithUpdate,WhileLoopWith+=
py_pythagorean_theorem2,ForLoopWithUpdate,ForLoopWith+=
py_pythagorean_theorem2,ForLoopWithUpdate,ForLoopWith*=
py_pythagorean_theorem2,ForLoopWithUpdate,ForLoopWithListIndexing
py_pythagorean_theorem2,NestedLoopIteration,MixedNestedLoopIteration
py_pythagorean_theorem2,NestedLoopIteration,NestedForLoopIteration
py_pythagorean_theorem2,NestedLoopIteration,NestedWhileLoopIteration
py_pythagorean_theorem2,ArithmeticOperation,FindAbsolute
py_pythagorean_theorem2,ArithmeticOperation,FindRemainder
py_pythagorean_theorem2,ArithmeticOperation,FindMaximum
py_pythagorean_theorem2,ArithmeticOperation,Addition
py_pythagorean_theorem2,ArithmeticOperation,Round
py_pythagorean_theorem2,ArithmeticOperation,Power
py_pythagorean_theorem2,ArithmeticOperation,FindMinimum
py_pythagorean_theorem2,ArithmeticOperation,Substraction
py_pythagorean_theorem2,ArithmeticOperation,Division
py_pythagorean_theorem2,ArithmeticOperation,Multiplication
py_pythagorean_theorem2,HandlingInteger,TransformingToIntType
py_pythagorean_theorem2,HandlingTuple,CreatingTuple
py_f_to_c_conversion,ArithmeticOperation,FindAbsolute
py_f_to_c_conversion,ArithmeticOperation,FindRemainder
py_f_to_c_conversion,ArithmeticOperation,FindMaximum
py_f_to_c_conversion,ArithmeticOperation,Round
py_f_to_c_conversion,ArithmeticOperation,Power
py_f_to_c_conversion,ArithmeticOperation,FindMinimum
py_f_to_c_conversion,ArithmeticOperation,Substraction
py_f_to_c_conversion,HandlingString,ReplacingStringContent
py_f_to_c_conversion,HandlingString,SplittingString
py_f_to_c_conversion,HandlingString,TrimmingString
py_f_to_c_conversion,HandlingString,IndexingString
py_f_to_c_conversion,HandlingString,SlicingString
py_f_to_c_conversion,ModifyingStringCase,ConvertStringToUpperCase
py_f_to_c_conversion,ModifyingStringCase,ConvertStringToLowerCase
py_f_to_c_conversion,ModifyingStringCase,CapitalizeString
py_f_to_c_conversion,HandlingError,HandlingSpecificError
py_f_to_c_conversion,HandlingError,HandlingGeneralError
py_fahrenheit_to_celsius,HandlingString,SplittingString
py_vending_machine,HandlingAdvancedDataStructure,BinaryTreeTask
py_vending_machine,HandlingAdvancedDataStructure,LinkedListTask
py_vending_machine,HandlingAdvancedDataStructure,QueueTask
py_vending_machine,HandlingAdvancedDataStructure,StackTask
py_vending_machine,TwoDimensionalArrayTask,ReplacingElement2DArray
py_vending_machine,TwoDimensionalArrayTask,Indexing2DArray
py_vending_machine,TwoDimensionalArrayTask,Create2DArray
py_vending_machine,HandlingObjectOrientedProgramming,CallingOOPMethod
py_vending_machine,HandlingObjectOrientedProgramming,CreatingObject
py_vending_machine,HandlingObjectOrientedProgramming,DefiningClass
py_vending_machine,HandlingObjectOrientedProgramming,DefiningOOPMethod
py_vending_machine,ForLoopWithUpdate,ForLoopWithListIndexing
py_vending_machine,HandlingTuple,SlicingTuple
py_vending_machine,HandlingTuple,IndexingTuple
py_vending_machine,HandlingFloat,TransformingToFloatType
py_vending_machine,HandlingDictionary,ReplacingDictionaryElement
py_vending_machine,HandlingDictionary,IndexingDictionary
py_vending_machine,HandlingDictionary,AddingItemToDictionary
py_vending_machine,HandlingDictionary,AccessingDictionary
py_vending_machine,HandlingDictionary,CreatingDictionary
py_vending_machine,HandlingList,DeletingListElement
py_vending_machine,HandlingList,IndexingList
py_vending_machine,HandlingList,CreatingList
py_vending_machine,HandlingList,SlicingList
py_vending_machine,HandlingList,ReplacingListElement
py_vending_machine,HandlingList,ListReferencing
py_vending_machine,HandlingList,ReversingList
py_vending_machine,AddingListElement,AddingListElementWithInsert
py_vending_machine,AddingListElement,AddingListElementWithAppend
py_vending_machine,HandlingFile,ClosingFile
py_vending_machine,HandlingFile,ReadingLine
py_vending_machine,HandlingFile,OpeningFile
py_vending_machine,HandlingString,CreatingString
py_vending_machine,HandlingString,ReplacingStringContent
py_vending_machine,HandlingString,FormattingString
py_vending_machine,HandlingString,TransformingToStringType
py_vending_machine,HandlingString,SplittingString
py_vending_machine2,HandlingAdvancedDataStructure,BinaryTreeTask
py_vending_machine2,HandlingAdvancedDataStructure,LinkedListTask
py_vending_machine2,HandlingAdvancedDataStructure,QueueTask
py_vending_machine2,HandlingAdvancedDataStructure,StackTask
py_vending_machine2,TwoDimensionalArrayTask,ReplacingElement2DArray
py_vending_machine2,TwoDimensionalArrayTask,Indexing2DArray
py_vending_machine2,TwoDimensionalArrayTask,Create2DArray
py_vending_machine2,HandlingObjectOrientedProgramming,CallingOOPMethod
py_vending_machine2,HandlingObjectOrientedProgramming,CreatingObject
py_vending_machine2,HandlingObjectOrientedProgramming,DefiningClass
py_vending_machine2,HandlingObjectOrientedProgramming,DefiningOOPMethod
py_vending_machine2,NonNestedIteration,SingleWhileLoopIteration
py_vending_machine2,ArithmeticOperation,FindAbsolute
py_nested_if_min_max,Python,Concatenation
py_nested_if_min_max,Python,Importing
py_nested_if_min_max,Python,FindingLength
py_nested_if_min_max,Python,Printing
py_nested_if_min_max,Python,CheckingForItem
py_nested_if_min_max,Python,HandlingInput
py_nested_if_min_max,CheckingCondition,IfElseChecking
py_nested_if_min_max,CheckingCondition,AssertChecking
py_nested_if_min_max,CheckingCondition,IfElifElseChecking
py_nested_if_min_max,CheckingCondition,NestedIfChecking
py_nested_if_min_max,CheckingCondition,IfChecking
py_nested_if_min_max,CheckingCondition,IfElifChecking
py_nested_if_min_max,CheckingCondition,BooleanEvaluating
py_nested_if_min_max,CheckingInForLoop,IfElseCheckingInForLoop
py_nested_if_min_max,CheckingInForLoop,IfElifCheckingInForLoop
py_nested_if_min_max,CheckingInForLoop,IfCheckingInForLoop
py_nested_if_min_max,CheckingInForLoop,IfElifElseCheckingInForLoop
py_nested_if_min_max,CheckingInWhileLoop,IfElifElseCheckingInWhileLoop
py_nested_if_min_max,CheckingInWhileLoop,IfCheckingInWhileLoop
py_nested_if_min_max,CheckingInWhileLoop,IfElseCheckingInWhileLoop
py_nested_if_min_max,CheckingInWhileLoop,IfElifCheckingInWhileLoop
py_nested_if_min_max,ManagingVariable,SwappingVariablesValue
py_nested_if_min_max,HandlingTuple,SlicingTuple
py_nested_if_min_max,HandlingTuple,IndexingTuple
py_nested_if_min_max,HandlingFloat,TransformingToFloatType
py_nested_if_min_max,HandlingDictionary,ReplacingDictionaryElement
py_nested_if_min_max,HandlingDictionary,IndexingDictionary
py_nested_if_min_max,HandlingDictionary,AddingItemToDictionary
py_nested_if_min_max,HandlingDictionary,AccessingDictionary
py_nested_if_min_max,HandlingDictionary,CreatingDictionary
py_nested_if_min_max,HandlingList,DeletingListElement
py_nested_if_min_max,HandlingList,IndexingList
py_nested_if_min_max,HandlingList,CreatingList
py_nested_if_min_max,HandlingList,SlicingList
py_nested_if_min_max,HandlingList,ReplacingListElement
py_nested_if_min_max,HandlingList,ListReferencing
py_nested_if_min_max,HandlingList,ReversingList
py_nested_if_min_max,AddingListElement,AddingListElementWithInsert
py_nested_if_min_max,AddingListElement,AddingListElementWithAppend
py_nested_if_min_max,HandlingFile,ClosingFile
py_nested_if_min_max,HandlingFile,ReadingLine
py_nested_if_min_max,HandlingFile,OpeningFile
py_nested_if_min_max,HandlingString,CreatingString
py_nested_if_min_max,HandlingString,ReplacingStringContent
py_nested_if_min_max,HandlingString,FormattingString
py_nested_if_min_max,HandlingString,TransformingToStringType
py_nested_if_min_max,HandlingString,SplittingString
py_nested_if_max_of_three,Python,Concatenation
py_nested_if_max_of_three,Python,Importing
py_nested_if_max_of_three,Python,FindingLength
py_nested_if_max_of_three,Python,Printing
py_nested_if_max_of_three,Python,CheckingForItem
py_nested_if_max_of_three,Python,HandlingInput
py_nested_if_max_of_three,CheckingCondition,IfElseChecking
py_nested_if_max_of_three,CheckingCondition,AssertChecking
py_nested_if_max_of_three,CheckingCondition,IfElifElseChecking
py_nested_if_max_of_three,CheckingCondition,NestedIfChecking
py_nested_if_max_of_three,CheckingCondition,IfChecking
py_nested_if_max_of_three,CheckingCondition,IfElifChecking
py_nested_if_max_of_three,CheckingCondition,BooleanEvaluating
py_nested_if_max_of_three,CheckingInForLoop,IfElseCheckingInForLoop
py_nested_if_max_of_three,CheckingInForLoop,IfElifCheckingInForLoop
py_nested_if_max_of_three,CheckingInForLoop,IfCheckingInForLoop
py_nested_if_max_of_three,CheckingInForLoop,IfElifElseCheckingInForLoop
py_nested_if_max_of_three,CheckingInWhileLoop,IfElifElseCheckingInWhileLoop
py_nested_if_max_of_three,CheckingInWhileLoop,IfCheckingInWhileLoop
py_nested_if_max_of_three,CheckingInWhileLoop,IfElseCheckingInWhileLoop
py_nested_if_max_of_three,CheckingInWhileLoop,IfElifCheckingInWhileLoop
py_nested_if_max_of_three,ManagingVariable,SwappingVariablesValue
py_nested_if_max_of_three,ArithmeticOperation,FindAbsolute
py_nested_if_max_of_three,HandlingString,TrimmingString
py_nested_if_max_of_three,HandlingString,IndexingString
py_nested_if_max_of_three,HandlingString,SlicingString
py_nested_if_max_of_three,ModifyingStringCase,ConvertStringToUpperCase
py_nested_if_max_of_three,ModifyingStringCase,ConvertStringToLowerCase
py_nested_if_max_of_three,ModifyingStringCase,CapitalizeString
py_nested_if_max_of_three,HandlingError,HandlingSpecificError
py_nested_if_max_of_three,HandlingError,HandlingGeneralError
py_nested_if_temperature,Python,Concatenation
py_nested_if_temperature,Python,Importing
py_nested_if_temperature,Python,FindingLength
py_nested_if_temperature,Python,Printing
py_nested_if_temperature,Python,CheckingForItem
py_nested_if_temperature,Python,HandlingInput
py_nested_if_temperature,CheckingCondition,IfElseChecking
py_nested_if_temperature,CheckingCondition,AssertChecking
py_nested_if_temperature,CheckingCondition,IfElifElseChecking
py_nested_if_temperature,CheckingCondition,NestedIfChecking
py_nested_if_temperature,CheckingCondition,IfChecking
py_nested_if_temperature,CheckingCondition,IfElifChecking
py_nested_if_temperature,CheckingCondition,BooleanEvaluating
py_nested_if_temperature,CheckingInForLoop,IfElseCheckingInForLoop
py_nested_if_temperature,CheckingInForLoop,IfElifCheckingInForLoop
py_nested_if_temperature,CheckingInForLoop,IfCheckingInForLoop
py_nested_if_temperature,CheckingInForLoop,IfElifElseCheckingInForLoop
py_nested_if_temperature,CheckingInWhileLoop,IfElifElseCheckingInWhileLoop
py_nested_if_temperature,CheckingInWhileLoop,IfCheckingInWhileLoop
py_nested_if_temperature,CheckingInWhileLoop,IfElseCheckingInWhileLoop
py_nested_if_temperature,CheckingInWhileLoop,IfElifCheckingInWhileLoop
py_nested_if_temperature,ManagingVariable,SwappingVariablesValue
py_nested_if_temperature,ArithmeticOperation,FindAbsolute
py_nested_if_temperature,HandlingList,SlicingList
py_nested_if_temperature,HandlingFile,ClosingFile
py_nested_if_temperature,HandlingFile,ReadingLine
py_nested_if_temperature,HandlingFile,OpeningFile
py_nested_if_temperature,HandlingString,ReplacingStringContent
py_nested_if_temperature2,Python,Concatenation
py_nested_if_temperature2,Python,Importing
py_nested_if_temperature2,Python,FindingLength
py_nested_if_temperature2,Python,Printing
py_nested_if_temperature2,Python,CheckingForItem
py_nested_if_temperature2,Python,HandlingInput
py_nested_if_temperature2,CheckingCondition,IfElseChecking
py_nested_if_temperature2,CheckingCondition,AssertChecking
py_nested_if_temperature2,CheckingCondition,IfElifElseChecking
py_nested_if_temperature2,CheckingCondition,NestedIfChecking
py_nested_if_temperature2,CheckingCondition,IfChecking
py_nested_if_temperature2,CheckingCondition,IfElifChecking
py_nested_if_temperature2,CheckingCondition,BooleanEvaluating
py_nested_if_temperature2,CheckingInForLoop,IfElseCheckingInForLoop
py_nested_if_temperature2,CheckingInForLoop,IfElifCheckingInForLoop
py_nested_if_temperature2,CheckingInForLoop,IfCheckingInForLoop
py_nested_if_temperature2,CheckingInForLoop,IfElifElseCheckingInForLoop
py_nested_if_temperature2,CheckingInWhileLoop,IfElifElseCheckingInWhileLoop
py_nested_if_temperature2,CheckingInWhileLoop,IfCheckingInWhileLoop
py_nested_if_temperature2,CheckingInWhileLoop,IfElseCheckingInWhileLoop
py_nested_if_temperature2,CheckingInWhileLoop,IfElifCheckingInWhileLoop
py_nested_if_temperature2,ManagingVariable,SwappingVariablesValue
py_if_else_grade,Python,Concatenation
py_if_else_grade,Python,Importing
py_if_else_grade,Python,FindingLength
py_if_else_grade,Python,Printing
py_if_else_grade,Python,CheckingForItem
py_if_else_grade,Python,HandlingInput
py_if_else_grade,CheckingCondition,IfElseChecking
py_if_else_grade,CheckingCondition,AssertChecking
py_if_else_grade,CheckingCondition,IfElifElseChecking
py_if_else_grade,CheckingCondition,NestedIfChecking
py_if_else_grade,CheckingCondition,IfChecking
py_if_else_grade,CheckingCondition,IfElifChecking
py_if_else_grade,CheckingCondition,BooleanEvaluating
py_if_else_grade,CheckingInForLoop,IfElseCheckingInForLoop
py_if_else_grade,CheckingInForLoop,IfElifCheckingInForLoop
py_if_else_grade,CheckingInForLoop,IfCheckingInForLoop
py_if_else_grade,CheckingInForLoop,IfElifElseCheckingInForLoop
py_if_else_grade,CheckingInWhileLoop,IfElifElseCheckingInWhileLoop
py_if_else_grade,CheckingInWhileLoop,IfCheckingInWhileLoop
py_if_else_grade,CheckingInWhileLoop,IfElseCheckingInWhileLoop
py_if_else_grade,CheckingInWhileLoop,IfElifCheckingInWhileLoop
py_if_else_grade,ManagingVariable,SwappingVariablesValue
q_py_topic_dictionary:q_py_dict_access2,HandlingFunctionCallingFunction,DefiningFunctionCallingFunction
q_py_topic_dictionary:q_py_dict_access2,HandlingTuple,SlicingTuple
q_py_topic_dictionary:q_py_dict_access2,HandlingTuple,IndexingTuple
q_py_topic_dictionary:q_py_dict_access2,HandlingFloat,TransformingToFloatType
q_py_topic_dictionary:q_py_dict_access2,HandlingList,DeletingListElement
q_py_topic_dictionary:q_py_dict_access2,HandlingList,IndexingList
q_py_topic_dictionary:q_py_dict_access2,HandlingList,CreatingList
q_py_topic_dictionary:q_py_dict_access2,HandlingList,SlicingList
q_py_topic_dictionary:q_py_dict_access2,HandlingList,ReplacingListElement
q_py_topic_dictionary:q_py_dict_access2,HandlingList,ListReferencing
q_py_topic_dictionary:q_py_dict_access2,HandlingList,ReversingList
q_py_topic_dictionary:q_py_dict_access2,AddingListElement,AddingListElementWithInsert
q_py_topic_dictionary:q_py_dict_access2,AddingListElement,AddingListElementWithAppend
q_py_topic_dictionary:q_py_dict_access2,HandlingFile,ClosingFile
q_py_topic_dictionary:q_py_dict_access2,HandlingFile,ReadingLine
q_py_topic_dictionary:q_py_dict_access2,HandlingFile,OpeningFile
q_py_topic_dictionary:q_py_dict_access2,HandlingString,CreatingString
q_py_topic_dictionary:q_py_dict_access2,HandlingString,ReplacingStringContent
q_py_topic_dictionary:q_py_dict_access2,HandlingString,FormattingString
q_py_topic_dictionary:q_py_dict_access2,HandlingString,TransformingToStringType
q_py_topic_dictionary:q_py_dict_access2,HandlingString,SplittingString
q_py_topic_exceptions:q_py_exception_assertion,ManagingVariable,AssigningVariable
q_py_topic_exceptions:q_py_exception_assertion,ManagingVariable,UpdatingVariable
q_py_topic_exceptions:q_py_exception_assertion,HandlingAdvancedDataStructure,BinaryTreeTask
q_py_topic_exceptions:q_py_exception_assertion,HandlingAdvancedDataStructure,LinkedListTask
q_py_topic_exceptions:q_py_exception_assertion,HandlingAdvancedDataStructure,QueueTask
q_py_topic_exceptions:q_py_exception_assertion,HandlingAdvancedDataStructure,StackTask
q_py_topic_exceptions:q_py_exception_assertion,TwoDimensionalArrayTask,ReplacingElement2DArray
q_py_topic_exceptions:q_py_exception_assertion,TwoDimensionalArrayTask,Indexing2DArray
q_py_topic_exceptions:q_py_exception_assertion,TwoDimensionalArrayTask,Create2DArray
q_py_topic_exceptions:q_py_exception_assertion,HandlingObjectOrientedProgramming,CallingOOPMethod
q_py_topic_exceptions:q_py_exception_assertion,HandlingObjectOrientedProgramming,CreatingObject
q_py_topic_exceptions:q_py_exception_assertion,HandlingObjectOrientedProgramming,DefiningClass
q_py_topic_exceptions:q_py_exception_assertion,HandlingObjectOrientedProgramming,DefiningOOPMethod
q_py_topic_exceptions:q_py_exception_assertion,HandlingFunction,CallingFunctionLibrary
q_py_topic_exceptions:q_py_exception_assertion,HandlingFunction,NestedFunctionCall
q_py_topic_exceptions:q_py_exception_assertion,HandlingFunctionCallingFunction,CallingFunctionCallingFunction
q_py_topic_exceptions:q_py_exception_assertion,HandlingFunctionCallingFunction,DefiningFunctionCallingFunction
q_py_topic_exceptions:q_py_exception_assertion,HandlingRecursiveFunction,CallingRecursiveFunction
q_py_topic_exceptions:q_py_exception_assertion,HandlingRecursiveFunction,DefiningRecursiveFunction
q_py_topic_exceptions:q_py_exception_assertion,HandlingNestedFunction,CallingNestedFunction
q_py_topic_exceptions:q_py_exception_assertion,HandlingNestedFunction,DefiningNestedFunction
q_py_topic_exceptions:q_py_exception_assertion,HandlingStandardFunction,CallingStandardFunction
q_py_topic_exceptions:q_py_exception_assertion,HandlingStandardFunction,DefiningStandardFunction
q_py_topic_exceptions:q_py_exception_assertion,HandlingTuple,SlicingTuple
q_py_topic_exceptions:q_py_exception_assertion,HandlingTuple,IndexingTuple
q_py_topic_exceptions:q_py_exception_assertion,HandlingFloat,TransformingToFloatType
q_py_topic_exceptions:q_py_exception_assertion,HandlingDictionary,ReplacingDictionaryElement
q_py_topic_exceptions:q_py_exception_assertion,HandlingDictionary,IndexingDictionary
q_py_topic_exceptions:q_py_exception_assertion,HandlingDictionary,AddingItemToDictionary
q_py_topic_exceptions:q_py_exception_assertion,HandlingDictionary,AccessingDictionary
q_py_topic_exceptions:q_py_exception_assertion,HandlingDictionary,CreatingDictionary
q_py_topic_exceptions:q_py_exception_assertion,HandlingList,DeletingListElement
q_py_topic_exceptions:q_py_exception_assertion,HandlingList,IndexingList
q_py_topic_exceptions:q_py_exception_assertion,HandlingList,CreatingList
q_py_topic_exceptions:q_py_exception_assertion,HandlingList,SlicingList
q_py_topic_exceptions:q_py_exception_assertion,HandlingList,ReplacingListElement
q_py_topic_exceptions:q_py_exception_assertion,HandlingList,ListReferencing
q_py_topic_exceptions:q_py_exception_assertion,HandlingList,ReversingList
q_py_topic_exceptions:q_py_exception_assertion,AddingListElement,AddingListElementWithInsert
q_py_topic_exceptions:q_py_exception_assertion,AddingListElement,AddingListElementWithAppend
q_py_topic_exceptions:q_py_exception_assertion,HandlingFile,ClosingFile
q_py_topic_exceptions:q_py_exception_assertion,HandlingFile,ReadingLine
q_py_topic_exceptions:q_py_exception_assertion,HandlingFile,OpeningFile
q_py_topic_exceptions:q_py_exception_assertion,HandlingString,CreatingString
q_py_topic_exceptions:q_py_exception_assertion,HandlingString,ReplacingStringContent
q_py_topic_exceptions:q_py_exception_assertion,HandlingString,FormattingString
q_py_topic_exceptions:q_py_exception_assertion,HandlingString,TransformingToStringType
q_py_topic_exceptions:q_py_exception_assertion,HandlingString,SplittingString
q_py_topic_exceptions:q_py_exceptions_addarr,HandlingAdvancedDataStructure,BinaryTreeTask
q_py_topic_exceptions:q_py_exceptions_addarr,HandlingAdvancedDataStructure,LinkedListTask
q_py_topic_exceptions:q_py_exceptions_addarr,HandlingAdvancedDataStructure,QueueTask
q_py_topic_exceptions:q_py_exceptions_addarr,HandlingAdvancedDataStructure,StackTask
q_py_topic_exceptions:q_py_exceptions_addarr,TwoDimensionalArrayTask,ReplacingElement2DArray
q_py_topic_exceptions:q_py_exceptions_addarr,TwoDimensionalArrayTask,Indexing2DArray
q_py_topic_exceptions:q_py_exceptions_addarr,TwoDimensionalArrayTask,Create2DArray
q_py_topic_exceptions:q_py_exceptions_addarr,HandlingObjectOrientedProgramming,CallingOOPMethod
q_py_topic_exceptions:q_py_exceptions_addarr,HandlingObjectOrientedProgramming,CreatingObject
q_py_topic_exceptions:q_py_exceptions_addarr,HandlingObjectOrientedProgramming,DefiningClass
q_py_topic_exceptions:q_py_exceptions_addarr,HandlingObjectOrientedProgramming,DefiningOOPMethod
q_py_topic_exceptions:q_py_exceptions_addarr,NonNestedIteration,SingleWhileLoopIteration
q_py_topic_exceptions:q_py_exceptions_addarr,NestedLoopIteration,NestedForLoopIteration
q_py_topic_exceptions:q_py_exceptions_addarr,NestedLoopIteration,NestedWhileLoopIteration
q_py_topic_exceptions:q_py_exceptions_addarr,ArithmeticOperation,FindAbsolute
q_py_topic_exceptions:q_py_exceptions_addarr,ArithmeticOperation,FindRemainder
q_py_topic_exceptions:q_py_exceptions_addarr,ArithmeticOperation,FindMaximum
q_py_topic_exceptions:q_py_exceptions_addarr,ArithmeticOperation,Round
q_py_topic_exceptions:q_py_exceptions_addarr,ArithmeticOperation,Power
q_py_topic_exceptions:q_py_exceptions_addarr,ArithmeticOperation,FindMinimum
q_py_topic_exceptions:q_py_exceptions_addarr,ArithmeticOperation,Substraction
q_py_topic_exceptions:q_py_exceptions_addarr,ArithmeticOperation,Multiplication
q_py_topic_exceptions:q_py_list_except1,ManagingVariable,AssigningVariable
q_py_topic_exceptions:q_py_list_except1,ManagingVariable,UpdatingVariable
q_py_topic_exceptions:q_py_list_except1,HandlingAdvancedDataStructure,BinaryTreeTask
q_py_topic_exceptions:q_py_list_except1,HandlingAdvancedDataStructure,LinkedListTask
q_py_topic_exceptions:q_py_list_except1,HandlingAdvancedDataStructure,QueueTask
q_py_topic_exceptions:q_py_list_except1,HandlingAdvancedDataStructure,StackTask
q_py_topic_exceptions:q_py_list_except1,TwoDimensionalArrayTask,ReplacingElement2DArray
q_py_topic_exceptions:q_py_list_except1,TwoDimensionalArrayTask,Indexing2DArray
q_py_topic_exceptions:q_py_list_except1,TwoDimensionalArrayTask,Create2DArray
q_py_topic_exceptions:q_py_list_except1,HandlingObjectOrientedProgramming,CallingOOPMethod
q_py_topic_exceptions:q_py_list_except1,HandlingObjectOrientedProgramming,CreatingObject
q_py_topic_exceptions:q_py_list_except1,HandlingObjectOrientedProgramming,DefiningClass
q_py_topic_exceptions:q_py_list_except1,HandlingObjectOrientedProgramming,DefiningOOPMethod
q_py_topic_exceptions:q_py_list_except1,HandlingFunction,CallingFunctionLibrary
q_py_topic_exceptions:q_py_list_except1,HandlingFunction,NestedFunctionCall
q_py_topic_exceptions:q_py_list_except1,HandlingFunctionCallingFunction,CallingFunctionCallingFunction
q_py_topic_exceptions:q_py_list_except1,HandlingFunctionCallingFunction,DefiningFunctionCallingFunction
q_py_topic_exceptions:q_py_list_except1,HandlingRecursiveFunction,CallingRecursiveFunction
q_py_topic_exceptions:q_py_list_except1,HandlingRecursiveFunction,DefiningRecursiveFunction
q_py_topic_exceptions:q_py_list_except1,HandlingNestedFunction,CallingNestedFunction
q_py_topic_exceptions:q_py_list_except1,HandlingNestedFunction,DefiningNestedFunction
q_py_topic_exceptions:q_py_list_except1,HandlingStandardFunction,CallingStandardFunction
q_py_topic_exceptions:q_py_list_except1,HandlingStandardFunction,DefiningStandardFunction
q_py_topic_exceptions:q_py_list_except1,NonNestedIteration,SingleForLoopIteration
q_py_topic_exceptions:q_py_list_except1,NonNestedIteration,SingleWhileLoopIteration
q_py_topic_exceptions:q_py_list_except1,WhileLoopWithUpdate,WhileLoopWithListIndexing
q_py_topic_exceptions:q_py_list_except1,WhileLoopWithUpdate,WhileLoopWith*=
q_py_topic_exceptions:q_py_list_except1,WhileLoopWithUpdate,WhileLoopWith+=
q_py_topic_exceptions:q_py_list_except1,ForLoopWithUpdate,ForLoopWith+=
q_py_topic_exceptions:q_py_list_except1,ForLoopWithUpdate,ForLoopWith*=
q_py_topic_exceptions:q_py_list_except1,ForLoopWithUpdate,ForLoopWithListIndexing
q_py_topic_exceptions:q_py_list_except1,NestedLoopIteration,MixedNestedLoopIteration
q_py_topic_exceptions:q_py_list_except1,NestedLoopIteration,NestedForLoopIteration
q_py_topic_exceptions:q_py_list_except1,NestedLoopIteration,NestedWhileLoopIteration
q_py_topic_exceptions:q_py_list_except1,ArithmeticOperation,FindAbsolute
q_py_topic_exceptions:q_py_list_except1,ArithmeticOperation,FindRemainder
q_py_topic_exceptions:q_py_list_except1,ArithmeticOperation,FindMaximum
q_py_topic_exceptions:q_py_list_except1,ArithmeticOperation,Addition
q_py_topic_exceptions:q_py_list_except1,ArithmeticOperation,Round
q_py_topic_exceptions:q_py_list_except1,ArithmeticOperation,Power
q_py_topic_exceptions:q_py_list_except1,ArithmeticOperation,FindMinimum
q_py_topic_exceptions:q_py_list_except1,ArithmeticOperation,Substraction
q_py_topic_exceptions:q_py_list_except1,ArithmeticOperation,Division
q_py_topic_exceptions:q_py_list_except1,ArithmeticOperation,Multiplication
q_py_topic_exceptions:q_py_list_except1,HandlingInteger,TransformingToIntType
q_py_topic_exceptions:q_py_list_except1,HandlingTuple,CreatingTuple
q_py_topic_exceptions:q_py_list_except1,HandlingString,TrimmingString
q_py_topic_exceptions:q_py_list_except1,HandlingString,IndexingString
q_py_topic_exceptions:q_py_list_except1,HandlingString,SlicingString
q_py_topic_exceptions:q_py_list_except1,ModifyingStringCase,ConvertStringToUpperCase
q_py_topic_exceptions:q_py_list_except1,ModifyingStringCase,ConvertStringToLowerCase
q_py_topic_exceptions:q_py_list_except1,ModifyingStringCase,CapitalizeString
q_py_topic_exceptions:q_py_list_except1,HandlingError,HandlingSpecificError
q_py_topic_exceptions:q_py_list_except1,HandlingError,HandlingGeneralError
q_py_topic_exceptions:q_py_value_except1,TwoDimensionalArrayTask,ReplacingElement2DArray
q_py_topic_exceptions:q_py_value_except1,TwoDimensionalArrayTask,Indexing2DArray
q_py_topic_exceptions:q_py_value_except1,TwoDimensionalArrayTask,Create2DArray
q_py_topic_exceptions:q_py_value_except1,HandlingObjectOrientedProgramming,CallingOOPMethod
q_py_topic_exceptions:q_py_value_except1,HandlingObjectOrientedProgramming,CreatingObject
q_py_topic_exceptions:q_py_value_except1,HandlingObjectOrientedProgramming,DefiningClass
q_py_topic_exceptions:q_py_value_except1,HandlingObjectOrientedProgramming,DefiningOOPMethod
q_py_topic_exceptions:q_py_value_except1,HandlingFunction,NestedFunctionCall
q_py_topic_exceptions:q_py_value_except1,HandlingFunctionCallingFunction,DefiningFunctionCallingFunction
q_py_topic_exceptions:q_py_value_except1,HandlingStandardFunction,DefiningStandardFunction
q_py_topic_exceptions:q_py_value_except1,WhileLoopWithUpdate,WhileLoopWithListIndexing
q_py_topic_exceptions:q_py_value_except1,WhileLoopWithUpdate,WhileLoopWith*=
q_py_topic_exceptions:q_py_value_except1,WhileLoopWithUpdate,WhileLoopWith+=
q_py_topic_exceptions:q_py_value_except1,ForLoopWithUpdate,ForLoopWith+=
q_py_topic_exceptions:q_py_value_except1,ForLoopWithUpdate,ForLoopWith*=
q_py_topic_exceptions:q_py_value_except1,NestedLoopIteration,MixedNestedLoopIteration
q_py_topic_exceptions:q_py_value_except1,NestedLoopIteration,NestedForLoopIteration
q_py_topic_exceptions:q_py_value_except1,NestedLoopIteration,NestedWhileLoopIteration
q_py_topic_exceptions:q_py_value_except1,ArithmeticOperation,FindAbsolute
q_py_topic_exceptions:q_py_value_except1,ArithmeticOperation,FindRemainder
q_py_topic_exceptions:q_py_value_except1,ArithmeticOperation,FindMaximum
q_py_topic_exceptions:q_py_value_except1,ArithmeticOperation,Addition
q_py_topic_exceptions:q_py_value_except1,ArithmeticOperation,Round
q_py_topic_exceptions:q_py_value_except1,ArithmeticOperation,Power
q_py_topic_exceptions:q_py_value_except1,ArithmeticOperation,FindMinimum
q_py_topic_exceptions:q_py_value_except1,ArithmeticOperation,Substraction
q_py_topic_exceptions:q_py_value_except1,ArithmeticOperation,Division
q_py_topic_exceptions:q_py_value_except1,ArithmeticOperation,Multiplication
q_py_topic_file_processing:q_py_file1,Python,Concatenation
q_py_topic_file_processing:q_py_file1,Python,Importing
q_py_topic_file_processing:q_py_file1,Python,FindingLength
q_py_topic_file_processing:q_py_file1,Python,Printing
q_py_topic_file_processing:q_py_file1,Python,CheckingForItem
q_py_topic_file_processing:q_py_file1,Python,HandlingInput
q_py_topic_file_processing:q_py_file1,CheckingCondition,IfElseChecking
q_py_topic_file_processing:q_py_file1,CheckingCondition,AssertChecking
q_py_topic_file_processing:q_py_file1,CheckingCondition,IfElifElseChecking
q_py_topic_file_processing:q_py_file1,CheckingCondition,NestedIfChecking
q_py_topic_file_processing:q_py_file1,CheckingCondition,IfChecking
q_py_topic_file_processing:q_py_file1,CheckingCondition,IfElifChecking
q_py_topic_file_processing:q_py_file1,CheckingCondition,BooleanEvaluating
q_py_topic_file_processing:q_py_file1,CheckingInForLoop,IfElseCheckingInForLoop
q_py_topic_file_processing:q_py_file1,CheckingInForLoop,IfElifCheckingInForLoop
q_py_topic_file_processing:q_py_file1,CheckingInForLoop,IfCheckingInForLoop
q_py_topic_file_processing:q_py_file1,CheckingInForLoop,IfElifElseCheckingInForLoop
q_py_topic_file_processing:q_py_file1,CheckingInWhileLoop,IfElifElseCheckingInWhileLoop
q_py_topic_file_processing:q_py_file1,CheckingInWhileLoop,IfCheckingInWhileLoop
q_py_topic_file_processing:q_py_file1,CheckingInWhileLoop,IfElseCheckingInWhileLoop
q_py_topic_file_processing:q_py_file1,CheckingInWhileLoop,IfElifCheckingInWhileLoop
q_py_topic_file_processing:q_py_file1,ManagingVariable,SwappingVariablesValue
q_py_topic_functions:q_py_fun_car1,HandlingObjectOrientedProgramming,DefiningOOPMethod
q_py_topic_functions:q_py_fun_car1,HandlingFunctionCallingFunction,DefiningFunctionCallingFunction
q_py_topic_functions:q_py_fun_car1,HandlingStandardFunction,CallingStandardFunction
q_py_topic_functions:q_py_fun_car1,HandlingStandardFunction,DefiningStandardFunction
q_py_topic_functions:q_py_fun_car1,ArithmeticOperation,Division
q_py_topic_functions:q_py_fun_car1,ArithmeticOperation,Multiplication
q_py_topic_functions:q_py_fun_car2,HandlingAdvancedDataStructure,BinaryTreeTask
q_py_topic_functions:q_py_fun_car2,HandlingAdvancedDataStructure,LinkedListTask
q_py_topic_functions:q_py_fun_car2,HandlingAdvancedDataStructure,QueueTask
q_py_topic_functions:q_py_fun_car2,HandlingAdvancedDataStructure,StackTask
q_py_topic_functions:q_py_fun_car2,TwoDimensionalArrayTask,ReplacingElement2DArray
q_py_topic_functions:q_py_fun_car2,TwoDimensionalArrayTask,Indexing2DArray
q_py_topic_functions:q_py_fun_car2,TwoDimensionalArrayTask,Create2DArray
q_py_topic_functions:q_py_fun_car2,HandlingObjectOrientedProgramming,CallingOOPMethod
q_py_topic_functions:q_py_fun_car2,HandlingObjectOrientedProgramming,CreatingObject
q_py_topic_functions:q_py_fun_car2,HandlingObjectOrientedProgramming,DefiningClass
q_py_topic_functions:q_py_fun_car2,HandlingObjectOrientedProgramming,DefiningOOPMethod
q_py_topic_if_statement:q_py_if_elif1,Python,CheckingForItem
q_py_topic_if_statement:q_py_if_elif1,CheckingCondition,IfElseChecking
q_py_topic_if_statement:q_py_nested_if1,Python,Concatenation
q_py_topic_if_statement:q_py_nested_if1,Python,Importing
q_py_topic_if_statement:q_py_nested_if1,Python,FindingLength
q_py_topic_if_statement:q_py_nested_if1,Python,Printing
q_py_topic_if_statement:q_py_nested_if1,Python,CheckingForItem
q_py_topic_if_statement:q_py_nested_if1,Python,HandlingInput
q_py_topic_if_statement:q_py_nested_if1,CheckingCondition,IfElseChecking
q_py_topic_if_statement:q_py_nested_if1,CheckingCondition,AssertChecking
q_py_topic_if_statement:q_py_nested_if1,CheckingCondition,IfElifElseChecking
q_py_topic_if_statement:q_py_nested_if1,CheckingCondition,NestedIfChecking
q_py_topic_if_statement:q_py_nested_if1,CheckingCondition,IfChecking
q_py_topic_if_statement:q_py_nested_if1,CheckingCondition,IfElifChecking
q_py_topic_if_statement:q_py_nested_if1,CheckingCondition,BooleanEvaluating
q_py_topic_if_statement:q_py_nested_if1,CheckingInForLoop,IfElseCheckingInForLoop
q_py_topic_if_statement:q_py_nested_if1,CheckingInForLoop,IfElifCheckingInForLoop
q_py_topic_if_statement:q_py_nested_if1,CheckingInForLoop,IfCheckingInForLoop
q_py_topic_if_statement:q_py_nested_if1,CheckingInForLoop,IfElifElseCheckingInForLoop
q_py_topic_if_statement:q_py_nested_if1,CheckingInWhileLoop,IfElifElseCheckingInWhileLoop
q_py_topic_if_statement:q_py_nested_if1,CheckingInWhileLoop,IfCheckingInWhileLoop
q_py_topic_if_statement:q_py_nested_if1,CheckingInWhileLoop,IfElseCheckingInWhileLoop
q_py_topic_if_statement:q_py_nested_if1,CheckingInWhileLoop,IfElifCheckingInWhileLoop
q_py_topic_if_statement:q_py_nested_if1,ManagingVariable,SwappingVariablesValue
q_py_topic_if_statement:q_py_nested_if_elif1,Python,Concatenation
q_py_topic_if_statement:q_py_nested_if_elif1,Python,Importing
q_py_topic_if_statement:q_py_nested_if_elif1,Python,FindingLength
q_py_topic_if_statement:q_py_nested_if_elif1,Python,Printing
q_py_topic_if_statement:q_py_nested_if_elif1,Python,CheckingForItem
q_py_topic_if_statement:q_py_nested_if_elif1,Python,HandlingInput
q_py_topic_if_statement:q_py_nested_if_elif1,CheckingCondition,IfElseChecking
q_py_topic_if_statement:q_py_nested_if_elif1,CheckingCondition,AssertChecking
q_py_topic_if_statement:q_py_nested_if_elif1,CheckingCondition,IfElifElseChecking
q_py_topic_if_statement:q_py_nested_if_elif1,CheckingCondition,NestedIfChecking
q_py_topic_if_statement:q_py_nested_if_elif1,CheckingCondition,IfChecking
q_py_topic_if_statement:q_py_nested_if_elif1,CheckingCondition,IfElifChecking
q_py_topic_if_statement:q_py_nested_if_elif1,CheckingCondition,BooleanEvaluating
q_py_topic_if_statement:q_py_nested_if_elif1,CheckingInForLoop,IfElseCheckingInForLoop
q_py_topic_if_statement:q_py_nested_if_elif1,CheckingInForLoop,IfElifCheckingInForLoop
q_py_topic_if_statement:q_py_nested_if_elif1,CheckingInForLoop,IfCheckingInForLoop
q_py_topic_if_statement:q_py_nested_if_elif1,CheckingInForLoop,IfElifElseCheckingInForLoop
q_py_topic_if_statement:q_py_nested_if_elif1,CheckingInWhileLoop,IfElifElseCheckingInWhileLoop
q_py_topic_if_statement:q_py_nested_if_elif1,CheckingInWhileLoop,IfCheckingInWhileLoop
q_py_topic_if_statement:q_py_nested_if_elif1,CheckingInWhileLoop,IfElseCheckingInWhileLoop
q_py_topic_if_statement:q_py_nested_if_elif1,CheckingInWhileLoop,IfElifCheckingInWhileLoop
q_py_topic_if_statement:q_py_nested_if_elif1,ManagingVariable,SwappingVariablesValue
q_py_topic_if_statement:q_py_nested_if_elif1,ArithmeticOperation,FindAbsolute
q_py_topic_if_statement:q_py_nested_if_elif2,Python,Concatenation
q_py_topic_if_statement:q_py_nested_if_elif2,Python,Importing
q_py_topic_if_statement:q_py_nested_if_elif2,Python,FindingLength
q_py_topic_if_statement:q_py_nested_if_elif2,Python,Printing
q_py_topic_if_statement:q_py_nested_if_elif2,Python,CheckingForItem
q_py_topic_if_statement:q_py_nested_if_elif2,Python,HandlingInput
q_py_topic_if_statement:q_py_nested_if_elif2,CheckingCondition,IfElseChecking
q_py_topic_if_statement:q_py_nested_if_elif2,CheckingCondition,AssertChecking
q_py_topic_if_statement:q_py_nested_if_elif2,CheckingCondition,IfElifElseChecking
q_py_topic_if_statement:q_py_nested_if_elif2,CheckingCondition,NestedIfChecking
q_py_topic_if_statement:q_py_nested_if_elif2,CheckingCondition,IfChecking
q_py_topic_if_statement:q_py_nested_if_elif2,CheckingCondition,IfElifChecking
q_py_topic_if_statement:q_py_nested_if_elif2,CheckingCondition,BooleanEvaluating
q_py_topic_if_statement:q_py_nested_if_elif2,CheckingInForLoop,IfElseCheckingInForLoop
q_py_topic_if_statement:q_py_nested_if_elif2,CheckingInForLoop,IfElifCheckingInForLoop
q_py_topic_if_statement:q_py_nested_if_elif2,CheckingInForLoop,IfCheckingInForLoop
q_py_topic_if_statement:q_py_nested_if_elif2,CheckingInForLoop,IfElifElseCheckingInForLoop
q_py_topic_if_statement:q_py_nested_if_elif2,CheckingInWhileLoop,IfElifElseCheckingInWhileLoop
q_py_topic_if_statement:q_py_nested_if_elif2,CheckingInWhileLoop,IfCheckingInWhileLoop
q_py_topic_if_statement:q_py_nested_if_elif2,CheckingInWhileLoop,IfElseCheckingInWhileLoop
q_py_topic_if_statement:q_py_nested_if_elif2,CheckingInWhileLoop,IfElifCheckingInWhileLoop
q_py_topic_if_statement:q_py_nested_if_elif2,ManagingVariable,SwappingVariablesValue
q_py_topic_if_statement:q_py_nested_if_elif2,HandlingString,TrimmingString
q_py_topic_if_statement:q_py_nested_if_elif2,HandlingString,IndexingString
q_py_topic_if_statement:q_py_nested_if_elif2,HandlingString,SlicingString
q_py_topic_if_statement:q_py_nested_if_elif2,ModifyingStringCase,ConvertStringToUpperCase
q_py_topic_if_statement:q_py_nested_if_elif2,ModifyingStringCase,ConvertStringToLowerCase
q_py_topic_if_statement:q_py_nested_if_elif2,ModifyingStringCase,CapitalizeString
q_py_topic_if_statement:q_py_nested_if_elif2,HandlingError,HandlingSpecificError
q_py_topic_if_statement:q_py_nested_if_elif2,HandlingError,HandlingGeneralError
q_py_topic_lists:q_py_add_two_lists1,NonNestedIteration,SingleWhileLoopIteration
q_py_topic_lists:q_py_add_two_lists1,WhileLoopWithUpdate,WhileLoopWithListIndexing
q_py_topic_lists:q_py_add_two_lists1,WhileLoopWithUpdate,WhileLoopWith*=
q_py_topic_lists:q_py_add_two_lists1,WhileLoopWithUpdate,WhileLoopWith+=
q_py_topic_lists:q_py_add_two_lists1,ForLoopWithUpdate,ForLoopWith+=
q_py_topic_lists:q_py_add_two_lists1,ForLoopWithUpdate,ForLoopWith*=
q_py_topic_lists:q_py_add_two_lists1,ForLoopWithUpdate,ForLoopWithListIndexing
q_py_topic_lists:q_py_add_two_lists1,NestedLoopIteration,MixedNestedLoopIteration
q_py_topic_lists:q_py_add_two_lists1,NestedLoopIteration,NestedForLoopIteration
q_py_topic_lists:q_py_add_two_lists1,NestedLoopIteration,NestedWhileLoopIteration
q_py_topic_lists:q_py_add_two_lists1,ArithmeticOperation,FindAbsolute
q_py_topic_lists:q_py_add_two_lists1,ArithmeticOperation,FindRemainder
q_py_topic_lists:q_py_add_two_lists1,ArithmeticOperation,FindMaximum
q_py_topic_lists:q_py_add_two_lists1,ArithmeticOperation,Addition
q_py_topic_lists:q_py_add_two_lists1,ArithmeticOperation,Round
q_py_topic_lists:q_py_add_two_lists1,ArithmeticOperation,Power
q_py_topic_lists:q_py_add_two_lists1,ArithmeticOperation,FindMinimum
q_py_topic_lists:q_py_add_two_lists1,ArithmeticOperation,Substraction
q_py_topic_lists:q_py_add_two_lists1,ArithmeticOperation,Division
q_py_topic_lists:q_py_add_two_lists1,ArithmeticOperation,Multiplication
q_py_topic_lists:q_py_add_two_lists1,HandlingInteger,TransformingToIntType
q_py_topic_lists:q_py_add_two_lists1,HandlingTuple,CreatingTuple
q_py_topic_lists:q_py_add_two_lists1,AddingListElement,AddingListElementWithInsert
q_py_topic_lists:q_py_add_two_lists1,HandlingString,FormattingString
q_py_topic_lists:q_py_list_access1,ManagingVariable,AssigningVariable
q_py_topic_lists:q_py_list_access1,ManagingVariable,UpdatingVariable
q_py_topic_lists:q_py_list_access1,HandlingAdvancedDataStructure,BinaryTreeTask
q_py_topic_lists:q_py_list_access1,HandlingAdvancedDataStructure,LinkedListTask
q_py_topic_lists:q_py_list_access1,HandlingAdvancedDataStructure,QueueTask
q_py_topic_lists:q_py_list_access1,HandlingAdvancedDataStructure,StackTask
q_py_topic_lists:q_py_list_access1,TwoDimensionalArrayTask,ReplacingElement2DArray
q_py_topic_lists:q_py_list_access1,TwoDimensionalArrayTask,Indexing2DArray
q_py_topic_lists:q_py_list_access1,TwoDimensionalArrayTask,Create2DArray
q_py_topic_lists:q_py_list_access1,HandlingObjectOrientedProgramming,CallingOOPMethod
q_py_topic_lists:q_py_list_access1,HandlingObjectOrientedProgramming,CreatingObject
q_py_topic_lists:q_py_list_access1,HandlingObjectOrientedProgramming,DefiningClass
q_py_topic_lists:q_py_list_access1,HandlingObjectOrientedProgramming,DefiningOOPMethod
q_py_topic_lists:q_py_list_access1,HandlingFunction,CallingFunctionLibrary
q_py_topic_lists:q_py_list_access1,HandlingFunction,NestedFunctionCall
q_py_topic_lists:q_py_list_access1,HandlingFunctionCallingFunction,CallingFunctionCallingFunction
q_py_topic_lists:q_py_list_access1,HandlingFunctionCallingFunction,DefiningFunctionCallingFunction
q_py_topic_lists:q_py_list_access1,HandlingRecursiveFunction,CallingRecursiveFunction
q_py_topic_lists:q_py_list_access1,HandlingRecursiveFunction,DefiningRecursiveFunction
q_py_topic_lists:q_py_list_access1,HandlingNestedFunction,CallingNestedFunction
q_py_topic_lists:q_py_list_access1,HandlingNestedFunction,DefiningNestedFunction
q_py_topic_lists:q_py_list_access1,HandlingStandardFunction,CallingStandardFunction
q_py_topic_lists:q_py_list_access1,HandlingStandardFunction,DefiningStandardFunction
q_py_topic_lists:q_py_list_access1,NonNestedIteration,SingleForLoopIteration
q_py_topic_lists:q_py_list_access1,HandlingFloat,TransformingToFloatType
q_py_topic_lists:q_py_list_access1,HandlingString,TrimmingString
q_py_topic_lists:q_py_list_access1,HandlingString,IndexingString
q_py_topic_lists:q_py_list_access1,HandlingString,SlicingString
q_py_topic_lists:q_py_list_access1,ModifyingStringCase,ConvertStringToUpperCase
q_py_topic_lists:q_py_list_access1,ModifyingStringCase,ConvertStringToLowerCase
q_py_topic_lists:q_py_list_access1,ModifyingStringCase,CapitalizeString
q_py_topic_lists:q_py_list_access1,HandlingError,HandlingSpecificError
q_py_topic_lists:q_py_list_access1,HandlingError,HandlingGeneralError
q_py_topic_lists:q_py_list_access2,ManagingVariable,AssigningVariable
q_py_topic_lists:q_py_list_access2,ManagingVariable,UpdatingVariable
q_py_topic_lists:q_py_list_access2,HandlingAdvancedDataStructure,BinaryTreeTask
q_py_topic_lists:q_py_list_access2,HandlingAdvancedDataStructure,LinkedListTask
q_py_topic_lists:q_py_list_access2,HandlingAdvancedDataStructure,QueueTask
q_py_topic_lists:q_py_list_access2,HandlingAdvancedDataStructure,StackTask
q_py_topic_lists:q_py_list_access2,TwoDimensionalArrayTask,ReplacingElement2DArray
q_py_topic_lists:q_py_list_access2,TwoDimensionalArrayTask,Indexing2DArray
q_py_topic_lists:q_py_list_access2,TwoDimensionalArrayTask,Create2DArray
q_py_topic_lists:q_py_list_access2,HandlingObjectOrientedProgramming,CallingOOPMethod
q_py_topic_lists:q_py_list_access2,HandlingObjectOrientedProgramming,CreatingObject
q_py_topic_lists:q_py_list_access2,HandlingObjectOrientedProgramming,DefiningClass
q_py_topic_lists:q_py_list_access2,HandlingObjectOrientedProgramming,DefiningOOPMethod
q_py_topic_lists:q_py_list_access2,HandlingFunction,CallingFunctionLibrary
q_py_topic_lists:q_py_list_access2,HandlingFunction,NestedFunctionCall
q_py_topic_lists:q_py_list_access2,HandlingFunctionCallingFunction,CallingFunctionCallingFunction
q_py_topic_lists:q_py_list_access2,HandlingFunctionCallingFunction,DefiningFunctionCallingFunction
q_py_topic_lists:q_py_list_access2,HandlingRecursiveFunction,CallingRecursiveFunction
q_py_topic_lists:q_py_list_access2,HandlingRecursiveFunction,DefiningRecursiveFunction
q_py_topic_lists:q_py_list_access2,HandlingNestedFunction,CallingNestedFunction
q_py_topic_lists:q_py_list_access2,HandlingNestedFunction,DefiningNestedFunction
q_py_topic_lists:q_py_list_access2,HandlingStandardFunction,CallingStandardFunction
q_py_topic_lists:q_py_list_access2,HandlingStandardFunction,DefiningStandardFunction
q_py_topic_lists:q_py_list_access2,NonNestedIteration,SingleForLoopIteration
q_py_topic_lists:q_py_list_access2,NonNestedIteration,SingleWhileLoopIteration
q_py_topic_lists:q_py_list_access2,WhileLoopWithUpdate,WhileLoopWithListIndexing
q_py_topic_lists:q_py_list_access2,WhileLoopWithUpdate,WhileLoopWith*=
q_py_topic_lists:q_py_list_access2,WhileLoopWithUpdate,WhileLoopWith+=
q_py_topic_lists:q_py_list_access2,ForLoopWithUpdate,ForLoopWith+=
q_py_topic_lists:q_py_list_access2,ForLoopWithUpdate,ForLoopWith*=
q_py_topic_lists:q_py_list_access2,ForLoopWithUpdate,ForLoopWithListIndexing
q_py_topic_lists:q_py_list_access2,NestedLoopIteration,MixedNestedLoopIteration
q_py_topic_lists:q_py_list_access2,NestedLoopIteration,NestedForLoopIteration
q_py_topic_lists:q_py_list_access2,NestedLoopIteration,NestedWhileLoopIteration
q_py_topic_lists:q_py_list_access2,ArithmeticOperation,FindAbsolute
q_py_topic_lists:q_py_list_access2,ArithmeticOperation,FindRemainder
q_py_topic_lists:q_py_list_access2,ArithmeticOperation,FindMaximum
q_py_topic_lists:q_py_list_access2,ArithmeticOperation,Addition
q_py_topic_lists:q_py_list_access2,ArithmeticOperation,Round
q_py_topic_lists:q_py_list_access2,ArithmeticOperation,Power
q_py_topic_lists:q_py_list_access2,ArithmeticOperation,FindMinimum
q_py_topic_lists:q_py_list_access2,ArithmeticOperation,Substraction
q_py_topic_lists:q_py_list_access2,ArithmeticOperation,Division
q_py_topic_lists:q_py_list_access2,ArithmeticOperation,Multiplication
q_py_topic_lists:q_py_list_access2,HandlingInteger,TransformingToIntType
q_py_topic_lists:q_py_list_access2,HandlingTuple,CreatingTuple
q_py_topic_lists:q_py_list_append1,NonNestedIteration,SingleWhileLoopIteration
q_py_topic_lists:q_py_list_append1,WhileLoopWithUpdate,WhileLoopWithListIndexing
q_py_topic_lists:q_py_list_append1,WhileLoopWithUpdate,WhileLoopWith*=
q_py_topic_lists:q_py_list_append1,WhileLoopWithUpdate,WhileLoopWith+=
q_py_topic_lists:q_py_list_append1,ForLoopWithUpdate,ForLoopWith*=
q_py_topic_lists:q_py_list_append1,ArithmeticOperation,FindAbsolute
q_py_topic_lists:q_py_list_append1,ArithmeticOperation,FindRemainder
q_py_topic_lists:q_py_list_append1,ArithmeticOperation,FindMaximum
q_py_topic_lists:q_py_list_append1,ArithmeticOperation,Round
q_py_topic_lists:q_py_list_append1,ArithmeticOperation,Power
q_py_topic_lists:q_py_list_append1,ArithmeticOperation,FindMinimum
q_py_topic_lists:q_py_list_append1,ArithmeticOperation,Substraction
q_py_topic_lists:q_py_list_append1,ArithmeticOperation,Division
q_py_topic_lists:q_py_list_append1,ArithmeticOperation,Multiplication
q_py_topic_lists:q_py_list_append1,AddingListElement,AddingListElementWithInsert
q_py_topic_lists:q_py_list_remove1,HandlingAdvancedDataStructure,BinaryTreeTask
q_py_topic_lists:q_py_list_remove1,HandlingAdvancedDataStructure,LinkedListTask
q_py_topic_lists:q_py_list_remove1,HandlingAdvancedDataStructure,QueueTask
q_py_topic_lists:q_py_list_remove1,HandlingAdvancedDataStructure,StackTask
q_py_topic_lists:q_py_list_remove1,TwoDimensionalArrayTask,ReplacingElement2DArray
q_py_topic_lists:q_py_list_remove1,TwoDimensionalArrayTask,Indexing2DArray
q_py_topic_lists:q_py_list_remove1,TwoDimensionalArrayTask,Create2DArray
q_py_topic_lists:q_py_list_remove1,HandlingObjectOrientedProgramming,CallingOOPMethod
q_py_topic_lists:q_py_list_remove1,HandlingObjectOrientedProgramming,CreatingObject
q_py_topic_lists:q_py_list_remove1,HandlingObjectOrientedProgramming,DefiningClass
q_py_topic_lists:q_py_list_remove1,HandlingObjectOrientedProgramming,DefiningOOPMethod
q_py_topic_lists:q_py_list_remove1,HandlingList,ReversingList
q_py_topic_logical_operators:q_py_account_logic1,HandlingRecursiveFunction,CallingRecursiveFunction
q_py_topic_logical_operators:q_py_account_logic1,WhileLoopWithUpdate,WhileLoopWith*=
q_py_topic_logical_operators:q_py_account_logic1,HandlingList,DeletingListElement
q_py_topic_logical_operators:q_py_comparison_logic1,HandlingAdvancedDataStructure,BinaryTreeTask
q_py_topic_logical_operators:q_py_comparison_logic1,HandlingAdvancedDataStructure,LinkedListTask
q_py_topic_logical_operators:q_py_comparison_logic1,HandlingAdvancedDataStructure,QueueTask
q_py_topic_logical_operators:q_py_comparison_logic1,HandlingAdvancedDataStructure,StackTask
q_py_topic_logical_operators:q_py_comparison_logic1,TwoDimensionalArrayTask,ReplacingElement2DArray
q_py_topic_logical_operators:q_py_comparison_logic1,TwoDimensionalArrayTask,Indexing2DArray
q_py_topic_logical_operators:q_py_comparison_logic1,TwoDimensionalArrayTask,Create2DArray
q_py_topic_logical_operators:q_py_comparison_logic1,HandlingObjectOrientedProgramming,CallingOOPMethod
q_py_topic_logical_operators:q_py_comparison_logic1,HandlingObjectOrientedProgramming,CreatingObject
q_py_topic_logical_operators:q_py_comparison_logic1,HandlingObjectOrientedProgramming,DefiningClass
q_py_topic_logical_operators:q_py_comparison_logic1,HandlingObjectOrientedProgramming,DefiningOOPMethod
q_py_topic_logical_operators:q_py_comparison_logic1,NonNestedIteration,SingleWhileLoopIteration
q_py_topic_logical_operators:q_py_comparison_logic1,WhileLoopWithUpdate,WhileLoopWithListIndexing
q_py_topic_logical_operators:q_py_comparison_logic1,WhileLoopWithUpdate,WhileLoopWith*=
q_py_topic_logical_operators:q_py_comparison_logic1,WhileLoopWithUpdate,WhileLoopWith+=
q_py_topic_logical_operators:q_py_comparison_logic1,ForLoopWithUpdate,ForLoopWith+=
q_py_topic_logical_operators:q_py_comparison_logic1,ForLoopWithUpdate,ForLoopWith*=
q_py_topic_logical_operators:q_py_comparison_logic1,ForLoopWithUpdate,ForLoopWithListIndexing
q_py_topic_logical_operators:q_py_comparison_logic1,NestedLoopIteration,MixedNestedLoopIteration
q_py_topic_logical_operators:q_py_comparison_logic1,NestedLoopIteration,NestedForLoopIteration
q_py_topic_logical_operators:q_py_comparison_logic1,NestedLoopIteration,NestedWhileLoopIteration
q_py_topic_logical_operators:q_py_comparison_logic1,ArithmeticOperation,FindAbsolute
q_py_topic_logical_operators:q_py_comparison_logic1,ArithmeticOperation,FindRemainder
q_py_topic_logical_operators:q_py_comparison_logic1,ArithmeticOperation,FindMaximum
q_py_topic_logical_operators:q_py_comparison_logic1,ArithmeticOperation,Addition
q_py_topic_logical_operators:q_py_comparison_logic1,ArithmeticOperation,Round
q_py_topic_logical_operators:q_py_comparison_logic1,ArithmeticOperation,Power
q_py_topic_logical_operators:q_py_comparison_logic1,ArithmeticOperation,FindMinimum
q_py_topic_logical_operators:q_py_comparison_logic1,ArithmeticOperation,Substraction
q_py_topic_logical_operators:q_py_comparison_logic1,ArithmeticOperation,Division
q_py_topic_logical_operators:q_py_comparison_logic1,ArithmeticOperation,Multiplication
q_py_topic_logical_operators:q_py_comparison_logic1,HandlingInteger,TransformingToIntType
q_py_topic_logical_operators:q_py_comparison_logic1,HandlingTuple,CreatingTuple
q_py_topic_loops:q_py_for_loop1,HandlingFunctionCallingFunction,DefiningFunctionCallingFunction
q_py_topic_loops:q_py_for_loop1,NonNestedIteration,SingleWhileLoopIteration
q_py_topic_loops:q_py_for_loop1,WhileLoopWithUpdate,WhileLoopWithListIndexing
q_py_topic_loops:q_py_for_loop1,WhileLoopWithUpdate,WhileLoopWith*=
q_py_topic_loops:q_py_for_loop1,WhileLoopWithUpdate,WhileLoopWith+=
q_py_topic_loops:q_py_for_loop1,ForLoopWithUpdate,ForLoopWith*=
q_py_topic_loops:q_py_for_loop1,NestedLoopIteration,NestedWhileLoopIteration
q_py_topic_loops:q_py_for_loop1,ArithmeticOperation,FindAbsolute
q_py_topic_loops:q_py_for_loop1,ArithmeticOperation,FindRemainder
q_py_topic_loops:q_py_for_loop1,ArithmeticOperation,FindMaximum
q_py_topic_loops:q_py_for_loop1,ArithmeticOperation,Round
q_py_topic_loops:q_py_for_loop1,ArithmeticOperation,Power
q_py_topic_loops:q_py_for_loop1,ArithmeticOperation,FindMinimum
q_py_topic_loops:q_py_for_loop1,ArithmeticOperation,Substraction
q_py_topic_loops:q_py_for_loop1,ArithmeticOperation,Division
q_py_topic_loops:q_py_for_loop1,ArithmeticOperation,Multiplication
q_py_topic_loops:q_py_nested_while1,ForLoopWithUpdate,ForLoopWith+=
q_py_topic_loops:q_py_nested_while1,ForLoopWithUpdate,ForLoopWith*=
q_py_topic_loops:q_py_nested_while1,ForLoopWithUpdate,ForLoopWithListIndexing
q_py_topic_loops:q_py_nested_while1,NestedLoopIteration,NestedForLoopIteration
q_py_topic_loops:q_py_nested_while1,HandlingDictionary,ReplacingDictionaryElement
q_py_topic_loops:q_py_while_loop1,HandlingFunctionCallingFunction,DefiningFunctionCallingFunction
q_py_topic_loops:q_py_while_loop1,ForLoopWithUpdate,ForLoopWith+=
q_py_topic_loops:q_py_while_loop1,ForLoopWithUpdate,ForLoopWith*=
q_py_topic_loops:q_py_while_loop1,ForLoopWithUpdate,ForLoopWithListIndexing
q_py_topic_loops:q_py_while_loop2,Python,Concatenation
q_py_topic_loops:q_py_while_loop2,Python,Importing
q_py_topic_loops:q_py_while_loop2,Python,FindingLength
q_py_topic_loops:q_py_while_loop2,Python,Printing
q_py_topic_loops:q_py_while_loop2,Python,CheckingForItem
q_py_topic_loops:q_py_while_loop2,Python,HandlingInput
q_py_topic_loops:q_py_while_loop2,CheckingCondition,IfElseChecking
q_py_topic_loops:q_py_while_loop2,CheckingCondition,AssertChecking
q_py_topic_loops:q_py_while_loop2,CheckingCondition,IfElifElseChecking
q_py_topic_loops:q_py_while_loop2,CheckingCondition,NestedIfChecking
q_py_topic_loops:q_py_while_loop2,CheckingCondition,IfChecking
q_py_topic_loops:q_py_while_loop2,CheckingCondition,IfElifChecking
q_py_topic_loops:q_py_while_loop2,CheckingCondition,BooleanEvaluating
q_py_topic_loops:q_py_while_loop2,CheckingInForLoop,IfElseCheckingInForLoop
q_py_topic_loops:q_py_while_loop2,CheckingInForLoop,IfElifCheckingInForLoop
q_py_topic_loops:q_py_while_loop2,CheckingInForLoop,IfCheckingInForLoop
q_py_topic_loops:q_py_while_loop2,CheckingInForLoop,IfElifElseCheckingInForLoop
q_py_topic_loops:q_py_while_loop2,CheckingInWhileLoop,IfElifElseCheckingInWhileLoop
q_py_topic_loops:q_py_while_loop2,CheckingInWhileLoop,IfCheckingInWhileLoop
q_py_topic_loops:q_py_while_loop2,CheckingInWhileLoop,IfElseCheckingInWhileLoop
q_py_topic_loops:q_py_while_loop2,CheckingInWhileLoop,IfElifCheckingInWhileLoop
q_py_topic_loops:q_py_while_loop2,ManagingVariable,SwappingVariablesValue
q_py_topic_loops:q_py_while_loop2,WhileLoopWithUpdate,WhileLoopWith*=
q_py_topic_loops:q_py_while_loop2,ForLoopWithUpdate,ForLoopWith+=
q_py_topic_loops:q_py_while_loop2,ForLoopWithUpdate,ForLoopWith*=
q_py_topic_loops:q_py_while_loop2,ForLoopWithUpdate,ForLoopWithListIndexing
q_py_topic_loops:q_py_while_loop2,ArithmeticOperation,FindAbsolute
q_py_topic_loops:q_py_while_loop2,ArithmeticOperation,FindRemainder
q_py_topic_loops:q_py_while_loop2,ArithmeticOperation,FindMaximum
q_py_topic_loops:q_py_while_loop2,ArithmeticOperation,Round
q_py_topic_loops:q_py_while_loop2,ArithmeticOperation,Power
q_py_topic_loops:q_py_while_loop2,ArithmeticOperation,FindMinimum
q_py_topic_loops:q_py_while_loop2,ArithmeticOperation,Substraction
q_py_topic_loops:q_py_while_loop2,ArithmeticOperation,Division
q_py_topic_loops:q_py_while_loop2,ArithmeticOperation,Multiplication
q_py_topic_loops:q_py_while_loop2,HandlingTuple,CreatingTuple
q_py_topic_loops:q_py_while_loop2,HandlingTuple,SlicingTuple
q_py_topic_loops:q_py_while_loop2,HandlingTuple,IndexingTuple
q_py_topic_loops:q_py_while_loop2,HandlingFloat,TransformingToFloatType
q_py_topic_loops:q_py_while_loop2,HandlingDictionary,ReplacingDictionaryElement
q_py_topic_loops:q_py_while_loop2,HandlingDictionary,IndexingDictionary
q_py_topic_loops:q_py_while_loop2,HandlingDictionary,AddingItemToDictionary
q_py_topic_loops:q_py_while_loop2,HandlingDictionary,AccessingDictionary
q_py_topic_loops:q_py_while_loop2,HandlingDictionary,CreatingDictionary
q_py_topic_loops:q_py_while_loop2,HandlingList,DeletingListElement
q_py_topic_loops:q_py_while_loop2,HandlingList,IndexingList
q_py_topic_loops:q_py_while_loop2,HandlingList,CreatingList
q_py_topic_loops:q_py_while_loop2,HandlingList,SlicingList
q_py_topic_loops:q_py_while_loop2,HandlingList,ReplacingListElement
q_py_topic_loops:q_py_while_loop2,HandlingList,ListReferencing
q_py_topic_loops:q_py_while_loop2,HandlingList,ReversingList
q_py_topic_loops:q_py_while_loop2,AddingListElement,AddingListElementWithInsert
q_py_topic_loops:q_py_while_loop2,AddingListElement,AddingListElementWithAppend
q_py_topic_loops:q_py_while_loop2,HandlingFile,ClosingFile
q_py_topic_loops:q_py_while_loop2,HandlingFile,ReadingLine
q_py_topic_loops:q_py_while_loop2,HandlingFile,OpeningFile
q_py_topic_loops:q_py_while_loop2,HandlingString,CreatingString
q_py_topic_loops:q_py_while_loop2,HandlingString,ReplacingStringContent
q_py_topic_loops:q_py_while_loop2,HandlingString,FormattingString
q_py_topic_loops:q_py_while_loop2,HandlingString,TransformingToStringType
q_py_topic_loops:q_py_while_loop2,HandlingString,SplittingString
q_py_topic_output_formatting:q_py_output1,ManagingVariable,AssigningVariable
q_py_topic_output_formatting:q_py_output1,ManagingVariable,UpdatingVariable
q_py_topic_output_formatting:q_py_output1,HandlingAdvancedDataStructure,BinaryTreeTask
q_py_topic_output_formatting:q_py_output1,HandlingAdvancedDataStructure,LinkedListTask
q_py_topic_output_formatting:q_py_output1,HandlingAdvancedDataStructure,QueueTask
q_py_topic_output_formatting:q_py_output1,HandlingAdvancedDataStructure,StackTask
q_py_topic_output_formatting:q_py_output1,TwoDimensionalArrayTask,ReplacingElement2DArray
q_py_topic_output_formatting:q_py_output1,TwoDimensionalArrayTask,Indexing2DArray
q_py_topic_output_formatting:q_py_output1,TwoDimensionalArrayTask,Create2DArray
q_py_topic_output_formatting:q_py_output1,HandlingObjectOrientedProgramming,CallingOOPMethod
q_py_topic_output_formatting:q_py_output1,HandlingObjectOrientedProgramming,CreatingObject
q_py_topic_output_formatting:q_py_output1,HandlingObjectOrientedProgramming,DefiningClass
q_py_topic_output_formatting:q_py_output1,HandlingObjectOrientedProgramming,DefiningOOPMethod
q_py_topic_output_formatting:q_py_output1,HandlingFunction,CallingFunctionLibrary
q_py_topic_output_formatting:q_py_output1,HandlingFunction,NestedFunctionCall
q_py_topic_output_formatting:q_py_output1,HandlingFunctionCallingFunction,CallingFunctionCallingFunction
q_py_topic_output_formatting:q_py_output1,HandlingFunctionCallingFunction,DefiningFunctionCallingFunction
q_py_topic_output_formatting:q_py_output1,HandlingRecursiveFunction,CallingRecursiveFunction
q_py_topic_output_formatting:q_py_output1,HandlingRecursiveFunction,DefiningRecursiveFunction
q_py_topic_output_formatting:q_py_output1,HandlingNestedFunction,CallingNestedFunction
q_py_topic_output_formatting:q_py_output1,HandlingNestedFunction,DefiningNestedFunction
q_py_topic_output_formatting:q_py_output1,HandlingStandardFunction,CallingStandardFunction
q_py_topic_output_formatting:q_py_output1,HandlingStandardFunction,DefiningStandardFunction
q_py_topic_output_formatting:q_py_output1,NonNestedIteration,SingleForLoopIteration
q_py_topic_output_formatting:q_py_output1,HandlingString,TrimmingString
q_py_topic_output_formatting:q_py_output1,HandlingString,IndexingString
q_py_topic_output_formatting:q_py_output1,HandlingString,SlicingString
q_py_topic_output_formatting:q_py_output1,ModifyingStringCase,ConvertStringToUpperCase
q_py_topic_output_formatting:q_py_output1,ModifyingStringCase,ConvertStringToLowerCase
q_py_topic_output_formatting:q_py_output1,ModifyingStringCase,CapitalizeString
q_py_topic_output_formatting:q_py_output1,HandlingError,HandlingSpecificError
q_py_topic_output_formatting:q_py_output1,HandlingError,HandlingGeneralError
q_py_topic_output_formatting:q_py_output2,ArithmeticOperation,FindAbsolute
q_py_topic_output_formatting:q_py_output2,HandlingTuple,IndexingTuple
q_py_topic_output_formatting:q_py_output2,HandlingString,TrimmingString
q_py_topic_output_formatting:q_py_output2,HandlingString,IndexingString
q_py_topic_output_formatting:q_py_output2,HandlingString,SlicingString
q_py_topic_output_formatting:q_py_output2,ModifyingStringCase,ConvertStringToUpperCase
q_py_topic_output_formatting:q_py_output2,ModifyingStringCase,ConvertStringToLowerCase
q_py_topic_output_formatting:q_py_output2,ModifyingStringCase,CapitalizeString
q_py_topic_output_formatting:q_py_output2,HandlingError,HandlingSpecificError
q_py_topic_output_formatting:q_py_output2,HandlingError,HandlingGeneralError
q_py_topic_output_formatting:q_py_output3,HandlingAdvancedDataStructure,BinaryTreeTask
q_py_topic_output_formatting:q_py_output3,HandlingAdvancedDataStructure,LinkedListTask
q_py_topic_output_formatting:q_py_output3,HandlingAdvancedDataStructure,QueueTask
q_py_topic_output_formatting:q_py_output3,HandlingAdvancedDataStructure,StackTask
q_py_topic_output_formatting:q_py_output3,TwoDimensionalArrayTask,ReplacingElement2DArray
q_py_topic_output_formatting:q_py_output3,TwoDimensionalArrayTask,Indexing2DArray
q_py_topic_output_formatting:q_py_output3,TwoDimensionalArrayTask,Create2DArray
q_py_topic_output_formatting:q_py_output3,HandlingObjectOrientedProgramming,CallingOOPMethod
q_py_topic_output_formatting:q_py_output3,HandlingObjectOrientedProgramming,CreatingObject
q_py_topic_output_formatting:q_py_output3,HandlingObjectOrientedProgramming,DefiningClass
q_py_topic_output_formatting:q_py_output3,HandlingObjectOrientedProgramming,DefiningOOPMethod
q_py_topic_output_formatting:q_py_output3,HandlingFunction,CallingFunctionLibrary
q_py_topic_output_formatting:q_py_output3,HandlingFunction,NestedFunctionCall
q_py_topic_output_formatting:q_py_output3,HandlingFunctionCallingFunction,CallingFunctionCallingFunction
q_py_topic_output_formatting:q_py_output3,HandlingFunctionCallingFunction,DefiningFunctionCallingFunction
q_py_topic_output_formatting:q_py_output3,HandlingRecursiveFunction,CallingRecursiveFunction
q_py_topic_output_formatting:q_py_output3,HandlingRecursiveFunction,DefiningRecursiveFunction
q_py_topic_output_formatting:q_py_output3,HandlingNestedFunction,CallingNestedFunction
q_py_topic_output_formatting:q_py_output3,HandlingNestedFunction,DefiningNestedFunction
q_py_topic_output_formatting:q_py_output3,HandlingStandardFunction,CallingStandardFunction
q_py_topic_output_formatting:q_py_output3,HandlingStandardFunction,DefiningStandardFunction
q_py_topic_output_formatting:q_py_output3,NonNestedIteration,SingleForLoopIteration
q_py_topic_output_formatting:q_py_output3,NestedLoopIteration,NestedForLoopIteration
q_py_topic_output_formatting:q_py_output3,NestedLoopIteration,NestedWhileLoopIteration
q_py_topic_output_formatting:q_py_output3,ArithmeticOperation,Division
q_py_topic_output_formatting:q_py_output3,HandlingTuple,IndexingTuple
q_py_topic_output_formatting:q_py_output3,HandlingDictionary,ReplacingDictionaryElement
q_py_topic_output_formatting:q_py_output3,HandlingDictionary,IndexingDictionary
q_py_topic_output_formatting:q_py_output3,HandlingDictionary,AddingItemToDictionary
q_py_topic_output_formatting:q_py_output3,HandlingDictionary,AccessingDictionary
q_py_topic_output_formatting:q_py_output3,HandlingDictionary,CreatingDictionary
q_py_topic_output_formatting:q_py_output3,HandlingList,DeletingListElement
q_py_topic_output_formatting:q_py_output3,HandlingList,IndexingList
q_py_topic_output_formatting:q_py_output3,HandlingList,CreatingList
q_py_topic_output_formatting:q_py_output3,HandlingList,SlicingList
q_py_topic_output_formatting:q_py_output3,HandlingList,ReplacingListElement
q_py_topic_output_formatting:q_py_output3,HandlingList,ListReferencing
q_py_topic_output_formatting:q_py_output3,HandlingList,ReversingList
q_py_topic_output_formatting:q_py_output3,AddingListElement,AddingListElementWithInsert
q_py_topic_output_formatting:q_py_output3,AddingListElement,AddingListElementWithAppend
q_py_topic_output_formatting:q_py_output3,HandlingFile,ClosingFile
q_py_topic_output_formatting:q_py_output3,HandlingFile,ReadingLine
q_py_topic_output_formatting:q_py_output3,HandlingFile,OpeningFile
q_py_topic_output_formatting:q_py_output3,HandlingString,ReplacingStringContent
q_py_topic_output_formatting:q_py_output3,HandlingString,TransformingToStringType
q_py_topic_output_formatting:q_py_output3,HandlingString,SplittingString
q_py_topic_output_formatting:q_py_output3,HandlingString,TrimmingString
q_py_topic_output_formatting:q_py_output3,HandlingString,IndexingString
q_py_topic_output_formatting:q_py_output3,HandlingString,SlicingString
q_py_topic_output_formatting:q_py_output3,ModifyingStringCase,ConvertStringToUpperCase
q_py_topic_output_formatting:q_py_output3,ModifyingStringCase,ConvertStringToLowerCase
q_py_topic_output_formatting:q_py_output3,ModifyingStringCase,CapitalizeString
q_py_topic_output_formatting:q_py_output3,HandlingError,HandlingSpecificError
q_py_topic_output_formatting:q_py_output3,HandlingError,HandlingGeneralError
q_py_topic_output_formatting:q_py_output4,TwoDimensionalArrayTask,ReplacingElement2DArray
q_py_topic_output_formatting:q_py_output4,HandlingFunctionCallingFunction,DefiningFunctionCallingFunction
q_py_topic_output_formatting:q_py_output4,ArithmeticOperation,FindAbsolute
q_py_topic_output_formatting:q_py_output4,ArithmeticOperation,FindMinimum
q_py_topic_references:q_py_int_ref1,HandlingAdvancedDataStructure,BinaryTreeTask
q_py_topic_references:q_py_int_ref1,HandlingAdvancedDataStructure,LinkedListTask
q_py_topic_references:q_py_int_ref1,HandlingAdvancedDataStructure,QueueTask
q_py_topic_references:q_py_int_ref1,HandlingAdvancedDataStructure,StackTask
q_py_topic_references:q_py_int_ref1,TwoDimensionalArrayTask,ReplacingElement2DArray
q_py_topic_references:q_py_int_ref1,TwoDimensionalArrayTask,Indexing2DArray
q_py_topic_references:q_py_int_ref1,TwoDimensionalArrayTask,Create2DArray
q_py_topic_references:q_py_int_ref1,HandlingObjectOrientedProgramming,CallingOOPMethod
q_py_topic_references:q_py_int_ref1,HandlingObjectOrientedProgramming,CreatingObject
q_py_topic_references:q_py_int_ref1,HandlingObjectOrientedProgramming,DefiningClass
q_py_topic_references:q_py_int_ref1,HandlingObjectOrientedProgramming,DefiningOOPMethod
q_py_topic_references:q_py_int_ref1,NonNestedIteration,SingleWhileLoopIteration
q_py_topic_references:q_py_int_ref1,WhileLoopWithUpdate,WhileLoopWithListIndexing
q_py_topic_references:q_py_int_ref1,WhileLoopWithUpdate,WhileLoopWith*=
q_py_topic_references:q_py_int_ref1,WhileLoopWithUpdate,WhileLoopWith+=
q_py_topic_references:q_py_int_ref1,ForLoopWithUpdate,ForLoopWith+=
q_py_topic_references:q_py_int_ref1,ForLoopWithUpdate,ForLoopWith*=
q_py_topic_references:q_py_int_ref1,ForLoopWithUpdate,ForLoopWithListIndexing
q_py_topic_references:q_py_int_ref1,NestedLoopIteration,MixedNestedLoopIteration
q_py_topic_references:q_py_int_ref1,NestedLoopIteration,NestedForLoopIteration
q_py_topic_references:q_py_int_ref1,NestedLoopIteration,NestedWhileLoopIteration
q_py_topic_references:q_py_int_ref1,ArithmeticOperation,FindAbsolute
q_py_topic_references:q_py_int_ref1,ArithmeticOperation,FindRemainder
q_py_topic_references:q_py_int_ref1,ArithmeticOperation,FindMaximum
q_py_topic_references:q_py_int_ref1,ArithmeticOperation,Addition
q_py_topic_references:q_py_int_ref1,ArithmeticOperation,Round
q_py_topic_references:q_py_int_ref1,ArithmeticOperation,Power
q_py_topic_references:q_py_int_ref1,ArithmeticOperation,FindMinimum
q_py_topic_references:q_py_int_ref1,ArithmeticOperation,Substraction
q_py_topic_references:q_py_int_ref1,ArithmeticOperation,Division
q_py_topic_references:q_py_int_ref1,ArithmeticOperation,Multiplication
q_py_topic_references:q_py_int_ref1,HandlingInteger,TransformingToIntType
q_py_topic_references:q_py_int_ref1,HandlingTuple,CreatingTuple
q_py_topic_references:q_py_int_ref1,HandlingString,SplittingString
q_py_topic_references:q_py_list_int_ref1,HandlingAdvancedDataStructure,BinaryTreeTask
q_py_topic_references:q_py_list_int_ref1,HandlingAdvancedDataStructure,LinkedListTask
q_py_topic_references:q_py_list_int_ref1,HandlingAdvancedDataStructure,QueueTask
q_py_topic_references:q_py_list_int_ref1,HandlingAdvancedDataStructure,StackTask
q_py_topic_references:q_py_list_int_ref1,NonNestedIteration,SingleWhileLoopIteration
q_py_topic_references:q_py_list_int_ref1,WhileLoopWithUpdate,WhileLoopWithListIndexing
q_py_topic_references:q_py_list_int_ref1,WhileLoopWithUpdate,WhileLoopWith*=
q_py_topic_references:q_py_list_int_ref1,WhileLoopWithUpdate,WhileLoopWith+=
q_py_topic_references:q_py_list_int_ref1,ForLoopWithUpdate,ForLoopWith+=
q_py_topic_references:q_py_list_int_ref1,ForLoopWithUpdate,ForLoopWith*=
q_py_topic_references:q_py_list_int_ref1,ForLoopWithUpdate,ForLoopWithListIndexing
q_py_topic_references:q_py_list_int_ref1,NestedLoopIteration,MixedNestedLoopIteration
q_py_topic_references:q_py_list_int_ref1,NestedLoopIteration,NestedForLoopIteration
q_py_topic_references:q_py_list_int_ref1,NestedLoopIteration,NestedWhileLoopIteration
q_py_topic_references:q_py_list_int_ref1,ArithmeticOperation,FindAbsolute
q_py_topic_references:q_py_list_int_ref1,ArithmeticOperation,FindRemainder
q_py_topic_references:q_py_list_int_ref1,ArithmeticOperation,FindMaximum
q_py_topic_references:q_py_list_int_ref1,ArithmeticOperation,Addition
q_py_topic_references:q_py_list_int_ref1,ArithmeticOperation,Round
q_py_topic_references:q_py_list_int_ref1,ArithmeticOperation,Power
q_py_topic_references:q_py_list_int_ref1,ArithmeticOperation,FindMinimum
q_py_topic_references:q_py_list_int_ref1,ArithmeticOperation,Substraction
q_py_topic_references:q_py_list_int_ref1,ArithmeticOperation,Division
q_py_topic_references:q_py_list_int_ref1,ArithmeticOperation,Multiplication
q_py_topic_references:q_py_list_int_ref1,HandlingInteger,TransformingToIntType
q_py_topic_references:q_py_list_int_ref1,HandlingTuple,CreatingTuple
q_py_topic_references:q_py_list_str_ref1,ManagingVariable,AssigningVariable
q_py_topic_references:q_py_list_str_ref1,ManagingVariable,UpdatingVariable
q_py_topic_references:q_py_list_str_ref1,HandlingAdvancedDataStructure,BinaryTreeTask
q_py_topic_references:q_py_list_str_ref1,HandlingAdvancedDataStructure,LinkedListTask
q_py_topic_references:q_py_list_str_ref1,HandlingAdvancedDataStructure,QueueTask
q_py_topic_references:q_py_list_str_ref1,HandlingAdvancedDataStructure,StackTask
q_py_topic_references:q_py_list_str_ref1,TwoDimensionalArrayTask,ReplacingElement2DArray
q_py_topic_references:q_py_list_str_ref1,TwoDimensionalArrayTask,Indexing2DArray
q_py_topic_references:q_py_list_str_ref1,TwoDimensionalArrayTask,Create2DArray
q_py_topic_references:q_py_list_str_ref1,HandlingObjectOrientedProgramming,CallingOOPMethod
q_py_topic_references:q_py_list_str_ref1,HandlingObjectOrientedProgramming,CreatingObject
q_py_topic_references:q_py_list_str_ref1,HandlingObjectOrientedProgramming,DefiningClass
q_py_topic_references:q_py_list_str_ref1,HandlingObjectOrientedProgramming,DefiningOOPMethod
q_py_topic_references:q_py_list_str_ref1,HandlingFunction,CallingFunctionLibrary
q_py_topic_references:q_py_list_str_ref1,HandlingFunction,NestedFunctionCall
q_py_topic_references:q_py_list_str_ref1,HandlingFunctionCallingFunction,CallingFunctionCallingFunction
q_py_topic_references:q_py_list_str_ref1,HandlingFunctionCallingFunction,DefiningFunctionCallingFunction
q_py_topic_references:q_py_list_str_ref1,HandlingRecursiveFunction,CallingRecursiveFunction
q_py_topic_references:q_py_list_str_ref1,HandlingRecursiveFunction,DefiningRecursiveFunction
q_py_topic_references:q_py_list_str_ref1,HandlingNestedFunction,CallingNestedFunction
q_py_topic_references:q_py_list_str_ref1,HandlingNestedFunction,DefiningNestedFunction
q_py_topic_references:q_py_list_str_ref1,HandlingStandardFunction,CallingStandardFunction
q_py_topic_references:q_py_list_str_ref1,HandlingStandardFunction,DefiningStandardFunction
q_py_topic_references:q_py_list_str_ref1,NonNestedIteration,SingleForLoopIteration
q_py_topic_references:q_py_list_str_ref1,HandlingString,TrimmingString
q_py_topic_references:q_py_list_str_ref1,HandlingString,IndexingString
q_py_topic_references:q_py_list_str_ref1,HandlingString,SlicingString
q_py_topic_references:q_py_list_str_ref1,ModifyingStringCase,ConvertStringToUpperCase
q_py_topic_references:q_py_list_str_ref1,ModifyingStringCase,ConvertStringToLowerCase
q_py_topic_references:q_py_list_str_ref1,ModifyingStringCase,CapitalizeString
q_py_topic_references:q_py_list_str_ref1,HandlingError,HandlingSpecificError
q_py_topic_references:q_py_list_str_ref1,HandlingError,HandlingGeneralError
q_py_topic_references:q_py_str_ref1,ManagingVariable,AssigningVariable
q_py_topic_references:q_py_str_ref1,ManagingVariable,UpdatingVariable
q_py_topic_references:q_py_str_ref1,HandlingAdvancedDataStructure,BinaryTreeTask
q_py_topic_references:q_py_str_ref1,HandlingAdvancedDataStructure,LinkedListTask
q_py_topic_references:q_py_str_ref1,HandlingAdvancedDataStructure,QueueTask
q_py_topic_references:q_py_str_ref1,HandlingAdvancedDataStructure,StackTask
q_py_topic_references:q_py_str_ref1,TwoDimensionalArrayTask,ReplacingElement2DArray
q_py_topic_references:q_py_str_ref1,TwoDimensionalArrayTask,Indexing2DArray
q_py_topic_references:q_py_str_ref1,TwoDimensionalArrayTask,Create2DArray
q_py_topic_references:q_py_str_ref1,HandlingObjectOrientedProgramming,CallingOOPMethod
q_py_topic_references:q_py_str_ref1,HandlingObjectOrientedProgramming,CreatingObject
q_py_topic_references:q_py_str_ref1,HandlingObjectOrientedProgramming,DefiningClass
q_py_topic_references:q_py_str_ref1,HandlingObjectOrientedProgramming,DefiningOOPMethod
q_py_topic_references:q_py_str_ref1,HandlingFunction,CallingFunctionLibrary
q_py_topic_references:q_py_str_ref1,HandlingFunction,NestedFunctionCall
q_py_topic_references:q_py_str_ref1,HandlingFunctionCallingFunction,CallingFunctionCallingFunction
q_py_topic_references:q_py_str_ref1,HandlingFunctionCallingFunction,DefiningFunctionCallingFunction
q_py_topic_references:q_py_str_ref1,HandlingRecursiveFunction,CallingRecursiveFunction
q_py_topic_references:q_py_str_ref1,HandlingRecursiveFunction,DefiningRecursiveFunction
q_py_topic_references:q_py_str_ref1,HandlingNestedFunction,CallingNestedFunction
q_py_topic_references:q_py_str_ref1,HandlingNestedFunction,DefiningNestedFunction
q_py_topic_references:q_py_str_ref1,HandlingStandardFunction,CallingStandardFunction
q_py_topic_references:q_py_str_ref1,HandlingStandardFunction,DefiningStandardFunction
q_py_topic_references:q_py_str_ref1,NonNestedIteration,SingleForLoopIteration
q_py_topic_references:q_py_str_ref1,NonNestedIteration,SingleWhileLoopIteration
q_py_topic_references:q_py_str_ref1,WhileLoopWithUpdate,WhileLoopWithListIndexing
q_py_topic_references:q_py_str_ref1,WhileLoopWithUpdate,WhileLoopWith*=
q_py_topic_references:q_py_str_ref1,WhileLoopWithUpdate,WhileLoopWith+=
q_py_topic_references:q_py_str_ref1,ForLoopWithUpdate,ForLoopWith+=
q_py_topic_references:q_py_str_ref1,ForLoopWithUpdate,ForLoopWith*=
q_py_topic_references:q_py_str_ref1,ForLoopWithUpdate,ForLoopWithListIndexing
q_py_topic_references:q_py_str_ref1,NestedLoopIteration,MixedNestedLoopIteration
q_py_topic_references:q_py_str_ref1,NestedLoopIteration,NestedForLoopIteration
q_py_topic_references:q_py_str_ref1,NestedLoopIteration,NestedWhileLoopIteration
q_py_topic_references:q_py_str_ref1,ArithmeticOperation,FindAbsolute
q_py_topic_references:q_py_str_ref1,ArithmeticOperation,FindRemainder
q_py_topic_references:q_py_str_ref1,ArithmeticOperation,FindMaximum
q_py_topic_references:q_py_str_ref1,ArithmeticOperation,Addition
q_py_topic_references:q_py_str_ref1,ArithmeticOperation,Round
q_py_topic_references:q_py_str_ref1,ArithmeticOperation,Power
q_py_topic_references:q_py_str_ref1,ArithmeticOperation,FindMinimum
q_py_topic_references:q_py_str_ref1,ArithmeticOperation,Substraction
q_py_topic_references:q_py_str_ref1,ArithmeticOperation,Division
q_py_topic_references:q_py_str_ref1,ArithmeticOperation,Multiplication
q_py_topic_references:q_py_str_ref1,HandlingInteger,TransformingToIntType
q_py_topic_references:q_py_str_ref1,HandlingTuple,CreatingTuple
q_py_topic_references:q_py_str_ref1,HandlingString,TrimmingString
q_py_topic_references:q_py_str_ref1,HandlingString,IndexingString
q_py_topic_references:q_py_str_ref1,HandlingString,SlicingString
q_py_topic_references:q_py_str_ref1,ModifyingStringCase,ConvertStringToUpperCase
q_py_topic_references:q_py_str_ref1,ModifyingStringCase,ConvertStringToLowerCase
q_py_topic_references:q_py_str_ref1,ModifyingStringCase,CapitalizeString
q_py_topic_references:q_py_str_ref1,HandlingError,HandlingSpecificError
q_py_topic_references:q_py_str_ref1,HandlingError,HandlingGeneralError
q_py_topic_strings:q_py_concat_strings1,HandlingFunctionCallingFunction,DefiningFunctionCallingFunction
q_py_topic_strings:q_py_concat_strings1,HandlingTuple,SlicingTuple
q_py_topic_strings:q_py_concat_strings1,HandlingTuple,IndexingTuple
q_py_topic_strings:q_py_concat_strings1,HandlingFloat,TransformingToFloatType
q_py_topic_strings:q_py_concat_strings1,HandlingDictionary,ReplacingDictionaryElement
q_py_topic_strings:q_py_concat_strings1,HandlingDictionary,IndexingDictionary
q_py_topic_strings:q_py_concat_strings1,HandlingDictionary,AddingItemToDictionary
q_py_topic_strings:q_py_concat_strings1,HandlingDictionary,AccessingDictionary
q_py_topic_strings:q_py_concat_strings1,HandlingDictionary,CreatingDictionary
q_py_topic_strings:q_py_concat_strings1,HandlingList,DeletingListElement
q_py_topic_strings:q_py_concat_strings1,HandlingList,IndexingList
q_py_topic_strings:q_py_concat_strings1,HandlingList,CreatingList
q_py_topic_strings:q_py_concat_strings1,HandlingList,SlicingList
q_py_topic_strings:q_py_concat_strings1,HandlingList,ReplacingListElement
q_py_topic_strings:q_py_concat_strings1,HandlingList,ListReferencing
q_py_topic_strings:q_py_concat_strings1,HandlingList,ReversingList
q_py_topic_strings:q_py_concat_strings1,AddingListElement,AddingListElementWithInsert
q_py_topic_strings:q_py_concat_strings1,AddingListElement,AddingListElementWithAppend
q_py_topic_strings:q_py_concat_strings1,HandlingFile,ClosingFile
q_py_topic_strings:q_py_concat_strings1,HandlingFile,ReadingLine
q_py_topic_strings:q_py_concat_strings1,HandlingFile,OpeningFile
q_py_topic_strings:q_py_concat_strings1,ModifyingStringCase,ConvertStringToUpperCase
q_py_topic_strings:q_py_concat_strings1,ModifyingStringCase,ConvertStringToLowerCase
q_py_topic_strings:q_py_concat_strings1,ModifyingStringCase,CapitalizeString
q_py_topic_strings:q_py_concat_strings1,HandlingError,HandlingSpecificError
q_py_topic_strings:q_py_concat_strings1,HandlingError,HandlingGeneralError
ae_adl_objects3,ManagingVariable,AssigningVariable
ae_adl_objects3,ManagingVariable,UpdatingVariable
ae_adl_objects3,HandlingAdvancedDataStructure,BinaryTreeTask
ae_adl_objects3,HandlingAdvancedDataStructure,LinkedListTask
ae_adl_objects3,HandlingAdvancedDataStructure,QueueTask
ae_adl_objects3,HandlingAdvancedDataStructure,StackTask
ae_adl_objects3,TwoDimensionalArrayTask,ReplacingElement2DArray
ae_adl_objects3,TwoDimensionalArrayTask,Indexing2DArray
ae_adl_objects3,TwoDimensionalArrayTask,Create2DArray
ae_adl_objects3,HandlingObjectOrientedProgramming,CallingOOPMethod
ae_adl_objects3,HandlingObjectOrientedProgramming,CreatingObject
ae_adl_objects3,HandlingObjectOrientedProgramming,DefiningClass
ae_adl_objects3,HandlingObjectOrientedProgramming,DefiningOOPMethod
ae_adl_objects3,HandlingFunction,CallingFunctionLibrary
ae_adl_objects3,HandlingFunction,NestedFunctionCall
ae_adl_objects3,HandlingFunctionCallingFunction,CallingFunctionCallingFunction
ae_adl_objects3,HandlingFunctionCallingFunction,DefiningFunctionCallingFunction
ae_adl_objects3,HandlingRecursiveFunction,CallingRecursiveFunction
ae_adl_objects3,HandlingRecursiveFunction,DefiningRecursiveFunction
ae_adl_objects3,HandlingNestedFunction,CallingNestedFunction
ae_adl_objects3,HandlingNestedFunction,DefiningNestedFunction
ae_adl_objects3,HandlingStandardFunction,CallingStandardFunction
ae_adl_objects3,HandlingStandardFunction,DefiningStandardFunction
ae_adl_objects3,NonNestedIteration,SingleForLoopIteration
ae_adl_objects3,HandlingDictionary,ReplacingDictionaryElement
ae_adl_objects3,HandlingList,SlicingList
ae_adl_objects3,HandlingString,TrimmingString
ae_adl_objects3,HandlingString,IndexingString
ae_adl_objects3,HandlingString,SlicingString
ae_adl_objects3,ModifyingStringCase,ConvertStringToUpperCase
ae_adl_objects3,ModifyingStringCase,ConvertStringToLowerCase
ae_adl_objects3,ModifyingStringCase,CapitalizeString
ae_adl_objects3,HandlingError,HandlingSpecificError
ae_adl_objects3,HandlingError,HandlingGeneralError
ae_python_intro,ManagingVariable,AssigningVariable
ae_python_intro,ManagingVariable,UpdatingVariable
ae_python_intro,HandlingAdvancedDataStructure,BinaryTreeTask
ae_python_intro,HandlingAdvancedDataStructure,LinkedListTask
ae_python_intro,HandlingAdvancedDataStructure,QueueTask
ae_python_intro,HandlingAdvancedDataStructure,StackTask
ae_python_intro,TwoDimensionalArrayTask,ReplacingElement2DArray
ae_python_intro,TwoDimensionalArrayTask,Indexing2DArray
ae_python_intro,TwoDimensionalArrayTask,Create2DArray
ae_python_intro,HandlingObjectOrientedProgramming,CallingOOPMethod
ae_python_intro,HandlingObjectOrientedProgramming,CreatingObject
ae_python_intro,HandlingObjectOrientedProgramming,DefiningClass
ae_python_intro,HandlingObjectOrientedProgramming,DefiningOOPMethod
ae_python_intro,HandlingFunction,CallingFunctionLibrary
ae_python_intro,HandlingFunction,NestedFunctionCall
ae_python_intro,HandlingFunctionCallingFunction,CallingFunctionCallingFunction
ae_python_intro,HandlingFunctionCallingFunction,DefiningFunctionCallingFunction
ae_python_intro,HandlingRecursiveFunction,CallingRecursiveFunction
ae_python_intro,HandlingRecursiveFunction,DefiningRecursiveFunction
ae_python_intro,HandlingNestedFunction,CallingNestedFunction
ae_python_intro,HandlingNestedFunction,DefiningNestedFunction
ae_python_intro,HandlingStandardFunction,CallingStandardFunction
ae_python_intro,HandlingStandardFunction,DefiningStandardFunction
ae_python_intro,NonNestedIteration,SingleForLoopIteration
ae_python_input,Python,Concatenation
ae_python_input,Python,Importing
ae_python_input,Python,FindingLength
ae_python_input,Python,Printing
ae_python_input,Python,CheckingForItem
ae_python_input,Python,HandlingInput
ae_python_input,CheckingCondition,IfElseChecking
ae_python_input,CheckingCondition,AssertChecking
ae_python_input,CheckingCondition,IfElifElseChecking
ae_python_input,CheckingCondition,NestedIfChecking
ae_python_input,CheckingCondition,IfChecking
ae_python_input,CheckingCondition,IfElifChecking
ae_python_input,CheckingCondition,BooleanEvaluating
ae_python_input,CheckingInForLoop,IfElseCheckingInForLoop
ae_python_input,CheckingInForLoop,IfElifCheckingInForLoop
ae_python_input,CheckingInForLoop,IfCheckingInForLoop
ae_python_input,CheckingInForLoop,IfElifElseCheckingInForLoop
ae_python_input,CheckingInWhileLoop,IfElifElseCheckingInWhileLoop
ae_python_input,CheckingInWhileLoop,IfCheckingInWhileLoop
ae_python_input,CheckingInWhileLoop,IfElseCheckingInWhileLoop
ae_python_input,CheckingInWhileLoop,IfElifCheckingInWhileLoop
ae_python_input,ManagingVariable,SwappingVariablesValue
ae_python_input,ManagingVariable,AssigningVariable
ae_python_input,ManagingVariable,UpdatingVariable
ae_python_input,HandlingAdvancedDataStructure,BinaryTreeTask
ae_python_input,HandlingAdvancedDataStructure,LinkedListTask
ae_python_input,HandlingAdvancedDataStructure,QueueTask
ae_python_input,HandlingAdvancedDataStructure,StackTask
ae_python_input,TwoDimensionalArrayTask,ReplacingElement2DArray
ae_python_input,TwoDimensionalArrayTask,Indexing2DArray
ae_python_input,TwoDimensionalArrayTask,Create2DArray
ae_python_input,HandlingObjectOrientedProgramming,CallingOOPMethod
ae_python_input,HandlingObjectOrientedProgramming,CreatingObject
ae_python_input,HandlingObjectOrientedProgramming,DefiningClass
ae_python_input,HandlingObjectOrientedProgramming,DefiningOOPMethod
ae_python_input,HandlingFunction,CallingFunctionLibrary
ae_python_input,HandlingFunction,NestedFunctionCall
ae_python_input,HandlingFunctionCallingFunction,CallingFunctionCallingFunction
ae_python_input,HandlingFunctionCallingFunction,DefiningFunctionCallingFunction
ae_python_input,HandlingRecursiveFunction,CallingRecursiveFunction
ae_python_input,HandlingRecursiveFunction,DefiningRecursiveFunction
ae_python_input,HandlingNestedFunction,CallingNestedFunction
ae_python_input,HandlingNestedFunction,DefiningNestedFunction
ae_python_input,HandlingStandardFunction,CallingStandardFunction
ae_python_input,HandlingStandardFunction,DefiningStandardFunction
ae_python_input,NonNestedIteration,SingleForLoopIteration
ae_python_input,HandlingTuple,SlicingTuple
ae_python_input,HandlingTuple,IndexingTuple
ae_python_input,HandlingFloat,TransformingToFloatType
ae_python_input,HandlingDictionary,ReplacingDictionaryElement
ae_python_input,HandlingDictionary,IndexingDictionary
ae_python_input,HandlingDictionary,AddingItemToDictionary
ae_python_input,HandlingDictionary,AccessingDictionary
ae_python_input,HandlingDictionary,CreatingDictionary
ae_python_input,HandlingList,DeletingListElement
ae_python_input,HandlingList,IndexingList
ae_python_input,HandlingList,CreatingList
ae_python_input,HandlingList,SlicingList
ae_python_input,HandlingList,ReplacingListElement
ae_python_input,HandlingList,ListReferencing
ae_python_input,HandlingList,ReversingList
ae_python_input,AddingListElement,AddingListElementWithInsert
ae_python_input,AddingListElement,AddingListElementWithAppend
ae_python_input,HandlingFile,ClosingFile
ae_python_input,HandlingFile,ReadingLine
ae_python_input,HandlingFile,OpeningFile
ae_python_input,HandlingString,CreatingString
ae_python_input,HandlingString,ReplacingStringContent
ae_python_input,HandlingString,FormattingString
ae_python_input,HandlingString,TransformingToStringType
ae_python_input,HandlingString,SplittingString
ae_python_float,Python,Concatenation
ae_python_float,Python,Importing
ae_python_float,Python,FindingLength
ae_python_float,Python,Printing
ae_python_float,Python,CheckingForItem
ae_python_float,Python,HandlingInput
ae_python_float,CheckingCondition,IfElseChecking
ae_python_float,CheckingCondition,AssertChecking
ae_python_float,CheckingCondition,IfElifElseChecking
ae_python_float,CheckingCondition,NestedIfChecking
ae_python_float,CheckingCondition,IfChecking
ae_python_float,CheckingCondition,IfElifChecking
ae_python_float,CheckingCondition,BooleanEvaluating
ae_python_float,CheckingInForLoop,IfElseCheckingInForLoop
ae_python_float,CheckingInForLoop,IfElifCheckingInForLoop
ae_python_float,CheckingInForLoop,IfCheckingInForLoop
ae_python_float,CheckingInForLoop,IfElifElseCheckingInForLoop
ae_python_float,CheckingInWhileLoop,IfElifElseCheckingInWhileLoop
ae_python_float,CheckingInWhileLoop,IfCheckingInWhileLoop
ae_python_float,CheckingInWhileLoop,IfElseCheckingInWhileLoop
ae_python_float,CheckingInWhileLoop,IfElifCheckingInWhileLoop
ae_python_float,ManagingVariable,SwappingVariablesValue
ae_python_float,HandlingTuple,SlicingTuple
ae_python_float,HandlingTuple,IndexingTuple
ae_python_float,HandlingFloat,TransformingToFloatType
ae_python_float,HandlingDictionary,ReplacingDictionaryElement
ae_python_float,HandlingDictionary,IndexingDictionary
ae_python_float,HandlingDictionary,AddingItemToDictionary
ae_python_float,HandlingDictionary,AccessingDictionary
ae_python_float,HandlingDictionary,CreatingDictionary
ae_python_float,HandlingList,DeletingListElement
ae_python_float,HandlingList,IndexingList
ae_python_float,HandlingList,CreatingList
ae_python_float,HandlingList,SlicingList
ae_python_float,HandlingList,ReplacingListElement
ae_python_float,HandlingList,ListReferencing
ae_python_float,HandlingList,ReversingList
ae_python_float,AddingListElement,AddingListElementWithInsert
ae_python_float,AddingListElement,AddingListElementWithAppend
ae_python_float,HandlingFile,ClosingFile
ae_python_float,HandlingFile,ReadingLine
ae_python_float,HandlingFile,OpeningFile
ae_python_float,HandlingString,CreatingString
ae_python_float,HandlingString,ReplacingStringContent
ae_python_float,HandlingString,FormattingString
ae_python_float,HandlingString,TransformingToStringType
ae_python_float,HandlingString,SplittingString
ae_python_if,HandlingString,ReplacingStringContent
ae_python_while,CheckingInWhileLoop,IfElifCheckingInWhileLoop
ae_python_while,ForLoopWithUpdate,ForLoopWith+=
ae_python_while,ForLoopWithUpdate,ForLoopWith*=
ae_python_while,ForLoopWithUpdate,ForLoopWithListIndexing
ae_python_while,ArithmeticOperation,FindAbsolute
ae_python_while,ArithmeticOperation,FindRemainder
ae_python_while,ArithmeticOperation,FindMaximum
ae_python_while,ArithmeticOperation,Round
ae_python_while,ArithmeticOperation,Power
ae_python_while,ArithmeticOperation,FindMinimum
ae_python_while,ArithmeticOperation,Substraction
ae_python_while,ArithmeticOperation,Division
ae_python_while,ArithmeticOperation,Multiplication
ae_python_while,HandlingTuple,CreatingTuple
ae_python_while,HandlingTuple,SlicingTuple
ae_python_while,HandlingTuple,IndexingTuple
ae_python_for,HandlingFunctionCallingFunction,DefiningFunctionCallingFunction
ae_python_for,HandlingString,TrimmingString
ae_python_for,HandlingString,IndexingString
ae_python_for,HandlingString,SlicingString
ae_python_for,ModifyingStringCase,ConvertStringToUpperCase
ae_python_for,ModifyingStringCase,ConvertStringToLowerCase
ae_python_for,ModifyingStringCase,CapitalizeString
ae_python_for,HandlingError,HandlingSpecificError
ae_python_for,HandlingError,HandlingGeneralError
ae_python_function,Python,CheckingForItem
ae_python_function,ManagingVariable,AssigningVariable
ae_python_function,ManagingVariable,UpdatingVariable
ae_python_function,HandlingAdvancedDataStructure,BinaryTreeTask
ae_python_function,HandlingAdvancedDataStructure,LinkedListTask
ae_python_function,HandlingAdvancedDataStructure,QueueTask
ae_python_function,HandlingAdvancedDataStructure,StackTask
ae_python_function,TwoDimensionalArrayTask,ReplacingElement2DArray
ae_python_function,TwoDimensionalArrayTask,Indexing2DArray
ae_python_function,TwoDimensionalArrayTask,Create2DArray
ae_python_function,HandlingObjectOrientedProgramming,CallingOOPMethod
ae_python_function,HandlingObjectOrientedProgramming,CreatingObject
ae_python_function,HandlingObjectOrientedProgramming,DefiningClass
ae_python_function,HandlingObjectOrientedProgramming,DefiningOOPMethod
ae_python_function,HandlingFunction,CallingFunctionLibrary
ae_python_function,HandlingFunction,NestedFunctionCall
ae_python_function,HandlingFunctionCallingFunction,CallingFunctionCallingFunction
ae_python_function,HandlingFunctionCallingFunction,DefiningFunctionCallingFunction
ae_python_function,HandlingRecursiveFunction,CallingRecursiveFunction
ae_python_function,HandlingRecursiveFunction,DefiningRecursiveFunction
ae_python_function,HandlingNestedFunction,CallingNestedFunction
ae_python_function,HandlingNestedFunction,DefiningNestedFunction
ae_python_function,HandlingStandardFunction,CallingStandardFunction
ae_python_function,HandlingStandardFunction,DefiningStandardFunction
ae_python_function,NonNestedIteration,SingleForLoopIteration
ae_python_list,NonNestedIteration,SingleWhileLoopIteration
ae_python_list,HandlingList,ReversingList
ae_python_list,AddingListElement,AddingListElementWithInsert
ae_python_split,HandlingFunctionCallingFunction,DefiningFunctionCallingFunction
ae_python_split,HandlingStandardFunction,CallingStandardFunction
ae_python_split,NonNestedIteration,SingleWhileLoopIteration
ae_python_split,ArithmeticOperation,FindAbsolute
ae_python_split,ArithmeticOperation,FindRemainder
ae_python_split,ArithmeticOperation,Round
ae_python_split,ArithmeticOperation,Power
ae_python_split,ArithmeticOperation,FindMinimum
ae_python_split,ArithmeticOperation,Substraction
ae_python_split,ArithmeticOperation,Division
ae_python_split,ArithmeticOperation,Multiplication
ae_python_split,HandlingList,SlicingList
ae_python_split,HandlingString,ReplacingStringContent
ae_python_split,HandlingString,TrimmingString
ae_python_split,HandlingString,IndexingString
ae_python_split,HandlingString,SlicingString
ae_python_split,ModifyingStringCase,ConvertStringToUpperCase
ae_python_split,ModifyingStringCase,ConvertStringToLowerCase
ae_python_split,ModifyingStringCase,CapitalizeString
ae_python_split,HandlingError,HandlingSpecificError
ae_python_split,HandlingError,HandlingGeneralError
ae_python_file,NonNestedIteration,SingleWhileLoopIteration
ae_python_file,WhileLoopWithUpdate,WhileLoopWith*=
ae_python_file,WhileLoopWithUpdate,WhileLoopWith+=
ae_python_file,ForLoopWithUpdate,ForLoopWith+=
ae_python_file,ForLoopWithUpdate,ForLoopWith*=
ae_python_file,ForLoopWithUpdate,ForLoopWithListIndexing
ae_python_file,NestedLoopIteration,NestedForLoopIteration
ae_python_file,NestedLoopIteration,NestedWhileLoopIteration
ae_python_file,ArithmeticOperation,FindAbsolute
ae_python_file,ArithmeticOperation,FindRemainder
ae_python_file,ArithmeticOperation,Round
ae_python_file,ArithmeticOperation,Power
ae_python_file,ArithmeticOperation,FindMinimum
ae_python_file,ArithmeticOperation,Division
ae_python_class2,HandlingAdvancedDataStructure,BinaryTreeTask
ae_python_class2,HandlingAdvancedDataStructure,LinkedListTask
ae_python_class2,HandlingAdvancedDataStructure,QueueTask
ae_python_class2,HandlingAdvancedDataStructure,StackTask
ae_python_class2,TwoDimensionalArrayTask,ReplacingElement2DArray
ae_python_class2,TwoDimensionalArrayTask,Indexing2DArray
ae_python_class2,TwoDimensionalArrayTask,Create2DArray
ae_python_class2,ArithmeticOperation,FindAbsolute
ae_python_class2,HandlingTuple,SlicingTuple
ae_python_class2,HandlingTuple,IndexingTuple
ae_python_class2,HandlingFloat,TransformingToFloatType
ae_python_class2,HandlingDictionary,ReplacingDictionaryElement
ae_python_class2,HandlingDictionary,IndexingDictionary
ae_python_class2,HandlingDictionary,AddingItemToDictionary
ae_python_class2,HandlingDictionary,AccessingDictionary
ae_python_class2,HandlingDictionary,CreatingDictionary
ae_python_class2,HandlingList,DeletingListElement
ae_python_class2,HandlingList,IndexingList
ae_python_class2,HandlingList,CreatingList
ae_python_class2,HandlingList,SlicingList
ae_python_class2,HandlingList,ReplacingListElement
ae_python_class2,HandlingList,ListReferencing
ae_python_class2,HandlingList,ReversingList
ae_python_class2,AddingListElement,AddingListElementWithInsert
ae_python_class2,AddingListElement,AddingListElementWithAppend
ae_python_class2,HandlingFile,ClosingFile
ae_python_class2,HandlingFile,ReadingLine
ae_python_class2,HandlingFile,OpeningFile
ae_python_class2,HandlingString,CreatingString
ae_python_class2,HandlingString,ReplacingStringContent
ae_python_class2,HandlingString,FormattingString
ae_python_class2,HandlingString,TransformingToStringType
ae_python_class2,HandlingString,SplittingString
ae_adl_vals_refs2,ManagingVariable,AssigningVariable
ae_adl_vals_refs2,ManagingVariable,UpdatingVariable
ae_adl_vals_refs2,HandlingAdvancedDataStructure,BinaryTreeTask
ae_adl_vals_refs2,HandlingAdvancedDataStructure,LinkedListTask
ae_adl_vals_refs2,HandlingAdvancedDataStructure,QueueTask
ae_adl_vals_refs2,HandlingAdvancedDataStructure,StackTask
ae_adl_vals_refs2,TwoDimensionalArrayTask,ReplacingElement2DArray
ae_adl_vals_refs2,TwoDimensionalArrayTask,Indexing2DArray
ae_adl_vals_refs2,TwoDimensionalArrayTask,Create2DArray
ae_adl_vals_refs2,HandlingObjectOrientedProgramming,CallingOOPMethod
ae_adl_vals_refs2,HandlingObjectOrientedProgramming,CreatingObject
ae_adl_vals_refs2,HandlingObjectOrientedProgramming,DefiningClass
ae_adl_vals_refs2,HandlingObjectOrientedProgramming,DefiningOOPMethod
ae_adl_vals_refs2,HandlingFunction,CallingFunctionLibrary
ae_adl_vals_refs2,HandlingFunction,NestedFunctionCall
ae_adl_vals_refs2,HandlingFunctionCallingFunction,CallingFunctionCallingFunction
ae_adl_vals_refs2,HandlingFunctionCallingFunction,DefiningFunctionCallingFunction
ae_adl_vals_refs2,HandlingRecursiveFunction,CallingRecursiveFunction
ae_adl_vals_refs2,HandlingRecursiveFunction,DefiningRecursiveFunction
ae_adl_vals_refs2,HandlingNestedFunction,CallingNestedFunction
ae_adl_vals_refs2,HandlingNestedFunction,DefiningNestedFunction
ae_adl_vals_refs2,HandlingStandardFunction,CallingStandardFunction
ae_adl_vals_refs2,HandlingStandardFunction,DefiningStandardFunction
ae_adl_vals_refs2,NonNestedIteration,SingleForLoopIteration
ae_adl_vals_refs2,HandlingTuple,SlicingTuple
ae_adl_vals_refs2,HandlingTuple,IndexingTuple
ae_adl_vals_refs2,HandlingFloat,TransformingToFloatType
ae_adl_vals_refs2,HandlingDictionary,ReplacingDictionaryElement
ae_adl_vals_refs2,HandlingDictionary,IndexingDictionary
ae_adl_vals_refs2,HandlingDictionary,AddingItemToDictionary
ae_adl_vals_refs2,HandlingDictionary,AccessingDictionary
ae_adl_vals_refs2,HandlingDictionary,CreatingDictionary
ae_adl_vals_refs2,HandlingList,DeletingListElement
ae_adl_vals_refs2,HandlingList,IndexingList
ae_adl_vals_refs2,HandlingList,CreatingList
ae_adl_vals_refs2,HandlingList,SlicingList
ae_adl_vals_refs2,HandlingList,ReplacingListElement
ae_adl_vals_refs2,HandlingList,ListReferencing
ae_adl_vals_refs2,HandlingList,ReversingList
ae_adl_vals_refs2,AddingListElement,AddingListElementWithInsert
ae_adl_vals_refs2,AddingListElement,AddingListElementWithAppend
ae_adl_vals_refs2,HandlingFile,ClosingFile
ae_adl_vals_refs2,HandlingFile,ReadingLine
ae_adl_vals_refs2,HandlingFile,OpeningFile
ae_adl_vals_refs2,HandlingString,CreatingString
ae_adl_vals_refs2,HandlingString,ReplacingStringContent
ae_adl_vals_refs2,HandlingString,FormattingString
ae_adl_vals_refs2,HandlingString,TransformingToStringType
ae_adl_vals_refs2,HandlingString,SplittingString
ae_adl_vals_refs2,HandlingString,TrimmingString
ae_adl_vals_refs2,HandlingString,IndexingString
ae_adl_vals_refs2,HandlingString,SlicingString
ae_adl_vals_refs2,ModifyingStringCase,ConvertStringToUpperCase
ae_adl_vals_refs2,ModifyingStringCase,ConvertStringToLowerCase
ae_adl_vals_refs2,ModifyingStringCase,CapitalizeString
ae_adl_vals_refs2,HandlingError,HandlingSpecificError
ae_adl_vals_refs2,HandlingError,HandlingGeneralError
ae_adl_vals_refs3,HandlingFunction,NestedFunctionCall
ae_adl_vals_refs3,HandlingFunctionCallingFunction,DefiningFunctionCallingFunction
ae_adl_tryexcept1,ManagingVariable,AssigningVariable
ae_adl_tryexcept1,ManagingVariable,UpdatingVariable
ae_adl_tryexcept1,HandlingAdvancedDataStructure,BinaryTreeTask
ae_adl_tryexcept1,HandlingAdvancedDataStructure,LinkedListTask
ae_adl_tryexcept1,HandlingAdvancedDataStructure,QueueTask
ae_adl_tryexcept1,HandlingAdvancedDataStructure,StackTask
ae_adl_tryexcept1,TwoDimensionalArrayTask,ReplacingElement2DArray
ae_adl_tryexcept1,TwoDimensionalArrayTask,Indexing2DArray
ae_adl_tryexcept1,TwoDimensionalArrayTask,Create2DArray
ae_adl_tryexcept1,HandlingObjectOrientedProgramming,CallingOOPMethod
ae_adl_tryexcept1,HandlingObjectOrientedProgramming,CreatingObject
ae_adl_tryexcept1,HandlingObjectOrientedProgramming,DefiningClass
ae_adl_tryexcept1,HandlingObjectOrientedProgramming,DefiningOOPMethod
ae_adl_tryexcept1,HandlingFunction,CallingFunctionLibrary
ae_adl_tryexcept1,HandlingFunction,NestedFunctionCall
ae_adl_tryexcept1,HandlingFunctionCallingFunction,CallingFunctionCallingFunction
ae_adl_tryexcept1,HandlingFunctionCallingFunction,DefiningFunctionCallingFunction
ae_adl_tryexcept1,HandlingRecursiveFunction,CallingRecursiveFunction
ae_adl_tryexcept1,HandlingRecursiveFunction,DefiningRecursiveFunction
ae_adl_tryexcept1,HandlingNestedFunction,CallingNestedFunction
ae_adl_tryexcept1,HandlingNestedFunction,DefiningNestedFunction
ae_adl_tryexcept1,HandlingStandardFunction,CallingStandardFunction
ae_adl_tryexcept1,HandlingStandardFunction,DefiningStandardFunction
ae_adl_tryexcept1,NonNestedIteration,SingleForLoopIteration
ae_adl_tryexcept2,HandlingAdvancedDataStructure,BinaryTreeTask
ae_adl_tryexcept2,HandlingAdvancedDataStructure,LinkedListTask
ae_adl_tryexcept2,HandlingAdvancedDataStructure,QueueTask
ae_adl_tryexcept2,HandlingAdvancedDataStructure,StackTask
ae_adl_tryexcept2,TwoDimensionalArrayTask,ReplacingElement2DArray
ae_adl_tryexcept2,TwoDimensionalArrayTask,Indexing2DArray
ae_adl_tryexcept2,TwoDimensionalArrayTask,Create2DArray
ae_adl_tryexcept2,HandlingObjectOrientedProgramming,DefiningOOPMethod
ae_adl_tryexcept2,HandlingFunctionCallingFunction,DefiningFunctionCallingFunction
ae_adl_tryexcept2,ArithmeticOperation,Multiplication
ae_adl_tryexcept2,HandlingString,ReplacingStringContent
ae_adl_tryexcept2,HandlingString,SplittingString
ae_adl_file1,Python,Concatenation
ae_adl_file1,Python,Importing
ae_adl_file1,Python,FindingLength
ae_adl_file1,Python,Printing
ae_adl_file1,Python,CheckingForItem
ae_adl_file1,Python,HandlingInput
ae_adl_file1,CheckingCondition,IfElseChecking
ae_adl_file1,CheckingCondition,AssertChecking
ae_adl_file1,CheckingCondition,IfElifElseChecking
ae_adl_file1,CheckingCondition,NestedIfChecking
ae_adl_file1,CheckingCondition,IfChecking
ae_adl_file1,CheckingCondition,IfElifChecking
ae_adl_file1,CheckingCondition,BooleanEvaluating
ae_adl_file1,CheckingInForLoop,IfElseCheckingInForLoop
ae_adl_file1,CheckingInForLoop,IfElifCheckingInForLoop
ae_adl_file1,CheckingInForLoop,IfCheckingInForLoop
ae_adl_file1,CheckingInForLoop,IfElifElseCheckingInForLoop
ae_adl_file1,CheckingInWhileLoop,IfElifElseCheckingInWhileLoop
ae_adl_file1,CheckingInWhileLoop,IfCheckingInWhileLoop
ae_adl_file1,CheckingInWhileLoop,IfElseCheckingInWhileLoop
ae_adl_file1,CheckingInWhileLoop,IfElifCheckingInWhileLoop
ae_adl_file1,ManagingVariable,SwappingVariablesValue
ae_adl_file1,HandlingObjectOrientedProgramming,DefiningClass
ae_adl_file1,HandlingObjectOrientedProgramming,DefiningOOPMethod
ae_adl_file1,HandlingFunctionCallingFunction,CallingFunctionCallingFunction
ae_adl_file1,HandlingFunctionCallingFunction,DefiningFunctionCallingFunction
ae_adl_file1,NonNestedIteration,SingleWhileLoopIteration
ae_adl_file1,WhileLoopWithUpdate,WhileLoopWithListIndexing
ae_adl_file1,WhileLoopWithUpdate,WhileLoopWith*=
ae_adl_file1,WhileLoopWithUpdate,WhileLoopWith+=
ae_adl_file1,ForLoopWithUpdate,ForLoopWith*=
ae_adl_file1,ForLoopWithUpdate,ForLoopWithListIndexing
ae_adl_file1,NestedLoopIteration,MixedNestedLoopIteration
ae_adl_file1,NestedLoopIteration,NestedForLoopIteration
ae_adl_file1,NestedLoopIteration,NestedWhileLoopIteration
ae_adl_file1,ArithmeticOperation,FindAbsolute
ae_adl_file1,ArithmeticOperation,FindRemainder
ae_adl_file1,ArithmeticOperation,FindMaximum
ae_adl_file1,ArithmeticOperation,Round
ae_adl_file1,ArithmeticOperation,Power
ae_adl_file1,ArithmeticOperation,FindMinimum
ae_adl_file1,ArithmeticOperation,Substraction
ae_adl_file1,ArithmeticOperation,Multiplication
ae_adl_file1,HandlingTuple,CreatingTuple
ae_adl_file1,HandlingString,SplittingString
ae_adl_file2,NonNestedIteration,SingleWhileLoopIteration
ae_adl_file2,WhileLoopWithUpdate,WhileLoopWithListIndexing
ae_adl_file2,WhileLoopWithUpdate,WhileLoopWith*=
ae_adl_file2,WhileLoopWithUpdate,WhileLoopWith+=
ae_adl_file2,ForLoopWithUpdate,ForLoopWith+=
ae_adl_file2,ForLoopWithUpdate,ForLoopWith*=
ae_adl_file2,ForLoopWithUpdate,ForLoopWithListIndexing
ae_adl_file2,NestedLoopIteration,MixedNestedLoopIteration
ae_adl_file2,NestedLoopIteration,NestedForLoopIteration
ae_adl_file2,NestedLoopIteration,NestedWhileLoopIteration
ae_adl_file2,ArithmeticOperation,FindAbsolute
ae_adl_file2,ArithmeticOperation,FindRemainder
ae_adl_file2,ArithmeticOperation,FindMaximum
ae_adl_file2,ArithmeticOperation,Addition
ae_adl_file2,ArithmeticOperation,Round
ae_adl_file2,ArithmeticOperation,Power
ae_adl_file2,ArithmeticOperation,FindMinimum
ae_adl_file2,ArithmeticOperation,Substraction
ae_adl_file2,ArithmeticOperation,Division
ae_adl_file2,ArithmeticOperation,Multiplication
ae_adl_file2,HandlingInteger,TransformingToIntType
ae_adl_file2,HandlingTuple,CreatingTuple
ae_adl_file2,HandlingList,SlicingList
q_py_topic_strings:q_py_substring1,Python,Concatenation
q_py_topic_strings:q_py_substring1,Python,Importing
q_py_topic_strings:q_py_substring1,Python,FindingLength
q_py_topic_strings:q_py_substring1,Python,Printing
q_py_topic_strings:q_py_substring1,Python,CheckingForItem
q_py_topic_strings:q_py_substring1,Python,HandlingInput
q_py_topic_strings:q_py_substring1,CheckingCondition,IfElseChecking
q_py_topic_strings:q_py_substring1,CheckingCondition,AssertChecking
q_py_topic_strings:q_py_substring1,CheckingCondition,IfElifElseChecking
q_py_topic_strings:q_py_substring1,CheckingCondition,NestedIfChecking
q_py_topic_strings:q_py_substring1,CheckingCondition,IfChecking
q_py_topic_strings:q_py_substring1,CheckingCondition,IfElifChecking
q_py_topic_strings:q_py_substring1,CheckingCondition,BooleanEvaluating
q_py_topic_strings:q_py_substring1,CheckingInForLoop,IfElseCheckingInForLoop
q_py_topic_strings:q_py_substring1,CheckingInForLoop,IfElifCheckingInForLoop
q_py_topic_strings:q_py_substring1,CheckingInForLoop,IfCheckingInForLoop
q_py_topic_strings:q_py_substring1,CheckingInForLoop,IfElifElseCheckingInForLoop
q_py_topic_strings:q_py_substring1,CheckingInWhileLoop,IfElifElseCheckingInWhileLoop
q_py_topic_strings:q_py_substring1,CheckingInWhileLoop,IfCheckingInWhileLoop
q_py_topic_strings:q_py_substring1,CheckingInWhileLoop,IfElseCheckingInWhileLoop
q_py_topic_strings:q_py_substring1,CheckingInWhileLoop,IfElifCheckingInWhileLoop
q_py_topic_strings:q_py_substring1,ManagingVariable,SwappingVariablesValue
q_py_topic_strings:q_py_substring1,ManagingVariable,AssigningVariable
q_py_topic_strings:q_py_substring1,ManagingVariable,UpdatingVariable
q_py_topic_strings:q_py_substring1,HandlingAdvancedDataStructure,BinaryTreeTask
q_py_topic_strings:q_py_substring1,HandlingAdvancedDataStructure,LinkedListTask
q_py_topic_strings:q_py_substring1,HandlingAdvancedDataStructure,QueueTask
q_py_topic_strings:q_py_substring1,HandlingAdvancedDataStructure,StackTask
q_py_topic_strings:q_py_substring1,TwoDimensionalArrayTask,ReplacingElement2DArray
q_py_topic_strings:q_py_substring1,TwoDimensionalArrayTask,Indexing2DArray
q_py_topic_strings:q_py_substring1,TwoDimensionalArrayTask,Create2DArray
q_py_topic_strings:q_py_substring1,HandlingObjectOrientedProgramming,CallingOOPMethod
q_py_topic_strings:q_py_substring1,HandlingObjectOrientedProgramming,CreatingObject
q_py_topic_strings:q_py_substring1,HandlingObjectOrientedProgramming,DefiningClass
q_py_topic_strings:q_py_substring1,HandlingObjectOrientedProgramming,DefiningOOPMethod
q_py_topic_strings:q_py_substring1,HandlingFunction,CallingFunctionLibrary
q_py_topic_strings:q_py_substring1,HandlingFunction,NestedFunctionCall
q_py_topic_strings:q_py_substring1,HandlingFunctionCallingFunction,CallingFunctionCallingFunction
q_py_topic_strings:q_py_substring1,HandlingFunctionCallingFunction,DefiningFunctionCallingFunction
q_py_topic_strings:q_py_substring1,HandlingRecursiveFunction,CallingRecursiveFunction
q_py_topic_strings:q_py_substring1,HandlingRecursiveFunction,DefiningRecursiveFunction
q_py_topic_strings:q_py_substring1,HandlingNestedFunction,CallingNestedFunction
q_py_topic_strings:q_py_substring1,HandlingNestedFunction,DefiningNestedFunction
q_py_topic_strings:q_py_substring1,HandlingStandardFunction,CallingStandardFunction
q_py_topic_strings:q_py_substring1,HandlingStandardFunction,DefiningStandardFunction
q_py_topic_strings:q_py_substring1,NonNestedIteration,SingleForLoopIteration
q_py_topic_strings:q_py_substring1,HandlingTuple,IndexingTuple
q_py_topic_two_dimensional_array:q_py_2d_arrays1,HandlingAdvancedDataStructure,BinaryTreeTask
q_py_topic_two_dimensional_array:q_py_2d_arrays1,HandlingAdvancedDataStructure,LinkedListTask
q_py_topic_two_dimensional_array:q_py_2d_arrays1,HandlingAdvancedDataStructure,QueueTask
q_py_topic_two_dimensional_array:q_py_2d_arrays1,HandlingAdvancedDataStructure,StackTask
q_py_topic_two_dimensional_array:q_py_2d_arrays1,TwoDimensionalArrayTask,ReplacingElement2DArray
q_py_topic_two_dimensional_array:q_py_2d_arrays1,HandlingObjectOrientedProgramming,CallingOOPMethod
q_py_topic_two_dimensional_array:q_py_2d_arrays1,HandlingObjectOrientedProgramming,CreatingObject
q_py_topic_two_dimensional_array:q_py_2d_arrays1,HandlingObjectOrientedProgramming,DefiningClass
q_py_topic_two_dimensional_array:q_py_2d_arrays1,HandlingObjectOrientedProgramming,DefiningOOPMethod
q_py_topic_two_dimensional_array:q_py_2d_arrays1,NonNestedIteration,SingleWhileLoopIteration
q_py_topic_two_dimensional_array:q_py_2d_arrays1,WhileLoopWithUpdate,WhileLoopWithListIndexing
q_py_topic_two_dimensional_array:q_py_2d_arrays1,WhileLoopWithUpdate,WhileLoopWith*=
q_py_topic_two_dimensional_array:q_py_2d_arrays1,WhileLoopWithUpdate,WhileLoopWith+=
q_py_topic_two_dimensional_array:q_py_2d_arrays1,ForLoopWithUpdate,ForLoopWith+=
q_py_topic_two_dimensional_array:q_py_2d_arrays1,ForLoopWithUpdate,ForLoopWith*=
q_py_topic_two_dimensional_array:q_py_2d_arrays1,ForLoopWithUpdate,ForLoopWithListIndexing
q_py_topic_two_dimensional_array:q_py_2d_arrays1,NestedLoopIteration,MixedNestedLoopIteration
q_py_topic_two_dimensional_array:q_py_2d_arrays1,NestedLoopIteration,NestedForLoopIteration
q_py_topic_two_dimensional_array:q_py_2d_arrays1,NestedLoopIteration,NestedWhileLoopIteration
q_py_topic_two_dimensional_array:q_py_2d_arrays1,ArithmeticOperation,FindAbsolute
q_py_topic_two_dimensional_array:q_py_2d_arrays1,ArithmeticOperation,FindRemainder
q_py_topic_two_dimensional_array:q_py_2d_arrays1,ArithmeticOperation,FindMaximum
q_py_topic_two_dimensional_array:q_py_2d_arrays1,ArithmeticOperation,Addition
q_py_topic_two_dimensional_array:q_py_2d_arrays1,ArithmeticOperation,Round
q_py_topic_two_dimensional_array:q_py_2d_arrays1,ArithmeticOperation,Power
q_py_topic_two_dimensional_array:q_py_2d_arrays1,ArithmeticOperation,FindMinimum
q_py_topic_two_dimensional_array:q_py_2d_arrays1,ArithmeticOperation,Substraction
q_py_topic_two_dimensional_array:q_py_2d_arrays1,ArithmeticOperation,Division
q_py_topic_two_dimensional_array:q_py_2d_arrays1,ArithmeticOperation,Multiplication
q_py_topic_two_dimensional_array:q_py_2d_arrays1,HandlingInteger,TransformingToIntType
q_py_topic_two_dimensional_array:q_py_2d_arrays1,HandlingTuple,CreatingTuple
q_py_topic_two_dimensional_array:q_py_2d_arrays2,HandlingAdvancedDataStructure,BinaryTreeTask
q_py_topic_two_dimensional_array:q_py_2d_arrays2,HandlingAdvancedDataStructure,LinkedListTask
q_py_topic_two_dimensional_array:q_py_2d_arrays2,HandlingAdvancedDataStructure,QueueTask
q_py_topic_two_dimensional_array:q_py_2d_arrays2,HandlingAdvancedDataStructure,StackTask
q_py_topic_two_dimensional_array:q_py_2d_arrays2,TwoDimensionalArrayTask,ReplacingElement2DArray
q_py_topic_two_dimensional_array:q_py_2d_arrays2,HandlingObjectOrientedProgramming,CallingOOPMethod
q_py_topic_two_dimensional_array:q_py_2d_arrays2,HandlingObjectOrientedProgramming,CreatingObject
q_py_topic_two_dimensional_array:q_py_2d_arrays2,HandlingObjectOrientedProgramming,DefiningClass
q_py_topic_two_dimensional_array:q_py_2d_arrays2,HandlingObjectOrientedProgramming,DefiningOOPMethod
q_py_topic_two_dimensional_array:q_py_2d_arrays2,HandlingFunctionCallingFunction,CallingFunctionCallingFunction
q_py_topic_two_dimensional_array:q_py_2d_arrays2,HandlingFunctionCallingFunction,DefiningFunctionCallingFunction
q_py_topic_two_dimensional_array:q_py_2d_arrays2,HandlingRecursiveFunction,CallingRecursiveFunction
q_py_topic_two_dimensional_array:q_py_2d_arrays2,HandlingRecursiveFunction,DefiningRecursiveFunction
q_py_topic_two_dimensional_array:q_py_2d_arrays2,HandlingNestedFunction,CallingNestedFunction
q_py_topic_two_dimensional_array:q_py_2d_arrays2,HandlingNestedFunction,DefiningNestedFunction
q_py_topic_two_dimensional_array:q_py_2d_arrays2,HandlingStandardFunction,CallingStandardFunction
q_py_topic_two_dimensional_array:q_py_2d_arrays2,HandlingStandardFunction,DefiningStandardFunction
q_py_topic_two_dimensional_array:q_py_2d_arrays2,NonNestedIteration,SingleWhileLoopIteration
q_py_topic_two_dimensional_array:q_py_2d_arrays2,WhileLoopWithUpdate,WhileLoopWithListIndexing
q_py_topic_two_dimensional_array:q_py_2d_arrays2,WhileLoopWithUpdate,WhileLoopWith*=
q_py_topic_two_dimensional_array:q_py_2d_arrays2,WhileLoopWithUpdate,WhileLoopWith+=
q_py_topic_two_dimensional_array:q_py_2d_arrays2,ForLoopWithUpdate,ForLoopWith+=
q_py_topic_two_dimensional_array:q_py_2d_arrays2,ForLoopWithUpdate,ForLoopWith*=
q_py_topic_two_dimensional_array:q_py_2d_arrays2,NestedLoopIteration,MixedNestedLoopIteration
q_py_topic_two_dimensional_array:q_py_2d_arrays2,NestedLoopIteration,NestedWhileLoopIteration
q_py_topic_two_dimensional_array:q_py_2d_arrays2,ArithmeticOperation,FindAbsolute
q_py_topic_two_dimensional_array:q_py_2d_arrays2,ArithmeticOperation,FindRemainder
q_py_topic_two_dimensional_array:q_py_2d_arrays2,ArithmeticOperation,FindMaximum
q_py_topic_two_dimensional_array:q_py_2d_arrays2,ArithmeticOperation,Round
q_py_topic_two_dimensional_array:q_py_2d_arrays2,ArithmeticOperation,Power
q_py_topic_two_dimensional_array:q_py_2d_arrays2,ArithmeticOperation,FindMinimum
q_py_topic_two_dimensional_array:q_py_2d_arrays2,ArithmeticOperation,Division
q_py_topic_two_dimensional_array:q_py_2d_arrays2,ArithmeticOperation,Multiplication
q_py_topic_two_dimensional_array:q_py_2d_arrays2,HandlingTuple,CreatingTuple
q_py_topic_two_dimensional_array:q_py_2d_arrays2,HandlingTuple,SlicingTuple
q_py_topic_two_dimensional_array:q_py_2d_arrays2,HandlingTuple,IndexingTuple
q_py_topic_two_dimensional_array:q_py_2d_arrays2,HandlingFloat,TransformingToFloatType
q_py_topic_two_dimensional_array:q_py_2d_arrays2,HandlingDictionary,ReplacingDictionaryElement
q_py_topic_two_dimensional_array:q_py_2d_arrays2,HandlingDictionary,IndexingDictionary
q_py_topic_two_dimensional_array:q_py_2d_arrays2,HandlingDictionary,AddingItemToDictionary
q_py_topic_two_dimensional_array:q_py_2d_arrays2,HandlingDictionary,AccessingDictionary
q_py_topic_two_dimensional_array:q_py_2d_arrays2,HandlingDictionary,CreatingDictionary
q_py_topic_two_dimensional_array:q_py_2d_arrays2,HandlingList,DeletingListElement
q_py_topic_two_dimensional_array:q_py_2d_arrays2,HandlingList,IndexingList
q_py_topic_two_dimensional_array:q_py_2d_arrays2,HandlingList,CreatingList
q_py_topic_two_dimensional_array:q_py_2d_arrays2,HandlingList,SlicingList
q_py_topic_two_dimensional_array:q_py_2d_arrays2,HandlingList,ReplacingListElement
q_py_topic_two_dimensional_array:q_py_2d_arrays2,HandlingList,ListReferencing
q_py_topic_two_dimensional_array:q_py_2d_arrays2,HandlingList,ReversingList
q_py_topic_two_dimensional_array:q_py_2d_arrays2,AddingListElement,AddingListElementWithInsert
q_py_topic_two_dimensional_array:q_py_2d_arrays2,AddingListElement,AddingListElementWithAppend
q_py_topic_two_dimensional_array:q_py_2d_arrays2,HandlingFile,ClosingFile
q_py_topic_two_dimensional_array:q_py_2d_arrays2,HandlingFile,ReadingLine
q_py_topic_two_dimensional_array:q_py_2d_arrays2,HandlingFile,OpeningFile
q_py_topic_two_dimensional_array:q_py_2d_arrays2,HandlingString,CreatingString
q_py_topic_two_dimensional_array:q_py_2d_arrays2,HandlingString,ReplacingStringContent
q_py_topic_two_dimensional_array:q_py_2d_arrays2,HandlingString,FormattingString
q_py_topic_two_dimensional_array:q_py_2d_arrays2,HandlingString,TransformingToStringType
q_py_topic_two_dimensional_array:q_py_2d_arrays2,HandlingString,SplittingString
q_py_topic_two_dimensional_array:q_py_2d_arrays2,HandlingString,TrimmingString
q_py_topic_two_dimensional_array:q_py_2d_arrays2,HandlingString,IndexingString
q_py_topic_two_dimensional_array:q_py_2d_arrays2,HandlingString,SlicingString
q_py_topic_two_dimensional_array:q_py_2d_arrays2,ModifyingStringCase,ConvertStringToUpperCase
q_py_topic_two_dimensional_array:q_py_2d_arrays2,ModifyingStringCase,ConvertStringToLowerCase
q_py_topic_two_dimensional_array:q_py_2d_arrays2,ModifyingStringCase,CapitalizeString
q_py_topic_two_dimensional_array:q_py_2d_arrays2,HandlingError,HandlingSpecificError
q_py_topic_two_dimensional_array:q_py_2d_arrays2,HandlingError,HandlingGeneralError
q_py_topic_two_dimensional_array:q_py_2d_arrays3,ManagingVariable,AssigningVariable
q_py_topic_two_dimensional_array:q_py_2d_arrays3,ManagingVariable,UpdatingVariable
q_py_topic_two_dimensional_array:q_py_2d_arrays3,HandlingAdvancedDataStructure,BinaryTreeTask
q_py_topic_two_dimensional_array:q_py_2d_arrays3,HandlingAdvancedDataStructure,LinkedListTask
q_py_topic_two_dimensional_array:q_py_2d_arrays3,HandlingAdvancedDataStructure,QueueTask
q_py_topic_two_dimensional_array:q_py_2d_arrays3,HandlingAdvancedDataStructure,StackTask
q_py_topic_two_dimensional_array:q_py_2d_arrays3,TwoDimensionalArrayTask,ReplacingElement2DArray
q_py_topic_two_dimensional_array:q_py_2d_arrays3,TwoDimensionalArrayTask,Indexing2DArray
q_py_topic_two_dimensional_array:q_py_2d_arrays3,TwoDimensionalArrayTask,Create2DArray
q_py_topic_two_dimensional_array:q_py_2d_arrays3,HandlingObjectOrientedProgramming,CallingOOPMethod
q_py_topic_two_dimensional_array:q_py_2d_arrays3,HandlingObjectOrientedProgramming,CreatingObject
q_py_topic_two_dimensional_array:q_py_2d_arrays3,HandlingObjectOrientedProgramming,DefiningClass
q_py_topic_two_dimensional_array:q_py_2d_arrays3,HandlingObjectOrientedProgramming,DefiningOOPMethod
q_py_topic_two_dimensional_array:q_py_2d_arrays3,HandlingFunction,CallingFunctionLibrary
q_py_topic_two_dimensional_array:q_py_2d_arrays3,HandlingFunction,NestedFunctionCall
q_py_topic_two_dimensional_array:q_py_2d_arrays3,HandlingFunctionCallingFunction,CallingFunctionCallingFunction
q_py_topic_two_dimensional_array:q_py_2d_arrays3,HandlingFunctionCallingFunction,DefiningFunctionCallingFunction
q_py_topic_two_dimensional_array:q_py_2d_arrays3,HandlingRecursiveFunction,CallingRecursiveFunction
q_py_topic_two_dimensional_array:q_py_2d_arrays3,HandlingRecursiveFunction,DefiningRecursiveFunction
q_py_topic_two_dimensional_array:q_py_2d_arrays3,HandlingNestedFunction,CallingNestedFunction
q_py_topic_two_dimensional_array:q_py_2d_arrays3,HandlingNestedFunction,DefiningNestedFunction
q_py_topic_two_dimensional_array:q_py_2d_arrays3,HandlingStandardFunction,CallingStandardFunction
q_py_topic_two_dimensional_array:q_py_2d_arrays3,HandlingStandardFunction,DefiningStandardFunction
q_py_topic_two_dimensional_array:q_py_2d_arrays3,NonNestedIteration,SingleForLoopIteration
q_py_topic_two_dimensional_array:q_py_2d_arrays3,HandlingTuple,SlicingTuple
q_py_topic_two_dimensional_array:q_py_2d_arrays3,HandlingTuple,IndexingTuple
q_py_topic_two_dimensional_array:q_py_2d_arrays3,HandlingFloat,TransformingToFloatType
q_py_topic_two_dimensional_array:q_py_2d_arrays3,HandlingDictionary,ReplacingDictionaryElement
q_py_topic_two_dimensional_array:q_py_2d_arrays3,HandlingDictionary,IndexingDictionary
q_py_topic_two_dimensional_array:q_py_2d_arrays3,HandlingDictionary,AddingItemToDictionary
q_py_topic_two_dimensional_array:q_py_2d_arrays3,HandlingDictionary,AccessingDictionary
q_py_topic_two_dimensional_array:q_py_2d_arrays3,HandlingDictionary,CreatingDictionary
q_py_topic_two_dimensional_array:q_py_2d_arrays3,HandlingList,DeletingListElement
q_py_topic_two_dimensional_array:q_py_2d_arrays3,HandlingList,IndexingList
q_py_topic_two_dimensional_array:q_py_2d_arrays3,HandlingList,CreatingList
q_py_topic_two_dimensional_array:q_py_2d_arrays3,HandlingList,SlicingList
q_py_topic_two_dimensional_array:q_py_2d_arrays3,HandlingList,ReplacingListElement
q_py_topic_two_dimensional_array:q_py_2d_arrays3,HandlingList,ListReferencing
q_py_topic_two_dimensional_array:q_py_2d_arrays3,HandlingList,ReversingList
q_py_topic_two_dimensional_array:q_py_2d_arrays3,AddingListElement,AddingListElementWithInsert
q_py_topic_two_dimensional_array:q_py_2d_arrays3,AddingListElement,AddingListElementWithAppend
q_py_topic_two_dimensional_array:q_py_2d_arrays3,HandlingFile,ClosingFile
q_py_topic_two_dimensional_array:q_py_2d_arrays3,HandlingFile,ReadingLine
q_py_topic_two_dimensional_array:q_py_2d_arrays3,HandlingFile,OpeningFile
q_py_topic_two_dimensional_array:q_py_2d_arrays3,HandlingString,CreatingString
q_py_topic_two_dimensional_array:q_py_2d_arrays3,HandlingString,ReplacingStringContent
q_py_topic_two_dimensional_array:q_py_2d_arrays3,HandlingString,FormattingString
q_py_topic_two_dimensional_array:q_py_2d_arrays3,HandlingString,TransformingToStringType
q_py_topic_two_dimensional_array:q_py_2d_arrays3,HandlingString,SplittingString
q_py_topic_two_dimensional_array:q_py_2d_arrays4,HandlingAdvancedDataStructure,BinaryTreeTask
q_py_topic_two_dimensional_array:q_py_2d_arrays4,HandlingAdvancedDataStructure,LinkedListTask
q_py_topic_two_dimensional_array:q_py_2d_arrays4,HandlingAdvancedDataStructure,QueueTask
q_py_topic_two_dimensional_array:q_py_2d_arrays4,HandlingAdvancedDataStructure,StackTask
q_py_topic_two_dimensional_array:q_py_2d_arrays4,HandlingObjectOrientedProgramming,CallingOOPMethod
q_py_topic_two_dimensional_array:q_py_2d_arrays4,HandlingObjectOrientedProgramming,CreatingObject
q_py_topic_two_dimensional_array:q_py_2d_arrays4,HandlingObjectOrientedProgramming,DefiningClass
q_py_topic_two_dimensional_array:q_py_2d_arrays4,HandlingObjectOrientedProgramming,DefiningOOPMethod
q_py_topic_two_dimensional_array:q_py_2d_arrays4,HandlingFunction,NestedFunctionCall
q_py_topic_two_dimensional_array:q_py_2d_arrays4,HandlingFunctionCallingFunction,CallingFunctionCallingFunction
q_py_topic_two_dimensional_array:q_py_2d_arrays4,HandlingFunctionCallingFunction,DefiningFunctionCallingFunction
q_py_topic_two_dimensional_array:q_py_2d_arrays4,HandlingRecursiveFunction,CallingRecursiveFunction
q_py_topic_two_dimensional_array:q_py_2d_arrays4,HandlingRecursiveFunction,DefiningRecursiveFunction
q_py_topic_two_dimensional_array:q_py_2d_arrays4,HandlingNestedFunction,CallingNestedFunction
q_py_topic_two_dimensional_array:q_py_2d_arrays4,HandlingNestedFunction,DefiningNestedFunction
q_py_topic_two_dimensional_array:q_py_2d_arrays4,HandlingStandardFunction,CallingStandardFunction
q_py_topic_two_dimensional_array:q_py_2d_arrays4,HandlingStandardFunction,DefiningStandardFunction
q_py_topic_two_dimensional_array:q_py_2d_arrays4,ForLoopWithUpdate,ForLoopWith*=
q_py_topic_two_dimensional_array:q_py_2d_arrays4,NestedLoopIteration,MixedNestedLoopIteration
q_py_topic_two_dimensional_array:q_py_2d_arrays4,NestedLoopIteration,NestedWhileLoopIteration
q_py_topic_variables:q_py_arithmetic1,HandlingTuple,CreatingTuple
q_py_topic_variables:q_py_arithmetic2,ManagingVariable,AssigningVariable
q_py_topic_variables:q_py_arithmetic2,ManagingVariable,UpdatingVariable
q_py_topic_variables:q_py_arithmetic2,HandlingAdvancedDataStructure,BinaryTreeTask
q_py_topic_variables:q_py_arithmetic2,HandlingAdvancedDataStructure,LinkedListTask
q_py_topic_variables:q_py_arithmetic2,HandlingAdvancedDataStructure,QueueTask
q_py_topic_variables:q_py_arithmetic2,HandlingAdvancedDataStructure,StackTask
q_py_topic_variables:q_py_arithmetic2,TwoDimensionalArrayTask,ReplacingElement2DArray
q_py_topic_variables:q_py_arithmetic2,TwoDimensionalArrayTask,Indexing2DArray
q_py_topic_variables:q_py_arithmetic2,TwoDimensionalArrayTask,Create2DArray
q_py_topic_variables:q_py_arithmetic2,HandlingObjectOrientedProgramming,CallingOOPMethod
q_py_topic_variables:q_py_arithmetic2,HandlingObjectOrientedProgramming,CreatingObject
q_py_topic_variables:q_py_arithmetic2,HandlingObjectOrientedProgramming,DefiningClass
q_py_topic_variables:q_py_arithmetic2,HandlingObjectOrientedProgramming,DefiningOOPMethod
q_py_topic_variables:q_py_arithmetic2,HandlingFunction,CallingFunctionLibrary
q_py_topic_variables:q_py_arithmetic2,HandlingFunction,NestedFunctionCall
q_py_topic_variables:q_py_arithmetic2,HandlingFunctionCallingFunction,CallingFunctionCallingFunction
q_py_topic_variables:q_py_arithmetic2,HandlingFunctionCallingFunction,DefiningFunctionCallingFunction
q_py_topic_variables:q_py_arithmetic2,HandlingRecursiveFunction,CallingRecursiveFunction
q_py_topic_variables:q_py_arithmetic2,HandlingRecursiveFunction,DefiningRecursiveFunction
q_py_topic_variables:q_py_arithmetic2,HandlingNestedFunction,CallingNestedFunction
q_py_topic_variables:q_py_arithmetic2,HandlingNestedFunction,DefiningNestedFunction
q_py_topic_variables:q_py_arithmetic2,HandlingStandardFunction,CallingStandardFunction
q_py_topic_variables:q_py_arithmetic2,HandlingStandardFunction,DefiningStandardFunction
q_py_topic_variables:q_py_arithmetic2,NonNestedIteration,SingleForLoopIteration
q_py_topic_variables:q_py_arithmetic2,ArithmeticOperation,Division
q_py_topic_variables:q_py_arithmetic2,HandlingTuple,CreatingTuple
q_py_topic_variables:q_py_arithmetic2,HandlingString,TrimmingString
q_py_topic_variables:q_py_arithmetic2,HandlingString,IndexingString
q_py_topic_variables:q_py_arithmetic2,HandlingString,SlicingString
q_py_topic_variables:q_py_arithmetic2,ModifyingStringCase,ConvertStringToUpperCase
q_py_topic_variables:q_py_arithmetic2,ModifyingStringCase,ConvertStringToLowerCase
q_py_topic_variables:q_py_arithmetic2,ModifyingStringCase,CapitalizeString
q_py_topic_variables:q_py_arithmetic2,HandlingError,HandlingSpecificError
q_py_topic_variables:q_py_arithmetic2,HandlingError,HandlingGeneralError
q_py_topic_variables:q_py_exchange1,ManagingVariable,AssigningVariable
q_py_topic_variables:q_py_exchange1,ManagingVariable,UpdatingVariable
q_py_topic_variables:q_py_exchange1,HandlingAdvancedDataStructure,BinaryTreeTask
q_py_topic_variables:q_py_exchange1,HandlingAdvancedDataStructure,LinkedListTask
q_py_topic_variables:q_py_exchange1,HandlingAdvancedDataStructure,QueueTask
q_py_topic_variables:q_py_exchange1,HandlingAdvancedDataStructure,StackTask
q_py_topic_variables:q_py_exchange1,TwoDimensionalArrayTask,ReplacingElement2DArray
q_py_topic_variables:q_py_exchange1,TwoDimensionalArrayTask,Indexing2DArray
q_py_topic_variables:q_py_exchange1,TwoDimensionalArrayTask,Create2DArray
q_py_topic_variables:q_py_exchange1,HandlingObjectOrientedProgramming,CallingOOPMethod
q_py_topic_variables:q_py_exchange1,HandlingObjectOrientedProgramming,CreatingObject
q_py_topic_variables:q_py_exchange1,HandlingObjectOrientedProgramming,DefiningClass
q_py_topic_variables:q_py_exchange1,HandlingObjectOrientedProgramming,DefiningOOPMethod
q_py_topic_variables:q_py_exchange1,HandlingFunction,CallingFunctionLibrary
q_py_topic_variables:q_py_exchange1,HandlingFunction,NestedFunctionCall
q_py_topic_variables:q_py_exchange1,HandlingFunctionCallingFunction,CallingFunctionCallingFunction
q_py_topic_variables:q_py_exchange1,HandlingFunctionCallingFunction,DefiningFunctionCallingFunction
q_py_topic_variables:q_py_exchange1,HandlingRecursiveFunction,CallingRecursiveFunction
q_py_topic_variables:q_py_exchange1,HandlingRecursiveFunction,DefiningRecursiveFunction
q_py_topic_variables:q_py_exchange1,HandlingNestedFunction,CallingNestedFunction
q_py_topic_variables:q_py_exchange1,HandlingNestedFunction,DefiningNestedFunction
q_py_topic_variables:q_py_exchange1,HandlingStandardFunction,CallingStandardFunction
q_py_topic_variables:q_py_exchange1,HandlingStandardFunction,DefiningStandardFunction
q_py_topic_variables:q_py_exchange1,NonNestedIteration,SingleForLoopIteration
q_py_topic_variables:q_py_exchange1,HandlingFloat,TransformingToFloatType
q_py_topic_variables:q_py_exchange1,HandlingDictionary,ReplacingDictionaryElement
q_py_topic_variables:q_py_exchange1,HandlingDictionary,IndexingDictionary
q_py_topic_variables:q_py_exchange1,HandlingDictionary,AddingItemToDictionary
q_py_topic_variables:q_py_exchange1,HandlingDictionary,AccessingDictionary
q_py_topic_variables:q_py_exchange1,HandlingDictionary,CreatingDictionary
q_py_topic_variables:q_py_exchange1,HandlingList,DeletingListElement
q_py_topic_variables:q_py_exchange1,HandlingList,IndexingList
q_py_topic_variables:q_py_exchange1,HandlingList,CreatingList
q_py_topic_variables:q_py_exchange1,HandlingList,SlicingList
q_py_topic_variables:q_py_exchange1,HandlingList,ReplacingListElement
q_py_topic_variables:q_py_exchange1,HandlingList,ListReferencing
q_py_topic_variables:q_py_exchange1,HandlingList,ReversingList
q_py_topic_variables:q_py_exchange1,AddingListElement,AddingListElementWithInsert
q_py_topic_variables:q_py_exchange1,AddingListElement,AddingListElementWithAppend
q_py_topic_variables:q_py_exchange1,HandlingFile,ClosingFile
q_py_topic_variables:q_py_exchange1,HandlingFile,ReadingLine
q_py_topic_variables:q_py_exchange1,HandlingFile,OpeningFile
q_py_topic_variables:q_py_exchange1,HandlingString,CreatingString
q_py_topic_variables:q_py_exchange1,HandlingString,ReplacingStringContent
q_py_topic_variables:q_py_exchange1,HandlingString,FormattingString
q_py_topic_variables:q_py_exchange1,HandlingString,TransformingToStringType
q_py_topic_variables:q_py_exchange1,HandlingString,SplittingString
q_py_topic_variables:q_py_exchange2,NonNestedIteration,SingleWhileLoopIteration
q_py_topic_variables:q_py_exchange2,WhileLoopWithUpdate,WhileLoopWithListIndexing
q_py_topic_variables:q_py_exchange2,WhileLoopWithUpdate,WhileLoopWith*=
q_py_topic_variables:q_py_exchange2,WhileLoopWithUpdate,WhileLoopWith+=
q_py_topic_variables:q_py_exchange2,ForLoopWithUpdate,ForLoopWith+=
q_py_topic_variables:q_py_exchange2,ForLoopWithUpdate,ForLoopWith*=
q_py_topic_variables:q_py_exchange2,ForLoopWithUpdate,ForLoopWithListIndexing
q_py_topic_variables:q_py_exchange2,NestedLoopIteration,MixedNestedLoopIteration
q_py_topic_variables:q_py_exchange2,NestedLoopIteration,NestedForLoopIteration
q_py_topic_variables:q_py_exchange2,NestedLoopIteration,NestedWhileLoopIteration
q_py_topic_variables:q_py_exchange2,ArithmeticOperation,FindAbsolute
q_py_topic_variables:q_py_exchange2,ArithmeticOperation,FindRemainder
q_py_topic_variables:q_py_exchange2,ArithmeticOperation,FindMaximum
q_py_topic_variables:q_py_exchange2,ArithmeticOperation,Addition
q_py_topic_variables:q_py_exchange2,ArithmeticOperation,Round
q_py_topic_variables:q_py_exchange2,ArithmeticOperation,Power
q_py_topic_variables:q_py_exchange2,ArithmeticOperation,FindMinimum
q_py_topic_variables:q_py_exchange2,ArithmeticOperation,Multiplication
q_py_topic_variables:q_py_exchange2,HandlingTuple,CreatingTuple
q_py_topic_variables:q_py_exchange2,HandlingString,TrimmingString
q_py_topic_variables:q_py_exchange2,HandlingString,IndexingString
q_py_topic_variables:q_py_exchange2,HandlingString,SlicingString
q_py_topic_variables:q_py_exchange2,ModifyingStringCase,ConvertStringToUpperCase
q_py_topic_variables:q_py_exchange2,ModifyingStringCase,ConvertStringToLowerCase
q_py_topic_variables:q_py_exchange2,ModifyingStringCase,CapitalizeString
q_py_topic_variables:q_py_exchange2,HandlingError,HandlingSpecificError
q_py_topic_variables:q_py_exchange2,HandlingError,HandlingGeneralError
q_py_topic_variables:q_py_swap1,HandlingAdvancedDataStructure,BinaryTreeTask
q_py_topic_variables:q_py_swap1,HandlingAdvancedDataStructure,LinkedListTask
q_py_topic_variables:q_py_swap1,HandlingAdvancedDataStructure,QueueTask
q_py_topic_variables:q_py_swap1,HandlingAdvancedDataStructure,StackTask
q_py_topic_variables:q_py_swap1,TwoDimensionalArrayTask,ReplacingElement2DArray
q_py_topic_variables:q_py_swap1,TwoDimensionalArrayTask,Indexing2DArray
q_py_topic_variables:q_py_swap1,TwoDimensionalArrayTask,Create2DArray
q_py_topic_variables:q_py_swap1,HandlingObjectOrientedProgramming,CallingOOPMethod
q_py_topic_variables:q_py_swap1,HandlingObjectOrientedProgramming,CreatingObject
q_py_topic_variables:q_py_swap1,HandlingObjectOrientedProgramming,DefiningClass
q_py_topic_variables:q_py_swap1,HandlingObjectOrientedProgramming,DefiningOOPMethod
q_py_topic_variables:q_py_swap1,NonNestedIteration,SingleWhileLoopIteration
q_py_topic_variables:q_py_swap1,WhileLoopWithUpdate,WhileLoopWithListIndexing
q_py_topic_variables:q_py_swap1,WhileLoopWithUpdate,WhileLoopWith*=
q_py_topic_variables:q_py_swap1,WhileLoopWithUpdate,WhileLoopWith+=
q_py_topic_variables:q_py_swap1,ForLoopWithUpdate,ForLoopWith+=
q_py_topic_variables:q_py_swap1,ForLoopWithUpdate,ForLoopWith*=
q_py_topic_variables:q_py_swap1,ForLoopWithUpdate,ForLoopWithListIndexing
q_py_topic_variables:q_py_swap1,NestedLoopIteration,MixedNestedLoopIteration
q_py_topic_variables:q_py_swap1,NestedLoopIteration,NestedForLoopIteration
q_py_topic_variables:q_py_swap1,NestedLoopIteration,NestedWhileLoopIteration
q_py_topic_variables:q_py_swap1,ArithmeticOperation,FindAbsolute
q_py_topic_variables:q_py_swap1,ArithmeticOperation,FindRemainder
q_py_topic_variables:q_py_swap1,ArithmeticOperation,FindMaximum
q_py_topic_variables:q_py_swap1,ArithmeticOperation,Addition
q_py_topic_variables:q_py_swap1,ArithmeticOperation,Round
q_py_topic_variables:q_py_swap1,ArithmeticOperation,Power
q_py_topic_variables:q_py_swap1,ArithmeticOperation,FindMinimum
q_py_topic_variables:q_py_swap1,ArithmeticOperation,Substraction
q_py_topic_variables:q_py_swap1,ArithmeticOperation,Division
q_py_topic_variables:q_py_swap1,ArithmeticOperation,Multiplication
q_py_topic_variables:q_py_swap1,HandlingInteger,TransformingToIntType
q_py_topic_variables:q_py_swap1,HandlingTuple,CreatingTuple
q_py_topic_variables:q_py_swap1,HandlingString,SplittingString
q_topic_classes_objects:q_py_inheritance_animal1,Python,Concatenation
q_topic_classes_objects:q_py_inheritance_animal1,Python,Importing
q_topic_classes_objects:q_py_inheritance_animal1,Python,FindingLength
q_topic_classes_objects:q_py_inheritance_animal1,Python,Printing
q_topic_classes_objects:q_py_inheritance_animal1,Python,CheckingForItem
q_topic_classes_objects:q_py_inheritance_animal1,Python,HandlingInput
q_topic_classes_objects:q_py_inheritance_animal1,CheckingCondition,IfElseChecking
q_topic_classes_objects:q_py_inheritance_animal1,CheckingCondition,AssertChecking
q_topic_classes_objects:q_py_inheritance_animal1,CheckingCondition,IfElifElseChecking
q_topic_classes_objects:q_py_inheritance_animal1,CheckingCondition,NestedIfChecking
q_topic_classes_objects:q_py_inheritance_animal1,CheckingCondition,IfChecking
q_topic_classes_objects:q_py_inheritance_animal1,CheckingCondition,IfElifChecking
q_topic_classes_objects:q_py_inheritance_animal1,CheckingCondition,BooleanEvaluating
q_topic_classes_objects:q_py_inheritance_animal1,CheckingInForLoop,IfElseCheckingInForLoop
q_topic_classes_objects:q_py_inheritance_animal1,CheckingInForLoop,IfElifCheckingInForLoop
q_topic_classes_objects:q_py_inheritance_animal1,CheckingInForLoop,IfCheckingInForLoop
q_topic_classes_objects:q_py_inheritance_animal1,CheckingInForLoop,IfElifElseCheckingInForLoop
q_topic_classes_objects:q_py_inheritance_animal1,CheckingInWhileLoop,IfElifElseCheckingInWhileLoop
q_topic_classes_objects:q_py_inheritance_animal1,CheckingInWhileLoop,IfCheckingInWhileLoop
q_topic_classes_objects:q_py_inheritance_animal1,CheckingInWhileLoop,IfElseCheckingInWhileLoop
q_topic_classes_objects:q_py_inheritance_animal1,CheckingInWhileLoop,IfElifCheckingInWhileLoop
q_topic_classes_objects:q_py_inheritance_animal1,ManagingVariable,SwappingVariablesValue
q_topic_classes_objects:q_py_inheritance_animal1,HandlingFunction,NestedFunctionCall
q_topic_classes_objects:q_py_inheritance_animal1,HandlingFunctionCallingFunction,DefiningFunctionCallingFunction
q_topic_classes_objects:q_py_inheritance_animal1,HandlingStandardFunction,CallingStandardFunction
q_topic_classes_objects:q_py_inheritance_animal1,HandlingStandardFunction,DefiningStandardFunction
q_topic_classes_objects:q_py_obj_account1,HandlingAdvancedDataStructure,BinaryTreeTask
q_topic_classes_objects:q_py_obj_account1,HandlingAdvancedDataStructure,LinkedListTask
q_topic_classes_objects:q_py_obj_account1,HandlingAdvancedDataStructure,QueueTask
q_topic_classes_objects:q_py_obj_account1,HandlingAdvancedDataStructure,StackTask
q_topic_classes_objects:q_py_obj_account1,TwoDimensionalArrayTask,ReplacingElement2DArray
q_topic_classes_objects:q_py_obj_account1,TwoDimensionalArrayTask,Indexing2DArray
q_topic_classes_objects:q_py_obj_account1,TwoDimensionalArrayTask,Create2DArray
q_topic_classes_objects:q_py_obj_account1,HandlingFunction,CallingFunctionLibrary
q_topic_classes_objects:q_py_obj_account1,HandlingFunction,NestedFunctionCall
q_topic_classes_objects:q_py_obj_account1,HandlingFunctionCallingFunction,CallingFunctionCallingFunction
q_topic_classes_objects:q_py_obj_account1,HandlingFunctionCallingFunction,DefiningFunctionCallingFunction
q_topic_classes_objects:q_py_obj_account1,HandlingRecursiveFunction,CallingRecursiveFunction
q_topic_classes_objects:q_py_obj_account1,HandlingRecursiveFunction,DefiningRecursiveFunction
q_topic_classes_objects:q_py_obj_account1,HandlingNestedFunction,CallingNestedFunction
q_topic_classes_objects:q_py_obj_account1,HandlingNestedFunction,DefiningNestedFunction
q_topic_classes_objects:q_py_obj_account1,HandlingStandardFunction,CallingStandardFunction
q_topic_classes_objects:q_py_obj_account1,HandlingStandardFunction,DefiningStandardFunction
q_topic_classes_objects:q_py_obj_account1,NonNestedIteration,SingleForLoopIteration
q_topic_classes_objects:q_py_obj_account1,HandlingDictionary,ReplacingDictionaryElement
q_topic_classes_objects:q_py_obj_account1,HandlingDictionary,AccessingDictionary
q_topic_classes_objects:q_py_obj_account1,HandlingList,ReversingList
q_topic_classes_objects:q_py_obj_bus1,HandlingAdvancedDataStructure,BinaryTreeTask
q_topic_classes_objects:q_py_obj_bus1,HandlingAdvancedDataStructure,LinkedListTask
q_topic_classes_objects:q_py_obj_bus1,HandlingAdvancedDataStructure,QueueTask
q_topic_classes_objects:q_py_obj_bus1,HandlingAdvancedDataStructure,StackTask
q_topic_classes_objects:q_py_obj_bus1,TwoDimensionalArrayTask,ReplacingElement2DArray
q_topic_classes_objects:q_py_obj_bus1,TwoDimensionalArrayTask,Indexing2DArray
q_topic_classes_objects:q_py_obj_bus1,TwoDimensionalArrayTask,Create2DArray
q_topic_classes_objects:q_py_obj_bus1,HandlingTuple,SlicingTuple
q_topic_classes_objects:q_py_obj_bus1,HandlingTuple,IndexingTuple
q_topic_classes_objects:q_py_obj_bus1,HandlingFloat,TransformingToFloatType
q_topic_classes_objects:q_py_obj_bus1,HandlingDictionary,ReplacingDictionaryElement
q_topic_classes_objects:q_py_obj_bus1,HandlingDictionary,IndexingDictionary
q_topic_classes_objects:q_py_obj_bus1,HandlingDictionary,AddingItemToDictionary
q_topic_classes_objects:q_py_obj_bus1,HandlingDictionary,AccessingDictionary
q_topic_classes_objects:q_py_obj_bus1,HandlingDictionary,CreatingDictionary
q_topic_classes_objects:q_py_obj_bus1,HandlingList,DeletingListElement
q_topic_classes_objects:q_py_obj_bus1,HandlingList,IndexingList
q_topic_classes_objects:q_py_obj_bus1,HandlingList,CreatingList
q_topic_classes_objects:q_py_obj_bus1,HandlingList,SlicingList
q_topic_classes_objects:q_py_obj_bus1,HandlingList,ReplacingListElement
q_topic_classes_objects:q_py_obj_bus1,HandlingList,ListReferencing
q_topic_classes_objects:q_py_obj_bus1,HandlingList,ReversingList
q_topic_classes_objects:q_py_obj_bus1,AddingListElement,AddingListElementWithInsert
q_topic_classes_objects:q_py_obj_bus1,AddingListElement,AddingListElementWithAppend
q_topic_classes_objects:q_py_obj_bus1,HandlingFile,ClosingFile
q_topic_classes_objects:q_py_obj_bus1,HandlingFile,ReadingLine
q_topic_classes_objects:q_py_obj_bus1,HandlingFile,OpeningFile
q_topic_classes_objects:q_py_obj_bus1,HandlingString,CreatingString
q_topic_classes_objects:q_py_obj_bus1,HandlingString,ReplacingStringContent
q_topic_classes_objects:q_py_obj_bus1,HandlingString,FormattingString
q_topic_classes_objects:q_py_obj_bus1,HandlingString,TransformingToStringType
q_topic_classes_objects:q_py_obj_bus1,HandlingString,SplittingString
q_topic_classes_objects:q_py_obj_car1,HandlingAdvancedDataStructure,BinaryTreeTask
q_topic_classes_objects:q_py_obj_car1,HandlingAdvancedDataStructure,LinkedListTask
q_topic_classes_objects:q_py_obj_car1,HandlingAdvancedDataStructure,QueueTask
q_topic_classes_objects:q_py_obj_car1,HandlingAdvancedDataStructure,StackTask
q_topic_classes_objects:q_py_obj_car1,TwoDimensionalArrayTask,ReplacingElement2DArray
q_topic_classes_objects:q_py_obj_car1,TwoDimensionalArrayTask,Indexing2DArray
q_topic_classes_objects:q_py_obj_car1,TwoDimensionalArrayTask,Create2DArray
q_topic_classes_objects:q_py_obj_car1,WhileLoopWithUpdate,WhileLoopWithListIndexing
q_topic_classes_objects:q_py_obj_car1,WhileLoopWithUpdate,WhileLoopWith*=
q_topic_classes_objects:q_py_obj_car1,ForLoopWithUpdate,ForLoopWith*=
q_topic_classes_objects:q_py_obj_car1,ForLoopWithUpdate,ForLoopWithListIndexing
q_topic_classes_objects:q_py_obj_car1,ArithmeticOperation,FindAbsolute
q_topic_classes_objects:q_py_obj_car1,ArithmeticOperation,FindRemainder
q_topic_classes_objects:q_py_obj_car1,ArithmeticOperation,FindMaximum
q_topic_classes_objects:q_py_obj_car1,ArithmeticOperation,Round
q_topic_classes_objects:q_py_obj_car1,ArithmeticOperation,Power
q_topic_classes_objects:q_py_obj_car1,ArithmeticOperation,Division
q_topic_classes_objects:q_py_obj_car1,ArithmeticOperation,Multiplication
q_topic_classes_objects:q_py_obj_car1,HandlingString,TrimmingString
q_topic_classes_objects:q_py_obj_car1,HandlingString,IndexingString
q_topic_classes_objects:q_py_obj_car1,HandlingString,SlicingString
q_topic_classes_objects:q_py_obj_car1,ModifyingStringCase,ConvertStringToUpperCase
q_topic_classes_objects:q_py_obj_car1,ModifyingStringCase,ConvertStringToLowerCase
q_topic_classes_objects:q_py_obj_car1,ModifyingStringCase,CapitalizeString
q_topic_classes_objects:q_py_obj_car1,HandlingError,HandlingSpecificError
q_topic_classes_objects:q_py_obj_car1,HandlingError,HandlingGeneralError
q_topic_classes_objects:q_py_obj_car2,Python,Concatenation
q_topic_classes_objects:q_py_obj_car2,Python,Importing
q_topic_classes_objects:q_py_obj_car2,Python,FindingLength
q_topic_classes_objects:q_py_obj_car2,Python,Printing
q_topic_classes_objects:q_py_obj_car2,Python,CheckingForItem
q_topic_classes_objects:q_py_obj_car2,Python,HandlingInput
q_topic_classes_objects:q_py_obj_car2,CheckingCondition,IfElseChecking
q_topic_classes_objects:q_py_obj_car2,CheckingCondition,AssertChecking
q_topic_classes_objects:q_py_obj_car2,CheckingCondition,IfElifElseChecking
q_topic_classes_objects:q_py_obj_car2,CheckingCondition,NestedIfChecking
q_topic_classes_objects:q_py_obj_car2,CheckingCondition,IfChecking
q_topic_classes_objects:q_py_obj_car2,CheckingCondition,IfElifChecking
q_topic_classes_objects:q_py_obj_car2,CheckingCondition,BooleanEvaluating
q_topic_classes_objects:q_py_obj_car2,CheckingInForLoop,IfElseCheckingInForLoop
q_topic_classes_objects:q_py_obj_car2,CheckingInForLoop,IfElifCheckingInForLoop
q_topic_classes_objects:q_py_obj_car2,CheckingInForLoop,IfCheckingInForLoop
q_topic_classes_objects:q_py_obj_car2,CheckingInForLoop,IfElifElseCheckingInForLoop
q_topic_classes_objects:q_py_obj_car2,CheckingInWhileLoop,IfElifElseCheckingInWhileLoop
q_topic_classes_objects:q_py_obj_car2,CheckingInWhileLoop,IfCheckingInWhileLoop
q_topic_classes_objects:q_py_obj_car2,CheckingInWhileLoop,IfElseCheckingInWhileLoop
q_topic_classes_objects:q_py_obj_car2,CheckingInWhileLoop,IfElifCheckingInWhileLoop
q_topic_classes_objects:q_py_obj_car2,ManagingVariable,SwappingVariablesValue
q_topic_classes_objects:q_py_obj_car2,ManagingVariable,AssigningVariable
q_topic_classes_objects:q_py_obj_car2,ManagingVariable,UpdatingVariable
q_topic_classes_objects:q_py_obj_car2,HandlingAdvancedDataStructure,BinaryTreeTask
q_topic_classes_objects:q_py_obj_car2,HandlingAdvancedDataStructure,LinkedListTask
q_topic_classes_objects:q_py_obj_car2,HandlingAdvancedDataStructure,QueueTask
q_topic_classes_objects:q_py_obj_car2,HandlingAdvancedDataStructure,StackTask
q_topic_classes_objects:q_py_obj_car2,TwoDimensionalArrayTask,ReplacingElement2DArray
q_topic_classes_objects:q_py_obj_car2,TwoDimensionalArrayTask,Indexing2DArray
q_topic_classes_objects:q_py_obj_car2,TwoDimensionalArrayTask,Create2DArray
q_topic_classes_objects:q_py_obj_car2,HandlingObjectOrientedProgramming,CallingOOPMethod
q_topic_classes_objects:q_py_obj_car2,HandlingObjectOrientedProgramming,CreatingObject
q_topic_classes_objects:q_py_obj_car2,HandlingObjectOrientedProgramming,DefiningClass
q_topic_classes_objects:q_py_obj_car2,HandlingObjectOrientedProgramming,DefiningOOPMethod
q_topic_classes_objects:q_py_obj_car2,HandlingFunction,CallingFunctionLibrary
q_topic_classes_objects:q_py_obj_car2,HandlingFunction,NestedFunctionCall
q_topic_classes_objects:q_py_obj_car2,HandlingFunctionCallingFunction,CallingFunctionCallingFunction
q_topic_classes_objects:q_py_obj_car2,HandlingFunctionCallingFunction,DefiningFunctionCallingFunction
q_topic_classes_objects:q_py_obj_car2,HandlingRecursiveFunction,CallingRecursiveFunction
q_topic_classes_objects:q_py_obj_car2,HandlingRecursiveFunction,DefiningRecursiveFunction
q_topic_classes_objects:q_py_obj_car2,HandlingNestedFunction,CallingNestedFunction
q_topic_classes_objects:q_py_obj_car2,HandlingNestedFunction,DefiningNestedFunction
q_topic_classes_objects:q_py_obj_car2,HandlingStandardFunction,CallingStandardFunction
q_topic_classes_objects:q_py_obj_car2,HandlingStandardFunction,DefiningStandardFunction
q_topic_classes_objects:q_py_obj_car2,NonNestedIteration,SingleForLoopIteration
q_topic_classes_objects:q_py_obj_car2,ArithmeticOperation,FindAbsolute
q_topic_classes_objects:q_py_obj_car2,HandlingTuple,SlicingTuple
q_topic_classes_objects:q_py_obj_car2,HandlingTuple,IndexingTuple
q_topic_classes_objects:q_py_obj_car2,HandlingFloat,TransformingToFloatType
q_topic_classes_objects:q_py_obj_car2,HandlingDictionary,ReplacingDictionaryElement
q_topic_classes_objects:q_py_obj_car2,HandlingDictionary,IndexingDictionary
q_topic_classes_objects:q_py_obj_car2,HandlingDictionary,AddingItemToDictionary
q_topic_classes_objects:q_py_obj_car2,HandlingDictionary,AccessingDictionary
q_topic_classes_objects:q_py_obj_car2,HandlingDictionary,CreatingDictionary
q_topic_classes_objects:q_py_obj_car2,HandlingList,DeletingListElement
q_topic_classes_objects:q_py_obj_car2,HandlingList,IndexingList
q_topic_classes_objects:q_py_obj_car2,HandlingList,CreatingList
q_topic_classes_objects:q_py_obj_car2,HandlingList,SlicingList
q_topic_classes_objects:q_py_obj_car2,HandlingList,ReplacingListElement
q_topic_classes_objects:q_py_obj_car2,HandlingList,ListReferencing
q_topic_classes_objects:q_py_obj_car2,HandlingList,ReversingList
q_topic_classes_objects:q_py_obj_car2,AddingListElement,AddingListElementWithInsert
q_topic_classes_objects:q_py_obj_car2,AddingListElement,AddingListElementWithAppend
q_topic_classes_objects:q_py_obj_car2,HandlingFile,ClosingFile
q_topic_classes_objects:q_py_obj_car2,HandlingFile,ReadingLine
q_topic_classes_objects:q_py_obj_car2,HandlingFile,OpeningFile
q_topic_classes_objects:q_py_obj_car2,HandlingString,CreatingString
q_topic_classes_objects:q_py_obj_car2,HandlingString,ReplacingStringContent
q_topic_classes_objects:q_py_obj_car2,HandlingString,FormattingString
q_topic_classes_objects:q_py_obj_car2,HandlingString,TransformingToStringType
q_topic_classes_objects:q_py_obj_car2,HandlingString,SplittingString
q_topic_classes_objects:q_py_obj_car2,HandlingString,TrimmingString
q_topic_classes_objects:q_py_obj_car2,HandlingString,IndexingString
q_topic_classes_objects:q_py_obj_car2,HandlingString,SlicingString
q_topic_classes_objects:q_py_obj_car2,ModifyingStringCase,ConvertStringToUpperCase
q_topic_classes_objects:q_py_obj_car2,ModifyingStringCase,ConvertStringToLowerCase
q_topic_classes_objects:q_py_obj_car2,ModifyingStringCase,CapitalizeString
q_topic_classes_objects:q_py_obj_car2,HandlingError,HandlingSpecificError
q_topic_classes_objects:q_py_obj_car2,HandlingError,HandlingGeneralError
q_topic_classes_objects:q_py_obj_point1,ManagingVariable,AssigningVariable
q_topic_classes_objects:q_py_obj_point1,ManagingVariable,UpdatingVariable
q_topic_classes_objects:q_py_obj_point1,HandlingAdvancedDataStructure,BinaryTreeTask
q_topic_classes_objects:q_py_obj_point1,HandlingAdvancedDataStructure,LinkedListTask
q_topic_classes_objects:q_py_obj_point1,HandlingAdvancedDataStructure,QueueTask
q_topic_classes_objects:q_py_obj_point1,HandlingAdvancedDataStructure,StackTask
q_topic_classes_objects:q_py_obj_point1,TwoDimensionalArrayTask,ReplacingElement2DArray
q_topic_classes_objects:q_py_obj_point1,TwoDimensionalArrayTask,Indexing2DArray
q_topic_classes_objects:q_py_obj_point1,TwoDimensionalArrayTask,Create2DArray
q_topic_classes_objects:q_py_obj_point1,HandlingObjectOrientedProgramming,CallingOOPMethod
q_topic_classes_objects:q_py_obj_point1,HandlingFunction,CallingFunctionLibrary
q_topic_classes_objects:q_py_obj_point1,HandlingFunction,NestedFunctionCall
q_topic_classes_objects:q_py_obj_point1,HandlingFunctionCallingFunction,CallingFunctionCallingFunction
q_topic_classes_objects:q_py_obj_point1,HandlingFunctionCallingFunction,DefiningFunctionCallingFunction
q_topic_classes_objects:q_py_obj_point1,HandlingRecursiveFunction,CallingRecursiveFunction
q_topic_classes_objects:q_py_obj_point1,HandlingRecursiveFunction,DefiningRecursiveFunction
q_topic_classes_objects:q_py_obj_point1,HandlingNestedFunction,CallingNestedFunction
q_topic_classes_objects:q_py_obj_point1,HandlingNestedFunction,DefiningNestedFunction
q_topic_classes_objects:q_py_obj_point1,HandlingStandardFunction,CallingStandardFunction
q_topic_classes_objects:q_py_obj_point1,HandlingStandardFunction,DefiningStandardFunction
q_topic_classes_objects:q_py_obj_point1,NonNestedIteration,SingleForLoopIteration
q_topic_classes_objects:q_py_obj_student1,ManagingVariable,AssigningVariable
q_topic_classes_objects:q_py_obj_student1,ManagingVariable,UpdatingVariable
q_topic_classes_objects:q_py_obj_student1,HandlingAdvancedDataStructure,BinaryTreeTask
q_topic_classes_objects:q_py_obj_student1,HandlingAdvancedDataStructure,LinkedListTask
q_topic_classes_objects:q_py_obj_student1,HandlingAdvancedDataStructure,QueueTask
q_topic_classes_objects:q_py_obj_student1,HandlingAdvancedDataStructure,StackTask
q_topic_classes_objects:q_py_obj_student1,TwoDimensionalArrayTask,ReplacingElement2DArray
q_topic_classes_objects:q_py_obj_student1,TwoDimensionalArrayTask,Indexing2DArray
q_topic_classes_objects:q_py_obj_student1,TwoDimensionalArrayTask,Create2DArray
q_topic_classes_objects:q_py_obj_student1,HandlingObjectOrientedProgramming,CallingOOPMethod
q_topic_classes_objects:q_py_obj_student1,HandlingObjectOrientedProgramming,CreatingObject
q_topic_classes_objects:q_py_obj_student1,HandlingObjectOrientedProgramming,DefiningClass
q_topic_classes_objects:q_py_obj_student1,HandlingObjectOrientedProgramming,DefiningOOPMethod
q_topic_classes_objects:q_py_obj_student1,HandlingFunction,CallingFunctionLibrary
q_topic_classes_objects:q_py_obj_student1,HandlingFunction,NestedFunctionCall
q_topic_classes_objects:q_py_obj_student1,HandlingFunctionCallingFunction,CallingFunctionCallingFunction
q_topic_classes_objects:q_py_obj_student1,HandlingFunctionCallingFunction,DefiningFunctionCallingFunction
q_topic_classes_objects:q_py_obj_student1,HandlingRecursiveFunction,CallingRecursiveFunction
q_topic_classes_objects:q_py_obj_student1,HandlingRecursiveFunction,DefiningRecursiveFunction
q_topic_classes_objects:q_py_obj_student1,HandlingNestedFunction,CallingNestedFunction
q_topic_classes_objects:q_py_obj_student1,HandlingNestedFunction,DefiningNestedFunction
q_topic_classes_objects:q_py_obj_student1,HandlingStandardFunction,CallingStandardFunction
q_topic_classes_objects:q_py_obj_student1,HandlingStandardFunction,DefiningStandardFunction
q_topic_classes_objects:q_py_obj_student1,NonNestedIteration,SingleWhileLoopIteration
q_topic_classes_objects:q_py_obj_student1,ArithmeticOperation,FindAbsolute
q_topic_classes_objects:q_py_obj_student1,ArithmeticOperation,FindRemainder
q_topic_classes_objects:q_py_obj_student1,ArithmeticOperation,FindMaximum
q_topic_classes_objects:q_py_obj_student1,ArithmeticOperation,Round
q_topic_classes_objects:q_py_obj_student1,ArithmeticOperation,Power
q_topic_classes_objects:q_py_obj_student1,ArithmeticOperation,FindMinimum
q_topic_classes_objects:q_py_obj_student1,ArithmeticOperation,Substraction
q_topic_classes_objects:q_py_obj_student1,ArithmeticOperation,Multiplication
q_topic_classes_objects:q_py_obj_student1,HandlingString,TrimmingString
q_topic_classes_objects:q_py_obj_student1,HandlingString,IndexingString
q_topic_classes_objects:q_py_obj_student1,HandlingString,SlicingString
q_topic_classes_objects:q_py_obj_student1,ModifyingStringCase,ConvertStringToUpperCase
q_topic_classes_objects:q_py_obj_student1,ModifyingStringCase,ConvertStringToLowerCase
q_topic_classes_objects:q_py_obj_student1,ModifyingStringCase,CapitalizeString
q_topic_classes_objects:q_py_obj_student1,HandlingError,HandlingSpecificError
q_topic_classes_objects:q_py_obj_student1,HandlingError,HandlingGeneralError
py_if_else_wage,HandlingAdvancedDataStructure,BinaryTreeTask
py_if_else_wage,HandlingAdvancedDataStructure,LinkedListTask
py_if_else_wage,HandlingAdvancedDataStructure,QueueTask
py_if_else_wage,HandlingAdvancedDataStructure,StackTask
py_if_else_wage,TwoDimensionalArrayTask,ReplacingElement2DArray
py_if_else_wage,TwoDimensionalArrayTask,Indexing2DArray
py_if_else_wage,TwoDimensionalArrayTask,Create2DArray
py_if_else_wage,HandlingObjectOrientedProgramming,CallingOOPMethod
py_if_else_wage,HandlingObjectOrientedProgramming,CreatingObject
py_if_else_wage,HandlingObjectOrientedProgramming,DefiningClass
py_if_else_wage,HandlingObjectOrientedProgramming,DefiningOOPMethod
py_if_else_wage,HandlingTuple,SlicingTuple
py_if_else_wage,HandlingTuple,IndexingTuple
py_if_else_wage,HandlingFloat,TransformingToFloatType
py_if_else_wage,HandlingDictionary,ReplacingDictionaryElement
py_if_else_wage,HandlingDictionary,IndexingDictionary
py_if_else_wage,HandlingDictionary,AddingItemToDictionary
py_if_else_wage,HandlingDictionary,AccessingDictionary
py_if_else_wage,HandlingDictionary,CreatingDictionary
py_if_else_wage,HandlingList,DeletingListElement
py_if_else_wage,HandlingList,IndexingList
py_if_else_wage,HandlingList,CreatingList
py_if_else_wage,HandlingList,SlicingList
py_if_else_wage,HandlingList,ReplacingListElement
py_if_else_wage,HandlingList,ListReferencing
py_if_else_wage,HandlingList,ReversingList
py_if_else_wage,AddingListElement,AddingListElementWithInsert
py_if_else_wage,AddingListElement,AddingListElementWithAppend
py_if_else_wage,HandlingFile,ClosingFile
py_if_else_wage,HandlingFile,ReadingLine
py_if_else_wage,HandlingFile,OpeningFile
py_if_else_wage,HandlingString,CreatingString
py_if_else_wage,HandlingString,ReplacingStringContent
py_if_else_wage,HandlingString,FormattingString
py_if_else_wage,HandlingString,TransformingToStringType
py_if_else_wage,HandlingString,SplittingString
py_if_else_wage2,ManagingVariable,AssigningVariable
py_if_else_wage2,ManagingVariable,UpdatingVariable
py_if_else_wage2,HandlingAdvancedDataStructure,BinaryTreeTask
py_if_else_wage2,HandlingAdvancedDataStructure,LinkedListTask
py_if_else_wage2,HandlingAdvancedDataStructure,QueueTask
py_if_else_wage2,HandlingAdvancedDataStructure,StackTask
py_if_else_wage2,TwoDimensionalArrayTask,ReplacingElement2DArray
py_if_else_wage2,TwoDimensionalArrayTask,Indexing2DArray
py_if_else_wage2,TwoDimensionalArrayTask,Create2DArray
py_if_else_wage2,HandlingObjectOrientedProgramming,CallingOOPMethod
py_if_else_wage2,HandlingObjectOrientedProgramming,CreatingObject
py_if_else_wage2,HandlingObjectOrientedProgramming,DefiningClass
py_if_else_wage2,HandlingObjectOrientedProgramming,DefiningOOPMethod
py_if_else_wage2,HandlingFunction,CallingFunctionLibrary
py_if_else_wage2,HandlingFunction,NestedFunctionCall
py_if_else_wage2,HandlingFunctionCallingFunction,CallingFunctionCallingFunction
py_if_else_wage2,HandlingFunctionCallingFunction,DefiningFunctionCallingFunction
py_if_else_wage2,HandlingRecursiveFunction,CallingRecursiveFunction
py_if_else_wage2,HandlingRecursiveFunction,DefiningRecursiveFunction
py_if_else_wage2,HandlingNestedFunction,CallingNestedFunction
py_if_else_wage2,HandlingNestedFunction,DefiningNestedFunction
py_if_else_wage2,HandlingStandardFunction,CallingStandardFunction
py_if_else_wage2,HandlingStandardFunction,DefiningStandardFunction
py_if_else_wage2,NonNestedIteration,SingleForLoopIteration
py_check_adjacent,Python,Concatenation
py_check_adjacent,Python,Importing
py_check_adjacent,Python,FindingLength
py_check_adjacent,Python,Printing
py_check_adjacent,Python,CheckingForItem
py_check_adjacent,Python,HandlingInput
py_check_adjacent,CheckingCondition,IfElseChecking
py_check_adjacent,CheckingCondition,AssertChecking
py_check_adjacent,CheckingCondition,IfElifElseChecking
py_check_adjacent,CheckingCondition,NestedIfChecking
py_check_adjacent,CheckingCondition,IfChecking
py_check_adjacent,CheckingCondition,IfElifChecking
py_check_adjacent,CheckingCondition,BooleanEvaluating
py_check_adjacent,CheckingInForLoop,IfElseCheckingInForLoop
py_check_adjacent,CheckingInForLoop,IfElifCheckingInForLoop
py_check_adjacent,CheckingInForLoop,IfCheckingInForLoop
py_check_adjacent,CheckingInForLoop,IfElifElseCheckingInForLoop
py_check_adjacent,CheckingInWhileLoop,IfElifElseCheckingInWhileLoop
py_check_adjacent,CheckingInWhileLoop,IfCheckingInWhileLoop
py_check_adjacent,CheckingInWhileLoop,IfElseCheckingInWhileLoop
py_check_adjacent,CheckingInWhileLoop,IfElifCheckingInWhileLoop
py_check_adjacent,ManagingVariable,SwappingVariablesValue
py_check_adjacent,HandlingObjectOrientedProgramming,DefiningOOPMethod
py_check_adjacent,HandlingFunction,NestedFunctionCall
py_check_adjacent,ForLoopWithUpdate,ForLoopWith+=
py_check_adjacent,ForLoopWithUpdate,ForLoopWith*=
py_check_adjacent,ForLoopWithUpdate,ForLoopWithListIndexing
py_adjacent_consecutive,ForLoopWithUpdate,ForLoopWith+=
py_adjacent_consecutive,ForLoopWithUpdate,ForLoopWith*=
py_adjacent_consecutive,ForLoopWithUpdate,ForLoopWithListIndexing
py_adjacent_greater,TwoDimensionalArrayTask,ReplacingElement2DArray
py_adjacent_greater,TwoDimensionalArrayTask,Indexing2DArray
py_adjacent_greater,TwoDimensionalArrayTask,Create2DArray
py_adjacent_greater,ForLoopWithUpdate,ForLoopWith+=
py_adjacent_greater,ForLoopWithUpdate,ForLoopWith*=
py_adjacent_greater,ForLoopWithUpdate,ForLoopWithListIndexing
py_adjacent_greater,HandlingTuple,SlicingTuple
py_adjacent_greater,HandlingTuple,IndexingTuple
py_adjacent_greater,HandlingFloat,TransformingToFloatType
py_adjacent_greater,HandlingDictionary,ReplacingDictionaryElement
py_adjacent_greater,HandlingDictionary,IndexingDictionary
py_adjacent_greater,HandlingDictionary,AddingItemToDictionary
py_adjacent_greater,HandlingDictionary,AccessingDictionary
py_adjacent_greater,HandlingDictionary,CreatingDictionary
py_adjacent_greater,HandlingList,DeletingListElement
py_adjacent_greater,HandlingList,IndexingList
py_adjacent_greater,HandlingList,CreatingList
py_adjacent_greater,HandlingList,SlicingList
py_adjacent_greater,HandlingList,ReplacingListElement
py_adjacent_greater,HandlingList,ListReferencing
py_adjacent_greater,HandlingList,ReversingList
py_adjacent_greater,AddingListElement,AddingListElementWithInsert
py_adjacent_greater,AddingListElement,AddingListElementWithAppend
py_adjacent_greater,HandlingFile,ClosingFile
py_adjacent_greater,HandlingFile,ReadingLine
py_adjacent_greater,HandlingFile,OpeningFile
py_adjacent_greater,HandlingString,CreatingString
py_adjacent_greater,HandlingString,ReplacingStringContent
py_adjacent_greater,HandlingString,FormattingString
py_adjacent_greater,HandlingString,TransformingToStringType
py_adjacent_greater,HandlingString,SplittingString
py_adjacent_greater,HandlingString,TrimmingString
py_adjacent_greater,HandlingString,IndexingString
py_adjacent_greater,HandlingString,SlicingString
py_adjacent_greater,ModifyingStringCase,ConvertStringToUpperCase
py_adjacent_greater,ModifyingStringCase,ConvertStringToLowerCase
py_adjacent_greater,ModifyingStringCase,CapitalizeString
py_adjacent_greater,HandlingError,HandlingSpecificError
py_adjacent_greater,HandlingError,HandlingGeneralError
py_win_percentage,ManagingVariable,AssigningVariable
py_win_percentage,ManagingVariable,UpdatingVariable
py_win_percentage,HandlingAdvancedDataStructure,BinaryTreeTask
py_win_percentage,HandlingAdvancedDataStructure,LinkedListTask
py_win_percentage,HandlingAdvancedDataStructure,QueueTask
py_win_percentage,HandlingAdvancedDataStructure,StackTask
py_win_percentage,TwoDimensionalArrayTask,ReplacingElement2DArray
py_win_percentage,TwoDimensionalArrayTask,Indexing2DArray
py_win_percentage,TwoDimensionalArrayTask,Create2DArray
py_win_percentage,HandlingObjectOrientedProgramming,CallingOOPMethod
py_win_percentage,HandlingObjectOrientedProgramming,CreatingObject
py_win_percentage,HandlingObjectOrientedProgramming,DefiningClass
py_win_percentage,HandlingObjectOrientedProgramming,DefiningOOPMethod
py_win_percentage,HandlingFunction,CallingFunctionLibrary
py_win_percentage,HandlingFunction,NestedFunctionCall
py_win_percentage,HandlingFunctionCallingFunction,CallingFunctionCallingFunction
py_win_percentage,HandlingFunctionCallingFunction,DefiningFunctionCallingFunction
py_win_percentage,HandlingRecursiveFunction,CallingRecursiveFunction
py_win_percentage,HandlingRecursiveFunction,DefiningRecursiveFunction
py_win_percentage,HandlingNestedFunction,CallingNestedFunction
py_win_percentage,HandlingNestedFunction,DefiningNestedFunction
py_win_percentage,HandlingStandardFunction,CallingStandardFunction
py_win_percentage,HandlingStandardFunction,DefiningStandardFunction
py_win_percentage,NonNestedIteration,SingleForLoopIteration
py_win_percentage_input,ForLoopWithUpdate,ForLoopWith+=
py_win_percentage_input,ForLoopWithUpdate,ForLoopWith*=
py_win_percentage_input,ForLoopWithUpdate,ForLoopWithListIndexing
py_win_percentage_won_equal,Python,Concatenation
py_win_percentage_won_equal,Python,Importing
py_win_percentage_won_equal,Python,FindingLength
py_win_percentage_won_equal,Python,Printing
py_win_percentage_won_equal,Python,CheckingForItem
py_win_percentage_won_equal,Python,HandlingInput
py_win_percentage_won_equal,CheckingCondition,IfElseChecking
py_win_percentage_won_equal,CheckingCondition,AssertChecking
py_win_percentage_won_equal,CheckingCondition,IfElifElseChecking
py_win_percentage_won_equal,CheckingCondition,NestedIfChecking
py_win_percentage_won_equal,CheckingCondition,IfChecking
py_win_percentage_won_equal,CheckingCondition,IfElifChecking
py_win_percentage_won_equal,CheckingCondition,BooleanEvaluating
py_win_percentage_won_equal,CheckingInForLoop,IfElseCheckingInForLoop
py_win_percentage_won_equal,CheckingInForLoop,IfElifCheckingInForLoop
py_win_percentage_won_equal,CheckingInForLoop,IfCheckingInForLoop
py_win_percentage_won_equal,CheckingInForLoop,IfElifElseCheckingInForLoop
py_win_percentage_won_equal,CheckingInWhileLoop,IfElifElseCheckingInWhileLoop
py_win_percentage_won_equal,CheckingInWhileLoop,IfCheckingInWhileLoop
py_win_percentage_won_equal,CheckingInWhileLoop,IfElseCheckingInWhileLoop
py_win_percentage_won_equal,CheckingInWhileLoop,IfElifCheckingInWhileLoop
py_win_percentage_won_equal,ManagingVariable,SwappingVariablesValue
py_win_percentage_won_equal,HandlingAdvancedDataStructure,BinaryTreeTask
py_win_percentage_won_equal,HandlingAdvancedDataStructure,LinkedListTask
py_win_percentage_won_equal,HandlingAdvancedDataStructure,QueueTask
py_win_percentage_won_equal,HandlingAdvancedDataStructure,StackTask
py_win_percentage_won_equal,TwoDimensionalArrayTask,ReplacingElement2DArray
py_win_percentage_won_equal,TwoDimensionalArrayTask,Indexing2DArray
py_win_percentage_won_equal,TwoDimensionalArrayTask,Create2DArray
py_win_percentage_won_equal,HandlingObjectOrientedProgramming,CallingOOPMethod
py_win_percentage_won_equal,HandlingObjectOrientedProgramming,CreatingObject
py_win_percentage_won_equal,HandlingObjectOrientedProgramming,DefiningClass
py_win_percentage_won_equal,HandlingObjectOrientedProgramming,DefiningOOPMethod
py_win_percentage_won_equal,ForLoopWithUpdate,ForLoopWith+=
py_win_percentage_won_equal,ForLoopWithUpdate,ForLoopWith*=
py_win_percentage_won_equal,ForLoopWithUpdate,ForLoopWithListIndexing
py_find_average,HandlingFunctionCallingFunction,CallingFunctionCallingFunction
py_find_average,HandlingFunctionCallingFunction,DefiningFunctionCallingFunction
py_find_average,WhileLoopWithUpdate,WhileLoopWith*=
py_find_average,ForLoopWithUpdate,ForLoopWith+=
py_find_average,ForLoopWithUpdate,ForLoopWith*=
py_find_average,ForLoopWithUpdate,ForLoopWithListIndexing
py_find_average,ArithmeticOperation,FindAbsolute
py_average_even_nums,HandlingAdvancedDataStructure,BinaryTreeTask
py_average_even_nums,HandlingAdvancedDataStructure,LinkedListTask
py_average_even_nums,HandlingAdvancedDataStructure,QueueTask
py_average_even_nums,HandlingAdvancedDataStructure,StackTask
py_average_even_nums,TwoDimensionalArrayTask,ReplacingElement2DArray
py_average_even_nums,TwoDimensionalArrayTask,Indexing2DArray
py_average_even_nums,TwoDimensionalArrayTask,Create2DArray
py_average_even_nums,HandlingObjectOrientedProgramming,CallingOOPMethod
py_average_even_nums,HandlingObjectOrientedProgramming,CreatingObject
py_average_even_nums,HandlingObjectOrientedProgramming,DefiningClass
py_average_even_nums,HandlingObjectOrientedProgramming,DefiningOOPMethod
py_average_even_nums,NonNestedIteration,SingleWhileLoopIteration
py_average_even_nums,WhileLoopWithUpdate,WhileLoopWithListIndexing
py_average_even_nums,WhileLoopWithUpdate,WhileLoopWith*=
py_average_even_nums,WhileLoopWithUpdate,WhileLoopWith+=
py_average_even_nums,ForLoopWithUpdate,ForLoopWith+=
py_average_even_nums,ForLoopWithUpdate,ForLoopWith*=
py_average_even_nums,ForLoopWithUpdate,ForLoopWithListIndexing
py_average_even_nums,NestedLoopIteration,MixedNestedLoopIteration
py_average_even_nums,NestedLoopIteration,NestedForLoopIteration
py_average_even_nums,NestedLoopIteration,NestedWhileLoopIteration
py_average_even_nums,ArithmeticOperation,FindAbsolute
py_average_even_nums,ArithmeticOperation,FindRemainder
py_average_even_nums,ArithmeticOperation,FindMaximum
py_average_even_nums,ArithmeticOperation,Addition
py_average_even_nums,ArithmeticOperation,Round
py_average_even_nums,ArithmeticOperation,Power
py_average_even_nums,ArithmeticOperation,FindMinimum
py_average_even_nums,ArithmeticOperation,Substraction
py_average_even_nums,ArithmeticOperation,Division
py_average_even_nums,ArithmeticOperation,Multiplication
py_average_even_nums,HandlingInteger,TransformingToIntType
py_average_even_nums,HandlingTuple,CreatingTuple
py_average_float,HandlingAdvancedDataStructure,BinaryTreeTask
py_average_float,HandlingAdvancedDataStructure,LinkedListTask
py_average_float,HandlingAdvancedDataStructure,QueueTask
py_average_float,HandlingAdvancedDataStructure,StackTask
py_average_float,TwoDimensionalArrayTask,ReplacingElement2DArray
py_average_float,TwoDimensionalArrayTask,Indexing2DArray
py_average_float,TwoDimensionalArrayTask,Create2DArray
py_average_float,HandlingObjectOrientedProgramming,CallingOOPMethod
py_average_float,HandlingObjectOrientedProgramming,CreatingObject
py_average_float,HandlingObjectOrientedProgramming,DefiningClass
py_average_float,HandlingObjectOrientedProgramming,DefiningOOPMethod
py_average_float,ForLoopWithUpdate,ForLoopWith+=
py_average_float,ForLoopWithUpdate,ForLoopWith*=
py_average_float,ForLoopWithUpdate,ForLoopWithListIndexing
py_average_float,ArithmeticOperation,FindAbsolute
py_average_float,ArithmeticOperation,FindRemainder
py_average_float,ArithmeticOperation,FindMaximum
py_average_float,ArithmeticOperation,Round
py_average_float,ArithmeticOperation,Power
py_average_float,ArithmeticOperation,FindMinimum
py_average_float,ArithmeticOperation,Substraction
py_average_float,ArithmeticOperation,Multiplication
py_average_float,HandlingTuple,SlicingTuple
py_average_float,HandlingTuple,IndexingTuple
py_average_float,HandlingFloat,TransformingToFloatType
py_average_float,HandlingDictionary,ReplacingDictionaryElement
py_average_float,HandlingDictionary,IndexingDictionary
py_average_float,HandlingDictionary,AddingItemToDictionary
py_average_float,HandlingDictionary,AccessingDictionary
py_average_float,HandlingDictionary,CreatingDictionary
py_average_float,HandlingList,DeletingListElement
py_average_float,HandlingList,IndexingList
py_average_float,HandlingList,CreatingList
py_average_float,HandlingList,SlicingList
py_average_float,HandlingList,ReplacingListElement
py_average_float,HandlingList,ListReferencing
py_average_float,HandlingList,ReversingList
py_average_float,AddingListElement,AddingListElementWithInsert
py_average_float,AddingListElement,AddingListElementWithAppend
py_average_float,HandlingFile,ClosingFile
py_average_float,HandlingFile,ReadingLine
py_average_float,HandlingFile,OpeningFile
py_average_float,HandlingString,CreatingString
py_average_float,HandlingString,ReplacingStringContent
py_average_float,HandlingString,FormattingString
py_average_float,HandlingString,TransformingToStringType
py_average_float,HandlingString,SplittingString
py_list2d_basic,HandlingAdvancedDataStructure,BinaryTreeTask
py_list2d_basic,HandlingAdvancedDataStructure,LinkedListTask
py_list2d_basic,HandlingAdvancedDataStructure,QueueTask
py_list2d_basic,HandlingAdvancedDataStructure,StackTask
py_list2d_basic,HandlingObjectOrientedProgramming,CallingOOPMethod
py_list2d_basic,HandlingObjectOrientedProgramming,DefiningOOPMethod
py_list2d_basic,HandlingFunction,NestedFunctionCall
py_list2d_basic,HandlingFunctionCallingFunction,DefiningFunctionCallingFunction
py_list2d_basic,HandlingStandardFunction,CallingStandardFunction
py_list2d_basic,HandlingList,ReversingList
py_list2d_basic2,HandlingAdvancedDataStructure,BinaryTreeTask
py_list2d_basic2,HandlingAdvancedDataStructure,LinkedListTask
py_list2d_basic2,HandlingAdvancedDataStructure,QueueTask
py_list2d_basic2,HandlingAdvancedDataStructure,StackTask
py_list2d_basic2,HandlingObjectOrientedProgramming,CallingOOPMethod
py_list2d_basic2,HandlingObjectOrientedProgramming,CreatingObject
py_list2d_basic2,HandlingObjectOrientedProgramming,DefiningClass
py_list2d_basic2,HandlingObjectOrientedProgramming,DefiningOOPMethod
py_list2d_basic2,HandlingTuple,SlicingTuple
py_list2d_basic2,HandlingTuple,IndexingTuple
py_list2d_basic2,HandlingFloat,TransformingToFloatType
py_list2d_basic2,HandlingDictionary,ReplacingDictionaryElement
py_list2d_basic2,HandlingDictionary,IndexingDictionary
py_list2d_basic2,HandlingDictionary,AddingItemToDictionary
py_list2d_basic2,HandlingDictionary,AccessingDictionary
py_list2d_basic2,HandlingDictionary,CreatingDictionary
py_list2d_basic2,HandlingList,DeletingListElement
py_list2d_basic2,HandlingList,IndexingList
py_list2d_basic2,HandlingList,CreatingList
py_list2d_basic2,HandlingList,SlicingList
py_list2d_basic2,HandlingList,ReplacingListElement
py_list2d_basic2,HandlingList,ListReferencing
py_list2d_basic2,HandlingList,ReversingList
py_list2d_basic2,AddingListElement,AddingListElementWithInsert
py_list2d_basic2,AddingListElement,AddingListElementWithAppend
py_list2d_basic2,HandlingFile,ClosingFile
py_list2d_basic2,HandlingFile,ReadingLine
py_list2d_basic2,HandlingFile,OpeningFile
py_list2d_basic2,HandlingString,CreatingString
py_list2d_basic2,HandlingString,ReplacingStringContent
py_list2d_basic2,HandlingString,FormattingString
py_list2d_basic2,HandlingString,TransformingToStringType
py_list2d_basic2,HandlingString,SplittingString
py_list2d_basic3,HandlingAdvancedDataStructure,BinaryTreeTask
py_list2d_basic3,HandlingAdvancedDataStructure,LinkedListTask
py_list2d_basic3,HandlingAdvancedDataStructure,QueueTask
py_list2d_basic3,HandlingAdvancedDataStructure,StackTask
py_list2d_basic3,HandlingObjectOrientedProgramming,CallingOOPMethod
py_list2d_basic3,HandlingObjectOrientedProgramming,CreatingObject
py_list2d_basic3,HandlingObjectOrientedProgramming,DefiningClass
py_list2d_basic3,HandlingObjectOrientedProgramming,DefiningOOPMethod
py_list2d_basic3,WhileLoopWithUpdate,WhileLoopWith*=
py_list2d_basic3,WhileLoopWithUpdate,WhileLoopWith+=
py_list2d_basic3,ForLoopWithUpdate,ForLoopWith+=
py_list2d_basic3,ForLoopWithUpdate,ForLoopWith*=
py_list2d_basic3,HandlingList,ReversingList
py_list_basic,HandlingAdvancedDataStructure,BinaryTreeTask
py_list_basic,HandlingAdvancedDataStructure,LinkedListTask
py_list_basic,HandlingAdvancedDataStructure,QueueTask
py_list_basic,HandlingAdvancedDataStructure,StackTask
py_list_basic,HandlingFunctionCallingFunction,DefiningFunctionCallingFunction
py_list_basic2,HandlingAdvancedDataStructure,BinaryTreeTask
py_list_basic2,HandlingAdvancedDataStructure,LinkedListTask
py_list_basic2,HandlingAdvancedDataStructure,QueueTask
py_list_basic2,HandlingAdvancedDataStructure,StackTask
py_list_basic2,TwoDimensionalArrayTask,Create2DArray
py_list_basic2,HandlingFunctionCallingFunction,DefiningFunctionCallingFunction
py_list_basic2,HandlingList,ReversingList
py_list_basic2,HandlingString,TransformingToStringType
py_list_basic3,HandlingAdvancedDataStructure,BinaryTreeTask
py_list_basic3,HandlingAdvancedDataStructure,LinkedListTask
py_list_basic3,HandlingAdvancedDataStructure,QueueTask
py_list_basic3,HandlingAdvancedDataStructure,StackTask
py_list_basic3,TwoDimensionalArrayTask,Create2DArray
py_list_basic3,HandlingTuple,SlicingTuple
py_list_basic3,HandlingTuple,IndexingTuple
py_list_basic3,HandlingFloat,TransformingToFloatType
py_list_basic3,HandlingDictionary,ReplacingDictionaryElement
py_list_basic3,HandlingDictionary,IndexingDictionary
py_list_basic3,HandlingDictionary,AddingItemToDictionary
py_list_basic3,HandlingDictionary,AccessingDictionary
py_list_basic3,HandlingDictionary,CreatingDictionary
py_list_basic3,HandlingList,DeletingListElement
py_list_basic3,HandlingList,IndexingList
py_list_basic3,HandlingList,CreatingList
py_list_basic3,HandlingList,SlicingList
py_list_basic3,HandlingList,ReplacingListElement
py_list_basic3,HandlingList,ListReferencing
py_list_basic3,HandlingList,ReversingList
py_list_basic3,AddingListElement,AddingListElementWithInsert
py_list_basic3,AddingListElement,AddingListElementWithAppend
py_list_basic3,HandlingFile,ClosingFile
py_list_basic3,HandlingFile,ReadingLine
py_list_basic3,HandlingFile,OpeningFile
py_list_basic3,HandlingString,CreatingString
py_list_basic3,HandlingString,ReplacingStringContent
py_list_basic3,HandlingString,FormattingString
py_list_basic3,HandlingString,TransformingToStringType
py_list_basic3,HandlingString,SplittingString
py_list_change,WhileLoopWithUpdate,WhileLoopWithListIndexing
py_list_change,WhileLoopWithUpdate,WhileLoopWith*=
py_list_change,WhileLoopWithUpdate,WhileLoopWith+=
py_list_change,ForLoopWithUpdate,ForLoopWith*=
py_list_change,HandlingList,ReversingList
py_list_swap_adjacent_elements,NonNestedIteration,SingleWhileLoopIteration
py_list_swap_adjacent_elements,HandlingTuple,CreatingTuple
py_list_fill,NonNestedIteration,SingleWhileLoopIteration
py_list_fill,ForLoopWithUpdate,ForLoopWith*=
py_list_fill,ArithmeticOperation,FindAbsolute
py_list_fill,HandlingList,ReversingList
py_list_fill_user_input,HandlingFunctionCallingFunction,DefiningFunctionCallingFunction
py_list_fill_user_input,NonNestedIteration,SingleWhileLoopIteration
py_list_fill_user_input,WhileLoopWithUpdate,WhileLoopWithListIndexing
py_list_fill_user_input,WhileLoopWithUpdate,WhileLoopWith*=
py_list_fill_user_input,WhileLoopWithUpdate,WhileLoopWith+=
py_list_fill_user_input,ForLoopWithUpdate,ForLoopWith*=
py_list_fill_user_input,ArithmeticOperation,FindAbsolute
py_list_fill_user_input,ArithmeticOperation,FindRemainder
py_list_fill_user_input,ArithmeticOperation,Round
py_list_fill_user_input,ArithmeticOperation,Power
py_list_fill_user_input,ArithmeticOperation,FindMinimum
py_list_fill_user_input,ArithmeticOperation,Substraction
py_list_fill_user_input,ArithmeticOperation,Division
py_list_fill_user_input,ArithmeticOperation,Multiplication
py_list_fill_user_input,HandlingTuple,SlicingTuple
py_list_fill_user_input,HandlingTuple,IndexingTuple
py_list_fill_user_input,HandlingFloat,TransformingToFloatType
py_list_fill_user_input,HandlingDictionary,ReplacingDictionaryElement
py_list_fill_user_input,HandlingDictionary,IndexingDictionary
py_list_fill_user_input,HandlingDictionary,AddingItemToDictionary
py_list_fill_user_input,HandlingDictionary,AccessingDictionary
py_list_fill_user_input,HandlingDictionary,CreatingDictionary
py_list_fill_user_input,HandlingList,DeletingListElement
py_list_fill_user_input,HandlingList,IndexingList
py_list_fill_user_input,HandlingList,CreatingList
py_list_fill_user_input,HandlingList,SlicingList
py_list_fill_user_input,HandlingList,ReplacingListElement
py_list_fill_user_input,HandlingList,ListReferencing
py_list_fill_user_input,HandlingList,ReversingList
py_list_fill_user_input,AddingListElement,AddingListElementWithInsert
py_list_fill_user_input,AddingListElement,AddingListElementWithAppend
py_list_fill_user_input,HandlingFile,ClosingFile
py_list_fill_user_input,HandlingFile,ReadingLine
py_list_fill_user_input,HandlingFile,OpeningFile
py_list_fill_user_input,HandlingString,CreatingString
py_list_fill_user_input,HandlingString,ReplacingStringContent
py_list_fill_user_input,HandlingString,FormattingString
py_list_fill_user_input,HandlingString,TransformingToStringType
py_list_fill_user_input,HandlingString,SplittingString
py_list_min_max,ArithmeticOperation,FindAbsolute
py_list_min_max,HandlingTuple,SlicingTuple
py_list_min_max,HandlingTuple,IndexingTuple
py_list_min_max,HandlingFloat,TransformingToFloatType
py_list_min_max,HandlingDictionary,ReplacingDictionaryElement
py_list_min_max,HandlingDictionary,IndexingDictionary
py_list_min_max,HandlingDictionary,AddingItemToDictionary
py_list_min_max,HandlingDictionary,AccessingDictionary
py_list_min_max,HandlingDictionary,CreatingDictionary
py_list_min_max,HandlingList,DeletingListElement
py_list_min_max,HandlingList,IndexingList
py_list_min_max,HandlingList,CreatingList
py_list_min_max,HandlingList,SlicingList
py_list_min_max,HandlingList,ReplacingListElement
py_list_min_max,HandlingList,ListReferencing
py_list_min_max,HandlingList,ReversingList
py_list_min_max,AddingListElement,AddingListElementWithInsert
py_list_min_max,AddingListElement,AddingListElementWithAppend
py_list_min_max,HandlingFile,ClosingFile
py_list_min_max,HandlingFile,ReadingLine
py_list_min_max,HandlingFile,OpeningFile
py_list_min_max,HandlingString,CreatingString
py_list_min_max,HandlingString,ReplacingStringContent
py_list_min_max,HandlingString,FormattingString
py_list_min_max,HandlingString,TransformingToStringType
py_list_min_max,HandlingString,SplittingString
py_list_min,HandlingStandardFunction,DefiningStandardFunction
py_list_min,ArithmeticOperation,FindMaximum
py_list_rotate,NonNestedIteration,SingleWhileLoopIteration
py_list_rotate,WhileLoopWithUpdate,WhileLoopWithListIndexing
py_list_rotate,WhileLoopWithUpdate,WhileLoopWith*=
py_list_rotate,WhileLoopWithUpdate,WhileLoopWith+=
py_list_rotate,ForLoopWithUpdate,ForLoopWith+=
py_list_rotate,ForLoopWithUpdate,ForLoopWith*=
py_list_rotate,ForLoopWithUpdate,ForLoopWithListIndexing
py_list_rotate,NestedLoopIteration,MixedNestedLoopIteration
py_list_rotate,NestedLoopIteration,NestedForLoopIteration
py_list_rotate,NestedLoopIteration,NestedWhileLoopIteration
py_list_rotate,ArithmeticOperation,FindAbsolute
py_list_rotate,ArithmeticOperation,FindRemainder
py_list_rotate,ArithmeticOperation,FindMaximum
py_list_rotate,ArithmeticOperation,Addition
py_list_rotate,ArithmeticOperation,Round
py_list_rotate,ArithmeticOperation,Power
py_list_rotate,ArithmeticOperation,FindMinimum
py_list_rotate,ArithmeticOperation,Substraction
py_list_rotate,ArithmeticOperation,Division
py_list_rotate,ArithmeticOperation,Multiplication
py_list_rotate,HandlingInteger,TransformingToIntType
py_list_rotate,HandlingTuple,CreatingTuple
py_list_rotate_left_twice,Python,Concatenation
py_list_rotate_left_twice,Python,Importing
py_list_rotate_left_twice,Python,FindingLength
py_list_rotate_left_twice,Python,Printing
py_list_rotate_left_twice,Python,CheckingForItem
py_list_rotate_left_twice,Python,HandlingInput
py_list_rotate_left_twice,CheckingCondition,IfElseChecking
py_list_rotate_left_twice,CheckingCondition,AssertChecking
py_list_rotate_left_twice,CheckingCondition,IfElifElseChecking
py_list_rotate_left_twice,CheckingCondition,NestedIfChecking
py_list_rotate_left_twice,CheckingCondition,IfChecking
py_list_rotate_left_twice,CheckingCondition,IfElifChecking
py_list_rotate_left_twice,CheckingCondition,BooleanEvaluating
py_list_rotate_left_twice,CheckingInForLoop,IfElseCheckingInForLoop
py_list_rotate_left_twice,CheckingInForLoop,IfElifCheckingInForLoop
py_list_rotate_left_twice,CheckingInForLoop,IfCheckingInForLoop
py_list_rotate_left_twice,CheckingInForLoop,IfElifElseCheckingInForLoop
py_list_rotate_left_twice,CheckingInWhileLoop,IfElifElseCheckingInWhileLoop
py_list_rotate_left_twice,CheckingInWhileLoop,IfCheckingInWhileLoop
py_list_rotate_left_twice,CheckingInWhileLoop,IfElseCheckingInWhileLoop
py_list_rotate_left_twice,CheckingInWhileLoop,IfElifCheckingInWhileLoop
py_list_rotate_left_twice,ManagingVariable,SwappingVariablesValue
py_list_rotate_left_twice,ManagingVariable,AssigningVariable
py_list_rotate_left_twice,ManagingVariable,UpdatingVariable
py_list_rotate_left_twice,HandlingAdvancedDataStructure,BinaryTreeTask
py_list_rotate_left_twice,HandlingAdvancedDataStructure,LinkedListTask
py_list_rotate_left_twice,HandlingAdvancedDataStructure,QueueTask
py_list_rotate_left_twice,HandlingAdvancedDataStructure,StackTask
py_list_rotate_left_twice,TwoDimensionalArrayTask,ReplacingElement2DArray
py_list_rotate_left_twice,TwoDimensionalArrayTask,Indexing2DArray
py_list_rotate_left_twice,TwoDimensionalArrayTask,Create2DArray
py_list_rotate_left_twice,HandlingObjectOrientedProgramming,CallingOOPMethod
py_list_rotate_left_twice,HandlingObjectOrientedProgramming,CreatingObject
py_list_rotate_left_twice,HandlingObjectOrientedProgramming,DefiningClass
py_list_rotate_left_twice,HandlingObjectOrientedProgramming,DefiningOOPMethod
py_list_rotate_left_twice,HandlingFunction,CallingFunctionLibrary
py_list_rotate_left_twice,HandlingFunction,NestedFunctionCall
py_list_rotate_left_twice,HandlingFunctionCallingFunction,CallingFunctionCallingFunction
py_list_rotate_left_twice,HandlingFunctionCallingFunction,DefiningFunctionCallingFunction
py_list_rotate_left_twice,HandlingRecursiveFunction,CallingRecursiveFunction
py_list_rotate_left_twice,HandlingRecursiveFunction,DefiningRecursiveFunction
py_list_rotate_left_twice,HandlingNestedFunction,CallingNestedFunction
py_list_rotate_left_twice,HandlingNestedFunction,DefiningNestedFunction
py_list_rotate_left_twice,HandlingStandardFunction,CallingStandardFunction
py_list_rotate_left_twice,HandlingStandardFunction,DefiningStandardFunction
py_list_rotate_left_twice,NonNestedIteration,SingleForLoopIteration
py_list_rotate_right_twice,HandlingObjectOrientedProgramming,DefiningOOPMethod
py_list_rotate_right_twice,HandlingFunction,NestedFunctionCall
py_list_rotate_right_twice,HandlingFunctionCallingFunction,DefiningFunctionCallingFunction
py_list_rotate_right_twice,HandlingStandardFunction,DefiningStandardFunction
py_list_rotate_right_twice,HandlingTuple,SlicingTuple
py_list_rotate_right_twice,HandlingTuple,IndexingTuple
py_list_rotate_right_twice,HandlingFloat,TransformingToFloatType
py_list_rotate_right_twice,HandlingDictionary,ReplacingDictionaryElement
py_list_rotate_right_twice,HandlingDictionary,IndexingDictionary
py_list_rotate_right_twice,HandlingDictionary,AddingItemToDictionary
py_list_rotate_right_twice,HandlingDictionary,AccessingDictionary
py_list_rotate_right_twice,HandlingDictionary,CreatingDictionary
py_list_rotate_right_twice,HandlingList,DeletingListElement
py_list_rotate_right_twice,HandlingList,IndexingList
py_list_rotate_right_twice,HandlingList,CreatingList
py_list_rotate_right_twice,HandlingList,SlicingList
py_list_rotate_right_twice,HandlingList,ReplacingListElement
py_list_rotate_right_twice,HandlingList,ListReferencing
py_list_rotate_right_twice,HandlingList,ReversingList
py_list_rotate_right_twice,AddingListElement,AddingListElementWithInsert
py_list_rotate_right_twice,AddingListElement,AddingListElementWithAppend
py_list_rotate_right_twice,HandlingFile,ClosingFile
py_list_rotate_right_twice,HandlingFile,ReadingLine
py_list_rotate_right_twice,HandlingFile,OpeningFile
py_list_rotate_right_twice,HandlingString,CreatingString
py_list_rotate_right_twice,HandlingString,ReplacingStringContent
py_list_rotate_right_twice,HandlingString,FormattingString
py_list_rotate_right_twice,HandlingString,TransformingToStringType
py_list_rotate_right_twice,HandlingString,SplittingString
py_print_medals,Python,Concatenation
py_print_medals,Python,Importing
py_print_medals,Python,FindingLength
py_print_medals,Python,Printing
py_print_medals,Python,CheckingForItem
py_print_medals,Python,HandlingInput
py_print_medals,CheckingCondition,IfElseChecking
py_print_medals,CheckingCondition,AssertChecking
py_print_medals,CheckingCondition,IfElifElseChecking
py_print_medals,CheckingCondition,NestedIfChecking
py_print_medals,CheckingCondition,IfChecking
py_print_medals,CheckingCondition,IfElifChecking
py_print_medals,CheckingCondition,BooleanEvaluating
py_print_medals,CheckingInForLoop,IfElseCheckingInForLoop
py_print_medals,CheckingInForLoop,IfElifCheckingInForLoop
py_print_medals,CheckingInForLoop,IfCheckingInForLoop
py_print_medals,CheckingInForLoop,IfElifElseCheckingInForLoop
py_print_medals,CheckingInWhileLoop,IfElifElseCheckingInWhileLoop
py_print_medals,CheckingInWhileLoop,IfCheckingInWhileLoop
py_print_medals,CheckingInWhileLoop,IfElseCheckingInWhileLoop
py_print_medals,CheckingInWhileLoop,IfElifCheckingInWhileLoop
py_print_medals,ManagingVariable,SwappingVariablesValue
py_print_medals,HandlingTuple,SlicingTuple
py_print_medals,HandlingTuple,IndexingTuple
py_print_medals,HandlingFloat,TransformingToFloatType
py_print_medals,HandlingDictionary,ReplacingDictionaryElement
py_print_medals,HandlingDictionary,IndexingDictionary
py_print_medals,HandlingDictionary,AddingItemToDictionary
py_print_medals,HandlingDictionary,AccessingDictionary
py_print_medals,HandlingDictionary,CreatingDictionary
py_print_medals,HandlingList,DeletingListElement
py_print_medals,HandlingList,IndexingList
py_print_medals,HandlingList,CreatingList
py_print_medals,HandlingList,SlicingList
py_print_medals,HandlingList,ReplacingListElement
py_print_medals,HandlingList,ListReferencing
py_print_medals,HandlingList,ReversingList
py_print_medals,AddingListElement,AddingListElementWithInsert
py_print_medals,AddingListElement,AddingListElementWithAppend
py_print_medals,HandlingFile,ClosingFile
py_print_medals,HandlingFile,ReadingLine
py_print_medals,HandlingFile,OpeningFile
py_print_medals,HandlingString,CreatingString
py_print_medals,HandlingString,ReplacingStringContent
py_print_medals,HandlingString,FormattingString
py_print_medals,HandlingString,TransformingToStringType
py_print_medals,HandlingString,SplittingString
py_list_process_elements,Python,Concatenation
py_list_process_elements,Python,Importing
py_list_process_elements,Python,FindingLength
py_list_process_elements,Python,Printing
py_list_process_elements,Python,CheckingForItem
py_list_process_elements,Python,HandlingInput
py_list_process_elements,CheckingCondition,IfElseChecking
py_list_process_elements,CheckingCondition,AssertChecking
py_list_process_elements,CheckingCondition,IfElifElseChecking
py_list_process_elements,CheckingCondition,NestedIfChecking
py_list_process_elements,CheckingCondition,IfChecking
py_list_process_elements,CheckingCondition,IfElifChecking
py_list_process_elements,CheckingCondition,BooleanEvaluating
py_list_process_elements,CheckingInForLoop,IfElseCheckingInForLoop
py_list_process_elements,CheckingInForLoop,IfElifCheckingInForLoop
py_list_process_elements,CheckingInForLoop,IfCheckingInForLoop
py_list_process_elements,CheckingInForLoop,IfElifElseCheckingInForLoop
py_list_process_elements,CheckingInWhileLoop,IfElifElseCheckingInWhileLoop
py_list_process_elements,CheckingInWhileLoop,IfCheckingInWhileLoop
py_list_process_elements,CheckingInWhileLoop,IfElseCheckingInWhileLoop
py_list_process_elements,CheckingInWhileLoop,IfElifCheckingInWhileLoop
py_list_process_elements,ManagingVariable,SwappingVariablesValue
py_list_process_elements,HandlingObjectOrientedProgramming,DefiningOOPMethod
py_list_process_elements,HandlingFunctionCallingFunction,CallingFunctionCallingFunction
py_list_process_elements,HandlingFunctionCallingFunction,DefiningFunctionCallingFunction
py_list_process_elements,HandlingStandardFunction,CallingStandardFunction
py_list_process_elements,HandlingStandardFunction,DefiningStandardFunction
py_list_process_elements,WhileLoopWithUpdate,WhileLoopWithListIndexing
py_list_process_elements,WhileLoopWithUpdate,WhileLoopWith*=
py_list_process_elements,WhileLoopWithUpdate,WhileLoopWith+=
py_list_process_elements,ForLoopWithUpdate,ForLoopWith*=
py_list_process_elements,HandlingTuple,SlicingTuple
py_list_process_elements,HandlingTuple,IndexingTuple
py_list_process_elements,HandlingFloat,TransformingToFloatType
py_list_process_elements,HandlingDictionary,ReplacingDictionaryElement
py_list_process_elements,HandlingDictionary,IndexingDictionary
py_list_process_elements,HandlingDictionary,AddingItemToDictionary
py_list_process_elements,HandlingDictionary,AccessingDictionary
py_list_process_elements,HandlingDictionary,CreatingDictionary
py_list_process_elements,HandlingList,DeletingListElement
py_list_process_elements,HandlingList,IndexingList
py_list_process_elements,HandlingList,CreatingList
py_list_process_elements,HandlingList,SlicingList
py_list_process_elements,HandlingList,ReplacingListElement
py_list_process_elements,HandlingList,ListReferencing
py_list_process_elements,HandlingList,ReversingList
py_list_process_elements,AddingListElement,AddingListElementWithInsert
py_list_process_elements,AddingListElement,AddingListElementWithAppend
py_list_process_elements,HandlingFile,ClosingFile
py_list_process_elements,HandlingFile,ReadingLine
py_list_process_elements,HandlingFile,OpeningFile
py_list_process_elements,HandlingString,CreatingString
py_list_process_elements,HandlingString,ReplacingStringContent
py_list_process_elements,HandlingString,FormattingString
py_list_process_elements,HandlingString,TransformingToStringType
py_list_process_elements,HandlingString,SplittingString
py_average_list_elements,HandlingObjectOrientedProgramming,DefiningOOPMethod
py_average_list_elements,HandlingFunction,NestedFunctionCall
py_average_list_elements,HandlingFunctionCallingFunction,DefiningFunctionCallingFunction
py_average_list_elements,HandlingStandardFunction,CallingStandardFunction
py_average_list_elements,HandlingStandardFunction,DefiningStandardFunction
py_average_list_elements,HandlingTuple,SlicingTuple
py_average_list_elements,HandlingTuple,IndexingTuple
py_average_list_elements,HandlingFloat,TransformingToFloatType
py_average_list_elements,HandlingDictionary,ReplacingDictionaryElement
py_average_list_elements,HandlingDictionary,IndexingDictionary
py_average_list_elements,HandlingDictionary,AddingItemToDictionary
py_average_list_elements,HandlingDictionary,AccessingDictionary
py_average_list_elements,HandlingDictionary,CreatingDictionary
py_average_list_elements,HandlingList,DeletingListElement
py_average_list_elements,HandlingList,IndexingList
py_average_list_elements,HandlingList,CreatingList
py_average_list_elements,HandlingList,SlicingList
py_average_list_elements,HandlingList,ReplacingListElement
py_average_list_elements,HandlingList,ListReferencing
py_average_list_elements,HandlingList,ReversingList
py_average_list_elements,AddingListElement,AddingListElementWithInsert
py_average_list_elements,AddingListElement,AddingListElementWithAppend
py_average_list_elements,HandlingFile,ClosingFile
py_average_list_elements,HandlingFile,ReadingLine
py_average_list_elements,HandlingFile,OpeningFile
py_average_list_elements,HandlingString,CreatingString
py_average_list_elements,HandlingString,ReplacingStringContent
py_average_list_elements,HandlingString,FormattingString
py_average_list_elements,HandlingString,TransformingToStringType
py_average_list_elements,HandlingString,SplittingString
py_search_list,NonNestedIteration,SingleWhileLoopIteration
py_search_list,HandlingList,DeletingListElement
py_search_list,HandlingList,ReversingList
py_search_list_total_count,HandlingAdvancedDataStructure,BinaryTreeTask
py_search_list_total_count,HandlingAdvancedDataStructure,LinkedListTask
py_search_list_total_count,HandlingAdvancedDataStructure,QueueTask
py_search_list_total_count,HandlingAdvancedDataStructure,StackTask
py_search_list_total_count,TwoDimensionalArrayTask,ReplacingElement2DArray
py_search_list_total_count,TwoDimensionalArrayTask,Indexing2DArray
py_search_list_total_count,TwoDimensionalArrayTask,Create2DArray
py_search_list_total_count,HandlingObjectOrientedProgramming,DefiningClass
py_search_list_total_count,HandlingObjectOrientedProgramming,DefiningOOPMethod
py_search_list_total_count,HandlingFunctionCallingFunction,CallingFunctionCallingFunction
py_search_list_total_count,HandlingFunctionCallingFunction,DefiningFunctionCallingFunction
py_search_list_total_count,HandlingStandardFunction,CallingStandardFunction
py_search_list_total_count,HandlingStandardFunction,DefiningStandardFunction
py_search_list_total_count,NonNestedIteration,SingleWhileLoopIteration
py_search_list_total_count,WhileLoopWithUpdate,WhileLoopWithListIndexing
py_search_list_total_count,WhileLoopWithUpdate,WhileLoopWith*=
py_search_list_total_count,WhileLoopWithUpdate,WhileLoopWith+=
py_search_list_total_count,ForLoopWithUpdate,ForLoopWith+=
py_search_list_total_count,ForLoopWithUpdate,ForLoopWith*=
py_search_list_total_count,ForLoopWithUpdate,ForLoopWithListIndexing
py_search_list_total_count,NestedLoopIteration,MixedNestedLoopIteration
py_search_list_total_count,NestedLoopIteration,NestedForLoopIteration
py_search_list_total_count,NestedLoopIteration,NestedWhileLoopIteration
py_search_list_total_count,ArithmeticOperation,FindAbsolute
py_search_list_total_count,ArithmeticOperation,FindRemainder
py_search_list_total_count,ArithmeticOperation,FindMaximum
py_search_list_total_count,ArithmeticOperation,Addition
py_search_list_total_count,ArithmeticOperation,Round
py_search_list_total_count,ArithmeticOperation,Power
py_search_list_total_count,ArithmeticOperation,FindMinimum
py_search_list_total_count,ArithmeticOperation,Substraction
py_search_list_total_count,ArithmeticOperation,Division
py_search_list_total_count,ArithmeticOperation,Multiplication
py_search_list_total_count,HandlingInteger,TransformingToIntType
py_search_list_total_count,HandlingTuple,CreatingTuple
py_search_list_total_count,HandlingList,ReversingList
py_search_list_count_each,ManagingVariable,AssigningVariable
py_search_list_count_each,ManagingVariable,UpdatingVariable
py_search_list_count_each,HandlingAdvancedDataStructure,BinaryTreeTask
py_search_list_count_each,HandlingAdvancedDataStructure,LinkedListTask
py_search_list_count_each,HandlingAdvancedDataStructure,QueueTask
py_search_list_count_each,HandlingAdvancedDataStructure,StackTask
py_search_list_count_each,TwoDimensionalArrayTask,ReplacingElement2DArray
py_search_list_count_each,TwoDimensionalArrayTask,Indexing2DArray
py_search_list_count_each,TwoDimensionalArrayTask,Create2DArray
py_search_list_count_each,HandlingObjectOrientedProgramming,CallingOOPMethod
py_search_list_count_each,HandlingObjectOrientedProgramming,CreatingObject
py_search_list_count_each,HandlingObjectOrientedProgramming,DefiningClass
py_search_list_count_each,HandlingObjectOrientedProgramming,DefiningOOPMethod
py_search_list_count_each,HandlingFunction,CallingFunctionLibrary
py_search_list_count_each,HandlingFunction,NestedFunctionCall
py_search_list_count_each,HandlingFunctionCallingFunction,CallingFunctionCallingFunction
py_search_list_count_each,HandlingFunctionCallingFunction,DefiningFunctionCallingFunction
py_search_list_count_each,HandlingRecursiveFunction,CallingRecursiveFunction
py_search_list_count_each,HandlingRecursiveFunction,DefiningRecursiveFunction
py_search_list_count_each,HandlingNestedFunction,CallingNestedFunction
py_search_list_count_each,HandlingNestedFunction,DefiningNestedFunction
py_search_list_count_each,HandlingStandardFunction,CallingStandardFunction
py_search_list_count_each,HandlingStandardFunction,DefiningStandardFunction
py_search_list_count_each,NonNestedIteration,SingleWhileLoopIteration
py_search_list_count_each,ForLoopWithUpdate,ForLoopWith*=
py_search_list_count_each,NestedLoopIteration,NestedWhileLoopIteration
py_search_list_count_each,HandlingList,DeletingListElement
py_search_list_count_each,HandlingList,ReversingList
py_soda_survey,HandlingFunctionCallingFunction,DefiningFunctionCallingFunction
py_soda_survey,NonNestedIteration,SingleWhileLoopIteration
py_soda_survey,WhileLoopWithUpdate,WhileLoopWithListIndexing
py_soda_survey,WhileLoopWithUpdate,WhileLoopWith*=
py_soda_survey,WhileLoopWithUpdate,WhileLoopWith+=
py_soda_survey,ForLoopWithUpdate,ForLoopWith+=
py_soda_survey,ForLoopWithUpdate,ForLoopWith*=
py_soda_survey,ForLoopWithUpdate,ForLoopWithListIndexing
py_soda_survey,NestedLoopIteration,MixedNestedLoopIteration
py_soda_survey,NestedLoopIteration,NestedForLoopIteration
py_soda_survey,NestedLoopIteration,NestedWhileLoopIteration
py_soda_survey,ArithmeticOperation,FindAbsolute
py_soda_survey,ArithmeticOperation,FindRemainder
py_soda_survey,ArithmeticOperation,FindMaximum
py_soda_survey,ArithmeticOperation,Addition
py_soda_survey,ArithmeticOperation,Round
py_soda_survey,ArithmeticOperation,Power
py_soda_survey,ArithmeticOperation,FindMinimum
py_soda_survey,ArithmeticOperation,Substraction
py_soda_survey,ArithmeticOperation,Division
py_soda_survey,ArithmeticOperation,Multiplication
py_soda_survey,HandlingInteger,TransformingToIntType
py_soda_survey,HandlingTuple,CreatingTuple
py_soda_survey,HandlingFile,ClosingFile
py_soda_survey,HandlingFile,ReadingLine
py_soda_survey,HandlingFile,OpeningFile
py_soda_survey,HandlingString,TrimmingString
py_soda_survey,HandlingString,IndexingString
py_soda_survey,HandlingString,SlicingString
py_soda_survey,ModifyingStringCase,ConvertStringToUpperCase
py_soda_survey,ModifyingStringCase,ConvertStringToLowerCase
py_soda_survey,ModifyingStringCase,CapitalizeString
py_soda_survey,HandlingError,HandlingSpecificError
py_soda_survey,HandlingError,HandlingGeneralError
py_soda_survey_soda_avg,HandlingAdvancedDataStructure,BinaryTreeTask
py_soda_survey_soda_avg,HandlingAdvancedDataStructure,LinkedListTask
py_soda_survey_soda_avg,HandlingAdvancedDataStructure,QueueTask
py_soda_survey_soda_avg,HandlingAdvancedDataStructure,StackTask
py_soda_survey_soda_avg,TwoDimensionalArrayTask,ReplacingElement2DArray
py_soda_survey_soda_avg,HandlingFunctionCallingFunction,DefiningFunctionCallingFunction
py_soda_survey_soda_avg,HandlingTuple,SlicingTuple
py_soda_survey_soda_avg,HandlingTuple,IndexingTuple
py_soda_survey_soda_avg,HandlingFloat,TransformingToFloatType
py_soda_survey_soda_avg,HandlingDictionary,ReplacingDictionaryElement
py_soda_survey_soda_avg,HandlingDictionary,IndexingDictionary
py_soda_survey_soda_avg,HandlingDictionary,AddingItemToDictionary
py_soda_survey_soda_avg,HandlingDictionary,AccessingDictionary
py_soda_survey_soda_avg,HandlingDictionary,CreatingDictionary
py_soda_survey_soda_avg,HandlingList,DeletingListElement
py_soda_survey_soda_avg,HandlingList,SlicingList
py_soda_survey_soda_avg,HandlingList,ReplacingListElement
py_soda_survey_soda_avg,HandlingList,ListReferencing
py_soda_survey_soda_avg,HandlingList,ReversingList
py_soda_survey_soda_avg,AddingListElement,AddingListElementWithInsert
py_soda_survey_soda_avg,AddingListElement,AddingListElementWithAppend
py_soda_survey_soda_avg,HandlingFile,ClosingFile
py_soda_survey_soda_avg,HandlingFile,ReadingLine
py_soda_survey_soda_avg,HandlingFile,OpeningFile
py_soda_survey_soda_avg,HandlingString,CreatingString
py_soda_survey_soda_avg,HandlingString,ReplacingStringContent
py_soda_survey_soda_avg,HandlingString,FormattingString
py_soda_survey_soda_avg,HandlingString,TransformingToStringType
py_soda_survey_soda_avg,HandlingString,SplittingString
py_soda_survey_soda_respondent_avg,HandlingFunctionCallingFunction,DefiningFunctionCallingFunction
py_temperature,HandlingObjectOrientedProgramming,DefiningOOPMethod
py_temperature,ForLoopWithUpdate,ForLoopWith*=
py_temperature,HandlingTuple,CreatingTuple
py_temperature_list_days_above_threshold,ManagingVariable,AssigningVariable
py_temperature_list_days_above_threshold,ManagingVariable,UpdatingVariable
py_temperature_list_days_above_threshold,HandlingAdvancedDataStructure,BinaryTreeTask
py_temperature_list_days_above_threshold,HandlingAdvancedDataStructure,LinkedListTask
py_temperature_list_days_above_threshold,HandlingAdvancedDataStructure,QueueTask
py_temperature_list_days_above_threshold,HandlingAdvancedDataStructure,StackTask
py_temperature_list_days_above_threshold,TwoDimensionalArrayTask,ReplacingElement2DArray
py_temperature_list_days_above_threshold,TwoDimensionalArrayTask,Indexing2DArray
py_temperature_list_days_above_threshold,TwoDimensionalArrayTask,Create2DArray
py_temperature_list_days_above_threshold,HandlingObjectOrientedProgramming,CallingOOPMethod
py_temperature_list_days_above_threshold,HandlingObjectOrientedProgramming,CreatingObject
py_temperature_list_days_above_threshold,HandlingObjectOrientedProgramming,DefiningClass
py_temperature_list_days_above_threshold,HandlingObjectOrientedProgramming,DefiningOOPMethod
py_temperature_list_days_above_threshold,HandlingFunction,CallingFunctionLibrary
py_temperature_list_days_above_threshold,HandlingFunction,NestedFunctionCall
py_temperature_list_days_above_threshold,HandlingFunctionCallingFunction,CallingFunctionCallingFunction
py_temperature_list_days_above_threshold,HandlingFunctionCallingFunction,DefiningFunctionCallingFunction
py_temperature_list_days_above_threshold,HandlingRecursiveFunction,CallingRecursiveFunction
py_temperature_list_days_above_threshold,HandlingRecursiveFunction,DefiningRecursiveFunction
py_temperature_list_days_above_threshold,HandlingNestedFunction,CallingNestedFunction
py_temperature_list_days_above_threshold,HandlingNestedFunction,DefiningNestedFunction
py_temperature_list_days_above_threshold,HandlingStandardFunction,CallingStandardFunction
py_temperature_list_days_above_threshold,HandlingStandardFunction,DefiningStandardFunction
py_temperature_list_days_above_threshold,NonNestedIteration,SingleForLoopIteration
py_temperature_list_days_above_threshold,NonNestedIteration,SingleWhileLoopIteration
py_temperature_list_days_above_threshold,WhileLoopWithUpdate,WhileLoopWithListIndexing
py_temperature_list_days_above_threshold,WhileLoopWithUpdate,WhileLoopWith*=
py_temperature_list_days_above_threshold,WhileLoopWithUpdate,WhileLoopWith+=
py_temperature_list_days_above_threshold,ForLoopWithUpdate,ForLoopWith+=
py_temperature_list_days_above_threshold,ForLoopWithUpdate,ForLoopWith*=
py_temperature_list_days_above_threshold,ForLoopWithUpdate,ForLoopWithListIndexing
py_temperature_list_days_above_threshold,NestedLoopIteration,MixedNestedLoopIteration
py_temperature_list_days_above_threshold,NestedLoopIteration,NestedForLoopIteration
py_temperature_list_days_above_threshold,NestedLoopIteration,NestedWhileLoopIteration
py_temperature_list_days_above_threshold,ArithmeticOperation,FindAbsolute
py_temperature_list_days_above_threshold,ArithmeticOperation,FindRemainder
py_temperature_list_days_above_threshold,ArithmeticOperation,FindMaximum
py_temperature_list_days_above_threshold,ArithmeticOperation,Addition
py_temperature_list_days_above_threshold,ArithmeticOperation,Round
py_temperature_list_days_above_threshold,ArithmeticOperation,Power
py_temperature_list_days_above_threshold,ArithmeticOperation,FindMinimum
py_temperature_list_days_above_threshold,ArithmeticOperation,Substraction
py_temperature_list_days_above_threshold,ArithmeticOperation,Division
py_temperature_list_days_above_threshold,ArithmeticOperation,Multiplication
py_temperature_list_days_above_threshold,HandlingInteger,TransformingToIntType
py_temperature_list_days_above_threshold,HandlingTuple,CreatingTuple
py_temperature_list_days_above_threshold,HandlingList,SlicingList
py_temperature_list_days_above_threshold,AddingListElement,AddingListElementWithInsert
py_temperature_list_days_above_threshold,AddingListElement,AddingListElementWithAppend
py_digits,ForLoopWithUpdate,ForLoopWith+=
py_digits,ForLoopWithUpdate,ForLoopWith*=
py_digits,ForLoopWithUpdate,ForLoopWithListIndexing
py_digits,HandlingTuple,SlicingTuple
py_digits,HandlingTuple,IndexingTuple
py_digits,HandlingFloat,TransformingToFloatType
py_digits,HandlingDictionary,ReplacingDictionaryElement
py_digits,HandlingDictionary,IndexingDictionary
py_digits,HandlingDictionary,AddingItemToDictionary
py_digits,HandlingDictionary,AccessingDictionary
py_digits,HandlingDictionary,CreatingDictionary
py_digits,HandlingList,DeletingListElement
py_digits,HandlingList,IndexingList
py_digits,HandlingList,CreatingList
py_digits,HandlingList,SlicingList
py_digits,HandlingList,ReplacingListElement
py_digits,HandlingList,ListReferencing
py_digits,HandlingList,ReversingList
py_digits,AddingListElement,AddingListElementWithInsert
py_digits,AddingListElement,AddingListElementWithAppend
py_digits,HandlingFile,ClosingFile
py_digits,HandlingFile,ReadingLine
py_digits,HandlingFile,OpeningFile
py_digits,HandlingString,CreatingString
py_digits,HandlingString,ReplacingStringContent
py_digits,HandlingString,FormattingString
py_digits,HandlingString,TransformingToStringType
py_digits,HandlingString,SplittingString
py_sum_digits,ForLoopWithUpdate,ForLoopWith+=
py_sum_digits,ForLoopWithUpdate,ForLoopWith*=
py_sum_digits,ForLoopWithUpdate,ForLoopWithListIndexing
py_sum_digits,ArithmeticOperation,FindAbsolute
py_reverse_number,HandlingFunctionCallingFunction,DefiningFunctionCallingFunction
py_reverse_number,NonNestedIteration,SingleWhileLoopIteration
py_reverse_number,WhileLoopWithUpdate,WhileLoopWithListIndexing
py_reverse_number,WhileLoopWithUpdate,WhileLoopWith*=
py_reverse_number,WhileLoopWithUpdate,WhileLoopWith+=
py_reverse_number,ForLoopWithUpdate,ForLoopWith+=
py_reverse_number,ForLoopWithUpdate,ForLoopWith*=
py_reverse_number,ForLoopWithUpdate,ForLoopWithListIndexing
py_reverse_number,NestedLoopIteration,MixedNestedLoopIteration
py_reverse_number,NestedLoopIteration,NestedForLoopIteration
py_reverse_number,NestedLoopIteration,NestedWhileLoopIteration
py_reverse_number,ArithmeticOperation,FindAbsolute
py_reverse_number,ArithmeticOperation,FindRemainder
py_reverse_number,ArithmeticOperation,FindMaximum
py_reverse_number,ArithmeticOperation,Addition
py_reverse_number,ArithmeticOperation,Round
py_reverse_number,ArithmeticOperation,Power
py_reverse_number,ArithmeticOperation,FindMinimum
py_reverse_number,ArithmeticOperation,Substraction
py_reverse_number,ArithmeticOperation,Division
py_reverse_number,ArithmeticOperation,Multiplication
py_reverse_number,HandlingInteger,TransformingToIntType
py_reverse_number,HandlingTuple,CreatingTuple
py_work_hours,NonNestedIteration,SingleWhileLoopIteration
py_work_hours,NestedLoopIteration,MixedNestedLoopIteration
py_work_hours,NestedLoopIteration,NestedWhileLoopIteration
py_work_hours,HandlingString,TrimmingString
py_work_hours,HandlingString,IndexingString
py_work_hours,HandlingString,SlicingString
py_work_hours,ModifyingStringCase,ConvertStringToUpperCase
py_work_hours,ModifyingStringCase,ConvertStringToLowerCase
py_work_hours,ModifyingStringCase,CapitalizeString
py_work_hours,HandlingError,HandlingSpecificError
py_work_hours,HandlingError,HandlingGeneralError
py_work_hours2,HandlingAdvancedDataStructure,BinaryTreeTask
py_work_hours2,HandlingAdvancedDataStructure,LinkedListTask
py_work_hours2,HandlingAdvancedDataStructure,QueueTask
py_work_hours2,HandlingAdvancedDataStructure,StackTask
py_work_hours2,TwoDimensionalArrayTask,ReplacingElement2DArray
py_work_hours2,TwoDimensionalArrayTask,Indexing2DArray
py_work_hours2,TwoDimensionalArrayTask,Create2DArray
py_work_hours2,HandlingFunctionCallingFunction,CallingFunctionCallingFunction
py_work_hours2,HandlingFunctionCallingFunction,DefiningFunctionCallingFunction
py_work_hours2,NonNestedIteration,SingleWhileLoopIteration
py_work_hours2,WhileLoopWithUpdate,WhileLoopWithListIndexing
py_work_hours2,WhileLoopWithUpdate,WhileLoopWith*=
py_work_hours2,WhileLoopWithUpdate,WhileLoopWith+=
py_work_hours2,ForLoopWithUpdate,ForLoopWith+=
py_work_hours2,ForLoopWithUpdate,ForLoopWith*=
py_work_hours2,ForLoopWithUpdate,ForLoopWithListIndexing
py_work_hours2,NestedLoopIteration,MixedNestedLoopIteration
py_work_hours2,NestedLoopIteration,NestedForLoopIteration
py_work_hours2,NestedLoopIteration,NestedWhileLoopIteration
py_work_hours2,ArithmeticOperation,FindAbsolute
py_work_hours2,ArithmeticOperation,FindRemainder
py_work_hours2,ArithmeticOperation,FindMaximum
py_work_hours2,ArithmeticOperation,Addition
py_work_hours2,ArithmeticOperation,Round
py_work_hours2,ArithmeticOperation,Power
py_work_hours2,ArithmeticOperation,FindMinimum
py_work_hours2,ArithmeticOperation,Substraction
py_work_hours2,ArithmeticOperation,Division
py_work_hours2,ArithmeticOperation,Multiplication
py_work_hours2,HandlingInteger,TransformingToIntType
py_work_hours2,HandlingTuple,CreatingTuple
py_check_product_code,Python,Concatenation
py_check_product_code,Python,Importing
py_check_product_code,Python,FindingLength
py_check_product_code,Python,Printing
py_check_product_code,Python,CheckingForItem
py_check_product_code,Python,HandlingInput
py_check_product_code,CheckingCondition,IfElseChecking
py_check_product_code,CheckingCondition,AssertChecking
py_check_product_code,CheckingCondition,IfElifElseChecking
py_check_product_code,CheckingCondition,NestedIfChecking
py_check_product_code,CheckingCondition,IfChecking
py_check_product_code,CheckingCondition,IfElifChecking
py_check_product_code,CheckingCondition,BooleanEvaluating
py_check_product_code,CheckingInForLoop,IfElseCheckingInForLoop
py_check_product_code,CheckingInForLoop,IfElifCheckingInForLoop
py_check_product_code,CheckingInForLoop,IfCheckingInForLoop
py_check_product_code,CheckingInForLoop,IfElifElseCheckingInForLoop
py_check_product_code,CheckingInWhileLoop,IfElifElseCheckingInWhileLoop
py_check_product_code,CheckingInWhileLoop,IfCheckingInWhileLoop
py_check_product_code,CheckingInWhileLoop,IfElseCheckingInWhileLoop
py_check_product_code,CheckingInWhileLoop,IfElifCheckingInWhileLoop
py_check_product_code,ManagingVariable,SwappingVariablesValue
py_check_product_code,WhileLoopWithUpdate,WhileLoopWith*=
py_check_product_code,ForLoopWithUpdate,ForLoopWith+=
py_check_product_code,ForLoopWithUpdate,ForLoopWith*=
py_check_product_code,ForLoopWithUpdate,ForLoopWithListIndexing
py_check_product_code2,ManagingVariable,AssigningVariable
py_check_product_code2,ManagingVariable,UpdatingVariable
py_check_product_code2,HandlingAdvancedDataStructure,BinaryTreeTask
py_check_product_code2,HandlingAdvancedDataStructure,LinkedListTask
py_check_product_code2,HandlingAdvancedDataStructure,QueueTask
py_check_product_code2,HandlingAdvancedDataStructure,StackTask
py_check_product_code2,TwoDimensionalArrayTask,ReplacingElement2DArray
py_check_product_code2,TwoDimensionalArrayTask,Indexing2DArray
py_check_product_code2,TwoDimensionalArrayTask,Create2DArray
py_check_product_code2,HandlingObjectOrientedProgramming,CallingOOPMethod
py_check_product_code2,HandlingObjectOrientedProgramming,CreatingObject
py_check_product_code2,HandlingObjectOrientedProgramming,DefiningClass
py_check_product_code2,HandlingObjectOrientedProgramming,DefiningOOPMethod
py_check_product_code2,HandlingFunction,CallingFunctionLibrary
py_check_product_code2,HandlingFunction,NestedFunctionCall
py_check_product_code2,HandlingFunctionCallingFunction,CallingFunctionCallingFunction
py_check_product_code2,HandlingFunctionCallingFunction,DefiningFunctionCallingFunction
py_check_product_code2,HandlingRecursiveFunction,CallingRecursiveFunction
py_check_product_code2,HandlingRecursiveFunction,DefiningRecursiveFunction
py_check_product_code2,HandlingNestedFunction,CallingNestedFunction
py_check_product_code2,HandlingNestedFunction,DefiningNestedFunction
py_check_product_code2,HandlingStandardFunction,CallingStandardFunction
py_check_product_code2,HandlingStandardFunction,DefiningStandardFunction
py_check_product_code2,NonNestedIteration,SingleForLoopIteration
py_check_product_code2,WhileLoopWithUpdate,WhileLoopWith*=
py_check_product_code2,ForLoopWithUpdate,ForLoopWith+=
py_check_product_code2,ForLoopWithUpdate,ForLoopWith*=
py_check_product_code2,ForLoopWithUpdate,ForLoopWithListIndexing
py_check_product_code2,HandlingTuple,SlicingTuple
py_check_product_code2,HandlingTuple,IndexingTuple
py_check_product_code2,HandlingFloat,TransformingToFloatType
py_check_product_code2,HandlingDictionary,ReplacingDictionaryElement
py_check_product_code2,HandlingDictionary,IndexingDictionary
py_check_product_code2,HandlingDictionary,AddingItemToDictionary
py_check_product_code2,HandlingDictionary,AccessingDictionary
py_check_product_code2,HandlingDictionary,CreatingDictionary
py_check_product_code2,HandlingList,DeletingListElement
py_check_product_code2,HandlingList,IndexingList
py_check_product_code2,HandlingList,CreatingList
py_check_product_code2,HandlingList,SlicingList
py_check_product_code2,HandlingList,ReplacingListElement
py_check_product_code2,HandlingList,ListReferencing
py_check_product_code2,HandlingList,ReversingList
py_check_product_code2,AddingListElement,AddingListElementWithInsert
py_check_product_code2,AddingListElement,AddingListElementWithAppend
py_check_product_code2,HandlingFile,ClosingFile
py_check_product_code2,HandlingFile,ReadingLine
py_check_product_code2,HandlingFile,OpeningFile
py_check_product_code2,HandlingString,CreatingString
py_check_product_code2,HandlingString,ReplacingStringContent
py_check_product_code2,HandlingString,FormattingString
py_check_product_code2,HandlingString,TransformingToStringType
py_check_product_code2,HandlingString,SplittingString
py_concat_char_two_str,HandlingObjectOrientedProgramming,DefiningOOPMethod
py_concat_char_two_str,HandlingFunction,NestedFunctionCall
py_concat_char_two_str,HandlingFunctionCallingFunction,DefiningFunctionCallingFunction
py_concat_char_two_str,HandlingFloat,TransformingToFloatType
py_concat_char_two_str,HandlingDictionary,IndexingDictionary
py_concat_char_two_str,HandlingList,DeletingListElement
py_concat_char_two_str,HandlingList,CreatingList
py_concat_char_two_str,HandlingList,ReplacingListElement
py_concat_char_two_str,HandlingList,ListReferencing
py_concat_char_two_str,HandlingList,ReversingList
py_concat_char_two_str,HandlingString,SplittingString
py_concat_char_two_str2,ManagingVariable,AssigningVariable
py_concat_char_two_str2,ManagingVariable,UpdatingVariable
py_concat_char_two_str2,HandlingAdvancedDataStructure,BinaryTreeTask
py_concat_char_two_str2,HandlingAdvancedDataStructure,LinkedListTask
py_concat_char_two_str2,HandlingAdvancedDataStructure,QueueTask
py_concat_char_two_str2,HandlingAdvancedDataStructure,StackTask
py_concat_char_two_str2,TwoDimensionalArrayTask,ReplacingElement2DArray
py_concat_char_two_str2,TwoDimensionalArrayTask,Indexing2DArray
py_concat_char_two_str2,TwoDimensionalArrayTask,Create2DArray
py_concat_char_two_str2,HandlingObjectOrientedProgramming,CallingOOPMethod
py_concat_char_two_str2,HandlingObjectOrientedProgramming,CreatingObject
py_concat_char_two_str2,HandlingObjectOrientedProgramming,DefiningClass
py_concat_char_two_str2,HandlingObjectOrientedProgramming,DefiningOOPMethod
py_concat_char_two_str2,HandlingFunction,CallingFunctionLibrary
py_concat_char_two_str2,HandlingFunction,NestedFunctionCall
py_concat_char_two_str2,HandlingFunctionCallingFunction,CallingFunctionCallingFunction
py_concat_char_two_str2,HandlingFunctionCallingFunction,DefiningFunctionCallingFunction
py_concat_char_two_str2,HandlingRecursiveFunction,CallingRecursiveFunction
py_concat_char_two_str2,HandlingRecursiveFunction,DefiningRecursiveFunction
py_concat_char_two_str2,HandlingNestedFunction,CallingNestedFunction
py_concat_char_two_str2,HandlingNestedFunction,DefiningNestedFunction
py_concat_char_two_str2,HandlingStandardFunction,CallingStandardFunction
py_concat_char_two_str2,HandlingStandardFunction,DefiningStandardFunction
py_concat_char_two_str2,NonNestedIteration,SingleForLoopIteration
py_str_repeat,ManagingVariable,AssigningVariable
py_str_repeat,ManagingVariable,UpdatingVariable
py_str_repeat,HandlingAdvancedDataStructure,BinaryTreeTask
py_str_repeat,HandlingAdvancedDataStructure,LinkedListTask
py_str_repeat,HandlingAdvancedDataStructure,QueueTask
py_str_repeat,HandlingAdvancedDataStructure,StackTask
py_str_repeat,TwoDimensionalArrayTask,ReplacingElement2DArray
py_str_repeat,TwoDimensionalArrayTask,Indexing2DArray
py_str_repeat,TwoDimensionalArrayTask,Create2DArray
py_str_repeat,HandlingObjectOrientedProgramming,CallingOOPMethod
py_str_repeat,HandlingObjectOrientedProgramming,CreatingObject
py_str_repeat,HandlingObjectOrientedProgramming,DefiningClass
py_str_repeat,HandlingObjectOrientedProgramming,DefiningOOPMethod
py_str_repeat,HandlingFunction,CallingFunctionLibrary
py_str_repeat,HandlingFunction,NestedFunctionCall
py_str_repeat,HandlingFunctionCallingFunction,CallingFunctionCallingFunction
py_str_repeat,HandlingFunctionCallingFunction,DefiningFunctionCallingFunction
py_str_repeat,HandlingRecursiveFunction,CallingRecursiveFunction
py_str_repeat,HandlingRecursiveFunction,DefiningRecursiveFunction
py_str_repeat,HandlingNestedFunction,CallingNestedFunction
py_str_repeat,HandlingNestedFunction,DefiningNestedFunction
py_str_repeat,HandlingStandardFunction,CallingStandardFunction
py_str_repeat,HandlingStandardFunction,DefiningStandardFunction
py_str_repeat,NonNestedIteration,SingleWhileLoopIteration
py_str_repeat,ForLoopWithUpdate,ForLoopWith*=
py_str_repeat,ArithmeticOperation,FindAbsolute
py_str_repeat,ArithmeticOperation,FindRemainder
py_str_repeat,ArithmeticOperation,FindMaximum
py_str_repeat,ArithmeticOperation,Round
py_str_repeat,ArithmeticOperation,Power
py_str_repeat,ArithmeticOperation,FindMinimum
py_str_repeat,ArithmeticOperation,Substraction
py_str_repeat,ArithmeticOperation,Division
py_str_repeat,HandlingTuple,SlicingTuple
py_str_repeat,HandlingTuple,IndexingTuple
py_str_repeat,HandlingFloat,TransformingToFloatType
py_str_repeat,HandlingDictionary,ReplacingDictionaryElement
py_str_repeat,HandlingDictionary,IndexingDictionary
py_str_repeat,HandlingDictionary,AddingItemToDictionary
py_str_repeat,HandlingDictionary,AccessingDictionary
py_str_repeat,HandlingDictionary,CreatingDictionary
py_str_repeat,HandlingList,DeletingListElement
py_str_repeat,HandlingList,IndexingList
py_str_repeat,HandlingList,CreatingList
py_str_repeat,HandlingList,SlicingList
py_str_repeat,HandlingList,ReplacingListElement
py_str_repeat,HandlingList,ListReferencing
py_str_repeat,HandlingList,ReversingList
py_str_repeat,AddingListElement,AddingListElementWithInsert
py_str_repeat,AddingListElement,AddingListElementWithAppend
py_str_repeat,HandlingFile,ClosingFile
py_str_repeat,HandlingFile,ReadingLine
py_str_repeat,HandlingFile,OpeningFile
py_str_repeat,HandlingString,CreatingString
py_str_repeat,HandlingString,ReplacingStringContent
py_str_repeat,HandlingString,FormattingString
py_str_repeat,HandlingString,TransformingToStringType
py_str_repeat,HandlingString,SplittingString
py_str_count,Python,Concatenation
py_str_count,Python,Importing
py_str_count,Python,FindingLength
py_str_count,Python,Printing
py_str_count,Python,CheckingForItem
py_str_count,Python,HandlingInput
py_str_count,CheckingCondition,IfElseChecking
py_str_count,CheckingCondition,AssertChecking
py_str_count,CheckingCondition,IfElifElseChecking
py_str_count,CheckingCondition,NestedIfChecking
py_str_count,CheckingCondition,IfChecking
py_str_count,CheckingCondition,IfElifChecking
py_str_count,CheckingCondition,BooleanEvaluating
py_str_count,CheckingInForLoop,IfElseCheckingInForLoop
py_str_count,CheckingInForLoop,IfElifCheckingInForLoop
py_str_count,CheckingInForLoop,IfCheckingInForLoop
py_str_count,CheckingInForLoop,IfElifElseCheckingInForLoop
py_str_count,CheckingInWhileLoop,IfElifElseCheckingInWhileLoop
py_str_count,CheckingInWhileLoop,IfCheckingInWhileLoop
py_str_count,CheckingInWhileLoop,IfElseCheckingInWhileLoop
py_str_count,CheckingInWhileLoop,IfElifCheckingInWhileLoop
py_str_count,ManagingVariable,SwappingVariablesValue
py_str_count,HandlingAdvancedDataStructure,BinaryTreeTask
py_str_count,HandlingAdvancedDataStructure,LinkedListTask
py_str_count,HandlingAdvancedDataStructure,QueueTask
py_str_count,HandlingAdvancedDataStructure,StackTask
py_str_count,TwoDimensionalArrayTask,ReplacingElement2DArray
py_str_count,TwoDimensionalArrayTask,Indexing2DArray
py_str_count,TwoDimensionalArrayTask,Create2DArray
py_str_count,HandlingObjectOrientedProgramming,CreatingObject
py_str_count,HandlingObjectOrientedProgramming,DefiningClass
py_str_count,HandlingObjectOrientedProgramming,DefiningOOPMethod
py_str_count,HandlingFunctionCallingFunction,DefiningFunctionCallingFunction
py_str_count,HandlingRecursiveFunction,CallingRecursiveFunction
py_str_count,HandlingRecursiveFunction,DefiningRecursiveFunction
py_str_count,HandlingNestedFunction,CallingNestedFunction
py_str_count,HandlingNestedFunction,DefiningNestedFunction
py_str_count,HandlingStandardFunction,CallingStandardFunction
py_str_count,HandlingStandardFunction,DefiningStandardFunction
py_str_count,WhileLoopWithUpdate,WhileLoopWithListIndexing
py_str_count,WhileLoopWithUpdate,WhileLoopWith*=
py_str_count,WhileLoopWithUpdate,WhileLoopWith+=
py_str_count,ForLoopWithUpdate,ForLoopWith*=
py_str_count,NestedLoopIteration,NestedForLoopIteration
py_str_count,NestedLoopIteration,NestedWhileLoopIteration
py_str_count,ArithmeticOperation,FindAbsolute
py_str_count,ArithmeticOperation,FindRemainder
py_str_count,ArithmeticOperation,FindMaximum
py_str_count,ArithmeticOperation,Round
py_str_count,ArithmeticOperation,Power
py_str_count,ArithmeticOperation,FindMinimum
py_str_count,ArithmeticOperation,Substraction
py_str_count,ArithmeticOperation,Division
py_str_count,ArithmeticOperation,Multiplication
py_str_count,HandlingList,SlicingList
py_str_count,HandlingString,TrimmingString
py_str_count,HandlingString,IndexingString
py_str_count,ModifyingStringCase,ConvertStringToUpperCase
py_str_count,ModifyingStringCase,ConvertStringToLowerCase
py_str_count,ModifyingStringCase,CapitalizeString
py_str_count,HandlingError,HandlingSpecificError
py_str_count,HandlingError,HandlingGeneralError
py_str_count2,Python,Concatenation
py_str_count2,Python,Importing
py_str_count2,Python,FindingLength
py_str_count2,Python,Printing
py_str_count2,Python,CheckingForItem
py_str_count2,Python,HandlingInput
py_str_count2,CheckingCondition,IfElseChecking
py_str_count2,CheckingCondition,AssertChecking
py_str_count2,CheckingCondition,IfElifElseChecking
py_str_count2,CheckingCondition,NestedIfChecking
py_str_count2,CheckingCondition,IfChecking
py_str_count2,CheckingCondition,IfElifChecking
py_str_count2,CheckingCondition,BooleanEvaluating
py_str_count2,CheckingInForLoop,IfElseCheckingInForLoop
py_str_count2,CheckingInForLoop,IfElifCheckingInForLoop
py_str_count2,CheckingInForLoop,IfCheckingInForLoop
py_str_count2,CheckingInForLoop,IfElifElseCheckingInForLoop
py_str_count2,CheckingInWhileLoop,IfElifElseCheckingInWhileLoop
py_str_count2,CheckingInWhileLoop,IfCheckingInWhileLoop
py_str_count2,CheckingInWhileLoop,IfElseCheckingInWhileLoop
py_str_count2,CheckingInWhileLoop,IfElifCheckingInWhileLoop
py_str_count2,ManagingVariable,SwappingVariablesValue
py_str_count2,HandlingAdvancedDataStructure,BinaryTreeTask
py_str_count2,HandlingAdvancedDataStructure,LinkedListTask
py_str_count2,HandlingAdvancedDataStructure,QueueTask
py_str_count2,HandlingAdvancedDataStructure,StackTask
py_str_count2,TwoDimensionalArrayTask,ReplacingElement2DArray
py_str_count2,TwoDimensionalArrayTask,Indexing2DArray
py_str_count2,TwoDimensionalArrayTask,Create2DArray
py_str_count2,HandlingObjectOrientedProgramming,DefiningOOPMethod
py_str_count2,HandlingFunctionCallingFunction,DefiningFunctionCallingFunction
py_str_count2,HandlingRecursiveFunction,CallingRecursiveFunction
py_str_count2,HandlingStandardFunction,CallingStandardFunction
py_str_count2,HandlingStandardFunction,DefiningStandardFunction
py_str_count2,NonNestedIteration,SingleWhileLoopIteration
py_str_count2,WhileLoopWithUpdate,WhileLoopWith*=
py_str_count2,WhileLoopWithUpdate,WhileLoopWith+=
py_str_count2,ForLoopWithUpdate,ForLoopWith*=
py_str_count2,ForLoopWithUpdate,ForLoopWithListIndexing
py_str_count2,ArithmeticOperation,FindAbsolute
py_str_count2,ArithmeticOperation,FindRemainder
py_str_count2,ArithmeticOperation,FindMaximum
py_str_count2,ArithmeticOperation,Round
py_str_count2,ArithmeticOperation,Power
py_str_count2,ArithmeticOperation,FindMinimum
py_str_count2,ArithmeticOperation,Division
py_str_count2,ArithmeticOperation,Multiplication
py_str_count2,HandlingString,ReplacingStringContent
py_str_count2,HandlingString,SplittingString
py_if_else_num,NonNestedIteration,SingleWhileLoopIteration
py_if_else_num,WhileLoopWithUpdate,WhileLoopWithListIndexing
py_if_else_num,WhileLoopWithUpdate,WhileLoopWith*=
py_if_else_num,WhileLoopWithUpdate,WhileLoopWith+=
py_if_else_num,ForLoopWithUpdate,ForLoopWith+=
py_if_else_num,ForLoopWithUpdate,ForLoopWith*=
py_if_else_num,ForLoopWithUpdate,ForLoopWithListIndexing
py_if_else_num,NestedLoopIteration,MixedNestedLoopIteration
py_if_else_num,NestedLoopIteration,NestedForLoopIteration
py_if_else_num,NestedLoopIteration,NestedWhileLoopIteration
py_if_else_num,ArithmeticOperation,FindAbsolute
py_if_else_num,ArithmeticOperation,FindRemainder
py_if_else_num,ArithmeticOperation,FindMaximum
py_if_else_num,ArithmeticOperation,Addition
py_if_else_num,ArithmeticOperation,Round
py_if_else_num,ArithmeticOperation,Power
py_if_else_num,ArithmeticOperation,FindMinimum
py_if_else_num,ArithmeticOperation,Substraction
py_if_else_num,ArithmeticOperation,Division
py_if_else_num,ArithmeticOperation,Multiplication
py_if_else_num,HandlingInteger,TransformingToIntType
py_if_else_num,HandlingTuple,CreatingTuple
py_ifelse_odd_even,Python,Concatenation
py_ifelse_odd_even,Python,Importing
py_ifelse_odd_even,Python,FindingLength
py_ifelse_odd_even,Python,Printing
py_ifelse_odd_even,Python,CheckingForItem
py_ifelse_odd_even,Python,HandlingInput
py_ifelse_odd_even,CheckingCondition,IfElseChecking
py_ifelse_odd_even,CheckingCondition,AssertChecking
py_ifelse_odd_even,CheckingCondition,IfElifElseChecking
py_ifelse_odd_even,CheckingCondition,NestedIfChecking
py_ifelse_odd_even,CheckingCondition,IfChecking
py_ifelse_odd_even,CheckingCondition,IfElifChecking
py_ifelse_odd_even,CheckingCondition,BooleanEvaluating
py_ifelse_odd_even,CheckingInForLoop,IfElseCheckingInForLoop
py_ifelse_odd_even,CheckingInForLoop,IfElifCheckingInForLoop
py_ifelse_odd_even,CheckingInForLoop,IfCheckingInForLoop
py_ifelse_odd_even,CheckingInForLoop,IfElifElseCheckingInForLoop
py_ifelse_odd_even,CheckingInWhileLoop,IfElifElseCheckingInWhileLoop
py_ifelse_odd_even,CheckingInWhileLoop,IfCheckingInWhileLoop
py_ifelse_odd_even,CheckingInWhileLoop,IfElseCheckingInWhileLoop
py_ifelse_odd_even,CheckingInWhileLoop,IfElifCheckingInWhileLoop
py_ifelse_odd_even,ManagingVariable,SwappingVariablesValue
py_ifelse_odd_even,ManagingVariable,AssigningVariable
py_ifelse_odd_even,ManagingVariable,UpdatingVariable
py_ifelse_odd_even,HandlingAdvancedDataStructure,BinaryTreeTask
py_ifelse_odd_even,HandlingAdvancedDataStructure,LinkedListTask
py_ifelse_odd_even,HandlingAdvancedDataStructure,QueueTask
py_ifelse_odd_even,HandlingAdvancedDataStructure,StackTask
py_ifelse_odd_even,TwoDimensionalArrayTask,ReplacingElement2DArray
py_ifelse_odd_even,TwoDimensionalArrayTask,Indexing2DArray
py_ifelse_odd_even,TwoDimensionalArrayTask,Create2DArray
py_ifelse_odd_even,HandlingObjectOrientedProgramming,CallingOOPMethod
py_ifelse_odd_even,HandlingObjectOrientedProgramming,CreatingObject
py_ifelse_odd_even,HandlingObjectOrientedProgramming,DefiningClass
py_ifelse_odd_even,HandlingObjectOrientedProgramming,DefiningOOPMethod
py_ifelse_odd_even,HandlingFunction,CallingFunctionLibrary
py_ifelse_odd_even,HandlingFunction,NestedFunctionCall
py_ifelse_odd_even,HandlingFunctionCallingFunction,CallingFunctionCallingFunction
py_ifelse_odd_even,HandlingFunctionCallingFunction,DefiningFunctionCallingFunction
py_ifelse_odd_even,HandlingRecursiveFunction,CallingRecursiveFunction
py_ifelse_odd_even,HandlingRecursiveFunction,DefiningRecursiveFunction
py_ifelse_odd_even,HandlingNestedFunction,CallingNestedFunction
py_ifelse_odd_even,HandlingNestedFunction,DefiningNestedFunction
py_ifelse_odd_even,HandlingStandardFunction,CallingStandardFunction
py_ifelse_odd_even,HandlingStandardFunction,DefiningStandardFunction
py_ifelse_odd_even,NonNestedIteration,SingleForLoopIteration
py_ifelse_odd_even,NonNestedIteration,SingleWhileLoopIteration
py_ifelse_odd_even,WhileLoopWithUpdate,WhileLoopWithListIndexing
py_ifelse_odd_even,WhileLoopWithUpdate,WhileLoopWith*=
py_ifelse_odd_even,WhileLoopWithUpdate,WhileLoopWith+=
py_ifelse_odd_even,ForLoopWithUpdate,ForLoopWith+=
py_ifelse_odd_even,ForLoopWithUpdate,ForLoopWith*=
py_ifelse_odd_even,ForLoopWithUpdate,ForLoopWithListIndexing
py_ifelse_odd_even,NestedLoopIteration,MixedNestedLoopIteration
py_ifelse_odd_even,NestedLoopIteration,NestedForLoopIteration
py_ifelse_odd_even,NestedLoopIteration,NestedWhileLoopIteration
py_ifelse_odd_even,ArithmeticOperation,FindAbsolute
py_ifelse_odd_even,ArithmeticOperation,FindRemainder
py_ifelse_odd_even,ArithmeticOperation,FindMaximum
py_ifelse_odd_even,ArithmeticOperation,Addition
py_ifelse_odd_even,ArithmeticOperation,Round
py_ifelse_odd_even,ArithmeticOperation,Power
py_ifelse_odd_even,ArithmeticOperation,FindMinimum
py_ifelse_odd_even,ArithmeticOperation,Substraction
py_ifelse_odd_even,ArithmeticOperation,Division
py_ifelse_odd_even,ArithmeticOperation,Multiplication
py_ifelse_odd_even,HandlingInteger,TransformingToIntType
py_ifelse_odd_even,HandlingTuple,CreatingTuple
py_ifelse_odd_even,HandlingTuple,SlicingTuple
py_ifelse_odd_even,HandlingTuple,IndexingTuple
py_ifelse_odd_even,HandlingFloat,TransformingToFloatType
py_ifelse_odd_even,HandlingDictionary,ReplacingDictionaryElement
py_ifelse_odd_even,HandlingDictionary,IndexingDictionary
py_ifelse_odd_even,HandlingDictionary,AddingItemToDictionary
py_ifelse_odd_even,HandlingDictionary,AccessingDictionary
py_ifelse_odd_even,HandlingDictionary,CreatingDictionary
py_ifelse_odd_even,HandlingList,DeletingListElement
py_ifelse_odd_even,HandlingList,IndexingList
py_ifelse_odd_even,HandlingList,CreatingList
py_ifelse_odd_even,HandlingList,SlicingList
py_ifelse_odd_even,HandlingList,ReplacingListElement
py_ifelse_odd_even,HandlingList,ListReferencing
py_ifelse_odd_even,HandlingList,ReversingList
py_ifelse_odd_even,AddingListElement,AddingListElementWithInsert
py_ifelse_odd_even,AddingListElement,AddingListElementWithAppend
py_ifelse_odd_even,HandlingFile,ClosingFile
py_ifelse_odd_even,HandlingFile,ReadingLine
py_ifelse_odd_even,HandlingFile,OpeningFile
py_ifelse_odd_even,HandlingString,CreatingString
py_ifelse_odd_even,HandlingString,ReplacingStringContent
py_ifelse_odd_even,HandlingString,FormattingString
py_ifelse_odd_even,HandlingString,TransformingToStringType
py_ifelse_odd_even,HandlingString,SplittingString
py_range1_2,HandlingAdvancedDataStructure,BinaryTreeTask
py_range1_2,HandlingAdvancedDataStructure,LinkedListTask
py_range1_2,HandlingAdvancedDataStructure,QueueTask
py_range1_2,HandlingAdvancedDataStructure,StackTask
py_range1_2,TwoDimensionalArrayTask,ReplacingElement2DArray
py_range1_2,TwoDimensionalArrayTask,Indexing2DArray
py_range1_2,TwoDimensionalArrayTask,Create2DArray
py_range1_2,HandlingObjectOrientedProgramming,CallingOOPMethod
py_range1_2,HandlingObjectOrientedProgramming,CreatingObject
py_range1_2,HandlingObjectOrientedProgramming,DefiningClass
py_range1_2,HandlingObjectOrientedProgramming,DefiningOOPMethod
py_range_three,Python,Concatenation
py_range_three,Python,Importing
py_range_three,Python,FindingLength
py_range_three,Python,Printing
py_range_three,Python,CheckingForItem
py_range_three,Python,HandlingInput
py_range_three,CheckingCondition,IfElseChecking
py_range_three,CheckingCondition,AssertChecking
py_range_three,CheckingCondition,IfElifElseChecking
py_range_three,CheckingCondition,NestedIfChecking
py_range_three,CheckingCondition,IfChecking
py_range_three,CheckingCondition,IfElifChecking
py_range_three,CheckingCondition,BooleanEvaluating
py_range_three,CheckingInForLoop,IfElseCheckingInForLoop
py_range_three,CheckingInForLoop,IfElifCheckingInForLoop
py_range_three,CheckingInForLoop,IfCheckingInForLoop
py_range_three,CheckingInForLoop,IfElifElseCheckingInForLoop
py_range_three,CheckingInWhileLoop,IfElifElseCheckingInWhileLoop
py_range_three,CheckingInWhileLoop,IfCheckingInWhileLoop
py_range_three,CheckingInWhileLoop,IfElseCheckingInWhileLoop
py_range_three,CheckingInWhileLoop,IfElifCheckingInWhileLoop
py_range_three,ManagingVariable,SwappingVariablesValue
py_range_three,HandlingFunctionCallingFunction,DefiningFunctionCallingFunction
py_range_three,NonNestedIteration,SingleWhileLoopIteration
py_range_three,WhileLoopWithUpdate,WhileLoopWithListIndexing
py_range_three,WhileLoopWithUpdate,WhileLoopWith*=
py_range_three,WhileLoopWithUpdate,WhileLoopWith+=
py_range_three,ForLoopWithUpdate,ForLoopWith+=
py_range_three,ForLoopWithUpdate,ForLoopWith*=
py_range_three,ForLoopWithUpdate,ForLoopWithListIndexing
py_range_three,NestedLoopIteration,MixedNestedLoopIteration
py_range_three,NestedLoopIteration,NestedForLoopIteration
py_range_three,NestedLoopIteration,NestedWhileLoopIteration
py_range_three,ArithmeticOperation,FindAbsolute
py_range_three,ArithmeticOperation,FindRemainder
py_range_three,ArithmeticOperation,FindMaximum
py_range_three,ArithmeticOperation,Addition
py_range_three,ArithmeticOperation,Round
py_range_three,ArithmeticOperation,Power
py_range_three,ArithmeticOperation,FindMinimum
py_range_three,ArithmeticOperation,Substraction
py_range_three,ArithmeticOperation,Division
py_range_three,ArithmeticOperation,Multiplication
py_range_three,HandlingInteger,TransformingToIntType
py_range_three,HandlingTuple,CreatingTuple
py_range3_2,HandlingAdvancedDataStructure,BinaryTreeTask
py_range3_2,HandlingAdvancedDataStructure,LinkedListTask
py_range3_2,HandlingAdvancedDataStructure,QueueTask
py_range3_2,HandlingAdvancedDataStructure,StackTask
py_range3_2,TwoDimensionalArrayTask,ReplacingElement2DArray
py_range3_2,TwoDimensionalArrayTask,Indexing2DArray
py_range3_2,TwoDimensionalArrayTask,Create2DArray
py_range3_2,HandlingObjectOrientedProgramming,CallingOOPMethod
py_range3_2,HandlingObjectOrientedProgramming,CreatingObject
py_range3_2,HandlingObjectOrientedProgramming,DefiningClass
py_range3_2,HandlingObjectOrientedProgramming,DefiningOOPMethod
py_range2_2,WhileLoopWithUpdate,WhileLoopWithListIndexing
py_range2_2,WhileLoopWithUpdate,WhileLoopWith*=
py_range2_2,WhileLoopWithUpdate,WhileLoopWith+=
py_range2_2,HandlingString,TrimmingString
py_range2_2,HandlingString,IndexingString
py_range2_2,HandlingString,SlicingString
py_range2_2,ModifyingStringCase,ConvertStringToUpperCase
py_range2_2,ModifyingStringCase,ConvertStringToLowerCase
py_range2_2,ModifyingStringCase,CapitalizeString
py_range2_2,HandlingError,HandlingSpecificError
py_range2_2,HandlingError,HandlingGeneralError
py_squares,HandlingAdvancedDataStructure,BinaryTreeTask
py_squares,HandlingAdvancedDataStructure,LinkedListTask
py_squares,HandlingAdvancedDataStructure,QueueTask
py_squares,HandlingAdvancedDataStructure,StackTask
py_squares,TwoDimensionalArrayTask,ReplacingElement2DArray
py_squares,TwoDimensionalArrayTask,Indexing2DArray
py_squares,TwoDimensionalArrayTask,Create2DArray
py_squares,HandlingObjectOrientedProgramming,CallingOOPMethod
py_squares,HandlingObjectOrientedProgramming,CreatingObject
py_squares,HandlingObjectOrientedProgramming,DefiningClass
py_squares,HandlingObjectOrientedProgramming,DefiningOOPMethod
py_squares,NonNestedIteration,SingleWhileLoopIteration
py_squares,ArithmeticOperation,FindAbsolute
py_squares,ArithmeticOperation,FindRemainder
py_squares,ArithmeticOperation,Addition
py_squares,ArithmeticOperation,Round
py_squares,ArithmeticOperation,Power
py_squares,ArithmeticOperation,FindMinimum
py_squares,ArithmeticOperation,Substraction
py_squares,ArithmeticOperation,Division
py_squares,HandlingTuple,CreatingTuple
py_squares,HandlingString,TrimmingString
py_squares,HandlingString,IndexingString
py_squares,HandlingString,SlicingString
py_squares,ModifyingStringCase,ConvertStringToUpperCase
py_squares,ModifyingStringCase,ConvertStringToLowerCase
py_squares,ModifyingStringCase,CapitalizeString
py_squares,HandlingError,HandlingSpecificError
py_squares,HandlingError,HandlingGeneralError
py_write_squares_odd,NonNestedIteration,SingleWhileLoopIteration
py_write_squares_odd,WhileLoopWithUpdate,WhileLoopWithListIndexing
py_write_squares_odd,WhileLoopWithUpdate,WhileLoopWith*=
py_write_squares_odd,WhileLoopWithUpdate,WhileLoopWith+=
py_write_squares_odd,HandlingString,TrimmingString
py_write_squares_odd,HandlingString,IndexingString
py_write_squares_odd,HandlingString,SlicingString
py_write_squares_odd,ModifyingStringCase,ConvertStringToUpperCase
py_write_squares_odd,ModifyingStringCase,ConvertStringToLowerCase
py_write_squares_odd,ModifyingStringCase,CapitalizeString
py_write_squares_odd,HandlingError,HandlingSpecificError
py_write_squares_odd,HandlingError,HandlingGeneralError
py_write_squares_range,Python,Concatenation
py_write_squares_range,Python,Importing
py_write_squares_range,Python,FindingLength
py_write_squares_range,Python,Printing
py_write_squares_range,Python,CheckingForItem
py_write_squares_range,Python,HandlingInput
py_write_squares_range,CheckingCondition,IfElseChecking
py_write_squares_range,CheckingCondition,AssertChecking
py_write_squares_range,CheckingCondition,IfElifElseChecking
py_write_squares_range,CheckingCondition,NestedIfChecking
py_write_squares_range,CheckingCondition,IfChecking
py_write_squares_range,CheckingCondition,IfElifChecking
py_write_squares_range,CheckingCondition,BooleanEvaluating
py_write_squares_range,CheckingInForLoop,IfElseCheckingInForLoop
py_write_squares_range,CheckingInForLoop,IfElifCheckingInForLoop
py_write_squares_range,CheckingInForLoop,IfCheckingInForLoop
py_write_squares_range,CheckingInForLoop,IfElifElseCheckingInForLoop
py_write_squares_range,CheckingInWhileLoop,IfElifElseCheckingInWhileLoop
py_write_squares_range,CheckingInWhileLoop,IfCheckingInWhileLoop
py_write_squares_range,CheckingInWhileLoop,IfElseCheckingInWhileLoop
py_write_squares_range,CheckingInWhileLoop,IfElifCheckingInWhileLoop
py_write_squares_range,ManagingVariable,SwappingVariablesValue
py_write_squares_range,ManagingVariable,AssigningVariable
py_write_squares_range,ManagingVariable,UpdatingVariable
py_write_squares_range,HandlingAdvancedDataStructure,BinaryTreeTask
py_write_squares_range,HandlingAdvancedDataStructure,LinkedListTask
py_write_squares_range,HandlingAdvancedDataStructure,QueueTask
py_write_squares_range,HandlingAdvancedDataStructure,StackTask
py_write_squares_range,TwoDimensionalArrayTask,ReplacingElement2DArray
py_write_squares_range,TwoDimensionalArrayTask,Indexing2DArray
py_write_squares_range,TwoDimensionalArrayTask,Create2DArray
py_write_squares_range,HandlingObjectOrientedProgramming,CallingOOPMethod
py_write_squares_range,HandlingObjectOrientedProgramming,CreatingObject
py_write_squares_range,HandlingObjectOrientedProgramming,DefiningClass
py_write_squares_range,HandlingObjectOrientedProgramming,DefiningOOPMethod
py_write_squares_range,HandlingFunction,CallingFunctionLibrary
py_write_squares_range,HandlingFunction,NestedFunctionCall
py_write_squares_range,HandlingFunctionCallingFunction,CallingFunctionCallingFunction
py_write_squares_range,HandlingFunctionCallingFunction,DefiningFunctionCallingFunction
py_write_squares_range,HandlingRecursiveFunction,CallingRecursiveFunction
py_write_squares_range,HandlingRecursiveFunction,DefiningRecursiveFunction
py_write_squares_range,HandlingNestedFunction,CallingNestedFunction
py_write_squares_range,HandlingNestedFunction,DefiningNestedFunction
py_write_squares_range,HandlingStandardFunction,CallingStandardFunction
py_write_squares_range,HandlingStandardFunction,DefiningStandardFunction
py_write_squares_range,NonNestedIteration,SingleWhileLoopIteration
py_write_squares_range,NestedLoopIteration,NestedWhileLoopIteration
py_write_squares_range,ArithmeticOperation,Substraction
py_write_squares_range,ArithmeticOperation,Division
py_write_squares_range,HandlingTuple,SlicingTuple
py_write_squares_range,HandlingTuple,IndexingTuple
py_write_squares_range,HandlingFloat,TransformingToFloatType
py_write_squares_range,HandlingDictionary,ReplacingDictionaryElement
py_write_squares_range,HandlingDictionary,IndexingDictionary
py_write_squares_range,HandlingDictionary,AddingItemToDictionary
py_write_squares_range,HandlingDictionary,AccessingDictionary
py_write_squares_range,HandlingDictionary,CreatingDictionary
py_write_squares_range,HandlingList,DeletingListElement
py_write_squares_range,HandlingList,IndexingList
py_write_squares_range,HandlingList,CreatingList
py_write_squares_range,HandlingList,SlicingList
py_write_squares_range,HandlingList,ReplacingListElement
py_write_squares_range,HandlingList,ListReferencing
py_write_squares_range,HandlingList,ReversingList
py_write_squares_range,AddingListElement,AddingListElementWithInsert
py_write_squares_range,AddingListElement,AddingListElementWithAppend
py_write_squares_range,HandlingFile,ClosingFile
py_write_squares_range,HandlingFile,ReadingLine
py_write_squares_range,HandlingFile,OpeningFile
py_write_squares_range,HandlingString,CreatingString
py_write_squares_range,HandlingString,ReplacingStringContent
py_write_squares_range,HandlingString,FormattingString
py_write_squares_range,HandlingString,TransformingToStringType
py_write_squares_range,HandlingString,SplittingString
py_repeated_sequence2,Python,Concatenation
py_repeated_sequence2,Python,Importing
py_repeated_sequence2,Python,FindingLength
py_repeated_sequence2,Python,Printing
py_repeated_sequence2,Python,CheckingForItem
py_repeated_sequence2,Python,HandlingInput
py_repeated_sequence2,CheckingCondition,IfElseChecking
py_repeated_sequence2,CheckingCondition,AssertChecking
py_repeated_sequence2,CheckingCondition,IfElifElseChecking
py_repeated_sequence2,CheckingCondition,NestedIfChecking
py_repeated_sequence2,CheckingCondition,IfChecking
py_repeated_sequence2,CheckingCondition,IfElifChecking
py_repeated_sequence2,CheckingCondition,BooleanEvaluating
py_repeated_sequence2,CheckingInForLoop,IfElseCheckingInForLoop
py_repeated_sequence2,CheckingInForLoop,IfElifCheckingInForLoop
py_repeated_sequence2,CheckingInForLoop,IfCheckingInForLoop
py_repeated_sequence2,CheckingInForLoop,IfElifElseCheckingInForLoop
py_repeated_sequence2,CheckingInWhileLoop,IfElifElseCheckingInWhileLoop
py_repeated_sequence2,CheckingInWhileLoop,IfCheckingInWhileLoop
py_repeated_sequence2,CheckingInWhileLoop,IfElseCheckingInWhileLoop
py_repeated_sequence2,CheckingInWhileLoop,IfElifCheckingInWhileLoop
py_repeated_sequence2,ManagingVariable,SwappingVariablesValue
py_repeated_sequence2,NonNestedIteration,SingleWhileLoopIteration
py_repeated_sequence2,WhileLoopWithUpdate,WhileLoopWithListIndexing
py_repeated_sequence2,WhileLoopWithUpdate,WhileLoopWith*=
py_repeated_sequence2,WhileLoopWithUpdate,WhileLoopWith+=
py_repeated_sequence2,ForLoopWithUpdate,ForLoopWith+=
py_repeated_sequence2,ForLoopWithUpdate,ForLoopWith*=
py_repeated_sequence2,ForLoopWithUpdate,ForLoopWithListIndexing
py_repeated_sequence2,NestedLoopIteration,MixedNestedLoopIteration
py_repeated_sequence2,NestedLoopIteration,NestedForLoopIteration
py_repeated_sequence2,NestedLoopIteration,NestedWhileLoopIteration
py_repeated_sequence2,ArithmeticOperation,FindAbsolute
py_repeated_sequence2,ArithmeticOperation,FindRemainder
py_repeated_sequence2,ArithmeticOperation,FindMaximum
py_repeated_sequence2,ArithmeticOperation,Addition
py_repeated_sequence2,ArithmeticOperation,Round
py_repeated_sequence2,ArithmeticOperation,Power
py_repeated_sequence2,ArithmeticOperation,FindMinimum
py_repeated_sequence2,ArithmeticOperation,Substraction
py_repeated_sequence2,ArithmeticOperation,Division
py_repeated_sequence2,ArithmeticOperation,Multiplication
py_repeated_sequence2,HandlingInteger,TransformingToIntType
py_repeated_sequence2,HandlingTuple,CreatingTuple
py_repeated_sequence2,HandlingTuple,SlicingTuple
py_repeated_sequence2,HandlingTuple,IndexingTuple
py_repeated_sequence2,HandlingFloat,TransformingToFloatType
py_repeated_sequence2,HandlingDictionary,ReplacingDictionaryElement
py_repeated_sequence2,HandlingDictionary,IndexingDictionary
py_repeated_sequence2,HandlingDictionary,AddingItemToDictionary
py_repeated_sequence2,HandlingDictionary,AccessingDictionary
py_repeated_sequence2,HandlingDictionary,CreatingDictionary
py_repeated_sequence2,HandlingList,DeletingListElement
py_repeated_sequence2,HandlingList,IndexingList
py_repeated_sequence2,HandlingList,CreatingList
py_repeated_sequence2,HandlingList,SlicingList
py_repeated_sequence2,HandlingList,ReplacingListElement
py_repeated_sequence2,HandlingList,ListReferencing
py_repeated_sequence2,HandlingList,ReversingList
py_repeated_sequence2,AddingListElement,AddingListElementWithInsert
py_repeated_sequence2,AddingListElement,AddingListElementWithAppend
py_repeated_sequence2,HandlingFile,ClosingFile
py_repeated_sequence2,HandlingFile,ReadingLine
py_repeated_sequence2,HandlingFile,OpeningFile
py_repeated_sequence2,HandlingString,CreatingString
py_repeated_sequence2,HandlingString,ReplacingStringContent
py_repeated_sequence2,HandlingString,FormattingString
py_repeated_sequence2,HandlingString,TransformingToStringType
py_repeated_sequence2,HandlingString,SplittingString
py_star_patterns,HandlingAdvancedDataStructure,BinaryTreeTask
py_star_patterns,HandlingAdvancedDataStructure,LinkedListTask
py_star_patterns,HandlingAdvancedDataStructure,QueueTask
py_star_patterns,HandlingAdvancedDataStructure,StackTask
py_star_patterns,TwoDimensionalArrayTask,ReplacingElement2DArray
py_star_patterns,TwoDimensionalArrayTask,Indexing2DArray
py_star_patterns,TwoDimensionalArrayTask,Create2DArray
py_star_patterns,NonNestedIteration,SingleWhileLoopIteration
py_star_patterns,WhileLoopWithUpdate,WhileLoopWithListIndexing
py_star_patterns,WhileLoopWithUpdate,WhileLoopWith*=
py_star_patterns,WhileLoopWithUpdate,WhileLoopWith+=
py_star_patterns,ForLoopWithUpdate,ForLoopWith+=
py_star_patterns,ForLoopWithUpdate,ForLoopWith*=
py_star_patterns,ForLoopWithUpdate,ForLoopWithListIndexing
py_star_patterns,NestedLoopIteration,MixedNestedLoopIteration
py_star_patterns,NestedLoopIteration,NestedForLoopIteration
py_star_patterns,NestedLoopIteration,NestedWhileLoopIteration
py_star_patterns,ArithmeticOperation,FindAbsolute
py_star_patterns,ArithmeticOperation,FindRemainder
py_star_patterns,ArithmeticOperation,FindMaximum
py_star_patterns,ArithmeticOperation,Addition
py_star_patterns,ArithmeticOperation,Round
py_star_patterns,ArithmeticOperation,Power
py_star_patterns,ArithmeticOperation,FindMinimum
py_star_patterns,ArithmeticOperation,Substraction
py_star_patterns,ArithmeticOperation,Division
py_star_patterns,ArithmeticOperation,Multiplication
py_star_patterns,HandlingInteger,TransformingToIntType
py_star_patterns,HandlingTuple,CreatingTuple
py_divisor,Python,Concatenation
py_divisor,Python,Importing
py_divisor,Python,FindingLength
py_divisor,Python,Printing
py_divisor,Python,CheckingForItem
py_divisor,Python,HandlingInput
py_divisor,CheckingCondition,IfElseChecking
py_divisor,CheckingCondition,AssertChecking
py_divisor,CheckingCondition,IfElifElseChecking
py_divisor,CheckingCondition,NestedIfChecking
py_divisor,CheckingCondition,IfChecking
py_divisor,CheckingCondition,IfElifChecking
py_divisor,CheckingCondition,BooleanEvaluating
py_divisor,CheckingInForLoop,IfElseCheckingInForLoop
py_divisor,CheckingInForLoop,IfElifCheckingInForLoop
py_divisor,CheckingInForLoop,IfCheckingInForLoop
py_divisor,CheckingInForLoop,IfElifElseCheckingInForLoop
py_divisor,CheckingInWhileLoop,IfElifElseCheckingInWhileLoop
py_divisor,CheckingInWhileLoop,IfCheckingInWhileLoop
py_divisor,CheckingInWhileLoop,IfElseCheckingInWhileLoop
py_divisor,CheckingInWhileLoop,IfElifCheckingInWhileLoop
py_divisor,ManagingVariable,SwappingVariablesValue
py_divisor,HandlingFunctionCallingFunction,DefiningFunctionCallingFunction
py_divisor,WhileLoopWithUpdate,WhileLoopWith*=
py_divisor,ForLoopWithUpdate,ForLoopWith*=
py_divisor,ForLoopWithUpdate,ForLoopWithListIndexing
py_largest_divisor,HandlingAdvancedDataStructure,BinaryTreeTask
py_largest_divisor,HandlingAdvancedDataStructure,LinkedListTask
py_largest_divisor,HandlingAdvancedDataStructure,QueueTask
py_largest_divisor,HandlingAdvancedDataStructure,StackTask
py_largest_divisor,TwoDimensionalArrayTask,ReplacingElement2DArray
py_largest_divisor,TwoDimensionalArrayTask,Indexing2DArray
py_largest_divisor,TwoDimensionalArrayTask,Create2DArray
py_largest_divisor,HandlingObjectOrientedProgramming,CallingOOPMethod
py_largest_divisor,HandlingObjectOrientedProgramming,CreatingObject
py_largest_divisor,HandlingObjectOrientedProgramming,DefiningClass
py_largest_divisor,HandlingObjectOrientedProgramming,DefiningOOPMethod
py_largest_divisor,HandlingFunctionCallingFunction,DefiningFunctionCallingFunction
py_largest_divisor,ForLoopWithUpdate,ForLoopWith+=
py_largest_divisor,ForLoopWithUpdate,ForLoopWith*=
py_largest_divisor,ForLoopWithUpdate,ForLoopWithListIndexing
py_largest_divisor,ArithmeticOperation,FindAbsolute
py_input,Python,Concatenation
py_input,Python,Importing
py_input,Python,FindingLength
py_input,Python,Printing
py_input,Python,CheckingForItem
py_input,Python,HandlingInput
py_input,CheckingCondition,IfElseChecking
py_input,CheckingCondition,AssertChecking
py_input,CheckingCondition,IfElifElseChecking
py_input,CheckingCondition,NestedIfChecking
py_input,CheckingCondition,IfChecking
py_input,CheckingCondition,IfElifChecking
py_input,CheckingCondition,BooleanEvaluating
py_input,CheckingInForLoop,IfElseCheckingInForLoop
py_input,CheckingInForLoop,IfElifCheckingInForLoop
py_input,CheckingInForLoop,IfCheckingInForLoop
py_input,CheckingInForLoop,IfElifElseCheckingInForLoop
py_input,CheckingInWhileLoop,IfElifElseCheckingInWhileLoop
py_input,CheckingInWhileLoop,IfCheckingInWhileLoop
py_input,CheckingInWhileLoop,IfElseCheckingInWhileLoop
py_input,CheckingInWhileLoop,IfElifCheckingInWhileLoop
py_input,ManagingVariable,SwappingVariablesValue
py_input,ArithmeticOperation,FindAbsolute
py_input,HandlingTuple,SlicingTuple
py_input,HandlingTuple,IndexingTuple
py_input,HandlingFloat,TransformingToFloatType
py_input,HandlingDictionary,ReplacingDictionaryElement
py_input,HandlingDictionary,IndexingDictionary
py_input,HandlingDictionary,AddingItemToDictionary
py_input,HandlingDictionary,AccessingDictionary
py_input,HandlingDictionary,CreatingDictionary
py_input,HandlingList,DeletingListElement
py_input,HandlingList,IndexingList
py_input,HandlingList,CreatingList
py_input,HandlingList,SlicingList
py_input,HandlingList,ReplacingListElement
py_input,HandlingList,ListReferencing
py_input,HandlingList,ReversingList
py_input,AddingListElement,AddingListElementWithInsert
py_input,AddingListElement,AddingListElementWithAppend
py_input,HandlingFile,ClosingFile
py_input,HandlingFile,ReadingLine
py_input,HandlingFile,OpeningFile
py_input,HandlingString,CreatingString
py_input,HandlingString,ReplacingStringContent
py_input,HandlingString,FormattingString
py_input,HandlingString,TransformingToStringType
py_input,HandlingString,SplittingString
py_input2,NonNestedIteration,SingleWhileLoopIteration
py_input2,WhileLoopWithUpdate,WhileLoopWithListIndexing
py_input2,WhileLoopWithUpdate,WhileLoopWith*=
py_input2,WhileLoopWithUpdate,WhileLoopWith+=
py_input2,ForLoopWithUpdate,ForLoopWith+=
py_input2,ForLoopWithUpdate,ForLoopWith*=
py_input2,ForLoopWithUpdate,ForLoopWithListIndexing
py_input2,NestedLoopIteration,MixedNestedLoopIteration
py_input2,NestedLoopIteration,NestedForLoopIteration
py_input2,NestedLoopIteration,NestedWhileLoopIteration
py_input2,ArithmeticOperation,FindAbsolute
py_input2,ArithmeticOperation,FindRemainder
py_input2,ArithmeticOperation,FindMaximum
py_input2,ArithmeticOperation,Addition
py_input2,ArithmeticOperation,Round
py_input2,ArithmeticOperation,Power
py_input2,ArithmeticOperation,FindMinimum
py_input2,ArithmeticOperation,Substraction
py_input2,ArithmeticOperation,Division
py_input2,ArithmeticOperation,Multiplication
py_input2,HandlingInteger,TransformingToIntType
py_input2,HandlingTuple,CreatingTuple
py_input2,HandlingTuple,SlicingTuple
py_input2,HandlingTuple,IndexingTuple
py_input2,HandlingFloat,TransformingToFloatType
py_input2,HandlingDictionary,ReplacingDictionaryElement
py_input2,HandlingDictionary,IndexingDictionary
py_input2,HandlingDictionary,AddingItemToDictionary
py_input2,HandlingDictionary,AccessingDictionary
py_input2,HandlingDictionary,CreatingDictionary
py_input2,HandlingList,DeletingListElement
py_input2,HandlingList,IndexingList
py_input2,HandlingList,CreatingList
py_input2,HandlingList,SlicingList
py_input2,HandlingList,ReplacingListElement
py_input2,HandlingList,ListReferencing
py_input2,HandlingList,ReversingList
py_input2,AddingListElement,AddingListElementWithInsert
py_input2,AddingListElement,AddingListElementWithAppend
py_input2,HandlingFile,ClosingFile
py_input2,HandlingFile,ReadingLine
py_input2,HandlingFile,OpeningFile
py_input2,HandlingString,CreatingString
py_input2,HandlingString,ReplacingStringContent
py_input2,HandlingString,FormattingString
py_input2,HandlingString,TransformingToStringType
py_input2,HandlingString,SplittingString
py_input3,HandlingFunction,NestedFunctionCall
py_input3,ForLoopWithUpdate,ForLoopWith+=
py_input3,ForLoopWithUpdate,ForLoopWith*=
py_input3,ForLoopWithUpdate,ForLoopWithListIndexing
py_input4,NonNestedIteration,SingleWhileLoopIteration
py_input4,WhileLoopWithUpdate,WhileLoopWithListIndexing
py_input4,WhileLoopWithUpdate,WhileLoopWith*=
py_input4,WhileLoopWithUpdate,WhileLoopWith+=
py_input4,ForLoopWithUpdate,ForLoopWith+=
py_input4,ForLoopWithUpdate,ForLoopWith*=
py_input4,ForLoopWithUpdate,ForLoopWithListIndexing
py_input4,NestedLoopIteration,MixedNestedLoopIteration
py_input4,NestedLoopIteration,NestedForLoopIteration
py_input4,NestedLoopIteration,NestedWhileLoopIteration
py_input4,ArithmeticOperation,FindAbsolute
py_input4,ArithmeticOperation,FindRemainder
py_input4,ArithmeticOperation,FindMaximum
py_input4,ArithmeticOperation,Addition
py_input4,ArithmeticOperation,Round
py_input4,ArithmeticOperation,Power
py_input4,ArithmeticOperation,FindMinimum
py_input4,ArithmeticOperation,Substraction
py_input4,ArithmeticOperation,Division
py_input4,ArithmeticOperation,Multiplication
py_input4,HandlingInteger,TransformingToIntType
py_input4,HandlingTuple,CreatingTuple
py_input4,HandlingString,TrimmingString
py_input4,HandlingString,IndexingString
py_input4,HandlingString,SlicingString
py_input4,ModifyingStringCase,ConvertStringToUpperCase
py_input4,ModifyingStringCase,ConvertStringToLowerCase
py_input4,ModifyingStringCase,CapitalizeString
py_input4,HandlingError,HandlingSpecificError
py_input4,HandlingError,HandlingGeneralError
ps_hello,HandlingString,SplittingString
ps_simple_function,HandlingStandardFunction,CallingStandardFunction
ps_simple_params,Python,Concatenation
ps_simple_params,Python,Importing
ps_simple_params,Python,FindingLength
ps_simple_params,Python,Printing
ps_simple_params,Python,CheckingForItem
ps_simple_params,Python,HandlingInput
ps_simple_params,CheckingCondition,IfElseChecking
ps_simple_params,CheckingCondition,AssertChecking
ps_simple_params,CheckingCondition,IfElifElseChecking
ps_simple_params,CheckingCondition,NestedIfChecking
ps_simple_params,CheckingCondition,IfChecking
ps_simple_params,CheckingCondition,IfElifChecking
ps_simple_params,CheckingCondition,BooleanEvaluating
ps_simple_params,CheckingInForLoop,IfElseCheckingInForLoop
ps_simple_params,CheckingInForLoop,IfElifCheckingInForLoop
ps_simple_params,CheckingInForLoop,IfCheckingInForLoop
ps_simple_params,CheckingInForLoop,IfElifElseCheckingInForLoop
ps_simple_params,CheckingInWhileLoop,IfElifElseCheckingInWhileLoop
ps_simple_params,CheckingInWhileLoop,IfCheckingInWhileLoop
ps_simple_params,CheckingInWhileLoop,IfElseCheckingInWhileLoop
ps_simple_params,CheckingInWhileLoop,IfElifCheckingInWhileLoop
ps_simple_params,ManagingVariable,SwappingVariablesValue
ps_simple_params,HandlingObjectOrientedProgramming,DefiningOOPMethod
ps_simple_params,HandlingFunctionCallingFunction,DefiningFunctionCallingFunction
ps_simple_params,HandlingStandardFunction,CallingStandardFunction
ps_simple_params,HandlingStandardFunction,DefiningStandardFunction
ps_return_bigger_or_none,Python,Concatenation
ps_return_bigger_or_none,Python,Importing
ps_return_bigger_or_none,Python,FindingLength
ps_return_bigger_or_none,Python,Printing
ps_return_bigger_or_none,Python,CheckingForItem
ps_return_bigger_or_none,Python,HandlingInput
ps_return_bigger_or_none,CheckingCondition,IfElseChecking
ps_return_bigger_or_none,CheckingCondition,AssertChecking
ps_return_bigger_or_none,CheckingCondition,IfElifElseChecking
ps_return_bigger_or_none,CheckingCondition,NestedIfChecking
ps_return_bigger_or_none,CheckingCondition,IfChecking
ps_return_bigger_or_none,CheckingCondition,IfElifChecking
ps_return_bigger_or_none,CheckingCondition,BooleanEvaluating
ps_return_bigger_or_none,CheckingInForLoop,IfElseCheckingInForLoop
ps_return_bigger_or_none,CheckingInForLoop,IfElifCheckingInForLoop
ps_return_bigger_or_none,CheckingInForLoop,IfCheckingInForLoop
ps_return_bigger_or_none,CheckingInForLoop,IfElifElseCheckingInForLoop
ps_return_bigger_or_none,CheckingInWhileLoop,IfElifElseCheckingInWhileLoop
ps_return_bigger_or_none,CheckingInWhileLoop,IfCheckingInWhileLoop
ps_return_bigger_or_none,CheckingInWhileLoop,IfElseCheckingInWhileLoop
ps_return_bigger_or_none,CheckingInWhileLoop,IfElifCheckingInWhileLoop
ps_return_bigger_or_none,ManagingVariable,SwappingVariablesValue
ps_return_bigger_or_none,HandlingObjectOrientedProgramming,DefiningOOPMethod
ps_return_bigger_or_none,HandlingFunctionCallingFunction,DefiningFunctionCallingFunction
ps_return_bigger_or_none,HandlingStandardFunction,CallingStandardFunction
ps_python_addition,ArithmeticOperation,FindAbsolute
ps_python_iteration_addition,HandlingFunctionCallingFunction,DefiningFunctionCallingFunction
ps_python_iteration_addition,WhileLoopWithUpdate,WhileLoopWith*=
ps_python_iteration_addition,ForLoopWithUpdate,ForLoopWith+=
ps_python_iteration_addition,ForLoopWithUpdate,ForLoopWith*=
ps_python_iteration_addition,ForLoopWithUpdate,ForLoopWithListIndexing
ps_python_iteration_addition,HandlingTuple,SlicingTuple
ps_python_iteration_addition,HandlingTuple,IndexingTuple
ps_python_iteration_addition,HandlingFloat,TransformingToFloatType
ps_python_iteration_addition,HandlingDictionary,ReplacingDictionaryElement
ps_python_iteration_addition,HandlingDictionary,IndexingDictionary
ps_python_iteration_addition,HandlingDictionary,AddingItemToDictionary
ps_python_iteration_addition,HandlingDictionary,AccessingDictionary
ps_python_iteration_addition,HandlingDictionary,CreatingDictionary
ps_python_iteration_addition,HandlingList,DeletingListElement
ps_python_iteration_addition,HandlingList,IndexingList
ps_python_iteration_addition,HandlingList,CreatingList
ps_python_iteration_addition,HandlingList,SlicingList
ps_python_iteration_addition,HandlingList,ReplacingListElement
ps_python_iteration_addition,HandlingList,ListReferencing
ps_python_iteration_addition,HandlingList,ReversingList
ps_python_iteration_addition,AddingListElement,AddingListElementWithInsert
ps_python_iteration_addition,AddingListElement,AddingListElementWithAppend
ps_python_iteration_addition,HandlingFile,ClosingFile
ps_python_iteration_addition,HandlingFile,ReadingLine
ps_python_iteration_addition,HandlingFile,OpeningFile
ps_python_iteration_addition,HandlingString,CreatingString
ps_python_iteration_addition,HandlingString,ReplacingStringContent
ps_python_iteration_addition,HandlingString,FormattingString
ps_python_iteration_addition,HandlingString,TransformingToStringType
ps_python_iteration_addition,HandlingString,SplittingString
ps_python_iteration_multiplication,Python,Concatenation
ps_python_iteration_multiplication,Python,Importing
ps_python_iteration_multiplication,Python,FindingLength
ps_python_iteration_multiplication,Python,Printing
ps_python_iteration_multiplication,Python,CheckingForItem
ps_python_iteration_multiplication,Python,HandlingInput
ps_python_iteration_multiplication,CheckingCondition,IfElseChecking
ps_python_iteration_multiplication,CheckingCondition,AssertChecking
ps_python_iteration_multiplication,CheckingCondition,IfElifElseChecking
ps_python_iteration_multiplication,CheckingCondition,NestedIfChecking
ps_python_iteration_multiplication,CheckingCondition,IfChecking
ps_python_iteration_multiplication,CheckingCondition,IfElifChecking
ps_python_iteration_multiplication,CheckingCondition,BooleanEvaluating
ps_python_iteration_multiplication,CheckingInForLoop,IfElseCheckingInForLoop
ps_python_iteration_multiplication,CheckingInForLoop,IfElifCheckingInForLoop
ps_python_iteration_multiplication,CheckingInForLoop,IfCheckingInForLoop
ps_python_iteration_multiplication,CheckingInForLoop,IfElifElseCheckingInForLoop
ps_python_iteration_multiplication,CheckingInWhileLoop,IfElifElseCheckingInWhileLoop
ps_python_iteration_multiplication,CheckingInWhileLoop,IfCheckingInWhileLoop
ps_python_iteration_multiplication,CheckingInWhileLoop,IfElseCheckingInWhileLoop
ps_python_iteration_multiplication,CheckingInWhileLoop,IfElifCheckingInWhileLoop
ps_python_iteration_multiplication,ManagingVariable,SwappingVariablesValue
ps_python_iteration_multiplication,HandlingAdvancedDataStructure,BinaryTreeTask
ps_python_iteration_multiplication,HandlingAdvancedDataStructure,LinkedListTask
ps_python_iteration_multiplication,HandlingAdvancedDataStructure,QueueTask
ps_python_iteration_multiplication,HandlingAdvancedDataStructure,StackTask
ps_python_iteration_multiplication,TwoDimensionalArrayTask,ReplacingElement2DArray
ps_python_iteration_multiplication,TwoDimensionalArrayTask,Indexing2DArray
ps_python_iteration_multiplication,TwoDimensionalArrayTask,Create2DArray
ps_python_iteration_multiplication,HandlingObjectOrientedProgramming,DefiningClass
ps_python_iteration_multiplication,HandlingObjectOrientedProgramming,DefiningOOPMethod
ps_python_iteration_multiplication,HandlingFunctionCallingFunction,CallingFunctionCallingFunction
ps_python_iteration_multiplication,HandlingFunctionCallingFunction,DefiningFunctionCallingFunction
ps_python_iteration_multiplication,HandlingStandardFunction,DefiningStandardFunction
ps_python_iteration_multiplication,WhileLoopWithUpdate,WhileLoopWith+=
ps_python_iteration_multiplication,ForLoopWithUpdate,ForLoopWith+=
ps_python_iteration_multiplication,ForLoopWithUpdate,ForLoopWith*=
ps_python_iteration_multiplication,ForLoopWithUpdate,ForLoopWithListIndexing
ps_python_calculate_function,HandlingAdvancedDataStructure,BinaryTreeTask
ps_python_calculate_function,HandlingAdvancedDataStructure,LinkedListTask
ps_python_calculate_function,HandlingAdvancedDataStructure,QueueTask
ps_python_calculate_function,HandlingAdvancedDataStructure,StackTask
ps_python_calculate_function,TwoDimensionalArrayTask,ReplacingElement2DArray
ps_python_calculate_function,TwoDimensionalArrayTask,Indexing2DArray
ps_python_calculate_function,TwoDimensionalArrayTask,Create2DArray
ps_python_calculate_function,HandlingObjectOrientedProgramming,DefiningOOPMethod
ps_python_calculate_function,HandlingFunctionCallingFunction,CallingFunctionCallingFunction
ps_python_calculate_function,HandlingFunctionCallingFunction,DefiningFunctionCallingFunction
ps_python_calculate_function,HandlingStandardFunction,CallingStandardFunction
ps_python_nested_calls,HandlingObjectOrientedProgramming,DefiningOOPMethod
ps_python_nested_calls,HandlingFunctionCallingFunction,DefiningFunctionCallingFunction
ps_python_nested_calls,NonNestedIteration,SingleForLoopIteration
ps_python_recursive_factorial,ManagingVariable,AssigningVariable
ps_python_recursive_factorial,ManagingVariable,UpdatingVariable
ps_python_recursive_factorial,HandlingAdvancedDataStructure,BinaryTreeTask
ps_python_recursive_factorial,HandlingAdvancedDataStructure,LinkedListTask
ps_python_recursive_factorial,HandlingAdvancedDataStructure,QueueTask
ps_python_recursive_factorial,HandlingAdvancedDataStructure,StackTask
ps_python_recursive_factorial,TwoDimensionalArrayTask,ReplacingElement2DArray
ps_python_recursive_factorial,TwoDimensionalArrayTask,Indexing2DArray
ps_python_recursive_factorial,TwoDimensionalArrayTask,Create2DArray
ps_python_recursive_factorial,HandlingObjectOrientedProgramming,CallingOOPMethod
ps_python_recursive_factorial,HandlingObjectOrientedProgramming,CreatingObject
ps_python_recursive_factorial,HandlingObjectOrientedProgramming,DefiningClass
ps_python_recursive_factorial,HandlingObjectOrientedProgramming,DefiningOOPMethod
ps_python_recursive_factorial,HandlingFunction,CallingFunctionLibrary
ps_python_recursive_factorial,HandlingFunction,NestedFunctionCall
ps_python_recursive_factorial,HandlingFunctionCallingFunction,CallingFunctionCallingFunction
ps_python_recursive_factorial,HandlingFunctionCallingFunction,DefiningFunctionCallingFunction
ps_python_recursive_factorial,HandlingRecursiveFunction,CallingRecursiveFunction
ps_python_recursive_factorial,HandlingRecursiveFunction,DefiningRecursiveFunction
ps_python_recursive_factorial,HandlingNestedFunction,CallingNestedFunction
ps_python_recursive_factorial,HandlingNestedFunction,DefiningNestedFunction
ps_python_recursive_factorial,HandlingStandardFunction,CallingStandardFunction
ps_python_recursive_factorial,HandlingStandardFunction,DefiningStandardFunction
ps_python_recursive_factorial,NonNestedIteration,SingleForLoopIteration
ps_python_class_person,Python,Concatenation
ps_python_class_person,Python,Importing
ps_python_class_person,Python,FindingLength
ps_python_class_person,Python,Printing
ps_python_class_person,Python,CheckingForItem
ps_python_class_person,Python,HandlingInput
ps_python_class_person,CheckingCondition,IfElseChecking
ps_python_class_person,CheckingCondition,AssertChecking
ps_python_class_person,CheckingCondition,IfElifElseChecking
ps_python_class_person,CheckingCondition,NestedIfChecking
ps_python_class_person,CheckingCondition,IfChecking
ps_python_class_person,CheckingCondition,IfElifChecking
ps_python_class_person,CheckingCondition,BooleanEvaluating
ps_python_class_person,CheckingInForLoop,IfElseCheckingInForLoop
ps_python_class_person,CheckingInForLoop,IfElifCheckingInForLoop
ps_python_class_person,CheckingInForLoop,IfCheckingInForLoop
ps_python_class_person,CheckingInForLoop,IfElifElseCheckingInForLoop
ps_python_class_person,CheckingInWhileLoop,IfElifElseCheckingInWhileLoop
ps_python_class_person,CheckingInWhileLoop,IfCheckingInWhileLoop
ps_python_class_person,CheckingInWhileLoop,IfElseCheckingInWhileLoop
ps_python_class_person,CheckingInWhileLoop,IfElifCheckingInWhileLoop
ps_python_class_person,ManagingVariable,SwappingVariablesValue
ps_python_modulo_is_even,Python,Concatenation
ps_python_modulo_is_even,Python,Importing
ps_python_modulo_is_even,Python,FindingLength
ps_python_modulo_is_even,Python,Printing
ps_python_modulo_is_even,Python,CheckingForItem
ps_python_modulo_is_even,Python,HandlingInput
ps_python_modulo_is_even,CheckingCondition,IfElseChecking
ps_python_modulo_is_even,CheckingCondition,AssertChecking
ps_python_modulo_is_even,CheckingCondition,IfElifElseChecking
ps_python_modulo_is_even,CheckingCondition,NestedIfChecking
ps_python_modulo_is_even,CheckingCondition,IfChecking
ps_python_modulo_is_even,CheckingCondition,IfElifChecking
ps_python_modulo_is_even,CheckingCondition,BooleanEvaluating
ps_python_modulo_is_even,CheckingInForLoop,IfElseCheckingInForLoop
ps_python_modulo_is_even,CheckingInForLoop,IfElifCheckingInForLoop
ps_python_modulo_is_even,CheckingInForLoop,IfCheckingInForLoop
ps_python_modulo_is_even,CheckingInForLoop,IfElifElseCheckingInForLoop
ps_python_modulo_is_even,CheckingInWhileLoop,IfElifElseCheckingInWhileLoop
ps_python_modulo_is_even,CheckingInWhileLoop,IfCheckingInWhileLoop
ps_python_modulo_is_even,CheckingInWhileLoop,IfElseCheckingInWhileLoop
ps_python_modulo_is_even,CheckingInWhileLoop,IfElifCheckingInWhileLoop
ps_python_modulo_is_even,ManagingVariable,SwappingVariablesValue
ps_python_modulo_is_even,HandlingObjectOrientedProgramming,DefiningOOPMethod
ps_python_modulo_is_even,HandlingFunctionCallingFunction,CallingFunctionCallingFunction
ps_python_modulo_is_even,HandlingFunctionCallingFunction,DefiningFunctionCallingFunction
ps_python_modulo_is_even,HandlingStandardFunction,DefiningStandardFunction
ps_python_modulo_is_even,ArithmeticOperation,FindAbsolute
ps_python_list_iteration_zoo,NonNestedIteration,SingleWhileLoopIteration
ps_python_list_iteration_zoo,WhileLoopWithUpdate,WhileLoopWithListIndexing
ps_python_list_iteration_zoo,WhileLoopWithUpdate,WhileLoopWith*=
ps_python_list_iteration_zoo,WhileLoopWithUpdate,WhileLoopWith+=
ps_python_list_iteration_zoo,ForLoopWithUpdate,ForLoopWith+=
ps_python_list_iteration_zoo,ForLoopWithUpdate,ForLoopWith*=
ps_python_list_iteration_zoo,ForLoopWithUpdate,ForLoopWithListIndexing
ps_python_list_iteration_zoo,NestedLoopIteration,MixedNestedLoopIteration
ps_python_list_iteration_zoo,NestedLoopIteration,NestedForLoopIteration
ps_python_list_iteration_zoo,NestedLoopIteration,NestedWhileLoopIteration
ps_python_list_iteration_zoo,ArithmeticOperation,FindAbsolute
ps_python_list_iteration_zoo,ArithmeticOperation,FindRemainder
ps_python_list_iteration_zoo,ArithmeticOperation,FindMaximum
ps_python_list_iteration_zoo,ArithmeticOperation,Addition
ps_python_list_iteration_zoo,ArithmeticOperation,Round
ps_python_list_iteration_zoo,ArithmeticOperation,Power
ps_python_list_iteration_zoo,ArithmeticOperation,FindMinimum
ps_python_list_iteration_zoo,ArithmeticOperation,Substraction
ps_python_list_iteration_zoo,ArithmeticOperation,Division
ps_python_list_iteration_zoo,ArithmeticOperation,Multiplication
ps_python_list_iteration_zoo,HandlingInteger,TransformingToIntType
ps_python_list_iteration_zoo,HandlingTuple,CreatingTuple
ps_python_nested_lists_indexing,WhileLoopWithUpdate,WhileLoopWith*=
ps_python_nested_lists_indexing,WhileLoopWithUpdate,WhileLoopWith+=
ps_python_nested_lists_indexing,ForLoopWithUpdate,ForLoopWith+=
ps_python_nested_lists_indexing,ForLoopWithUpdate,ForLoopWith*=
ps_python_dict_keys,HandlingDictionary,AddingItemToDictionary
ps_python_dict_keys,HandlingList,SlicingList
ps_python_dict_values,WhileLoopWithUpdate,WhileLoopWithListIndexing
ps_python_dict_values,WhileLoopWithUpdate,WhileLoopWith*=
ps_python_dict_values,WhileLoopWithUpdate,WhileLoopWith+=
ps_python_dict_values,ForLoopWithUpdate,ForLoopWith*=
ps_python_dict_values,HandlingList,SlicingList
ps_python_list_to_dict,HandlingTuple,SlicingTuple
ps_python_list_to_dict,HandlingTuple,IndexingTuple
ps_python_list_to_dict,HandlingFloat,TransformingToFloatType
ps_python_list_to_dict,HandlingDictionary,ReplacingDictionaryElement
ps_python_list_to_dict,HandlingDictionary,IndexingDictionary
ps_python_list_to_dict,HandlingDictionary,AddingItemToDictionary
ps_python_list_to_dict,HandlingDictionary,AccessingDictionary
ps_python_list_to_dict,HandlingDictionary,CreatingDictionary
ps_python_list_to_dict,HandlingList,DeletingListElement
ps_python_list_to_dict,HandlingList,IndexingList
ps_python_list_to_dict,HandlingList,CreatingList
ps_python_list_to_dict,HandlingList,SlicingList
ps_python_list_to_dict,HandlingList,ReplacingListElement
ps_python_list_to_dict,HandlingList,ListReferencing
ps_python_list_to_dict,HandlingList,ReversingList
ps_python_list_to_dict,AddingListElement,AddingListElementWithInsert
ps_python_list_to_dict,AddingListElement,AddingListElementWithAppend
ps_python_list_to_dict,HandlingFile,ClosingFile
ps_python_list_to_dict,HandlingFile,ReadingLine
ps_python_list_to_dict,HandlingFile,OpeningFile
ps_python_list_to_dict,HandlingString,CreatingString
ps_python_list_to_dict,HandlingString,ReplacingStringContent
ps_python_list_to_dict,HandlingString,FormattingString
ps_python_list_to_dict,HandlingString,TransformingToStringType
ps_python_list_to_dict,HandlingString,SplittingString
ps_python_bigger_than,WhileLoopWithUpdate,WhileLoopWith*=
ps_python_bigger_than,WhileLoopWithUpdate,WhileLoopWith+=
ps_python_bigger_than,ForLoopWithUpdate,ForLoopWith+=
ps_python_bigger_than,ForLoopWithUpdate,ForLoopWith*=
ps_python_bigger_than,HandlingTuple,SlicingTuple
ps_python_bigger_than,HandlingTuple,IndexingTuple
ps_python_bigger_than,HandlingFloat,TransformingToFloatType
ps_python_bigger_than,HandlingDictionary,ReplacingDictionaryElement
ps_python_bigger_than,HandlingDictionary,IndexingDictionary
ps_python_bigger_than,HandlingDictionary,AddingItemToDictionary
ps_python_bigger_than,HandlingDictionary,AccessingDictionary
ps_python_bigger_than,HandlingDictionary,CreatingDictionary
ps_python_bigger_than,HandlingList,DeletingListElement
ps_python_bigger_than,HandlingList,IndexingList
ps_python_bigger_than,HandlingList,CreatingList
ps_python_bigger_than,HandlingList,SlicingList
ps_python_bigger_than,HandlingList,ReplacingListElement
ps_python_bigger_than,HandlingList,ListReferencing
ps_python_bigger_than,HandlingList,ReversingList
ps_python_bigger_than,AddingListElement,AddingListElementWithInsert
ps_python_bigger_than,AddingListElement,AddingListElementWithAppend
ps_python_bigger_than,HandlingFile,ClosingFile
ps_python_bigger_than,HandlingFile,ReadingLine
ps_python_bigger_than,HandlingFile,OpeningFile
ps_python_bigger_than,HandlingString,CreatingString
ps_python_bigger_than,HandlingString,ReplacingStringContent
ps_python_bigger_than,HandlingString,FormattingString
ps_python_bigger_than,HandlingString,TransformingToStringType
ps_python_bigger_than,HandlingString,SplittingString
ps_python_conditionals_temperature,HandlingTuple,SlicingTuple
ps_python_conditionals_temperature,HandlingTuple,IndexingTuple
ps_python_conditionals_temperature,HandlingFloat,TransformingToFloatType
ps_python_conditionals_temperature,HandlingDictionary,ReplacingDictionaryElement
ps_python_conditionals_temperature,HandlingDictionary,IndexingDictionary
ps_python_conditionals_temperature,HandlingDictionary,AddingItemToDictionary
ps_python_conditionals_temperature,HandlingDictionary,AccessingDictionary
ps_python_conditionals_temperature,HandlingDictionary,CreatingDictionary
ps_python_conditionals_temperature,HandlingList,DeletingListElement
ps_python_conditionals_temperature,HandlingList,IndexingList
ps_python_conditionals_temperature,HandlingList,CreatingList
ps_python_conditionals_temperature,HandlingList,SlicingList
ps_python_conditionals_temperature,HandlingList,ReplacingListElement
ps_python_conditionals_temperature,HandlingList,ListReferencing
ps_python_conditionals_temperature,HandlingList,ReversingList
ps_python_conditionals_temperature,AddingListElement,AddingListElementWithInsert
ps_python_conditionals_temperature,AddingListElement,AddingListElementWithAppend
ps_python_conditionals_temperature,HandlingFile,ClosingFile
ps_python_conditionals_temperature,HandlingFile,ReadingLine
ps_python_conditionals_temperature,HandlingFile,OpeningFile
ps_python_conditionals_temperature,HandlingString,CreatingString
ps_python_conditionals_temperature,HandlingString,ReplacingStringContent
ps_python_conditionals_temperature,HandlingString,FormattingString
ps_python_conditionals_temperature,HandlingString,TransformingToStringType
ps_python_conditionals_temperature,HandlingString,SplittingString
ps_python_printing_file_contents,Python,Concatenation
ps_python_printing_file_contents,Python,Importing
ps_python_printing_file_contents,Python,FindingLength
ps_python_printing_file_contents,Python,Printing
ps_python_printing_file_contents,Python,CheckingForItem
ps_python_printing_file_contents,Python,HandlingInput
ps_python_printing_file_contents,CheckingCondition,IfElseChecking
ps_python_printing_file_contents,CheckingCondition,AssertChecking
ps_python_printing_file_contents,CheckingCondition,IfElifElseChecking
ps_python_printing_file_contents,CheckingCondition,NestedIfChecking
ps_python_printing_file_contents,CheckingCondition,IfChecking
ps_python_printing_file_contents,CheckingCondition,IfElifChecking
ps_python_printing_file_contents,CheckingCondition,BooleanEvaluating
ps_python_printing_file_contents,CheckingInForLoop,IfElseCheckingInForLoop
ps_python_printing_file_contents,CheckingInForLoop,IfElifCheckingInForLoop
ps_python_printing_file_contents,CheckingInForLoop,IfCheckingInForLoop
ps_python_printing_file_contents,CheckingInForLoop,IfElifElseCheckingInForLoop
ps_python_printing_file_contents,CheckingInWhileLoop,IfElifElseCheckingInWhileLoop
ps_python_printing_file_contents,CheckingInWhileLoop,IfCheckingInWhileLoop
ps_python_printing_file_contents,CheckingInWhileLoop,IfElseCheckingInWhileLoop
ps_python_printing_file_contents,CheckingInWhileLoop,IfElifCheckingInWhileLoop
ps_python_printing_file_contents,ManagingVariable,SwappingVariablesValue
ps_python_printing_file_contents,NonNestedIteration,SingleWhileLoopIteration
ps_python_printing_file_contents,WhileLoopWithUpdate,WhileLoopWithListIndexing
ps_python_printing_file_contents,WhileLoopWithUpdate,WhileLoopWith*=
ps_python_printing_file_contents,WhileLoopWithUpdate,WhileLoopWith+=
ps_python_printing_file_contents,ForLoopWithUpdate,ForLoopWith+=
ps_python_printing_file_contents,ForLoopWithUpdate,ForLoopWith*=
ps_python_printing_file_contents,ForLoopWithUpdate,ForLoopWithListIndexing
ps_python_printing_file_contents,NestedLoopIteration,MixedNestedLoopIteration
ps_python_printing_file_contents,NestedLoopIteration,NestedForLoopIteration
ps_python_printing_file_contents,NestedLoopIteration,NestedWhileLoopIteration
ps_python_printing_file_contents,ArithmeticOperation,FindAbsolute
ps_python_printing_file_contents,ArithmeticOperation,FindRemainder
ps_python_printing_file_contents,ArithmeticOperation,FindMaximum
ps_python_printing_file_contents,ArithmeticOperation,Addition
ps_python_printing_file_contents,ArithmeticOperation,Round
ps_python_printing_file_contents,ArithmeticOperation,Power
ps_python_printing_file_contents,ArithmeticOperation,FindMinimum
ps_python_printing_file_contents,ArithmeticOperation,Substraction
ps_python_printing_file_contents,ArithmeticOperation,Division
ps_python_printing_file_contents,ArithmeticOperation,Multiplication
ps_python_printing_file_contents,HandlingInteger,TransformingToIntType
ps_python_printing_file_contents,HandlingTuple,CreatingTuple
ps_python_try_except,NonNestedIteration,SingleWhileLoopIteration
ps_python_nested_ifs,Python,Concatenation
ps_python_nested_ifs,Python,Importing
ps_python_nested_ifs,Python,FindingLength
ps_python_nested_ifs,Python,Printing
ps_python_nested_ifs,Python,CheckingForItem
ps_python_nested_ifs,Python,HandlingInput
ps_python_nested_ifs,CheckingCondition,IfElseChecking
ps_python_nested_ifs,CheckingCondition,AssertChecking
ps_python_nested_ifs,CheckingCondition,IfElifElseChecking
ps_python_nested_ifs,CheckingCondition,NestedIfChecking
ps_python_nested_ifs,CheckingCondition,IfChecking
ps_python_nested_ifs,CheckingCondition,IfElifChecking
ps_python_nested_ifs,CheckingCondition,BooleanEvaluating
ps_python_nested_ifs,CheckingInForLoop,IfElseCheckingInForLoop
ps_python_nested_ifs,CheckingInForLoop,IfElifCheckingInForLoop
ps_python_nested_ifs,CheckingInForLoop,IfCheckingInForLoop
ps_python_nested_ifs,CheckingInForLoop,IfElifElseCheckingInForLoop
ps_python_nested_ifs,CheckingInWhileLoop,IfElifElseCheckingInWhileLoop
ps_python_nested_ifs,CheckingInWhileLoop,IfCheckingInWhileLoop
ps_python_nested_ifs,CheckingInWhileLoop,IfElseCheckingInWhileLoop
ps_python_nested_ifs,CheckingInWhileLoop,IfElifCheckingInWhileLoop
ps_python_nested_ifs,ManagingVariable,SwappingVariablesValue
ps_python_nested_ifs,HandlingString,TrimmingString
ps_python_nested_ifs,HandlingString,IndexingString
ps_python_nested_ifs,HandlingString,SlicingString
ps_python_nested_ifs,ModifyingStringCase,ConvertStringToUpperCase
ps_python_nested_ifs,ModifyingStringCase,ConvertStringToLowerCase
ps_python_nested_ifs,ModifyingStringCase,CapitalizeString
ps_python_nested_ifs,HandlingError,HandlingSpecificError
ps_python_nested_ifs,HandlingError,HandlingGeneralError
ps_python_comparisons,ArithmeticOperation,FindAbsolute
ps_python_add_to_list,HandlingAdvancedDataStructure,BinaryTreeTask
ps_python_add_to_list,HandlingAdvancedDataStructure,LinkedListTask
ps_python_add_to_list,HandlingAdvancedDataStructure,QueueTask
ps_python_add_to_list,HandlingAdvancedDataStructure,StackTask
ps_python_add_to_list,TwoDimensionalArrayTask,ReplacingElement2DArray
ps_python_add_to_list,TwoDimensionalArrayTask,Indexing2DArray
ps_python_add_to_list,TwoDimensionalArrayTask,Create2DArray
ps_python_add_to_list,HandlingObjectOrientedProgramming,CallingOOPMethod
ps_python_add_to_list,HandlingObjectOrientedProgramming,CreatingObject
ps_python_add_to_list,HandlingObjectOrientedProgramming,DefiningClass
ps_python_add_to_list,HandlingObjectOrientedProgramming,DefiningOOPMethod
ps_python_add_to_list,HandlingFunction,NestedFunctionCall
ps_python_add_to_list,HandlingFunctionCallingFunction,CallingFunctionCallingFunction
ps_python_add_to_list,HandlingFunctionCallingFunction,DefiningFunctionCallingFunction
ps_python_add_to_list,HandlingRecursiveFunction,CallingRecursiveFunction
ps_python_add_to_list,HandlingRecursiveFunction,DefiningRecursiveFunction
ps_python_add_to_list,HandlingNestedFunction,CallingNestedFunction
ps_python_add_to_list,HandlingNestedFunction,DefiningNestedFunction
ps_python_add_to_list,HandlingStandardFunction,CallingStandardFunction
ps_python_add_to_list,HandlingStandardFunction,DefiningStandardFunction
ps_python_add_to_list,WhileLoopWithUpdate,WhileLoopWithListIndexing
ps_python_add_to_list,WhileLoopWithUpdate,WhileLoopWith*=
ps_python_add_to_list,WhileLoopWithUpdate,WhileLoopWith+=
ps_python_add_to_list,ForLoopWithUpdate,ForLoopWith*=
ps_python_xor,Python,Concatenation
ps_python_xor,Python,Importing
ps_python_xor,Python,FindingLength
ps_python_xor,Python,Printing
ps_python_xor,Python,CheckingForItem
ps_python_xor,Python,HandlingInput
ps_python_xor,CheckingCondition,IfElseChecking
ps_python_xor,CheckingCondition,AssertChecking
ps_python_xor,CheckingCondition,IfElifElseChecking
ps_python_xor,CheckingCondition,NestedIfChecking
ps_python_xor,CheckingCondition,IfChecking
ps_python_xor,CheckingCondition,IfElifChecking
ps_python_xor,CheckingCondition,BooleanEvaluating
ps_python_xor,CheckingInForLoop,IfElseCheckingInForLoop
ps_python_xor,CheckingInForLoop,IfElifCheckingInForLoop
ps_python_xor,CheckingInForLoop,IfCheckingInForLoop
ps_python_xor,CheckingInForLoop,IfElifElseCheckingInForLoop
ps_python_xor,CheckingInWhileLoop,IfElifElseCheckingInWhileLoop
ps_python_xor,CheckingInWhileLoop,IfCheckingInWhileLoop
ps_python_xor,CheckingInWhileLoop,IfElseCheckingInWhileLoop
ps_python_xor,CheckingInWhileLoop,IfElifCheckingInWhileLoop
ps_python_xor,ManagingVariable,SwappingVariablesValue
ps_python_for_odd_or_even,Python,CheckingForItem
ps_python_for_odd_or_even,CheckingInForLoop,IfCheckingInForLoop
ps_python_for_odd_or_even,CheckingInWhileLoop,IfElifElseCheckingInWhileLoop
ps_python_for_odd_or_even,CheckingInWhileLoop,IfCheckingInWhileLoop
ps_python_for_odd_or_even,CheckingInWhileLoop,IfElseCheckingInWhileLoop
ps_python_for_odd_or_even,CheckingInWhileLoop,IfElifCheckingInWhileLoop
ps_python_for_odd_or_even,NonNestedIteration,SingleWhileLoopIteration
ps_python_for_odd_or_even,ArithmeticOperation,FindAbsolute
ps_python_for_odd_or_even,HandlingTuple,CreatingTuple
ps_python_string_join,ManagingVariable,AssigningVariable
ps_python_string_join,ManagingVariable,UpdatingVariable
ps_python_string_join,HandlingAdvancedDataStructure,BinaryTreeTask
ps_python_string_join,HandlingAdvancedDataStructure,LinkedListTask
ps_python_string_join,HandlingAdvancedDataStructure,QueueTask
ps_python_string_join,HandlingAdvancedDataStructure,StackTask
ps_python_string_join,TwoDimensionalArrayTask,ReplacingElement2DArray
ps_python_string_join,TwoDimensionalArrayTask,Indexing2DArray
ps_python_string_join,TwoDimensionalArrayTask,Create2DArray
ps_python_string_join,HandlingObjectOrientedProgramming,CallingOOPMethod
ps_python_string_join,HandlingObjectOrientedProgramming,CreatingObject
ps_python_string_join,HandlingObjectOrientedProgramming,DefiningClass
ps_python_string_join,HandlingObjectOrientedProgramming,DefiningOOPMethod
ps_python_string_join,HandlingFunction,CallingFunctionLibrary
ps_python_string_join,HandlingFunction,NestedFunctionCall
ps_python_string_join,HandlingFunctionCallingFunction,CallingFunctionCallingFunction
ps_python_string_join,HandlingFunctionCallingFunction,DefiningFunctionCallingFunction
ps_python_string_join,HandlingRecursiveFunction,CallingRecursiveFunction
ps_python_string_join,HandlingRecursiveFunction,DefiningRecursiveFunction
ps_python_string_join,HandlingNestedFunction,CallingNestedFunction
ps_python_string_join,HandlingNestedFunction,DefiningNestedFunction
ps_python_string_join,HandlingStandardFunction,CallingStandardFunction
ps_python_string_join,HandlingStandardFunction,DefiningStandardFunction
ps_python_string_join,NonNestedIteration,SingleForLoopIteration
ps_python_string_join,HandlingTuple,SlicingTuple
ps_python_string_join,HandlingTuple,IndexingTuple
ps_python_string_join,HandlingFloat,TransformingToFloatType
ps_python_string_join,HandlingDictionary,ReplacingDictionaryElement
ps_python_string_join,HandlingDictionary,IndexingDictionary
ps_python_string_join,HandlingDictionary,AddingItemToDictionary
ps_python_string_join,HandlingDictionary,AccessingDictionary
ps_python_string_join,HandlingDictionary,CreatingDictionary
ps_python_string_join,HandlingList,DeletingListElement
ps_python_string_join,HandlingList,IndexingList
ps_python_string_join,HandlingList,CreatingList
ps_python_string_join,HandlingList,SlicingList
ps_python_string_join,HandlingList,ReplacingListElement
ps_python_string_join,HandlingList,ListReferencing
ps_python_string_join,HandlingList,ReversingList
ps_python_string_join,AddingListElement,AddingListElementWithInsert
ps_python_string_join,AddingListElement,AddingListElementWithAppend
ps_python_string_join,HandlingFile,ClosingFile
ps_python_string_join,HandlingFile,ReadingLine
ps_python_string_join,HandlingFile,OpeningFile
ps_python_string_join,HandlingString,CreatingString
ps_python_string_join,HandlingString,ReplacingStringContent
ps_python_string_join,HandlingString,FormattingString
ps_python_string_join,HandlingString,TransformingToStringType
ps_python_string_join,HandlingString,SplittingString
ps_python_try_adding,HandlingObjectOrientedProgramming,DefiningOOPMethod
ps_python_try_adding,HandlingFunctionCallingFunction,DefiningFunctionCallingFunction
ps_python_try_adding,HandlingStandardFunction,CallingStandardFunction
ps_python_try_adding,HandlingStandardFunction,DefiningStandardFunction
ps_python_try_adding,NonNestedIteration,SingleWhileLoopIteration
ps_python_try_adding,WhileLoopWithUpdate,WhileLoopWithListIndexing
ps_python_try_adding,WhileLoopWithUpdate,WhileLoopWith*=
ps_python_try_adding,WhileLoopWithUpdate,WhileLoopWith+=
ps_python_try_adding,ForLoopWithUpdate,ForLoopWith+=
ps_python_try_adding,ForLoopWithUpdate,ForLoopWith*=
ps_python_try_adding,ForLoopWithUpdate,ForLoopWithListIndexing
ps_python_try_adding,NestedLoopIteration,MixedNestedLoopIteration
ps_python_try_adding,NestedLoopIteration,NestedForLoopIteration
ps_python_try_adding,NestedLoopIteration,NestedWhileLoopIteration
ps_python_try_adding,ArithmeticOperation,FindAbsolute
ps_python_try_adding,ArithmeticOperation,FindRemainder
ps_python_try_adding,ArithmeticOperation,FindMaximum
ps_python_try_adding,ArithmeticOperation,Addition
ps_python_try_adding,ArithmeticOperation,Round
ps_python_try_adding,ArithmeticOperation,Power
ps_python_try_adding,ArithmeticOperation,FindMinimum
ps_python_try_adding,ArithmeticOperation,Substraction
ps_python_try_adding,ArithmeticOperation,Division
ps_python_try_adding,ArithmeticOperation,Multiplication
ps_python_try_adding,HandlingInteger,TransformingToIntType
ps_python_try_adding,HandlingTuple,CreatingTuple
ps_python_try_adding,HandlingString,TrimmingString
ps_python_try_adding,HandlingString,IndexingString
ps_python_try_adding,HandlingString,SlicingString
ps_python_try_adding,ModifyingStringCase,ConvertStringToUpperCase
ps_python_try_adding,ModifyingStringCase,ConvertStringToLowerCase
ps_python_try_adding,ModifyingStringCase,CapitalizeString
ps_python_try_adding,HandlingError,HandlingSpecificError
ps_python_try_adding,HandlingError,HandlingGeneralError
ps_python_class_point,ManagingVariable,AssigningVariable
ps_python_class_point,ManagingVariable,UpdatingVariable
ps_python_class_point,HandlingAdvancedDataStructure,BinaryTreeTask
ps_python_class_point,HandlingAdvancedDataStructure,LinkedListTask
ps_python_class_point,HandlingAdvancedDataStructure,QueueTask
ps_python_class_point,HandlingAdvancedDataStructure,StackTask
ps_python_class_point,TwoDimensionalArrayTask,ReplacingElement2DArray
ps_python_class_point,TwoDimensionalArrayTask,Indexing2DArray
ps_python_class_point,TwoDimensionalArrayTask,Create2DArray
ps_python_class_point,HandlingObjectOrientedProgramming,CallingOOPMethod
ps_python_class_point,HandlingObjectOrientedProgramming,CreatingObject
ps_python_class_point,HandlingObjectOrientedProgramming,DefiningClass
ps_python_class_point,HandlingObjectOrientedProgramming,DefiningOOPMethod
ps_python_class_point,HandlingFunction,CallingFunctionLibrary
ps_python_class_point,HandlingFunction,NestedFunctionCall
ps_python_class_point,HandlingFunctionCallingFunction,CallingFunctionCallingFunction
ps_python_class_point,HandlingFunctionCallingFunction,DefiningFunctionCallingFunction
ps_python_class_point,HandlingRecursiveFunction,CallingRecursiveFunction
ps_python_class_point,HandlingRecursiveFunction,DefiningRecursiveFunction
ps_python_class_point,HandlingNestedFunction,CallingNestedFunction
ps_python_class_point,HandlingNestedFunction,DefiningNestedFunction
ps_python_class_point,HandlingStandardFunction,CallingStandardFunction
ps_python_class_point,HandlingStandardFunction,DefiningStandardFunction
ps_python_class_point,NonNestedIteration,SingleForLoopIteration
ps_python_2d_list,Python,Concatenation
ps_python_2d_list,Python,Importing
ps_python_2d_list,Python,FindingLength
ps_python_2d_list,Python,Printing
ps_python_2d_list,Python,CheckingForItem
ps_python_2d_list,Python,HandlingInput
ps_python_2d_list,CheckingCondition,IfElseChecking
ps_python_2d_list,CheckingCondition,AssertChecking
ps_python_2d_list,CheckingCondition,IfElifElseChecking
ps_python_2d_list,CheckingCondition,NestedIfChecking
ps_python_2d_list,CheckingCondition,IfChecking
ps_python_2d_list,CheckingCondition,IfElifChecking
ps_python_2d_list,CheckingCondition,BooleanEvaluating
ps_python_2d_list,CheckingInForLoop,IfElseCheckingInForLoop
ps_python_2d_list,CheckingInForLoop,IfElifCheckingInForLoop
ps_python_2d_list,CheckingInForLoop,IfCheckingInForLoop
ps_python_2d_list,CheckingInForLoop,IfElifElseCheckingInForLoop
ps_python_2d_list,CheckingInWhileLoop,IfElifElseCheckingInWhileLoop
ps_python_2d_list,CheckingInWhileLoop,IfCheckingInWhileLoop
ps_python_2d_list,CheckingInWhileLoop,IfElseCheckingInWhileLoop
ps_python_2d_list,CheckingInWhileLoop,IfElifCheckingInWhileLoop
ps_python_2d_list,ManagingVariable,SwappingVariablesValue
ps_python_2d_list,HandlingAdvancedDataStructure,BinaryTreeTask
ps_python_2d_list,HandlingAdvancedDataStructure,LinkedListTask
ps_python_2d_list,HandlingAdvancedDataStructure,QueueTask
ps_python_2d_list,HandlingAdvancedDataStructure,StackTask
ps_python_2d_list,HandlingFunctionCallingFunction,DefiningFunctionCallingFunction
ps_python_2d_list,NestedLoopIteration,MixedNestedLoopIteration
ps_python_2d_list,NestedLoopIteration,NestedWhileLoopIteration
ps_python_nested_loops,WhileLoopWithUpdate,WhileLoopWith*=
ps_python_nested_loops,NestedLoopIteration,NestedForLoopIteration
ps_python_nested_loops,ArithmeticOperation,FindAbsolute
ps_python_nested_loops,ArithmeticOperation,FindRemainder
ps_python_nested_loops,ArithmeticOperation,Round
ps_python_nested_loops,ArithmeticOperation,Power
ps_python_nested_loops,ArithmeticOperation,FindMinimum
ps_python_nested_loops,ArithmeticOperation,Division
ps_python_nested_loops,ArithmeticOperation,Multiplication
