exercise_name,parent,leaf_class
py_fail_course2,MembershipOperator,in
py_fail_course2,LogicalOperator,and
py_fail_course2,LogicalOperator,or
py_fail_course2,LogicalOperator,not
py_fail_course2,ArtithmeticOperator,//
py_fail_course2,ArtithmeticOperator,-
py_fail_course2,ArtithmeticOperator,+
py_fail_course2,ArtithmeticOperator,/
py_fail_course2,ArtithmeticOperator,**
py_fail_course2,ArtithmeticOperator,Modulus
py_fail_course2,ArtithmeticOperator,*
py_fail_course2,Statement,ExpressionStatement
py_fail_course2,ConditionalStatement,IfElifElseStatement
py_fail_course2,ConditionalStatement,IfStatement
py_fail_course2,ConditionalStatement,IfElseStatement
py_fail_course2,ConditionalStatement,IfElifStatement
py_fail_course2,ImportStatement,Import
py_fail_course2,ImportStatement,ImportFrom
py_fail_course2,JumpStatement,PassStatement
py_fail_course2,JumpStatement,BreakStatement
py_fail_course2,JumpStatement,ContinueStatement
py_fail_course2,JumpStatement,ReturnStatement
py_fail_course2,IterationStatement,ForStatement
py_fail_course2,IterationStatement,WhileStatement
py_fail_course2,ExceptionHandlingStatement,TryStatement
py_phone_age,SubscriptExpression,IndexingExpression
py_phone_age,SubscriptExpression,SlicingExpression
py_phone_age,Call,FunctionCall
py_phone_age,ArithmeticExpression,BinaryOperation
py_phone_age,ArithmeticExpression,UnaryOperation
py_phone_age,LogicalExpression,ComparisonExpression
py_phone_age,LogicalExpression,BooleanExpression
py_phone_age,Literal,StringLiteral
py_phone_age,Literal,BooleanLiteral
py_phone_age,Literal,NoneLiteral
py_phone_age,NumericLiteral,FloatLiteral
py_phone_age,NumericLiteral,IntegerLiteral
py_phone_age,LiteralCollection,TupleLiteral
py_phone_age,LiteralCollection,SetLiteral
py_phone_age,LiteralCollection,ListLiteral
py_phone_age,LiteralCollection,DictLiteral
py_phone_age,Error,TypeError
py_phone_age,Error,OSError
py_phone_age,Error,IndexError
py_phone_age,Error,IOError
py_phone_age,Error,FileNotFoundError
py_phone_age,Error,ValueError
py_phone_age,Error,AssertionError
py_phone_age,StringMethod,split()
py_phone_age,StringMethod,lower()
py_phone_age,StringMethod,join()
py_phone_age,StringMethod,format()
py_phone_age,StringMethod,capitalize()
py_phone_age,StringMethod,rstrip()
py_phone_age,StringMethod,replace()
py_phone_age,DictionaryMethod,values()
py_phone_age,DictionaryMethod,keys()
py_phone_age,DictionaryMethod,items()
py_phone_age,DictionaryMethod,get()
py_phone_age,ClassMethod,__init()__
py_phone_age,ListMethod,reverse()
py_phone_age,ListMethod,insert()
py_phone_age,ListMethod,remove()
py_phone_age,ListMethod,append()
py_phone_age,ListMethod,pop()
py_phone_age,FileMethod,readline()
py_phone_age,FileMethod,close()
py_phone_age,FileMethod,read()
py_phone_age,Operator,=
py_phone_age,ComparisonOperator,LessOrEqual
py_phone_age,ComparisonOperator,Less
py_phone_age,ComparisonOperator,Larger
py_phone_age,ComparisonOperator,LargerOrEqual
py_phone_age,ComparisonOperator,==
py_phone_age,ComparisonOperator,NotEqual
py_phone_age2,SubscriptExpression,IndexingExpression
py_phone_age2,SubscriptExpression,SlicingExpression
py_phone_age2,Call,FunctionCall
py_phone_age2,ArithmeticExpression,BinaryOperation
py_phone_age2,ArithmeticExpression,UnaryOperation
py_phone_age2,LogicalExpression,ComparisonExpression
py_phone_age2,LogicalExpression,BooleanExpression
py_phone_age2,Literal,StringLiteral
py_phone_age2,Literal,BooleanLiteral
py_phone_age2,Literal,NoneLiteral
py_phone_age2,NumericLiteral,FloatLiteral
py_phone_age2,NumericLiteral,IntegerLiteral
py_phone_age2,LiteralCollection,TupleLiteral
py_phone_age2,LiteralCollection,SetLiteral
py_phone_age2,LiteralCollection,ListLiteral
py_phone_age2,LiteralCollection,DictLiteral
py_phone_age2,Error,TypeError
py_phone_age2,Error,OSError
py_phone_age2,Error,IndexError
py_phone_age2,Error,IOError
py_phone_age2,Error,FileNotFoundError
py_phone_age2,Error,ValueError
py_phone_age2,Error,AssertionError
py_phone_age2,StringMethod,split()
py_phone_age2,StringMethod,lower()
py_rent_car,MembershipOperator,in
py_rent_car,LogicalOperator,and
py_rent_car,LogicalOperator,or
py_rent_car,LogicalOperator,not
py_rent_car,ArtithmeticOperator,//
py_rent_car,ArtithmeticOperator,-
py_rent_car,ArtithmeticOperator,+
py_rent_car,ArtithmeticOperator,/
py_rent_car,ArtithmeticOperator,**
py_rent_car,ArtithmeticOperator,Modulus
py_rent_car,ArtithmeticOperator,*
py_rent_car,Statement,ExpressionStatement
py_rent_car,ConditionalStatement,IfElifElseStatement
py_rent_car,ConditionalStatement,IfStatement
py_rent_car,ConditionalStatement,IfElseStatement
py_rent_car,ConditionalStatement,IfElifStatement
py_rent_car,ImportStatement,Import
py_rent_car,ImportStatement,ImportFrom
py_rent_car,JumpStatement,PassStatement
py_rent_car,JumpStatement,BreakStatement
py_rent_car,JumpStatement,ContinueStatement
py_rent_car,JumpStatement,ReturnStatement
py_rent_car,IterationStatement,ForStatement
py_rent_car,IterationStatement,WhileStatement
py_rent_car,ExceptionHandlingStatement,TryStatement
py_rent_car2,StringMethod,join()
py_rent_car2,StringMethod,format()
py_rent_car2,StringMethod,capitalize()
py_rent_car2,StringMethod,rstrip()
py_rent_car2,StringMethod,replace()
py_rent_car2,DictionaryMethod,values()
py_rent_car2,DictionaryMethod,keys()
py_rent_car2,DictionaryMethod,items()
py_rent_car2,DictionaryMethod,get()
py_rent_car2,ClassMethod,__init()__
py_rent_car2,ListMethod,reverse()
py_rent_car2,ListMethod,insert()
py_rent_car2,ListMethod,remove()
py_rent_car2,ListMethod,append()
py_rent_car2,ListMethod,pop()
py_rent_car2,FileMethod,readline()
py_rent_car2,FileMethod,close()
py_rent_car2,FileMethod,read()
py_rent_car2,Operator,=
py_rent_car2,ComparisonOperator,LessOrEqual
py_rent_car2,ComparisonOperator,Less
py_rent_car2,ComparisonOperator,Larger
py_rent_car2,ComparisonOperator,LargerOrEqual
py_rent_car2,ComparisonOperator,==
py_rent_car2,ComparisonOperator,NotEqual
py_rent_car2,MembershipOperator,in
py_rent_car2,LogicalOperator,and
py_rent_car2,LogicalOperator,or
py_rent_car2,LogicalOperator,not
py_rent_car2,ArtithmeticOperator,//
py_rent_car2,ArtithmeticOperator,-
py_rent_car2,ArtithmeticOperator,+
py_rent_car2,ArtithmeticOperator,/
py_rent_car2,ArtithmeticOperator,**
py_rent_car2,ArtithmeticOperator,Modulus
py_rent_car2,ArtithmeticOperator,*
py_rent_car2,Statement,ExpressionStatement
py_rent_car2,ConditionalStatement,IfElifElseStatement
py_rent_car2,ConditionalStatement,IfStatement
py_rent_car2,ConditionalStatement,IfElseStatement
py_rent_car2,ConditionalStatement,IfElifStatement
py_rent_car2,ImportStatement,Import
py_rent_car2,ImportStatement,ImportFrom
py_rent_car2,JumpStatement,PassStatement
py_rent_car2,JumpStatement,BreakStatement
py_rent_car2,JumpStatement,ContinueStatement
py_rent_car2,JumpStatement,ReturnStatement
py_rent_car2,IterationStatement,ForStatement
py_rent_car2,IterationStatement,WhileStatement
py_rent_car2,ExceptionHandlingStatement,TryStatement
py_check_age2,StringMethod,join()
py_check_age2,StringMethod,format()
py_check_age2,StringMethod,capitalize()
py_check_age2,StringMethod,rstrip()
py_check_age2,StringMethod,replace()
py_check_age2,DictionaryMethod,values()
py_check_age2,DictionaryMethod,keys()
py_check_age2,DictionaryMethod,items()
py_check_age2,DictionaryMethod,get()
py_check_age2,ClassMethod,__init()__
py_check_age2,ListMethod,reverse()
py_check_age2,ListMethod,insert()
py_check_age2,ListMethod,remove()
py_check_age2,ListMethod,append()
py_check_age2,ListMethod,pop()
py_check_age2,FileMethod,readline()
py_check_age2,FileMethod,close()
py_check_age2,FileMethod,read()
py_check_age2,Operator,=
py_check_age2,ComparisonOperator,LessOrEqual
py_check_age2,ComparisonOperator,Less
py_check_age2,ComparisonOperator,Larger
py_check_age2,ComparisonOperator,LargerOrEqual
py_check_age2,ComparisonOperator,==
py_check_age2,ComparisonOperator,NotEqual
py_three_boolean,MembershipOperator,in
py_three_boolean,LogicalOperator,and
py_three_boolean,LogicalOperator,or
py_three_boolean,LogicalOperator,not
py_three_boolean,ArtithmeticOperator,//
py_three_boolean,ArtithmeticOperator,-
py_three_boolean,ArtithmeticOperator,+
py_three_boolean,ArtithmeticOperator,/
py_three_boolean,ArtithmeticOperator,**
py_three_boolean,ArtithmeticOperator,Modulus
py_three_boolean,ArtithmeticOperator,*
py_three_boolean,Statement,ExpressionStatement
py_three_boolean,ConditionalStatement,IfElifElseStatement
py_three_boolean,ConditionalStatement,IfStatement
py_three_boolean,ConditionalStatement,IfElseStatement
py_three_boolean,ConditionalStatement,IfElifStatement
py_three_boolean,ImportStatement,Import
py_three_boolean,ImportStatement,ImportFrom
py_three_boolean,JumpStatement,PassStatement
py_three_boolean,JumpStatement,BreakStatement
py_three_boolean,JumpStatement,ContinueStatement
py_three_boolean,JumpStatement,ReturnStatement
py_three_boolean,IterationStatement,ForStatement
py_three_boolean,IterationStatement,WhileStatement
py_three_boolean,ExceptionHandlingStatement,TryStatement
py_three_boolean2,StringMethod,join()
py_three_boolean2,StringMethod,format()
py_three_boolean2,StringMethod,capitalize()
py_three_boolean2,StringMethod,rstrip()
py_three_boolean2,StringMethod,replace()
py_three_boolean2,DictionaryMethod,values()
py_three_boolean2,DictionaryMethod,keys()
py_three_boolean2,DictionaryMethod,items()
py_three_boolean2,DictionaryMethod,get()
py_three_boolean2,ClassMethod,__init()__
py_three_boolean2,ListMethod,reverse()
py_three_boolean2,ListMethod,insert()
py_three_boolean2,ListMethod,remove()
py_three_boolean2,ListMethod,append()
py_three_boolean2,ListMethod,pop()
py_three_boolean2,FileMethod,readline()
py_three_boolean2,FileMethod,close()
py_three_boolean2,FileMethod,read()
py_three_boolean2,Operator,=
py_three_boolean2,ComparisonOperator,LessOrEqual
py_three_boolean2,ComparisonOperator,Less
py_three_boolean2,ComparisonOperator,Larger
py_three_boolean2,ComparisonOperator,LargerOrEqual
py_three_boolean2,ComparisonOperator,==
py_three_boolean2,ComparisonOperator,NotEqual
py_three_boolean3,SubscriptExpression,IndexingExpression
py_three_boolean3,SubscriptExpression,SlicingExpression
py_three_boolean3,Call,FunctionCall
py_three_boolean3,ArithmeticExpression,BinaryOperation
py_three_boolean3,ArithmeticExpression,UnaryOperation
py_three_boolean3,LogicalExpression,ComparisonExpression
py_three_boolean3,LogicalExpression,BooleanExpression
py_three_boolean3,Literal,StringLiteral
py_three_boolean3,Literal,BooleanLiteral
py_three_boolean3,Literal,NoneLiteral
py_three_boolean3,NumericLiteral,FloatLiteral
py_three_boolean3,NumericLiteral,IntegerLiteral
py_three_boolean3,LiteralCollection,TupleLiteral
py_three_boolean3,LiteralCollection,SetLiteral
py_three_boolean3,LiteralCollection,ListLiteral
py_three_boolean3,LiteralCollection,DictLiteral
py_three_boolean3,Error,TypeError
py_three_boolean3,Error,OSError
py_three_boolean3,Error,IndexError
py_three_boolean3,Error,IOError
py_three_boolean3,Error,FileNotFoundError
py_three_boolean3,Error,ValueError
py_three_boolean3,Error,AssertionError
py_three_boolean3,StringMethod,split()
py_three_boolean3,StringMethod,lower()
py_boolean_dry_hot,ExceptionHandlingStatement,RaiseStatement
py_boolean_dry_hot,ExceptionHandlingStatement,AssertStatement
py_boolean_dry_hot,AssignmentStatement,SimpleAssignmentStatement
py_boolean_dry_hot,AssignmentStatement,AugmentedAssignmentStatement
py_boolean_dry_hot,DefinitionStatement,FunctionDefinition
py_boolean_dry_hot,DefinitionStatement,ClassDefinition
py_boolean_dry_hot,BuiltInFunction,dict()
py_boolean_dry_hot,BuiltInFunction,str()
py_boolean_dry_hot,BuiltInFunction,next()
py_boolean_dry_hot,BuiltInFunction,input()
py_boolean_dry_hot,BuiltInFunction,int()
py_boolean_dry_hot,BuiltInFunction,max()
py_boolean_dry_hot,BuiltInFunction,float()
py_boolean_dry_hot,BuiltInFunction,set()
py_boolean_dry_hot,BuiltInFunction,open()
py_boolean_dry_hot,BuiltInFunction,range()
py_boolean_dry_hot,BuiltInFunction,tuple()
py_boolean_dry_hot,BuiltInFunction,abs()
py_boolean_dry_hot,BuiltInFunction,round()
py_boolean_dry_hot,BuiltInFunction,len()
py_boolean_dry_hot,BuiltInFunction,min()
py_boolean_dry_hot,BuiltInFunction,print()
py_boolean_dry_hot,BuiltInFunction,list()
py_boolean_dry_hot3,SubscriptExpression,IndexingExpression
py_boolean_dry_hot3,SubscriptExpression,SlicingExpression
py_boolean_dry_hot3,Call,FunctionCall
py_boolean_dry_hot3,ArithmeticExpression,BinaryOperation
py_boolean_dry_hot3,ArithmeticExpression,UnaryOperation
py_boolean_dry_hot3,LogicalExpression,ComparisonExpression
py_boolean_dry_hot3,LogicalExpression,BooleanExpression
py_boolean_dry_hot3,Literal,StringLiteral
py_boolean_dry_hot3,Literal,BooleanLiteral
py_boolean_dry_hot3,Literal,NoneLiteral
py_boolean_dry_hot3,NumericLiteral,FloatLiteral
py_boolean_dry_hot3,NumericLiteral,IntegerLiteral
py_boolean_dry_hot3,LiteralCollection,TupleLiteral
py_boolean_dry_hot3,LiteralCollection,SetLiteral
py_boolean_dry_hot3,LiteralCollection,ListLiteral
py_boolean_dry_hot3,LiteralCollection,DictLiteral
py_boolean_dry_hot3,Error,TypeError
py_boolean_dry_hot3,Error,OSError
py_boolean_dry_hot3,Error,IndexError
py_boolean_dry_hot3,Error,IOError
py_boolean_dry_hot3,Error,FileNotFoundError
py_boolean_dry_hot3,Error,ValueError
py_boolean_dry_hot3,Error,AssertionError
py_boolean_dry_hot3,StringMethod,split()
py_boolean_dry_hot3,StringMethod,lower()
py_boolean_dry_hot3,StringMethod,join()
py_boolean_dry_hot3,StringMethod,format()
py_boolean_dry_hot3,StringMethod,capitalize()
py_boolean_dry_hot3,StringMethod,rstrip()
py_boolean_dry_hot3,StringMethod,replace()
py_boolean_dry_hot3,DictionaryMethod,values()
py_boolean_dry_hot3,DictionaryMethod,keys()
py_boolean_dry_hot3,DictionaryMethod,items()
py_boolean_dry_hot3,DictionaryMethod,get()
py_boolean_dry_hot3,ClassMethod,__init()__
py_boolean_dry_hot3,ListMethod,reverse()
py_boolean_dry_hot3,ListMethod,insert()
py_boolean_dry_hot3,ListMethod,remove()
py_boolean_dry_hot3,ListMethod,append()
py_boolean_dry_hot3,ListMethod,pop()
py_boolean_dry_hot3,FileMethod,readline()
py_boolean_dry_hot3,FileMethod,close()
py_boolean_dry_hot3,FileMethod,read()
py_boolean_dry_hot3,Operator,=
py_boolean_dry_hot3,ComparisonOperator,LessOrEqual
py_boolean_dry_hot3,ComparisonOperator,Less
py_boolean_dry_hot3,ComparisonOperator,Larger
py_boolean_dry_hot3,ComparisonOperator,LargerOrEqual
py_boolean_dry_hot3,ComparisonOperator,==
py_boolean_dry_hot3,ComparisonOperator,NotEqual
py_file_input_stat,MembershipOperator,in
py_file_input_stat,LogicalOperator,and
py_file_input_stat,LogicalOperator,or
py_file_input_stat,LogicalOperator,not
py_file_input_stat,ArtithmeticOperator,//
py_file_input_stat,ArtithmeticOperator,-
py_file_input_stat,ArtithmeticOperator,+
py_file_input_stat,ArtithmeticOperator,/
py_file_input_stat,ArtithmeticOperator,**
py_file_input_stat,ArtithmeticOperator,Modulus
py_file_input_stat,ArtithmeticOperator,*
py_file_input_stat,Statement,ExpressionStatement
py_file_input_stat,ConditionalStatement,IfElifElseStatement
py_file_input_stat,ConditionalStatement,IfStatement
py_file_input_stat,ConditionalStatement,IfElseStatement
py_file_input_stat,ConditionalStatement,IfElifStatement
py_file_input_stat,ImportStatement,Import
py_file_input_stat,ImportStatement,ImportFrom
py_file_input_stat,JumpStatement,PassStatement
py_file_input_stat,JumpStatement,BreakStatement
py_file_input_stat,JumpStatement,ContinueStatement
py_file_input_stat,JumpStatement,ReturnStatement
py_file_input_stat,IterationStatement,ForStatement
py_file_input_stat,IterationStatement,WhileStatement
py_file_input_stat,ExceptionHandlingStatement,TryStatement
py_student_score,SubscriptExpression,IndexingExpression
py_student_score,SubscriptExpression,SlicingExpression
py_student_score,Call,FunctionCall
py_student_score,ArithmeticExpression,BinaryOperation
py_student_score,ArithmeticExpression,UnaryOperation
py_student_score,LogicalExpression,ComparisonExpression
py_student_score,LogicalExpression,BooleanExpression
py_student_score,Literal,StringLiteral
py_student_score,Literal,BooleanLiteral
py_student_score,Literal,NoneLiteral
py_student_score,NumericLiteral,FloatLiteral
py_student_score,NumericLiteral,IntegerLiteral
py_student_score,LiteralCollection,TupleLiteral
py_student_score,LiteralCollection,SetLiteral
py_student_score,LiteralCollection,ListLiteral
py_student_score,LiteralCollection,DictLiteral
py_student_score,Error,TypeError
py_student_score,Error,OSError
py_student_score,Error,IndexError
py_student_score,Error,IOError
py_student_score,Error,FileNotFoundError
py_student_score,Error,ValueError
py_student_score,Error,AssertionError
py_student_score,StringMethod,split()
py_student_score,StringMethod,lower()
bjects_classes_loan,StringMethod,join()
bjects_classes_loan,StringMethod,format()
bjects_classes_loan,StringMethod,capitalize()
bjects_classes_loan,StringMethod,rstrip()
bjects_classes_loan,StringMethod,replace()
bjects_classes_loan,DictionaryMethod,values()
bjects_classes_loan,DictionaryMethod,keys()
bjects_classes_loan,DictionaryMethod,items()
bjects_classes_loan,DictionaryMethod,get()
bjects_classes_loan,ClassMethod,__init()__
bjects_classes_loan,ListMethod,reverse()
bjects_classes_loan,ListMethod,insert()
bjects_classes_loan,ListMethod,remove()
bjects_classes_loan,ListMethod,append()
bjects_classes_loan,ListMethod,pop()
bjects_classes_loan,FileMethod,readline()
bjects_classes_loan,FileMethod,close()
bjects_classes_loan,FileMethod,read()
bjects_classes_loan,Operator,=
bjects_classes_loan,ComparisonOperator,LessOrEqual
bjects_classes_loan,ComparisonOperator,Less
bjects_classes_loan,ComparisonOperator,Larger
bjects_classes_loan,ComparisonOperator,LargerOrEqual
bjects_classes_loan,ComparisonOperator,==
bjects_classes_loan,ComparisonOperator,NotEqual
objects_classes_point,SubscriptExpression,IndexingExpression
objects_classes_point,SubscriptExpression,SlicingExpression
objects_classes_point,Call,FunctionCall
objects_classes_point,ArithmeticExpression,BinaryOperation
objects_classes_point,ArithmeticExpression,UnaryOperation
objects_classes_point,LogicalExpression,ComparisonExpression
objects_classes_point,LogicalExpression,BooleanExpression
objects_classes_point,Literal,StringLiteral
objects_classes_point,Literal,BooleanLiteral
objects_classes_point,Literal,NoneLiteral
objects_classes_point,NumericLiteral,FloatLiteral
objects_classes_point,NumericLiteral,IntegerLiteral
objects_classes_point,LiteralCollection,TupleLiteral
objects_classes_point,LiteralCollection,SetLiteral
objects_classes_point,LiteralCollection,ListLiteral
objects_classes_point,LiteralCollection,DictLiteral
objects_classes_point,Error,TypeError
objects_classes_point,Error,OSError
objects_classes_point,Error,IndexError
objects_classes_point,Error,IOError
objects_classes_point,Error,FileNotFoundError
objects_classes_point,Error,ValueError
objects_classes_point,Error,AssertionError
objects_classes_point,StringMethod,split()
objects_classes_point,StringMethod,lower()
py_point2,SubscriptExpression,IndexingExpression
py_point2,SubscriptExpression,SlicingExpression
py_point2,Call,FunctionCall
py_point2,ArithmeticExpression,BinaryOperation
py_point2,ArithmeticExpression,UnaryOperation
py_point2,LogicalExpression,ComparisonExpression
py_point2,LogicalExpression,BooleanExpression
py_point2,Literal,StringLiteral
py_point2,Literal,BooleanLiteral
py_point2,Literal,NoneLiteral
py_point2,NumericLiteral,FloatLiteral
py_point2,NumericLiteral,IntegerLiteral
py_point2,LiteralCollection,TupleLiteral
py_point2,LiteralCollection,SetLiteral
py_point2,LiteralCollection,ListLiteral
py_point2,LiteralCollection,DictLiteral
py_point2,Error,TypeError
py_point2,Error,OSError
py_point2,Error,IndexError
py_point2,Error,IOError
py_point2,Error,FileNotFoundError
py_point2,Error,ValueError
py_point2,Error,AssertionError
py_point2,StringMethod,split()
py_point2,StringMethod,lower()
py_account2,SubscriptExpression,IndexingExpression
py_account2,SubscriptExpression,SlicingExpression
py_account2,Call,FunctionCall
py_account2,ArithmeticExpression,BinaryOperation
py_account2,ArithmeticExpression,UnaryOperation
py_account2,LogicalExpression,ComparisonExpression
py_account2,LogicalExpression,BooleanExpression
py_account2,Literal,StringLiteral
py_account2,Literal,BooleanLiteral
py_account2,Literal,NoneLiteral
py_account2,NumericLiteral,FloatLiteral
py_account2,NumericLiteral,IntegerLiteral
py_account2,LiteralCollection,TupleLiteral
py_account2,LiteralCollection,SetLiteral
py_account2,LiteralCollection,ListLiteral
py_account2,LiteralCollection,DictLiteral
py_account2,Error,TypeError
py_account2,Error,OSError
py_account2,Error,IndexError
py_account2,Error,IOError
py_account2,Error,FileNotFoundError
py_account2,Error,ValueError
py_account2,Error,AssertionError
py_account2,StringMethod,split()
py_account2,StringMethod,lower()
ae_adl_simple_arithmetics,ExceptionHandlingStatement,RaiseStatement
ae_adl_simple_arithmetics,ExceptionHandlingStatement,AssertStatement
ae_adl_simple_arithmetics,AssignmentStatement,SimpleAssignmentStatement
ae_adl_simple_arithmetics,AssignmentStatement,AugmentedAssignmentStatement
ae_adl_simple_arithmetics,DefinitionStatement,FunctionDefinition
ae_adl_simple_arithmetics,DefinitionStatement,ClassDefinition
ae_adl_simple_arithmetics,BuiltInFunction,dict()
ae_adl_simple_arithmetics,BuiltInFunction,str()
ae_adl_simple_arithmetics,BuiltInFunction,next()
ae_adl_simple_arithmetics,BuiltInFunction,input()
ae_adl_simple_arithmetics,BuiltInFunction,int()
ae_adl_simple_arithmetics,BuiltInFunction,max()
ae_adl_simple_arithmetics,BuiltInFunction,float()
ae_adl_simple_arithmetics,BuiltInFunction,set()
ae_adl_simple_arithmetics,BuiltInFunction,open()
ae_adl_simple_arithmetics,BuiltInFunction,range()
ae_adl_simple_arithmetics,BuiltInFunction,tuple()
ae_adl_simple_arithmetics,BuiltInFunction,abs()
ae_adl_simple_arithmetics,BuiltInFunction,round()
ae_adl_simple_arithmetics,BuiltInFunction,len()
ae_adl_simple_arithmetics,BuiltInFunction,min()
ae_adl_simple_arithmetics,BuiltInFunction,print()
ae_adl_simple_arithmetics,BuiltInFunction,list()
ae_adl_swap,SubscriptExpression,IndexingExpression
ae_adl_swap,SubscriptExpression,SlicingExpression
ae_adl_swap,Call,FunctionCall
ae_adl_swap,ArithmeticExpression,BinaryOperation
ae_adl_swap,ArithmeticExpression,UnaryOperation
ae_adl_swap,LogicalExpression,ComparisonExpression
ae_adl_swap,LogicalExpression,BooleanExpression
ae_adl_swap,Literal,StringLiteral
ae_adl_swap,Literal,BooleanLiteral
ae_adl_swap,Literal,NoneLiteral
ae_adl_swap,NumericLiteral,FloatLiteral
ae_adl_swap,NumericLiteral,IntegerLiteral
ae_adl_swap,LiteralCollection,TupleLiteral
ae_adl_swap,LiteralCollection,SetLiteral
ae_adl_swap,LiteralCollection,ListLiteral
ae_adl_swap,LiteralCollection,DictLiteral
ae_adl_swap,Error,TypeError
ae_adl_swap,Error,OSError
ae_adl_swap,Error,IndexError
ae_adl_swap,Error,IOError
ae_adl_swap,Error,FileNotFoundError
ae_adl_swap,Error,ValueError
ae_adl_swap,Error,AssertionError
ae_adl_swap,StringMethod,split()
ae_adl_swap,StringMethod,lower()
ae_adl_swap,MembershipOperator,in
ae_adl_swap,LogicalOperator,and
ae_adl_swap,LogicalOperator,or
ae_adl_swap,LogicalOperator,not
ae_adl_swap,ArtithmeticOperator,//
ae_adl_swap,ArtithmeticOperator,-
ae_adl_swap,ArtithmeticOperator,+
ae_adl_swap,ArtithmeticOperator,/
ae_adl_swap,ArtithmeticOperator,**
ae_adl_swap,ArtithmeticOperator,Modulus
ae_adl_swap,ArtithmeticOperator,*
ae_adl_swap,Statement,ExpressionStatement
ae_adl_swap,ConditionalStatement,IfElifElseStatement
ae_adl_swap,ConditionalStatement,IfStatement
ae_adl_swap,ConditionalStatement,IfElseStatement
ae_adl_swap,ConditionalStatement,IfElifStatement
ae_adl_swap,ImportStatement,Import
ae_adl_swap,ImportStatement,ImportFrom
ae_adl_swap,JumpStatement,PassStatement
ae_adl_swap,JumpStatement,BreakStatement
ae_adl_swap,JumpStatement,ContinueStatement
ae_adl_swap,JumpStatement,ReturnStatement
ae_adl_swap,IterationStatement,ForStatement
ae_adl_swap,IterationStatement,WhileStatement
ae_adl_swap,ExceptionHandlingStatement,TryStatement
ae_adl_comparison,ComparisonOperator,LessOrEqual
ae_adl_comparison,ComparisonOperator,LargerOrEqual
ae_adl_comparison,ExceptionHandlingStatement,RaiseStatement
ae_adl_comparison,ExceptionHandlingStatement,AssertStatement
ae_adl_comparison,AssignmentStatement,SimpleAssignmentStatement
ae_adl_comparison,AssignmentStatement,AugmentedAssignmentStatement
ae_adl_comparison,DefinitionStatement,FunctionDefinition
ae_adl_comparison,DefinitionStatement,ClassDefinition
ae_adl_comparison,BuiltInFunction,dict()
ae_adl_comparison,BuiltInFunction,str()
ae_adl_comparison,BuiltInFunction,next()
ae_adl_comparison,BuiltInFunction,input()
ae_adl_comparison,BuiltInFunction,int()
ae_adl_comparison,BuiltInFunction,max()
ae_adl_comparison,BuiltInFunction,float()
ae_adl_comparison,BuiltInFunction,set()
ae_adl_comparison,BuiltInFunction,open()
ae_adl_comparison,BuiltInFunction,range()
ae_adl_comparison,BuiltInFunction,tuple()
ae_adl_comparison,BuiltInFunction,abs()
ae_adl_comparison,BuiltInFunction,round()
ae_adl_comparison,BuiltInFunction,len()
ae_adl_comparison,BuiltInFunction,min()
ae_adl_comparison,BuiltInFunction,print()
ae_adl_comparison,BuiltInFunction,list()
ae_adl_logic,ComparisonOperator,LessOrEqual
ae_adl_logic,ComparisonOperator,==
ae_adl_logic,ComparisonOperator,NotEqual
ae_adl_greet,MembershipOperator,in
ae_adl_greet,LogicalOperator,and
ae_adl_greet,LogicalOperator,or
ae_adl_greet,LogicalOperator,not
ae_adl_greet,ArtithmeticOperator,//
ae_adl_greet,ArtithmeticOperator,-
ae_adl_greet,ArtithmeticOperator,+
ae_adl_greet,ArtithmeticOperator,/
ae_adl_greet,ArtithmeticOperator,**
ae_adl_greet,ArtithmeticOperator,Modulus
ae_adl_greet,ArtithmeticOperator,*
ae_adl_greet,Statement,ExpressionStatement
ae_adl_greet,ConditionalStatement,IfElifElseStatement
ae_adl_greet,ConditionalStatement,IfStatement
ae_adl_greet,ConditionalStatement,IfElseStatement
ae_adl_greet,ConditionalStatement,IfElifStatement
ae_adl_greet,ImportStatement,Import
ae_adl_greet,ImportStatement,ImportFrom
ae_adl_greet,JumpStatement,PassStatement
ae_adl_greet,JumpStatement,BreakStatement
ae_adl_greet,JumpStatement,ContinueStatement
ae_adl_greet,JumpStatement,ReturnStatement
ae_adl_greet,IterationStatement,ForStatement
ae_adl_greet,IterationStatement,WhileStatement
ae_adl_greet,ExceptionHandlingStatement,TryStatement
ae_adl_greet,ExceptionHandlingStatement,RaiseStatement
ae_adl_greet,ExceptionHandlingStatement,AssertStatement
ae_adl_greet,AssignmentStatement,SimpleAssignmentStatement
ae_adl_greet,AssignmentStatement,AugmentedAssignmentStatement
ae_adl_greet,DefinitionStatement,FunctionDefinition
ae_adl_greet,DefinitionStatement,ClassDefinition
ae_adl_greet,BuiltInFunction,dict()
ae_adl_greet,BuiltInFunction,str()
ae_adl_greet,BuiltInFunction,next()
ae_adl_greet,BuiltInFunction,input()
ae_adl_greet,BuiltInFunction,int()
ae_adl_greet,BuiltInFunction,max()
ae_adl_greet,BuiltInFunction,float()
ae_adl_greet,BuiltInFunction,set()
ae_adl_greet,BuiltInFunction,open()
ae_adl_greet,BuiltInFunction,range()
ae_adl_greet,BuiltInFunction,tuple()
ae_adl_greet,BuiltInFunction,abs()
ae_adl_greet,BuiltInFunction,round()
ae_adl_greet,BuiltInFunction,len()
ae_adl_greet,BuiltInFunction,min()
ae_adl_greet,BuiltInFunction,print()
ae_adl_greet,BuiltInFunction,list()
ae_adl_input1,SubscriptExpression,IndexingExpression
ae_adl_input1,SubscriptExpression,SlicingExpression
ae_adl_input1,Call,FunctionCall
ae_adl_input1,ArithmeticExpression,BinaryOperation
ae_adl_input1,ArithmeticExpression,UnaryOperation
ae_adl_input1,LogicalExpression,ComparisonExpression
ae_adl_input1,LogicalExpression,BooleanExpression
ae_adl_input1,Literal,StringLiteral
ae_adl_input1,Literal,BooleanLiteral
ae_adl_input1,Literal,NoneLiteral
ae_adl_input1,NumericLiteral,FloatLiteral
ae_adl_input1,NumericLiteral,IntegerLiteral
ae_adl_input1,LiteralCollection,TupleLiteral
ae_adl_input1,LiteralCollection,SetLiteral
ae_adl_input1,LiteralCollection,ListLiteral
ae_adl_input1,LiteralCollection,DictLiteral
ae_adl_input1,Error,TypeError
ae_adl_input1,Error,OSError
ae_adl_input1,Error,IndexError
ae_adl_input1,Error,IOError
ae_adl_input1,Error,FileNotFoundError
ae_adl_input1,Error,ValueError
ae_adl_input1,Error,AssertionError
ae_adl_input1,StringMethod,split()
ae_adl_input1,StringMethod,lower()
ae_adl_input1,MembershipOperator,in
ae_adl_input1,LogicalOperator,and
ae_adl_input1,LogicalOperator,or
ae_adl_input1,LogicalOperator,not
ae_adl_input1,ArtithmeticOperator,//
ae_adl_input1,ArtithmeticOperator,-
ae_adl_input1,ArtithmeticOperator,+
ae_adl_input1,ArtithmeticOperator,/
ae_adl_input1,ArtithmeticOperator,**
ae_adl_input1,ArtithmeticOperator,Modulus
ae_adl_input1,ArtithmeticOperator,*
ae_adl_input1,Statement,ExpressionStatement
ae_adl_input1,ConditionalStatement,IfElifElseStatement
ae_adl_input1,ConditionalStatement,IfStatement
ae_adl_input1,ConditionalStatement,IfElseStatement
ae_adl_input1,ConditionalStatement,IfElifStatement
ae_adl_input1,ImportStatement,Import
ae_adl_input1,ImportStatement,ImportFrom
ae_adl_input1,JumpStatement,PassStatement
ae_adl_input1,JumpStatement,BreakStatement
ae_adl_input1,JumpStatement,ContinueStatement
ae_adl_input1,JumpStatement,ReturnStatement
ae_adl_input1,IterationStatement,ForStatement
ae_adl_input1,IterationStatement,WhileStatement
ae_adl_input1,ExceptionHandlingStatement,TryStatement
ae_adl_input1,ExceptionHandlingStatement,RaiseStatement
ae_adl_input1,ExceptionHandlingStatement,AssertStatement
ae_adl_input1,AssignmentStatement,SimpleAssignmentStatement
ae_adl_input1,AssignmentStatement,AugmentedAssignmentStatement
ae_adl_input1,DefinitionStatement,FunctionDefinition
ae_adl_input1,DefinitionStatement,ClassDefinition
ae_adl_input1,BuiltInFunction,dict()
ae_adl_input1,BuiltInFunction,str()
ae_adl_input1,BuiltInFunction,next()
ae_adl_input1,BuiltInFunction,input()
ae_adl_input1,BuiltInFunction,int()
ae_adl_input1,BuiltInFunction,max()
ae_adl_input1,BuiltInFunction,float()
ae_adl_input1,BuiltInFunction,set()
ae_adl_input1,BuiltInFunction,open()
ae_adl_input1,BuiltInFunction,range()
ae_adl_input1,BuiltInFunction,tuple()
ae_adl_input1,BuiltInFunction,abs()
ae_adl_input1,BuiltInFunction,round()
ae_adl_input1,BuiltInFunction,len()
ae_adl_input1,BuiltInFunction,min()
ae_adl_input1,BuiltInFunction,print()
ae_adl_input1,BuiltInFunction,list()
ae_adl_hiscore1,ExceptionHandlingStatement,RaiseStatement
ae_adl_hiscore1,ExceptionHandlingStatement,AssertStatement
ae_adl_hiscore1,AssignmentStatement,SimpleAssignmentStatement
ae_adl_hiscore1,AssignmentStatement,AugmentedAssignmentStatement
ae_adl_hiscore1,DefinitionStatement,FunctionDefinition
ae_adl_hiscore1,DefinitionStatement,ClassDefinition
ae_adl_hiscore1,BuiltInFunction,dict()
ae_adl_hiscore1,BuiltInFunction,str()
ae_adl_hiscore1,BuiltInFunction,next()
ae_adl_hiscore1,BuiltInFunction,input()
ae_adl_hiscore1,BuiltInFunction,int()
ae_adl_hiscore1,BuiltInFunction,max()
ae_adl_hiscore1,BuiltInFunction,float()
ae_adl_hiscore1,BuiltInFunction,set()
ae_adl_hiscore1,BuiltInFunction,open()
ae_adl_hiscore1,BuiltInFunction,range()
ae_adl_hiscore1,BuiltInFunction,tuple()
ae_adl_hiscore1,BuiltInFunction,abs()
ae_adl_hiscore1,BuiltInFunction,round()
ae_adl_hiscore1,BuiltInFunction,len()
ae_adl_hiscore1,BuiltInFunction,min()
ae_adl_hiscore1,BuiltInFunction,print()
ae_adl_hiscore1,BuiltInFunction,list()
ae_adl_hiscore2,MembershipOperator,in
ae_adl_hiscore2,LogicalOperator,and
ae_adl_hiscore2,LogicalOperator,or
ae_adl_hiscore2,LogicalOperator,not
ae_adl_hiscore2,ArtithmeticOperator,//
ae_adl_hiscore2,ArtithmeticOperator,-
ae_adl_hiscore2,ArtithmeticOperator,+
ae_adl_hiscore2,ArtithmeticOperator,/
ae_adl_hiscore2,ArtithmeticOperator,**
ae_adl_hiscore2,ArtithmeticOperator,Modulus
ae_adl_hiscore2,ArtithmeticOperator,*
ae_adl_hiscore2,Statement,ExpressionStatement
ae_adl_hiscore2,ConditionalStatement,IfElifElseStatement
ae_adl_hiscore2,ConditionalStatement,IfStatement
ae_adl_hiscore2,ConditionalStatement,IfElseStatement
ae_adl_hiscore2,ConditionalStatement,IfElifStatement
ae_adl_hiscore2,ImportStatement,Import
ae_adl_hiscore2,ImportStatement,ImportFrom
ae_adl_hiscore2,JumpStatement,PassStatement
ae_adl_hiscore2,JumpStatement,BreakStatement
ae_adl_hiscore2,JumpStatement,ContinueStatement
ae_adl_hiscore2,JumpStatement,ReturnStatement
ae_adl_hiscore2,IterationStatement,ForStatement
ae_adl_hiscore2,IterationStatement,WhileStatement
ae_adl_hiscore2,ExceptionHandlingStatement,TryStatement
ae_adl_nested_if,ComparisonOperator,LessOrEqual
ae_adl_nested_if,ComparisonOperator,Larger
ae_adl_nested_if,ComparisonOperator,==
ae_adl_nested_if,ComparisonOperator,NotEqual
ae_adl_nested_if,ExceptionHandlingStatement,RaiseStatement
ae_adl_nested_if,ExceptionHandlingStatement,AssertStatement
ae_adl_nested_if,AssignmentStatement,SimpleAssignmentStatement
ae_adl_nested_if,AssignmentStatement,AugmentedAssignmentStatement
ae_adl_nested_if,DefinitionStatement,FunctionDefinition
ae_adl_nested_if,DefinitionStatement,ClassDefinition
ae_adl_nested_if,BuiltInFunction,dict()
ae_adl_nested_if,BuiltInFunction,str()
ae_adl_nested_if,BuiltInFunction,next()
ae_adl_nested_if,BuiltInFunction,input()
ae_adl_nested_if,BuiltInFunction,int()
ae_adl_nested_if,BuiltInFunction,max()
ae_adl_nested_if,BuiltInFunction,float()
ae_adl_nested_if,BuiltInFunction,set()
ae_adl_nested_if,BuiltInFunction,open()
ae_adl_nested_if,BuiltInFunction,range()
ae_adl_nested_if,BuiltInFunction,tuple()
ae_adl_nested_if,BuiltInFunction,abs()
ae_adl_nested_if,BuiltInFunction,round()
ae_adl_nested_if,BuiltInFunction,len()
ae_adl_nested_if,BuiltInFunction,min()
ae_adl_nested_if,BuiltInFunction,print()
ae_adl_nested_if,BuiltInFunction,list()
ae_adl_while,MembershipOperator,in
ae_adl_while,LogicalOperator,and
ae_adl_while,LogicalOperator,or
ae_adl_while,LogicalOperator,not
ae_adl_while,ArtithmeticOperator,//
ae_adl_while,ArtithmeticOperator,-
ae_adl_while,ArtithmeticOperator,+
ae_adl_while,ArtithmeticOperator,/
ae_adl_while,ArtithmeticOperator,**
ae_adl_while,ArtithmeticOperator,Modulus
ae_adl_while,ArtithmeticOperator,*
ae_adl_while,Statement,ExpressionStatement
ae_adl_while,ConditionalStatement,IfElifElseStatement
ae_adl_while,ConditionalStatement,IfStatement
ae_adl_while,ConditionalStatement,IfElseStatement
ae_adl_while,ConditionalStatement,IfElifStatement
ae_adl_while,ImportStatement,Import
ae_adl_while,ImportStatement,ImportFrom
ae_adl_while,JumpStatement,PassStatement
ae_adl_while,JumpStatement,BreakStatement
ae_adl_while,JumpStatement,ContinueStatement
ae_adl_while,JumpStatement,ReturnStatement
ae_adl_while,IterationStatement,ForStatement
ae_adl_while,IterationStatement,WhileStatement
ae_adl_while,ExceptionHandlingStatement,TryStatement
ae_adl_for,ExceptionHandlingStatement,RaiseStatement
ae_adl_for,ExceptionHandlingStatement,AssertStatement
ae_adl_for,AssignmentStatement,SimpleAssignmentStatement
ae_adl_for,AssignmentStatement,AugmentedAssignmentStatement
ae_adl_for,DefinitionStatement,FunctionDefinition
ae_adl_for,DefinitionStatement,ClassDefinition
ae_adl_for,BuiltInFunction,dict()
ae_adl_for,BuiltInFunction,str()
ae_adl_for,BuiltInFunction,next()
ae_adl_for,BuiltInFunction,input()
ae_adl_for,BuiltInFunction,int()
ae_adl_for,BuiltInFunction,max()
ae_adl_for,BuiltInFunction,float()
ae_adl_for,BuiltInFunction,set()
ae_adl_for,BuiltInFunction,open()
ae_adl_for,BuiltInFunction,range()
ae_adl_for,BuiltInFunction,tuple()
ae_adl_for,BuiltInFunction,abs()
ae_adl_for,BuiltInFunction,round()
ae_adl_for,BuiltInFunction,len()
ae_adl_for,BuiltInFunction,min()
ae_adl_for,BuiltInFunction,print()
ae_adl_for,BuiltInFunction,list()
ae_adl_strings,MembershipOperator,in
ae_adl_strings,LogicalOperator,and
ae_adl_strings,LogicalOperator,or
ae_adl_strings,LogicalOperator,not
ae_adl_strings,ArtithmeticOperator,//
ae_adl_strings,ArtithmeticOperator,-
ae_adl_strings,ArtithmeticOperator,+
ae_adl_strings,ArtithmeticOperator,/
ae_adl_strings,ArtithmeticOperator,**
ae_adl_strings,ArtithmeticOperator,Modulus
ae_adl_strings,ArtithmeticOperator,*
ae_adl_strings,Statement,ExpressionStatement
ae_adl_strings,ConditionalStatement,IfElifElseStatement
ae_adl_strings,ConditionalStatement,IfStatement
ae_adl_strings,ConditionalStatement,IfElseStatement
ae_adl_strings,ConditionalStatement,IfElifStatement
ae_adl_strings,ImportStatement,Import
ae_adl_strings,ImportStatement,ImportFrom
ae_adl_strings,JumpStatement,PassStatement
ae_adl_strings,JumpStatement,BreakStatement
ae_adl_strings,JumpStatement,ContinueStatement
ae_adl_strings,JumpStatement,ReturnStatement
ae_adl_strings,IterationStatement,ForStatement
ae_adl_strings,IterationStatement,WhileStatement
ae_adl_strings,ExceptionHandlingStatement,TryStatement
ae_adl_lists1,SubscriptExpression,IndexingExpression
ae_adl_lists1,SubscriptExpression,SlicingExpression
ae_adl_lists1,Call,FunctionCall
ae_adl_lists1,ArithmeticExpression,BinaryOperation
ae_adl_lists1,ArithmeticExpression,UnaryOperation
ae_adl_lists1,LogicalExpression,ComparisonExpression
ae_adl_lists1,LogicalExpression,BooleanExpression
ae_adl_lists1,Literal,StringLiteral
ae_adl_lists1,Literal,BooleanLiteral
ae_adl_lists1,Literal,NoneLiteral
ae_adl_lists1,NumericLiteral,FloatLiteral
ae_adl_lists1,NumericLiteral,IntegerLiteral
ae_adl_lists1,LiteralCollection,TupleLiteral
ae_adl_lists1,LiteralCollection,SetLiteral
ae_adl_lists1,LiteralCollection,ListLiteral
ae_adl_lists1,LiteralCollection,DictLiteral
ae_adl_lists1,Error,TypeError
ae_adl_lists1,Error,OSError
ae_adl_lists1,Error,IndexError
ae_adl_lists1,Error,IOError
ae_adl_lists1,Error,FileNotFoundError
ae_adl_lists1,Error,ValueError
ae_adl_lists1,Error,AssertionError
ae_adl_lists1,StringMethod,split()
ae_adl_lists1,StringMethod,lower()
ae_adl_lists1,MembershipOperator,in
ae_adl_lists1,LogicalOperator,and
ae_adl_lists1,LogicalOperator,or
ae_adl_lists1,LogicalOperator,not
ae_adl_lists1,ArtithmeticOperator,//
ae_adl_lists1,ArtithmeticOperator,-
ae_adl_lists1,ArtithmeticOperator,+
ae_adl_lists1,ArtithmeticOperator,/
ae_adl_lists1,ArtithmeticOperator,**
ae_adl_lists1,ArtithmeticOperator,Modulus
ae_adl_lists1,ArtithmeticOperator,*
ae_adl_lists1,Statement,ExpressionStatement
ae_adl_lists1,ConditionalStatement,IfElifElseStatement
ae_adl_lists1,ConditionalStatement,IfStatement
ae_adl_lists1,ConditionalStatement,IfElseStatement
ae_adl_lists1,ConditionalStatement,IfElifStatement
ae_adl_lists1,ImportStatement,Import
ae_adl_lists1,ImportStatement,ImportFrom
ae_adl_lists1,JumpStatement,PassStatement
ae_adl_lists1,JumpStatement,BreakStatement
ae_adl_lists1,JumpStatement,ContinueStatement
ae_adl_lists1,JumpStatement,ReturnStatement
ae_adl_lists1,IterationStatement,ForStatement
ae_adl_lists1,IterationStatement,WhileStatement
ae_adl_lists1,ExceptionHandlingStatement,TryStatement
ae_adl_lists2,SubscriptExpression,IndexingExpression
ae_adl_lists2,SubscriptExpression,SlicingExpression
ae_adl_lists2,Call,FunctionCall
ae_adl_lists2,ArithmeticExpression,BinaryOperation
ae_adl_lists2,ArithmeticExpression,UnaryOperation
ae_adl_lists2,LogicalExpression,ComparisonExpression
ae_adl_lists2,LogicalExpression,BooleanExpression
ae_adl_lists2,Literal,StringLiteral
ae_adl_lists2,Literal,BooleanLiteral
ae_adl_lists2,Literal,NoneLiteral
ae_adl_lists2,NumericLiteral,FloatLiteral
ae_adl_lists2,NumericLiteral,IntegerLiteral
ae_adl_lists2,LiteralCollection,TupleLiteral
ae_adl_lists2,LiteralCollection,SetLiteral
ae_adl_lists2,LiteralCollection,ListLiteral
ae_adl_lists2,LiteralCollection,DictLiteral
ae_adl_lists2,Error,TypeError
ae_adl_lists2,Error,OSError
ae_adl_lists2,Error,IndexError
ae_adl_lists2,Error,IOError
ae_adl_lists2,Error,FileNotFoundError
ae_adl_lists2,Error,ValueError
ae_adl_lists2,Error,AssertionError
ae_adl_lists2,StringMethod,split()
ae_adl_lists2,StringMethod,lower()
ae_adl_lists3,MembershipOperator,in
ae_adl_lists3,LogicalOperator,and
ae_adl_lists3,LogicalOperator,or
ae_adl_lists3,LogicalOperator,not
ae_adl_lists3,ArtithmeticOperator,//
ae_adl_lists3,ArtithmeticOperator,-
ae_adl_lists3,ArtithmeticOperator,+
ae_adl_lists3,ArtithmeticOperator,/
ae_adl_lists3,ArtithmeticOperator,**
ae_adl_lists3,ArtithmeticOperator,Modulus
ae_adl_lists3,ArtithmeticOperator,*
ae_adl_lists3,Statement,ExpressionStatement
ae_adl_lists3,ConditionalStatement,IfElifElseStatement
ae_adl_lists3,ConditionalStatement,IfStatement
ae_adl_lists3,ConditionalStatement,IfElseStatement
ae_adl_lists3,ConditionalStatement,IfElifStatement
ae_adl_lists3,ImportStatement,Import
ae_adl_lists3,ImportStatement,ImportFrom
ae_adl_lists3,JumpStatement,PassStatement
ae_adl_lists3,JumpStatement,BreakStatement
ae_adl_lists3,JumpStatement,ContinueStatement
ae_adl_lists3,JumpStatement,ReturnStatement
ae_adl_lists3,IterationStatement,ForStatement
ae_adl_lists3,IterationStatement,WhileStatement
ae_adl_lists3,ExceptionHandlingStatement,TryStatement
ae_adl_format1,MembershipOperator,in
ae_adl_format1,LogicalOperator,and
ae_adl_format1,LogicalOperator,or
ae_adl_format1,LogicalOperator,not
ae_adl_format1,ArtithmeticOperator,//
ae_adl_format1,ArtithmeticOperator,-
ae_adl_format1,ArtithmeticOperator,+
ae_adl_format1,ArtithmeticOperator,/
ae_adl_format1,ArtithmeticOperator,**
ae_adl_format1,ArtithmeticOperator,Modulus
ae_adl_format1,ArtithmeticOperator,*
ae_adl_format1,Statement,ExpressionStatement
ae_adl_format1,ConditionalStatement,IfElifElseStatement
ae_adl_format1,ConditionalStatement,IfStatement
ae_adl_format1,ConditionalStatement,IfElseStatement
ae_adl_format1,ConditionalStatement,IfElifStatement
ae_adl_format1,ImportStatement,Import
ae_adl_format1,ImportStatement,ImportFrom
ae_adl_format1,JumpStatement,PassStatement
ae_adl_format1,JumpStatement,BreakStatement
ae_adl_format1,JumpStatement,ContinueStatement
ae_adl_format1,JumpStatement,ReturnStatement
ae_adl_format1,IterationStatement,ForStatement
ae_adl_format1,IterationStatement,WhileStatement
ae_adl_format1,ExceptionHandlingStatement,TryStatement
ae_adl_format2,MembershipOperator,in
ae_adl_format2,LogicalOperator,and
ae_adl_format2,LogicalOperator,or
ae_adl_format2,LogicalOperator,not
ae_adl_format2,ArtithmeticOperator,//
ae_adl_format2,ArtithmeticOperator,-
ae_adl_format2,ArtithmeticOperator,+
ae_adl_format2,ArtithmeticOperator,/
ae_adl_format2,ArtithmeticOperator,**
ae_adl_format2,ArtithmeticOperator,Modulus
ae_adl_format2,ArtithmeticOperator,*
ae_adl_format2,Statement,ExpressionStatement
ae_adl_format2,ConditionalStatement,IfElifElseStatement
ae_adl_format2,ConditionalStatement,IfStatement
ae_adl_format2,ConditionalStatement,IfElseStatement
ae_adl_format2,ConditionalStatement,IfElifStatement
ae_adl_format2,ImportStatement,Import
ae_adl_format2,ImportStatement,ImportFrom
ae_adl_format2,JumpStatement,PassStatement
ae_adl_format2,JumpStatement,BreakStatement
ae_adl_format2,JumpStatement,ContinueStatement
ae_adl_format2,JumpStatement,ReturnStatement
ae_adl_format2,IterationStatement,ForStatement
ae_adl_format2,IterationStatement,WhileStatement
ae_adl_format2,ExceptionHandlingStatement,TryStatement
ae_adl_format2,ExceptionHandlingStatement,RaiseStatement
ae_adl_format2,ExceptionHandlingStatement,AssertStatement
ae_adl_format2,AssignmentStatement,SimpleAssignmentStatement
ae_adl_format2,AssignmentStatement,AugmentedAssignmentStatement
ae_adl_format2,DefinitionStatement,FunctionDefinition
ae_adl_format2,DefinitionStatement,ClassDefinition
ae_adl_format2,BuiltInFunction,dict()
ae_adl_format2,BuiltInFunction,str()
ae_adl_format2,BuiltInFunction,next()
ae_adl_format2,BuiltInFunction,input()
ae_adl_format2,BuiltInFunction,int()
ae_adl_format2,BuiltInFunction,max()
ae_adl_format2,BuiltInFunction,float()
ae_adl_format2,BuiltInFunction,set()
ae_adl_format2,BuiltInFunction,open()
ae_adl_format2,BuiltInFunction,range()
ae_adl_format2,BuiltInFunction,tuple()
ae_adl_format2,BuiltInFunction,abs()
ae_adl_format2,BuiltInFunction,round()
ae_adl_format2,BuiltInFunction,len()
ae_adl_format2,BuiltInFunction,min()
ae_adl_format2,BuiltInFunction,print()
ae_adl_format2,BuiltInFunction,list()
ae_adl_functions2,StringMethod,join()
ae_adl_functions2,StringMethod,format()
ae_adl_functions2,StringMethod,capitalize()
ae_adl_functions2,StringMethod,rstrip()
ae_adl_functions2,StringMethod,replace()
ae_adl_functions2,DictionaryMethod,values()
ae_adl_functions2,DictionaryMethod,keys()
ae_adl_functions2,DictionaryMethod,items()
ae_adl_functions2,DictionaryMethod,get()
ae_adl_functions2,ClassMethod,__init()__
ae_adl_functions2,ListMethod,reverse()
ae_adl_functions2,ListMethod,insert()
ae_adl_functions2,ListMethod,remove()
ae_adl_functions2,ListMethod,append()
ae_adl_functions2,ListMethod,pop()
ae_adl_functions2,FileMethod,readline()
ae_adl_functions2,FileMethod,close()
ae_adl_functions2,FileMethod,read()
ae_adl_functions2,Operator,=
ae_adl_functions2,ComparisonOperator,LessOrEqual
ae_adl_functions2,ComparisonOperator,Less
ae_adl_functions2,ComparisonOperator,Larger
ae_adl_functions2,ComparisonOperator,LargerOrEqual
ae_adl_functions2,ComparisonOperator,==
ae_adl_functions2,ComparisonOperator,NotEqual
ae_adl_functions2,ExceptionHandlingStatement,RaiseStatement
ae_adl_functions2,ExceptionHandlingStatement,AssertStatement
ae_adl_functions2,AssignmentStatement,SimpleAssignmentStatement
ae_adl_functions2,AssignmentStatement,AugmentedAssignmentStatement
ae_adl_functions2,DefinitionStatement,FunctionDefinition
ae_adl_functions2,DefinitionStatement,ClassDefinition
ae_adl_functions2,BuiltInFunction,dict()
ae_adl_functions2,BuiltInFunction,str()
ae_adl_functions2,BuiltInFunction,next()
ae_adl_functions2,BuiltInFunction,input()
ae_adl_functions2,BuiltInFunction,int()
ae_adl_functions2,BuiltInFunction,max()
ae_adl_functions2,BuiltInFunction,float()
ae_adl_functions2,BuiltInFunction,set()
ae_adl_functions2,BuiltInFunction,open()
ae_adl_functions2,BuiltInFunction,range()
ae_adl_functions2,BuiltInFunction,tuple()
ae_adl_functions2,BuiltInFunction,abs()
ae_adl_functions2,BuiltInFunction,round()
ae_adl_functions2,BuiltInFunction,len()
ae_adl_functions2,BuiltInFunction,min()
ae_adl_functions2,BuiltInFunction,print()
ae_adl_functions2,BuiltInFunction,list()
ae_adl_functions3,ArtithmeticOperator,//
ae_adl_functions3,ArtithmeticOperator,/
ae_adl_functions3,ArtithmeticOperator,**
ae_adl_functions3,ArtithmeticOperator,Modulus
ae_adl_dict2,MembershipOperator,in
ae_adl_dict2,LogicalOperator,and
ae_adl_dict2,LogicalOperator,or
ae_adl_dict2,LogicalOperator,not
ae_adl_dict2,ArtithmeticOperator,//
ae_adl_dict2,ArtithmeticOperator,-
ae_adl_dict2,ArtithmeticOperator,+
ae_adl_dict2,ArtithmeticOperator,/
ae_adl_dict2,ArtithmeticOperator,**
ae_adl_dict2,ArtithmeticOperator,Modulus
ae_adl_dict2,ArtithmeticOperator,*
ae_adl_dict2,Statement,ExpressionStatement
ae_adl_dict2,ConditionalStatement,IfElifElseStatement
ae_adl_dict2,ConditionalStatement,IfStatement
ae_adl_dict2,ConditionalStatement,IfElseStatement
ae_adl_dict2,ConditionalStatement,IfElifStatement
ae_adl_dict2,ImportStatement,Import
ae_adl_dict2,ImportStatement,ImportFrom
ae_adl_dict2,JumpStatement,PassStatement
ae_adl_dict2,JumpStatement,BreakStatement
ae_adl_dict2,JumpStatement,ContinueStatement
ae_adl_dict2,JumpStatement,ReturnStatement
ae_adl_dict2,IterationStatement,ForStatement
ae_adl_dict2,IterationStatement,WhileStatement
ae_adl_dict2,ExceptionHandlingStatement,TryStatement
ae_adl_objects1,StringMethod,join()
ae_adl_objects1,StringMethod,format()
ae_adl_objects1,StringMethod,capitalize()
ae_adl_objects1,StringMethod,rstrip()
ae_adl_objects1,StringMethod,replace()
ae_adl_objects1,DictionaryMethod,values()
ae_adl_objects1,DictionaryMethod,keys()
ae_adl_objects1,DictionaryMethod,items()
ae_adl_objects1,DictionaryMethod,get()
ae_adl_objects1,ClassMethod,__init()__
ae_adl_objects1,ListMethod,reverse()
ae_adl_objects1,ListMethod,insert()
ae_adl_objects1,ListMethod,remove()
ae_adl_objects1,ListMethod,append()
ae_adl_objects1,ListMethod,pop()
ae_adl_objects1,FileMethod,readline()
ae_adl_objects1,FileMethod,close()
ae_adl_objects1,FileMethod,read()
ae_adl_objects1,Operator,=
ae_adl_objects1,ComparisonOperator,LessOrEqual
ae_adl_objects1,ComparisonOperator,Less
ae_adl_objects1,ComparisonOperator,Larger
ae_adl_objects1,ComparisonOperator,LargerOrEqual
ae_adl_objects1,ComparisonOperator,==
ae_adl_objects1,ComparisonOperator,NotEqual
ae_adl_objects1,MembershipOperator,in
ae_adl_objects1,LogicalOperator,and
ae_adl_objects1,LogicalOperator,or
ae_adl_objects1,LogicalOperator,not
ae_adl_objects1,ArtithmeticOperator,//
ae_adl_objects1,ArtithmeticOperator,-
ae_adl_objects1,ArtithmeticOperator,+
ae_adl_objects1,ArtithmeticOperator,/
ae_adl_objects1,ArtithmeticOperator,**
ae_adl_objects1,ArtithmeticOperator,Modulus
ae_adl_objects1,ArtithmeticOperator,*
ae_adl_objects1,Statement,ExpressionStatement
ae_adl_objects1,ConditionalStatement,IfElifElseStatement
ae_adl_objects1,ConditionalStatement,IfStatement
ae_adl_objects1,ConditionalStatement,IfElseStatement
ae_adl_objects1,ConditionalStatement,IfElifStatement
ae_adl_objects1,ImportStatement,Import
ae_adl_objects1,ImportStatement,ImportFrom
ae_adl_objects1,JumpStatement,PassStatement
ae_adl_objects1,JumpStatement,BreakStatement
ae_adl_objects1,JumpStatement,ContinueStatement
ae_adl_objects1,JumpStatement,ReturnStatement
ae_adl_objects1,IterationStatement,ForStatement
ae_adl_objects1,IterationStatement,WhileStatement
ae_adl_objects1,ExceptionHandlingStatement,TryStatement
ae_adl_objects2,SubscriptExpression,IndexingExpression
ae_adl_objects2,SubscriptExpression,SlicingExpression
ae_adl_objects2,Call,FunctionCall
ae_adl_objects2,ArithmeticExpression,BinaryOperation
ae_adl_objects2,ArithmeticExpression,UnaryOperation
ae_adl_objects2,LogicalExpression,ComparisonExpression
ae_adl_objects2,LogicalExpression,BooleanExpression
ae_adl_objects2,Literal,StringLiteral
ae_adl_objects2,Literal,BooleanLiteral
ae_adl_objects2,Literal,NoneLiteral
ae_adl_objects2,NumericLiteral,FloatLiteral
ae_adl_objects2,NumericLiteral,IntegerLiteral
ae_adl_objects2,LiteralCollection,TupleLiteral
ae_adl_objects2,LiteralCollection,SetLiteral
ae_adl_objects2,LiteralCollection,ListLiteral
ae_adl_objects2,LiteralCollection,DictLiteral
ae_adl_objects2,Error,TypeError
ae_adl_objects2,Error,OSError
ae_adl_objects2,Error,IndexError
ae_adl_objects2,Error,IOError
ae_adl_objects2,Error,FileNotFoundError
ae_adl_objects2,Error,ValueError
ae_adl_objects2,Error,AssertionError
ae_adl_objects2,StringMethod,split()
ae_adl_objects2,StringMethod,lower()
py_concat_str_num,SubscriptExpression,IndexingExpression
py_concat_str_num,SubscriptExpression,SlicingExpression
py_concat_str_num,Call,FunctionCall
py_concat_str_num,ArithmeticExpression,BinaryOperation
py_concat_str_num,ArithmeticExpression,UnaryOperation
py_concat_str_num,LogicalExpression,ComparisonExpression
py_concat_str_num,LogicalExpression,BooleanExpression
py_concat_str_num,Literal,StringLiteral
py_concat_str_num,Literal,BooleanLiteral
py_concat_str_num,Literal,NoneLiteral
py_concat_str_num,NumericLiteral,FloatLiteral
py_concat_str_num,NumericLiteral,IntegerLiteral
py_concat_str_num,LiteralCollection,TupleLiteral
py_concat_str_num,LiteralCollection,SetLiteral
py_concat_str_num,LiteralCollection,ListLiteral
py_concat_str_num,LiteralCollection,DictLiteral
py_concat_str_num,Error,TypeError
py_concat_str_num,Error,OSError
py_concat_str_num,Error,IndexError
py_concat_str_num,Error,IOError
py_concat_str_num,Error,FileNotFoundError
py_concat_str_num,Error,ValueError
py_concat_str_num,Error,AssertionError
py_concat_str_num,StringMethod,split()
py_concat_str_num,StringMethod,lower()
py_concat_str_num2,MembershipOperator,in
py_concat_str_num2,LogicalOperator,and
py_concat_str_num2,LogicalOperator,or
py_concat_str_num2,LogicalOperator,not
py_concat_str_num2,ArtithmeticOperator,//
py_concat_str_num2,ArtithmeticOperator,-
py_concat_str_num2,ArtithmeticOperator,+
py_concat_str_num2,ArtithmeticOperator,/
py_concat_str_num2,ArtithmeticOperator,**
py_concat_str_num2,ArtithmeticOperator,Modulus
py_concat_str_num2,ArtithmeticOperator,*
py_concat_str_num2,Statement,ExpressionStatement
py_concat_str_num2,ConditionalStatement,IfElifElseStatement
py_concat_str_num2,ConditionalStatement,IfStatement
py_concat_str_num2,ConditionalStatement,IfElseStatement
py_concat_str_num2,ConditionalStatement,IfElifStatement
py_concat_str_num2,ImportStatement,Import
py_concat_str_num2,ImportStatement,ImportFrom
py_concat_str_num2,JumpStatement,PassStatement
py_concat_str_num2,JumpStatement,BreakStatement
py_concat_str_num2,JumpStatement,ContinueStatement
py_concat_str_num2,JumpStatement,ReturnStatement
py_concat_str_num2,IterationStatement,ForStatement
py_concat_str_num2,IterationStatement,WhileStatement
py_concat_str_num2,ExceptionHandlingStatement,TryStatement
py_concat_string_num3,StringMethod,join()
py_concat_string_num3,StringMethod,format()
py_concat_string_num3,StringMethod,capitalize()
py_concat_string_num3,StringMethod,rstrip()
py_concat_string_num3,StringMethod,replace()
py_concat_string_num3,DictionaryMethod,values()
py_concat_string_num3,DictionaryMethod,keys()
py_concat_string_num3,DictionaryMethod,items()
py_concat_string_num3,DictionaryMethod,get()
py_concat_string_num3,ClassMethod,__init()__
py_concat_string_num3,ListMethod,reverse()
py_concat_string_num3,ListMethod,insert()
py_concat_string_num3,ListMethod,remove()
py_concat_string_num3,ListMethod,append()
py_concat_string_num3,ListMethod,pop()
py_concat_string_num3,FileMethod,readline()
py_concat_string_num3,FileMethod,close()
py_concat_string_num3,FileMethod,read()
py_concat_string_num3,Operator,=
py_concat_string_num3,ComparisonOperator,LessOrEqual
py_concat_string_num3,ComparisonOperator,Less
py_concat_string_num3,ComparisonOperator,Larger
py_concat_string_num3,ComparisonOperator,LargerOrEqual
py_concat_string_num3,ComparisonOperator,==
py_concat_string_num3,ComparisonOperator,NotEqual
py_time_conversion,StringMethod,join()
py_time_conversion,StringMethod,format()
py_time_conversion,StringMethod,capitalize()
py_time_conversion,StringMethod,rstrip()
py_time_conversion,StringMethod,replace()
py_time_conversion,DictionaryMethod,values()
py_time_conversion,DictionaryMethod,keys()
py_time_conversion,DictionaryMethod,items()
py_time_conversion,DictionaryMethod,get()
py_time_conversion,ClassMethod,__init()__
py_time_conversion,ListMethod,reverse()
py_time_conversion,ListMethod,insert()
py_time_conversion,ListMethod,remove()
py_time_conversion,ListMethod,append()
py_time_conversion,ListMethod,pop()
py_time_conversion,FileMethod,readline()
py_time_conversion,FileMethod,close()
py_time_conversion,FileMethod,read()
py_time_conversion,Operator,=
py_time_conversion,ComparisonOperator,LessOrEqual
py_time_conversion,ComparisonOperator,Less
py_time_conversion,ComparisonOperator,Larger
py_time_conversion,ComparisonOperator,LargerOrEqual
py_time_conversion,ComparisonOperator,==
py_time_conversion,ComparisonOperator,NotEqual
py_display_time2,SubscriptExpression,IndexingExpression
py_display_time2,SubscriptExpression,SlicingExpression
py_display_time2,Call,FunctionCall
py_display_time2,ArithmeticExpression,BinaryOperation
py_display_time2,ArithmeticExpression,UnaryOperation
py_display_time2,LogicalExpression,ComparisonExpression
py_display_time2,LogicalExpression,BooleanExpression
py_display_time2,Literal,StringLiteral
py_display_time2,Literal,BooleanLiteral
py_display_time2,Literal,NoneLiteral
py_display_time2,NumericLiteral,FloatLiteral
py_display_time2,NumericLiteral,IntegerLiteral
py_display_time2,LiteralCollection,TupleLiteral
py_display_time2,LiteralCollection,SetLiteral
py_display_time2,LiteralCollection,ListLiteral
py_display_time2,LiteralCollection,DictLiteral
py_display_time2,Error,TypeError
py_display_time2,Error,OSError
py_display_time2,Error,IndexError
py_display_time2,Error,IOError
py_display_time2,Error,FileNotFoundError
py_display_time2,Error,ValueError
py_display_time2,Error,AssertionError
py_display_time2,StringMethod,split()
py_display_time2,StringMethod,lower()
py_bmi_calculator,StringMethod,join()
py_bmi_calculator,StringMethod,format()
py_bmi_calculator,StringMethod,capitalize()
py_bmi_calculator,StringMethod,rstrip()
py_bmi_calculator,StringMethod,replace()
py_bmi_calculator,DictionaryMethod,values()
py_bmi_calculator,DictionaryMethod,keys()
py_bmi_calculator,DictionaryMethod,items()
py_bmi_calculator,DictionaryMethod,get()
py_bmi_calculator,ClassMethod,__init()__
py_bmi_calculator,ListMethod,reverse()
py_bmi_calculator,ListMethod,insert()
py_bmi_calculator,ListMethod,remove()
py_bmi_calculator,ListMethod,append()
py_bmi_calculator,ListMethod,pop()
py_bmi_calculator,FileMethod,readline()
py_bmi_calculator,FileMethod,close()
py_bmi_calculator,FileMethod,read()
py_bmi_calculator,Operator,=
py_bmi_calculator,ComparisonOperator,LessOrEqual
py_bmi_calculator,ComparisonOperator,Less
py_bmi_calculator,ComparisonOperator,Larger
py_bmi_calculator,ComparisonOperator,LargerOrEqual
py_bmi_calculator,ComparisonOperator,==
py_bmi_calculator,ComparisonOperator,NotEqual
py_bmi_calculator,MembershipOperator,in
py_bmi_calculator,LogicalOperator,and
py_bmi_calculator,LogicalOperator,or
py_bmi_calculator,LogicalOperator,not
py_bmi_calculator,ArtithmeticOperator,//
py_bmi_calculator,ArtithmeticOperator,-
py_bmi_calculator,ArtithmeticOperator,+
py_bmi_calculator,ArtithmeticOperator,/
py_bmi_calculator,ArtithmeticOperator,**
py_bmi_calculator,ArtithmeticOperator,Modulus
py_bmi_calculator,ArtithmeticOperator,*
py_bmi_calculator,Statement,ExpressionStatement
py_bmi_calculator,ConditionalStatement,IfElifElseStatement
py_bmi_calculator,ConditionalStatement,IfStatement
py_bmi_calculator,ConditionalStatement,IfElseStatement
py_bmi_calculator,ConditionalStatement,IfElifStatement
py_bmi_calculator,ImportStatement,Import
py_bmi_calculator,ImportStatement,ImportFrom
py_bmi_calculator,JumpStatement,PassStatement
py_bmi_calculator,JumpStatement,BreakStatement
py_bmi_calculator,JumpStatement,ContinueStatement
py_bmi_calculator,JumpStatement,ReturnStatement
py_bmi_calculator,IterationStatement,ForStatement
py_bmi_calculator,IterationStatement,WhileStatement
py_bmi_calculator,ExceptionHandlingStatement,TryStatement
py_pythagorean_theorem,MembershipOperator,in
py_pythagorean_theorem,LogicalOperator,and
py_pythagorean_theorem,LogicalOperator,or
py_pythagorean_theorem,LogicalOperator,not
py_pythagorean_theorem,ArtithmeticOperator,//
py_pythagorean_theorem,ArtithmeticOperator,-
py_pythagorean_theorem,ArtithmeticOperator,+
py_pythagorean_theorem,ArtithmeticOperator,/
py_pythagorean_theorem,ArtithmeticOperator,**
py_pythagorean_theorem,ArtithmeticOperator,Modulus
py_pythagorean_theorem,ArtithmeticOperator,*
py_pythagorean_theorem,Statement,ExpressionStatement
py_pythagorean_theorem,ConditionalStatement,IfElifElseStatement
py_pythagorean_theorem,ConditionalStatement,IfStatement
py_pythagorean_theorem,ConditionalStatement,IfElseStatement
py_pythagorean_theorem,ConditionalStatement,IfElifStatement
py_pythagorean_theorem,ImportStatement,Import
py_pythagorean_theorem,ImportStatement,ImportFrom
py_pythagorean_theorem,JumpStatement,PassStatement
py_pythagorean_theorem,JumpStatement,BreakStatement
py_pythagorean_theorem,JumpStatement,ContinueStatement
py_pythagorean_theorem,JumpStatement,ReturnStatement
py_pythagorean_theorem,IterationStatement,ForStatement
py_pythagorean_theorem,IterationStatement,WhileStatement
py_pythagorean_theorem,ExceptionHandlingStatement,TryStatement
py_pythagorean_theorem2,MembershipOperator,in
py_pythagorean_theorem2,LogicalOperator,and
py_pythagorean_theorem2,LogicalOperator,or
py_pythagorean_theorem2,LogicalOperator,not
py_pythagorean_theorem2,ArtithmeticOperator,//
py_pythagorean_theorem2,ArtithmeticOperator,-
py_pythagorean_theorem2,ArtithmeticOperator,+
py_pythagorean_theorem2,ArtithmeticOperator,/
py_pythagorean_theorem2,ArtithmeticOperator,**
py_pythagorean_theorem2,ArtithmeticOperator,Modulus
py_pythagorean_theorem2,ArtithmeticOperator,*
py_pythagorean_theorem2,Statement,ExpressionStatement
py_pythagorean_theorem2,ConditionalStatement,IfElifElseStatement
py_pythagorean_theorem2,ConditionalStatement,IfStatement
py_pythagorean_theorem2,ConditionalStatement,IfElseStatement
py_pythagorean_theorem2,ConditionalStatement,IfElifStatement
py_pythagorean_theorem2,ImportStatement,Import
py_pythagorean_theorem2,ImportStatement,ImportFrom
py_pythagorean_theorem2,JumpStatement,PassStatement
py_pythagorean_theorem2,JumpStatement,BreakStatement
py_pythagorean_theorem2,JumpStatement,ContinueStatement
py_pythagorean_theorem2,JumpStatement,ReturnStatement
py_pythagorean_theorem2,IterationStatement,ForStatement
py_pythagorean_theorem2,IterationStatement,WhileStatement
py_pythagorean_theorem2,ExceptionHandlingStatement,TryStatement
py_pythagorean_theorem2,ExceptionHandlingStatement,RaiseStatement
py_pythagorean_theorem2,ExceptionHandlingStatement,AssertStatement
py_pythagorean_theorem2,AssignmentStatement,SimpleAssignmentStatement
py_pythagorean_theorem2,AssignmentStatement,AugmentedAssignmentStatement
py_pythagorean_theorem2,DefinitionStatement,FunctionDefinition
py_pythagorean_theorem2,DefinitionStatement,ClassDefinition
py_pythagorean_theorem2,BuiltInFunction,dict()
py_pythagorean_theorem2,BuiltInFunction,str()
py_pythagorean_theorem2,BuiltInFunction,next()
py_pythagorean_theorem2,BuiltInFunction,input()
py_pythagorean_theorem2,BuiltInFunction,int()
py_pythagorean_theorem2,BuiltInFunction,max()
py_pythagorean_theorem2,BuiltInFunction,float()
py_pythagorean_theorem2,BuiltInFunction,set()
py_pythagorean_theorem2,BuiltInFunction,open()
py_pythagorean_theorem2,BuiltInFunction,range()
py_pythagorean_theorem2,BuiltInFunction,tuple()
py_pythagorean_theorem2,BuiltInFunction,abs()
py_pythagorean_theorem2,BuiltInFunction,round()
py_pythagorean_theorem2,BuiltInFunction,len()
py_pythagorean_theorem2,BuiltInFunction,min()
py_pythagorean_theorem2,BuiltInFunction,print()
py_pythagorean_theorem2,BuiltInFunction,list()
py_f_to_c_conversion,MembershipOperator,in
py_f_to_c_conversion,LogicalOperator,and
py_f_to_c_conversion,LogicalOperator,or
py_f_to_c_conversion,LogicalOperator,not
py_f_to_c_conversion,ArtithmeticOperator,//
py_f_to_c_conversion,ArtithmeticOperator,-
py_f_to_c_conversion,ArtithmeticOperator,+
py_f_to_c_conversion,ArtithmeticOperator,/
py_f_to_c_conversion,ArtithmeticOperator,**
py_f_to_c_conversion,ArtithmeticOperator,Modulus
py_f_to_c_conversion,ArtithmeticOperator,*
py_f_to_c_conversion,Statement,ExpressionStatement
py_f_to_c_conversion,ConditionalStatement,IfElifElseStatement
py_f_to_c_conversion,ConditionalStatement,IfStatement
py_f_to_c_conversion,ConditionalStatement,IfElseStatement
py_f_to_c_conversion,ConditionalStatement,IfElifStatement
py_f_to_c_conversion,ImportStatement,Import
py_f_to_c_conversion,ImportStatement,ImportFrom
py_f_to_c_conversion,JumpStatement,PassStatement
py_f_to_c_conversion,JumpStatement,BreakStatement
py_f_to_c_conversion,JumpStatement,ContinueStatement
py_f_to_c_conversion,JumpStatement,ReturnStatement
py_f_to_c_conversion,IterationStatement,ForStatement
py_f_to_c_conversion,IterationStatement,WhileStatement
py_f_to_c_conversion,ExceptionHandlingStatement,TryStatement
py_vending_machine,ExceptionHandlingStatement,RaiseStatement
py_vending_machine,ExceptionHandlingStatement,AssertStatement
py_vending_machine,AssignmentStatement,SimpleAssignmentStatement
py_vending_machine,AssignmentStatement,AugmentedAssignmentStatement
py_vending_machine,DefinitionStatement,FunctionDefinition
py_vending_machine,DefinitionStatement,ClassDefinition
py_vending_machine,BuiltInFunction,dict()
py_vending_machine,BuiltInFunction,str()
py_vending_machine,BuiltInFunction,next()
py_vending_machine,BuiltInFunction,input()
py_vending_machine,BuiltInFunction,int()
py_vending_machine,BuiltInFunction,max()
py_vending_machine,BuiltInFunction,float()
py_vending_machine,BuiltInFunction,set()
py_vending_machine,BuiltInFunction,open()
py_vending_machine,BuiltInFunction,range()
py_vending_machine,BuiltInFunction,tuple()
py_vending_machine,BuiltInFunction,abs()
py_vending_machine,BuiltInFunction,round()
py_vending_machine,BuiltInFunction,len()
py_vending_machine,BuiltInFunction,min()
py_vending_machine,BuiltInFunction,print()
py_vending_machine,BuiltInFunction,list()
py_nested_if_min_max,StringMethod,join()
py_nested_if_min_max,StringMethod,format()
py_nested_if_min_max,StringMethod,capitalize()
py_nested_if_min_max,StringMethod,rstrip()
py_nested_if_min_max,StringMethod,replace()
py_nested_if_min_max,DictionaryMethod,values()
py_nested_if_min_max,DictionaryMethod,keys()
py_nested_if_min_max,DictionaryMethod,items()
py_nested_if_min_max,DictionaryMethod,get()
py_nested_if_min_max,ClassMethod,__init()__
py_nested_if_min_max,ListMethod,reverse()
py_nested_if_min_max,ListMethod,insert()
py_nested_if_min_max,ListMethod,remove()
py_nested_if_min_max,ListMethod,append()
py_nested_if_min_max,ListMethod,pop()
py_nested_if_min_max,FileMethod,readline()
py_nested_if_min_max,FileMethod,close()
py_nested_if_min_max,FileMethod,read()
py_nested_if_min_max,Operator,=
py_nested_if_min_max,ComparisonOperator,LessOrEqual
py_nested_if_min_max,ComparisonOperator,Less
py_nested_if_min_max,ComparisonOperator,Larger
py_nested_if_min_max,ComparisonOperator,LargerOrEqual
py_nested_if_min_max,ComparisonOperator,==
py_nested_if_min_max,ComparisonOperator,NotEqual
py_nested_if_temperature,SubscriptExpression,IndexingExpression
py_nested_if_temperature,SubscriptExpression,SlicingExpression
py_nested_if_temperature,Call,FunctionCall
py_nested_if_temperature,ArithmeticExpression,BinaryOperation
py_nested_if_temperature,ArithmeticExpression,UnaryOperation
py_nested_if_temperature,LogicalExpression,ComparisonExpression
py_nested_if_temperature,LogicalExpression,BooleanExpression
py_nested_if_temperature,Literal,StringLiteral
py_nested_if_temperature,Literal,BooleanLiteral
py_nested_if_temperature,Literal,NoneLiteral
py_nested_if_temperature,NumericLiteral,FloatLiteral
py_nested_if_temperature,NumericLiteral,IntegerLiteral
py_nested_if_temperature,LiteralCollection,TupleLiteral
py_nested_if_temperature,LiteralCollection,SetLiteral
py_nested_if_temperature,LiteralCollection,ListLiteral
py_nested_if_temperature,LiteralCollection,DictLiteral
py_nested_if_temperature,Error,TypeError
py_nested_if_temperature,Error,OSError
py_nested_if_temperature,Error,IndexError
py_nested_if_temperature,Error,IOError
py_nested_if_temperature,Error,FileNotFoundError
py_nested_if_temperature,Error,ValueError
py_nested_if_temperature,Error,AssertionError
py_nested_if_temperature,StringMethod,split()
py_nested_if_temperature,StringMethod,lower()
py_nested_if_temperature,MembershipOperator,in
py_nested_if_temperature,LogicalOperator,and
py_nested_if_temperature,LogicalOperator,or
py_nested_if_temperature,LogicalOperator,not
py_nested_if_temperature,ArtithmeticOperator,//
py_nested_if_temperature,ArtithmeticOperator,-
py_nested_if_temperature,ArtithmeticOperator,+
py_nested_if_temperature,ArtithmeticOperator,/
py_nested_if_temperature,ArtithmeticOperator,**
py_nested_if_temperature,ArtithmeticOperator,Modulus
py_nested_if_temperature,ArtithmeticOperator,*
py_nested_if_temperature,Statement,ExpressionStatement
py_nested_if_temperature,ConditionalStatement,IfElifElseStatement
py_nested_if_temperature,ConditionalStatement,IfStatement
py_nested_if_temperature,ConditionalStatement,IfElseStatement
py_nested_if_temperature,ConditionalStatement,IfElifStatement
py_nested_if_temperature,ImportStatement,Import
py_nested_if_temperature,ImportStatement,ImportFrom
py_nested_if_temperature,JumpStatement,PassStatement
py_nested_if_temperature,JumpStatement,BreakStatement
py_nested_if_temperature,JumpStatement,ContinueStatement
py_nested_if_temperature,JumpStatement,ReturnStatement
py_nested_if_temperature,IterationStatement,ForStatement
py_nested_if_temperature,IterationStatement,WhileStatement
py_nested_if_temperature,ExceptionHandlingStatement,TryStatement
py_nested_if_temperature2,SubscriptExpression,IndexingExpression
py_nested_if_temperature2,SubscriptExpression,SlicingExpression
py_nested_if_temperature2,Call,FunctionCall
py_nested_if_temperature2,ArithmeticExpression,BinaryOperation
py_nested_if_temperature2,ArithmeticExpression,UnaryOperation
py_nested_if_temperature2,LogicalExpression,ComparisonExpression
py_nested_if_temperature2,LogicalExpression,BooleanExpression
py_nested_if_temperature2,Literal,StringLiteral
py_nested_if_temperature2,Literal,BooleanLiteral
py_nested_if_temperature2,Literal,NoneLiteral
py_nested_if_temperature2,NumericLiteral,FloatLiteral
py_nested_if_temperature2,NumericLiteral,IntegerLiteral
py_nested_if_temperature2,LiteralCollection,TupleLiteral
py_nested_if_temperature2,LiteralCollection,SetLiteral
py_nested_if_temperature2,LiteralCollection,ListLiteral
py_nested_if_temperature2,LiteralCollection,DictLiteral
py_nested_if_temperature2,Error,TypeError
py_nested_if_temperature2,Error,OSError
py_nested_if_temperature2,Error,IndexError
py_nested_if_temperature2,Error,IOError
py_nested_if_temperature2,Error,FileNotFoundError
py_nested_if_temperature2,Error,ValueError
py_nested_if_temperature2,Error,AssertionError
py_nested_if_temperature2,StringMethod,split()
py_nested_if_temperature2,StringMethod,lower()
py_if_else_grade,SubscriptExpression,IndexingExpression
py_if_else_grade,SubscriptExpression,SlicingExpression
py_if_else_grade,Call,FunctionCall
py_if_else_grade,ArithmeticExpression,BinaryOperation
py_if_else_grade,ArithmeticExpression,UnaryOperation
py_if_else_grade,LogicalExpression,ComparisonExpression
py_if_else_grade,LogicalExpression,BooleanExpression
py_if_else_grade,Literal,StringLiteral
py_if_else_grade,Literal,BooleanLiteral
py_if_else_grade,Literal,NoneLiteral
py_if_else_grade,NumericLiteral,FloatLiteral
py_if_else_grade,NumericLiteral,IntegerLiteral
py_if_else_grade,LiteralCollection,TupleLiteral
py_if_else_grade,LiteralCollection,SetLiteral
py_if_else_grade,LiteralCollection,ListLiteral
py_if_else_grade,LiteralCollection,DictLiteral
py_if_else_grade,Error,TypeError
py_if_else_grade,Error,OSError
py_if_else_grade,Error,IndexError
py_if_else_grade,Error,IOError
py_if_else_grade,Error,FileNotFoundError
py_if_else_grade,Error,ValueError
py_if_else_grade,Error,AssertionError
py_if_else_grade,StringMethod,split()
py_if_else_grade,StringMethod,lower()
q_py_topic_dictionary:q_py_dict_access1,SubscriptExpression,IndexingExpression
q_py_topic_dictionary:q_py_dict_access1,SubscriptExpression,SlicingExpression
q_py_topic_dictionary:q_py_dict_access1,Call,FunctionCall
q_py_topic_dictionary:q_py_dict_access1,ArithmeticExpression,BinaryOperation
q_py_topic_dictionary:q_py_dict_access1,ArithmeticExpression,UnaryOperation
q_py_topic_dictionary:q_py_dict_access1,LogicalExpression,ComparisonExpression
q_py_topic_dictionary:q_py_dict_access1,LogicalExpression,BooleanExpression
q_py_topic_dictionary:q_py_dict_access1,Literal,StringLiteral
q_py_topic_dictionary:q_py_dict_access1,Literal,BooleanLiteral
q_py_topic_dictionary:q_py_dict_access1,Literal,NoneLiteral
q_py_topic_dictionary:q_py_dict_access1,NumericLiteral,FloatLiteral
q_py_topic_dictionary:q_py_dict_access1,NumericLiteral,IntegerLiteral
q_py_topic_dictionary:q_py_dict_access1,LiteralCollection,TupleLiteral
q_py_topic_dictionary:q_py_dict_access1,LiteralCollection,SetLiteral
q_py_topic_dictionary:q_py_dict_access1,LiteralCollection,ListLiteral
q_py_topic_dictionary:q_py_dict_access1,LiteralCollection,DictLiteral
q_py_topic_dictionary:q_py_dict_access1,Error,TypeError
q_py_topic_dictionary:q_py_dict_access1,Error,OSError
q_py_topic_dictionary:q_py_dict_access1,Error,IndexError
q_py_topic_dictionary:q_py_dict_access1,Error,IOError
q_py_topic_dictionary:q_py_dict_access1,Error,FileNotFoundError
q_py_topic_dictionary:q_py_dict_access1,Error,ValueError
q_py_topic_dictionary:q_py_dict_access1,Error,AssertionError
q_py_topic_dictionary:q_py_dict_access1,StringMethod,split()
q_py_topic_dictionary:q_py_dict_access1,StringMethod,lower()
q_py_topic_dictionary:q_py_dict_access1,MembershipOperator,in
q_py_topic_dictionary:q_py_dict_access1,LogicalOperator,and
q_py_topic_dictionary:q_py_dict_access1,LogicalOperator,or
q_py_topic_dictionary:q_py_dict_access1,LogicalOperator,not
q_py_topic_dictionary:q_py_dict_access1,ArtithmeticOperator,//
q_py_topic_dictionary:q_py_dict_access1,ArtithmeticOperator,-
q_py_topic_dictionary:q_py_dict_access1,ArtithmeticOperator,+
q_py_topic_dictionary:q_py_dict_access1,ArtithmeticOperator,/
q_py_topic_dictionary:q_py_dict_access1,ArtithmeticOperator,**
q_py_topic_dictionary:q_py_dict_access1,ArtithmeticOperator,Modulus
q_py_topic_dictionary:q_py_dict_access1,ArtithmeticOperator,*
q_py_topic_dictionary:q_py_dict_access1,Statement,ExpressionStatement
q_py_topic_dictionary:q_py_dict_access1,ConditionalStatement,IfElifElseStatement
q_py_topic_dictionary:q_py_dict_access1,ConditionalStatement,IfStatement
q_py_topic_dictionary:q_py_dict_access1,ConditionalStatement,IfElseStatement
q_py_topic_dictionary:q_py_dict_access1,ConditionalStatement,IfElifStatement
q_py_topic_dictionary:q_py_dict_access1,ImportStatement,Import
q_py_topic_dictionary:q_py_dict_access1,ImportStatement,ImportFrom
q_py_topic_dictionary:q_py_dict_access1,JumpStatement,PassStatement
q_py_topic_dictionary:q_py_dict_access1,JumpStatement,BreakStatement
q_py_topic_dictionary:q_py_dict_access1,JumpStatement,ContinueStatement
q_py_topic_dictionary:q_py_dict_access1,JumpStatement,ReturnStatement
q_py_topic_dictionary:q_py_dict_access1,IterationStatement,ForStatement
q_py_topic_dictionary:q_py_dict_access1,IterationStatement,WhileStatement
q_py_topic_dictionary:q_py_dict_access1,ExceptionHandlingStatement,TryStatement
q_py_topic_dictionary:q_py_dict_access2,StringMethod,join()
q_py_topic_dictionary:q_py_dict_access2,StringMethod,format()
q_py_topic_dictionary:q_py_dict_access2,StringMethod,capitalize()
q_py_topic_dictionary:q_py_dict_access2,StringMethod,rstrip()
q_py_topic_dictionary:q_py_dict_access2,StringMethod,replace()
q_py_topic_dictionary:q_py_dict_access2,DictionaryMethod,values()
q_py_topic_dictionary:q_py_dict_access2,DictionaryMethod,keys()
q_py_topic_dictionary:q_py_dict_access2,DictionaryMethod,items()
q_py_topic_dictionary:q_py_dict_access2,DictionaryMethod,get()
q_py_topic_dictionary:q_py_dict_access2,ClassMethod,__init()__
q_py_topic_dictionary:q_py_dict_access2,ListMethod,reverse()
q_py_topic_dictionary:q_py_dict_access2,ListMethod,insert()
q_py_topic_dictionary:q_py_dict_access2,ListMethod,remove()
q_py_topic_dictionary:q_py_dict_access2,ListMethod,append()
q_py_topic_dictionary:q_py_dict_access2,ListMethod,pop()
q_py_topic_dictionary:q_py_dict_access2,FileMethod,readline()
q_py_topic_dictionary:q_py_dict_access2,FileMethod,close()
q_py_topic_dictionary:q_py_dict_access2,FileMethod,read()
q_py_topic_dictionary:q_py_dict_access2,Operator,=
q_py_topic_dictionary:q_py_dict_access2,ComparisonOperator,LessOrEqual
q_py_topic_dictionary:q_py_dict_access2,ComparisonOperator,Less
q_py_topic_dictionary:q_py_dict_access2,ComparisonOperator,Larger
q_py_topic_dictionary:q_py_dict_access2,ComparisonOperator,LargerOrEqual
q_py_topic_dictionary:q_py_dict_access2,ComparisonOperator,==
q_py_topic_dictionary:q_py_dict_access2,ComparisonOperator,NotEqual
q_py_topic_dictionary:q_py_dict_access2,MembershipOperator,in
q_py_topic_dictionary:q_py_dict_access2,LogicalOperator,and
q_py_topic_dictionary:q_py_dict_access2,LogicalOperator,or
q_py_topic_dictionary:q_py_dict_access2,LogicalOperator,not
q_py_topic_dictionary:q_py_dict_access2,ArtithmeticOperator,//
q_py_topic_dictionary:q_py_dict_access2,ArtithmeticOperator,-
q_py_topic_dictionary:q_py_dict_access2,ArtithmeticOperator,+
q_py_topic_dictionary:q_py_dict_access2,ArtithmeticOperator,/
q_py_topic_dictionary:q_py_dict_access2,ArtithmeticOperator,**
q_py_topic_dictionary:q_py_dict_access2,ArtithmeticOperator,Modulus
q_py_topic_dictionary:q_py_dict_access2,ArtithmeticOperator,*
q_py_topic_dictionary:q_py_dict_access2,Statement,ExpressionStatement
q_py_topic_dictionary:q_py_dict_access2,ConditionalStatement,IfElifElseStatement
q_py_topic_dictionary:q_py_dict_access2,ConditionalStatement,IfStatement
q_py_topic_dictionary:q_py_dict_access2,ConditionalStatement,IfElseStatement
q_py_topic_dictionary:q_py_dict_access2,ConditionalStatement,IfElifStatement
q_py_topic_dictionary:q_py_dict_access2,ImportStatement,Import
q_py_topic_dictionary:q_py_dict_access2,ImportStatement,ImportFrom
q_py_topic_dictionary:q_py_dict_access2,JumpStatement,PassStatement
q_py_topic_dictionary:q_py_dict_access2,JumpStatement,BreakStatement
q_py_topic_dictionary:q_py_dict_access2,JumpStatement,ContinueStatement
q_py_topic_dictionary:q_py_dict_access2,JumpStatement,ReturnStatement
q_py_topic_dictionary:q_py_dict_access2,IterationStatement,ForStatement
q_py_topic_dictionary:q_py_dict_access2,IterationStatement,WhileStatement
q_py_topic_dictionary:q_py_dict_access2,ExceptionHandlingStatement,TryStatement
q_py_topic_exceptions:q_py_exception_assertion,MembershipOperator,in
q_py_topic_exceptions:q_py_exception_assertion,LogicalOperator,and
q_py_topic_exceptions:q_py_exception_assertion,LogicalOperator,or
q_py_topic_exceptions:q_py_exception_assertion,LogicalOperator,not
q_py_topic_exceptions:q_py_exception_assertion,ArtithmeticOperator,//
q_py_topic_exceptions:q_py_exception_assertion,ArtithmeticOperator,-
q_py_topic_exceptions:q_py_exception_assertion,ArtithmeticOperator,+
q_py_topic_exceptions:q_py_exception_assertion,ArtithmeticOperator,/
q_py_topic_exceptions:q_py_exception_assertion,ArtithmeticOperator,**
q_py_topic_exceptions:q_py_exception_assertion,ArtithmeticOperator,Modulus
q_py_topic_exceptions:q_py_exception_assertion,ArtithmeticOperator,*
q_py_topic_exceptions:q_py_exception_assertion,Statement,ExpressionStatement
q_py_topic_exceptions:q_py_exception_assertion,ConditionalStatement,IfElifElseStatement
q_py_topic_exceptions:q_py_exception_assertion,ConditionalStatement,IfStatement
q_py_topic_exceptions:q_py_exception_assertion,ConditionalStatement,IfElseStatement
q_py_topic_exceptions:q_py_exception_assertion,ConditionalStatement,IfElifStatement
q_py_topic_exceptions:q_py_exception_assertion,ImportStatement,Import
q_py_topic_exceptions:q_py_exception_assertion,ImportStatement,ImportFrom
q_py_topic_exceptions:q_py_exception_assertion,JumpStatement,PassStatement
q_py_topic_exceptions:q_py_exception_assertion,JumpStatement,BreakStatement
q_py_topic_exceptions:q_py_exception_assertion,JumpStatement,ContinueStatement
q_py_topic_exceptions:q_py_exception_assertion,JumpStatement,ReturnStatement
q_py_topic_exceptions:q_py_exception_assertion,IterationStatement,ForStatement
q_py_topic_exceptions:q_py_exception_assertion,IterationStatement,WhileStatement
q_py_topic_exceptions:q_py_exception_assertion,ExceptionHandlingStatement,TryStatement
q_py_topic_exceptions:q_py_exception_assertion,ExceptionHandlingStatement,RaiseStatement
q_py_topic_exceptions:q_py_exception_assertion,ExceptionHandlingStatement,AssertStatement
q_py_topic_exceptions:q_py_exception_assertion,AssignmentStatement,SimpleAssignmentStatement
q_py_topic_exceptions:q_py_exception_assertion,AssignmentStatement,AugmentedAssignmentStatement
q_py_topic_exceptions:q_py_exception_assertion,DefinitionStatement,FunctionDefinition
q_py_topic_exceptions:q_py_exception_assertion,DefinitionStatement,ClassDefinition
q_py_topic_exceptions:q_py_exception_assertion,BuiltInFunction,dict()
q_py_topic_exceptions:q_py_exception_assertion,BuiltInFunction,str()
q_py_topic_exceptions:q_py_exception_assertion,BuiltInFunction,next()
q_py_topic_exceptions:q_py_exception_assertion,BuiltInFunction,input()
q_py_topic_exceptions:q_py_exception_assertion,BuiltInFunction,int()
q_py_topic_exceptions:q_py_exception_assertion,BuiltInFunction,max()
q_py_topic_exceptions:q_py_exception_assertion,BuiltInFunction,float()
q_py_topic_exceptions:q_py_exception_assertion,BuiltInFunction,set()
q_py_topic_exceptions:q_py_exception_assertion,BuiltInFunction,open()
q_py_topic_exceptions:q_py_exception_assertion,BuiltInFunction,range()
q_py_topic_exceptions:q_py_exception_assertion,BuiltInFunction,tuple()
q_py_topic_exceptions:q_py_exception_assertion,BuiltInFunction,abs()
q_py_topic_exceptions:q_py_exception_assertion,BuiltInFunction,round()
q_py_topic_exceptions:q_py_exception_assertion,BuiltInFunction,len()
q_py_topic_exceptions:q_py_exception_assertion,BuiltInFunction,min()
q_py_topic_exceptions:q_py_exception_assertion,BuiltInFunction,print()
q_py_topic_exceptions:q_py_exception_assertion,BuiltInFunction,list()
q_py_topic_exceptions:q_py_exceptions_addarr,StringMethod,join()
q_py_topic_exceptions:q_py_exceptions_addarr,StringMethod,format()
q_py_topic_exceptions:q_py_exceptions_addarr,StringMethod,capitalize()
q_py_topic_exceptions:q_py_exceptions_addarr,StringMethod,rstrip()
q_py_topic_exceptions:q_py_exceptions_addarr,StringMethod,replace()
q_py_topic_exceptions:q_py_exceptions_addarr,DictionaryMethod,values()
q_py_topic_exceptions:q_py_exceptions_addarr,DictionaryMethod,keys()
q_py_topic_exceptions:q_py_exceptions_addarr,DictionaryMethod,items()
q_py_topic_exceptions:q_py_exceptions_addarr,DictionaryMethod,get()
q_py_topic_exceptions:q_py_exceptions_addarr,ClassMethod,__init()__
q_py_topic_exceptions:q_py_exceptions_addarr,ListMethod,reverse()
q_py_topic_exceptions:q_py_exceptions_addarr,ListMethod,insert()
q_py_topic_exceptions:q_py_exceptions_addarr,ListMethod,remove()
q_py_topic_exceptions:q_py_exceptions_addarr,ListMethod,append()
q_py_topic_exceptions:q_py_exceptions_addarr,ListMethod,pop()
q_py_topic_exceptions:q_py_exceptions_addarr,FileMethod,readline()
q_py_topic_exceptions:q_py_exceptions_addarr,FileMethod,close()
q_py_topic_exceptions:q_py_exceptions_addarr,FileMethod,read()
q_py_topic_exceptions:q_py_exceptions_addarr,Operator,=
q_py_topic_exceptions:q_py_exceptions_addarr,ComparisonOperator,LessOrEqual
q_py_topic_exceptions:q_py_exceptions_addarr,ComparisonOperator,Less
q_py_topic_exceptions:q_py_exceptions_addarr,ComparisonOperator,Larger
q_py_topic_exceptions:q_py_exceptions_addarr,ComparisonOperator,LargerOrEqual
q_py_topic_exceptions:q_py_exceptions_addarr,ComparisonOperator,==
q_py_topic_exceptions:q_py_exceptions_addarr,ComparisonOperator,NotEqual
q_py_topic_exceptions:q_py_list_except1,MembershipOperator,in
q_py_topic_exceptions:q_py_list_except1,LogicalOperator,and
q_py_topic_exceptions:q_py_list_except1,LogicalOperator,or
q_py_topic_exceptions:q_py_list_except1,LogicalOperator,not
q_py_topic_exceptions:q_py_list_except1,ArtithmeticOperator,//
q_py_topic_exceptions:q_py_list_except1,ArtithmeticOperator,-
q_py_topic_exceptions:q_py_list_except1,ArtithmeticOperator,+
q_py_topic_exceptions:q_py_list_except1,ArtithmeticOperator,/
q_py_topic_exceptions:q_py_list_except1,ArtithmeticOperator,**
q_py_topic_exceptions:q_py_list_except1,ArtithmeticOperator,Modulus
q_py_topic_exceptions:q_py_list_except1,ArtithmeticOperator,*
q_py_topic_exceptions:q_py_list_except1,Statement,ExpressionStatement
q_py_topic_exceptions:q_py_list_except1,ConditionalStatement,IfElifElseStatement
q_py_topic_exceptions:q_py_list_except1,ConditionalStatement,IfStatement
q_py_topic_exceptions:q_py_list_except1,ConditionalStatement,IfElseStatement
q_py_topic_exceptions:q_py_list_except1,ConditionalStatement,IfElifStatement
q_py_topic_exceptions:q_py_list_except1,ImportStatement,Import
q_py_topic_exceptions:q_py_list_except1,ImportStatement,ImportFrom
q_py_topic_exceptions:q_py_list_except1,JumpStatement,PassStatement
q_py_topic_exceptions:q_py_list_except1,JumpStatement,BreakStatement
q_py_topic_exceptions:q_py_list_except1,JumpStatement,ContinueStatement
q_py_topic_exceptions:q_py_list_except1,JumpStatement,ReturnStatement
q_py_topic_exceptions:q_py_list_except1,IterationStatement,ForStatement
q_py_topic_exceptions:q_py_list_except1,IterationStatement,WhileStatement
q_py_topic_exceptions:q_py_list_except1,ExceptionHandlingStatement,TryStatement
q_py_topic_functions:q_py_fun_car1,StringMethod,join()
q_py_topic_functions:q_py_fun_car1,StringMethod,format()
q_py_topic_functions:q_py_fun_car1,StringMethod,capitalize()
q_py_topic_functions:q_py_fun_car1,StringMethod,rstrip()
q_py_topic_functions:q_py_fun_car1,StringMethod,replace()
q_py_topic_functions:q_py_fun_car1,DictionaryMethod,values()
q_py_topic_functions:q_py_fun_car1,DictionaryMethod,keys()
q_py_topic_functions:q_py_fun_car1,DictionaryMethod,items()
q_py_topic_functions:q_py_fun_car1,DictionaryMethod,get()
q_py_topic_functions:q_py_fun_car1,ClassMethod,__init()__
q_py_topic_functions:q_py_fun_car1,ListMethod,reverse()
q_py_topic_functions:q_py_fun_car1,ListMethod,insert()
q_py_topic_functions:q_py_fun_car1,ListMethod,remove()
q_py_topic_functions:q_py_fun_car1,ListMethod,append()
q_py_topic_functions:q_py_fun_car1,ListMethod,pop()
q_py_topic_functions:q_py_fun_car1,FileMethod,readline()
q_py_topic_functions:q_py_fun_car1,FileMethod,close()
q_py_topic_functions:q_py_fun_car1,FileMethod,read()
q_py_topic_functions:q_py_fun_car1,Operator,=
q_py_topic_functions:q_py_fun_car1,ComparisonOperator,LessOrEqual
q_py_topic_functions:q_py_fun_car1,ComparisonOperator,Less
q_py_topic_functions:q_py_fun_car1,ComparisonOperator,Larger
q_py_topic_functions:q_py_fun_car1,ComparisonOperator,LargerOrEqual
q_py_topic_functions:q_py_fun_car1,ComparisonOperator,==
q_py_topic_functions:q_py_fun_car1,ComparisonOperator,NotEqual
q_py_topic_functions:q_py_fun_car2,ExceptionHandlingStatement,RaiseStatement
q_py_topic_functions:q_py_fun_car2,ExceptionHandlingStatement,AssertStatement
q_py_topic_functions:q_py_fun_car2,AssignmentStatement,SimpleAssignmentStatement
q_py_topic_functions:q_py_fun_car2,AssignmentStatement,AugmentedAssignmentStatement
q_py_topic_functions:q_py_fun_car2,DefinitionStatement,FunctionDefinition
q_py_topic_functions:q_py_fun_car2,DefinitionStatement,ClassDefinition
q_py_topic_functions:q_py_fun_car2,BuiltInFunction,dict()
q_py_topic_functions:q_py_fun_car2,BuiltInFunction,str()
q_py_topic_functions:q_py_fun_car2,BuiltInFunction,next()
q_py_topic_functions:q_py_fun_car2,BuiltInFunction,input()
q_py_topic_functions:q_py_fun_car2,BuiltInFunction,int()
q_py_topic_functions:q_py_fun_car2,BuiltInFunction,max()
q_py_topic_functions:q_py_fun_car2,BuiltInFunction,float()
q_py_topic_functions:q_py_fun_car2,BuiltInFunction,set()
q_py_topic_functions:q_py_fun_car2,BuiltInFunction,open()
q_py_topic_functions:q_py_fun_car2,BuiltInFunction,range()
q_py_topic_functions:q_py_fun_car2,BuiltInFunction,tuple()
q_py_topic_functions:q_py_fun_car2,BuiltInFunction,abs()
q_py_topic_functions:q_py_fun_car2,BuiltInFunction,round()
q_py_topic_functions:q_py_fun_car2,BuiltInFunction,len()
q_py_topic_functions:q_py_fun_car2,BuiltInFunction,min()
q_py_topic_functions:q_py_fun_car2,BuiltInFunction,print()
q_py_topic_functions:q_py_fun_car2,BuiltInFunction,list()
q_py_topic_if_statement:q_py_nested_if_elif1,ComparisonOperator,LessOrEqual
q_py_topic_if_statement:q_py_nested_if_elif1,ComparisonOperator,Less
q_py_topic_if_statement:q_py_nested_if_elif1,ComparisonOperator,Larger
q_py_topic_if_statement:q_py_nested_if_elif1,ComparisonOperator,NotEqual
q_py_topic_if_statement:q_py_nested_if_elif1,MembershipOperator,in
q_py_topic_if_statement:q_py_nested_if_elif1,LogicalOperator,and
q_py_topic_if_statement:q_py_nested_if_elif1,LogicalOperator,or
q_py_topic_if_statement:q_py_nested_if_elif1,LogicalOperator,not
q_py_topic_if_statement:q_py_nested_if_elif1,ArtithmeticOperator,//
q_py_topic_if_statement:q_py_nested_if_elif1,ArtithmeticOperator,-
q_py_topic_if_statement:q_py_nested_if_elif1,ArtithmeticOperator,+
q_py_topic_if_statement:q_py_nested_if_elif1,ArtithmeticOperator,/
q_py_topic_if_statement:q_py_nested_if_elif1,ArtithmeticOperator,**
q_py_topic_if_statement:q_py_nested_if_elif1,ArtithmeticOperator,Modulus
q_py_topic_if_statement:q_py_nested_if_elif1,ArtithmeticOperator,*
q_py_topic_if_statement:q_py_nested_if_elif1,Statement,ExpressionStatement
q_py_topic_if_statement:q_py_nested_if_elif1,ConditionalStatement,IfElifElseStatement
q_py_topic_if_statement:q_py_nested_if_elif1,ConditionalStatement,IfStatement
q_py_topic_if_statement:q_py_nested_if_elif1,ConditionalStatement,IfElseStatement
q_py_topic_if_statement:q_py_nested_if_elif1,ConditionalStatement,IfElifStatement
q_py_topic_if_statement:q_py_nested_if_elif1,ImportStatement,Import
q_py_topic_if_statement:q_py_nested_if_elif1,ImportStatement,ImportFrom
q_py_topic_if_statement:q_py_nested_if_elif1,JumpStatement,PassStatement
q_py_topic_if_statement:q_py_nested_if_elif1,JumpStatement,BreakStatement
q_py_topic_if_statement:q_py_nested_if_elif1,JumpStatement,ContinueStatement
q_py_topic_if_statement:q_py_nested_if_elif1,JumpStatement,ReturnStatement
q_py_topic_if_statement:q_py_nested_if_elif1,IterationStatement,ForStatement
q_py_topic_if_statement:q_py_nested_if_elif1,IterationStatement,WhileStatement
q_py_topic_if_statement:q_py_nested_if_elif1,ExceptionHandlingStatement,TryStatement
q_py_topic_if_statement:q_py_nested_if_elif1,ExceptionHandlingStatement,RaiseStatement
q_py_topic_if_statement:q_py_nested_if_elif1,ExceptionHandlingStatement,AssertStatement
q_py_topic_if_statement:q_py_nested_if_elif1,AssignmentStatement,SimpleAssignmentStatement
q_py_topic_if_statement:q_py_nested_if_elif1,AssignmentStatement,AugmentedAssignmentStatement
q_py_topic_if_statement:q_py_nested_if_elif1,DefinitionStatement,FunctionDefinition
q_py_topic_if_statement:q_py_nested_if_elif1,DefinitionStatement,ClassDefinition
q_py_topic_if_statement:q_py_nested_if_elif1,BuiltInFunction,dict()
q_py_topic_if_statement:q_py_nested_if_elif1,BuiltInFunction,str()
q_py_topic_if_statement:q_py_nested_if_elif1,BuiltInFunction,next()
q_py_topic_if_statement:q_py_nested_if_elif1,BuiltInFunction,input()
q_py_topic_if_statement:q_py_nested_if_elif1,BuiltInFunction,int()
q_py_topic_if_statement:q_py_nested_if_elif1,BuiltInFunction,max()
q_py_topic_if_statement:q_py_nested_if_elif1,BuiltInFunction,float()
q_py_topic_if_statement:q_py_nested_if_elif1,BuiltInFunction,set()
q_py_topic_if_statement:q_py_nested_if_elif1,BuiltInFunction,open()
q_py_topic_if_statement:q_py_nested_if_elif1,BuiltInFunction,range()
q_py_topic_if_statement:q_py_nested_if_elif1,BuiltInFunction,tuple()
q_py_topic_if_statement:q_py_nested_if_elif1,BuiltInFunction,abs()
q_py_topic_if_statement:q_py_nested_if_elif1,BuiltInFunction,round()
q_py_topic_if_statement:q_py_nested_if_elif1,BuiltInFunction,len()
q_py_topic_if_statement:q_py_nested_if_elif1,BuiltInFunction,min()
q_py_topic_if_statement:q_py_nested_if_elif1,BuiltInFunction,print()
q_py_topic_if_statement:q_py_nested_if_elif1,BuiltInFunction,list()
q_py_topic_if_statement:q_py_nested_if_elif2,SubscriptExpression,IndexingExpression
q_py_topic_if_statement:q_py_nested_if_elif2,SubscriptExpression,SlicingExpression
q_py_topic_if_statement:q_py_nested_if_elif2,Call,FunctionCall
q_py_topic_if_statement:q_py_nested_if_elif2,ArithmeticExpression,BinaryOperation
q_py_topic_if_statement:q_py_nested_if_elif2,ArithmeticExpression,UnaryOperation
q_py_topic_if_statement:q_py_nested_if_elif2,LogicalExpression,ComparisonExpression
q_py_topic_if_statement:q_py_nested_if_elif2,LogicalExpression,BooleanExpression
q_py_topic_if_statement:q_py_nested_if_elif2,Literal,StringLiteral
q_py_topic_if_statement:q_py_nested_if_elif2,Literal,BooleanLiteral
q_py_topic_if_statement:q_py_nested_if_elif2,Literal,NoneLiteral
q_py_topic_if_statement:q_py_nested_if_elif2,NumericLiteral,FloatLiteral
q_py_topic_if_statement:q_py_nested_if_elif2,NumericLiteral,IntegerLiteral
q_py_topic_if_statement:q_py_nested_if_elif2,LiteralCollection,TupleLiteral
q_py_topic_if_statement:q_py_nested_if_elif2,LiteralCollection,SetLiteral
q_py_topic_if_statement:q_py_nested_if_elif2,LiteralCollection,ListLiteral
q_py_topic_if_statement:q_py_nested_if_elif2,LiteralCollection,DictLiteral
q_py_topic_if_statement:q_py_nested_if_elif2,Error,TypeError
q_py_topic_if_statement:q_py_nested_if_elif2,Error,OSError
q_py_topic_if_statement:q_py_nested_if_elif2,Error,IndexError
q_py_topic_if_statement:q_py_nested_if_elif2,Error,IOError
q_py_topic_if_statement:q_py_nested_if_elif2,Error,FileNotFoundError
q_py_topic_if_statement:q_py_nested_if_elif2,Error,ValueError
q_py_topic_if_statement:q_py_nested_if_elif2,Error,AssertionError
q_py_topic_if_statement:q_py_nested_if_elif2,StringMethod,split()
q_py_topic_if_statement:q_py_nested_if_elif2,StringMethod,lower()
q_py_topic_if_statement:q_py_nested_if_elif2,ComparisonOperator,LargerOrEqual
q_py_topic_if_statement:q_py_nested_if_elif2,MembershipOperator,in
q_py_topic_if_statement:q_py_nested_if_elif2,LogicalOperator,and
q_py_topic_if_statement:q_py_nested_if_elif2,LogicalOperator,or
q_py_topic_if_statement:q_py_nested_if_elif2,LogicalOperator,not
q_py_topic_if_statement:q_py_nested_if_elif2,ArtithmeticOperator,//
q_py_topic_if_statement:q_py_nested_if_elif2,ArtithmeticOperator,-
q_py_topic_if_statement:q_py_nested_if_elif2,ArtithmeticOperator,+
q_py_topic_if_statement:q_py_nested_if_elif2,ArtithmeticOperator,/
q_py_topic_if_statement:q_py_nested_if_elif2,ArtithmeticOperator,**
q_py_topic_if_statement:q_py_nested_if_elif2,ArtithmeticOperator,Modulus
q_py_topic_if_statement:q_py_nested_if_elif2,ArtithmeticOperator,*
q_py_topic_if_statement:q_py_nested_if_elif2,Statement,ExpressionStatement
q_py_topic_if_statement:q_py_nested_if_elif2,ConditionalStatement,IfElifElseStatement
q_py_topic_if_statement:q_py_nested_if_elif2,ConditionalStatement,IfStatement
q_py_topic_if_statement:q_py_nested_if_elif2,ConditionalStatement,IfElseStatement
q_py_topic_if_statement:q_py_nested_if_elif2,ConditionalStatement,IfElifStatement
q_py_topic_if_statement:q_py_nested_if_elif2,ImportStatement,Import
q_py_topic_if_statement:q_py_nested_if_elif2,ImportStatement,ImportFrom
q_py_topic_if_statement:q_py_nested_if_elif2,JumpStatement,PassStatement
q_py_topic_if_statement:q_py_nested_if_elif2,JumpStatement,BreakStatement
q_py_topic_if_statement:q_py_nested_if_elif2,JumpStatement,ContinueStatement
q_py_topic_if_statement:q_py_nested_if_elif2,JumpStatement,ReturnStatement
q_py_topic_if_statement:q_py_nested_if_elif2,IterationStatement,ForStatement
q_py_topic_if_statement:q_py_nested_if_elif2,IterationStatement,WhileStatement
q_py_topic_if_statement:q_py_nested_if_elif2,ExceptionHandlingStatement,TryStatement
q_py_topic_lists:q_py_add_two_lists1,SubscriptExpression,IndexingExpression
q_py_topic_lists:q_py_add_two_lists1,SubscriptExpression,SlicingExpression
q_py_topic_lists:q_py_add_two_lists1,Call,FunctionCall
q_py_topic_lists:q_py_add_two_lists1,ArithmeticExpression,BinaryOperation
q_py_topic_lists:q_py_add_two_lists1,ArithmeticExpression,UnaryOperation
q_py_topic_lists:q_py_add_two_lists1,LogicalExpression,ComparisonExpression
q_py_topic_lists:q_py_add_two_lists1,LogicalExpression,BooleanExpression
q_py_topic_lists:q_py_add_two_lists1,Literal,StringLiteral
q_py_topic_lists:q_py_add_two_lists1,Literal,BooleanLiteral
q_py_topic_lists:q_py_add_two_lists1,Literal,NoneLiteral
q_py_topic_lists:q_py_add_two_lists1,NumericLiteral,FloatLiteral
q_py_topic_lists:q_py_add_two_lists1,NumericLiteral,IntegerLiteral
q_py_topic_lists:q_py_add_two_lists1,LiteralCollection,TupleLiteral
q_py_topic_lists:q_py_add_two_lists1,LiteralCollection,SetLiteral
q_py_topic_lists:q_py_add_two_lists1,LiteralCollection,ListLiteral
q_py_topic_lists:q_py_add_two_lists1,LiteralCollection,DictLiteral
q_py_topic_lists:q_py_add_two_lists1,Error,TypeError
q_py_topic_lists:q_py_add_two_lists1,Error,OSError
q_py_topic_lists:q_py_add_two_lists1,Error,IndexError
q_py_topic_lists:q_py_add_two_lists1,Error,IOError
q_py_topic_lists:q_py_add_two_lists1,Error,FileNotFoundError
q_py_topic_lists:q_py_add_two_lists1,Error,ValueError
q_py_topic_lists:q_py_add_two_lists1,Error,AssertionError
q_py_topic_lists:q_py_add_two_lists1,StringMethod,split()
q_py_topic_lists:q_py_add_two_lists1,StringMethod,lower()
q_py_topic_lists:q_py_add_two_lists1,ExceptionHandlingStatement,TryStatement
q_py_topic_lists:q_py_add_two_lists1,BuiltInFunction,abs()
q_py_topic_lists:q_py_list_access1,SubscriptExpression,IndexingExpression
q_py_topic_lists:q_py_list_access1,SubscriptExpression,SlicingExpression
q_py_topic_lists:q_py_list_access1,Call,FunctionCall
q_py_topic_lists:q_py_list_access1,ArithmeticExpression,BinaryOperation
q_py_topic_lists:q_py_list_access1,ArithmeticExpression,UnaryOperation
q_py_topic_lists:q_py_list_access1,LogicalExpression,ComparisonExpression
q_py_topic_lists:q_py_list_access1,LogicalExpression,BooleanExpression
q_py_topic_lists:q_py_list_access1,Literal,StringLiteral
q_py_topic_lists:q_py_list_access1,Literal,BooleanLiteral
q_py_topic_lists:q_py_list_access1,Literal,NoneLiteral
q_py_topic_lists:q_py_list_access1,NumericLiteral,FloatLiteral
q_py_topic_lists:q_py_list_access1,NumericLiteral,IntegerLiteral
q_py_topic_lists:q_py_list_access1,LiteralCollection,TupleLiteral
q_py_topic_lists:q_py_list_access1,LiteralCollection,SetLiteral
q_py_topic_lists:q_py_list_access1,LiteralCollection,ListLiteral
q_py_topic_lists:q_py_list_access1,LiteralCollection,DictLiteral
q_py_topic_lists:q_py_list_access1,Error,TypeError
q_py_topic_lists:q_py_list_access1,Error,OSError
q_py_topic_lists:q_py_list_access1,Error,IndexError
q_py_topic_lists:q_py_list_access1,Error,IOError
q_py_topic_lists:q_py_list_access1,Error,FileNotFoundError
q_py_topic_lists:q_py_list_access1,Error,ValueError
q_py_topic_lists:q_py_list_access1,Error,AssertionError
q_py_topic_lists:q_py_list_access1,StringMethod,split()
q_py_topic_lists:q_py_list_access1,StringMethod,lower()
q_py_topic_lists:q_py_list_access1,MembershipOperator,in
q_py_topic_lists:q_py_list_access1,LogicalOperator,and
q_py_topic_lists:q_py_list_access1,LogicalOperator,or
q_py_topic_lists:q_py_list_access1,LogicalOperator,not
q_py_topic_lists:q_py_list_access1,ArtithmeticOperator,//
q_py_topic_lists:q_py_list_access1,ArtithmeticOperator,-
q_py_topic_lists:q_py_list_access1,ArtithmeticOperator,+
q_py_topic_lists:q_py_list_access1,ArtithmeticOperator,/
q_py_topic_lists:q_py_list_access1,ArtithmeticOperator,**
q_py_topic_lists:q_py_list_access1,ArtithmeticOperator,Modulus
q_py_topic_lists:q_py_list_access1,ArtithmeticOperator,*
q_py_topic_lists:q_py_list_access1,Statement,ExpressionStatement
q_py_topic_lists:q_py_list_access1,ConditionalStatement,IfElifElseStatement
q_py_topic_lists:q_py_list_access1,ConditionalStatement,IfStatement
q_py_topic_lists:q_py_list_access1,ConditionalStatement,IfElseStatement
q_py_topic_lists:q_py_list_access1,ConditionalStatement,IfElifStatement
q_py_topic_lists:q_py_list_access1,ImportStatement,Import
q_py_topic_lists:q_py_list_access1,ImportStatement,ImportFrom
q_py_topic_lists:q_py_list_access1,JumpStatement,PassStatement
q_py_topic_lists:q_py_list_access1,JumpStatement,BreakStatement
q_py_topic_lists:q_py_list_access1,JumpStatement,ContinueStatement
q_py_topic_lists:q_py_list_access1,JumpStatement,ReturnStatement
q_py_topic_lists:q_py_list_access1,IterationStatement,ForStatement
q_py_topic_lists:q_py_list_access1,IterationStatement,WhileStatement
q_py_topic_lists:q_py_list_access1,ExceptionHandlingStatement,TryStatement
q_py_topic_lists:q_py_list_access1,ExceptionHandlingStatement,RaiseStatement
q_py_topic_lists:q_py_list_access1,ExceptionHandlingStatement,AssertStatement
q_py_topic_lists:q_py_list_access1,AssignmentStatement,SimpleAssignmentStatement
q_py_topic_lists:q_py_list_access1,AssignmentStatement,AugmentedAssignmentStatement
q_py_topic_lists:q_py_list_access1,DefinitionStatement,FunctionDefinition
q_py_topic_lists:q_py_list_access1,DefinitionStatement,ClassDefinition
q_py_topic_lists:q_py_list_access1,BuiltInFunction,dict()
q_py_topic_lists:q_py_list_access1,BuiltInFunction,str()
q_py_topic_lists:q_py_list_access1,BuiltInFunction,next()
q_py_topic_lists:q_py_list_access1,BuiltInFunction,input()
q_py_topic_lists:q_py_list_access1,BuiltInFunction,int()
q_py_topic_lists:q_py_list_access1,BuiltInFunction,max()
q_py_topic_lists:q_py_list_access1,BuiltInFunction,float()
q_py_topic_lists:q_py_list_access1,BuiltInFunction,set()
q_py_topic_lists:q_py_list_access1,BuiltInFunction,open()
q_py_topic_lists:q_py_list_access1,BuiltInFunction,range()
q_py_topic_lists:q_py_list_access1,BuiltInFunction,tuple()
q_py_topic_lists:q_py_list_access1,BuiltInFunction,abs()
q_py_topic_lists:q_py_list_access1,BuiltInFunction,round()
q_py_topic_lists:q_py_list_access1,BuiltInFunction,len()
q_py_topic_lists:q_py_list_access1,BuiltInFunction,min()
q_py_topic_lists:q_py_list_access1,BuiltInFunction,print()
q_py_topic_lists:q_py_list_access1,BuiltInFunction,list()
q_py_topic_lists:q_py_list_access2,IterationStatement,WhileStatement
q_py_topic_lists:q_py_list_append1,SubscriptExpression,IndexingExpression
q_py_topic_lists:q_py_list_append1,SubscriptExpression,SlicingExpression
q_py_topic_lists:q_py_list_append1,Call,FunctionCall
q_py_topic_lists:q_py_list_append1,ArithmeticExpression,BinaryOperation
q_py_topic_lists:q_py_list_append1,ArithmeticExpression,UnaryOperation
q_py_topic_lists:q_py_list_append1,LogicalExpression,ComparisonExpression
q_py_topic_lists:q_py_list_append1,LogicalExpression,BooleanExpression
q_py_topic_lists:q_py_list_append1,Literal,StringLiteral
q_py_topic_lists:q_py_list_append1,Literal,BooleanLiteral
q_py_topic_lists:q_py_list_append1,Literal,NoneLiteral
q_py_topic_lists:q_py_list_append1,NumericLiteral,FloatLiteral
q_py_topic_lists:q_py_list_append1,NumericLiteral,IntegerLiteral
q_py_topic_lists:q_py_list_append1,LiteralCollection,TupleLiteral
q_py_topic_lists:q_py_list_append1,LiteralCollection,SetLiteral
q_py_topic_lists:q_py_list_append1,LiteralCollection,ListLiteral
q_py_topic_lists:q_py_list_append1,LiteralCollection,DictLiteral
q_py_topic_lists:q_py_list_append1,Error,TypeError
q_py_topic_lists:q_py_list_append1,Error,OSError
q_py_topic_lists:q_py_list_append1,Error,IndexError
q_py_topic_lists:q_py_list_append1,Error,IOError
q_py_topic_lists:q_py_list_append1,Error,FileNotFoundError
q_py_topic_lists:q_py_list_append1,Error,ValueError
q_py_topic_lists:q_py_list_append1,Error,AssertionError
q_py_topic_lists:q_py_list_append1,StringMethod,split()
q_py_topic_lists:q_py_list_append1,StringMethod,lower()
q_py_topic_lists:q_py_list_append1,StringMethod,join()
q_py_topic_lists:q_py_list_append1,StringMethod,format()
q_py_topic_lists:q_py_list_append1,StringMethod,capitalize()
q_py_topic_lists:q_py_list_append1,StringMethod,rstrip()
q_py_topic_lists:q_py_list_append1,StringMethod,replace()
q_py_topic_lists:q_py_list_append1,DictionaryMethod,values()
q_py_topic_lists:q_py_list_append1,DictionaryMethod,keys()
q_py_topic_lists:q_py_list_append1,DictionaryMethod,items()
q_py_topic_lists:q_py_list_append1,DictionaryMethod,get()
q_py_topic_lists:q_py_list_append1,ClassMethod,__init()__
q_py_topic_lists:q_py_list_append1,ListMethod,reverse()
q_py_topic_lists:q_py_list_append1,ListMethod,insert()
q_py_topic_lists:q_py_list_append1,ListMethod,remove()
q_py_topic_lists:q_py_list_append1,ListMethod,append()
q_py_topic_lists:q_py_list_append1,ListMethod,pop()
q_py_topic_lists:q_py_list_append1,FileMethod,readline()
q_py_topic_lists:q_py_list_append1,FileMethod,close()
q_py_topic_lists:q_py_list_append1,FileMethod,read()
q_py_topic_lists:q_py_list_append1,Operator,=
q_py_topic_lists:q_py_list_append1,ComparisonOperator,LessOrEqual
q_py_topic_lists:q_py_list_append1,ComparisonOperator,Less
q_py_topic_lists:q_py_list_append1,ComparisonOperator,Larger
q_py_topic_lists:q_py_list_append1,ComparisonOperator,LargerOrEqual
q_py_topic_lists:q_py_list_append1,ComparisonOperator,==
q_py_topic_lists:q_py_list_append1,ComparisonOperator,NotEqual
q_py_topic_lists:q_py_list_append1,MembershipOperator,in
q_py_topic_lists:q_py_list_append1,LogicalOperator,and
q_py_topic_lists:q_py_list_append1,LogicalOperator,or
q_py_topic_lists:q_py_list_append1,LogicalOperator,not
q_py_topic_lists:q_py_list_append1,ArtithmeticOperator,//
q_py_topic_lists:q_py_list_append1,ArtithmeticOperator,-
q_py_topic_lists:q_py_list_append1,ArtithmeticOperator,+
q_py_topic_lists:q_py_list_append1,ArtithmeticOperator,/
q_py_topic_lists:q_py_list_append1,ArtithmeticOperator,**
q_py_topic_lists:q_py_list_append1,ArtithmeticOperator,Modulus
q_py_topic_lists:q_py_list_append1,ArtithmeticOperator,*
q_py_topic_lists:q_py_list_append1,Statement,ExpressionStatement
q_py_topic_lists:q_py_list_append1,ConditionalStatement,IfElifElseStatement
q_py_topic_lists:q_py_list_append1,ConditionalStatement,IfStatement
q_py_topic_lists:q_py_list_append1,ConditionalStatement,IfElseStatement
q_py_topic_lists:q_py_list_append1,ConditionalStatement,IfElifStatement
q_py_topic_lists:q_py_list_append1,ImportStatement,Import
q_py_topic_lists:q_py_list_append1,ImportStatement,ImportFrom
q_py_topic_lists:q_py_list_append1,JumpStatement,PassStatement
q_py_topic_lists:q_py_list_append1,JumpStatement,BreakStatement
q_py_topic_lists:q_py_list_append1,JumpStatement,ContinueStatement
q_py_topic_lists:q_py_list_append1,JumpStatement,ReturnStatement
q_py_topic_lists:q_py_list_append1,IterationStatement,ForStatement
q_py_topic_lists:q_py_list_append1,IterationStatement,WhileStatement
q_py_topic_lists:q_py_list_append1,ExceptionHandlingStatement,TryStatement
q_py_topic_lists:q_py_list_remove1,StringMethod,join()
q_py_topic_lists:q_py_list_remove1,StringMethod,format()
q_py_topic_lists:q_py_list_remove1,StringMethod,capitalize()
q_py_topic_lists:q_py_list_remove1,StringMethod,rstrip()
q_py_topic_lists:q_py_list_remove1,StringMethod,replace()
q_py_topic_lists:q_py_list_remove1,DictionaryMethod,values()
q_py_topic_lists:q_py_list_remove1,DictionaryMethod,keys()
q_py_topic_lists:q_py_list_remove1,DictionaryMethod,items()
q_py_topic_lists:q_py_list_remove1,DictionaryMethod,get()
q_py_topic_lists:q_py_list_remove1,ClassMethod,__init()__
q_py_topic_lists:q_py_list_remove1,ListMethod,reverse()
q_py_topic_lists:q_py_list_remove1,ListMethod,insert()
q_py_topic_lists:q_py_list_remove1,ListMethod,remove()
q_py_topic_lists:q_py_list_remove1,ListMethod,append()
q_py_topic_lists:q_py_list_remove1,ListMethod,pop()
q_py_topic_lists:q_py_list_remove1,FileMethod,readline()
q_py_topic_lists:q_py_list_remove1,FileMethod,close()
q_py_topic_lists:q_py_list_remove1,FileMethod,read()
q_py_topic_lists:q_py_list_remove1,Operator,=
q_py_topic_lists:q_py_list_remove1,ComparisonOperator,LessOrEqual
q_py_topic_lists:q_py_list_remove1,ComparisonOperator,Less
q_py_topic_lists:q_py_list_remove1,ComparisonOperator,Larger
q_py_topic_lists:q_py_list_remove1,ComparisonOperator,LargerOrEqual
q_py_topic_lists:q_py_list_remove1,ComparisonOperator,==
q_py_topic_lists:q_py_list_remove1,ComparisonOperator,NotEqual
q_py_topic_logical_operators:q_py_account_logic1,StringMethod,join()
q_py_topic_logical_operators:q_py_account_logic1,StringMethod,format()
q_py_topic_logical_operators:q_py_account_logic1,StringMethod,capitalize()
q_py_topic_logical_operators:q_py_account_logic1,StringMethod,rstrip()
q_py_topic_logical_operators:q_py_account_logic1,StringMethod,replace()
q_py_topic_logical_operators:q_py_account_logic1,DictionaryMethod,values()
q_py_topic_logical_operators:q_py_account_logic1,DictionaryMethod,keys()
q_py_topic_logical_operators:q_py_account_logic1,DictionaryMethod,items()
q_py_topic_logical_operators:q_py_account_logic1,DictionaryMethod,get()
q_py_topic_logical_operators:q_py_account_logic1,ClassMethod,__init()__
q_py_topic_logical_operators:q_py_account_logic1,ListMethod,reverse()
q_py_topic_logical_operators:q_py_account_logic1,ListMethod,insert()
q_py_topic_logical_operators:q_py_account_logic1,ListMethod,remove()
q_py_topic_logical_operators:q_py_account_logic1,ListMethod,append()
q_py_topic_logical_operators:q_py_account_logic1,ListMethod,pop()
q_py_topic_logical_operators:q_py_account_logic1,FileMethod,readline()
q_py_topic_logical_operators:q_py_account_logic1,FileMethod,close()
q_py_topic_logical_operators:q_py_account_logic1,FileMethod,read()
q_py_topic_logical_operators:q_py_account_logic1,Operator,=
q_py_topic_logical_operators:q_py_account_logic1,ComparisonOperator,LessOrEqual
q_py_topic_logical_operators:q_py_account_logic1,ComparisonOperator,Less
q_py_topic_logical_operators:q_py_account_logic1,ComparisonOperator,Larger
q_py_topic_logical_operators:q_py_account_logic1,ComparisonOperator,LargerOrEqual
q_py_topic_logical_operators:q_py_account_logic1,ComparisonOperator,==
q_py_topic_logical_operators:q_py_account_logic1,ComparisonOperator,NotEqual
q_py_topic_logical_operators:q_py_comparison_logic1,MembershipOperator,in
q_py_topic_logical_operators:q_py_comparison_logic1,LogicalOperator,and
q_py_topic_logical_operators:q_py_comparison_logic1,LogicalOperator,or
q_py_topic_logical_operators:q_py_comparison_logic1,LogicalOperator,not
q_py_topic_logical_operators:q_py_comparison_logic1,ArtithmeticOperator,//
q_py_topic_logical_operators:q_py_comparison_logic1,ArtithmeticOperator,-
q_py_topic_logical_operators:q_py_comparison_logic1,ArtithmeticOperator,+
q_py_topic_logical_operators:q_py_comparison_logic1,ArtithmeticOperator,/
q_py_topic_logical_operators:q_py_comparison_logic1,ArtithmeticOperator,**
q_py_topic_logical_operators:q_py_comparison_logic1,ArtithmeticOperator,Modulus
q_py_topic_logical_operators:q_py_comparison_logic1,ArtithmeticOperator,*
q_py_topic_logical_operators:q_py_comparison_logic1,Statement,ExpressionStatement
q_py_topic_logical_operators:q_py_comparison_logic1,ConditionalStatement,IfElifElseStatement
q_py_topic_logical_operators:q_py_comparison_logic1,ConditionalStatement,IfStatement
q_py_topic_logical_operators:q_py_comparison_logic1,ConditionalStatement,IfElseStatement
q_py_topic_logical_operators:q_py_comparison_logic1,ConditionalStatement,IfElifStatement
q_py_topic_logical_operators:q_py_comparison_logic1,ImportStatement,Import
q_py_topic_logical_operators:q_py_comparison_logic1,ImportStatement,ImportFrom
q_py_topic_logical_operators:q_py_comparison_logic1,JumpStatement,PassStatement
q_py_topic_logical_operators:q_py_comparison_logic1,JumpStatement,BreakStatement
q_py_topic_logical_operators:q_py_comparison_logic1,JumpStatement,ContinueStatement
q_py_topic_logical_operators:q_py_comparison_logic1,JumpStatement,ReturnStatement
q_py_topic_logical_operators:q_py_comparison_logic1,IterationStatement,ForStatement
q_py_topic_logical_operators:q_py_comparison_logic1,IterationStatement,WhileStatement
q_py_topic_logical_operators:q_py_comparison_logic1,ExceptionHandlingStatement,TryStatement
q_py_topic_logical_operators:q_py_comparison_logic1,AssignmentStatement,AugmentedAssignmentStatement
q_py_topic_loops:q_py_for_loop1,StringMethod,join()
q_py_topic_loops:q_py_for_loop1,StringMethod,format()
q_py_topic_loops:q_py_for_loop1,StringMethod,capitalize()
q_py_topic_loops:q_py_for_loop1,StringMethod,rstrip()
q_py_topic_loops:q_py_for_loop1,StringMethod,replace()
q_py_topic_loops:q_py_for_loop1,DictionaryMethod,values()
q_py_topic_loops:q_py_for_loop1,DictionaryMethod,keys()
q_py_topic_loops:q_py_for_loop1,DictionaryMethod,items()
q_py_topic_loops:q_py_for_loop1,DictionaryMethod,get()
q_py_topic_loops:q_py_for_loop1,ClassMethod,__init()__
q_py_topic_loops:q_py_for_loop1,ListMethod,reverse()
q_py_topic_loops:q_py_for_loop1,ListMethod,insert()
q_py_topic_loops:q_py_for_loop1,ListMethod,remove()
q_py_topic_loops:q_py_for_loop1,ListMethod,append()
q_py_topic_loops:q_py_for_loop1,ListMethod,pop()
q_py_topic_loops:q_py_for_loop1,FileMethod,readline()
q_py_topic_loops:q_py_for_loop1,FileMethod,close()
q_py_topic_loops:q_py_for_loop1,FileMethod,read()
q_py_topic_loops:q_py_for_loop1,Operator,=
q_py_topic_loops:q_py_for_loop1,ComparisonOperator,LessOrEqual
q_py_topic_loops:q_py_for_loop1,ComparisonOperator,Less
q_py_topic_loops:q_py_for_loop1,ComparisonOperator,Larger
q_py_topic_loops:q_py_for_loop1,ComparisonOperator,LargerOrEqual
q_py_topic_loops:q_py_for_loop1,ComparisonOperator,==
q_py_topic_loops:q_py_for_loop1,ComparisonOperator,NotEqual
q_py_topic_loops:q_py_for_loop1,MembershipOperator,in
q_py_topic_loops:q_py_for_loop1,LogicalOperator,and
q_py_topic_loops:q_py_for_loop1,LogicalOperator,or
q_py_topic_loops:q_py_for_loop1,LogicalOperator,not
q_py_topic_loops:q_py_for_loop1,ArtithmeticOperator,//
q_py_topic_loops:q_py_for_loop1,ArtithmeticOperator,-
q_py_topic_loops:q_py_for_loop1,ArtithmeticOperator,+
q_py_topic_loops:q_py_for_loop1,ArtithmeticOperator,/
q_py_topic_loops:q_py_for_loop1,ArtithmeticOperator,**
q_py_topic_loops:q_py_for_loop1,ArtithmeticOperator,Modulus
q_py_topic_loops:q_py_for_loop1,ArtithmeticOperator,*
q_py_topic_loops:q_py_for_loop1,Statement,ExpressionStatement
q_py_topic_loops:q_py_for_loop1,ConditionalStatement,IfElifElseStatement
q_py_topic_loops:q_py_for_loop1,ConditionalStatement,IfStatement
q_py_topic_loops:q_py_for_loop1,ConditionalStatement,IfElseStatement
q_py_topic_loops:q_py_for_loop1,ConditionalStatement,IfElifStatement
q_py_topic_loops:q_py_for_loop1,ImportStatement,Import
q_py_topic_loops:q_py_for_loop1,ImportStatement,ImportFrom
q_py_topic_loops:q_py_for_loop1,JumpStatement,PassStatement
q_py_topic_loops:q_py_for_loop1,JumpStatement,BreakStatement
q_py_topic_loops:q_py_for_loop1,JumpStatement,ContinueStatement
q_py_topic_loops:q_py_for_loop1,JumpStatement,ReturnStatement
q_py_topic_loops:q_py_for_loop1,IterationStatement,ForStatement
q_py_topic_loops:q_py_for_loop1,IterationStatement,WhileStatement
q_py_topic_loops:q_py_for_loop1,ExceptionHandlingStatement,TryStatement
q_py_topic_loops:q_py_nested_while1,MembershipOperator,in
q_py_topic_loops:q_py_nested_while1,LogicalOperator,and
q_py_topic_loops:q_py_nested_while1,LogicalOperator,or
q_py_topic_loops:q_py_nested_while1,LogicalOperator,not
q_py_topic_loops:q_py_nested_while1,ArtithmeticOperator,//
q_py_topic_loops:q_py_nested_while1,ArtithmeticOperator,-
q_py_topic_loops:q_py_nested_while1,ArtithmeticOperator,+
q_py_topic_loops:q_py_nested_while1,ArtithmeticOperator,/
q_py_topic_loops:q_py_nested_while1,ArtithmeticOperator,**
q_py_topic_loops:q_py_nested_while1,ArtithmeticOperator,Modulus
q_py_topic_loops:q_py_nested_while1,ArtithmeticOperator,*
q_py_topic_loops:q_py_nested_while1,Statement,ExpressionStatement
q_py_topic_loops:q_py_nested_while1,ConditionalStatement,IfElifElseStatement
q_py_topic_loops:q_py_nested_while1,ConditionalStatement,IfStatement
q_py_topic_loops:q_py_nested_while1,ConditionalStatement,IfElseStatement
q_py_topic_loops:q_py_nested_while1,ConditionalStatement,IfElifStatement
q_py_topic_loops:q_py_nested_while1,ImportStatement,Import
q_py_topic_loops:q_py_nested_while1,ImportStatement,ImportFrom
q_py_topic_loops:q_py_nested_while1,JumpStatement,PassStatement
q_py_topic_loops:q_py_nested_while1,JumpStatement,BreakStatement
q_py_topic_loops:q_py_nested_while1,JumpStatement,ContinueStatement
q_py_topic_loops:q_py_nested_while1,JumpStatement,ReturnStatement
q_py_topic_loops:q_py_nested_while1,IterationStatement,ForStatement
q_py_topic_loops:q_py_nested_while1,IterationStatement,WhileStatement
q_py_topic_loops:q_py_nested_while1,ExceptionHandlingStatement,TryStatement
q_py_topic_loops:q_py_while_loop1,IterationStatement,ForStatement
q_py_topic_output_formatting:q_py_output1,JumpStatement,ContinueStatement
q_py_topic_output_formatting:q_py_output2,JumpStatement,ContinueStatement
q_py_topic_output_formatting:q_py_output2,ExceptionHandlingStatement,RaiseStatement
q_py_topic_output_formatting:q_py_output2,ExceptionHandlingStatement,AssertStatement
q_py_topic_output_formatting:q_py_output2,AssignmentStatement,SimpleAssignmentStatement
q_py_topic_output_formatting:q_py_output2,AssignmentStatement,AugmentedAssignmentStatement
q_py_topic_output_formatting:q_py_output2,DefinitionStatement,FunctionDefinition
q_py_topic_output_formatting:q_py_output2,DefinitionStatement,ClassDefinition
q_py_topic_output_formatting:q_py_output2,BuiltInFunction,dict()
q_py_topic_output_formatting:q_py_output2,BuiltInFunction,str()
q_py_topic_output_formatting:q_py_output2,BuiltInFunction,next()
q_py_topic_output_formatting:q_py_output2,BuiltInFunction,input()
q_py_topic_output_formatting:q_py_output2,BuiltInFunction,int()
q_py_topic_output_formatting:q_py_output2,BuiltInFunction,max()
q_py_topic_output_formatting:q_py_output2,BuiltInFunction,float()
q_py_topic_output_formatting:q_py_output2,BuiltInFunction,set()
q_py_topic_output_formatting:q_py_output2,BuiltInFunction,open()
q_py_topic_output_formatting:q_py_output2,BuiltInFunction,range()
q_py_topic_output_formatting:q_py_output2,BuiltInFunction,tuple()
q_py_topic_output_formatting:q_py_output2,BuiltInFunction,abs()
q_py_topic_output_formatting:q_py_output2,BuiltInFunction,round()
q_py_topic_output_formatting:q_py_output2,BuiltInFunction,len()
q_py_topic_output_formatting:q_py_output2,BuiltInFunction,min()
q_py_topic_output_formatting:q_py_output2,BuiltInFunction,print()
q_py_topic_output_formatting:q_py_output2,BuiltInFunction,list()
q_py_topic_output_formatting:q_py_output3,Call,FunctionCall
q_py_topic_output_formatting:q_py_output3,MembershipOperator,in
q_py_topic_output_formatting:q_py_output3,LogicalOperator,and
q_py_topic_output_formatting:q_py_output3,LogicalOperator,or
q_py_topic_output_formatting:q_py_output3,LogicalOperator,not
q_py_topic_output_formatting:q_py_output3,ArtithmeticOperator,//
q_py_topic_output_formatting:q_py_output3,ArtithmeticOperator,/
q_py_topic_output_formatting:q_py_output3,ArtithmeticOperator,**
q_py_topic_output_formatting:q_py_output3,ArtithmeticOperator,Modulus
q_py_topic_output_formatting:q_py_output3,ConditionalStatement,IfElifElseStatement
q_py_topic_output_formatting:q_py_output3,ConditionalStatement,IfStatement
q_py_topic_output_formatting:q_py_output3,ConditionalStatement,IfElseStatement
q_py_topic_output_formatting:q_py_output3,ConditionalStatement,IfElifStatement
q_py_topic_output_formatting:q_py_output3,ImportStatement,Import
q_py_topic_output_formatting:q_py_output3,ImportStatement,ImportFrom
q_py_topic_output_formatting:q_py_output3,JumpStatement,PassStatement
q_py_topic_output_formatting:q_py_output3,JumpStatement,BreakStatement
q_py_topic_output_formatting:q_py_output3,JumpStatement,ContinueStatement
q_py_topic_output_formatting:q_py_output3,JumpStatement,ReturnStatement
q_py_topic_output_formatting:q_py_output3,IterationStatement,ForStatement
q_py_topic_output_formatting:q_py_output3,IterationStatement,WhileStatement
q_py_topic_output_formatting:q_py_output3,ExceptionHandlingStatement,TryStatement
q_py_topic_output_formatting:q_py_output4,SubscriptExpression,IndexingExpression
q_py_topic_output_formatting:q_py_output4,SubscriptExpression,SlicingExpression
q_py_topic_output_formatting:q_py_output4,Call,FunctionCall
q_py_topic_output_formatting:q_py_output4,ArithmeticExpression,BinaryOperation
q_py_topic_output_formatting:q_py_output4,ArithmeticExpression,UnaryOperation
q_py_topic_output_formatting:q_py_output4,LogicalExpression,ComparisonExpression
q_py_topic_output_formatting:q_py_output4,LogicalExpression,BooleanExpression
q_py_topic_output_formatting:q_py_output4,Literal,StringLiteral
q_py_topic_output_formatting:q_py_output4,Literal,BooleanLiteral
q_py_topic_output_formatting:q_py_output4,Literal,NoneLiteral
q_py_topic_output_formatting:q_py_output4,NumericLiteral,FloatLiteral
q_py_topic_output_formatting:q_py_output4,NumericLiteral,IntegerLiteral
q_py_topic_output_formatting:q_py_output4,LiteralCollection,TupleLiteral
q_py_topic_output_formatting:q_py_output4,LiteralCollection,SetLiteral
q_py_topic_output_formatting:q_py_output4,LiteralCollection,ListLiteral
q_py_topic_output_formatting:q_py_output4,LiteralCollection,DictLiteral
q_py_topic_output_formatting:q_py_output4,Error,TypeError
q_py_topic_output_formatting:q_py_output4,Error,OSError
q_py_topic_output_formatting:q_py_output4,Error,IndexError
q_py_topic_output_formatting:q_py_output4,Error,IOError
q_py_topic_output_formatting:q_py_output4,Error,FileNotFoundError
q_py_topic_output_formatting:q_py_output4,Error,ValueError
q_py_topic_output_formatting:q_py_output4,Error,AssertionError
q_py_topic_output_formatting:q_py_output4,StringMethod,split()
q_py_topic_output_formatting:q_py_output4,StringMethod,lower()
q_py_topic_output_formatting:q_py_output4,ImportStatement,ImportFrom
q_py_topic_output_formatting:q_py_output4,BuiltInFunction,list()
q_py_topic_references:q_py_int_ref1,StringMethod,join()
q_py_topic_references:q_py_int_ref1,StringMethod,format()
q_py_topic_references:q_py_int_ref1,StringMethod,capitalize()
q_py_topic_references:q_py_int_ref1,StringMethod,rstrip()
q_py_topic_references:q_py_int_ref1,StringMethod,replace()
q_py_topic_references:q_py_int_ref1,DictionaryMethod,values()
q_py_topic_references:q_py_int_ref1,DictionaryMethod,keys()
q_py_topic_references:q_py_int_ref1,DictionaryMethod,items()
q_py_topic_references:q_py_int_ref1,DictionaryMethod,get()
q_py_topic_references:q_py_int_ref1,ClassMethod,__init()__
q_py_topic_references:q_py_int_ref1,ListMethod,reverse()
q_py_topic_references:q_py_int_ref1,ListMethod,insert()
q_py_topic_references:q_py_int_ref1,ListMethod,remove()
q_py_topic_references:q_py_int_ref1,ListMethod,append()
q_py_topic_references:q_py_int_ref1,ListMethod,pop()
q_py_topic_references:q_py_int_ref1,FileMethod,readline()
q_py_topic_references:q_py_int_ref1,FileMethod,close()
q_py_topic_references:q_py_int_ref1,FileMethod,read()
q_py_topic_references:q_py_int_ref1,Operator,=
q_py_topic_references:q_py_int_ref1,ComparisonOperator,LessOrEqual
q_py_topic_references:q_py_int_ref1,ComparisonOperator,Less
q_py_topic_references:q_py_int_ref1,ComparisonOperator,Larger
q_py_topic_references:q_py_int_ref1,ComparisonOperator,LargerOrEqual
q_py_topic_references:q_py_int_ref1,ComparisonOperator,==
q_py_topic_references:q_py_int_ref1,ComparisonOperator,NotEqual
q_py_topic_references:q_py_int_ref1,MembershipOperator,in
q_py_topic_references:q_py_int_ref1,LogicalOperator,and
q_py_topic_references:q_py_int_ref1,LogicalOperator,or
q_py_topic_references:q_py_int_ref1,LogicalOperator,not
q_py_topic_references:q_py_int_ref1,ArtithmeticOperator,//
q_py_topic_references:q_py_int_ref1,ArtithmeticOperator,-
q_py_topic_references:q_py_int_ref1,ArtithmeticOperator,+
q_py_topic_references:q_py_int_ref1,ArtithmeticOperator,/
q_py_topic_references:q_py_int_ref1,ArtithmeticOperator,**
q_py_topic_references:q_py_int_ref1,ArtithmeticOperator,Modulus
q_py_topic_references:q_py_int_ref1,ArtithmeticOperator,*
q_py_topic_references:q_py_int_ref1,Statement,ExpressionStatement
q_py_topic_references:q_py_int_ref1,ConditionalStatement,IfElifElseStatement
q_py_topic_references:q_py_int_ref1,ConditionalStatement,IfStatement
q_py_topic_references:q_py_int_ref1,ConditionalStatement,IfElseStatement
q_py_topic_references:q_py_int_ref1,ConditionalStatement,IfElifStatement
q_py_topic_references:q_py_int_ref1,ImportStatement,Import
q_py_topic_references:q_py_int_ref1,ImportStatement,ImportFrom
q_py_topic_references:q_py_int_ref1,JumpStatement,PassStatement
q_py_topic_references:q_py_int_ref1,JumpStatement,BreakStatement
q_py_topic_references:q_py_int_ref1,JumpStatement,ContinueStatement
q_py_topic_references:q_py_int_ref1,JumpStatement,ReturnStatement
q_py_topic_references:q_py_int_ref1,IterationStatement,ForStatement
q_py_topic_references:q_py_int_ref1,IterationStatement,WhileStatement
q_py_topic_references:q_py_int_ref1,ExceptionHandlingStatement,TryStatement
q_py_topic_references:q_py_list_int_ref1,SubscriptExpression,IndexingExpression
q_py_topic_references:q_py_list_int_ref1,SubscriptExpression,SlicingExpression
q_py_topic_references:q_py_list_int_ref1,Call,FunctionCall
q_py_topic_references:q_py_list_int_ref1,ArithmeticExpression,BinaryOperation
q_py_topic_references:q_py_list_int_ref1,ArithmeticExpression,UnaryOperation
q_py_topic_references:q_py_list_int_ref1,LogicalExpression,ComparisonExpression
q_py_topic_references:q_py_list_int_ref1,LogicalExpression,BooleanExpression
q_py_topic_references:q_py_list_int_ref1,Literal,StringLiteral
q_py_topic_references:q_py_list_int_ref1,Literal,BooleanLiteral
q_py_topic_references:q_py_list_int_ref1,Literal,NoneLiteral
q_py_topic_references:q_py_list_int_ref1,NumericLiteral,FloatLiteral
q_py_topic_references:q_py_list_int_ref1,NumericLiteral,IntegerLiteral
q_py_topic_references:q_py_list_int_ref1,LiteralCollection,TupleLiteral
q_py_topic_references:q_py_list_int_ref1,LiteralCollection,SetLiteral
q_py_topic_references:q_py_list_int_ref1,LiteralCollection,ListLiteral
q_py_topic_references:q_py_list_int_ref1,LiteralCollection,DictLiteral
q_py_topic_references:q_py_list_int_ref1,Error,TypeError
q_py_topic_references:q_py_list_int_ref1,Error,OSError
q_py_topic_references:q_py_list_int_ref1,Error,IndexError
q_py_topic_references:q_py_list_int_ref1,Error,IOError
q_py_topic_references:q_py_list_int_ref1,Error,FileNotFoundError
q_py_topic_references:q_py_list_int_ref1,Error,ValueError
q_py_topic_references:q_py_list_int_ref1,Error,AssertionError
q_py_topic_references:q_py_list_int_ref1,StringMethod,split()
q_py_topic_references:q_py_list_int_ref1,StringMethod,lower()
q_py_topic_references:q_py_list_int_ref1,MembershipOperator,in
q_py_topic_references:q_py_list_int_ref1,LogicalOperator,and
q_py_topic_references:q_py_list_int_ref1,LogicalOperator,or
q_py_topic_references:q_py_list_int_ref1,LogicalOperator,not
q_py_topic_references:q_py_list_int_ref1,ArtithmeticOperator,//
q_py_topic_references:q_py_list_int_ref1,ArtithmeticOperator,-
q_py_topic_references:q_py_list_int_ref1,ArtithmeticOperator,+
q_py_topic_references:q_py_list_int_ref1,ArtithmeticOperator,/
q_py_topic_references:q_py_list_int_ref1,ArtithmeticOperator,**
q_py_topic_references:q_py_list_int_ref1,ArtithmeticOperator,Modulus
q_py_topic_references:q_py_list_int_ref1,ArtithmeticOperator,*
q_py_topic_references:q_py_list_int_ref1,Statement,ExpressionStatement
q_py_topic_references:q_py_list_int_ref1,ConditionalStatement,IfElifElseStatement
q_py_topic_references:q_py_list_int_ref1,ConditionalStatement,IfStatement
q_py_topic_references:q_py_list_int_ref1,ConditionalStatement,IfElseStatement
q_py_topic_references:q_py_list_int_ref1,ConditionalStatement,IfElifStatement
q_py_topic_references:q_py_list_int_ref1,ImportStatement,Import
q_py_topic_references:q_py_list_int_ref1,ImportStatement,ImportFrom
q_py_topic_references:q_py_list_int_ref1,JumpStatement,PassStatement
q_py_topic_references:q_py_list_int_ref1,JumpStatement,BreakStatement
q_py_topic_references:q_py_list_int_ref1,JumpStatement,ContinueStatement
q_py_topic_references:q_py_list_int_ref1,JumpStatement,ReturnStatement
q_py_topic_references:q_py_list_int_ref1,IterationStatement,ForStatement
q_py_topic_references:q_py_list_int_ref1,IterationStatement,WhileStatement
q_py_topic_references:q_py_list_int_ref1,ExceptionHandlingStatement,TryStatement
q_py_topic_strings:q_py_concat_strings1,SubscriptExpression,IndexingExpression
q_py_topic_strings:q_py_concat_strings1,SubscriptExpression,SlicingExpression
q_py_topic_strings:q_py_concat_strings1,Call,FunctionCall
q_py_topic_strings:q_py_concat_strings1,ArithmeticExpression,BinaryOperation
q_py_topic_strings:q_py_concat_strings1,ArithmeticExpression,UnaryOperation
q_py_topic_strings:q_py_concat_strings1,LogicalExpression,ComparisonExpression
q_py_topic_strings:q_py_concat_strings1,LogicalExpression,BooleanExpression
q_py_topic_strings:q_py_concat_strings1,Literal,StringLiteral
q_py_topic_strings:q_py_concat_strings1,Literal,BooleanLiteral
q_py_topic_strings:q_py_concat_strings1,Literal,NoneLiteral
q_py_topic_strings:q_py_concat_strings1,NumericLiteral,FloatLiteral
q_py_topic_strings:q_py_concat_strings1,NumericLiteral,IntegerLiteral
q_py_topic_strings:q_py_concat_strings1,LiteralCollection,TupleLiteral
q_py_topic_strings:q_py_concat_strings1,LiteralCollection,SetLiteral
q_py_topic_strings:q_py_concat_strings1,LiteralCollection,ListLiteral
q_py_topic_strings:q_py_concat_strings1,LiteralCollection,DictLiteral
q_py_topic_strings:q_py_concat_strings1,Error,TypeError
q_py_topic_strings:q_py_concat_strings1,Error,OSError
q_py_topic_strings:q_py_concat_strings1,Error,IndexError
q_py_topic_strings:q_py_concat_strings1,Error,IOError
q_py_topic_strings:q_py_concat_strings1,Error,FileNotFoundError
q_py_topic_strings:q_py_concat_strings1,Error,ValueError
q_py_topic_strings:q_py_concat_strings1,Error,AssertionError
q_py_topic_strings:q_py_concat_strings1,StringMethod,split()
q_py_topic_strings:q_py_concat_strings1,StringMethod,lower()
q_py_topic_strings:q_py_concat_strings1,JumpStatement,BreakStatement
ae_adl_objects3,StringMethod,join()
ae_adl_objects3,StringMethod,format()
ae_adl_objects3,StringMethod,capitalize()
ae_adl_objects3,StringMethod,rstrip()
ae_adl_objects3,StringMethod,replace()
ae_adl_objects3,DictionaryMethod,values()
ae_adl_objects3,DictionaryMethod,keys()
ae_adl_objects3,DictionaryMethod,items()
ae_adl_objects3,DictionaryMethod,get()
ae_adl_objects3,ClassMethod,__init()__
ae_adl_objects3,ListMethod,reverse()
ae_adl_objects3,ListMethod,insert()
ae_adl_objects3,ListMethod,remove()
ae_adl_objects3,ListMethod,append()
ae_adl_objects3,ListMethod,pop()
ae_adl_objects3,FileMethod,readline()
ae_adl_objects3,FileMethod,close()
ae_adl_objects3,FileMethod,read()
ae_adl_objects3,Operator,=
ae_adl_objects3,ComparisonOperator,LessOrEqual
ae_adl_objects3,ComparisonOperator,Less
ae_adl_objects3,ComparisonOperator,Larger
ae_adl_objects3,ComparisonOperator,LargerOrEqual
ae_adl_objects3,ComparisonOperator,==
ae_adl_objects3,ComparisonOperator,NotEqual
ae_python_float,ExceptionHandlingStatement,RaiseStatement
ae_python_float,ExceptionHandlingStatement,AssertStatement
ae_python_float,AssignmentStatement,SimpleAssignmentStatement
ae_python_float,AssignmentStatement,AugmentedAssignmentStatement
ae_python_float,DefinitionStatement,FunctionDefinition
ae_python_float,DefinitionStatement,ClassDefinition
ae_python_float,BuiltInFunction,dict()
ae_python_float,BuiltInFunction,str()
ae_python_float,BuiltInFunction,next()
ae_python_float,BuiltInFunction,input()
ae_python_float,BuiltInFunction,int()
ae_python_float,BuiltInFunction,max()
ae_python_float,BuiltInFunction,float()
ae_python_float,BuiltInFunction,set()
ae_python_float,BuiltInFunction,open()
ae_python_float,BuiltInFunction,range()
ae_python_float,BuiltInFunction,tuple()
ae_python_float,BuiltInFunction,abs()
ae_python_float,BuiltInFunction,round()
ae_python_float,BuiltInFunction,len()
ae_python_float,BuiltInFunction,min()
ae_python_float,BuiltInFunction,print()
ae_python_float,BuiltInFunction,list()
ae_python_while,IterationStatement,ForStatement
ae_python_for,StringMethod,join()
ae_python_for,StringMethod,format()
ae_python_for,StringMethod,capitalize()
ae_python_for,StringMethod,rstrip()
ae_python_for,StringMethod,replace()
ae_python_for,DictionaryMethod,values()
ae_python_for,DictionaryMethod,keys()
ae_python_for,DictionaryMethod,items()
ae_python_for,DictionaryMethod,get()
ae_python_for,ClassMethod,__init()__
ae_python_for,ListMethod,reverse()
ae_python_for,ListMethod,insert()
ae_python_for,ListMethod,remove()
ae_python_for,ListMethod,append()
ae_python_for,ListMethod,pop()
ae_python_for,FileMethod,readline()
ae_python_for,FileMethod,close()
ae_python_for,FileMethod,read()
ae_python_for,Operator,=
ae_python_for,ComparisonOperator,LessOrEqual
ae_python_for,ComparisonOperator,Less
ae_python_for,ComparisonOperator,Larger
ae_python_for,ComparisonOperator,LargerOrEqual
ae_python_for,ComparisonOperator,==
ae_python_for,ComparisonOperator,NotEqual
ae_python_for,ArtithmeticOperator,+
ae_python_for,IterationStatement,WhileStatement
ae_python_function,MembershipOperator,in
ae_python_function,LogicalOperator,and
ae_python_function,LogicalOperator,or
ae_python_function,LogicalOperator,not
ae_python_function,ArtithmeticOperator,//
ae_python_function,ArtithmeticOperator,-
ae_python_function,ArtithmeticOperator,+
ae_python_function,ArtithmeticOperator,/
ae_python_function,ArtithmeticOperator,**
ae_python_function,ArtithmeticOperator,Modulus
ae_python_function,ArtithmeticOperator,*
ae_python_function,Statement,ExpressionStatement
ae_python_function,ConditionalStatement,IfElifElseStatement
ae_python_function,ConditionalStatement,IfStatement
ae_python_function,ConditionalStatement,IfElseStatement
ae_python_function,ConditionalStatement,IfElifStatement
ae_python_function,ImportStatement,Import
ae_python_function,ImportStatement,ImportFrom
ae_python_function,JumpStatement,PassStatement
ae_python_function,JumpStatement,BreakStatement
ae_python_function,JumpStatement,ContinueStatement
ae_python_function,JumpStatement,ReturnStatement
ae_python_function,IterationStatement,ForStatement
ae_python_function,IterationStatement,WhileStatement
ae_python_function,ExceptionHandlingStatement,TryStatement
ae_python_list,SubscriptExpression,IndexingExpression
ae_python_list,SubscriptExpression,SlicingExpression
ae_python_list,Call,FunctionCall
ae_python_list,ArithmeticExpression,BinaryOperation
ae_python_list,ArithmeticExpression,UnaryOperation
ae_python_list,LogicalExpression,ComparisonExpression
ae_python_list,LogicalExpression,BooleanExpression
ae_python_list,Literal,StringLiteral
ae_python_list,Literal,BooleanLiteral
ae_python_list,Literal,NoneLiteral
ae_python_list,NumericLiteral,FloatLiteral
ae_python_list,NumericLiteral,IntegerLiteral
ae_python_list,LiteralCollection,TupleLiteral
ae_python_list,LiteralCollection,SetLiteral
ae_python_list,LiteralCollection,ListLiteral
ae_python_list,LiteralCollection,DictLiteral
ae_python_list,Error,TypeError
ae_python_list,Error,OSError
ae_python_list,Error,IndexError
ae_python_list,Error,IOError
ae_python_list,Error,FileNotFoundError
ae_python_list,Error,ValueError
ae_python_list,Error,AssertionError
ae_python_list,StringMethod,split()
ae_python_list,StringMethod,lower()
ae_python_list,MembershipOperator,in
ae_python_list,LogicalOperator,and
ae_python_list,LogicalOperator,or
ae_python_list,LogicalOperator,not
ae_python_list,ArtithmeticOperator,//
ae_python_list,ArtithmeticOperator,-
ae_python_list,ArtithmeticOperator,+
ae_python_list,ArtithmeticOperator,/
ae_python_list,ArtithmeticOperator,**
ae_python_list,ArtithmeticOperator,Modulus
ae_python_list,ArtithmeticOperator,*
ae_python_list,Statement,ExpressionStatement
ae_python_list,ConditionalStatement,IfElifElseStatement
ae_python_list,ConditionalStatement,IfStatement
ae_python_list,ConditionalStatement,IfElseStatement
ae_python_list,ConditionalStatement,IfElifStatement
ae_python_list,ImportStatement,Import
ae_python_list,ImportStatement,ImportFrom
ae_python_list,JumpStatement,PassStatement
ae_python_list,JumpStatement,BreakStatement
ae_python_list,JumpStatement,ContinueStatement
ae_python_list,JumpStatement,ReturnStatement
ae_python_list,IterationStatement,ForStatement
ae_python_list,IterationStatement,WhileStatement
ae_python_list,ExceptionHandlingStatement,TryStatement
ae_python_split,MembershipOperator,in
ae_python_split,LogicalOperator,and
ae_python_split,LogicalOperator,or
ae_python_split,LogicalOperator,not
ae_python_split,ArtithmeticOperator,//
ae_python_split,ArtithmeticOperator,-
ae_python_split,ArtithmeticOperator,+
ae_python_split,ArtithmeticOperator,/
ae_python_split,ArtithmeticOperator,**
ae_python_split,ArtithmeticOperator,Modulus
ae_python_split,ArtithmeticOperator,*
ae_python_split,Statement,ExpressionStatement
ae_python_split,ConditionalStatement,IfElifElseStatement
ae_python_split,ConditionalStatement,IfStatement
ae_python_split,ConditionalStatement,IfElseStatement
ae_python_split,ConditionalStatement,IfElifStatement
ae_python_split,ImportStatement,Import
ae_python_split,ImportStatement,ImportFrom
ae_python_split,JumpStatement,PassStatement
ae_python_split,JumpStatement,BreakStatement
ae_python_split,JumpStatement,ContinueStatement
ae_python_split,JumpStatement,ReturnStatement
ae_python_split,IterationStatement,ForStatement
ae_python_split,IterationStatement,WhileStatement
ae_python_split,ExceptionHandlingStatement,TryStatement
ae_python_split,ExceptionHandlingStatement,RaiseStatement
ae_python_split,ExceptionHandlingStatement,AssertStatement
ae_python_split,AssignmentStatement,SimpleAssignmentStatement
ae_python_split,AssignmentStatement,AugmentedAssignmentStatement
ae_python_split,DefinitionStatement,FunctionDefinition
ae_python_split,DefinitionStatement,ClassDefinition
ae_python_split,BuiltInFunction,dict()
ae_python_split,BuiltInFunction,str()
ae_python_split,BuiltInFunction,next()
ae_python_split,BuiltInFunction,input()
ae_python_split,BuiltInFunction,int()
ae_python_split,BuiltInFunction,max()
ae_python_split,BuiltInFunction,float()
ae_python_split,BuiltInFunction,set()
ae_python_split,BuiltInFunction,open()
ae_python_split,BuiltInFunction,range()
ae_python_split,BuiltInFunction,tuple()
ae_python_split,BuiltInFunction,abs()
ae_python_split,BuiltInFunction,round()
ae_python_split,BuiltInFunction,len()
ae_python_split,BuiltInFunction,min()
ae_python_split,BuiltInFunction,print()
ae_python_split,BuiltInFunction,list()
ae_python_class2,SubscriptExpression,IndexingExpression
ae_python_class2,SubscriptExpression,SlicingExpression
ae_python_class2,Call,FunctionCall
ae_python_class2,ArithmeticExpression,BinaryOperation
ae_python_class2,ArithmeticExpression,UnaryOperation
ae_python_class2,LogicalExpression,ComparisonExpression
ae_python_class2,LogicalExpression,BooleanExpression
ae_python_class2,Literal,StringLiteral
ae_python_class2,Literal,BooleanLiteral
ae_python_class2,Literal,NoneLiteral
ae_python_class2,NumericLiteral,FloatLiteral
ae_python_class2,NumericLiteral,IntegerLiteral
ae_python_class2,LiteralCollection,TupleLiteral
ae_python_class2,LiteralCollection,SetLiteral
ae_python_class2,LiteralCollection,ListLiteral
ae_python_class2,LiteralCollection,DictLiteral
ae_python_class2,Error,TypeError
ae_python_class2,Error,OSError
ae_python_class2,Error,IndexError
ae_python_class2,Error,IOError
ae_python_class2,Error,FileNotFoundError
ae_python_class2,Error,ValueError
ae_python_class2,Error,AssertionError
ae_python_class2,StringMethod,split()
ae_python_class2,StringMethod,lower()
ae_python_class2,StringMethod,join()
ae_python_class2,StringMethod,format()
ae_python_class2,StringMethod,capitalize()
ae_python_class2,StringMethod,rstrip()
ae_python_class2,StringMethod,replace()
ae_python_class2,DictionaryMethod,values()
ae_python_class2,DictionaryMethod,keys()
ae_python_class2,DictionaryMethod,items()
ae_python_class2,DictionaryMethod,get()
ae_python_class2,ClassMethod,__init()__
ae_python_class2,ListMethod,reverse()
ae_python_class2,ListMethod,insert()
ae_python_class2,ListMethod,remove()
ae_python_class2,ListMethod,append()
ae_python_class2,ListMethod,pop()
ae_python_class2,FileMethod,readline()
ae_python_class2,FileMethod,close()
ae_python_class2,FileMethod,read()
ae_python_class2,Operator,=
ae_python_class2,ComparisonOperator,LessOrEqual
ae_python_class2,ComparisonOperator,Less
ae_python_class2,ComparisonOperator,Larger
ae_python_class2,ComparisonOperator,LargerOrEqual
ae_python_class2,ComparisonOperator,==
ae_python_class2,ComparisonOperator,NotEqual
ae_python_class2,MembershipOperator,in
ae_python_class2,LogicalOperator,and
ae_python_class2,LogicalOperator,or
ae_python_class2,LogicalOperator,not
ae_python_class2,ArtithmeticOperator,//
ae_python_class2,ArtithmeticOperator,-
ae_python_class2,ArtithmeticOperator,+
ae_python_class2,ArtithmeticOperator,/
ae_python_class2,ArtithmeticOperator,**
ae_python_class2,ArtithmeticOperator,Modulus
ae_python_class2,ArtithmeticOperator,*
ae_python_class2,Statement,ExpressionStatement
ae_python_class2,ConditionalStatement,IfElifElseStatement
ae_python_class2,ConditionalStatement,IfStatement
ae_python_class2,ConditionalStatement,IfElseStatement
ae_python_class2,ConditionalStatement,IfElifStatement
ae_python_class2,ImportStatement,Import
ae_python_class2,ImportStatement,ImportFrom
ae_python_class2,JumpStatement,PassStatement
ae_python_class2,JumpStatement,BreakStatement
ae_python_class2,JumpStatement,ContinueStatement
ae_python_class2,JumpStatement,ReturnStatement
ae_python_class2,IterationStatement,ForStatement
ae_python_class2,IterationStatement,WhileStatement
ae_python_class2,ExceptionHandlingStatement,TryStatement
ae_adl_vals_refs1,SubscriptExpression,IndexingExpression
ae_adl_vals_refs1,SubscriptExpression,SlicingExpression
ae_adl_vals_refs1,Call,FunctionCall
ae_adl_vals_refs1,ArithmeticExpression,BinaryOperation
ae_adl_vals_refs1,ArithmeticExpression,UnaryOperation
ae_adl_vals_refs1,LogicalExpression,ComparisonExpression
ae_adl_vals_refs1,LogicalExpression,BooleanExpression
ae_adl_vals_refs1,Literal,StringLiteral
ae_adl_vals_refs1,Literal,BooleanLiteral
ae_adl_vals_refs1,Literal,NoneLiteral
ae_adl_vals_refs1,NumericLiteral,FloatLiteral
ae_adl_vals_refs1,NumericLiteral,IntegerLiteral
ae_adl_vals_refs1,LiteralCollection,TupleLiteral
ae_adl_vals_refs1,LiteralCollection,SetLiteral
ae_adl_vals_refs1,LiteralCollection,ListLiteral
ae_adl_vals_refs1,LiteralCollection,DictLiteral
ae_adl_vals_refs1,Error,TypeError
ae_adl_vals_refs1,Error,OSError
ae_adl_vals_refs1,Error,IndexError
ae_adl_vals_refs1,Error,IOError
ae_adl_vals_refs1,Error,FileNotFoundError
ae_adl_vals_refs1,Error,ValueError
ae_adl_vals_refs1,Error,AssertionError
ae_adl_vals_refs1,StringMethod,split()
ae_adl_vals_refs1,StringMethod,lower()
ae_adl_tryexcept2,SubscriptExpression,IndexingExpression
ae_adl_tryexcept2,SubscriptExpression,SlicingExpression
ae_adl_tryexcept2,Call,FunctionCall
ae_adl_tryexcept2,ArithmeticExpression,BinaryOperation
ae_adl_tryexcept2,ArithmeticExpression,UnaryOperation
ae_adl_tryexcept2,LogicalExpression,ComparisonExpression
ae_adl_tryexcept2,LogicalExpression,BooleanExpression
ae_adl_tryexcept2,Literal,StringLiteral
ae_adl_tryexcept2,Literal,BooleanLiteral
ae_adl_tryexcept2,Literal,NoneLiteral
ae_adl_tryexcept2,NumericLiteral,FloatLiteral
ae_adl_tryexcept2,NumericLiteral,IntegerLiteral
ae_adl_tryexcept2,LiteralCollection,TupleLiteral
ae_adl_tryexcept2,LiteralCollection,SetLiteral
ae_adl_tryexcept2,LiteralCollection,ListLiteral
ae_adl_tryexcept2,LiteralCollection,DictLiteral
ae_adl_tryexcept2,Error,TypeError
ae_adl_tryexcept2,Error,OSError
ae_adl_tryexcept2,Error,IndexError
ae_adl_tryexcept2,Error,IOError
ae_adl_tryexcept2,Error,FileNotFoundError
ae_adl_tryexcept2,Error,ValueError
ae_adl_tryexcept2,Error,AssertionError
ae_adl_tryexcept2,StringMethod,split()
ae_adl_tryexcept2,StringMethod,lower()
ae_adl_tryexcept2,MembershipOperator,in
ae_adl_tryexcept2,LogicalOperator,and
ae_adl_tryexcept2,LogicalOperator,or
ae_adl_tryexcept2,LogicalOperator,not
ae_adl_tryexcept2,ArtithmeticOperator,//
ae_adl_tryexcept2,ArtithmeticOperator,-
ae_adl_tryexcept2,ArtithmeticOperator,+
ae_adl_tryexcept2,ArtithmeticOperator,/
ae_adl_tryexcept2,ArtithmeticOperator,**
ae_adl_tryexcept2,ArtithmeticOperator,Modulus
ae_adl_tryexcept2,ArtithmeticOperator,*
ae_adl_tryexcept2,Statement,ExpressionStatement
ae_adl_tryexcept2,ConditionalStatement,IfElifElseStatement
ae_adl_tryexcept2,ConditionalStatement,IfStatement
ae_adl_tryexcept2,ConditionalStatement,IfElseStatement
ae_adl_tryexcept2,ConditionalStatement,IfElifStatement
ae_adl_tryexcept2,ImportStatement,Import
ae_adl_tryexcept2,ImportStatement,ImportFrom
ae_adl_tryexcept2,JumpStatement,PassStatement
ae_adl_tryexcept2,JumpStatement,BreakStatement
ae_adl_tryexcept2,JumpStatement,ContinueStatement
ae_adl_tryexcept2,JumpStatement,ReturnStatement
ae_adl_tryexcept2,IterationStatement,ForStatement
ae_adl_tryexcept2,IterationStatement,WhileStatement
ae_adl_tryexcept2,ExceptionHandlingStatement,TryStatement
ae_adl_tryexcept2,ExceptionHandlingStatement,RaiseStatement
ae_adl_tryexcept2,ExceptionHandlingStatement,AssertStatement
ae_adl_tryexcept2,AssignmentStatement,SimpleAssignmentStatement
ae_adl_tryexcept2,AssignmentStatement,AugmentedAssignmentStatement
ae_adl_tryexcept2,DefinitionStatement,FunctionDefinition
ae_adl_tryexcept2,DefinitionStatement,ClassDefinition
ae_adl_tryexcept2,BuiltInFunction,dict()
ae_adl_tryexcept2,BuiltInFunction,str()
ae_adl_tryexcept2,BuiltInFunction,next()
ae_adl_tryexcept2,BuiltInFunction,input()
ae_adl_tryexcept2,BuiltInFunction,int()
ae_adl_tryexcept2,BuiltInFunction,max()
ae_adl_tryexcept2,BuiltInFunction,float()
ae_adl_tryexcept2,BuiltInFunction,set()
ae_adl_tryexcept2,BuiltInFunction,open()
ae_adl_tryexcept2,BuiltInFunction,range()
ae_adl_tryexcept2,BuiltInFunction,tuple()
ae_adl_tryexcept2,BuiltInFunction,abs()
ae_adl_tryexcept2,BuiltInFunction,round()
ae_adl_tryexcept2,BuiltInFunction,len()
ae_adl_tryexcept2,BuiltInFunction,min()
ae_adl_tryexcept2,BuiltInFunction,print()
ae_adl_tryexcept2,BuiltInFunction,list()
ae_adl_file2,ExceptionHandlingStatement,RaiseStatement
ae_adl_file2,ExceptionHandlingStatement,AssertStatement
ae_adl_file2,AssignmentStatement,SimpleAssignmentStatement
ae_adl_file2,AssignmentStatement,AugmentedAssignmentStatement
ae_adl_file2,DefinitionStatement,FunctionDefinition
ae_adl_file2,DefinitionStatement,ClassDefinition
ae_adl_file2,BuiltInFunction,dict()
ae_adl_file2,BuiltInFunction,str()
ae_adl_file2,BuiltInFunction,next()
ae_adl_file2,BuiltInFunction,input()
ae_adl_file2,BuiltInFunction,int()
ae_adl_file2,BuiltInFunction,max()
ae_adl_file2,BuiltInFunction,float()
ae_adl_file2,BuiltInFunction,set()
ae_adl_file2,BuiltInFunction,open()
ae_adl_file2,BuiltInFunction,range()
ae_adl_file2,BuiltInFunction,tuple()
ae_adl_file2,BuiltInFunction,abs()
ae_adl_file2,BuiltInFunction,round()
ae_adl_file2,BuiltInFunction,len()
ae_adl_file2,BuiltInFunction,min()
ae_adl_file2,BuiltInFunction,print()
ae_adl_file2,BuiltInFunction,list()
q_py_topic_two_dimensional_array:q_py_2d_arrays1,MembershipOperator,in
q_py_topic_two_dimensional_array:q_py_2d_arrays1,LogicalOperator,and
q_py_topic_two_dimensional_array:q_py_2d_arrays1,LogicalOperator,or
q_py_topic_two_dimensional_array:q_py_2d_arrays1,LogicalOperator,not
q_py_topic_two_dimensional_array:q_py_2d_arrays1,ArtithmeticOperator,//
q_py_topic_two_dimensional_array:q_py_2d_arrays1,ArtithmeticOperator,-
q_py_topic_two_dimensional_array:q_py_2d_arrays1,ArtithmeticOperator,+
q_py_topic_two_dimensional_array:q_py_2d_arrays1,ArtithmeticOperator,/
q_py_topic_two_dimensional_array:q_py_2d_arrays1,ArtithmeticOperator,**
q_py_topic_two_dimensional_array:q_py_2d_arrays1,ArtithmeticOperator,Modulus
q_py_topic_two_dimensional_array:q_py_2d_arrays1,ArtithmeticOperator,*
q_py_topic_two_dimensional_array:q_py_2d_arrays1,Statement,ExpressionStatement
q_py_topic_two_dimensional_array:q_py_2d_arrays1,ConditionalStatement,IfElifElseStatement
q_py_topic_two_dimensional_array:q_py_2d_arrays1,ConditionalStatement,IfStatement
q_py_topic_two_dimensional_array:q_py_2d_arrays1,ConditionalStatement,IfElseStatement
q_py_topic_two_dimensional_array:q_py_2d_arrays1,ConditionalStatement,IfElifStatement
q_py_topic_two_dimensional_array:q_py_2d_arrays1,ImportStatement,Import
q_py_topic_two_dimensional_array:q_py_2d_arrays1,ImportStatement,ImportFrom
q_py_topic_two_dimensional_array:q_py_2d_arrays1,JumpStatement,PassStatement
q_py_topic_two_dimensional_array:q_py_2d_arrays1,JumpStatement,BreakStatement
q_py_topic_two_dimensional_array:q_py_2d_arrays1,JumpStatement,ContinueStatement
q_py_topic_two_dimensional_array:q_py_2d_arrays1,JumpStatement,ReturnStatement
q_py_topic_two_dimensional_array:q_py_2d_arrays1,IterationStatement,ForStatement
q_py_topic_two_dimensional_array:q_py_2d_arrays1,IterationStatement,WhileStatement
q_py_topic_two_dimensional_array:q_py_2d_arrays1,ExceptionHandlingStatement,TryStatement
q_py_topic_two_dimensional_array:q_py_2d_arrays2,SubscriptExpression,IndexingExpression
q_py_topic_two_dimensional_array:q_py_2d_arrays2,SubscriptExpression,SlicingExpression
q_py_topic_two_dimensional_array:q_py_2d_arrays2,Call,FunctionCall
q_py_topic_two_dimensional_array:q_py_2d_arrays2,ArithmeticExpression,BinaryOperation
q_py_topic_two_dimensional_array:q_py_2d_arrays2,ArithmeticExpression,UnaryOperation
q_py_topic_two_dimensional_array:q_py_2d_arrays2,LogicalExpression,ComparisonExpression
q_py_topic_two_dimensional_array:q_py_2d_arrays2,LogicalExpression,BooleanExpression
q_py_topic_two_dimensional_array:q_py_2d_arrays2,Literal,StringLiteral
q_py_topic_two_dimensional_array:q_py_2d_arrays2,Literal,BooleanLiteral
q_py_topic_two_dimensional_array:q_py_2d_arrays2,Literal,NoneLiteral
q_py_topic_two_dimensional_array:q_py_2d_arrays2,NumericLiteral,FloatLiteral
q_py_topic_two_dimensional_array:q_py_2d_arrays2,NumericLiteral,IntegerLiteral
q_py_topic_two_dimensional_array:q_py_2d_arrays2,LiteralCollection,TupleLiteral
q_py_topic_two_dimensional_array:q_py_2d_arrays2,LiteralCollection,SetLiteral
q_py_topic_two_dimensional_array:q_py_2d_arrays2,LiteralCollection,ListLiteral
q_py_topic_two_dimensional_array:q_py_2d_arrays2,LiteralCollection,DictLiteral
q_py_topic_two_dimensional_array:q_py_2d_arrays2,Error,TypeError
q_py_topic_two_dimensional_array:q_py_2d_arrays2,Error,OSError
q_py_topic_two_dimensional_array:q_py_2d_arrays2,Error,IndexError
q_py_topic_two_dimensional_array:q_py_2d_arrays2,Error,IOError
q_py_topic_two_dimensional_array:q_py_2d_arrays2,Error,FileNotFoundError
q_py_topic_two_dimensional_array:q_py_2d_arrays2,Error,ValueError
q_py_topic_two_dimensional_array:q_py_2d_arrays2,Error,AssertionError
q_py_topic_two_dimensional_array:q_py_2d_arrays2,StringMethod,split()
q_py_topic_two_dimensional_array:q_py_2d_arrays2,StringMethod,lower()
q_py_topic_two_dimensional_array:q_py_2d_arrays2,StringMethod,join()
q_py_topic_two_dimensional_array:q_py_2d_arrays2,StringMethod,format()
q_py_topic_two_dimensional_array:q_py_2d_arrays2,StringMethod,capitalize()
q_py_topic_two_dimensional_array:q_py_2d_arrays2,StringMethod,rstrip()
q_py_topic_two_dimensional_array:q_py_2d_arrays2,StringMethod,replace()
q_py_topic_two_dimensional_array:q_py_2d_arrays2,DictionaryMethod,values()
q_py_topic_two_dimensional_array:q_py_2d_arrays2,DictionaryMethod,keys()
q_py_topic_two_dimensional_array:q_py_2d_arrays2,DictionaryMethod,items()
q_py_topic_two_dimensional_array:q_py_2d_arrays2,DictionaryMethod,get()
q_py_topic_two_dimensional_array:q_py_2d_arrays2,ClassMethod,__init()__
q_py_topic_two_dimensional_array:q_py_2d_arrays2,ListMethod,reverse()
q_py_topic_two_dimensional_array:q_py_2d_arrays2,ListMethod,insert()
q_py_topic_two_dimensional_array:q_py_2d_arrays2,ListMethod,remove()
q_py_topic_two_dimensional_array:q_py_2d_arrays2,ListMethod,append()
q_py_topic_two_dimensional_array:q_py_2d_arrays2,ListMethod,pop()
q_py_topic_two_dimensional_array:q_py_2d_arrays2,FileMethod,readline()
q_py_topic_two_dimensional_array:q_py_2d_arrays2,FileMethod,close()
q_py_topic_two_dimensional_array:q_py_2d_arrays2,FileMethod,read()
q_py_topic_two_dimensional_array:q_py_2d_arrays2,Operator,=
q_py_topic_two_dimensional_array:q_py_2d_arrays2,ComparisonOperator,LessOrEqual
q_py_topic_two_dimensional_array:q_py_2d_arrays2,ComparisonOperator,Less
q_py_topic_two_dimensional_array:q_py_2d_arrays2,ComparisonOperator,Larger
q_py_topic_two_dimensional_array:q_py_2d_arrays2,ComparisonOperator,LargerOrEqual
q_py_topic_two_dimensional_array:q_py_2d_arrays2,ComparisonOperator,==
q_py_topic_two_dimensional_array:q_py_2d_arrays2,ComparisonOperator,NotEqual
q_py_topic_two_dimensional_array:q_py_2d_arrays2,MembershipOperator,in
q_py_topic_two_dimensional_array:q_py_2d_arrays2,LogicalOperator,and
q_py_topic_two_dimensional_array:q_py_2d_arrays2,LogicalOperator,or
q_py_topic_two_dimensional_array:q_py_2d_arrays2,LogicalOperator,not
q_py_topic_two_dimensional_array:q_py_2d_arrays2,ArtithmeticOperator,//
q_py_topic_two_dimensional_array:q_py_2d_arrays2,ArtithmeticOperator,-
q_py_topic_two_dimensional_array:q_py_2d_arrays2,ArtithmeticOperator,+
q_py_topic_two_dimensional_array:q_py_2d_arrays2,ArtithmeticOperator,/
q_py_topic_two_dimensional_array:q_py_2d_arrays2,ArtithmeticOperator,**
q_py_topic_two_dimensional_array:q_py_2d_arrays2,ArtithmeticOperator,Modulus
q_py_topic_two_dimensional_array:q_py_2d_arrays2,ArtithmeticOperator,*
q_py_topic_two_dimensional_array:q_py_2d_arrays2,Statement,ExpressionStatement
q_py_topic_two_dimensional_array:q_py_2d_arrays2,ConditionalStatement,IfElifElseStatement
q_py_topic_two_dimensional_array:q_py_2d_arrays2,ConditionalStatement,IfStatement
q_py_topic_two_dimensional_array:q_py_2d_arrays2,ConditionalStatement,IfElseStatement
q_py_topic_two_dimensional_array:q_py_2d_arrays2,ConditionalStatement,IfElifStatement
q_py_topic_two_dimensional_array:q_py_2d_arrays2,ImportStatement,Import
q_py_topic_two_dimensional_array:q_py_2d_arrays2,ImportStatement,ImportFrom
q_py_topic_two_dimensional_array:q_py_2d_arrays2,JumpStatement,PassStatement
q_py_topic_two_dimensional_array:q_py_2d_arrays2,JumpStatement,BreakStatement
q_py_topic_two_dimensional_array:q_py_2d_arrays2,JumpStatement,ContinueStatement
q_py_topic_two_dimensional_array:q_py_2d_arrays2,JumpStatement,ReturnStatement
q_py_topic_two_dimensional_array:q_py_2d_arrays2,IterationStatement,ForStatement
q_py_topic_two_dimensional_array:q_py_2d_arrays2,IterationStatement,WhileStatement
q_py_topic_two_dimensional_array:q_py_2d_arrays2,ExceptionHandlingStatement,TryStatement
q_py_topic_two_dimensional_array:q_py_2d_arrays2,AssignmentStatement,AugmentedAssignmentStatement
q_py_topic_two_dimensional_array:q_py_2d_arrays2,BuiltInFunction,min()
q_py_topic_two_dimensional_array:q_py_2d_arrays3,MembershipOperator,in
q_py_topic_two_dimensional_array:q_py_2d_arrays3,LogicalOperator,and
q_py_topic_two_dimensional_array:q_py_2d_arrays3,LogicalOperator,or
q_py_topic_two_dimensional_array:q_py_2d_arrays3,LogicalOperator,not
q_py_topic_two_dimensional_array:q_py_2d_arrays3,ArtithmeticOperator,//
q_py_topic_two_dimensional_array:q_py_2d_arrays3,ArtithmeticOperator,-
q_py_topic_two_dimensional_array:q_py_2d_arrays3,ArtithmeticOperator,+
q_py_topic_two_dimensional_array:q_py_2d_arrays3,ArtithmeticOperator,/
q_py_topic_two_dimensional_array:q_py_2d_arrays3,ArtithmeticOperator,**
q_py_topic_two_dimensional_array:q_py_2d_arrays3,ArtithmeticOperator,Modulus
q_py_topic_two_dimensional_array:q_py_2d_arrays3,ArtithmeticOperator,*
q_py_topic_two_dimensional_array:q_py_2d_arrays3,Statement,ExpressionStatement
q_py_topic_two_dimensional_array:q_py_2d_arrays3,ConditionalStatement,IfElifElseStatement
q_py_topic_two_dimensional_array:q_py_2d_arrays3,ConditionalStatement,IfStatement
q_py_topic_two_dimensional_array:q_py_2d_arrays3,ConditionalStatement,IfElseStatement
q_py_topic_two_dimensional_array:q_py_2d_arrays3,ConditionalStatement,IfElifStatement
q_py_topic_two_dimensional_array:q_py_2d_arrays3,ImportStatement,Import
q_py_topic_two_dimensional_array:q_py_2d_arrays3,ImportStatement,ImportFrom
q_py_topic_two_dimensional_array:q_py_2d_arrays3,JumpStatement,PassStatement
q_py_topic_two_dimensional_array:q_py_2d_arrays3,JumpStatement,BreakStatement
q_py_topic_two_dimensional_array:q_py_2d_arrays3,JumpStatement,ContinueStatement
q_py_topic_two_dimensional_array:q_py_2d_arrays3,JumpStatement,ReturnStatement
q_py_topic_two_dimensional_array:q_py_2d_arrays3,IterationStatement,ForStatement
q_py_topic_two_dimensional_array:q_py_2d_arrays3,IterationStatement,WhileStatement
q_py_topic_two_dimensional_array:q_py_2d_arrays3,ExceptionHandlingStatement,TryStatement
q_py_topic_two_dimensional_array:q_py_2d_arrays3,BuiltInFunction,list()
q_py_topic_two_dimensional_array:q_py_2d_arrays4,StringMethod,join()
q_py_topic_two_dimensional_array:q_py_2d_arrays4,StringMethod,format()
q_py_topic_two_dimensional_array:q_py_2d_arrays4,StringMethod,capitalize()
q_py_topic_two_dimensional_array:q_py_2d_arrays4,StringMethod,rstrip()
q_py_topic_two_dimensional_array:q_py_2d_arrays4,StringMethod,replace()
q_py_topic_two_dimensional_array:q_py_2d_arrays4,DictionaryMethod,values()
q_py_topic_two_dimensional_array:q_py_2d_arrays4,DictionaryMethod,keys()
q_py_topic_two_dimensional_array:q_py_2d_arrays4,DictionaryMethod,items()
q_py_topic_two_dimensional_array:q_py_2d_arrays4,DictionaryMethod,get()
q_py_topic_two_dimensional_array:q_py_2d_arrays4,ClassMethod,__init()__
q_py_topic_two_dimensional_array:q_py_2d_arrays4,ListMethod,reverse()
q_py_topic_two_dimensional_array:q_py_2d_arrays4,ListMethod,insert()
q_py_topic_two_dimensional_array:q_py_2d_arrays4,ListMethod,remove()
q_py_topic_two_dimensional_array:q_py_2d_arrays4,ListMethod,append()
q_py_topic_two_dimensional_array:q_py_2d_arrays4,ListMethod,pop()
q_py_topic_two_dimensional_array:q_py_2d_arrays4,FileMethod,readline()
q_py_topic_two_dimensional_array:q_py_2d_arrays4,FileMethod,close()
q_py_topic_two_dimensional_array:q_py_2d_arrays4,FileMethod,read()
q_py_topic_two_dimensional_array:q_py_2d_arrays4,Operator,=
q_py_topic_two_dimensional_array:q_py_2d_arrays4,ComparisonOperator,LessOrEqual
q_py_topic_two_dimensional_array:q_py_2d_arrays4,ComparisonOperator,Less
q_py_topic_two_dimensional_array:q_py_2d_arrays4,ComparisonOperator,Larger
q_py_topic_two_dimensional_array:q_py_2d_arrays4,ComparisonOperator,LargerOrEqual
q_py_topic_two_dimensional_array:q_py_2d_arrays4,ComparisonOperator,==
q_py_topic_two_dimensional_array:q_py_2d_arrays4,ComparisonOperator,NotEqual
q_py_topic_two_dimensional_array:q_py_2d_arrays4,MembershipOperator,in
q_py_topic_two_dimensional_array:q_py_2d_arrays4,LogicalOperator,and
q_py_topic_two_dimensional_array:q_py_2d_arrays4,LogicalOperator,or
q_py_topic_two_dimensional_array:q_py_2d_arrays4,LogicalOperator,not
q_py_topic_two_dimensional_array:q_py_2d_arrays4,ArtithmeticOperator,//
q_py_topic_two_dimensional_array:q_py_2d_arrays4,ArtithmeticOperator,-
q_py_topic_two_dimensional_array:q_py_2d_arrays4,ArtithmeticOperator,+
q_py_topic_two_dimensional_array:q_py_2d_arrays4,ArtithmeticOperator,/
q_py_topic_two_dimensional_array:q_py_2d_arrays4,ArtithmeticOperator,**
q_py_topic_two_dimensional_array:q_py_2d_arrays4,ArtithmeticOperator,Modulus
q_py_topic_two_dimensional_array:q_py_2d_arrays4,ArtithmeticOperator,*
q_py_topic_two_dimensional_array:q_py_2d_arrays4,Statement,ExpressionStatement
q_py_topic_two_dimensional_array:q_py_2d_arrays4,ConditionalStatement,IfElifElseStatement
q_py_topic_two_dimensional_array:q_py_2d_arrays4,ConditionalStatement,IfStatement
q_py_topic_two_dimensional_array:q_py_2d_arrays4,ConditionalStatement,IfElseStatement
q_py_topic_two_dimensional_array:q_py_2d_arrays4,ConditionalStatement,IfElifStatement
q_py_topic_two_dimensional_array:q_py_2d_arrays4,ImportStatement,Import
q_py_topic_two_dimensional_array:q_py_2d_arrays4,ImportStatement,ImportFrom
q_py_topic_two_dimensional_array:q_py_2d_arrays4,JumpStatement,PassStatement
q_py_topic_two_dimensional_array:q_py_2d_arrays4,JumpStatement,BreakStatement
q_py_topic_two_dimensional_array:q_py_2d_arrays4,JumpStatement,ContinueStatement
q_py_topic_two_dimensional_array:q_py_2d_arrays4,JumpStatement,ReturnStatement
q_py_topic_two_dimensional_array:q_py_2d_arrays4,IterationStatement,ForStatement
q_py_topic_two_dimensional_array:q_py_2d_arrays4,IterationStatement,WhileStatement
q_py_topic_two_dimensional_array:q_py_2d_arrays4,ExceptionHandlingStatement,TryStatement
q_py_topic_variables:q_py_arithmetic1,ExceptionHandlingStatement,RaiseStatement
q_py_topic_variables:q_py_arithmetic1,ExceptionHandlingStatement,AssertStatement
q_py_topic_variables:q_py_arithmetic1,AssignmentStatement,SimpleAssignmentStatement
q_py_topic_variables:q_py_arithmetic1,AssignmentStatement,AugmentedAssignmentStatement
q_py_topic_variables:q_py_arithmetic1,DefinitionStatement,FunctionDefinition
q_py_topic_variables:q_py_arithmetic1,DefinitionStatement,ClassDefinition
q_py_topic_variables:q_py_arithmetic1,BuiltInFunction,dict()
q_py_topic_variables:q_py_arithmetic1,BuiltInFunction,str()
q_py_topic_variables:q_py_arithmetic1,BuiltInFunction,next()
q_py_topic_variables:q_py_arithmetic1,BuiltInFunction,input()
q_py_topic_variables:q_py_arithmetic1,BuiltInFunction,int()
q_py_topic_variables:q_py_arithmetic1,BuiltInFunction,max()
q_py_topic_variables:q_py_arithmetic1,BuiltInFunction,float()
q_py_topic_variables:q_py_arithmetic1,BuiltInFunction,set()
q_py_topic_variables:q_py_arithmetic1,BuiltInFunction,open()
q_py_topic_variables:q_py_arithmetic1,BuiltInFunction,range()
q_py_topic_variables:q_py_arithmetic1,BuiltInFunction,tuple()
q_py_topic_variables:q_py_arithmetic1,BuiltInFunction,abs()
q_py_topic_variables:q_py_arithmetic1,BuiltInFunction,round()
q_py_topic_variables:q_py_arithmetic1,BuiltInFunction,len()
q_py_topic_variables:q_py_arithmetic1,BuiltInFunction,min()
q_py_topic_variables:q_py_arithmetic1,BuiltInFunction,print()
q_py_topic_variables:q_py_arithmetic1,BuiltInFunction,list()
q_py_topic_variables:q_py_exchange1,StringMethod,join()
q_py_topic_variables:q_py_exchange1,StringMethod,format()
q_py_topic_variables:q_py_exchange1,StringMethod,capitalize()
q_py_topic_variables:q_py_exchange1,StringMethod,rstrip()
q_py_topic_variables:q_py_exchange1,StringMethod,replace()
q_py_topic_variables:q_py_exchange1,DictionaryMethod,values()
q_py_topic_variables:q_py_exchange1,DictionaryMethod,keys()
q_py_topic_variables:q_py_exchange1,DictionaryMethod,items()
q_py_topic_variables:q_py_exchange1,DictionaryMethod,get()
q_py_topic_variables:q_py_exchange1,ClassMethod,__init()__
q_py_topic_variables:q_py_exchange1,ListMethod,reverse()
q_py_topic_variables:q_py_exchange1,ListMethod,insert()
q_py_topic_variables:q_py_exchange1,ListMethod,remove()
q_py_topic_variables:q_py_exchange1,ListMethod,append()
q_py_topic_variables:q_py_exchange1,ListMethod,pop()
q_py_topic_variables:q_py_exchange1,FileMethod,readline()
q_py_topic_variables:q_py_exchange1,FileMethod,close()
q_py_topic_variables:q_py_exchange1,FileMethod,read()
q_py_topic_variables:q_py_exchange1,Operator,=
q_py_topic_variables:q_py_exchange1,ComparisonOperator,LessOrEqual
q_py_topic_variables:q_py_exchange1,ComparisonOperator,Less
q_py_topic_variables:q_py_exchange1,ComparisonOperator,Larger
q_py_topic_variables:q_py_exchange1,ComparisonOperator,LargerOrEqual
q_py_topic_variables:q_py_exchange1,ComparisonOperator,==
q_py_topic_variables:q_py_exchange1,ComparisonOperator,NotEqual
q_py_topic_variables:q_py_exchange1,ExceptionHandlingStatement,RaiseStatement
q_py_topic_variables:q_py_exchange1,ExceptionHandlingStatement,AssertStatement
q_py_topic_variables:q_py_exchange1,AssignmentStatement,SimpleAssignmentStatement
q_py_topic_variables:q_py_exchange1,AssignmentStatement,AugmentedAssignmentStatement
q_py_topic_variables:q_py_exchange1,DefinitionStatement,FunctionDefinition
q_py_topic_variables:q_py_exchange1,DefinitionStatement,ClassDefinition
q_py_topic_variables:q_py_exchange1,BuiltInFunction,dict()
q_py_topic_variables:q_py_exchange1,BuiltInFunction,str()
q_py_topic_variables:q_py_exchange1,BuiltInFunction,next()
q_py_topic_variables:q_py_exchange1,BuiltInFunction,input()
q_py_topic_variables:q_py_exchange1,BuiltInFunction,int()
q_py_topic_variables:q_py_exchange1,BuiltInFunction,max()
q_py_topic_variables:q_py_exchange1,BuiltInFunction,float()
q_py_topic_variables:q_py_exchange1,BuiltInFunction,set()
q_py_topic_variables:q_py_exchange1,BuiltInFunction,open()
q_py_topic_variables:q_py_exchange1,BuiltInFunction,range()
q_py_topic_variables:q_py_exchange1,BuiltInFunction,tuple()
q_py_topic_variables:q_py_exchange1,BuiltInFunction,abs()
q_py_topic_variables:q_py_exchange1,BuiltInFunction,round()
q_py_topic_variables:q_py_exchange1,BuiltInFunction,len()
q_py_topic_variables:q_py_exchange1,BuiltInFunction,min()
q_py_topic_variables:q_py_exchange1,BuiltInFunction,print()
q_py_topic_variables:q_py_exchange1,BuiltInFunction,list()
q_topic_classes_objects:q_py_obj_account1,SubscriptExpression,IndexingExpression
q_topic_classes_objects:q_py_obj_account1,SubscriptExpression,SlicingExpression
q_topic_classes_objects:q_py_obj_account1,Call,FunctionCall
q_topic_classes_objects:q_py_obj_account1,ArithmeticExpression,BinaryOperation
q_topic_classes_objects:q_py_obj_account1,ArithmeticExpression,UnaryOperation
q_topic_classes_objects:q_py_obj_account1,LogicalExpression,ComparisonExpression
q_topic_classes_objects:q_py_obj_account1,LogicalExpression,BooleanExpression
q_topic_classes_objects:q_py_obj_account1,Literal,StringLiteral
q_topic_classes_objects:q_py_obj_account1,Literal,BooleanLiteral
q_topic_classes_objects:q_py_obj_account1,Literal,NoneLiteral
q_topic_classes_objects:q_py_obj_account1,NumericLiteral,FloatLiteral
q_topic_classes_objects:q_py_obj_account1,NumericLiteral,IntegerLiteral
q_topic_classes_objects:q_py_obj_account1,LiteralCollection,TupleLiteral
q_topic_classes_objects:q_py_obj_account1,LiteralCollection,SetLiteral
q_topic_classes_objects:q_py_obj_account1,LiteralCollection,ListLiteral
q_topic_classes_objects:q_py_obj_account1,LiteralCollection,DictLiteral
q_topic_classes_objects:q_py_obj_account1,Error,TypeError
q_topic_classes_objects:q_py_obj_account1,Error,OSError
q_topic_classes_objects:q_py_obj_account1,Error,IndexError
q_topic_classes_objects:q_py_obj_account1,Error,IOError
q_topic_classes_objects:q_py_obj_account1,Error,FileNotFoundError
q_topic_classes_objects:q_py_obj_account1,Error,ValueError
q_topic_classes_objects:q_py_obj_account1,Error,AssertionError
q_topic_classes_objects:q_py_obj_account1,StringMethod,split()
q_topic_classes_objects:q_py_obj_account1,StringMethod,lower()
q_topic_classes_objects:q_py_obj_account1,MembershipOperator,in
q_topic_classes_objects:q_py_obj_account1,LogicalOperator,and
q_topic_classes_objects:q_py_obj_account1,LogicalOperator,or
q_topic_classes_objects:q_py_obj_account1,LogicalOperator,not
q_topic_classes_objects:q_py_obj_account1,ArtithmeticOperator,//
q_topic_classes_objects:q_py_obj_account1,ArtithmeticOperator,-
q_topic_classes_objects:q_py_obj_account1,ArtithmeticOperator,+
q_topic_classes_objects:q_py_obj_account1,ArtithmeticOperator,/
q_topic_classes_objects:q_py_obj_account1,ArtithmeticOperator,**
q_topic_classes_objects:q_py_obj_account1,ArtithmeticOperator,Modulus
q_topic_classes_objects:q_py_obj_account1,ArtithmeticOperator,*
q_topic_classes_objects:q_py_obj_account1,Statement,ExpressionStatement
q_topic_classes_objects:q_py_obj_account1,ConditionalStatement,IfElifElseStatement
q_topic_classes_objects:q_py_obj_account1,ConditionalStatement,IfStatement
q_topic_classes_objects:q_py_obj_account1,ConditionalStatement,IfElseStatement
q_topic_classes_objects:q_py_obj_account1,ConditionalStatement,IfElifStatement
q_topic_classes_objects:q_py_obj_account1,ImportStatement,Import
q_topic_classes_objects:q_py_obj_account1,ImportStatement,ImportFrom
q_topic_classes_objects:q_py_obj_account1,JumpStatement,PassStatement
q_topic_classes_objects:q_py_obj_account1,JumpStatement,BreakStatement
q_topic_classes_objects:q_py_obj_account1,JumpStatement,ContinueStatement
q_topic_classes_objects:q_py_obj_account1,JumpStatement,ReturnStatement
q_topic_classes_objects:q_py_obj_account1,IterationStatement,ForStatement
q_topic_classes_objects:q_py_obj_account1,IterationStatement,WhileStatement
q_topic_classes_objects:q_py_obj_account1,ExceptionHandlingStatement,TryStatement
q_topic_classes_objects:q_py_obj_account1,ExceptionHandlingStatement,RaiseStatement
q_topic_classes_objects:q_py_obj_account1,ExceptionHandlingStatement,AssertStatement
q_topic_classes_objects:q_py_obj_account1,AssignmentStatement,SimpleAssignmentStatement
q_topic_classes_objects:q_py_obj_account1,AssignmentStatement,AugmentedAssignmentStatement
q_topic_classes_objects:q_py_obj_account1,DefinitionStatement,FunctionDefinition
q_topic_classes_objects:q_py_obj_account1,DefinitionStatement,ClassDefinition
q_topic_classes_objects:q_py_obj_account1,BuiltInFunction,dict()
q_topic_classes_objects:q_py_obj_account1,BuiltInFunction,str()
q_topic_classes_objects:q_py_obj_account1,BuiltInFunction,next()
q_topic_classes_objects:q_py_obj_account1,BuiltInFunction,input()
q_topic_classes_objects:q_py_obj_account1,BuiltInFunction,int()
q_topic_classes_objects:q_py_obj_account1,BuiltInFunction,max()
q_topic_classes_objects:q_py_obj_account1,BuiltInFunction,float()
q_topic_classes_objects:q_py_obj_account1,BuiltInFunction,set()
q_topic_classes_objects:q_py_obj_account1,BuiltInFunction,open()
q_topic_classes_objects:q_py_obj_account1,BuiltInFunction,range()
q_topic_classes_objects:q_py_obj_account1,BuiltInFunction,tuple()
q_topic_classes_objects:q_py_obj_account1,BuiltInFunction,abs()
q_topic_classes_objects:q_py_obj_account1,BuiltInFunction,round()
q_topic_classes_objects:q_py_obj_account1,BuiltInFunction,len()
q_topic_classes_objects:q_py_obj_account1,BuiltInFunction,min()
q_topic_classes_objects:q_py_obj_account1,BuiltInFunction,print()
q_topic_classes_objects:q_py_obj_account1,BuiltInFunction,list()
q_topic_classes_objects:q_py_obj_car1,MembershipOperator,in
q_topic_classes_objects:q_py_obj_car1,LogicalOperator,and
q_topic_classes_objects:q_py_obj_car1,LogicalOperator,or
q_topic_classes_objects:q_py_obj_car1,LogicalOperator,not
q_topic_classes_objects:q_py_obj_car1,ArtithmeticOperator,//
q_topic_classes_objects:q_py_obj_car1,ArtithmeticOperator,-
q_topic_classes_objects:q_py_obj_car1,ArtithmeticOperator,+
q_topic_classes_objects:q_py_obj_car1,ArtithmeticOperator,/
q_topic_classes_objects:q_py_obj_car1,ArtithmeticOperator,**
q_topic_classes_objects:q_py_obj_car1,ArtithmeticOperator,Modulus
q_topic_classes_objects:q_py_obj_car1,ArtithmeticOperator,*
q_topic_classes_objects:q_py_obj_car1,Statement,ExpressionStatement
q_topic_classes_objects:q_py_obj_car1,ConditionalStatement,IfElifElseStatement
q_topic_classes_objects:q_py_obj_car1,ConditionalStatement,IfStatement
q_topic_classes_objects:q_py_obj_car1,ConditionalStatement,IfElseStatement
q_topic_classes_objects:q_py_obj_car1,ConditionalStatement,IfElifStatement
q_topic_classes_objects:q_py_obj_car1,ImportStatement,Import
q_topic_classes_objects:q_py_obj_car1,ImportStatement,ImportFrom
q_topic_classes_objects:q_py_obj_car1,JumpStatement,PassStatement
q_topic_classes_objects:q_py_obj_car1,JumpStatement,BreakStatement
q_topic_classes_objects:q_py_obj_car1,JumpStatement,ContinueStatement
q_topic_classes_objects:q_py_obj_car1,JumpStatement,ReturnStatement
q_topic_classes_objects:q_py_obj_car1,IterationStatement,ForStatement
q_topic_classes_objects:q_py_obj_car1,IterationStatement,WhileStatement
q_topic_classes_objects:q_py_obj_car1,ExceptionHandlingStatement,TryStatement
q_topic_classes_objects:q_py_obj_car2,SubscriptExpression,IndexingExpression
q_topic_classes_objects:q_py_obj_car2,SubscriptExpression,SlicingExpression
q_topic_classes_objects:q_py_obj_car2,Call,FunctionCall
q_topic_classes_objects:q_py_obj_car2,ArithmeticExpression,BinaryOperation
q_topic_classes_objects:q_py_obj_car2,ArithmeticExpression,UnaryOperation
q_topic_classes_objects:q_py_obj_car2,LogicalExpression,ComparisonExpression
q_topic_classes_objects:q_py_obj_car2,LogicalExpression,BooleanExpression
q_topic_classes_objects:q_py_obj_car2,Literal,StringLiteral
q_topic_classes_objects:q_py_obj_car2,Literal,BooleanLiteral
q_topic_classes_objects:q_py_obj_car2,Literal,NoneLiteral
q_topic_classes_objects:q_py_obj_car2,NumericLiteral,FloatLiteral
q_topic_classes_objects:q_py_obj_car2,NumericLiteral,IntegerLiteral
q_topic_classes_objects:q_py_obj_car2,LiteralCollection,TupleLiteral
q_topic_classes_objects:q_py_obj_car2,LiteralCollection,SetLiteral
q_topic_classes_objects:q_py_obj_car2,LiteralCollection,ListLiteral
q_topic_classes_objects:q_py_obj_car2,LiteralCollection,DictLiteral
q_topic_classes_objects:q_py_obj_car2,Error,TypeError
q_topic_classes_objects:q_py_obj_car2,Error,OSError
q_topic_classes_objects:q_py_obj_car2,Error,IndexError
q_topic_classes_objects:q_py_obj_car2,Error,IOError
q_topic_classes_objects:q_py_obj_car2,Error,FileNotFoundError
q_topic_classes_objects:q_py_obj_car2,Error,ValueError
q_topic_classes_objects:q_py_obj_car2,Error,AssertionError
q_topic_classes_objects:q_py_obj_car2,StringMethod,split()
q_topic_classes_objects:q_py_obj_car2,StringMethod,lower()
q_topic_classes_objects:q_py_obj_point1,ArithmeticExpression,BinaryOperation
q_topic_classes_objects:q_py_obj_student1,ArithmeticExpression,BinaryOperation
py_if_else_wage,MembershipOperator,in
py_if_else_wage,LogicalOperator,and
py_if_else_wage,LogicalOperator,or
py_if_else_wage,LogicalOperator,not
py_if_else_wage,ArtithmeticOperator,//
py_if_else_wage,ArtithmeticOperator,-
py_if_else_wage,ArtithmeticOperator,+
py_if_else_wage,ArtithmeticOperator,/
py_if_else_wage,ArtithmeticOperator,**
py_if_else_wage,ArtithmeticOperator,Modulus
py_if_else_wage,ArtithmeticOperator,*
py_if_else_wage,Statement,ExpressionStatement
py_if_else_wage,ConditionalStatement,IfElifElseStatement
py_if_else_wage,ConditionalStatement,IfStatement
py_if_else_wage,ConditionalStatement,IfElseStatement
py_if_else_wage,ConditionalStatement,IfElifStatement
py_if_else_wage,ImportStatement,Import
py_if_else_wage,ImportStatement,ImportFrom
py_if_else_wage,JumpStatement,PassStatement
py_if_else_wage,JumpStatement,BreakStatement
py_if_else_wage,JumpStatement,ContinueStatement
py_if_else_wage,JumpStatement,ReturnStatement
py_if_else_wage,IterationStatement,ForStatement
py_if_else_wage,IterationStatement,WhileStatement
py_if_else_wage,ExceptionHandlingStatement,TryStatement
py_check_adjacent,MembershipOperator,in
py_check_adjacent,LogicalOperator,and
py_check_adjacent,LogicalOperator,or
py_check_adjacent,LogicalOperator,not
py_check_adjacent,ArtithmeticOperator,//
py_check_adjacent,ArtithmeticOperator,-
py_check_adjacent,ArtithmeticOperator,+
py_check_adjacent,ArtithmeticOperator,/
py_check_adjacent,ArtithmeticOperator,**
py_check_adjacent,ArtithmeticOperator,Modulus
py_check_adjacent,ArtithmeticOperator,*
py_check_adjacent,Statement,ExpressionStatement
py_check_adjacent,ConditionalStatement,IfElifElseStatement
py_check_adjacent,ConditionalStatement,IfStatement
py_check_adjacent,ConditionalStatement,IfElseStatement
py_check_adjacent,ConditionalStatement,IfElifStatement
py_check_adjacent,ImportStatement,Import
py_check_adjacent,ImportStatement,ImportFrom
py_check_adjacent,JumpStatement,PassStatement
py_check_adjacent,JumpStatement,BreakStatement
py_check_adjacent,JumpStatement,ContinueStatement
py_check_adjacent,JumpStatement,ReturnStatement
py_check_adjacent,IterationStatement,ForStatement
py_check_adjacent,IterationStatement,WhileStatement
py_check_adjacent,ExceptionHandlingStatement,TryStatement
py_adjacent_greater,SubscriptExpression,IndexingExpression
py_adjacent_greater,SubscriptExpression,SlicingExpression
py_adjacent_greater,Call,FunctionCall
py_adjacent_greater,ArithmeticExpression,BinaryOperation
py_adjacent_greater,ArithmeticExpression,UnaryOperation
py_adjacent_greater,LogicalExpression,ComparisonExpression
py_adjacent_greater,LogicalExpression,BooleanExpression
py_adjacent_greater,Literal,StringLiteral
py_adjacent_greater,Literal,BooleanLiteral
py_adjacent_greater,Literal,NoneLiteral
py_adjacent_greater,NumericLiteral,FloatLiteral
py_adjacent_greater,NumericLiteral,IntegerLiteral
py_adjacent_greater,LiteralCollection,TupleLiteral
py_adjacent_greater,LiteralCollection,SetLiteral
py_adjacent_greater,LiteralCollection,ListLiteral
py_adjacent_greater,LiteralCollection,DictLiteral
py_adjacent_greater,Error,TypeError
py_adjacent_greater,Error,OSError
py_adjacent_greater,Error,IndexError
py_adjacent_greater,Error,IOError
py_adjacent_greater,Error,FileNotFoundError
py_adjacent_greater,Error,ValueError
py_adjacent_greater,Error,AssertionError
py_adjacent_greater,StringMethod,split()
py_adjacent_greater,StringMethod,lower()
py_adjacent_greater,ExceptionHandlingStatement,RaiseStatement
py_adjacent_greater,ExceptionHandlingStatement,AssertStatement
py_adjacent_greater,AssignmentStatement,SimpleAssignmentStatement
py_adjacent_greater,AssignmentStatement,AugmentedAssignmentStatement
py_adjacent_greater,DefinitionStatement,FunctionDefinition
py_adjacent_greater,DefinitionStatement,ClassDefinition
py_adjacent_greater,BuiltInFunction,dict()
py_adjacent_greater,BuiltInFunction,str()
py_adjacent_greater,BuiltInFunction,next()
py_adjacent_greater,BuiltInFunction,input()
py_adjacent_greater,BuiltInFunction,int()
py_adjacent_greater,BuiltInFunction,max()
py_adjacent_greater,BuiltInFunction,float()
py_adjacent_greater,BuiltInFunction,set()
py_adjacent_greater,BuiltInFunction,open()
py_adjacent_greater,BuiltInFunction,range()
py_adjacent_greater,BuiltInFunction,tuple()
py_adjacent_greater,BuiltInFunction,abs()
py_adjacent_greater,BuiltInFunction,round()
py_adjacent_greater,BuiltInFunction,len()
py_adjacent_greater,BuiltInFunction,min()
py_adjacent_greater,BuiltInFunction,print()
py_adjacent_greater,BuiltInFunction,list()
py_win_percentage,ExceptionHandlingStatement,RaiseStatement
py_win_percentage,ExceptionHandlingStatement,AssertStatement
py_win_percentage,AssignmentStatement,SimpleAssignmentStatement
py_win_percentage,AssignmentStatement,AugmentedAssignmentStatement
py_win_percentage,DefinitionStatement,FunctionDefinition
py_win_percentage,DefinitionStatement,ClassDefinition
py_win_percentage,BuiltInFunction,dict()
py_win_percentage,BuiltInFunction,str()
py_win_percentage,BuiltInFunction,next()
py_win_percentage,BuiltInFunction,input()
py_win_percentage,BuiltInFunction,int()
py_win_percentage,BuiltInFunction,max()
py_win_percentage,BuiltInFunction,float()
py_win_percentage,BuiltInFunction,set()
py_win_percentage,BuiltInFunction,open()
py_win_percentage,BuiltInFunction,range()
py_win_percentage,BuiltInFunction,tuple()
py_win_percentage,BuiltInFunction,abs()
py_win_percentage,BuiltInFunction,round()
py_win_percentage,BuiltInFunction,len()
py_win_percentage,BuiltInFunction,min()
py_win_percentage,BuiltInFunction,print()
py_win_percentage,BuiltInFunction,list()
py_win_percentage_input,MembershipOperator,in
py_win_percentage_input,LogicalOperator,and
py_win_percentage_input,LogicalOperator,or
py_win_percentage_input,LogicalOperator,not
py_win_percentage_input,ArtithmeticOperator,//
py_win_percentage_input,ArtithmeticOperator,-
py_win_percentage_input,ArtithmeticOperator,+
py_win_percentage_input,ArtithmeticOperator,/
py_win_percentage_input,ArtithmeticOperator,**
py_win_percentage_input,ArtithmeticOperator,Modulus
py_win_percentage_input,ArtithmeticOperator,*
py_win_percentage_input,Statement,ExpressionStatement
py_win_percentage_input,ConditionalStatement,IfElifElseStatement
py_win_percentage_input,ConditionalStatement,IfStatement
py_win_percentage_input,ConditionalStatement,IfElseStatement
py_win_percentage_input,ConditionalStatement,IfElifStatement
py_win_percentage_input,ImportStatement,Import
py_win_percentage_input,ImportStatement,ImportFrom
py_win_percentage_input,JumpStatement,PassStatement
py_win_percentage_input,JumpStatement,BreakStatement
py_win_percentage_input,JumpStatement,ContinueStatement
py_win_percentage_input,JumpStatement,ReturnStatement
py_win_percentage_input,IterationStatement,ForStatement
py_win_percentage_input,IterationStatement,WhileStatement
py_win_percentage_input,ExceptionHandlingStatement,TryStatement
py_win_percentage_won_equal,ExceptionHandlingStatement,RaiseStatement
py_win_percentage_won_equal,ExceptionHandlingStatement,AssertStatement
py_win_percentage_won_equal,AssignmentStatement,SimpleAssignmentStatement
py_win_percentage_won_equal,AssignmentStatement,AugmentedAssignmentStatement
py_win_percentage_won_equal,DefinitionStatement,FunctionDefinition
py_win_percentage_won_equal,DefinitionStatement,ClassDefinition
py_win_percentage_won_equal,BuiltInFunction,dict()
py_win_percentage_won_equal,BuiltInFunction,str()
py_win_percentage_won_equal,BuiltInFunction,next()
py_win_percentage_won_equal,BuiltInFunction,input()
py_win_percentage_won_equal,BuiltInFunction,int()
py_win_percentage_won_equal,BuiltInFunction,max()
py_win_percentage_won_equal,BuiltInFunction,float()
py_win_percentage_won_equal,BuiltInFunction,set()
py_win_percentage_won_equal,BuiltInFunction,open()
py_win_percentage_won_equal,BuiltInFunction,range()
py_win_percentage_won_equal,BuiltInFunction,tuple()
py_win_percentage_won_equal,BuiltInFunction,abs()
py_win_percentage_won_equal,BuiltInFunction,round()
py_win_percentage_won_equal,BuiltInFunction,len()
py_win_percentage_won_equal,BuiltInFunction,min()
py_win_percentage_won_equal,BuiltInFunction,print()
py_win_percentage_won_equal,BuiltInFunction,list()
py_average_even_nums,MembershipOperator,in
py_average_even_nums,LogicalOperator,and
py_average_even_nums,LogicalOperator,or
py_average_even_nums,LogicalOperator,not
py_average_even_nums,ArtithmeticOperator,//
py_average_even_nums,ArtithmeticOperator,-
py_average_even_nums,ArtithmeticOperator,+
py_average_even_nums,ArtithmeticOperator,/
py_average_even_nums,ArtithmeticOperator,**
py_average_even_nums,ArtithmeticOperator,Modulus
py_average_even_nums,ArtithmeticOperator,*
py_average_even_nums,Statement,ExpressionStatement
py_average_even_nums,ConditionalStatement,IfElifElseStatement
py_average_even_nums,ConditionalStatement,IfStatement
py_average_even_nums,ConditionalStatement,IfElseStatement
py_average_even_nums,ConditionalStatement,IfElifStatement
py_average_even_nums,ImportStatement,Import
py_average_even_nums,ImportStatement,ImportFrom
py_average_even_nums,JumpStatement,PassStatement
py_average_even_nums,JumpStatement,BreakStatement
py_average_even_nums,JumpStatement,ContinueStatement
py_average_even_nums,JumpStatement,ReturnStatement
py_average_even_nums,IterationStatement,ForStatement
py_average_even_nums,IterationStatement,WhileStatement
py_average_even_nums,ExceptionHandlingStatement,TryStatement
py_list2d_basic,ExceptionHandlingStatement,RaiseStatement
py_list2d_basic,ExceptionHandlingStatement,AssertStatement
py_list2d_basic,AssignmentStatement,SimpleAssignmentStatement
py_list2d_basic,AssignmentStatement,AugmentedAssignmentStatement
py_list2d_basic,DefinitionStatement,FunctionDefinition
py_list2d_basic,DefinitionStatement,ClassDefinition
py_list2d_basic,BuiltInFunction,dict()
py_list2d_basic,BuiltInFunction,str()
py_list2d_basic,BuiltInFunction,next()
py_list2d_basic,BuiltInFunction,input()
py_list2d_basic,BuiltInFunction,int()
py_list2d_basic,BuiltInFunction,max()
py_list2d_basic,BuiltInFunction,float()
py_list2d_basic,BuiltInFunction,set()
py_list2d_basic,BuiltInFunction,open()
py_list2d_basic,BuiltInFunction,range()
py_list2d_basic,BuiltInFunction,tuple()
py_list2d_basic,BuiltInFunction,abs()
py_list2d_basic,BuiltInFunction,round()
py_list2d_basic,BuiltInFunction,len()
py_list2d_basic,BuiltInFunction,min()
py_list2d_basic,BuiltInFunction,print()
py_list2d_basic,BuiltInFunction,list()
py_list2d_basic3,SubscriptExpression,IndexingExpression
py_list2d_basic3,SubscriptExpression,SlicingExpression
py_list2d_basic3,Call,FunctionCall
py_list2d_basic3,ArithmeticExpression,BinaryOperation
py_list2d_basic3,ArithmeticExpression,UnaryOperation
py_list2d_basic3,LogicalExpression,ComparisonExpression
py_list2d_basic3,LogicalExpression,BooleanExpression
py_list2d_basic3,Literal,StringLiteral
py_list2d_basic3,Literal,BooleanLiteral
py_list2d_basic3,Literal,NoneLiteral
py_list2d_basic3,NumericLiteral,FloatLiteral
py_list2d_basic3,NumericLiteral,IntegerLiteral
py_list2d_basic3,LiteralCollection,TupleLiteral
py_list2d_basic3,LiteralCollection,SetLiteral
py_list2d_basic3,LiteralCollection,ListLiteral
py_list2d_basic3,LiteralCollection,DictLiteral
py_list2d_basic3,Error,TypeError
py_list2d_basic3,Error,OSError
py_list2d_basic3,Error,IndexError
py_list2d_basic3,Error,IOError
py_list2d_basic3,Error,FileNotFoundError
py_list2d_basic3,Error,ValueError
py_list2d_basic3,Error,AssertionError
py_list2d_basic3,StringMethod,split()
py_list2d_basic3,StringMethod,lower()
py_list2d_basic3,ExceptionHandlingStatement,RaiseStatement
py_list2d_basic3,ExceptionHandlingStatement,AssertStatement
py_list2d_basic3,AssignmentStatement,SimpleAssignmentStatement
py_list2d_basic3,AssignmentStatement,AugmentedAssignmentStatement
py_list2d_basic3,DefinitionStatement,FunctionDefinition
py_list2d_basic3,DefinitionStatement,ClassDefinition
py_list2d_basic3,BuiltInFunction,dict()
py_list2d_basic3,BuiltInFunction,str()
py_list2d_basic3,BuiltInFunction,next()
py_list2d_basic3,BuiltInFunction,input()
py_list2d_basic3,BuiltInFunction,int()
py_list2d_basic3,BuiltInFunction,max()
py_list2d_basic3,BuiltInFunction,float()
py_list2d_basic3,BuiltInFunction,set()
py_list2d_basic3,BuiltInFunction,open()
py_list2d_basic3,BuiltInFunction,range()
py_list2d_basic3,BuiltInFunction,tuple()
py_list2d_basic3,BuiltInFunction,abs()
py_list2d_basic3,BuiltInFunction,round()
py_list2d_basic3,BuiltInFunction,len()
py_list2d_basic3,BuiltInFunction,min()
py_list2d_basic3,BuiltInFunction,print()
py_list2d_basic3,BuiltInFunction,list()
py_list_swap_adjacent_elements,ArtithmeticOperator,/
py_list_swap_adjacent_elements,IterationStatement,WhileStatement
py_list_swap_adjacent_elements,ExceptionHandlingStatement,TryStatement
py_list_fill,SubscriptExpression,IndexingExpression
py_list_fill,SubscriptExpression,SlicingExpression
py_list_fill,Call,FunctionCall
py_list_fill,ArithmeticExpression,BinaryOperation
py_list_fill,ArithmeticExpression,UnaryOperation
py_list_fill,LogicalExpression,ComparisonExpression
py_list_fill,LogicalExpression,BooleanExpression
py_list_fill,Literal,StringLiteral
py_list_fill,Literal,BooleanLiteral
py_list_fill,Literal,NoneLiteral
py_list_fill,NumericLiteral,FloatLiteral
py_list_fill,NumericLiteral,IntegerLiteral
py_list_fill,LiteralCollection,TupleLiteral
py_list_fill,LiteralCollection,SetLiteral
py_list_fill,LiteralCollection,ListLiteral
py_list_fill,LiteralCollection,DictLiteral
py_list_fill,Error,TypeError
py_list_fill,Error,OSError
py_list_fill,Error,IndexError
py_list_fill,Error,IOError
py_list_fill,Error,FileNotFoundError
py_list_fill,Error,ValueError
py_list_fill,Error,AssertionError
py_list_fill,StringMethod,split()
py_list_fill,StringMethod,lower()
py_list_min_max,SubscriptExpression,IndexingExpression
py_list_min_max,SubscriptExpression,SlicingExpression
py_list_min_max,Call,FunctionCall
py_list_min_max,ArithmeticExpression,BinaryOperation
py_list_min_max,ArithmeticExpression,UnaryOperation
py_list_min_max,LogicalExpression,ComparisonExpression
py_list_min_max,LogicalExpression,BooleanExpression
py_list_min_max,Literal,StringLiteral
py_list_min_max,Literal,BooleanLiteral
py_list_min_max,Literal,NoneLiteral
py_list_min_max,NumericLiteral,FloatLiteral
py_list_min_max,NumericLiteral,IntegerLiteral
py_list_min_max,LiteralCollection,TupleLiteral
py_list_min_max,LiteralCollection,SetLiteral
py_list_min_max,LiteralCollection,ListLiteral
py_list_min_max,LiteralCollection,DictLiteral
py_list_min_max,Error,TypeError
py_list_min_max,Error,OSError
py_list_min_max,Error,IndexError
py_list_min_max,Error,IOError
py_list_min_max,Error,FileNotFoundError
py_list_min_max,Error,ValueError
py_list_min_max,Error,AssertionError
py_list_min_max,StringMethod,split()
py_list_min_max,StringMethod,lower()
py_list_min_max,ExceptionHandlingStatement,RaiseStatement
py_list_min_max,ExceptionHandlingStatement,AssertStatement
py_list_min_max,AssignmentStatement,SimpleAssignmentStatement
py_list_min_max,AssignmentStatement,AugmentedAssignmentStatement
py_list_min_max,DefinitionStatement,FunctionDefinition
py_list_min_max,DefinitionStatement,ClassDefinition
py_list_min_max,BuiltInFunction,dict()
py_list_min_max,BuiltInFunction,str()
py_list_min_max,BuiltInFunction,next()
py_list_min_max,BuiltInFunction,input()
py_list_min_max,BuiltInFunction,int()
py_list_min_max,BuiltInFunction,max()
py_list_min_max,BuiltInFunction,float()
py_list_min_max,BuiltInFunction,set()
py_list_min_max,BuiltInFunction,open()
py_list_min_max,BuiltInFunction,range()
py_list_min_max,BuiltInFunction,tuple()
py_list_min_max,BuiltInFunction,abs()
py_list_min_max,BuiltInFunction,round()
py_list_min_max,BuiltInFunction,len()
py_list_min_max,BuiltInFunction,min()
py_list_min_max,BuiltInFunction,print()
py_list_min_max,BuiltInFunction,list()
py_list_min,StringMethod,join()
py_list_min,StringMethod,format()
py_list_min,StringMethod,capitalize()
py_list_min,StringMethod,rstrip()
py_list_min,StringMethod,replace()
py_list_min,DictionaryMethod,values()
py_list_min,DictionaryMethod,keys()
py_list_min,DictionaryMethod,items()
py_list_min,DictionaryMethod,get()
py_list_min,ClassMethod,__init()__
py_list_min,ListMethod,reverse()
py_list_min,ListMethod,insert()
py_list_min,ListMethod,remove()
py_list_min,ListMethod,append()
py_list_min,ListMethod,pop()
py_list_min,FileMethod,readline()
py_list_min,FileMethod,close()
py_list_min,FileMethod,read()
py_list_min,Operator,=
py_list_min,ComparisonOperator,LessOrEqual
py_list_min,ComparisonOperator,Less
py_list_min,ComparisonOperator,Larger
py_list_min,ComparisonOperator,LargerOrEqual
py_list_min,ComparisonOperator,==
py_list_min,ComparisonOperator,NotEqual
py_list_min,MembershipOperator,in
py_list_min,LogicalOperator,and
py_list_min,LogicalOperator,or
py_list_min,LogicalOperator,not
py_list_min,ArtithmeticOperator,//
py_list_min,ArtithmeticOperator,-
py_list_min,ArtithmeticOperator,+
py_list_min,ArtithmeticOperator,/
py_list_min,ArtithmeticOperator,**
py_list_min,ArtithmeticOperator,Modulus
py_list_min,ArtithmeticOperator,*
py_list_min,Statement,ExpressionStatement
py_list_min,ConditionalStatement,IfElifElseStatement
py_list_min,ConditionalStatement,IfStatement
py_list_min,ConditionalStatement,IfElseStatement
py_list_min,ConditionalStatement,IfElifStatement
py_list_min,ImportStatement,Import
py_list_min,ImportStatement,ImportFrom
py_list_min,JumpStatement,PassStatement
py_list_min,JumpStatement,BreakStatement
py_list_min,JumpStatement,ContinueStatement
py_list_min,JumpStatement,ReturnStatement
py_list_min,IterationStatement,ForStatement
py_list_min,IterationStatement,WhileStatement
py_list_min,ExceptionHandlingStatement,TryStatement
py_list_min,ExceptionHandlingStatement,RaiseStatement
py_list_min,ExceptionHandlingStatement,AssertStatement
py_list_min,AssignmentStatement,SimpleAssignmentStatement
py_list_min,AssignmentStatement,AugmentedAssignmentStatement
py_list_min,DefinitionStatement,FunctionDefinition
py_list_min,DefinitionStatement,ClassDefinition
py_list_min,BuiltInFunction,dict()
py_list_min,BuiltInFunction,str()
py_list_min,BuiltInFunction,next()
py_list_min,BuiltInFunction,input()
py_list_min,BuiltInFunction,int()
py_list_min,BuiltInFunction,max()
py_list_min,BuiltInFunction,float()
py_list_min,BuiltInFunction,set()
py_list_min,BuiltInFunction,open()
py_list_min,BuiltInFunction,range()
py_list_min,BuiltInFunction,tuple()
py_list_min,BuiltInFunction,abs()
py_list_min,BuiltInFunction,round()
py_list_min,BuiltInFunction,len()
py_list_min,BuiltInFunction,min()
py_list_min,BuiltInFunction,print()
py_list_min,BuiltInFunction,list()
py_list_rotate_left_twice,MembershipOperator,in
py_list_rotate_left_twice,LogicalOperator,and
py_list_rotate_left_twice,LogicalOperator,or
py_list_rotate_left_twice,LogicalOperator,not
py_list_rotate_left_twice,ArtithmeticOperator,//
py_list_rotate_left_twice,ArtithmeticOperator,-
py_list_rotate_left_twice,ArtithmeticOperator,+
py_list_rotate_left_twice,ArtithmeticOperator,/
py_list_rotate_left_twice,ArtithmeticOperator,**
py_list_rotate_left_twice,ArtithmeticOperator,Modulus
py_list_rotate_left_twice,ArtithmeticOperator,*
py_list_rotate_left_twice,Statement,ExpressionStatement
py_list_rotate_left_twice,ConditionalStatement,IfElifElseStatement
py_list_rotate_left_twice,ConditionalStatement,IfStatement
py_list_rotate_left_twice,ConditionalStatement,IfElseStatement
py_list_rotate_left_twice,ConditionalStatement,IfElifStatement
py_list_rotate_left_twice,ImportStatement,Import
py_list_rotate_left_twice,ImportStatement,ImportFrom
py_list_rotate_left_twice,JumpStatement,PassStatement
py_list_rotate_left_twice,JumpStatement,BreakStatement
py_list_rotate_left_twice,JumpStatement,ContinueStatement
py_list_rotate_left_twice,JumpStatement,ReturnStatement
py_list_rotate_left_twice,IterationStatement,ForStatement
py_list_rotate_left_twice,IterationStatement,WhileStatement
py_list_rotate_left_twice,ExceptionHandlingStatement,TryStatement
py_list_rotate_left_twice,ExceptionHandlingStatement,RaiseStatement
py_list_rotate_left_twice,ExceptionHandlingStatement,AssertStatement
py_list_rotate_left_twice,AssignmentStatement,SimpleAssignmentStatement
py_list_rotate_left_twice,AssignmentStatement,AugmentedAssignmentStatement
py_list_rotate_left_twice,DefinitionStatement,FunctionDefinition
py_list_rotate_left_twice,DefinitionStatement,ClassDefinition
py_list_rotate_left_twice,BuiltInFunction,dict()
py_list_rotate_left_twice,BuiltInFunction,str()
py_list_rotate_left_twice,BuiltInFunction,next()
py_list_rotate_left_twice,BuiltInFunction,input()
py_list_rotate_left_twice,BuiltInFunction,int()
py_list_rotate_left_twice,BuiltInFunction,max()
py_list_rotate_left_twice,BuiltInFunction,float()
py_list_rotate_left_twice,BuiltInFunction,set()
py_list_rotate_left_twice,BuiltInFunction,open()
py_list_rotate_left_twice,BuiltInFunction,range()
py_list_rotate_left_twice,BuiltInFunction,tuple()
py_list_rotate_left_twice,BuiltInFunction,abs()
py_list_rotate_left_twice,BuiltInFunction,round()
py_list_rotate_left_twice,BuiltInFunction,len()
py_list_rotate_left_twice,BuiltInFunction,min()
py_list_rotate_left_twice,BuiltInFunction,print()
py_list_rotate_left_twice,BuiltInFunction,list()
py_list_rotate_right,StringMethod,join()
py_list_rotate_right,StringMethod,format()
py_list_rotate_right,StringMethod,capitalize()
py_list_rotate_right,StringMethod,rstrip()
py_list_rotate_right,StringMethod,replace()
py_list_rotate_right,DictionaryMethod,values()
py_list_rotate_right,DictionaryMethod,keys()
py_list_rotate_right,DictionaryMethod,items()
py_list_rotate_right,DictionaryMethod,get()
py_list_rotate_right,ClassMethod,__init()__
py_list_rotate_right,ListMethod,reverse()
py_list_rotate_right,ListMethod,insert()
py_list_rotate_right,ListMethod,remove()
py_list_rotate_right,ListMethod,append()
py_list_rotate_right,ListMethod,pop()
py_list_rotate_right,FileMethod,readline()
py_list_rotate_right,FileMethod,close()
py_list_rotate_right,FileMethod,read()
py_list_rotate_right,Operator,=
py_list_rotate_right,ComparisonOperator,LessOrEqual
py_list_rotate_right,ComparisonOperator,Less
py_list_rotate_right,ComparisonOperator,Larger
py_list_rotate_right,ComparisonOperator,LargerOrEqual
py_list_rotate_right,ComparisonOperator,==
py_list_rotate_right,ComparisonOperator,NotEqual
py_print_medals,MembershipOperator,in
py_print_medals,LogicalOperator,and
py_print_medals,LogicalOperator,or
py_print_medals,LogicalOperator,not
py_print_medals,ArtithmeticOperator,//
py_print_medals,ArtithmeticOperator,-
py_print_medals,ArtithmeticOperator,+
py_print_medals,ArtithmeticOperator,/
py_print_medals,ArtithmeticOperator,**
py_print_medals,ArtithmeticOperator,Modulus
py_print_medals,ArtithmeticOperator,*
py_print_medals,Statement,ExpressionStatement
py_print_medals,ConditionalStatement,IfElifElseStatement
py_print_medals,ConditionalStatement,IfStatement
py_print_medals,ConditionalStatement,IfElseStatement
py_print_medals,ConditionalStatement,IfElifStatement
py_print_medals,ImportStatement,Import
py_print_medals,ImportStatement,ImportFrom
py_print_medals,JumpStatement,PassStatement
py_print_medals,JumpStatement,BreakStatement
py_print_medals,JumpStatement,ContinueStatement
py_print_medals,JumpStatement,ReturnStatement
py_print_medals,IterationStatement,ForStatement
py_print_medals,IterationStatement,WhileStatement
py_print_medals,ExceptionHandlingStatement,TryStatement
py_print_medals_row_column_total,SubscriptExpression,IndexingExpression
py_print_medals_row_column_total,SubscriptExpression,SlicingExpression
py_print_medals_row_column_total,Call,FunctionCall
py_print_medals_row_column_total,ArithmeticExpression,BinaryOperation
py_print_medals_row_column_total,ArithmeticExpression,UnaryOperation
py_print_medals_row_column_total,LogicalExpression,ComparisonExpression
py_print_medals_row_column_total,LogicalExpression,BooleanExpression
py_print_medals_row_column_total,Literal,StringLiteral
py_print_medals_row_column_total,Literal,BooleanLiteral
py_print_medals_row_column_total,Literal,NoneLiteral
py_print_medals_row_column_total,NumericLiteral,FloatLiteral
py_print_medals_row_column_total,NumericLiteral,IntegerLiteral
py_print_medals_row_column_total,LiteralCollection,TupleLiteral
py_print_medals_row_column_total,LiteralCollection,SetLiteral
py_print_medals_row_column_total,LiteralCollection,ListLiteral
py_print_medals_row_column_total,LiteralCollection,DictLiteral
py_print_medals_row_column_total,Error,TypeError
py_print_medals_row_column_total,Error,OSError
py_print_medals_row_column_total,Error,IndexError
py_print_medals_row_column_total,Error,IOError
py_print_medals_row_column_total,Error,FileNotFoundError
py_print_medals_row_column_total,Error,ValueError
py_print_medals_row_column_total,Error,AssertionError
py_print_medals_row_column_total,StringMethod,split()
py_print_medals_row_column_total,StringMethod,lower()
py_search_list,StringMethod,join()
py_search_list,StringMethod,format()
py_search_list,StringMethod,capitalize()
py_search_list,StringMethod,rstrip()
py_search_list,StringMethod,replace()
py_search_list,DictionaryMethod,values()
py_search_list,DictionaryMethod,keys()
py_search_list,DictionaryMethod,items()
py_search_list,DictionaryMethod,get()
py_search_list,ClassMethod,__init()__
py_search_list,ListMethod,reverse()
py_search_list,ListMethod,insert()
py_search_list,ListMethod,remove()
py_search_list,ListMethod,append()
py_search_list,ListMethod,pop()
py_search_list,FileMethod,readline()
py_search_list,FileMethod,close()
py_search_list,FileMethod,read()
py_search_list,Operator,=
py_search_list,ComparisonOperator,LessOrEqual
py_search_list,ComparisonOperator,Less
py_search_list,ComparisonOperator,Larger
py_search_list,ComparisonOperator,LargerOrEqual
py_search_list,ComparisonOperator,==
py_search_list,ComparisonOperator,NotEqual
py_search_list,ExceptionHandlingStatement,RaiseStatement
py_search_list,ExceptionHandlingStatement,AssertStatement
py_search_list,AssignmentStatement,SimpleAssignmentStatement
py_search_list,AssignmentStatement,AugmentedAssignmentStatement
py_search_list,DefinitionStatement,FunctionDefinition
py_search_list,DefinitionStatement,ClassDefinition
py_search_list,BuiltInFunction,dict()
py_search_list,BuiltInFunction,str()
py_search_list,BuiltInFunction,next()
py_search_list,BuiltInFunction,input()
py_search_list,BuiltInFunction,int()
py_search_list,BuiltInFunction,max()
py_search_list,BuiltInFunction,float()
py_search_list,BuiltInFunction,set()
py_search_list,BuiltInFunction,open()
py_search_list,BuiltInFunction,range()
py_search_list,BuiltInFunction,tuple()
py_search_list,BuiltInFunction,abs()
py_search_list,BuiltInFunction,round()
py_search_list,BuiltInFunction,len()
py_search_list,BuiltInFunction,min()
py_search_list,BuiltInFunction,print()
py_search_list,BuiltInFunction,list()
py_search_list_total_count,SubscriptExpression,IndexingExpression
py_search_list_total_count,SubscriptExpression,SlicingExpression
py_search_list_total_count,Call,FunctionCall
py_search_list_total_count,ArithmeticExpression,BinaryOperation
py_search_list_total_count,ArithmeticExpression,UnaryOperation
py_search_list_total_count,LogicalExpression,ComparisonExpression
py_search_list_total_count,LogicalExpression,BooleanExpression
py_search_list_total_count,Literal,StringLiteral
py_search_list_total_count,Literal,BooleanLiteral
py_search_list_total_count,Literal,NoneLiteral
py_search_list_total_count,NumericLiteral,FloatLiteral
py_search_list_total_count,NumericLiteral,IntegerLiteral
py_search_list_total_count,LiteralCollection,TupleLiteral
py_search_list_total_count,LiteralCollection,SetLiteral
py_search_list_total_count,LiteralCollection,ListLiteral
py_search_list_total_count,LiteralCollection,DictLiteral
py_search_list_total_count,Error,TypeError
py_search_list_total_count,Error,OSError
py_search_list_total_count,Error,IndexError
py_search_list_total_count,Error,IOError
py_search_list_total_count,Error,FileNotFoundError
py_search_list_total_count,Error,ValueError
py_search_list_total_count,Error,AssertionError
py_search_list_total_count,StringMethod,split()
py_search_list_total_count,StringMethod,lower()
py_search_list_total_count,MembershipOperator,in
py_search_list_total_count,LogicalOperator,and
py_search_list_total_count,LogicalOperator,or
py_search_list_total_count,LogicalOperator,not
py_search_list_total_count,ArtithmeticOperator,//
py_search_list_total_count,ArtithmeticOperator,-
py_search_list_total_count,ArtithmeticOperator,+
py_search_list_total_count,ArtithmeticOperator,/
py_search_list_total_count,ArtithmeticOperator,**
py_search_list_total_count,ArtithmeticOperator,Modulus
py_search_list_total_count,ArtithmeticOperator,*
py_search_list_total_count,Statement,ExpressionStatement
py_search_list_total_count,ConditionalStatement,IfElifElseStatement
py_search_list_total_count,ConditionalStatement,IfStatement
py_search_list_total_count,ConditionalStatement,IfElseStatement
py_search_list_total_count,ConditionalStatement,IfElifStatement
py_search_list_total_count,ImportStatement,Import
py_search_list_total_count,ImportStatement,ImportFrom
py_search_list_total_count,JumpStatement,PassStatement
py_search_list_total_count,JumpStatement,BreakStatement
py_search_list_total_count,JumpStatement,ContinueStatement
py_search_list_total_count,JumpStatement,ReturnStatement
py_search_list_total_count,IterationStatement,ForStatement
py_search_list_total_count,IterationStatement,WhileStatement
py_search_list_total_count,ExceptionHandlingStatement,TryStatement
py_search_list_total_count,ExceptionHandlingStatement,RaiseStatement
py_search_list_total_count,ExceptionHandlingStatement,AssertStatement
py_search_list_total_count,AssignmentStatement,SimpleAssignmentStatement
py_search_list_total_count,AssignmentStatement,AugmentedAssignmentStatement
py_search_list_total_count,DefinitionStatement,FunctionDefinition
py_search_list_total_count,DefinitionStatement,ClassDefinition
py_search_list_total_count,BuiltInFunction,dict()
py_search_list_total_count,BuiltInFunction,str()
py_search_list_total_count,BuiltInFunction,next()
py_search_list_total_count,BuiltInFunction,input()
py_search_list_total_count,BuiltInFunction,int()
py_search_list_total_count,BuiltInFunction,max()
py_search_list_total_count,BuiltInFunction,float()
py_search_list_total_count,BuiltInFunction,set()
py_search_list_total_count,BuiltInFunction,open()
py_search_list_total_count,BuiltInFunction,range()
py_search_list_total_count,BuiltInFunction,tuple()
py_search_list_total_count,BuiltInFunction,abs()
py_search_list_total_count,BuiltInFunction,round()
py_search_list_total_count,BuiltInFunction,len()
py_search_list_total_count,BuiltInFunction,min()
py_search_list_total_count,BuiltInFunction,print()
py_search_list_total_count,BuiltInFunction,list()
py_search_list_count_each,MembershipOperator,in
py_search_list_count_each,LogicalOperator,and
py_search_list_count_each,LogicalOperator,or
py_search_list_count_each,LogicalOperator,not
py_search_list_count_each,ArtithmeticOperator,//
py_search_list_count_each,ArtithmeticOperator,-
py_search_list_count_each,ArtithmeticOperator,+
py_search_list_count_each,ArtithmeticOperator,/
py_search_list_count_each,ArtithmeticOperator,**
py_search_list_count_each,ArtithmeticOperator,Modulus
py_search_list_count_each,ArtithmeticOperator,*
py_search_list_count_each,Statement,ExpressionStatement
py_search_list_count_each,ConditionalStatement,IfElifElseStatement
py_search_list_count_each,ConditionalStatement,IfStatement
py_search_list_count_each,ConditionalStatement,IfElseStatement
py_search_list_count_each,ConditionalStatement,IfElifStatement
py_search_list_count_each,ImportStatement,Import
py_search_list_count_each,ImportStatement,ImportFrom
py_search_list_count_each,JumpStatement,PassStatement
py_search_list_count_each,JumpStatement,BreakStatement
py_search_list_count_each,JumpStatement,ContinueStatement
py_search_list_count_each,JumpStatement,ReturnStatement
py_search_list_count_each,IterationStatement,ForStatement
py_search_list_count_each,IterationStatement,WhileStatement
py_search_list_count_each,ExceptionHandlingStatement,TryStatement
py_soda_survey,ExceptionHandlingStatement,RaiseStatement
py_soda_survey,ExceptionHandlingStatement,AssertStatement
py_soda_survey,AssignmentStatement,SimpleAssignmentStatement
py_soda_survey,AssignmentStatement,AugmentedAssignmentStatement
py_soda_survey,DefinitionStatement,FunctionDefinition
py_soda_survey,DefinitionStatement,ClassDefinition
py_soda_survey,BuiltInFunction,dict()
py_soda_survey,BuiltInFunction,str()
py_soda_survey,BuiltInFunction,next()
py_soda_survey,BuiltInFunction,input()
py_soda_survey,BuiltInFunction,int()
py_soda_survey,BuiltInFunction,max()
py_soda_survey,BuiltInFunction,float()
py_soda_survey,BuiltInFunction,set()
py_soda_survey,BuiltInFunction,open()
py_soda_survey,BuiltInFunction,range()
py_soda_survey,BuiltInFunction,tuple()
py_soda_survey,BuiltInFunction,abs()
py_soda_survey,BuiltInFunction,round()
py_soda_survey,BuiltInFunction,len()
py_soda_survey,BuiltInFunction,min()
py_soda_survey,BuiltInFunction,print()
py_soda_survey,BuiltInFunction,list()
py_soda_survey_soda_respondent_avg,MembershipOperator,in
py_soda_survey_soda_respondent_avg,LogicalOperator,and
py_soda_survey_soda_respondent_avg,LogicalOperator,or
py_soda_survey_soda_respondent_avg,LogicalOperator,not
py_soda_survey_soda_respondent_avg,ArtithmeticOperator,//
py_soda_survey_soda_respondent_avg,ArtithmeticOperator,-
py_soda_survey_soda_respondent_avg,ArtithmeticOperator,+
py_soda_survey_soda_respondent_avg,ArtithmeticOperator,/
py_soda_survey_soda_respondent_avg,ArtithmeticOperator,**
py_soda_survey_soda_respondent_avg,ArtithmeticOperator,Modulus
py_soda_survey_soda_respondent_avg,ArtithmeticOperator,*
py_soda_survey_soda_respondent_avg,Statement,ExpressionStatement
py_soda_survey_soda_respondent_avg,ConditionalStatement,IfElifElseStatement
py_soda_survey_soda_respondent_avg,ConditionalStatement,IfStatement
py_soda_survey_soda_respondent_avg,ConditionalStatement,IfElseStatement
py_soda_survey_soda_respondent_avg,ConditionalStatement,IfElifStatement
py_soda_survey_soda_respondent_avg,ImportStatement,Import
py_soda_survey_soda_respondent_avg,ImportStatement,ImportFrom
py_soda_survey_soda_respondent_avg,JumpStatement,PassStatement
py_soda_survey_soda_respondent_avg,JumpStatement,BreakStatement
py_soda_survey_soda_respondent_avg,JumpStatement,ContinueStatement
py_soda_survey_soda_respondent_avg,JumpStatement,ReturnStatement
py_soda_survey_soda_respondent_avg,IterationStatement,ForStatement
py_soda_survey_soda_respondent_avg,IterationStatement,WhileStatement
py_soda_survey_soda_respondent_avg,ExceptionHandlingStatement,TryStatement
py_temperature,SubscriptExpression,IndexingExpression
py_temperature,SubscriptExpression,SlicingExpression
py_temperature,Call,FunctionCall
py_temperature,ArithmeticExpression,BinaryOperation
py_temperature,ArithmeticExpression,UnaryOperation
py_temperature,LogicalExpression,ComparisonExpression
py_temperature,LogicalExpression,BooleanExpression
py_temperature,Literal,StringLiteral
py_temperature,Literal,BooleanLiteral
py_temperature,Literal,NoneLiteral
py_temperature,NumericLiteral,FloatLiteral
py_temperature,NumericLiteral,IntegerLiteral
py_temperature,LiteralCollection,TupleLiteral
py_temperature,LiteralCollection,SetLiteral
py_temperature,LiteralCollection,ListLiteral
py_temperature,LiteralCollection,DictLiteral
py_temperature,Error,TypeError
py_temperature,Error,OSError
py_temperature,Error,IndexError
py_temperature,Error,IOError
py_temperature,Error,FileNotFoundError
py_temperature,Error,ValueError
py_temperature,Error,AssertionError
py_temperature,StringMethod,split()
py_temperature,StringMethod,lower()
py_temperature_list_days_above_threshold,SubscriptExpression,IndexingExpression
py_temperature_list_days_above_threshold,SubscriptExpression,SlicingExpression
py_temperature_list_days_above_threshold,Call,FunctionCall
py_temperature_list_days_above_threshold,ArithmeticExpression,BinaryOperation
py_temperature_list_days_above_threshold,ArithmeticExpression,UnaryOperation
py_temperature_list_days_above_threshold,LogicalExpression,ComparisonExpression
py_temperature_list_days_above_threshold,LogicalExpression,BooleanExpression
py_temperature_list_days_above_threshold,Literal,StringLiteral
py_temperature_list_days_above_threshold,Literal,BooleanLiteral
py_temperature_list_days_above_threshold,Literal,NoneLiteral
py_temperature_list_days_above_threshold,NumericLiteral,FloatLiteral
py_temperature_list_days_above_threshold,NumericLiteral,IntegerLiteral
py_temperature_list_days_above_threshold,LiteralCollection,TupleLiteral
py_temperature_list_days_above_threshold,LiteralCollection,SetLiteral
py_temperature_list_days_above_threshold,LiteralCollection,ListLiteral
py_temperature_list_days_above_threshold,LiteralCollection,DictLiteral
py_temperature_list_days_above_threshold,Error,TypeError
py_temperature_list_days_above_threshold,Error,OSError
py_temperature_list_days_above_threshold,Error,IndexError
py_temperature_list_days_above_threshold,Error,IOError
py_temperature_list_days_above_threshold,Error,FileNotFoundError
py_temperature_list_days_above_threshold,Error,ValueError
py_temperature_list_days_above_threshold,Error,AssertionError
py_temperature_list_days_above_threshold,StringMethod,split()
py_temperature_list_days_above_threshold,StringMethod,lower()
py_work_hours,SubscriptExpression,IndexingExpression
py_work_hours,SubscriptExpression,SlicingExpression
py_work_hours,Call,FunctionCall
py_work_hours,ArithmeticExpression,BinaryOperation
py_work_hours,ArithmeticExpression,UnaryOperation
py_work_hours,LogicalExpression,ComparisonExpression
py_work_hours,LogicalExpression,BooleanExpression
py_work_hours,Literal,StringLiteral
py_work_hours,Literal,BooleanLiteral
py_work_hours,Literal,NoneLiteral
py_work_hours,NumericLiteral,FloatLiteral
py_work_hours,NumericLiteral,IntegerLiteral
py_work_hours,LiteralCollection,TupleLiteral
py_work_hours,LiteralCollection,SetLiteral
py_work_hours,LiteralCollection,ListLiteral
py_work_hours,LiteralCollection,DictLiteral
py_work_hours,Error,TypeError
py_work_hours,Error,OSError
py_work_hours,Error,IndexError
py_work_hours,Error,IOError
py_work_hours,Error,FileNotFoundError
py_work_hours,Error,ValueError
py_work_hours,Error,AssertionError
py_work_hours,StringMethod,split()
py_work_hours,StringMethod,lower()
py_check_product_code2,SubscriptExpression,IndexingExpression
py_check_product_code2,SubscriptExpression,SlicingExpression
py_check_product_code2,Call,FunctionCall
py_check_product_code2,ArithmeticExpression,BinaryOperation
py_check_product_code2,ArithmeticExpression,UnaryOperation
py_check_product_code2,LogicalExpression,ComparisonExpression
py_check_product_code2,LogicalExpression,BooleanExpression
py_check_product_code2,Literal,StringLiteral
py_check_product_code2,Literal,BooleanLiteral
py_check_product_code2,Literal,NoneLiteral
py_check_product_code2,NumericLiteral,FloatLiteral
py_check_product_code2,NumericLiteral,IntegerLiteral
py_check_product_code2,LiteralCollection,TupleLiteral
py_check_product_code2,LiteralCollection,SetLiteral
py_check_product_code2,LiteralCollection,ListLiteral
py_check_product_code2,LiteralCollection,DictLiteral
py_check_product_code2,Error,TypeError
py_check_product_code2,Error,OSError
py_check_product_code2,Error,IndexError
py_check_product_code2,Error,IOError
py_check_product_code2,Error,FileNotFoundError
py_check_product_code2,Error,ValueError
py_check_product_code2,Error,AssertionError
py_check_product_code2,StringMethod,split()
py_check_product_code2,StringMethod,lower()
py_concat_char_two_str,SubscriptExpression,IndexingExpression
py_concat_char_two_str,SubscriptExpression,SlicingExpression
py_concat_char_two_str,Call,FunctionCall
py_concat_char_two_str,ArithmeticExpression,BinaryOperation
py_concat_char_two_str,ArithmeticExpression,UnaryOperation
py_concat_char_two_str,LogicalExpression,ComparisonExpression
py_concat_char_two_str,LogicalExpression,BooleanExpression
py_concat_char_two_str,Literal,StringLiteral
py_concat_char_two_str,Literal,BooleanLiteral
py_concat_char_two_str,Literal,NoneLiteral
py_concat_char_two_str,NumericLiteral,FloatLiteral
py_concat_char_two_str,NumericLiteral,IntegerLiteral
py_concat_char_two_str,LiteralCollection,TupleLiteral
py_concat_char_two_str,LiteralCollection,SetLiteral
py_concat_char_two_str,LiteralCollection,ListLiteral
py_concat_char_two_str,LiteralCollection,DictLiteral
py_concat_char_two_str,Error,TypeError
py_concat_char_two_str,Error,OSError
py_concat_char_two_str,Error,IndexError
py_concat_char_two_str,Error,IOError
py_concat_char_two_str,Error,FileNotFoundError
py_concat_char_two_str,Error,ValueError
py_concat_char_two_str,Error,AssertionError
py_concat_char_two_str,StringMethod,split()
py_concat_char_two_str,StringMethod,lower()
py_concat_char_two_str2,SubscriptExpression,IndexingExpression
py_concat_char_two_str2,SubscriptExpression,SlicingExpression
py_concat_char_two_str2,Call,FunctionCall
py_concat_char_two_str2,ArithmeticExpression,BinaryOperation
py_concat_char_two_str2,ArithmeticExpression,UnaryOperation
py_concat_char_two_str2,LogicalExpression,ComparisonExpression
py_concat_char_two_str2,LogicalExpression,BooleanExpression
py_concat_char_two_str2,Literal,StringLiteral
py_concat_char_two_str2,Literal,BooleanLiteral
py_concat_char_two_str2,Literal,NoneLiteral
py_concat_char_two_str2,NumericLiteral,FloatLiteral
py_concat_char_two_str2,NumericLiteral,IntegerLiteral
py_concat_char_two_str2,LiteralCollection,TupleLiteral
py_concat_char_two_str2,LiteralCollection,SetLiteral
py_concat_char_two_str2,LiteralCollection,ListLiteral
py_concat_char_two_str2,LiteralCollection,DictLiteral
py_concat_char_two_str2,Error,TypeError
py_concat_char_two_str2,Error,OSError
py_concat_char_two_str2,Error,IndexError
py_concat_char_two_str2,Error,IOError
py_concat_char_two_str2,Error,FileNotFoundError
py_concat_char_two_str2,Error,ValueError
py_concat_char_two_str2,Error,AssertionError
py_concat_char_two_str2,StringMethod,split()
py_concat_char_two_str2,StringMethod,lower()
py_concat_char_two_str2,DefinitionStatement,ClassDefinition
py_str_repeat,SubscriptExpression,IndexingExpression
py_str_repeat,SubscriptExpression,SlicingExpression
py_str_repeat,Call,FunctionCall
py_str_repeat,ArithmeticExpression,BinaryOperation
py_str_repeat,ArithmeticExpression,UnaryOperation
py_str_repeat,LogicalExpression,ComparisonExpression
py_str_repeat,LogicalExpression,BooleanExpression
py_str_repeat,Literal,StringLiteral
py_str_repeat,Literal,BooleanLiteral
py_str_repeat,Literal,NoneLiteral
py_str_repeat,NumericLiteral,FloatLiteral
py_str_repeat,NumericLiteral,IntegerLiteral
py_str_repeat,LiteralCollection,TupleLiteral
py_str_repeat,LiteralCollection,SetLiteral
py_str_repeat,LiteralCollection,ListLiteral
py_str_repeat,LiteralCollection,DictLiteral
py_str_repeat,Error,TypeError
py_str_repeat,Error,OSError
py_str_repeat,Error,IndexError
py_str_repeat,Error,IOError
py_str_repeat,Error,FileNotFoundError
py_str_repeat,Error,ValueError
py_str_repeat,Error,AssertionError
py_str_repeat,StringMethod,split()
py_str_repeat,StringMethod,lower()
py_str_repeat,StringMethod,join()
py_str_repeat,StringMethod,format()
py_str_repeat,StringMethod,capitalize()
py_str_repeat,StringMethod,rstrip()
py_str_repeat,StringMethod,replace()
py_str_repeat,DictionaryMethod,values()
py_str_repeat,DictionaryMethod,keys()
py_str_repeat,DictionaryMethod,items()
py_str_repeat,DictionaryMethod,get()
py_str_repeat,ClassMethod,__init()__
py_str_repeat,ListMethod,reverse()
py_str_repeat,ListMethod,insert()
py_str_repeat,ListMethod,remove()
py_str_repeat,ListMethod,append()
py_str_repeat,ListMethod,pop()
py_str_repeat,FileMethod,readline()
py_str_repeat,FileMethod,close()
py_str_repeat,FileMethod,read()
py_str_repeat,Operator,=
py_str_repeat,ComparisonOperator,LessOrEqual
py_str_repeat,ComparisonOperator,Less
py_str_repeat,ComparisonOperator,Larger
py_str_repeat,ComparisonOperator,LargerOrEqual
py_str_repeat,ComparisonOperator,==
py_str_repeat,ComparisonOperator,NotEqual
py_str_count,SubscriptExpression,IndexingExpression
py_str_count,SubscriptExpression,SlicingExpression
py_str_count,Call,FunctionCall
py_str_count,ArithmeticExpression,BinaryOperation
py_str_count,ArithmeticExpression,UnaryOperation
py_str_count,LogicalExpression,ComparisonExpression
py_str_count,LogicalExpression,BooleanExpression
py_str_count,Literal,StringLiteral
py_str_count,Literal,BooleanLiteral
py_str_count,Literal,NoneLiteral
py_str_count,NumericLiteral,FloatLiteral
py_str_count,NumericLiteral,IntegerLiteral
py_str_count,LiteralCollection,TupleLiteral
py_str_count,LiteralCollection,SetLiteral
py_str_count,LiteralCollection,ListLiteral
py_str_count,LiteralCollection,DictLiteral
py_str_count,Error,TypeError
py_str_count,Error,OSError
py_str_count,Error,IndexError
py_str_count,Error,IOError
py_str_count,Error,FileNotFoundError
py_str_count,Error,ValueError
py_str_count,Error,AssertionError
py_str_count,StringMethod,split()
py_str_count,StringMethod,lower()
py_str_count,StringMethod,join()
py_str_count,StringMethod,format()
py_str_count,StringMethod,capitalize()
py_str_count,StringMethod,rstrip()
py_str_count,StringMethod,replace()
py_str_count,DictionaryMethod,values()
py_str_count,DictionaryMethod,keys()
py_str_count,DictionaryMethod,items()
py_str_count,DictionaryMethod,get()
py_str_count,ClassMethod,__init()__
py_str_count,ListMethod,reverse()
py_str_count,ListMethod,insert()
py_str_count,ListMethod,remove()
py_str_count,ListMethod,append()
py_str_count,ListMethod,pop()
py_str_count,FileMethod,readline()
py_str_count,FileMethod,close()
py_str_count,FileMethod,read()
py_str_count,Operator,=
py_str_count,ComparisonOperator,LessOrEqual
py_str_count,ComparisonOperator,Less
py_str_count,ComparisonOperator,Larger
py_str_count,ComparisonOperator,LargerOrEqual
py_str_count,ComparisonOperator,==
py_str_count,ComparisonOperator,NotEqual
py_str_count,MembershipOperator,in
py_str_count,LogicalOperator,and
py_str_count,LogicalOperator,or
py_str_count,LogicalOperator,not
py_str_count,ArtithmeticOperator,//
py_str_count,ArtithmeticOperator,-
py_str_count,ArtithmeticOperator,+
py_str_count,ArtithmeticOperator,/
py_str_count,ArtithmeticOperator,**
py_str_count,ArtithmeticOperator,Modulus
py_str_count,ArtithmeticOperator,*
py_str_count,Statement,ExpressionStatement
py_str_count,ConditionalStatement,IfElifElseStatement
py_str_count,ConditionalStatement,IfStatement
py_str_count,ConditionalStatement,IfElseStatement
py_str_count,ConditionalStatement,IfElifStatement
py_str_count,ImportStatement,Import
py_str_count,ImportStatement,ImportFrom
py_str_count,JumpStatement,PassStatement
py_str_count,JumpStatement,BreakStatement
py_str_count,JumpStatement,ContinueStatement
py_str_count,JumpStatement,ReturnStatement
py_str_count,IterationStatement,ForStatement
py_str_count,IterationStatement,WhileStatement
py_str_count,ExceptionHandlingStatement,TryStatement
py_str_count2,ExceptionHandlingStatement,RaiseStatement
py_str_count2,ExceptionHandlingStatement,AssertStatement
py_str_count2,AssignmentStatement,SimpleAssignmentStatement
py_str_count2,AssignmentStatement,AugmentedAssignmentStatement
py_str_count2,DefinitionStatement,FunctionDefinition
py_str_count2,DefinitionStatement,ClassDefinition
py_str_count2,BuiltInFunction,dict()
py_str_count2,BuiltInFunction,str()
py_str_count2,BuiltInFunction,next()
py_str_count2,BuiltInFunction,input()
py_str_count2,BuiltInFunction,int()
py_str_count2,BuiltInFunction,max()
py_str_count2,BuiltInFunction,float()
py_str_count2,BuiltInFunction,set()
py_str_count2,BuiltInFunction,open()
py_str_count2,BuiltInFunction,range()
py_str_count2,BuiltInFunction,tuple()
py_str_count2,BuiltInFunction,abs()
py_str_count2,BuiltInFunction,round()
py_str_count2,BuiltInFunction,len()
py_str_count2,BuiltInFunction,min()
py_str_count2,BuiltInFunction,print()
py_str_count2,BuiltInFunction,list()
py_if_else_num,StringMethod,join()
py_if_else_num,StringMethod,format()
py_if_else_num,StringMethod,capitalize()
py_if_else_num,StringMethod,rstrip()
py_if_else_num,StringMethod,replace()
py_if_else_num,DictionaryMethod,values()
py_if_else_num,DictionaryMethod,keys()
py_if_else_num,DictionaryMethod,items()
py_if_else_num,DictionaryMethod,get()
py_if_else_num,ClassMethod,__init()__
py_if_else_num,ListMethod,reverse()
py_if_else_num,ListMethod,insert()
py_if_else_num,ListMethod,remove()
py_if_else_num,ListMethod,append()
py_if_else_num,ListMethod,pop()
py_if_else_num,FileMethod,readline()
py_if_else_num,FileMethod,close()
py_if_else_num,FileMethod,read()
py_if_else_num,Operator,=
py_if_else_num,ComparisonOperator,LessOrEqual
py_if_else_num,ComparisonOperator,Less
py_if_else_num,ComparisonOperator,Larger
py_if_else_num,ComparisonOperator,LargerOrEqual
py_if_else_num,ComparisonOperator,==
py_if_else_num,ComparisonOperator,NotEqual
py_range_one,IterationStatement,WhileStatement
py_range1_2,IterationStatement,WhileStatement
py_range1_2,ExceptionHandlingStatement,TryStatement
py_range_three,IterationStatement,WhileStatement
py_range3_2,StringMethod,join()
py_range3_2,StringMethod,format()
py_range3_2,StringMethod,capitalize()
py_range3_2,StringMethod,rstrip()
py_range3_2,StringMethod,replace()
py_range3_2,DictionaryMethod,values()
py_range3_2,DictionaryMethod,keys()
py_range3_2,DictionaryMethod,items()
py_range3_2,DictionaryMethod,get()
py_range3_2,ClassMethod,__init()__
py_range3_2,ListMethod,reverse()
py_range3_2,ListMethod,insert()
py_range3_2,ListMethod,remove()
py_range3_2,ListMethod,append()
py_range3_2,ListMethod,pop()
py_range3_2,FileMethod,readline()
py_range3_2,FileMethod,close()
py_range3_2,FileMethod,read()
py_range3_2,Operator,=
py_range3_2,ComparisonOperator,LessOrEqual
py_range3_2,ComparisonOperator,Less
py_range3_2,ComparisonOperator,Larger
py_range3_2,ComparisonOperator,LargerOrEqual
py_range3_2,ComparisonOperator,==
py_range3_2,ComparisonOperator,NotEqual
py_range3_2,IterationStatement,WhileStatement
py_range_two,StringMethod,join()
py_range_two,StringMethod,format()
py_range_two,StringMethod,capitalize()
py_range_two,StringMethod,rstrip()
py_range_two,StringMethod,replace()
py_range_two,DictionaryMethod,values()
py_range_two,DictionaryMethod,keys()
py_range_two,DictionaryMethod,items()
py_range_two,DictionaryMethod,get()
py_range_two,ClassMethod,__init()__
py_range_two,ListMethod,reverse()
py_range_two,ListMethod,insert()
py_range_two,ListMethod,remove()
py_range_two,ListMethod,append()
py_range_two,ListMethod,pop()
py_range_two,FileMethod,readline()
py_range_two,FileMethod,close()
py_range_two,FileMethod,read()
py_range_two,Operator,=
py_range_two,ComparisonOperator,LessOrEqual
py_range_two,ComparisonOperator,Less
py_range_two,ComparisonOperator,Larger
py_range_two,ComparisonOperator,LargerOrEqual
py_range_two,ComparisonOperator,==
py_range_two,ComparisonOperator,NotEqual
py_range2_2,IterationStatement,WhileStatement
py_squares,StringMethod,join()
py_squares,StringMethod,format()
py_squares,StringMethod,capitalize()
py_squares,StringMethod,rstrip()
py_squares,StringMethod,replace()
py_squares,DictionaryMethod,values()
py_squares,DictionaryMethod,keys()
py_squares,DictionaryMethod,items()
py_squares,DictionaryMethod,get()
py_squares,ClassMethod,__init()__
py_squares,ListMethod,reverse()
py_squares,ListMethod,insert()
py_squares,ListMethod,remove()
py_squares,ListMethod,append()
py_squares,ListMethod,pop()
py_squares,FileMethod,readline()
py_squares,FileMethod,close()
py_squares,FileMethod,read()
py_squares,Operator,=
py_squares,ComparisonOperator,LessOrEqual
py_squares,ComparisonOperator,Less
py_squares,ComparisonOperator,Larger
py_squares,ComparisonOperator,LargerOrEqual
py_squares,ComparisonOperator,==
py_squares,ComparisonOperator,NotEqual
py_write_squares_odd,IterationStatement,WhileStatement
py_star_patterns,ExceptionHandlingStatement,RaiseStatement
py_star_patterns,ExceptionHandlingStatement,AssertStatement
py_star_patterns,AssignmentStatement,SimpleAssignmentStatement
py_star_patterns,AssignmentStatement,AugmentedAssignmentStatement
py_star_patterns,DefinitionStatement,FunctionDefinition
py_star_patterns,DefinitionStatement,ClassDefinition
py_star_patterns,BuiltInFunction,dict()
py_star_patterns,BuiltInFunction,str()
py_star_patterns,BuiltInFunction,next()
py_star_patterns,BuiltInFunction,input()
py_star_patterns,BuiltInFunction,int()
py_star_patterns,BuiltInFunction,max()
py_star_patterns,BuiltInFunction,float()
py_star_patterns,BuiltInFunction,set()
py_star_patterns,BuiltInFunction,open()
py_star_patterns,BuiltInFunction,range()
py_star_patterns,BuiltInFunction,tuple()
py_star_patterns,BuiltInFunction,abs()
py_star_patterns,BuiltInFunction,round()
py_star_patterns,BuiltInFunction,len()
py_star_patterns,BuiltInFunction,min()
py_star_patterns,BuiltInFunction,print()
py_star_patterns,BuiltInFunction,list()
py_largest_divisor,MembershipOperator,in
py_largest_divisor,LogicalOperator,and
py_largest_divisor,LogicalOperator,or
py_largest_divisor,LogicalOperator,not
py_largest_divisor,ArtithmeticOperator,//
py_largest_divisor,ArtithmeticOperator,-
py_largest_divisor,ArtithmeticOperator,+
py_largest_divisor,ArtithmeticOperator,/
py_largest_divisor,ArtithmeticOperator,**
py_largest_divisor,ArtithmeticOperator,Modulus
py_largest_divisor,ArtithmeticOperator,*
py_largest_divisor,Statement,ExpressionStatement
py_largest_divisor,ConditionalStatement,IfElifElseStatement
py_largest_divisor,ConditionalStatement,IfStatement
py_largest_divisor,ConditionalStatement,IfElseStatement
py_largest_divisor,ConditionalStatement,IfElifStatement
py_largest_divisor,ImportStatement,Import
py_largest_divisor,ImportStatement,ImportFrom
py_largest_divisor,JumpStatement,PassStatement
py_largest_divisor,JumpStatement,BreakStatement
py_largest_divisor,JumpStatement,ContinueStatement
py_largest_divisor,JumpStatement,ReturnStatement
py_largest_divisor,IterationStatement,ForStatement
py_largest_divisor,IterationStatement,WhileStatement
py_largest_divisor,ExceptionHandlingStatement,TryStatement
py_input2,StringMethod,join()
py_input2,StringMethod,format()
py_input2,StringMethod,capitalize()
py_input2,StringMethod,rstrip()
py_input2,StringMethod,replace()
py_input2,DictionaryMethod,values()
py_input2,DictionaryMethod,keys()
py_input2,DictionaryMethod,items()
py_input2,DictionaryMethod,get()
py_input2,ClassMethod,__init()__
py_input2,ListMethod,reverse()
py_input2,ListMethod,insert()
py_input2,ListMethod,remove()
py_input2,ListMethod,append()
py_input2,ListMethod,pop()
py_input2,FileMethod,readline()
py_input2,FileMethod,close()
py_input2,FileMethod,read()
py_input2,Operator,=
py_input2,ComparisonOperator,LessOrEqual
py_input2,ComparisonOperator,Less
py_input2,ComparisonOperator,Larger
py_input2,ComparisonOperator,LargerOrEqual
py_input2,ComparisonOperator,==
py_input2,ComparisonOperator,NotEqual
py_input2,LogicalOperator,and
py_input2,LogicalOperator,or
py_input2,LogicalOperator,not
py_input2,ArtithmeticOperator,//
py_input2,ArtithmeticOperator,-
py_input2,ArtithmeticOperator,+
py_input2,ArtithmeticOperator,/
py_input2,ArtithmeticOperator,**
py_input2,ArtithmeticOperator,Modulus
py_input2,ArtithmeticOperator,*
py_input2,Statement,ExpressionStatement
py_input2,ConditionalStatement,IfElifElseStatement
py_input2,ConditionalStatement,IfStatement
py_input2,ConditionalStatement,IfElseStatement
py_input2,ConditionalStatement,IfElifStatement
py_input2,ImportStatement,Import
py_input2,ImportStatement,ImportFrom
py_input2,JumpStatement,PassStatement
py_input2,JumpStatement,BreakStatement
py_input2,JumpStatement,ContinueStatement
py_input2,JumpStatement,ReturnStatement
py_input2,IterationStatement,ForStatement
py_input2,IterationStatement,WhileStatement
py_input2,ExceptionHandlingStatement,TryStatement
ps_hello,SubscriptExpression,IndexingExpression
ps_hello,SubscriptExpression,SlicingExpression
ps_hello,Call,FunctionCall
ps_hello,ArithmeticExpression,BinaryOperation
ps_hello,ArithmeticExpression,UnaryOperation
ps_hello,LogicalExpression,ComparisonExpression
ps_hello,LogicalExpression,BooleanExpression
ps_hello,Literal,StringLiteral
ps_hello,Literal,BooleanLiteral
ps_hello,Literal,NoneLiteral
ps_hello,NumericLiteral,FloatLiteral
ps_hello,NumericLiteral,IntegerLiteral
ps_hello,LiteralCollection,TupleLiteral
ps_hello,LiteralCollection,SetLiteral
ps_hello,LiteralCollection,ListLiteral
ps_hello,LiteralCollection,DictLiteral
ps_hello,Error,TypeError
ps_hello,Error,OSError
ps_hello,Error,IndexError
ps_hello,Error,IOError
ps_hello,Error,FileNotFoundError
ps_hello,Error,ValueError
ps_hello,Error,AssertionError
ps_hello,StringMethod,split()
ps_hello,StringMethod,lower()
ps_return_bigger_or_none,ClassMethod,__init()__
ps_python_addition,StringMethod,join()
ps_python_addition,StringMethod,format()
ps_python_addition,StringMethod,capitalize()
ps_python_addition,StringMethod,rstrip()
ps_python_addition,StringMethod,replace()
ps_python_addition,DictionaryMethod,values()
ps_python_addition,DictionaryMethod,keys()
ps_python_addition,DictionaryMethod,items()
ps_python_addition,DictionaryMethod,get()
ps_python_addition,ClassMethod,__init()__
ps_python_addition,ListMethod,reverse()
ps_python_addition,ListMethod,insert()
ps_python_addition,ListMethod,remove()
ps_python_addition,ListMethod,append()
ps_python_addition,ListMethod,pop()
ps_python_addition,FileMethod,readline()
ps_python_addition,FileMethod,close()
ps_python_addition,FileMethod,read()
ps_python_addition,Operator,=
ps_python_addition,ComparisonOperator,LessOrEqual
ps_python_addition,ComparisonOperator,Less
ps_python_addition,ComparisonOperator,Larger
ps_python_addition,ComparisonOperator,LargerOrEqual
ps_python_addition,ComparisonOperator,==
ps_python_addition,ComparisonOperator,NotEqual
ps_python_iteration_multiplication,IterationStatement,ForStatement
ps_python_iteration_multiplication,ExceptionHandlingStatement,TryStatement
ps_python_calculate_function,MembershipOperator,in
ps_python_calculate_function,LogicalOperator,and
ps_python_calculate_function,LogicalOperator,or
ps_python_calculate_function,LogicalOperator,not
ps_python_calculate_function,ArtithmeticOperator,//
ps_python_calculate_function,ArtithmeticOperator,-
ps_python_calculate_function,ArtithmeticOperator,+
ps_python_calculate_function,ArtithmeticOperator,/
ps_python_calculate_function,ArtithmeticOperator,**
ps_python_calculate_function,ArtithmeticOperator,Modulus
ps_python_calculate_function,ArtithmeticOperator,*
ps_python_calculate_function,Statement,ExpressionStatement
ps_python_calculate_function,ConditionalStatement,IfElifElseStatement
ps_python_calculate_function,ConditionalStatement,IfStatement
ps_python_calculate_function,ConditionalStatement,IfElseStatement
ps_python_calculate_function,ConditionalStatement,IfElifStatement
ps_python_calculate_function,ImportStatement,Import
ps_python_calculate_function,ImportStatement,ImportFrom
ps_python_calculate_function,JumpStatement,PassStatement
ps_python_calculate_function,JumpStatement,BreakStatement
ps_python_calculate_function,JumpStatement,ContinueStatement
ps_python_calculate_function,JumpStatement,ReturnStatement
ps_python_calculate_function,IterationStatement,ForStatement
ps_python_calculate_function,IterationStatement,WhileStatement
ps_python_calculate_function,ExceptionHandlingStatement,TryStatement
ps_python_calculate_function,ExceptionHandlingStatement,RaiseStatement
ps_python_calculate_function,ExceptionHandlingStatement,AssertStatement
ps_python_calculate_function,AssignmentStatement,SimpleAssignmentStatement
ps_python_calculate_function,AssignmentStatement,AugmentedAssignmentStatement
ps_python_calculate_function,DefinitionStatement,FunctionDefinition
ps_python_calculate_function,DefinitionStatement,ClassDefinition
ps_python_calculate_function,BuiltInFunction,dict()
ps_python_calculate_function,BuiltInFunction,str()
ps_python_calculate_function,BuiltInFunction,next()
ps_python_calculate_function,BuiltInFunction,input()
ps_python_calculate_function,BuiltInFunction,int()
ps_python_calculate_function,BuiltInFunction,max()
ps_python_calculate_function,BuiltInFunction,float()
ps_python_calculate_function,BuiltInFunction,set()
ps_python_calculate_function,BuiltInFunction,open()
ps_python_calculate_function,BuiltInFunction,range()
ps_python_calculate_function,BuiltInFunction,tuple()
ps_python_calculate_function,BuiltInFunction,abs()
ps_python_calculate_function,BuiltInFunction,round()
ps_python_calculate_function,BuiltInFunction,len()
ps_python_calculate_function,BuiltInFunction,min()
ps_python_calculate_function,BuiltInFunction,print()
ps_python_calculate_function,BuiltInFunction,list()
ps_python_nested_calls,SubscriptExpression,IndexingExpression
ps_python_nested_calls,SubscriptExpression,SlicingExpression
ps_python_nested_calls,Call,FunctionCall
ps_python_nested_calls,ArithmeticExpression,BinaryOperation
ps_python_nested_calls,ArithmeticExpression,UnaryOperation
ps_python_nested_calls,LogicalExpression,ComparisonExpression
ps_python_nested_calls,LogicalExpression,BooleanExpression
ps_python_nested_calls,Literal,StringLiteral
ps_python_nested_calls,Literal,BooleanLiteral
ps_python_nested_calls,Literal,NoneLiteral
ps_python_nested_calls,NumericLiteral,FloatLiteral
ps_python_nested_calls,NumericLiteral,IntegerLiteral
ps_python_nested_calls,LiteralCollection,TupleLiteral
ps_python_nested_calls,LiteralCollection,SetLiteral
ps_python_nested_calls,LiteralCollection,ListLiteral
ps_python_nested_calls,LiteralCollection,DictLiteral
ps_python_nested_calls,Error,TypeError
ps_python_nested_calls,Error,OSError
ps_python_nested_calls,Error,IndexError
ps_python_nested_calls,Error,IOError
ps_python_nested_calls,Error,FileNotFoundError
ps_python_nested_calls,Error,ValueError
ps_python_nested_calls,Error,AssertionError
ps_python_nested_calls,StringMethod,split()
ps_python_nested_calls,StringMethod,lower()
ps_python_nested_calls,MembershipOperator,in
ps_python_nested_calls,LogicalOperator,and
ps_python_nested_calls,LogicalOperator,or
ps_python_nested_calls,LogicalOperator,not
ps_python_nested_calls,ArtithmeticOperator,//
ps_python_nested_calls,ArtithmeticOperator,-
ps_python_nested_calls,ArtithmeticOperator,+
ps_python_nested_calls,ArtithmeticOperator,/
ps_python_nested_calls,ArtithmeticOperator,**
ps_python_nested_calls,ArtithmeticOperator,Modulus
ps_python_nested_calls,ArtithmeticOperator,*
ps_python_nested_calls,Statement,ExpressionStatement
ps_python_nested_calls,ConditionalStatement,IfElifElseStatement
ps_python_nested_calls,ConditionalStatement,IfStatement
ps_python_nested_calls,ConditionalStatement,IfElseStatement
ps_python_nested_calls,ConditionalStatement,IfElifStatement
ps_python_nested_calls,ImportStatement,Import
ps_python_nested_calls,ImportStatement,ImportFrom
ps_python_nested_calls,JumpStatement,PassStatement
ps_python_nested_calls,JumpStatement,BreakStatement
ps_python_nested_calls,JumpStatement,ContinueStatement
ps_python_nested_calls,JumpStatement,ReturnStatement
ps_python_nested_calls,IterationStatement,ForStatement
ps_python_nested_calls,IterationStatement,WhileStatement
ps_python_nested_calls,ExceptionHandlingStatement,TryStatement
ps_python_recursive_factorial,ExceptionHandlingStatement,RaiseStatement
ps_python_recursive_factorial,ExceptionHandlingStatement,AssertStatement
ps_python_recursive_factorial,AssignmentStatement,SimpleAssignmentStatement
ps_python_recursive_factorial,AssignmentStatement,AugmentedAssignmentStatement
ps_python_recursive_factorial,DefinitionStatement,FunctionDefinition
ps_python_recursive_factorial,DefinitionStatement,ClassDefinition
ps_python_recursive_factorial,BuiltInFunction,dict()
ps_python_recursive_factorial,BuiltInFunction,str()
ps_python_recursive_factorial,BuiltInFunction,next()
ps_python_recursive_factorial,BuiltInFunction,input()
ps_python_recursive_factorial,BuiltInFunction,int()
ps_python_recursive_factorial,BuiltInFunction,max()
ps_python_recursive_factorial,BuiltInFunction,float()
ps_python_recursive_factorial,BuiltInFunction,set()
ps_python_recursive_factorial,BuiltInFunction,open()
ps_python_recursive_factorial,BuiltInFunction,range()
ps_python_recursive_factorial,BuiltInFunction,tuple()
ps_python_recursive_factorial,BuiltInFunction,abs()
ps_python_recursive_factorial,BuiltInFunction,round()
ps_python_recursive_factorial,BuiltInFunction,len()
ps_python_recursive_factorial,BuiltInFunction,min()
ps_python_recursive_factorial,BuiltInFunction,print()
ps_python_recursive_factorial,BuiltInFunction,list()
ps_python_class_person,MembershipOperator,in
ps_python_class_person,LogicalOperator,and
ps_python_class_person,LogicalOperator,or
ps_python_class_person,LogicalOperator,not
ps_python_class_person,ArtithmeticOperator,//
ps_python_class_person,ArtithmeticOperator,-
ps_python_class_person,ArtithmeticOperator,+
ps_python_class_person,ArtithmeticOperator,/
ps_python_class_person,ArtithmeticOperator,**
ps_python_class_person,ArtithmeticOperator,Modulus
ps_python_class_person,ArtithmeticOperator,*
ps_python_class_person,Statement,ExpressionStatement
ps_python_class_person,ConditionalStatement,IfElifElseStatement
ps_python_class_person,ConditionalStatement,IfStatement
ps_python_class_person,ConditionalStatement,IfElseStatement
ps_python_class_person,ConditionalStatement,IfElifStatement
ps_python_class_person,ImportStatement,Import
ps_python_class_person,ImportStatement,ImportFrom
ps_python_class_person,JumpStatement,PassStatement
ps_python_class_person,JumpStatement,BreakStatement
ps_python_class_person,JumpStatement,ContinueStatement
ps_python_class_person,JumpStatement,ReturnStatement
ps_python_class_person,IterationStatement,ForStatement
ps_python_class_person,IterationStatement,WhileStatement
ps_python_class_person,ExceptionHandlingStatement,TryStatement
ps_python_list_iteration_zoo,MembershipOperator,in
ps_python_list_iteration_zoo,LogicalOperator,and
ps_python_list_iteration_zoo,LogicalOperator,or
ps_python_list_iteration_zoo,LogicalOperator,not
ps_python_list_iteration_zoo,ArtithmeticOperator,//
ps_python_list_iteration_zoo,ArtithmeticOperator,-
ps_python_list_iteration_zoo,ArtithmeticOperator,+
ps_python_list_iteration_zoo,ArtithmeticOperator,/
ps_python_list_iteration_zoo,ArtithmeticOperator,**
ps_python_list_iteration_zoo,ArtithmeticOperator,Modulus
ps_python_list_iteration_zoo,ArtithmeticOperator,*
ps_python_list_iteration_zoo,Statement,ExpressionStatement
ps_python_list_iteration_zoo,ConditionalStatement,IfElifElseStatement
ps_python_list_iteration_zoo,ConditionalStatement,IfStatement
ps_python_list_iteration_zoo,ConditionalStatement,IfElseStatement
ps_python_list_iteration_zoo,ConditionalStatement,IfElifStatement
ps_python_list_iteration_zoo,ImportStatement,Import
ps_python_list_iteration_zoo,ImportStatement,ImportFrom
ps_python_list_iteration_zoo,JumpStatement,PassStatement
ps_python_list_iteration_zoo,JumpStatement,BreakStatement
ps_python_list_iteration_zoo,JumpStatement,ContinueStatement
ps_python_list_iteration_zoo,JumpStatement,ReturnStatement
ps_python_list_iteration_zoo,IterationStatement,ForStatement
ps_python_list_iteration_zoo,IterationStatement,WhileStatement
ps_python_list_iteration_zoo,ExceptionHandlingStatement,TryStatement
ps_python_list_iteration_zoo,AssignmentStatement,AugmentedAssignmentStatement
ps_python_nested_lists_indexing,MembershipOperator,in
ps_python_nested_lists_indexing,LogicalOperator,and
ps_python_nested_lists_indexing,LogicalOperator,or
ps_python_nested_lists_indexing,LogicalOperator,not
ps_python_nested_lists_indexing,ArtithmeticOperator,//
ps_python_nested_lists_indexing,ArtithmeticOperator,-
ps_python_nested_lists_indexing,ArtithmeticOperator,+
ps_python_nested_lists_indexing,ArtithmeticOperator,/
ps_python_nested_lists_indexing,ArtithmeticOperator,**
ps_python_nested_lists_indexing,ArtithmeticOperator,Modulus
ps_python_nested_lists_indexing,ArtithmeticOperator,*
ps_python_nested_lists_indexing,Statement,ExpressionStatement
ps_python_nested_lists_indexing,ConditionalStatement,IfElifElseStatement
ps_python_nested_lists_indexing,ConditionalStatement,IfStatement
ps_python_nested_lists_indexing,ConditionalStatement,IfElseStatement
ps_python_nested_lists_indexing,ConditionalStatement,IfElifStatement
ps_python_nested_lists_indexing,ImportStatement,Import
ps_python_nested_lists_indexing,ImportStatement,ImportFrom
ps_python_nested_lists_indexing,JumpStatement,PassStatement
ps_python_nested_lists_indexing,JumpStatement,BreakStatement
ps_python_nested_lists_indexing,JumpStatement,ContinueStatement
ps_python_nested_lists_indexing,JumpStatement,ReturnStatement
ps_python_nested_lists_indexing,IterationStatement,ForStatement
ps_python_nested_lists_indexing,IterationStatement,WhileStatement
ps_python_nested_lists_indexing,ExceptionHandlingStatement,TryStatement
ps_python_string_indexing,SubscriptExpression,IndexingExpression
ps_python_string_indexing,SubscriptExpression,SlicingExpression
ps_python_string_indexing,Call,FunctionCall
ps_python_string_indexing,ArithmeticExpression,BinaryOperation
ps_python_string_indexing,ArithmeticExpression,UnaryOperation
ps_python_string_indexing,LogicalExpression,ComparisonExpression
ps_python_string_indexing,LogicalExpression,BooleanExpression
ps_python_string_indexing,Literal,StringLiteral
ps_python_string_indexing,Literal,BooleanLiteral
ps_python_string_indexing,Literal,NoneLiteral
ps_python_string_indexing,NumericLiteral,FloatLiteral
ps_python_string_indexing,NumericLiteral,IntegerLiteral
ps_python_string_indexing,LiteralCollection,TupleLiteral
ps_python_string_indexing,LiteralCollection,SetLiteral
ps_python_string_indexing,LiteralCollection,ListLiteral
ps_python_string_indexing,LiteralCollection,DictLiteral
ps_python_string_indexing,Error,TypeError
ps_python_string_indexing,Error,OSError
ps_python_string_indexing,Error,IndexError
ps_python_string_indexing,Error,IOError
ps_python_string_indexing,Error,FileNotFoundError
ps_python_string_indexing,Error,ValueError
ps_python_string_indexing,Error,AssertionError
ps_python_string_indexing,StringMethod,split()
ps_python_string_indexing,StringMethod,lower()
ps_python_dict_keys,MembershipOperator,in
ps_python_dict_keys,LogicalOperator,and
ps_python_dict_keys,LogicalOperator,or
ps_python_dict_keys,LogicalOperator,not
ps_python_dict_keys,ArtithmeticOperator,//
ps_python_dict_keys,ArtithmeticOperator,-
ps_python_dict_keys,ArtithmeticOperator,+
ps_python_dict_keys,ArtithmeticOperator,/
ps_python_dict_keys,ArtithmeticOperator,**
ps_python_dict_keys,ArtithmeticOperator,Modulus
ps_python_dict_keys,ArtithmeticOperator,*
ps_python_dict_keys,Statement,ExpressionStatement
ps_python_dict_keys,ConditionalStatement,IfElifElseStatement
ps_python_dict_keys,ConditionalStatement,IfStatement
ps_python_dict_keys,ConditionalStatement,IfElseStatement
ps_python_dict_keys,ConditionalStatement,IfElifStatement
ps_python_dict_keys,ImportStatement,Import
ps_python_dict_keys,ImportStatement,ImportFrom
ps_python_dict_keys,JumpStatement,PassStatement
ps_python_dict_keys,JumpStatement,BreakStatement
ps_python_dict_keys,JumpStatement,ContinueStatement
ps_python_dict_keys,JumpStatement,ReturnStatement
ps_python_dict_keys,IterationStatement,ForStatement
ps_python_dict_keys,IterationStatement,WhileStatement
ps_python_dict_keys,ExceptionHandlingStatement,TryStatement
ps_python_dict_values,StringMethod,join()
ps_python_dict_values,StringMethod,format()
ps_python_dict_values,StringMethod,capitalize()
ps_python_dict_values,StringMethod,rstrip()
ps_python_dict_values,StringMethod,replace()
ps_python_dict_values,DictionaryMethod,values()
ps_python_dict_values,DictionaryMethod,keys()
ps_python_dict_values,DictionaryMethod,items()
ps_python_dict_values,DictionaryMethod,get()
ps_python_dict_values,ClassMethod,__init()__
ps_python_dict_values,ListMethod,reverse()
ps_python_dict_values,ListMethod,insert()
ps_python_dict_values,ListMethod,remove()
ps_python_dict_values,ListMethod,append()
ps_python_dict_values,ListMethod,pop()
ps_python_dict_values,FileMethod,readline()
ps_python_dict_values,FileMethod,close()
ps_python_dict_values,FileMethod,read()
ps_python_dict_values,Operator,=
ps_python_dict_values,ComparisonOperator,LessOrEqual
ps_python_dict_values,ComparisonOperator,Less
ps_python_dict_values,ComparisonOperator,Larger
ps_python_dict_values,ComparisonOperator,LargerOrEqual
ps_python_dict_values,ComparisonOperator,==
ps_python_dict_values,ComparisonOperator,NotEqual
ps_python_dict_values,MembershipOperator,in
ps_python_dict_values,LogicalOperator,and
ps_python_dict_values,LogicalOperator,or
ps_python_dict_values,LogicalOperator,not
ps_python_dict_values,ArtithmeticOperator,//
ps_python_dict_values,ArtithmeticOperator,-
ps_python_dict_values,ArtithmeticOperator,+
ps_python_dict_values,ArtithmeticOperator,/
ps_python_dict_values,ArtithmeticOperator,**
ps_python_dict_values,ArtithmeticOperator,Modulus
ps_python_dict_values,ArtithmeticOperator,*
ps_python_dict_values,Statement,ExpressionStatement
ps_python_dict_values,ConditionalStatement,IfElifElseStatement
ps_python_dict_values,ConditionalStatement,IfStatement
ps_python_dict_values,ConditionalStatement,IfElseStatement
ps_python_dict_values,ConditionalStatement,IfElifStatement
ps_python_dict_values,ImportStatement,Import
ps_python_dict_values,ImportStatement,ImportFrom
ps_python_dict_values,JumpStatement,PassStatement
ps_python_dict_values,JumpStatement,BreakStatement
ps_python_dict_values,JumpStatement,ContinueStatement
ps_python_dict_values,JumpStatement,ReturnStatement
ps_python_dict_values,IterationStatement,ForStatement
ps_python_dict_values,IterationStatement,WhileStatement
ps_python_dict_values,ExceptionHandlingStatement,TryStatement
ps_python_list_to_dict,StringMethod,join()
ps_python_list_to_dict,StringMethod,format()
ps_python_list_to_dict,StringMethod,capitalize()
ps_python_list_to_dict,StringMethod,rstrip()
ps_python_list_to_dict,StringMethod,replace()
ps_python_list_to_dict,DictionaryMethod,values()
ps_python_list_to_dict,DictionaryMethod,keys()
ps_python_list_to_dict,DictionaryMethod,items()
ps_python_list_to_dict,DictionaryMethod,get()
ps_python_list_to_dict,ClassMethod,__init()__
ps_python_list_to_dict,ListMethod,reverse()
ps_python_list_to_dict,ListMethod,insert()
ps_python_list_to_dict,ListMethod,remove()
ps_python_list_to_dict,ListMethod,append()
ps_python_list_to_dict,ListMethod,pop()
ps_python_list_to_dict,FileMethod,readline()
ps_python_list_to_dict,FileMethod,close()
ps_python_list_to_dict,FileMethod,read()
ps_python_list_to_dict,Operator,=
ps_python_list_to_dict,ComparisonOperator,LessOrEqual
ps_python_list_to_dict,ComparisonOperator,Less
ps_python_list_to_dict,ComparisonOperator,Larger
ps_python_list_to_dict,ComparisonOperator,LargerOrEqual
ps_python_list_to_dict,ComparisonOperator,==
ps_python_list_to_dict,ComparisonOperator,NotEqual
ps_python_dict_filter,ExceptionHandlingStatement,RaiseStatement
ps_python_dict_filter,ExceptionHandlingStatement,AssertStatement
ps_python_dict_filter,AssignmentStatement,SimpleAssignmentStatement
ps_python_dict_filter,AssignmentStatement,AugmentedAssignmentStatement
ps_python_dict_filter,DefinitionStatement,FunctionDefinition
ps_python_dict_filter,DefinitionStatement,ClassDefinition
ps_python_dict_filter,BuiltInFunction,dict()
ps_python_dict_filter,BuiltInFunction,str()
ps_python_dict_filter,BuiltInFunction,next()
ps_python_dict_filter,BuiltInFunction,input()
ps_python_dict_filter,BuiltInFunction,int()
ps_python_dict_filter,BuiltInFunction,max()
ps_python_dict_filter,BuiltInFunction,float()
ps_python_dict_filter,BuiltInFunction,set()
ps_python_dict_filter,BuiltInFunction,open()
ps_python_dict_filter,BuiltInFunction,range()
ps_python_dict_filter,BuiltInFunction,tuple()
ps_python_dict_filter,BuiltInFunction,abs()
ps_python_dict_filter,BuiltInFunction,round()
ps_python_dict_filter,BuiltInFunction,len()
ps_python_dict_filter,BuiltInFunction,min()
ps_python_dict_filter,BuiltInFunction,print()
ps_python_dict_filter,BuiltInFunction,list()
ps_python_conditionals_temperature,SubscriptExpression,IndexingExpression
ps_python_conditionals_temperature,SubscriptExpression,SlicingExpression
ps_python_conditionals_temperature,Call,FunctionCall
ps_python_conditionals_temperature,ArithmeticExpression,BinaryOperation
ps_python_conditionals_temperature,ArithmeticExpression,UnaryOperation
ps_python_conditionals_temperature,LogicalExpression,ComparisonExpression
ps_python_conditionals_temperature,LogicalExpression,BooleanExpression
ps_python_conditionals_temperature,Literal,StringLiteral
ps_python_conditionals_temperature,Literal,BooleanLiteral
ps_python_conditionals_temperature,Literal,NoneLiteral
ps_python_conditionals_temperature,NumericLiteral,FloatLiteral
ps_python_conditionals_temperature,NumericLiteral,IntegerLiteral
ps_python_conditionals_temperature,LiteralCollection,TupleLiteral
ps_python_conditionals_temperature,LiteralCollection,SetLiteral
ps_python_conditionals_temperature,LiteralCollection,ListLiteral
ps_python_conditionals_temperature,LiteralCollection,DictLiteral
ps_python_conditionals_temperature,Error,TypeError
ps_python_conditionals_temperature,Error,OSError
ps_python_conditionals_temperature,Error,IndexError
ps_python_conditionals_temperature,Error,IOError
ps_python_conditionals_temperature,Error,FileNotFoundError
ps_python_conditionals_temperature,Error,ValueError
ps_python_conditionals_temperature,Error,AssertionError
ps_python_conditionals_temperature,StringMethod,split()
ps_python_conditionals_temperature,StringMethod,lower()
ps_python_conditionals_temperature,StringMethod,join()
ps_python_conditionals_temperature,StringMethod,format()
ps_python_conditionals_temperature,StringMethod,capitalize()
ps_python_conditionals_temperature,StringMethod,rstrip()
ps_python_conditionals_temperature,StringMethod,replace()
ps_python_conditionals_temperature,DictionaryMethod,values()
ps_python_conditionals_temperature,DictionaryMethod,keys()
ps_python_conditionals_temperature,DictionaryMethod,items()
ps_python_conditionals_temperature,DictionaryMethod,get()
ps_python_conditionals_temperature,ClassMethod,__init()__
ps_python_conditionals_temperature,ListMethod,reverse()
ps_python_conditionals_temperature,ListMethod,insert()
ps_python_conditionals_temperature,ListMethod,remove()
ps_python_conditionals_temperature,ListMethod,append()
ps_python_conditionals_temperature,ListMethod,pop()
ps_python_conditionals_temperature,FileMethod,readline()
ps_python_conditionals_temperature,FileMethod,close()
ps_python_conditionals_temperature,FileMethod,read()
ps_python_conditionals_temperature,Operator,=
ps_python_conditionals_temperature,ComparisonOperator,LessOrEqual
ps_python_conditionals_temperature,ComparisonOperator,Less
ps_python_conditionals_temperature,ComparisonOperator,Larger
ps_python_conditionals_temperature,ComparisonOperator,LargerOrEqual
ps_python_conditionals_temperature,ComparisonOperator,==
ps_python_conditionals_temperature,ComparisonOperator,NotEqual
ps_python_conditionals_temperature,BuiltInFunction,list()
ps_python_comparisons,MembershipOperator,in
ps_python_comparisons,LogicalOperator,and
ps_python_comparisons,LogicalOperator,or
ps_python_comparisons,LogicalOperator,not
ps_python_comparisons,ArtithmeticOperator,//
ps_python_comparisons,ArtithmeticOperator,-
ps_python_comparisons,ArtithmeticOperator,+
ps_python_comparisons,ArtithmeticOperator,/
ps_python_comparisons,ArtithmeticOperator,**
ps_python_comparisons,ArtithmeticOperator,Modulus
ps_python_comparisons,ArtithmeticOperator,*
ps_python_comparisons,Statement,ExpressionStatement
ps_python_comparisons,ConditionalStatement,IfElifElseStatement
ps_python_comparisons,ConditionalStatement,IfStatement
ps_python_comparisons,ConditionalStatement,IfElseStatement
ps_python_comparisons,ConditionalStatement,IfElifStatement
ps_python_comparisons,ImportStatement,Import
ps_python_comparisons,ImportStatement,ImportFrom
ps_python_comparisons,JumpStatement,PassStatement
ps_python_comparisons,JumpStatement,BreakStatement
ps_python_comparisons,JumpStatement,ContinueStatement
ps_python_comparisons,JumpStatement,ReturnStatement
ps_python_comparisons,IterationStatement,ForStatement
ps_python_comparisons,IterationStatement,WhileStatement
ps_python_comparisons,ExceptionHandlingStatement,TryStatement
ps_python_comparisons,ExceptionHandlingStatement,RaiseStatement
ps_python_comparisons,ExceptionHandlingStatement,AssertStatement
ps_python_comparisons,AssignmentStatement,SimpleAssignmentStatement
ps_python_comparisons,AssignmentStatement,AugmentedAssignmentStatement
ps_python_comparisons,DefinitionStatement,FunctionDefinition
ps_python_comparisons,DefinitionStatement,ClassDefinition
ps_python_comparisons,BuiltInFunction,dict()
ps_python_comparisons,BuiltInFunction,str()
ps_python_comparisons,BuiltInFunction,next()
ps_python_comparisons,BuiltInFunction,input()
ps_python_comparisons,BuiltInFunction,int()
ps_python_comparisons,BuiltInFunction,max()
ps_python_comparisons,BuiltInFunction,float()
ps_python_comparisons,BuiltInFunction,set()
ps_python_comparisons,BuiltInFunction,open()
ps_python_comparisons,BuiltInFunction,range()
ps_python_comparisons,BuiltInFunction,tuple()
ps_python_comparisons,BuiltInFunction,abs()
ps_python_comparisons,BuiltInFunction,round()
ps_python_comparisons,BuiltInFunction,len()
ps_python_comparisons,BuiltInFunction,min()
ps_python_comparisons,BuiltInFunction,print()
ps_python_comparisons,BuiltInFunction,list()
ps_python_add_to_list,ExceptionHandlingStatement,RaiseStatement
ps_python_add_to_list,ExceptionHandlingStatement,AssertStatement
ps_python_add_to_list,AssignmentStatement,SimpleAssignmentStatement
ps_python_add_to_list,AssignmentStatement,AugmentedAssignmentStatement
ps_python_add_to_list,DefinitionStatement,FunctionDefinition
ps_python_add_to_list,DefinitionStatement,ClassDefinition
ps_python_add_to_list,BuiltInFunction,dict()
ps_python_add_to_list,BuiltInFunction,str()
ps_python_add_to_list,BuiltInFunction,next()
ps_python_add_to_list,BuiltInFunction,input()
ps_python_add_to_list,BuiltInFunction,int()
ps_python_add_to_list,BuiltInFunction,max()
ps_python_add_to_list,BuiltInFunction,float()
ps_python_add_to_list,BuiltInFunction,set()
ps_python_add_to_list,BuiltInFunction,open()
ps_python_add_to_list,BuiltInFunction,range()
ps_python_add_to_list,BuiltInFunction,tuple()
ps_python_add_to_list,BuiltInFunction,abs()
ps_python_add_to_list,BuiltInFunction,round()
ps_python_add_to_list,BuiltInFunction,len()
ps_python_add_to_list,BuiltInFunction,min()
ps_python_add_to_list,BuiltInFunction,print()
ps_python_add_to_list,BuiltInFunction,list()
ps_python_swap,StringMethod,join()
ps_python_swap,StringMethod,format()
ps_python_swap,StringMethod,capitalize()
ps_python_swap,StringMethod,rstrip()
ps_python_swap,StringMethod,replace()
ps_python_swap,DictionaryMethod,values()
ps_python_swap,DictionaryMethod,keys()
ps_python_swap,DictionaryMethod,items()
ps_python_swap,DictionaryMethod,get()
ps_python_swap,ClassMethod,__init()__
ps_python_swap,ListMethod,reverse()
ps_python_swap,ListMethod,insert()
ps_python_swap,ListMethod,remove()
ps_python_swap,ListMethod,append()
ps_python_swap,ListMethod,pop()
ps_python_swap,FileMethod,readline()
ps_python_swap,FileMethod,close()
ps_python_swap,FileMethod,read()
ps_python_swap,Operator,=
ps_python_swap,ComparisonOperator,LessOrEqual
ps_python_swap,ComparisonOperator,Less
ps_python_swap,ComparisonOperator,Larger
ps_python_swap,ComparisonOperator,LargerOrEqual
ps_python_swap,ComparisonOperator,==
ps_python_swap,ComparisonOperator,NotEqual
ps_python_xor,SubscriptExpression,IndexingExpression
ps_python_xor,SubscriptExpression,SlicingExpression
ps_python_xor,Call,FunctionCall
ps_python_xor,ArithmeticExpression,BinaryOperation
ps_python_xor,ArithmeticExpression,UnaryOperation
ps_python_xor,LogicalExpression,ComparisonExpression
ps_python_xor,LogicalExpression,BooleanExpression
ps_python_xor,Literal,StringLiteral
ps_python_xor,Literal,BooleanLiteral
ps_python_xor,Literal,NoneLiteral
ps_python_xor,NumericLiteral,FloatLiteral
ps_python_xor,NumericLiteral,IntegerLiteral
ps_python_xor,LiteralCollection,TupleLiteral
ps_python_xor,LiteralCollection,SetLiteral
ps_python_xor,LiteralCollection,ListLiteral
ps_python_xor,LiteralCollection,DictLiteral
ps_python_xor,Error,TypeError
ps_python_xor,Error,OSError
ps_python_xor,Error,IndexError
ps_python_xor,Error,IOError
ps_python_xor,Error,FileNotFoundError
ps_python_xor,Error,ValueError
ps_python_xor,Error,AssertionError
ps_python_xor,StringMethod,split()
ps_python_xor,StringMethod,lower()
ps_python_xor,StringMethod,join()
ps_python_xor,StringMethod,format()
ps_python_xor,StringMethod,capitalize()
ps_python_xor,StringMethod,rstrip()
ps_python_xor,StringMethod,replace()
ps_python_xor,DictionaryMethod,values()
ps_python_xor,DictionaryMethod,keys()
ps_python_xor,DictionaryMethod,items()
ps_python_xor,DictionaryMethod,get()
ps_python_xor,ClassMethod,__init()__
ps_python_xor,ListMethod,reverse()
ps_python_xor,ListMethod,insert()
ps_python_xor,ListMethod,remove()
ps_python_xor,ListMethod,append()
ps_python_xor,ListMethod,pop()
ps_python_xor,FileMethod,readline()
ps_python_xor,FileMethod,close()
ps_python_xor,FileMethod,read()
ps_python_xor,Operator,=
ps_python_xor,ComparisonOperator,LessOrEqual
ps_python_xor,ComparisonOperator,Less
ps_python_xor,ComparisonOperator,Larger
ps_python_xor,ComparisonOperator,LargerOrEqual
ps_python_xor,ComparisonOperator,==
ps_python_xor,ComparisonOperator,NotEqual
ps_python_string_join,StringMethod,join()
ps_python_string_join,StringMethod,format()
ps_python_string_join,StringMethod,capitalize()
ps_python_string_join,StringMethod,rstrip()
ps_python_string_join,StringMethod,replace()
ps_python_string_join,DictionaryMethod,values()
ps_python_string_join,DictionaryMethod,keys()
ps_python_string_join,DictionaryMethod,items()
ps_python_string_join,DictionaryMethod,get()
ps_python_string_join,ClassMethod,__init()__
ps_python_string_join,ListMethod,reverse()
ps_python_string_join,ListMethod,insert()
ps_python_string_join,ListMethod,remove()
ps_python_string_join,ListMethod,append()
ps_python_string_join,ListMethod,pop()
ps_python_string_join,FileMethod,readline()
ps_python_string_join,FileMethod,close()
ps_python_string_join,FileMethod,read()
ps_python_string_join,Operator,=
ps_python_string_join,ComparisonOperator,LessOrEqual
ps_python_string_join,ComparisonOperator,Less
ps_python_string_join,ComparisonOperator,Larger
ps_python_string_join,ComparisonOperator,LargerOrEqual
ps_python_string_join,ComparisonOperator,==
ps_python_string_join,ComparisonOperator,NotEqual
ps_python_class_point,MembershipOperator,in
ps_python_class_point,LogicalOperator,and
ps_python_class_point,LogicalOperator,or
ps_python_class_point,LogicalOperator,not
ps_python_class_point,ArtithmeticOperator,//
ps_python_class_point,ArtithmeticOperator,-
ps_python_class_point,ArtithmeticOperator,+
ps_python_class_point,ArtithmeticOperator,/
ps_python_class_point,ArtithmeticOperator,**
ps_python_class_point,ArtithmeticOperator,Modulus
ps_python_class_point,ArtithmeticOperator,*
ps_python_class_point,Statement,ExpressionStatement
ps_python_class_point,ConditionalStatement,IfElifElseStatement
ps_python_class_point,ConditionalStatement,IfStatement
ps_python_class_point,ConditionalStatement,IfElseStatement
ps_python_class_point,ConditionalStatement,IfElifStatement
ps_python_class_point,ImportStatement,Import
ps_python_class_point,ImportStatement,ImportFrom
ps_python_class_point,JumpStatement,PassStatement
ps_python_class_point,JumpStatement,BreakStatement
ps_python_class_point,JumpStatement,ContinueStatement
ps_python_class_point,JumpStatement,ReturnStatement
ps_python_class_point,IterationStatement,ForStatement
ps_python_class_point,IterationStatement,WhileStatement
ps_python_class_point,ExceptionHandlingStatement,TryStatement
ps_python_2d_list,MembershipOperator,in
ps_python_2d_list,LogicalOperator,and
ps_python_2d_list,LogicalOperator,or
ps_python_2d_list,LogicalOperator,not
ps_python_2d_list,ArtithmeticOperator,//
ps_python_2d_list,ArtithmeticOperator,-
ps_python_2d_list,ArtithmeticOperator,+
ps_python_2d_list,ArtithmeticOperator,/
ps_python_2d_list,ArtithmeticOperator,**
ps_python_2d_list,ArtithmeticOperator,Modulus
ps_python_2d_list,ArtithmeticOperator,*
ps_python_2d_list,Statement,ExpressionStatement
ps_python_2d_list,ConditionalStatement,IfElifElseStatement
ps_python_2d_list,ConditionalStatement,IfStatement
ps_python_2d_list,ConditionalStatement,IfElseStatement
ps_python_2d_list,ConditionalStatement,IfElifStatement
ps_python_2d_list,ImportStatement,Import
ps_python_2d_list,ImportStatement,ImportFrom
ps_python_2d_list,JumpStatement,PassStatement
ps_python_2d_list,JumpStatement,BreakStatement
ps_python_2d_list,JumpStatement,ContinueStatement
ps_python_2d_list,JumpStatement,ReturnStatement
ps_python_2d_list,IterationStatement,ForStatement
ps_python_2d_list,IterationStatement,WhileStatement
ps_python_2d_list,ExceptionHandlingStatement,TryStatement
ps_python_nested_loops,StringMethod,join()
ps_python_nested_loops,StringMethod,format()
ps_python_nested_loops,StringMethod,capitalize()
ps_python_nested_loops,StringMethod,rstrip()
ps_python_nested_loops,StringMethod,replace()
ps_python_nested_loops,DictionaryMethod,values()
ps_python_nested_loops,DictionaryMethod,keys()
ps_python_nested_loops,DictionaryMethod,items()
ps_python_nested_loops,DictionaryMethod,get()
ps_python_nested_loops,ClassMethod,__init()__
ps_python_nested_loops,ListMethod,reverse()
ps_python_nested_loops,ListMethod,insert()
ps_python_nested_loops,ListMethod,remove()
ps_python_nested_loops,ListMethod,append()
ps_python_nested_loops,ListMethod,pop()
ps_python_nested_loops,FileMethod,readline()
ps_python_nested_loops,FileMethod,close()
ps_python_nested_loops,FileMethod,read()
ps_python_nested_loops,Operator,=
ps_python_nested_loops,ComparisonOperator,LessOrEqual
ps_python_nested_loops,ComparisonOperator,Less
ps_python_nested_loops,ComparisonOperator,Larger
ps_python_nested_loops,ComparisonOperator,LargerOrEqual
ps_python_nested_loops,ComparisonOperator,==
ps_python_nested_loops,ComparisonOperator,NotEqual
ps_python_nested_loops,MembershipOperator,in
ps_python_nested_loops,LogicalOperator,and
ps_python_nested_loops,LogicalOperator,or
ps_python_nested_loops,LogicalOperator,not
ps_python_nested_loops,ArtithmeticOperator,//
ps_python_nested_loops,ArtithmeticOperator,-
ps_python_nested_loops,ArtithmeticOperator,+
ps_python_nested_loops,ArtithmeticOperator,/
ps_python_nested_loops,ArtithmeticOperator,**
ps_python_nested_loops,ArtithmeticOperator,Modulus
ps_python_nested_loops,ArtithmeticOperator,*
ps_python_nested_loops,Statement,ExpressionStatement
ps_python_nested_loops,ConditionalStatement,IfElifElseStatement
ps_python_nested_loops,ConditionalStatement,IfStatement
ps_python_nested_loops,ConditionalStatement,IfElseStatement
ps_python_nested_loops,ConditionalStatement,IfElifStatement
ps_python_nested_loops,ImportStatement,Import
ps_python_nested_loops,ImportStatement,ImportFrom
ps_python_nested_loops,JumpStatement,PassStatement
ps_python_nested_loops,JumpStatement,BreakStatement
ps_python_nested_loops,JumpStatement,ContinueStatement
ps_python_nested_loops,JumpStatement,ReturnStatement
ps_python_nested_loops,IterationStatement,ForStatement
ps_python_nested_loops,IterationStatement,WhileStatement
ps_python_nested_loops,ExceptionHandlingStatement,TryStatement
