exercise_name,educational_list,parser_list
ae_adl_arithmetics2,"[Addition, ArithmeticOperation, AssigningVariable, CallingFunctionLibrary, CallingStandardFunction, Concatenation, Division, HandlingFloat, HandlingFunction, HandlingStandardFunction, ManagingVariable, Multiplication, Printing, Python, Substraction, TransformingToFloatType]","[*, +, -, /, =, ArithmeticExpression, ArtithmeticOperator, AssignmentStatement, BinaryOperation, BuiltInFunction, Call, ExpressionStatement, FloatLiteral, FunctionCall, IntegerLiteral, Literal, NumericLiteral, Operator, SimpleAssignmentStatement, Statement, StringLiteral, print()]"
ae_adl_comparison,"[ArithmeticOperation, AssigningVariable, BooleanEvaluating, CallingFunctionLibrary, CallingStandardFunction, CheckingCondition, CreatingString, FindMaximum, FindMinimum, HandlingFunction, HandlingStandardFunction, HandlingString, ManagingVariable, Printing, Python]","[=, ==, AssignmentStatement, BooleanExpression, BuiltInFunction, Call, ComparisonExpression, ComparisonOperator, ExpressionStatement, FunctionCall, IntegerLiteral, Larger, Less, Literal, LogicalExpression, NotEqual, NumericLiteral, Operator, SimpleAssignmentStatement, Statement, StringLiteral, print()]"
ae_adl_dict1,"[AccessingDictionary, AddingItemToDictionary, AssigningVariable, BooleanEvaluating, CallingFunctionLibrary, CallingStandardFunction, CheckingCondition, CheckingForItem, CreatingDictionary, DefiningStandardFunction, FindingLength, HandlingDictionary, HandlingFunction, HandlingStandardFunction, HandlingString, IfElseChecking, IndexingDictionary, IndexingString, ManagingVariable, Printing, Python, ReplacingDictionaryElement, UpdatingVariable]","[=, AssignmentStatement, BooleanExpression, BuiltInFunction, Call, ComparisonExpression, ConditionalStatement, DefinitionStatement, DictLiteral, ExpressionStatement, FunctionCall, FunctionDefinition, IfElseStatement, IndexingExpression, Literal, LiteralCollection, LogicalExpression, MembershipOperator, Operator, SimpleAssignmentStatement, Statement, StringLiteral, SubscriptExpression, dict(), in, len(), print(), str()]"
ae_adl_dict2,"[AccessingDictionary, AddingItemToDictionary, Addition, ArithmeticOperation, AssigningVariable, CallingFunctionLibrary, CreatingDictionary, DefiningStandardFunction, HandlingDictionary, HandlingFunction, HandlingStandardFunction, IndexingDictionary, ManagingVariable, Printing, Python, ReplacingDictionaryElement, UpdatingVariable]","[+, =, ArithmeticExpression, ArtithmeticOperator, AssignmentStatement, AugmentedAssignmentStatement, BinaryOperation, BuiltInFunction, Call, DefinitionStatement, DictLiteral, ExpressionStatement, FunctionCall, FunctionDefinition, IndexingExpression, IntegerLiteral, Literal, LiteralCollection, NumericLiteral, Operator, SimpleAssignmentStatement, Statement, StringLiteral, SubscriptExpression, dict(), print(), str()]"
ae_adl_dict3,"[AccessingDictionary, AddingItemToDictionary, ArithmeticOperation, AssigningVariable, BooleanEvaluating, CallingFunctionLibrary, CallingStandardFunction, CheckingCondition, CheckingInForLoop, CreatingDictionary, DefiningStandardFunction, FindMaximum, ForLoopWithListIndexing, ForLoopWithUpdate, HandlingDictionary, HandlingFunction, HandlingStandardFunction, IfCheckingInForLoop, IndexingDictionary, ManagingVariable, NonNestedIteration, Printing, Python, SingleForLoopIteration, UpdatingVariable]","[=, ArithmeticExpression, AssignmentStatement, BinaryOperation, BooleanExpression, BuiltInFunction, Call, ComparisonExpression, ComparisonOperator, ConditionalStatement, DefinitionStatement, DictLiteral, DictionaryMethod, ExpressionStatement, ForStatement, FunctionCall, FunctionDefinition, IfStatement, IndexingExpression, IntegerLiteral, IterationStatement, Larger, Literal, LiteralCollection, LogicalExpression, LogicalOperator, MembershipOperator, NoneLiteral, NumericLiteral, Operator, SimpleAssignmentStatement, Statement, StringLiteral, SubscriptExpression, dict(), in, keys(), or, print()]"
ae_adl_file1,"[Addition, ArithmeticOperation, AssigningVariable, CallingFunctionLibrary, CallingOOPMethod, CallingStandardFunction, ClosingFile, DefiningStandardFunction, Division, ForLoopWith+=, ForLoopWithUpdate, HandlingFile, HandlingFloat, HandlingFunction, HandlingInput, HandlingInteger, HandlingObjectOrientedProgramming, HandlingStandardFunction, ManagingVariable, NonNestedIteration, OpeningFile, Printing, Python, ReadingLine, SingleForLoopIteration, TransformingToFloatType, TransformingToIntType, UpdatingVariable]","[+, /, =, ArithmeticExpression, ArtithmeticOperator, AssignmentStatement, BinaryOperation, BuiltInFunction, Call, DefinitionStatement, ExpressionStatement, FileMethod, ForStatement, FunctionCall, FunctionDefinition, IntegerLiteral, IterationStatement, Literal, MembershipOperator, NumericLiteral, Operator, SimpleAssignmentStatement, Statement, StringLiteral, close(), in, int(), open(), print()]"
ae_adl_file2,"[AssigningVariable, BooleanEvaluating, CallingFunctionLibrary, CallingOOPMethod, CallingStandardFunction, CheckingCondition, CheckingInForLoop, ClosingFile, CreatingList, CreatingString, DefiningStandardFunction, HandlingFile, HandlingFunction, HandlingList, HandlingObjectOrientedProgramming, HandlingStandardFunction, HandlingString, IfCheckingInForLoop, IndexingList, IndexingString, ManagingVariable, NonNestedIteration, OpeningFile, Printing, Python, ReadingLine, ReplacingStringContent, SingleForLoopIteration, SplittingString, TrimmingString, UpdatingVariable]","[=, ==, AssignmentStatement, BuiltInFunction, Call, ComparisonExpression, ComparisonOperator, ConditionalStatement, DefinitionStatement, ExpressionStatement, FileMethod, ForStatement, FunctionCall, FunctionDefinition, IfStatement, IndexingExpression, IterationStatement, Literal, LogicalExpression, Operator, SimpleAssignmentStatement, Statement, StringLiteral, StringMethod, SubscriptExpression, close(), open(), print(), rstrip(), split()]"
ae_adl_findmax,"[ArithmeticOperation, AssigningVariable, BooleanEvaluating, CallingFunctionLibrary, CallingStandardFunction, CheckingCondition, CheckingInForLoop, CreatingList, FindMaximum, HandlingFunction, HandlingList, HandlingStandardFunction, HandlingString, IfCheckingInForLoop, IndexingList, IndexingString, ManagingVariable, NonNestedIteration, Printing, Python, SingleForLoopIteration, UpdatingVariable]","[=, ArithmeticExpression, AssignmentStatement, BinaryOperation, BooleanExpression, BuiltInFunction, Call, ComparisonExpression, ComparisonOperator, ConditionalStatement, ExpressionStatement, ForStatement, FunctionCall, IfStatement, IndexingExpression, IntegerLiteral, IterationStatement, Larger, ListLiteral, Literal, LiteralCollection, LogicalExpression, MembershipOperator, NumericLiteral, Operator, SimpleAssignmentStatement, Statement, StringLiteral, SubscriptExpression, in, list(), print()]"
ae_adl_for,"[ArithmeticOperation, AssigningVariable, CallingFunctionLibrary, CallingStandardFunction, HandlingFunction, HandlingStandardFunction, ManagingVariable, Multiplication, NonNestedIteration, Printing, Python, SingleForLoopIteration]","[*, ArithmeticExpression, ArtithmeticOperator, BinaryOperation, BuiltInFunction, Call, ExpressionStatement, ForStatement, FunctionCall, IntegerLiteral, IterationStatement, Literal, MembershipOperator, NumericLiteral, Statement, StringLiteral, in, print(), range()]"
ae_adl_format1,"[AssigningVariable, CallingFunctionLibrary, CallingOOPMethod, CallingStandardFunction, CreatingString, FormattingString, HandlingFunction, HandlingObjectOrientedProgramming, HandlingStandardFunction, HandlingString, ManagingVariable, NestedFunctionCall, Printing, Python]","[=, AssignmentStatement, BuiltInFunction, Call, ExpressionStatement, FunctionCall, IntegerLiteral, Literal, NumericLiteral, Operator, SimpleAssignmentStatement, Statement, StringLiteral, StringMethod, format(), print()]"
ae_adl_format2,"[ArithmeticOperation, AssigningVariable, CallingFunctionCallingFunction, CallingFunctionLibrary, CallingOOPMethod, CallingStandardFunction, Concatenation, FormattingString, HandlingFloat, HandlingFunction, HandlingFunctionCallingFunction, HandlingObjectOrientedProgramming, HandlingStandardFunction, HandlingString, ManagingVariable, NestedFunctionCall, Printing, Python, Round, TransformingToFloatType]","[=, AssignmentStatement, BuiltInFunction, Call, ExpressionStatement, FloatLiteral, FunctionCall, Literal, NumericLiteral, Operator, SimpleAssignmentStatement, Statement, StringLiteral, StringMethod, format(), print()]"
ae_adl_functions1,"[CallingFunctionLibrary, CallingStandardFunction, CreatingString, DefiningStandardFunction, HandlingFunction, HandlingStandardFunction, HandlingString, Printing, Python]","[BuiltInFunction, Call, DefinitionStatement, ExpressionStatement, FunctionCall, FunctionDefinition, Literal, Statement, StringLiteral, print()]"
ae_adl_functions2,"[Addition, ArithmeticOperation, AssigningVariable, CallingFunctionLibrary, CallingStandardFunction, DefiningStandardFunction, Division, HandlingFloat, HandlingFunction, HandlingStandardFunction, ManagingVariable, Printing, Python, TransformingToFloatType]","[+, /, =, ArithmeticExpression, ArtithmeticOperator, AssignmentStatement, BinaryOperation, BuiltInFunction, Call, DefinitionStatement, ExpressionStatement, FunctionCall, FunctionDefinition, IntegerLiteral, JumpStatement, Literal, NumericLiteral, Operator, ReturnStatement, SimpleAssignmentStatement, Statement, StringLiteral, print()]"
ae_adl_functions3,"[Addition, ArithmeticOperation, AssigningVariable, CallingFunctionLibrary, CallingStandardFunction, Concatenation, DefiningStandardFunction, HandlingFloat, HandlingFunction, HandlingStandardFunction, ManagingVariable, Multiplication, NestedFunctionCall, Printing, Python, Substraction, TransformingToFloatType]","[*, +, -, =, ArithmeticExpression, ArtithmeticOperator, AssignmentStatement, BinaryOperation, BuiltInFunction, Call, DefinitionStatement, ExpressionStatement, FloatLiteral, FunctionCall, FunctionDefinition, JumpStatement, Literal, NumericLiteral, Operator, ReturnStatement, SimpleAssignmentStatement, Statement, StringLiteral, print()]"
ae_adl_greet,"[AssigningVariable, CallingFunctionLibrary, CallingStandardFunction, CreatingString, HandlingFunction, HandlingInput, HandlingStandardFunction, HandlingString, ManagingVariable, Printing, Python]","[=, AssignmentStatement, BuiltInFunction, Call, ExpressionStatement, FunctionCall, Literal, Operator, SimpleAssignmentStatement, Statement, StringLiteral, input(), print()]"
ae_adl_hello,"[CallingFunctionLibrary, CallingStandardFunction, CreatingString, HandlingFunction, HandlingStandardFunction, HandlingString, Printing, Python]","[BuiltInFunction, Call, ExpressionStatement, FunctionCall, Literal, Statement, StringLiteral, print()]"
ae_adl_hiscore1,"[ArithmeticOperation, AssigningVariable, BooleanEvaluating, CallingFunctionLibrary, CallingStandardFunction, CheckingCondition, CreatingString, FindMaximum, HandlingFunction, HandlingStandardFunction, HandlingString, IfChecking, ManagingVariable, Printing, Python, UpdatingVariable]","[=, ArithmeticExpression, AssignmentStatement, BinaryOperation, BooleanExpression, BuiltInFunction, Call, ComparisonExpression, ComparisonOperator, ConditionalStatement, ExpressionStatement, FunctionCall, IfStatement, IntegerLiteral, Larger, Literal, LogicalExpression, NumericLiteral, Operator, SimpleAssignmentStatement, Statement, StringLiteral, print()]"
ae_adl_hiscore2,"[ArithmeticOperation, AssigningVariable, BooleanEvaluating, CallingFunctionLibrary, CallingStandardFunction, CheckingCondition, FindMaximum, HandlingFunction, HandlingStandardFunction, IfChecking, ManagingVariable, Printing, Python, UpdatingVariable]","[=, ArithmeticExpression, AssignmentStatement, BinaryOperation, BooleanExpression, BuiltInFunction, Call, ComparisonExpression, ComparisonOperator, ConditionalStatement, ExpressionStatement, FunctionCall, IfStatement, IntegerLiteral, Larger, Literal, LogicalExpression, NumericLiteral, Operator, SimpleAssignmentStatement, Statement, StringLiteral, print()]"
ae_adl_ifelifelse,"[AssigningVariable, CallingFunctionLibrary, CallingStandardFunction, CheckingCondition, CreatingString, HandlingFunction, HandlingStandardFunction, HandlingString, IfElifElseChecking, ManagingVariable, Printing, Python]","[=, ArithmeticExpression, AssignmentStatement, BinaryOperation, BooleanExpression, BuiltInFunction, Call, ComparisonExpression, ComparisonOperator, ConditionalStatement, ExpressionStatement, FunctionCall, IfElifElseStatement, IntegerLiteral, Larger, Literal, LogicalExpression, NumericLiteral, Operator, SimpleAssignmentStatement, Statement, StringLiteral, print()]"
ae_adl_ifelse,"[ArithmeticOperation, AssigningVariable, CallingFunctionLibrary, CallingStandardFunction, CheckingCondition, CreatingString, FindRemainder, HandlingFunction, HandlingStandardFunction, HandlingString, IfElseChecking, ManagingVariable, Printing, Python]","[=, ==, ArithmeticExpression, ArtithmeticOperator, AssignmentStatement, BinaryOperation, BooleanExpression, BuiltInFunction, Call, ComparisonExpression, ComparisonOperator, ConditionalStatement, ExpressionStatement, FunctionCall, IfElseStatement, IntegerLiteral, Literal, LogicalExpression, Modulus, NumericLiteral, Operator, SimpleAssignmentStatement, Statement, StringLiteral, print()]"
ae_adl_input1,"[Addition, ArithmeticOperation, AssigningVariable, CallingFunctionLibrary, CallingStandardFunction, CreatingString, HandlingFloat, HandlingFunction, HandlingInput, HandlingInteger, HandlingStandardFunction, HandlingString, ManagingVariable, Multiplication, NestedFunctionCall, Printing, Python, TransformingToFloatType, TransformingToIntType]","[*, +, =, ArithmeticExpression, ArtithmeticOperator, AssignmentStatement, BinaryOperation, BuiltInFunction, Call, ExpressionStatement, FunctionCall, Literal, Operator, SimpleAssignmentStatement, Statement, StringLiteral, input(), int(), print()]"
ae_adl_input2,"[ArithmeticOperation, AssigningVariable, CallingFunctionLibrary, CreatingString, HandlingFloat, HandlingFunction, HandlingInput, HandlingInteger, HandlingString, ManagingVariable, Multiplication, NestedFunctionCall, Printing, Python, TransformingToFloatType, TransformingToIntType]","[*, =, ArithmeticExpression, ArtithmeticOperator, AssignmentStatement, BinaryOperation, BuiltInFunction, Call, ExpressionStatement, FloatLiteral, FunctionCall, Literal, NumericLiteral, Operator, SimpleAssignmentStatement, Statement, StringLiteral, float(), input(), print()]"
ae_adl_lists1,"[AddingListElement, AddingListElementWithAppend, AssigningVariable, CallingFunctionLibrary, CallingOOPMethod, CallingStandardFunction, CreatingList, FindingLength, HandlingFunction, HandlingList, HandlingObjectOrientedProgramming, HandlingStandardFunction, HandlingString, IndexingList, IndexingString, ManagingVariable, Printing, Python, UpdatingVariable]","[-, =, ArtithmeticOperator, AssignmentStatement, BuiltInFunction, Call, ExpressionStatement, FunctionCall, IndexingExpression, IntegerLiteral, ListLiteral, ListMethod, Literal, LiteralCollection, NumericLiteral, Operator, SimpleAssignmentStatement, Statement, StringLiteral, SubscriptExpression, append(), len(), print()]"
ae_adl_lists2,"[AssigningVariable, CallingFunctionLibrary, CallingStandardFunction, CreatingList, HandlingFunction, HandlingList, HandlingStandardFunction, ManagingVariable, NonNestedIteration, Printing, Python, SingleForLoopIteration]","[=, AssignmentStatement, BuiltInFunction, Call, ExpressionStatement, ForStatement, FunctionCall, IntegerLiteral, IterationStatement, ListLiteral, Literal, LiteralCollection, MembershipOperator, NumericLiteral, Operator, SimpleAssignmentStatement, Statement, StringLiteral, in, print()]"
ae_adl_lists3,"[ArithmeticOperation, AssigningVariable, CallingFunctionLibrary, CallingStandardFunction, CreatingList, FindingLength, ForLoopWith*=, ForLoopWithListIndexing, ForLoopWithUpdate, HandlingFunction, HandlingList, HandlingStandardFunction, HandlingString, IndexingList, IndexingString, ManagingVariable, Multiplication, NonNestedIteration, Printing, Python, ReplacingListElement, SingleForLoopIteration, UpdatingVariable]","[*, =, ArithmeticExpression, ArtithmeticOperator, AssignmentStatement, BinaryOperation, BuiltInFunction, Call, ExpressionStatement, ForStatement, FunctionCall, IndexingExpression, IntegerLiteral, IterationStatement, ListLiteral, Literal, LiteralCollection, MembershipOperator, NumericLiteral, Operator, SimpleAssignmentStatement, Statement, StringLiteral, SubscriptExpression, in, len(), print(), range()]"
ae_adl_logic,"[ArithmeticOperation, AssigningVariable, BooleanEvaluating, CheckingCondition, ManagingVariable, Substraction, UpdatingVariable]","[-, =, ArithmeticExpression, ArtithmeticOperator, AssignmentStatement, BinaryOperation, BooleanExpression, ComparisonExpression, ComparisonOperator, ExpressionStatement, IntegerLiteral, Larger, LargerOrEqual, Less, LogicalExpression, LogicalOperator, NumericLiteral, Operator, SimpleAssignmentStatement, Statement, and, or]"
ae_adl_nested_if,"[AssigningVariable, BooleanEvaluating, CallingFunctionLibrary, CallingStandardFunction, CheckingCondition, HandlingFunction, HandlingStandardFunction, IfChecking, IfElseChecking, ManagingVariable, NestedIfChecking, Printing, Python]","[=, ArithmeticExpression, AssignmentStatement, BinaryOperation, BooleanExpression, BuiltInFunction, Call, ComparisonExpression, ComparisonOperator, ConditionalStatement, ExpressionStatement, FunctionCall, IfElseStatement, IntegerLiteral, LargerOrEqual, Less, Literal, LogicalExpression, NumericLiteral, Operator, SimpleAssignmentStatement, Statement, StringLiteral, print()]"
ae_adl_objects1,"[AssigningVariable, CallingFunctionLibrary, CallingOOPMethod, CreatingObject, HandlingFunction, HandlingObjectOrientedProgramming, ManagingVariable, Printing, Python]","[=, AssignmentStatement, BuiltInFunction, Call, ClassMethod, ExpressionStatement, FunctionCall, IntegerLiteral, NumericLiteral, Operator, SimpleAssignmentStatement, Statement, __init()__, print()]"
ae_adl_objects2,"[Addition, ArithmeticOperation, AssigningVariable, BooleanEvaluating, CallingFunctionLibrary, CallingOOPMethod, CheckingCondition, CreatingObject, DefiningClass, DefiningOOPMethod, DefiningStandardFunction, FindMaximum, FindMinimum, HandlingFunction, HandlingObjectOrientedProgramming, HandlingStandardFunction, IfChecking, ManagingVariable, Printing, Python, Substraction, UpdatingVariable]","[+, -, =, ArithmeticExpression, ArtithmeticOperator, AssignmentStatement, BinaryOperation, BooleanExpression, BooleanLiteral, BuiltInFunction, Call, ClassDefinition, ClassMethod, ComparisonExpression, ComparisonOperator, ConditionalStatement, DefinitionStatement, ExpressionStatement, FunctionCall, FunctionDefinition, IfStatement, IntegerLiteral, JumpStatement, Larger, Literal, LogicalExpression, NumericLiteral, Operator, ReturnStatement, SimpleAssignmentStatement, Statement, __init()__, min(), print()]"
ae_adl_objects3,"[AccessingDictionary, AddingItemToDictionary, Addition, ArithmeticOperation, AssigningVariable, CallingFunctionLibrary, CallingOOPMethod, CallingStandardFunction, CreatingDictionary, CreatingObject, DefiningClass, DefiningStandardFunction, HandlingDictionary, HandlingFunction, HandlingObjectOrientedProgramming, HandlingStandardFunction, IndexingDictionary, ManagingVariable, Printing, Python, Substraction, UpdatingVariable]","[+, -, =, ArithmeticExpression, ArtithmeticOperator, AssignmentStatement, AugmentedAssignmentStatement, BinaryOperation, BuiltInFunction, Call, ClassDefinition, ClassMethod, DefinitionStatement, DictLiteral, ExpressionStatement, FunctionCall, FunctionDefinition, IndexingExpression, IntegerLiteral, JumpStatement, LiteralCollection, NumericLiteral, Operator, ReturnStatement, SimpleAssignmentStatement, Statement, SubscriptExpression, __init()__, dict(), print()]"
ae_adl_recursion,"[ArithmeticOperation, CallingRecursiveFunction, CheckingCondition, DefiningRecursiveFunction, HandlingRecursiveFunction, IfChecking, IfElseChecking, Multiplication, Printing, Python, Substraction]","[*, -, ArithmeticExpression, ArtithmeticOperator, BinaryOperation, BuiltInFunction, Call, ComparisonExpression, ComparisonOperator, ConditionalStatement, DefinitionStatement, ExpressionStatement, FunctionCall, FunctionDefinition, IfElseStatement, IntegerLiteral, JumpStatement, Less, Literal, LogicalExpression, NumericLiteral, ReturnStatement, Statement, StringLiteral, print()]"
ae_adl_returnvalue,"[ArithmeticOperation, AssigningVariable, CallingFunctionLibrary, CallingStandardFunction, CreatingString, DefiningStandardFunction, FormattingString, HandlingFloat, HandlingFunction, HandlingInput, HandlingInteger, HandlingStandardFunction, HandlingString, ManagingVariable, Multiplication, NestedFunctionCall, Printing, Python, TransformingToFloatType, TransformingToIntType]","[*, =, ArithmeticExpression, ArtithmeticOperator, AssignmentStatement, BinaryOperation, BuiltInFunction, Call, DefinitionStatement, ExpressionStatement, FloatLiteral, FunctionCall, FunctionDefinition, JumpStatement, Literal, NumericLiteral, Operator, ReturnStatement, SimpleAssignmentStatement, Statement, StringLiteral, StringMethod, float(), format(), input(), print()]"
ae_adl_simple_arithmetics,"[Addition, ArithmeticOperation, AssigningVariable, CallingFunctionLibrary, CallingStandardFunction, CreatingString, HandlingFunction, HandlingStandardFunction, HandlingString, ManagingVariable, Multiplication, Printing, Python]","[*, +, =, ArithmeticExpression, ArtithmeticOperator, AssignmentStatement, BinaryOperation, BuiltInFunction, Call, ExpressionStatement, FunctionCall, IntegerLiteral, Literal, NumericLiteral, Operator, SimpleAssignmentStatement, Statement, StringLiteral, print()]"
ae_adl_strings,"[Addition, ArithmeticOperation, AssigningVariable, CallingFunctionLibrary, CallingStandardFunction, Concatenation, CreatingString, FindingLength, HandlingFunction, HandlingStandardFunction, HandlingString, ManagingVariable, Printing, Python]","[+, =, ArithmeticExpression, ArtithmeticOperator, AssignmentStatement, BinaryOperation, BuiltInFunction, Call, ExpressionStatement, FunctionCall, Literal, Operator, SimpleAssignmentStatement, Statement, StringLiteral, len(), print()]"
ae_adl_swap,"[AssigningVariable, CallingFunctionLibrary, CallingStandardFunction, HandlingFunction, HandlingStandardFunction, ManagingVariable, Printing, Python, SwappingVariablesValue, UpdatingVariable]","[=, AssignmentStatement, BuiltInFunction, Call, ExpressionStatement, FunctionCall, IntegerLiteral, Literal, NumericLiteral, Operator, SimpleAssignmentStatement, Statement, StringLiteral, print()]"
ae_adl_tryexcept1,"[Addition, ArithmeticOperation, AssigningVariable, CallingFunctionLibrary, CallingStandardFunction, CreatingString, HandlingError, HandlingFunction, HandlingInteger, HandlingSpecificError, HandlingStandardFunction, HandlingString, ManagingVariable, Printing, Python, TransformingToIntType]","[+, =, ArithmeticExpression, ArtithmeticOperator, AssignmentStatement, BinaryOperation, BuiltInFunction, Call, Error, ExceptionHandlingStatement, ExpressionStatement, FunctionCall, Literal, Operator, SimpleAssignmentStatement, Statement, StringLiteral, TryStatement, ValueError, int(), print()]"
ae_adl_tryexcept2,"[Addition, ArithmeticOperation, AssigningVariable, CallingFunctionLibrary, CallingStandardFunction, DefiningStandardFunction, Division, HandlingError, HandlingFloat, HandlingFunction, HandlingInteger, HandlingSpecificError, HandlingStandardFunction, ManagingVariable, Printing, Python, TransformingToFloatType, TransformingToIntType]","[+, /, =, ArithmeticExpression, ArtithmeticOperator, AssignmentStatement, BinaryOperation, BuiltInFunction, Call, DefinitionStatement, Error, ExceptionHandlingStatement, ExpressionStatement, FunctionCall, FunctionDefinition, IntegerLiteral, JumpStatement, Literal, NumericLiteral, Operator, ReturnStatement, SimpleAssignmentStatement, Statement, StringLiteral, TryStatement, ValueError, int(), print()]"
ae_adl_vals_refs1,"[AssigningVariable, CallingFunctionLibrary, CallingStandardFunction, DefiningStandardFunction, HandlingFunction, HandlingStandardFunction, ManagingVariable, Printing, Python]","[=, AssignmentStatement, BuiltInFunction, Call, DefinitionStatement, ExpressionStatement, FunctionCall, FunctionDefinition, IntegerLiteral, Literal, NumericLiteral, Operator, SimpleAssignmentStatement, Statement, StringLiteral, print()]"
ae_adl_vals_refs2,"[AssigningVariable, CallingFunctionCallingFunction, CallingFunctionLibrary, CreatingList, DefiningStandardFunction, HandlingFunction, HandlingFunctionCallingFunction, HandlingList, HandlingStandardFunction, HandlingString, IndexingList, IndexingString, ListReferencing, ManagingVariable, Printing, Python, ReplacingListElement, UpdatingVariable]","[=, AssignmentStatement, BuiltInFunction, Call, DefinitionStatement, ExpressionStatement, FunctionCall, FunctionDefinition, IndexingExpression, IntegerLiteral, ListLiteral, LiteralCollection, NumericLiteral, Operator, SimpleAssignmentStatement, Statement, SubscriptExpression, print()]"
ae_adl_vals_refs3,"[AssigningVariable, CallingFunctionLibrary, CallingStandardFunction, CreatingList, DefiningStandardFunction, HandlingFunction, HandlingList, HandlingStandardFunction, HandlingString, IndexingList, IndexingString, ListReferencing, ManagingVariable, Printing, Python, ReplacingListElement, UpdatingVariable]","[=, AssignmentStatement, BuiltInFunction, Call, DefinitionStatement, ExpressionStatement, FunctionCall, FunctionDefinition, IndexingExpression, IntegerLiteral, ListLiteral, Literal, LiteralCollection, NumericLiteral, Operator, SimpleAssignmentStatement, Statement, StringLiteral, SubscriptExpression, list(), print()]"
ae_adl_variables,"[Addition, ArithmeticOperation, AssigningVariable, CallingFunctionLibrary, CallingStandardFunction, HandlingFunction, HandlingStandardFunction, ManagingVariable, Printing, Python, UpdatingVariable]","[+, =, ArithmeticExpression, ArtithmeticOperator, AssignmentStatement, BinaryOperation, BuiltInFunction, Call, ExpressionStatement, FunctionCall, IntegerLiteral, Literal, NumericLiteral, Operator, SimpleAssignmentStatement, Statement, StringLiteral, print()]"
ae_adl_while,"[ArithmeticOperation, AssigningVariable, BooleanEvaluating, CallingFunctionLibrary, CallingStandardFunction, CheckingCondition, HandlingFunction, HandlingStandardFunction, ManagingVariable, Multiplication, NonNestedIteration, Printing, Python, SingleWhileLoopIteration, UpdatingVariable, WhileLoopWith*=, WhileLoopWithUpdate]","[*, =, ArithmeticExpression, ArtithmeticOperator, AssignmentStatement, BinaryOperation, BuiltInFunction, Call, ComparisonExpression, ComparisonOperator, ExpressionStatement, FunctionCall, IntegerLiteral, IterationStatement, Less, Literal, LogicalExpression, NumericLiteral, Operator, SimpleAssignmentStatement, Statement, StringLiteral, WhileStatement, print()]"
ae_python_assignment,"[Addition, ArithmeticOperation, AssigningVariable, Concatenation, ManagingVariable, Python, UpdatingVariable]","[+, =, ArithmeticExpression, ArtithmeticOperator, AssignmentStatement, BinaryOperation, ExpressionStatement, IntegerLiteral, NumericLiteral, Operator, SimpleAssignmentStatement, Statement]"
ae_python_class1,"[AssigningVariable, CallingFunctionLibrary, CallingOOPMethod, CallingStandardFunction, CreatingObject, HandlingFunction, HandlingObjectOrientedProgramming, HandlingStandardFunction, ManagingVariable, Printing, Python]","[=, AssignmentStatement, BuiltInFunction, Call, ClassMethod, ExpressionStatement, FunctionCall, IntegerLiteral, NumericLiteral, Operator, SimpleAssignmentStatement, Statement, __init()__, print()]"
ae_python_class2,"[Addition, ArithmeticOperation, AssigningVariable, BooleanEvaluating, CallingFunctionLibrary, CallingOOPMethod, CallingStandardFunction, CheckingCondition, CreatingObject, DefiningClass, DefiningOOPMethod, DefiningStandardFunction, FindMinimum, HandlingFunction, HandlingObjectOrientedProgramming, HandlingStandardFunction, IfChecking, ManagingVariable, Printing, Python, Substraction, UpdatingVariable]","[+, -, =, ArithmeticExpression, ArtithmeticOperator, AssignmentStatement, BinaryOperation, BooleanExpression, BooleanLiteral, BuiltInFunction, Call, ClassDefinition, ClassMethod, ComparisonExpression, ComparisonOperator, ConditionalStatement, DefinitionStatement, ExpressionStatement, FunctionCall, FunctionDefinition, IfStatement, IntegerLiteral, JumpStatement, Larger, Literal, LogicalExpression, NumericLiteral, Operator, ReturnStatement, SimpleAssignmentStatement, Statement, __init()__, min(), print()]"
ae_python_file,"[AssigningVariable, BooleanEvaluating, CallingFunctionLibrary, CallingOOPMethod, CallingStandardFunction, CheckingCondition, CheckingInForLoop, ClosingFile, CreatingList, DefiningStandardFunction, HandlingFile, HandlingFunction, HandlingInteger, HandlingList, HandlingObjectOrientedProgramming, HandlingStandardFunction, HandlingString, IfCheckingInForLoop, IndexingList, IndexingString, ManagingVariable, NonNestedIteration, OpeningFile, Printing, Python, ReadingLine, ReplacingStringContent, SingleForLoopIteration, SplittingString, TransformingToIntType, TrimmingString, UpdatingVariable]","[=, ArithmeticExpression, AssignmentStatement, BinaryOperation, BuiltInFunction, Call, ComparisonExpression, ComparisonOperator, ConditionalStatement, DefinitionStatement, ExpressionStatement, FileMethod, ForStatement, FunctionCall, FunctionDefinition, IfStatement, IndexingExpression, IntegerLiteral, IterationStatement, Less, Literal, LogicalExpression, MembershipOperator, NumericLiteral, Operator, SimpleAssignmentStatement, Statement, StringLiteral, StringMethod, SubscriptExpression, close(), in, int(), open(), print(), rstrip(), split()]"
ae_python_float,"[Addition, ArithmeticOperation, AssigningVariable, CallingFunctionLibrary, CallingStandardFunction, CreatingString, HandlingFloat, HandlingFunction, HandlingInput, HandlingInteger, HandlingStandardFunction, HandlingString, ManagingVariable, Multiplication, NestedFunctionCall, Printing, Python, TransformingToFloatType, TransformingToIntType]","[*, +, =, ArithmeticExpression, ArtithmeticOperator, AssignmentStatement, BinaryOperation, BuiltInFunction, Call, ExpressionStatement, FloatLiteral, FunctionCall, IntegerLiteral, Literal, NumericLiteral, Operator, SimpleAssignmentStatement, Statement, StringLiteral, float(), input(), print()]"
ae_python_for,"[ArithmeticOperation, AssigningVariable, CallingFunctionLibrary, CallingStandardFunction, CreatingString, ForLoopWith*=, ForLoopWithUpdate, HandlingFunction, HandlingStandardFunction, HandlingString, ManagingVariable, Multiplication, NonNestedIteration, Printing, Python, SingleForLoopIteration]","[*, =, ArithmeticExpression, ArtithmeticOperator, BinaryOperation, BuiltInFunction, Call, ComparisonOperator, ExpressionStatement, ForStatement, FunctionCall, IntegerLiteral, IterationStatement, Less, Literal, MembershipOperator, NumericLiteral, Operator, Statement, StringLiteral, in, print(), range()]"
ae_python_function,"[Addition, ArithmeticOperation, AssigningVariable, CallingFunctionCallingFunction, CallingFunctionLibrary, CallingStandardFunction, DefiningFunctionCallingFunction, DefiningStandardFunction, HandlingFunction, HandlingFunctionCallingFunction, HandlingStandardFunction, ManagingVariable, Multiplication, NestedFunctionCall, Printing, Python]","[*, +, =, ArithmeticExpression, ArtithmeticOperator, AssignmentStatement, BinaryOperation, BuiltInFunction, Call, DefinitionStatement, ExpressionStatement, FunctionCall, FunctionDefinition, IntegerLiteral, JumpStatement, Literal, NumericLiteral, Operator, ReturnStatement, SimpleAssignmentStatement, Statement, StringLiteral, print()]"
ae_python_if,"[AssigningVariable, BooleanEvaluating, CallingFunctionLibrary, CallingStandardFunction, CheckingCondition, CreatingString, HandlingFloat, HandlingFunction, HandlingInput, HandlingStandardFunction, HandlingString, IfElseChecking, ManagingVariable, Printing, Python, TransformingToFloatType]","[=, ArithmeticExpression, AssignmentStatement, BinaryOperation, BooleanExpression, BuiltInFunction, Call, ComparisonExpression, ComparisonOperator, ConditionalStatement, ExpressionStatement, FloatLiteral, FunctionCall, IfElseStatement, IntegerLiteral, Larger, Literal, LogicalExpression, NumericLiteral, Operator, SimpleAssignmentStatement, Statement, StringLiteral, float(), input(), print()]"
ae_python_input,"[AssigningVariable, CallingFunctionLibrary, CallingStandardFunction, CreatingString, HandlingFunction, HandlingInput, HandlingStandardFunction, HandlingString, ManagingVariable, Printing, Python]","[=, AssignmentStatement, BuiltInFunction, Call, ExpressionStatement, FunctionCall, Literal, Operator, SimpleAssignmentStatement, Statement, StringLiteral, input(), print()]"
ae_python_intro,"[Addition, ArithmeticOperation, AssigningVariable, ManagingVariable, Multiplication]","[*, +, =, ArithmeticExpression, ArtithmeticOperator, AssignmentStatement, BinaryOperation, ExpressionStatement, FloatLiteral, IntegerLiteral, NumericLiteral, Operator, SimpleAssignmentStatement, Statement]"
ae_python_list,"[AddingListElement, AddingListElementWithAppend, AssigningVariable, BooleanEvaluating, CallingFunctionLibrary, CallingOOPMethod, CallingStandardFunction, CheckingCondition, CheckingInForLoop, CreatingList, DefiningStandardFunction, FindingLength, HandlingFunction, HandlingList, HandlingObjectOrientedProgramming, HandlingStandardFunction, IfCheckingInForLoop, IfElseChecking, IndexingList, ManagingVariable, NonNestedIteration, Printing, Python, ReplacingListElement, SingleForLoopIteration, UpdatingVariable]","[=, ArithmeticExpression, AssignmentStatement, BinaryOperation, BooleanExpression, BuiltInFunction, Call, ComparisonExpression, ComparisonOperator, ConditionalStatement, DefinitionStatement, ExpressionStatement, ForStatement, FunctionCall, FunctionDefinition, IfElseStatement, IfStatement, IndexingExpression, IntegerLiteral, IterationStatement, JumpStatement, Larger, ListLiteral, ListMethod, Literal, LiteralCollection, LogicalExpression, NumericLiteral, Operator, ReturnStatement, SimpleAssignmentStatement, Statement, StringLiteral, SubscriptExpression, append(), len(), list(), print()]"
ae_python_split,"[Addition, ArithmeticOperation, AssigningVariable, BooleanEvaluating, CallingFunctionLibrary, CheckingCondition, CheckingInForLoop, CreatingList, CreatingString, DefiningStandardFunction, FindMaximum, FindingLength, ForLoopWith+=, ForLoopWithUpdate, HandlingFunction, HandlingInteger, HandlingList, HandlingStandardFunction, HandlingString, IfCheckingInForLoop, IfElseChecking, IndexingList, IndexingString, ManagingVariable, NestedFunctionCall, NonNestedIteration, Printing, Python, SingleForLoopIteration, SplittingString, TransformingToIntType, UpdatingVariable]","[+, =, ArithmeticExpression, ArtithmeticOperator, AssignmentStatement, AugmentedAssignmentStatement, BinaryOperation, BooleanExpression, BuiltInFunction, Call, ComparisonExpression, ComparisonOperator, ConditionalStatement, DefinitionStatement, ExpressionStatement, ForStatement, FunctionCall, FunctionDefinition, IfElseStatement, IndexingExpression, IntegerLiteral, IterationStatement, Larger, Literal, LogicalExpression, NumericLiteral, Operator, SimpleAssignmentStatement, Statement, StringLiteral, StringMethod, SubscriptExpression, int(), len(), print(), split()]"
ae_python_while,"[Addition, ArithmeticOperation, AssigningVariable, BooleanEvaluating, CallingFunctionLibrary, CheckingCondition, CheckingInWhileLoop, HandlingFloat, HandlingFunction, HandlingInput, HandlingInteger, IfCheckingInWhileLoop, ManagingVariable, NestedFunctionCall, NonNestedIteration, Printing, Python, SingleWhileLoopIteration, TransformingToFloatType, TransformingToIntType, UpdatingVariable, WhileLoopWith+=, WhileLoopWithUpdate]","[+, =, ArithmeticExpression, ArtithmeticOperator, AssignmentStatement, BinaryOperation, BooleanExpression, BuiltInFunction, Call, ComparisonExpression, ComparisonOperator, ConditionalStatement, ExpressionStatement, FunctionCall, IfStatement, IntegerLiteral, IterationStatement, Larger, Literal, LogicalExpression, NotEqual, NumericLiteral, Operator, SimpleAssignmentStatement, Statement, StringLiteral, WhileStatement, input(), int(), print()]"
objects_classes_loan,[],[]
objects_classes_point,"[Addition, ArithmeticOperation, AssigningVariable, CallingFunctionLibrary, CallingOOPMethod, CallingStandardFunction, Concatenation, CreatingObject, DefiningClass, DefiningOOPMethod, HandlingFunction, HandlingObjectOrientedProgramming, HandlingStandardFunction, ManagingVariable, NestedFunctionCall, Printing, Python, UpdatingVariable]","[=, ArithmeticExpression, AssignmentStatement, AugmentedAssignmentStatement, BinaryOperation, BuiltInFunction, Call, ClassDefinition, DefinitionStatement, ExpressionStatement, FunctionCall, FunctionDefinition, IntegerLiteral, Literal, NumericLiteral, Operator, SimpleAssignmentStatement, Statement, StringLiteral, print(), str()]"
objects_classes_tv,[],[]
ps_hello,"[CallingFunctionLibrary, CallingStandardFunction, CreatingString, HandlingFunction, HandlingStandardFunction, HandlingString, Printing, Python]","[BuiltInFunction, Call, ExpressionStatement, FunctionCall, Literal, Statement, StringLiteral, print()]"
ps_python_2d_list,"[AddingListElement, AddingListElementWithAppend, Addition, ArithmeticOperation, AssigningVariable, CallingFunctionLibrary, Create2DArray, CreatingList, ForLoopWithListIndexing, ForLoopWithUpdate, HandlingFunction, HandlingList, HandlingString, Indexing2DArray, IndexingList, IndexingString, ManagingVariable, Multiplication, NestedForLoopIteration, NestedLoopIteration, NonNestedIteration, Printing, Python, ReplacingElement2DArray, ReplacingListElement, SingleForLoopIteration, TwoDimensionalArrayTask, UpdatingVariable]","[*, =, ArithmeticExpression, ArtithmeticOperator, AssignmentStatement, BinaryOperation, BuiltInFunction, Call, ComparisonOperator, ExpressionStatement, ForStatement, FunctionCall, IndexingExpression, IntegerLiteral, IterationStatement, Less, ListLiteral, ListMethod, LiteralCollection, NumericLiteral, Operator, SimpleAssignmentStatement, Statement, SubscriptExpression, append(), print(), range()]"
ps_python_add_to_list,"[Addition, ArithmeticOperation, CallingFunctionLibrary, FindingLength, ForLoopWith+=, ForLoopWithListIndexing, ForLoopWithUpdate, HandlingFunction, HandlingList, IndexingList, ManagingVariable, NonNestedIteration, Python, ReplacingListElement, SingleForLoopIteration, UpdatingVariable]","[+, =, ArithmeticExpression, ArtithmeticOperator, AssignmentStatement, AugmentedAssignmentStatement, BinaryOperation, BuiltInFunction, Call, DefinitionStatement, ExpressionStatement, ForStatement, FunctionCall, FunctionDefinition, IndexingExpression, IntegerLiteral, IterationStatement, NumericLiteral, Operator, Statement, SubscriptExpression, len(), range()]"
ps_python_addition,"[Addition, ArithmeticOperation, AssigningVariable, CallingFunctionLibrary, CallingStandardFunction, HandlingFunction, HandlingStandardFunction, ManagingVariable, Printing, Python, UpdatingVariable]","[+, =, ArithmeticExpression, ArtithmeticOperator, AssignmentStatement, BinaryOperation, BuiltInFunction, Call, ExpressionStatement, FunctionCall, IntegerLiteral, NumericLiteral, Operator, SimpleAssignmentStatement, Statement, print()]"
ps_python_bigger_than,"[ArithmeticOperation, BooleanEvaluating, CallingFunctionLibrary, CallingStandardFunction, CheckingCondition, CreatingString, FindMaximum, HandlingFunction, HandlingStandardFunction, HandlingString, Printing, Python]","[ArithmeticExpression, BinaryOperation, BooleanExpression, BuiltInFunction, Call, ComparisonExpression, ComparisonOperator, ExpressionStatement, FunctionCall, Larger, Literal, LogicalExpression, Statement, StringLiteral, print()]"
ps_python_calculate_function,"[Addition, ArithmeticOperation, AssigningVariable, CallingFunctionLibrary, DefiningStandardFunction, HandlingFunction, HandlingStandardFunction, ManagingVariable, Multiplication, NestedFunctionCall, Printing, Python]","[*, +, =, ArithmeticExpression, ArtithmeticOperator, AssignmentStatement, BinaryOperation, BuiltInFunction, Call, DefinitionStatement, ExpressionStatement, FunctionCall, FunctionDefinition, IntegerLiteral, JumpStatement, NumericLiteral, Operator, ReturnStatement, SimpleAssignmentStatement, Statement, print()]"
ps_python_class_person,"[Addition, ArithmeticOperation, AssigningVariable, CallingFunctionLibrary, CallingOOPMethod, CallingStandardFunction, Concatenation, CreatingObject, CreatingString, DefiningClass, DefiningOOPMethod, HandlingFunction, HandlingObjectOrientedProgramming, HandlingStandardFunction, HandlingString, ManagingVariable, Printing, Python]","[+, =, ArithmeticExpression, ArtithmeticOperator, AssignmentStatement, BinaryOperation, BuiltInFunction, Call, ClassDefinition, ClassMethod, DefinitionStatement, ExpressionStatement, FunctionCall, FunctionDefinition, JumpStatement, Literal, Operator, ReturnStatement, SimpleAssignmentStatement, Statement, StringLiteral, __init()__, print()]"
ps_python_class_point,"[ArithmeticOperation, AssigningVariable, CallingFunctionLibrary, CallingStandardFunction, DefiningClass, DefiningOOPMethod, DefiningStandardFunction, HandlingFunction, HandlingObjectOrientedProgramming, HandlingStandardFunction, Importing, ManagingVariable, Multiplication, Python, Substraction]","[*, +, -, =, ArithmeticExpression, ArtithmeticOperator, AssignmentStatement, BinaryOperation, Call, ClassDefinition, ClassMethod, DefinitionStatement, ExpressionStatement, FunctionCall, FunctionDefinition, ImportFrom, ImportStatement, JumpStatement, Operator, ReturnStatement, SimpleAssignmentStatement, Statement, __init()__]"
ps_python_comparisons,"[AssigningVariable, BooleanEvaluating, CallingFunctionLibrary, CallingStandardFunction, CheckingCondition, HandlingFunction, HandlingStandardFunction, ManagingVariable, Printing, Python]","[=, ArithmeticExpression, AssignmentStatement, BinaryOperation, BooleanExpression, BooleanLiteral, BuiltInFunction, Call, ComparisonExpression, ComparisonOperator, ExpressionStatement, FunctionCall, Larger, Literal, LogicalExpression, Operator, SimpleAssignmentStatement, Statement, print()]"
ps_python_conditionals_temperature,"[BooleanEvaluating, CallingFunctionLibrary, CallingStandardFunction, CheckingCondition, HandlingFunction, HandlingStandardFunction, IfElifElseChecking, NestedIfChecking, Printing, Python]","[ArithmeticExpression, BinaryOperation, BooleanExpression, BuiltInFunction, Call, ComparisonExpression, ComparisonOperator, ConditionalStatement, ExpressionStatement, FunctionCall, IfElifElseStatement, IfElseStatement, IfStatement, IntegerLiteral, Larger, LessOrEqual, Literal, LogicalExpression, NumericLiteral, Statement, StringLiteral, print()]"
ps_python_dict_filter,"[AccessingDictionary, AssigningVariable, BooleanEvaluating, CallingFunctionLibrary, CallingOOPMethod, CallingStandardFunction, CheckingCondition, CheckingInForLoop, CreatingDictionary, ForLoopWithListIndexing, ForLoopWithUpdate, HandlingDictionary, HandlingFunction, HandlingObjectOrientedProgramming, HandlingStandardFunction, HandlingString, HandlingTuple, IfCheckingInForLoop, IndexingString, IndexingTuple, ManagingVariable, NonNestedIteration, Printing, Python, SingleForLoopIteration]","[+, =, ArithmeticExpression, ArtithmeticOperator, AssignmentStatement, BinaryOperation, BooleanExpression, BuiltInFunction, Call, ComparisonExpression, ComparisonOperator, ConditionalStatement, DictLiteral, DictionaryMethod, ExpressionStatement, ForStatement, FunctionCall, IfStatement, IndexingExpression, IntegerLiteral, IterationStatement, Larger, Literal, LiteralCollection, LogicalExpression, NumericLiteral, Operator, SimpleAssignmentStatement, Statement, StringLiteral, SubscriptExpression, TupleLiteral, items(), print()]"
ps_python_dict_keys,"[AccessingDictionary, AssigningVariable, BooleanEvaluating, CallingFunctionLibrary, CallingStandardFunction, CheckingCondition, CheckingForItem, CheckingInForLoop, CreatingDictionary, ForLoopWithListIndexing, ForLoopWithUpdate, HandlingDictionary, HandlingFunction, HandlingStandardFunction, IfChecking, IfCheckingInForLoop, IfElseChecking, IfElseCheckingInForLoop, IndexingDictionary, ManagingVariable, NonNestedIteration, Printing, Python, SingleForLoopIteration]","[=, ArithmeticExpression, AssignmentStatement, BinaryOperation, BooleanExpression, BuiltInFunction, Call, ComparisonExpression, ComparisonOperator, ConditionalStatement, DictLiteral, ExpressionStatement, ForStatement, FunctionCall, IfStatement, IndexingExpression, IntegerLiteral, IterationStatement, Larger, Literal, LiteralCollection, LogicalExpression, MembershipOperator, NumericLiteral, Operator, SimpleAssignmentStatement, Statement, StringLiteral, SubscriptExpression, in, print()]"
ps_python_dict_values,"[AccessingDictionary, Addition, ArithmeticOperation, AssigningVariable, CallingFunctionLibrary, CallingOOPMethod, CallingStandardFunction, ForLoopWith+=, ForLoopWithUpdate, HandlingDictionary, HandlingFunction, HandlingObjectOrientedProgramming, HandlingStandardFunction, ManagingVariable, NonNestedIteration, Printing, Python, SingleForLoopIteration, UpdatingVariable]","[+, =, ArithmeticExpression, ArtithmeticOperator, AssignmentStatement, AugmentedAssignmentStatement, BinaryOperation, BuiltInFunction, Call, DictionaryMethod, ExpressionStatement, ForStatement, FunctionCall, IntegerLiteral, IterationStatement, NumericLiteral, Operator, SimpleAssignmentStatement, Statement, print(), values()]"
ps_python_for_odd_or_even,"[ArithmeticOperation, BooleanEvaluating, CallingFunctionLibrary, CallingStandardFunction, CheckingCondition, CheckingInForLoop, FindRemainder, HandlingFunction, HandlingList, HandlingStandardFunction, IfElseCheckingInForLoop, IndexingList, NonNestedIteration, Printing, Python, SingleForLoopIteration]","[=, ==, ArithmeticExpression, ArtithmeticOperator, BinaryOperation, BooleanExpression, BuiltInFunction, Call, ComparisonExpression, ComparisonOperator, ConditionalStatement, ExpressionStatement, ForStatement, FunctionCall, IfElseStatement, IntegerLiteral, IterationStatement, ListLiteral, Literal, LiteralCollection, LogicalExpression, MembershipOperator, Modulus, NumericLiteral, Operator, Statement, StringLiteral, in, print()]"
ps_python_iteration_addition,"[Addition, ArithmeticOperation, AssigningVariable, BooleanEvaluating, CallingFunctionLibrary, CheckingCondition, HandlingFunction, ManagingVariable, NonNestedIteration, Printing, Python, SingleWhileLoopIteration, UpdatingVariable, WhileLoopWith+=, WhileLoopWithUpdate]","[+, =, ArithmeticExpression, ArtithmeticOperator, AssignmentStatement, BinaryOperation, BooleanExpression, BuiltInFunction, Call, ComparisonExpression, ComparisonOperator, ExpressionStatement, FunctionCall, IntegerLiteral, IterationStatement, Less, LogicalExpression, NumericLiteral, Operator, SimpleAssignmentStatement, Statement, WhileStatement, print()]"
ps_python_iteration_multiplication,"[ArithmeticOperation, AssigningVariable, CallingFunctionLibrary, CallingStandardFunction, HandlingFunction, HandlingStandardFunction, ManagingVariable, Multiplication, NonNestedIteration, Printing, Python, SingleWhileLoopIteration, UpdatingVariable, WhileLoopWith*=, WhileLoopWithUpdate]","[*, =, ArithmeticExpression, ArtithmeticOperator, AssignmentStatement, BinaryOperation, BuiltInFunction, Call, ComparisonExpression, ComparisonOperator, ExpressionStatement, FunctionCall, IntegerLiteral, IterationStatement, Less, Literal, LogicalExpression, NumericLiteral, Operator, SimpleAssignmentStatement, Statement, StringLiteral, WhileStatement, print()]"
ps_python_list_iteration_zoo,"[AssigningVariable, CallingFunctionLibrary, CallingStandardFunction, CreatingList, HandlingFunction, HandlingList, HandlingStandardFunction, IndexingList, ManagingVariable, NonNestedIteration, Printing, Python, SingleForLoopIteration]","[=, AssignmentStatement, BuiltInFunction, Call, ExpressionStatement, ForStatement, FunctionCall, IterationStatement, ListLiteral, Literal, LiteralCollection, MembershipOperator, Operator, SimpleAssignmentStatement, Statement, StringLiteral, in, list(), print()]"
ps_python_list_to_dict,"[AccessingDictionary, AssigningVariable, CallingFunctionLibrary, CallingStandardFunction, CreatingDictionary, CreatingList, CreatingObject, CreatingTuple, HandlingDictionary, HandlingFunction, HandlingList, HandlingObjectOrientedProgramming, HandlingStandardFunction, HandlingTuple, ManagingVariable, Printing, Python]","[=, AssignmentStatement, BuiltInFunction, Call, DictionaryMethod, ExpressionStatement, FunctionCall, ListLiteral, Literal, LiteralCollection, Operator, SimpleAssignmentStatement, Statement, StringLiteral, TupleLiteral, dict(), get(), print()]"
ps_python_modulo_is_even,"[ArithmeticOperation, BooleanEvaluating, CallingFunctionLibrary, CheckingCondition, FindRemainder, HandlingFunction, IfElseChecking]","[==, ArithmeticExpression, ArtithmeticOperator, BinaryOperation, BooleanExpression, BooleanLiteral, ComparisonExpression, ComparisonOperator, ConditionalStatement, DefinitionStatement, ExpressionStatement, FunctionDefinition, IfElseStatement, IntegerLiteral, JumpStatement, Literal, LogicalExpression, Modulus, NumericLiteral, ReturnStatement, Statement]"
ps_python_nested_calls,"[Addition, ArithmeticOperation, CallingFunctionCallingFunction, CallingFunctionLibrary, DefiningStandardFunction, HandlingFunction, HandlingFunctionCallingFunction, HandlingStandardFunction, Multiplication, NestedFunctionCall, Printing, Python]","[*, +, =, ArithmeticExpression, ArtithmeticOperator, BinaryOperation, BuiltInFunction, Call, DefinitionStatement, ExpressionStatement, FunctionCall, FunctionDefinition, IntegerLiteral, JumpStatement, NumericLiteral, Operator, ReturnStatement, Statement, print()]"
ps_python_nested_ifs,"[BooleanEvaluating, CallingFunctionLibrary, CallingStandardFunction, CheckingCondition, HandlingFunction, HandlingStandardFunction, NestedIfChecking, Printing, Python]","[=, ==, BooleanExpression, BuiltInFunction, Call, ComparisonExpression, ComparisonOperator, ConditionalStatement, FunctionCall, IfElifStatement, IfElseStatement, IntegerLiteral, Less, LessOrEqual, Literal, LogicalExpression, NumericLiteral, Operator, StringLiteral, print()]"
ps_python_nested_lists_indexing,"[AssigningVariable, CallingFunctionLibrary, CallingStandardFunction, Create2DArray, CreatingList, HandlingFunction, HandlingList, HandlingStandardFunction, HandlingString, Indexing2DArray, IndexingList, IndexingString, ManagingVariable, Printing, Python, TwoDimensionalArrayTask]","[=, AssignmentStatement, BuiltInFunction, Call, ExpressionStatement, FunctionCall, IndexingExpression, IntegerLiteral, ListLiteral, LiteralCollection, NumericLiteral, Operator, SimpleAssignmentStatement, Statement, SubscriptExpression, print()]"
ps_python_nested_loops,"[Addition, ArithmeticOperation, AssigningVariable, CallingFunctionLibrary, CallingStandardFunction, HandlingFunction, HandlingStandardFunction, ManagingVariable, MixedNestedLoopIteration, NestedLoopIteration, NestedWhileLoopIteration, Printing, Python, Substraction, UpdatingVariable, WhileLoopWith+=, WhileLoopWithUpdate]","[+, -, =, ArithmeticExpression, ArtithmeticOperator, AssignmentStatement, BinaryOperation, BooleanExpression, BuiltInFunction, Call, ComparisonExpression, ComparisonOperator, ExpressionStatement, FunctionCall, IntegerLiteral, IterationStatement, Larger, Less, LogicalExpression, NumericLiteral, Operator, SimpleAssignmentStatement, Statement, WhileStatement, print()]"
ps_python_printing_file_contents,"[AssigningVariable, CallingFunctionLibrary, CallingOOPMethod, CallingStandardFunction, ClosingFile, HandlingError, HandlingFile, HandlingFunction, HandlingInput, HandlingObjectOrientedProgramming, HandlingSpecificError, HandlingStandardFunction, ManagingVariable, NonNestedIteration, OpeningFile, Printing, Python, ReadingLine, SingleWhileLoopIteration, UpdatingVariable]","[=, AssignmentStatement, BuiltInFunction, Call, ComparisonExpression, ComparisonOperator, Error, ExceptionHandlingStatement, ExpressionStatement, FileMethod, FunctionCall, IterationStatement, Literal, LogicalExpression, NotEqual, OSError, Operator, SimpleAssignmentStatement, Statement, StringLiteral, TryStatement, WhileStatement, close(), open(), print(), readline()]"
ps_python_recursive_factorial,"[ArithmeticOperation, BooleanEvaluating, CallingRecursiveFunction, CheckingCondition, DefiningRecursiveFunction, HandlingRecursiveFunction, IfElseChecking, Multiplication, Substraction]","[*, -, ArithmeticExpression, ArtithmeticOperator, BinaryOperation, BooleanExpression, Call, ComparisonExpression, ComparisonOperator, ConditionalStatement, DefinitionStatement, ExpressionStatement, FunctionCall, FunctionDefinition, IfElseStatement, IntegerLiteral, JumpStatement, Less, LogicalExpression, NumericLiteral, ReturnStatement, Statement]"
ps_python_string_indexing,"[AssigningVariable, CallingFunctionLibrary, CallingStandardFunction, CreatingString, HandlingFunction, HandlingStandardFunction, HandlingString, IndexingString, ManagingVariable, Printing, Python, SlicingString, SplittingString]","[-, =, ArtithmeticOperator, AssignmentStatement, BuiltInFunction, Call, ExpressionStatement, FunctionCall, IndexingExpression, IntegerLiteral, Literal, NumericLiteral, Operator, SimpleAssignmentStatement, SlicingExpression, Statement, StringLiteral, SubscriptExpression, print()]"
ps_python_string_join,"[Addition, ArithmeticOperation, AssigningVariable, CallingFunctionLibrary, CallingOOPMethod, CallingStandardFunction, CapitalizeString, Concatenation, CreatingList, CreatingString, HandlingFunction, HandlingList, HandlingObjectOrientedProgramming, HandlingStandardFunction, HandlingString, ManagingVariable, ModifyingStringCase, NestedFunctionCall, Printing, Python, TransformingToStringType]","[+, =, ArtithmeticOperator, AssignmentStatement, BuiltInFunction, Call, ExpressionStatement, FunctionCall, ListLiteral, Literal, LiteralCollection, Operator, SimpleAssignmentStatement, Statement, StringLiteral, StringMethod, capitalize(), join(), print()]"
ps_python_swap,"[AssigningVariable, ManagingVariable, SwappingVariablesValue]","[=, AssignmentStatement, ExpressionStatement, Operator, SimpleAssignmentStatement, Statement]"
ps_python_try_adding,"[Addition, ArithmeticOperation, CallingFunctionLibrary, HandlingError, HandlingFunction, HandlingSpecificError, Printing, Python]","[+, ArithmeticExpression, ArtithmeticOperator, BinaryOperation, BuiltInFunction, Call, DefinitionStatement, Error, ExceptionHandlingStatement, ExpressionStatement, FunctionCall, FunctionDefinition, JumpStatement, Literal, ReturnStatement, Statement, StringLiteral, TryStatement, TypeError, print()]"
ps_python_try_except,"[Addition, ArithmeticOperation, BooleanEvaluating, CallingFunctionLibrary, CallingStandardFunction, CheckingCondition, DefiningStandardFunction, HandlingError, HandlingFloat, HandlingFunction, HandlingSpecificError, HandlingStandardFunction, IfChecking, Multiplication, Printing, Python, TransformingToFloatType]","[*, +, ArithmeticExpression, ArtithmeticOperator, BinaryOperation, BuiltInFunction, Call, ComparisonExpression, ComparisonOperator, ConditionalStatement, DefinitionStatement, Error, ExceptionHandlingStatement, ExpressionStatement, FloatLiteral, FunctionCall, FunctionDefinition, IfStatement, JumpStatement, Less, Literal, LogicalExpression, NumericLiteral, RaiseStatement, ReturnStatement, Statement, StringLiteral, TryStatement, ValueError, print()]"
ps_python_xor,"[BooleanEvaluating, CallingFunctionLibrary, CallingStandardFunction, CheckingCondition, HandlingFunction, HandlingStandardFunction, IfElifElseChecking, Printing, Python]","[==, BooleanExpression, BuiltInFunction, Call, ComparisonExpression, ComparisonOperator, ConditionalStatement, ExpressionStatement, FunctionCall, IfElifElseStatement, IntegerLiteral, LogicalExpression, LogicalOperator, NumericLiteral, Statement, and, print()]"
ps_return_bigger_or_none,"[ArithmeticOperation, BooleanEvaluating, CheckingCondition, DefiningStandardFunction, FindMaximum, HandlingStandardFunction, IfElifChecking, IfElseChecking]","[ArithmeticExpression, BinaryOperation, BooleanExpression, ComparisonExpression, ComparisonOperator, ConditionalStatement, DefinitionStatement, FunctionDefinition, IfElifElseStatement, IfElifStatement, JumpStatement, Larger, Less, Literal, LogicalExpression, NoneLiteral, PassStatement, ReturnStatement]"
ps_simple_function,"[CallingFunctionLibrary, CreatingString, DefiningStandardFunction, HandlingFunction, HandlingStandardFunction, HandlingString, Printing, Python]","[BuiltInFunction, Call, DefinitionStatement, ExpressionStatement, FunctionCall, FunctionDefinition, Literal, Statement, StringLiteral, print()]"
ps_simple_params,"[Addition, ArithmeticOperation, CallingFunctionCallingFunction, CallingFunctionLibrary, CallingStandardFunction, DefiningStandardFunction, HandlingFunction, HandlingFunctionCallingFunction, HandlingStandardFunction, NestedFunctionCall, Printing, Python]","[+, ArithmeticExpression, ArtithmeticOperator, BinaryOperation, BuiltInFunction, Call, DefinitionStatement, ExpressionStatement, FunctionCall, FunctionDefinition, IntegerLiteral, JumpStatement, NumericLiteral, ReturnStatement, Statement, print()]"
py_account2,"[Addition, ArithmeticOperation, AssigningVariable, CallingFunctionLibrary, CallingOOPMethod, CallingStandardFunction, CheckingCondition, Concatenation, CreatingObject, CreatingString, DefiningClass, DefiningOOPMethod, DefiningStandardFunction, FormattingString, HandlingFunction, HandlingObjectOrientedProgramming, HandlingStandardFunction, HandlingString, IfChecking, ManagingVariable, Multiplication, Python, Substraction, UpdatingVariable]","[*, +, -, =, ArithmeticExpression, ArtithmeticOperator, AssignmentStatement, AugmentedAssignmentStatement, BinaryOperation, BooleanExpression, BuiltInFunction, Call, ClassDefinition, ClassMethod, ComparisonExpression, ComparisonOperator, ConditionalStatement, DefinitionStatement, ExpressionStatement, FloatLiteral, FunctionCall, FunctionDefinition, IfStatement, IntegerLiteral, JumpStatement, Larger, LargerOrEqual, Literal, LogicalExpression, LogicalOperator, NumericLiteral, Operator, ReturnStatement, SimpleAssignmentStatement, Statement, StringLiteral, StringMethod, __init()__, and, format(), print(), str()]"
py_adjacent_consecutive,"[ArithmeticOperation, AssigningVariable, BooleanEvaluating, CallingFunctionLibrary, CallingStandardFunction, CheckingCondition, CheckingInWhileLoop, HandlingFunction, HandlingInput, HandlingInteger, HandlingStandardFunction, HandlingString, IfChecking, IfCheckingInWhileLoop, IfElseChecking, ManagingVariable, NonNestedIteration, Printing, Python, SingleWhileLoopIteration, Substraction, TransformingToIntType, TransformingToStringType, UpdatingVariable]","[-, =, ArithmeticExpression, ArtithmeticOperator, AssignmentStatement, BinaryOperation, BooleanExpression, BuiltInFunction, Call, ComparisonExpression, ComparisonOperator, ConditionalStatement, ExpressionStatement, FunctionCall, IfStatement, IntegerLiteral, IterationStatement, Literal, LogicalExpression, NotEqual, NumericLiteral, Operator, SimpleAssignmentStatement, Statement, StringLiteral, WhileStatement, input(), int(), print()]"
py_adjacent_greater,"[AssigningVariable, BooleanEvaluating, CallingFunctionLibrary, CallingStandardFunction, CheckingCondition, CheckingInWhileLoop, HandlingFloat, HandlingFunction, HandlingInput, HandlingStandardFunction, IfChecking, IfCheckingInWhileLoop, IfElseChecking, ManagingVariable, NestedFunctionCall, NonNestedIteration, Printing, Python, SingleWhileLoopIteration, TransformingToFloatType, UpdatingVariable]","[=, ArithmeticExpression, AssignmentStatement, BinaryOperation, BooleanExpression, BuiltInFunction, Call, ComparisonExpression, ComparisonOperator, ConditionalStatement, ExpressionStatement, FloatLiteral, FunctionCall, IfStatement, IterationStatement, Larger, Literal, LogicalExpression, LogicalOperator, NotEqual, NumericLiteral, Operator, SimpleAssignmentStatement, Statement, StringLiteral, WhileStatement, and, float(), input(), print()]"
py_average_even_nums,"[Addition, ArithmeticOperation, AssigningVariable, BooleanEvaluating, CallingFunctionLibrary, CallingStandardFunction, CheckingCondition, CheckingInWhileLoop, Division, FindRemainder, HandlingFunction, HandlingInput, HandlingInteger, HandlingStandardFunction, IfChecking, IfCheckingInWhileLoop, IfElseChecking, ManagingVariable, NonNestedIteration, Printing, Python, SingleWhileLoopIteration, TransformingToIntType, UpdatingVariable, WhileLoopWith+=, WhileLoopWithUpdate]","[+, /, =, ArithmeticExpression, ArtithmeticOperator, AssignmentStatement, AugmentedAssignmentStatement, BinaryOperation, BooleanExpression, BuiltInFunction, Call, ComparisonExpression, ComparisonOperator, ConditionalStatement, ExpressionStatement, FunctionCall, IfElseStatement, IfStatement, IntegerLiteral, IterationStatement, Literal, LogicalExpression, Modulus, NotEqual, NumericLiteral, Operator, SimpleAssignmentStatement, Statement, StringLiteral, WhileStatement, input(), int(), print()]"
py_average_float,"[Addition, ArithmeticOperation, AssigningVariable, BooleanEvaluating, CallingFunctionLibrary, CallingStandardFunction, CheckingCondition, CreatingString, Division, HandlingFloat, HandlingFunction, HandlingInput, HandlingStandardFunction, HandlingString, IfChecking, IfElseChecking, ManagingVariable, NonNestedIteration, Printing, Python, SingleWhileLoopIteration, TransformingToFloatType, UpdatingVariable, WhileLoopWith+=, WhileLoopWithUpdate]","[+, /, =, ==, ArithmeticExpression, ArtithmeticOperator, AssignmentStatement, AugmentedAssignmentStatement, BinaryOperation, BooleanExpression, BuiltInFunction, Call, ComparisonExpression, ComparisonOperator, ConditionalStatement, ExpressionStatement, FloatLiteral, FunctionCall, IfElseStatement, IntegerLiteral, IterationStatement, LargerOrEqual, Literal, LogicalExpression, NumericLiteral, Operator, SimpleAssignmentStatement, Statement, StringLiteral, WhileStatement, float(), input(), print()]"
py_average_list_elements,"[Addition, ArithmeticOperation, AssigningVariable, BooleanEvaluating, CallingFunctionLibrary, CheckingCondition, CreatingList, Division, FindingLength, ForLoopWith+=, ForLoopWithUpdate, HandlingFloat, HandlingFunction, HandlingList, IfElseChecking, ManagingVariable, NonNestedIteration, Printing, Python, SingleForLoopIteration, TransformingToFloatType, UpdatingVariable]","[+, /, =, ==, ArithmeticExpression, ArtithmeticOperator, AssignmentStatement, AugmentedAssignmentStatement, BinaryOperation, BooleanExpression, BuiltInFunction, Call, ComparisonExpression, ComparisonOperator, ConditionalStatement, DefinitionStatement, ExpressionStatement, ForStatement, FunctionCall, FunctionDefinition, IfElseStatement, IntegerLiteral, IterationStatement, ListLiteral, Literal, LiteralCollection, LogicalExpression, MembershipOperator, NumericLiteral, Operator, SimpleAssignmentStatement, Statement, StringLiteral, in, len(), print()]"
py_bmi_calculator,"[ArithmeticOperation, AssigningVariable, CallingFunctionLibrary, CallingStandardFunction, CreatingString, Division, HandlingFloat, HandlingFunction, HandlingInput, HandlingInteger, HandlingStandardFunction, HandlingString, ManagingVariable, Multiplication, Power, Printing, Python, TransformingToFloatType, TransformingToIntType]","[*, **, /, =, ArithmeticExpression, ArtithmeticOperator, AssignmentStatement, BinaryOperation, BuiltInFunction, Call, ExpressionStatement, FloatLiteral, FunctionCall, Literal, NumericLiteral, Operator, SimpleAssignmentStatement, Statement, StringLiteral, float(), input(), print()]"
py_bmi_calculator2,"[ArithmeticOperation, AssigningVariable, CallingFunctionLibrary, CallingStandardFunction, CreatingString, Division, HandlingFloat, HandlingFunction, HandlingInput, HandlingInteger, HandlingStandardFunction, HandlingString, ManagingVariable, Multiplication, Power, Printing, Python, Round, TransformingToFloatType, TransformingToIntType, UpdatingVariable]","[*, **, /, =, ArithmeticExpression, ArtithmeticOperator, AssignmentStatement, BinaryOperation, BuiltInFunction, Call, ExpressionStatement, FunctionCall, IntegerLiteral, Literal, NumericLiteral, Operator, SimpleAssignmentStatement, Statement, StringLiteral, float(), input(), print(), round()]"
py_boolean_dry_hot,"[AssigningVariable, BooleanEvaluating, CallingFunctionLibrary, CheckingCondition, HandlingFunction, HandlingInput, HandlingInteger, IfElseChecking, ManagingVariable, NestedFunctionCall, Printing, Python, TransformingToIntType, UpdatingVariable]","[=, ==, AssignmentStatement, BooleanExpression, BooleanLiteral, BuiltInFunction, Call, ComparisonExpression, ComparisonOperator, ConditionalStatement, ExpressionStatement, FunctionCall, IfElseStatement, IntegerLiteral, Literal, LogicalExpression, LogicalOperator, NumericLiteral, Operator, SimpleAssignmentStatement, Statement, StringLiteral, and, input(), int(), print()]"
py_boolean_dry_hot2,"[AssigningVariable, BooleanEvaluating, CallingFunctionLibrary, CheckingCondition, CreatingString, HandlingFloat, HandlingFunction, HandlingInput, HandlingInteger, HandlingString, IfChecking, IfElseChecking, ManagingVariable, Printing, Python, TransformingToFloatType, TransformingToIntType, UpdatingVariable]","[=, ==, AssignmentStatement, BooleanExpression, BooleanLiteral, BuiltInFunction, Call, ComparisonExpression, ComparisonOperator, ConditionalStatement, ExpressionStatement, FunctionCall, IfElseStatement, IntegerLiteral, Literal, LogicalExpression, LogicalOperator, NumericLiteral, Operator, SimpleAssignmentStatement, Statement, StringLiteral, input(), int(), or, print()]"
py_boolean_dry_hot3,"[AssigningVariable, BooleanEvaluating, CallingFunctionLibrary, CheckingCondition, CreatingString, HandlingFunction, HandlingInput, HandlingInteger, HandlingString, IfElseChecking, ManagingVariable, NestedFunctionCall, Printing, Python, TransformingToIntType, TransformingToStringType, UpdatingVariable]","[=, ==, AssignmentStatement, BooleanExpression, BooleanLiteral, BuiltInFunction, Call, ComparisonExpression, ComparisonOperator, ConditionalStatement, ExpressionStatement, FunctionCall, IfElseStatement, IntegerLiteral, Literal, LogicalExpression, LogicalOperator, NumericLiteral, Operator, SimpleAssignmentStatement, Statement, StringLiteral, and, input(), int(), not, print()]"
py_boolean_dry_hot4,"[AssigningVariable, BooleanEvaluating, CallingFunctionLibrary, CheckingCondition, CreatingString, HandlingFunction, HandlingInput, HandlingInteger, HandlingString, IfChecking, IfElseChecking, ManagingVariable, Printing, Python, TransformingToIntType, UpdatingVariable]","[=, ==, AssignmentStatement, BooleanExpression, BooleanLiteral, BuiltInFunction, Call, ComparisonExpression, ComparisonOperator, ConditionalStatement, ExpressionStatement, FunctionCall, IfElseStatement, IntegerLiteral, Literal, LogicalExpression, LogicalOperator, NumericLiteral, Operator, SimpleAssignmentStatement, Statement, StringLiteral, and, input(), int(), not, or, print()]"
py_char_dict,"[AccessingDictionary, AddingItemToDictionary, Addition, ArithmeticOperation, AssigningVariable, CallingFunctionLibrary, CallingStandardFunction, CheckingCondition, CheckingForItem, CheckingInForLoop, CreatingDictionary, CreatingString, DefiningStandardFunction, ForLoopWith+=, ForLoopWithUpdate, HandlingDictionary, HandlingFunction, HandlingInput, HandlingStandardFunction, HandlingString, IfElseChecking, IfElseCheckingInForLoop, IndexingDictionary, IndexingString, ManagingVariable, NonNestedIteration, Printing, Python, ReplacingDictionaryElement, SingleForLoopIteration, UpdatingVariable]","[+, =, ArithmeticExpression, ArtithmeticOperator, AssignmentStatement, AugmentedAssignmentStatement, BinaryOperation, BooleanExpression, BuiltInFunction, Call, ComparisonExpression, ConditionalStatement, DefinitionStatement, DictLiteral, DictionaryMethod, ExpressionStatement, ForStatement, FunctionCall, FunctionDefinition, IfElseStatement, IfStatement, IndexingExpression, IntegerLiteral, IterationStatement, Literal, LiteralCollection, LogicalExpression, MembershipOperator, NumericLiteral, Operator, SimpleAssignmentStatement, Statement, StringLiteral, SubscriptExpression, in, input(), keys(), print(), str()]"
py_check_adjacent,"[AssigningVariable, BooleanEvaluating, CallingFunctionLibrary, CallingStandardFunction, CheckingCondition, CheckingInWhileLoop, HandlingFloat, HandlingFunction, HandlingInput, HandlingStandardFunction, IfChecking, IfCheckingInWhileLoop, IfElseChecking, ManagingVariable, NonNestedIteration, Printing, Python, SingleWhileLoopIteration, TransformingToFloatType, UpdatingVariable]","[=, ==, ArithmeticExpression, AssignmentStatement, BinaryOperation, BooleanExpression, BuiltInFunction, Call, ComparisonExpression, ComparisonOperator, ConditionalStatement, ExpressionStatement, FloatLiteral, FunctionCall, IfStatement, IterationStatement, Literal, LogicalExpression, NotEqual, NumericLiteral, Operator, SimpleAssignmentStatement, Statement, StringLiteral, WhileStatement, float(), input(), print()]"
py_check_age,"[AssigningVariable, BooleanEvaluating, CallingFunctionLibrary, CallingOOPMethod, CallingStandardFunction, CheckingCondition, Concatenation, CreatingList, CreatingString, DefiningStandardFunction, HandlingError, HandlingFunction, HandlingInput, HandlingInteger, HandlingList, HandlingObjectOrientedProgramming, HandlingSpecificError, HandlingStandardFunction, HandlingString, IfElseChecking, IndexingList, IndexingString, ManagingVariable, NestedFunctionCall, Printing, Python, SplittingString, TransformingToIntType]","[+, =, ArithmeticExpression, ArtithmeticOperator, AssignmentStatement, BinaryOperation, BooleanExpression, BuiltInFunction, Call, ComparisonExpression, ComparisonOperator, ConditionalStatement, DefinitionStatement, Error, ExceptionHandlingStatement, ExpressionStatement, FunctionCall, FunctionDefinition, IfElseStatement, IfStatement, IndexError, IndexingExpression, IntegerLiteral, LargerOrEqual, LessOrEqual, ListLiteral, Literal, LiteralCollection, LogicalExpression, LogicalOperator, NumericLiteral, Operator, SimpleAssignmentStatement, Statement, StringLiteral, StringMethod, SubscriptExpression, TryStatement, ValueError, and, input(), int(), print(), split()]"
py_check_age2,"[AssigningVariable, BooleanEvaluating, CallingFunctionLibrary, CallingStandardFunction, CheckingCondition, CheckingInWhileLoop, Concatenation, CreatingList, DefiningStandardFunction, HandlingError, HandlingFunction, HandlingInput, HandlingInteger, HandlingList, HandlingSpecificError, HandlingStandardFunction, HandlingString, IfElseChecking, IfElseCheckingInWhileLoop, IndexingList, IndexingString, ManagingVariable, NonNestedIteration, Printing, Python, SingleWhileLoopIteration, SplittingString, TransformingToIntType, UpdatingVariable, WhileLoopWithListIndexing, WhileLoopWithUpdate]","[+, =, ArithmeticExpression, ArtithmeticOperator, AssignmentStatement, BinaryOperation, BooleanExpression, BooleanLiteral, BuiltInFunction, Call, ComparisonExpression, ComparisonOperator, ConditionalStatement, DefinitionStatement, Error, ExceptionHandlingStatement, ExpressionStatement, FunctionCall, FunctionDefinition, IfElseStatement, IndexError, IndexingExpression, IntegerLiteral, IterationStatement, LargerOrEqual, LessOrEqual, ListLiteral, Literal, LiteralCollection, LogicalExpression, LogicalOperator, NumericLiteral, Operator, SimpleAssignmentStatement, Statement, StringLiteral, StringMethod, SubscriptExpression, TryStatement, ValueError, WhileStatement, and, input(), int(), print(), split()]"
py_check_product_code,"[Addition, ArithmeticOperation, AssigningVariable, BooleanEvaluating, CallingFunctionLibrary, CallingStandardFunction, CheckingCondition, CheckingInWhileLoop, DefiningStandardFunction, HandlingError, HandlingFunction, HandlingInput, HandlingSpecificError, HandlingStandardFunction, HandlingString, HandlingTuple, IfCheckingInWhileLoop, IndexingString, IndexingTuple, ManagingVariable, NonNestedIteration, Printing, Python, SingleWhileLoopIteration, UpdatingVariable, WhileLoopWith+=, WhileLoopWithListIndexing, WhileLoopWithUpdate]","[+, =, ==, ArithmeticExpression, ArtithmeticOperator, AssignmentStatement, AugmentedAssignmentStatement, BinaryOperation, BooleanExpression, BuiltInFunction, Call, ComparisonExpression, ComparisonOperator, ConditionalStatement, DefinitionStatement, Error, ExceptionHandlingStatement, ExpressionStatement, FunctionCall, FunctionDefinition, IfStatement, IndexError, IndexingExpression, IntegerLiteral, IterationStatement, Literal, LogicalExpression, NotEqual, NumericLiteral, Operator, SimpleAssignmentStatement, Statement, StringLiteral, SubscriptExpression, TryStatement, WhileStatement, input(), print()]"
py_check_product_code2,"[Addition, ArithmeticOperation, AssigningVariable, BooleanEvaluating, CallingFunctionLibrary, CallingStandardFunction, CheckingCondition, CheckingInWhileLoop, CreatingString, DefiningStandardFunction, HandlingError, HandlingFunction, HandlingInput, HandlingInteger, HandlingSpecificError, HandlingStandardFunction, HandlingString, HandlingTuple, IfChecking, IfCheckingInWhileLoop, IfElseChecking, IndexingString, IndexingTuple, ManagingVariable, NestedFunctionCall, NonNestedIteration, Printing, Python, SingleWhileLoopIteration, SlicingString, SlicingTuple, TransformingToIntType, UpdatingVariable, WhileLoopWith+=, WhileLoopWithListIndexing, WhileLoopWithUpdate]","[+, =, ==, ArithmeticExpression, ArtithmeticOperator, AssignmentStatement, AugmentedAssignmentStatement, BinaryOperation, BooleanExpression, BuiltInFunction, Call, ComparisonExpression, ComparisonOperator, ConditionalStatement, DefinitionStatement, Error, ExceptionHandlingStatement, ExpressionStatement, FunctionCall, FunctionDefinition, IfStatement, IndexError, IndexingExpression, IntegerLiteral, IterationStatement, LargerOrEqual, Literal, LogicalExpression, LogicalOperator, NotEqual, NumericLiteral, Operator, SimpleAssignmentStatement, SlicingExpression, Statement, StringLiteral, SubscriptExpression, TryStatement, ValueError, WhileStatement, and, input(), int(), print()]"
py_concat_char_two_str,"[Addition, ArithmeticOperation, CallingFunctionCallingFunction, CallingFunctionLibrary, CallingStandardFunction, Concatenation, CreatingString, DefiningStandardFunction, HandlingFunction, HandlingFunctionCallingFunction, HandlingStandardFunction, HandlingString, IndexingString, Printing, Python, SlicingString, TrimmingString]","[+, ArithmeticExpression, ArtithmeticOperator, BinaryOperation, BuiltInFunction, Call, DefinitionStatement, ExpressionStatement, FunctionCall, FunctionDefinition, JumpStatement, Literal, ReturnStatement, SlicingExpression, Statement, StringLiteral, SubscriptExpression, print()]"
py_concat_char_two_str2,"[Addition, ArithmeticOperation, AssigningVariable, CallingFunctionLibrary, CallingStandardFunction, Concatenation, CreatingString, DefiningStandardFunction, HandlingFunction, HandlingStandardFunction, HandlingString, IndexingString, ManagingVariable, Printing, Python, SlicingString, SplittingString, SwappingVariablesValue]","[+, =, ArithmeticExpression, ArtithmeticOperator, AssignmentStatement, BinaryOperation, BuiltInFunction, Call, DefinitionStatement, ExpressionStatement, FunctionCall, FunctionDefinition, JumpStatement, Literal, Operator, ReturnStatement, SimpleAssignmentStatement, SlicingExpression, Statement, StringLiteral, SubscriptExpression, print(), str()]"
py_concat_str_num,"[Addition, ArithmeticOperation, AssigningVariable, CallingFunctionCallingFunction, CallingFunctionLibrary, CallingStandardFunction, Concatenation, CreatingString, HandlingFunction, HandlingFunctionCallingFunction, HandlingInteger, HandlingStandardFunction, HandlingString, ManagingVariable, NestedFunctionCall, Printing, Python, TransformingToIntType, TransformingToStringType]","[+, =, ArithmeticExpression, ArtithmeticOperator, AssignmentStatement, BinaryOperation, BuiltInFunction, Call, ExpressionStatement, FunctionCall, IntegerLiteral, Literal, NumericLiteral, Operator, SimpleAssignmentStatement, Statement, StringLiteral, print(), str()]"
py_concat_str_num2,"[ArithmeticOperation, AssigningVariable, CallingFunctionLibrary, CallingStandardFunction, Concatenation, CreatingString, HandlingFunction, HandlingInteger, HandlingStandardFunction, HandlingString, ManagingVariable, Multiplication, NestedFunctionCall, Printing, Python, TransformingToIntType, TransformingToStringType]","[*, +, =, ArithmeticExpression, ArtithmeticOperator, AssignmentStatement, BinaryOperation, BuiltInFunction, Call, ExpressionStatement, FunctionCall, IntegerLiteral, Literal, NumericLiteral, Operator, SimpleAssignmentStatement, Statement, StringLiteral, print(), str()]"
py_concat_string_num3,"[Addition, ArithmeticOperation, AssigningVariable, CallingFunctionCallingFunction, CallingFunctionLibrary, CallingStandardFunction, Concatenation, CreatingString, HandlingFunction, HandlingFunctionCallingFunction, HandlingStandardFunction, HandlingString, ManagingVariable, NestedFunctionCall, Printing, Python, TransformingToStringType]","[+, =, ArithmeticExpression, ArtithmeticOperator, AssignmentStatement, BinaryOperation, BuiltInFunction, Call, ExpressionStatement, FunctionCall, IntegerLiteral, Literal, NumericLiteral, Operator, SimpleAssignmentStatement, Statement, StringLiteral, print(), str()]"
py_digits,"[ArithmeticOperation, AssigningVariable, BooleanEvaluating, CallingFunctionLibrary, CallingStandardFunction, CheckingCondition, Division, FindRemainder, HandlingFunction, HandlingStandardFunction, ManagingVariable, NonNestedIteration, Printing, Python, SingleWhileLoopIteration, UpdatingVariable]","[//, =, ArithmeticExpression, ArtithmeticOperator, AssignmentStatement, BinaryOperation, BooleanExpression, BuiltInFunction, Call, ComparisonExpression, ComparisonOperator, ExpressionStatement, FunctionCall, IntegerLiteral, IterationStatement, Larger, LogicalExpression, Modulus, NumericLiteral, Operator, SimpleAssignmentStatement, Statement, WhileStatement, print()]"
py_display_time2,"[ArithmeticOperation, AssigningVariable, CallingFunctionLibrary, CallingStandardFunction, Concatenation, Division, FindRemainder, HandlingFunction, HandlingInput, HandlingInteger, HandlingStandardFunction, ManagingVariable, Printing, Python, TransformingToIntType]","[//, =, ArithmeticExpression, ArtithmeticOperator, AssignmentStatement, BinaryOperation, BuiltInFunction, Call, ExpressionStatement, FunctionCall, IntegerLiteral, Literal, Modulus, NumericLiteral, Operator, SimpleAssignmentStatement, Statement, StringLiteral, input(), int(), print()]"
py_divisor,"[Addition, ArithmeticOperation, AssigningVariable, BooleanEvaluating, CallingFunctionLibrary, CallingStandardFunction, CheckingCondition, FindRemainder, HandlingFunction, HandlingStandardFunction, ManagingVariable, NonNestedIteration, Printing, Python, SingleWhileLoopIteration, UpdatingVariable, WhileLoopWith+=, WhileLoopWithUpdate]","[+, =, ArithmeticExpression, ArtithmeticOperator, AssignmentStatement, AugmentedAssignmentStatement, BinaryOperation, BooleanExpression, BuiltInFunction, Call, ComparisonExpression, ComparisonOperator, ExpressionStatement, FunctionCall, IntegerLiteral, IterationStatement, Literal, LogicalExpression, Modulus, NotEqual, NumericLiteral, Operator, SimpleAssignmentStatement, Statement, StringLiteral, WhileStatement, print()]"
py_f_to_c_conversion,"[Addition, ArithmeticOperation, AssigningVariable, CallingFunctionLibrary, CallingStandardFunction, CreatingString, Division, HandlingFloat, HandlingFunction, HandlingInput, HandlingInteger, HandlingStandardFunction, HandlingString, ManagingVariable, Multiplication, Printing, Python, TransformingToFloatType, TransformingToIntType, TransformingToStringType]","[*, +, /, =, ArithmeticExpression, ArtithmeticOperator, AssignmentStatement, BinaryOperation, BuiltInFunction, Call, ExpressionStatement, FloatLiteral, FunctionCall, IntegerLiteral, Literal, NumericLiteral, Operator, SimpleAssignmentStatement, Statement, StringLiteral, input(), int(), print()]"
py_fahrenheit_to_celsius,"[ArithmeticOperation, AssigningVariable, CallingFunctionLibrary, CallingStandardFunction, CreatingString, Division, HandlingFloat, HandlingFunction, HandlingInput, HandlingInteger, HandlingStandardFunction, HandlingString, ManagingVariable, Multiplication, Printing, Python, Substraction, TransformingToFloatType, TransformingToIntType, TransformingToStringType]","[*, -, /, =, ArithmeticExpression, ArtithmeticOperator, AssignmentStatement, BinaryOperation, BuiltInFunction, Call, ExpressionStatement, FloatLiteral, FunctionCall, IntegerLiteral, Literal, NumericLiteral, Operator, SimpleAssignmentStatement, Statement, StringLiteral, input(), int(), print()]"
py_fail_course,"[AssigningVariable, BooleanEvaluating, CallingFunctionLibrary, CheckingCondition, HandlingFunction, HandlingInput, HandlingInteger, IfElseChecking, ManagingVariable, NestedFunctionCall, Printing, Python, TransformingToIntType]","[=, ==, ArithmeticExpression, AssignmentStatement, BinaryOperation, BooleanExpression, BuiltInFunction, Call, ComparisonExpression, ComparisonOperator, ConditionalStatement, ExpressionStatement, FunctionCall, IfElseStatement, IntegerLiteral, Larger, Less, Literal, LogicalExpression, LogicalOperator, NumericLiteral, Operator, SimpleAssignmentStatement, Statement, StringLiteral, input(), int(), or, print()]"
py_fail_course2,"[AssigningVariable, BooleanEvaluating, CallingFunctionLibrary, CallingStandardFunction, CheckingCondition, CreatingString, HandlingFunction, HandlingInput, HandlingInteger, HandlingStandardFunction, HandlingString, IfElseChecking, ManagingVariable, Printing, Python, TransformingToIntType]","[=, ==, ArithmeticExpression, AssignmentStatement, BinaryOperation, BooleanExpression, BooleanLiteral, BuiltInFunction, Call, ComparisonExpression, ComparisonOperator, ConditionalStatement, ExpressionStatement, FunctionCall, IfElseStatement, IfStatement, IntegerLiteral, Less, Literal, LogicalExpression, LogicalOperator, NumericLiteral, Operator, SimpleAssignmentStatement, Statement, StringLiteral, input(), int(), or, print()]"
py_fail_course3,"[ArithmeticOperation, AssigningVariable, BooleanEvaluating, CallingFunctionLibrary, CallingStandardFunction, CheckingCondition, FindMaximum, HandlingFunction, HandlingInput, HandlingInteger, HandlingStandardFunction, IfElseChecking, ManagingVariable, Printing, Python, TransformingToIntType]","[=, ==, ArithmeticExpression, AssignmentStatement, BinaryOperation, BooleanExpression, BooleanLiteral, BuiltInFunction, Call, ComparisonExpression, ComparisonOperator, ConditionalStatement, ExpressionStatement, FunctionCall, IfElseStatement, IntegerLiteral, Larger, Literal, LogicalExpression, LogicalOperator, NumericLiteral, Operator, SimpleAssignmentStatement, Statement, StringLiteral, UnaryOperation, input(), int(), not, print()]"
py_file_input_stat,"[Addition, ArithmeticOperation, AssigningVariable, BooleanEvaluating, CallingFunctionLibrary, CallingOOPMethod, CheckingCondition, CheckingInForLoop, ClosingFile, Concatenation, DefiningStandardFunction, FindMaximum, FindingLength, ForLoopWith+=, ForLoopWithUpdate, HandlingError, HandlingFile, HandlingFunction, HandlingObjectOrientedProgramming, HandlingSpecificError, HandlingStandardFunction, HandlingString, IfCheckingInForLoop, ManagingVariable, NestedForLoopIteration, NestedFunctionCall, NestedIfChecking, NestedLoopIteration, OpeningFile, Printing, Python, ReadingLine, SplittingString, UpdatingVariable]","[+, =, ArithmeticExpression, ArtithmeticOperator, AssignmentStatement, AugmentedAssignmentStatement, BinaryOperation, BooleanExpression, BuiltInFunction, Call, ComparisonExpression, ComparisonOperator, ConditionalStatement, DefinitionStatement, Error, ExceptionHandlingStatement, ExpressionStatement, FileMethod, FileNotFoundError, ForStatement, FunctionCall, FunctionDefinition, IOError, IfStatement, IntegerLiteral, IterationStatement, Larger, Literal, LogicalExpression, NumericLiteral, Operator, RaiseStatement, SimpleAssignmentStatement, Statement, StringLiteral, StringMethod, TryStatement, close(), len(), open(), print(), split(), str()]"
py_find_average,"[Addition, ArithmeticOperation, AssigningVariable, BooleanEvaluating, CallingFunctionLibrary, CheckingCondition, CreatingString, Division, HandlingFloat, HandlingFunction, HandlingInput, HandlingInteger, HandlingString, IfChecking, IfElseChecking, ManagingVariable, NestedFunctionCall, NonNestedIteration, Printing, Python, SingleWhileLoopIteration, TransformingToFloatType, TransformingToIntType, UpdatingVariable, WhileLoopWith+=, WhileLoopWithUpdate]","[+, /, =, ==, ArithmeticExpression, ArtithmeticOperator, AssignmentStatement, AugmentedAssignmentStatement, BinaryOperation, BuiltInFunction, Call, ComparisonExpression, ComparisonOperator, ConditionalStatement, ExpressionStatement, FloatLiteral, FunctionCall, IfElseStatement, IfStatement, IntegerLiteral, IterationStatement, Literal, LogicalExpression, NotEqual, NumericLiteral, Operator, SimpleAssignmentStatement, Statement, StringLiteral, WhileStatement, input(), int(), print()]"
py_first_char_words_dict,"[AccessingDictionary, AddingItemToDictionary, AssigningVariable, BooleanEvaluating, CallingFunctionLibrary, CallingOOPMethod, CallingStandardFunction, CheckingCondition, CheckingForItem, CheckingInForLoop, ConvertStringToLowerCase, CreatingDictionary, CreatingList, CreatingString, DefiningStandardFunction, HandlingDictionary, HandlingFunction, HandlingInput, HandlingList, HandlingObjectOrientedProgramming, HandlingStandardFunction, HandlingString, HandlingTuple, IfChecking, IfCheckingInForLoop, IfElseChecking, IfElseCheckingInForLoop, IndexingDictionary, IndexingList, IndexingString, IndexingTuple, ManagingVariable, ModifyingStringCase, NestedIfChecking, NonNestedIteration, Printing, Python, ReplacingStringContent, SingleForLoopIteration, SlicingTuple, SplittingString, TransformingToStringType, UpdatingVariable]","[=, AssignmentStatement, BooleanExpression, BuiltInFunction, Call, ComparisonExpression, ConditionalStatement, DefinitionStatement, DictLiteral, ExpressionStatement, ForStatement, FunctionCall, FunctionDefinition, IfElseStatement, IfStatement, IndexingExpression, IterationStatement, ListLiteral, ListMethod, Literal, LiteralCollection, LogicalExpression, MembershipOperator, Operator, SimpleAssignmentStatement, Statement, StringLiteral, StringMethod, SubscriptExpression, append(), in, input(), lower(), print(), split(), str()]"
py_if_else_grade,"[AssigningVariable, BooleanEvaluating, CallingFunctionLibrary, CallingStandardFunction, CheckingCondition, CreatingString, HandlingFunction, HandlingInput, HandlingInteger, HandlingStandardFunction, HandlingString, IfElifElseChecking, ManagingVariable, Printing, Python, TransformingToIntType]","[=, ArithmeticExpression, AssignmentStatement, BinaryOperation, BooleanExpression, BuiltInFunction, Call, ComparisonExpression, ComparisonOperator, ConditionalStatement, ExpressionStatement, FunctionCall, IfElifElseStatement, IfElifStatement, IntegerLiteral, LargerOrEqual, Less, Literal, LogicalExpression, NumericLiteral, Operator, SimpleAssignmentStatement, Statement, StringLiteral, input(), int(), print()]"
py_if_else_num,"[AssigningVariable, BooleanEvaluating, CallingFunctionLibrary, CallingStandardFunction, CheckingCondition, HandlingFunction, HandlingInput, HandlingInteger, HandlingStandardFunction, IfElifElseChecking, ManagingVariable, Printing, Python, TransformingToIntType]","[=, ArithmeticExpression, AssignmentStatement, BinaryOperation, BooleanExpression, BuiltInFunction, Call, ComparisonExpression, ComparisonOperator, ConditionalStatement, ExpressionStatement, FunctionCall, IfElifElseStatement, IntegerLiteral, Larger, Less, Literal, LogicalExpression, NumericLiteral, Operator, SimpleAssignmentStatement, Statement, StringLiteral, input(), int(), print()]"
py_if_else_wage,"[Addition, ArithmeticOperation, AssigningVariable, BooleanEvaluating, CallingFunctionLibrary, CallingStandardFunction, CheckingCondition, CreatingString, HandlingFloat, HandlingFunction, HandlingInput, HandlingInteger, HandlingStandardFunction, HandlingString, IfElseChecking, ManagingVariable, Multiplication, Printing, Python, Substraction, TransformingToFloatType, TransformingToIntType]","[*, +, -, =, ArithmeticExpression, ArtithmeticOperator, AssignmentStatement, BinaryOperation, BooleanExpression, BuiltInFunction, Call, ComparisonExpression, ComparisonOperator, ConditionalStatement, ExpressionStatement, FloatLiteral, FunctionCall, IfElseStatement, IntegerLiteral, Larger, Literal, LogicalExpression, NumericLiteral, Operator, SimpleAssignmentStatement, Statement, StringLiteral, input(), int(), print()]"
py_if_else_wage2,"[Addition, ArithmeticOperation, AssigningVariable, BooleanEvaluating, CallingFunctionLibrary, CallingStandardFunction, CheckingCondition, FindMaximum, FindMinimum, HandlingFloat, HandlingFunction, HandlingInput, HandlingInteger, HandlingStandardFunction, IfElseChecking, ManagingVariable, Multiplication, NestedFunctionCall, Printing, Python, Substraction, TransformingToFloatType, TransformingToIntType, UpdatingVariable]","[*, +, -, =, ArithmeticExpression, ArtithmeticOperator, AssignmentStatement, AugmentedAssignmentStatement, BinaryOperation, BooleanExpression, BuiltInFunction, Call, ComparisonExpression, ComparisonOperator, ConditionalStatement, ExpressionStatement, FloatLiteral, FunctionCall, IfElseStatement, IntegerLiteral, Larger, Less, Literal, LogicalExpression, NumericLiteral, Operator, SimpleAssignmentStatement, Statement, StringLiteral, input(), int(), print()]"
py_ifelse_odd_even,"[ArithmeticOperation, AssigningVariable, BooleanEvaluating, CallingFunctionLibrary, CallingStandardFunction, CheckingCondition, CreatingString, FindRemainder, HandlingFunction, HandlingInput, HandlingInteger, HandlingStandardFunction, HandlingString, IfElseChecking, ManagingVariable, Printing, Python, TransformingToIntType]","[=, ==, ArithmeticExpression, ArtithmeticOperator, AssignmentStatement, BinaryOperation, BooleanExpression, BuiltInFunction, Call, ComparisonExpression, ComparisonOperator, ConditionalStatement, ExpressionStatement, FunctionCall, IfElseStatement, IntegerLiteral, Literal, LogicalExpression, Modulus, NumericLiteral, Operator, SimpleAssignmentStatement, Statement, StringLiteral, input(), int(), print()]"
py_ifelseif_grade2,"[AssigningVariable, BooleanEvaluating, CallingFunctionLibrary, CallingStandardFunction, CheckingCondition, HandlingFunction, HandlingInput, HandlingStandardFunction, IfElifElseChecking, ManagingVariable, Printing, Python]","[=, ==, AssignmentStatement, BooleanExpression, BuiltInFunction, Call, ComparisonExpression, ComparisonOperator, ConditionalStatement, ExpressionStatement, FunctionCall, IfElifElseStatement, Literal, LogicalExpression, Operator, SimpleAssignmentStatement, Statement, StringLiteral, input(), print()]"
py_input,"[AssigningVariable, BooleanEvaluating, CallingFunctionLibrary, CallingStandardFunction, CheckingCondition, CreatingString, HandlingFunction, HandlingInput, HandlingInteger, HandlingStandardFunction, HandlingString, ManagingVariable, NonNestedIteration, Printing, Python, SingleWhileLoopIteration, TransformingToIntType, UpdatingVariable]","[=, ArithmeticExpression, AssignmentStatement, BinaryOperation, BooleanExpression, BuiltInFunction, Call, ComparisonExpression, ComparisonOperator, ExpressionStatement, FunctionCall, IntegerLiteral, IterationStatement, LargerOrEqual, Literal, LogicalExpression, NumericLiteral, Operator, SimpleAssignmentStatement, Statement, StringLiteral, WhileStatement, input(), int(), print()]"
py_input2,"[AssigningVariable, BooleanEvaluating, CallingFunctionLibrary, CallingStandardFunction, CheckingCondition, HandlingFunction, HandlingInput, HandlingInteger, HandlingStandardFunction, ManagingVariable, NestedFunctionCall, NonNestedIteration, Printing, Python, SingleWhileLoopIteration, TransformingToIntType, UpdatingVariable]","[=, ArithmeticExpression, AssignmentStatement, BinaryOperation, BooleanExpression, BuiltInFunction, Call, ComparisonExpression, ComparisonOperator, FunctionCall, IntegerLiteral, LargerOrEqual, LessOrEqual, Literal, LogicalExpression, NumericLiteral, Operator, SimpleAssignmentStatement, StringLiteral, input(), int(), print()]"
py_input3,"[AssigningVariable, BooleanEvaluating, CallingFunctionLibrary, CallingStandardFunction, CheckingCondition, CreatingString, HandlingFunction, HandlingInput, HandlingInteger, HandlingStandardFunction, HandlingString, ManagingVariable, NonNestedIteration, Printing, Python, SingleWhileLoopIteration, TransformingToIntType, TransformingToStringType, UpdatingVariable]","[=, ArithmeticExpression, AssignmentStatement, BinaryOperation, BooleanExpression, BuiltInFunction, Call, ComparisonExpression, ComparisonOperator, ExpressionStatement, FunctionCall, IntegerLiteral, IterationStatement, LargerOrEqual, LessOrEqual, Literal, LogicalExpression, LogicalOperator, NumericLiteral, Operator, SimpleAssignmentStatement, Statement, StringLiteral, WhileStatement, and, input(), int(), print()]"
py_input4,"[ArithmeticOperation, AssigningVariable, BooleanEvaluating, CallingFunctionLibrary, CallingStandardFunction, CheckingCondition, FindRemainder, HandlingFunction, HandlingInput, HandlingInteger, HandlingStandardFunction, HandlingString, ManagingVariable, NonNestedIteration, Printing, Python, SingleWhileLoopIteration, TransformingToIntType, TransformingToStringType, UpdatingVariable]","[=, ArithmeticExpression, ArtithmeticOperator, AssignmentStatement, BinaryOperation, BooleanExpression, BuiltInFunction, Call, ComparisonExpression, ComparisonOperator, ExpressionStatement, FunctionCall, IntegerLiteral, IterationStatement, LargerOrEqual, Literal, LogicalExpression, LogicalOperator, Modulus, NotEqual, NumericLiteral, Operator, SimpleAssignmentStatement, Statement, StringLiteral, WhileStatement, input(), int(), or, print()]"
py_input_stat2,"[Addition, ArithmeticOperation, AssigningVariable, BooleanEvaluating, CallingFunctionLibrary, CallingOOPMethod, CallingStandardFunction, CheckingCondition, CheckingInForLoop, ClosingFile, Concatenation, CreatingString, DefiningStandardFunction, FindMaximum, FindingLength, ForLoopWith+=, ForLoopWithUpdate, HandlingError, HandlingFile, HandlingFunction, HandlingInput, HandlingObjectOrientedProgramming, HandlingSpecificError, HandlingStandardFunction, HandlingString, IfChecking, IfCheckingInForLoop, ManagingVariable, NestedForLoopIteration, NestedFunctionCall, NestedLoopIteration, NonNestedIteration, OpeningFile, Printing, Python, ReadingLine, SingleForLoopIteration, SplittingString, TransformingToStringType, UpdatingVariable]","[+, =, ArithmeticExpression, ArtithmeticOperator, AssignmentStatement, AugmentedAssignmentStatement, BinaryOperation, BooleanExpression, BooleanLiteral, BuiltInFunction, Call, ComparisonExpression, ComparisonOperator, ConditionalStatement, DefinitionStatement, Error, ExceptionHandlingStatement, ExpressionStatement, FileMethod, FileNotFoundError, ForStatement, FunctionCall, FunctionDefinition, IOError, IfStatement, IntegerLiteral, IterationStatement, JumpStatement, Larger, Less, Literal, LogicalExpression, NumericLiteral, Operator, ReturnStatement, SimpleAssignmentStatement, Statement, StringLiteral, StringMethod, TryStatement, WhileStatement, close(), input(), len(), open(), print(), split(), str()]"
py_largest_divisor,"[ArithmeticOperation, AssigningVariable, BooleanEvaluating, CallingStandardFunction, CheckingCondition, FindRemainder, HandlingStandardFunction, ManagingVariable, NonNestedIteration, Printing, Python, SingleWhileLoopIteration, Substraction, UpdatingVariable]","[-, =, ArithmeticExpression, ArtithmeticOperator, AssignmentStatement, AugmentedAssignmentStatement, BinaryOperation, BooleanExpression, BuiltInFunction, Call, ComparisonExpression, ComparisonOperator, ExpressionStatement, FunctionCall, IntegerLiteral, IterationStatement, Literal, LogicalExpression, Modulus, NotEqual, NumericLiteral, Operator, SimpleAssignmentStatement, Statement, StringLiteral, WhileStatement, print()]"
py_list2d_basic,"[AssigningVariable, Create2DArray, CreatingList, HandlingList, Indexing2DArray, IndexingList, ManagingVariable, Printing, Python, ReplacingElement2DArray, ReplacingListElement, TwoDimensionalArrayTask, UpdatingVariable]","[=, AssignmentStatement, BuiltInFunction, Call, ExpressionStatement, FunctionCall, IndexingExpression, IntegerLiteral, ListLiteral, LiteralCollection, NumericLiteral, Operator, SimpleAssignmentStatement, Statement, SubscriptExpression, list(), print()]"
py_list2d_basic2,"[AssigningVariable, CallingFunctionLibrary, CallingStandardFunction, Create2DArray, CreatingList, HandlingFunction, HandlingList, HandlingStandardFunction, HandlingString, Indexing2DArray, IndexingList, IndexingString, ManagingVariable, Printing, Python, ReplacingElement2DArray, ReplacingListElement, TwoDimensionalArrayTask, UpdatingVariable]","[=, AssignmentStatement, BuiltInFunction, Call, ExpressionStatement, FunctionCall, IndexingExpression, IntegerLiteral, ListLiteral, LiteralCollection, NumericLiteral, Operator, SimpleAssignmentStatement, Statement, SubscriptExpression, list(), print()]"
py_list2d_basic3,"[AssigningVariable, CallingFunctionLibrary, CallingStandardFunction, Create2DArray, CreatingList, HandlingFunction, HandlingList, HandlingStandardFunction, HandlingString, Indexing2DArray, IndexingList, IndexingString, ManagingVariable, Printing, Python, ReplacingElement2DArray, ReplacingListElement, TwoDimensionalArrayTask, UpdatingVariable]","[=, AssignmentStatement, BuiltInFunction, Call, ExpressionStatement, FunctionCall, IndexingExpression, IntegerLiteral, ListLiteral, LiteralCollection, NumericLiteral, Operator, SimpleAssignmentStatement, Statement, SubscriptExpression, list(), print()]"
py_list_basic,"[AssigningVariable, CallingFunctionLibrary, CallingStandardFunction, CreatingList, HandlingFunction, HandlingList, HandlingStandardFunction, HandlingString, IndexingList, IndexingString, ManagingVariable, Printing, Python, ReplacingListElement, UpdatingVariable]","[=, AssignmentStatement, BuiltInFunction, Call, ExpressionStatement, FunctionCall, IndexingExpression, IntegerLiteral, ListLiteral, LiteralCollection, NumericLiteral, Operator, SimpleAssignmentStatement, Statement, SubscriptExpression, print()]"
py_list_basic2,"[AssigningVariable, CallingFunctionLibrary, CallingStandardFunction, CreatingList, HandlingFunction, HandlingList, HandlingStandardFunction, HandlingString, IndexingList, IndexingString, ManagingVariable, Printing, Python, ReplacingListElement, UpdatingVariable]","[=, AssignmentStatement, BuiltInFunction, Call, ExpressionStatement, FloatLiteral, FunctionCall, IndexingExpression, ListLiteral, LiteralCollection, NumericLiteral, Operator, SimpleAssignmentStatement, Statement, SubscriptExpression, print()]"
py_list_basic3,"[AssigningVariable, CallingFunctionLibrary, CallingStandardFunction, CreatingList, HandlingFunction, HandlingList, HandlingStandardFunction, HandlingString, IndexingList, IndexingString, ManagingVariable, Printing, Python, ReplacingListElement, UpdatingVariable]","[=, AssignmentStatement, BuiltInFunction, Call, ExpressionStatement, FunctionCall, IndexingExpression, IntegerLiteral, ListLiteral, Literal, LiteralCollection, NumericLiteral, Operator, SimpleAssignmentStatement, Statement, StringLiteral, SubscriptExpression, print(), str()]"
py_list_change,"[Addition, ArithmeticOperation, AssigningVariable, CallingFunctionLibrary, CallingStandardFunction, CreatingList, FindingLength, ForLoopWith+=, ForLoopWithListIndexing, ForLoopWithUpdate, HandlingFunction, HandlingList, HandlingStandardFunction, IndexingList, ManagingVariable, NonNestedIteration, Printing, Python, ReplacingListElement, SingleForLoopIteration, UpdatingVariable]","[+, =, ArithmeticExpression, ArtithmeticOperator, AssignmentStatement, AugmentedAssignmentStatement, BinaryOperation, BuiltInFunction, Call, ExpressionStatement, ForStatement, FunctionCall, IndexingExpression, IntegerLiteral, IterationStatement, ListLiteral, LiteralCollection, NumericLiteral, Operator, SimpleAssignmentStatement, Statement, SubscriptExpression, len(), print(), range()]"
py_list_fill,"[AddingListElement, AddingListElementWithAppend, Addition, ArithmeticOperation, AssigningVariable, CallingFunctionLibrary, CallingOOPMethod, CallingStandardFunction, CreatingList, ForLoopWith+=, ForLoopWithUpdate, HandlingFunction, HandlingList, HandlingObjectOrientedProgramming, HandlingStandardFunction, ManagingVariable, Multiplication, NonNestedIteration, Printing, Python, SingleForLoopIteration, UpdatingVariable]","[*, =, ArithmeticExpression, ArtithmeticOperator, AssignmentStatement, BinaryOperation, BuiltInFunction, Call, ExpressionStatement, ForStatement, FunctionCall, IntegerLiteral, IterationStatement, ListLiteral, ListMethod, LiteralCollection, NumericLiteral, Operator, SimpleAssignmentStatement, Statement, append(), print(), range()]"
py_list_fill_user_input,"[AddingListElement, AddingListElementWithAppend, AssigningVariable, CallingFunctionLibrary, CallingOOPMethod, CallingStandardFunction, CreatingList, CreatingString, HandlingFunction, HandlingInput, HandlingList, HandlingObjectOrientedProgramming, HandlingStandardFunction, HandlingString, ManagingVariable, NonNestedIteration, Printing, Python, SingleForLoopIteration, UpdatingVariable]","[=, AssignmentStatement, BuiltInFunction, Call, ExpressionStatement, ForStatement, FunctionCall, IntegerLiteral, IterationStatement, ListLiteral, ListMethod, Literal, LiteralCollection, NumericLiteral, Operator, SimpleAssignmentStatement, Statement, StringLiteral, append(), input(), print(), range()]"
py_list_min,"[ArithmeticOperation, AssigningVariable, BooleanEvaluating, CallingFunctionLibrary, CallingStandardFunction, CheckingCondition, CheckingInForLoop, CreatingList, FindMinimum, FindingLength, ForLoopWithListIndexing, ForLoopWithUpdate, HandlingFunction, HandlingList, HandlingStandardFunction, HandlingString, IfCheckingInForLoop, IfElseChecking, IndexingList, IndexingString, ManagingVariable, NestedFunctionCall, NonNestedIteration, Printing, Python, SingleForLoopIteration, UpdatingVariable]","[=, ArithmeticExpression, AssignmentStatement, BinaryOperation, BooleanExpression, BuiltInFunction, Call, ComparisonExpression, ComparisonOperator, ConditionalStatement, ExpressionStatement, ForStatement, FunctionCall, IfStatement, IndexingExpression, IntegerLiteral, IterationStatement, Less, ListLiteral, Literal, LiteralCollection, LogicalExpression, NumericLiteral, Operator, SimpleAssignmentStatement, Statement, StringLiteral, SubscriptExpression, len(), list(), print(), range()]"
py_list_min_max,"[ArithmeticOperation, AssigningVariable, BooleanEvaluating, CallingFunctionLibrary, CallingStandardFunction, CheckingCondition, CheckingInForLoop, CreatingList, FindMaximum, FindingLength, ForLoopWithListIndexing, ForLoopWithUpdate, HandlingFunction, HandlingList, HandlingStandardFunction, HandlingString, IfCheckingInForLoop, IfElseChecking, IfElseCheckingInForLoop, IndexingList, IndexingString, ManagingVariable, NestedFunctionCall, NonNestedIteration, Printing, Python, SingleForLoopIteration, UpdatingVariable]","[=, ArithmeticExpression, AssignmentStatement, BinaryOperation, BooleanExpression, BuiltInFunction, Call, ComparisonExpression, ComparisonOperator, ConditionalStatement, ExpressionStatement, ForStatement, FunctionCall, IfStatement, IndexingExpression, IntegerLiteral, IterationStatement, Larger, ListLiteral, Literal, LiteralCollection, LogicalExpression, NumericLiteral, Operator, SimpleAssignmentStatement, Statement, StringLiteral, SubscriptExpression, len(), print(), range()]"
py_list_process_elements,"[Addition, ArithmeticOperation, AssigningVariable, CallingFunctionLibrary, CreatingList, ForLoopWith+=, ForLoopWithUpdate, HandlingFunction, HandlingList, IndexingList, ManagingVariable, NonNestedIteration, Printing, Python, SingleForLoopIteration, UpdatingVariable]","[+, =, ArithmeticExpression, ArtithmeticOperator, AssignmentStatement, AugmentedAssignmentStatement, BinaryOperation, BuiltInFunction, Call, DefinitionStatement, ExpressionStatement, ForStatement, FunctionCall, FunctionDefinition, IntegerLiteral, IterationStatement, ListLiteral, Literal, LiteralCollection, MembershipOperator, NumericLiteral, Operator, SimpleAssignmentStatement, Statement, StringLiteral, in, list(), print()]"
py_list_rotate,"[AssigningVariable, CallingFunctionLibrary, CallingStandardFunction, CreatingList, DefiningStandardFunction, FindingLength, ForLoopWithListIndexing, ForLoopWithUpdate, HandlingFunction, HandlingList, HandlingStandardFunction, HandlingString, IndexingList, IndexingString, ManagingVariable, NonNestedIteration, Printing, Python, ReplacingListElement, SingleForLoopIteration, UpdatingVariable]","[+, -, =, ArithmeticExpression, ArtithmeticOperator, AssignmentStatement, BinaryOperation, BuiltInFunction, Call, DefinitionStatement, ExpressionStatement, ForStatement, FunctionCall, FunctionDefinition, IndexingExpression, IntegerLiteral, IterationStatement, JumpStatement, ListLiteral, Literal, LiteralCollection, NumericLiteral, Operator, ReturnStatement, SimpleAssignmentStatement, Statement, StringLiteral, SubscriptExpression, len(), print(), range()]"
py_list_rotate_left_twice,"[AssigningVariable, CallingFunctionLibrary, CallingStandardFunction, CreatingList, DefiningStandardFunction, FindingLength, ForLoopWithListIndexing, ForLoopWithUpdate, HandlingFunction, HandlingList, HandlingStandardFunction, HandlingString, IndexingList, IndexingString, ManagingVariable, NonNestedIteration, Printing, Python, ReplacingListElement, SingleForLoopIteration, UpdatingVariable]","[+, -, =, ArithmeticExpression, ArtithmeticOperator, AssignmentStatement, BinaryOperation, BuiltInFunction, Call, DefinitionStatement, ExpressionStatement, ForStatement, FunctionCall, FunctionDefinition, IndexingExpression, IntegerLiteral, IterationStatement, JumpStatement, ListLiteral, Literal, LiteralCollection, NumericLiteral, Operator, ReturnStatement, SimpleAssignmentStatement, Statement, StringLiteral, SubscriptExpression, len(), print(), range()]"
py_list_rotate_right,"[ArithmeticOperation, AssigningVariable, CallingFunctionLibrary, CallingStandardFunction, CreatingList, DefiningStandardFunction, FindingLength, ForLoopWithListIndexing, ForLoopWithUpdate, HandlingFunction, HandlingList, HandlingStandardFunction, HandlingString, IndexingList, IndexingString, ManagingVariable, NonNestedIteration, Printing, Python, ReplacingListElement, SingleForLoopIteration, Substraction, UpdatingVariable]","[-, =, ArithmeticExpression, ArtithmeticOperator, AssignmentStatement, BinaryOperation, BuiltInFunction, Call, DefinitionStatement, ExpressionStatement, ForStatement, FunctionCall, FunctionDefinition, IndexingExpression, IntegerLiteral, IterationStatement, JumpStatement, ListLiteral, Literal, LiteralCollection, NumericLiteral, Operator, ReturnStatement, SimpleAssignmentStatement, Statement, StringLiteral, SubscriptExpression, len(), print(), range()]"
py_list_rotate_right_twice,"[ArithmeticOperation, AssigningVariable, CallingFunctionLibrary, CallingStandardFunction, CreatingList, FindingLength, ForLoopWithListIndexing, ForLoopWithUpdate, HandlingFunction, HandlingList, HandlingStandardFunction, HandlingString, IndexingList, IndexingString, ManagingVariable, NonNestedIteration, Printing, Python, ReplacingListElement, SingleForLoopIteration, Substraction, UpdatingVariable]","[-, =, ArithmeticExpression, ArtithmeticOperator, AssignmentStatement, BinaryOperation, BuiltInFunction, Call, DefinitionStatement, ExpressionStatement, ForStatement, FunctionCall, FunctionDefinition, IndexingExpression, IntegerLiteral, IterationStatement, JumpStatement, ListLiteral, Literal, LiteralCollection, NumericLiteral, Operator, ReturnStatement, SimpleAssignmentStatement, Statement, StringLiteral, SubscriptExpression, len(), list(), print(), range()]"
py_list_swap_adjacent_elements,"[Addition, ArithmeticOperation, AssigningVariable, CallingFunctionLibrary, CallingStandardFunction, CreatingList, FindingLength, ForLoopWithListIndexing, ForLoopWithUpdate, HandlingFunction, HandlingList, HandlingStandardFunction, HandlingString, IndexingList, IndexingString, ManagingVariable, NestedFunctionCall, NonNestedIteration, Printing, Python, ReplacingListElement, SingleForLoopIteration, SwappingVariablesValue, UpdatingVariable]","[+, =, ArithmeticExpression, ArtithmeticOperator, AssignmentStatement, BinaryOperation, BuiltInFunction, Call, ExpressionStatement, ForStatement, FunctionCall, IndexingExpression, IntegerLiteral, IterationStatement, ListLiteral, LiteralCollection, MembershipOperator, NumericLiteral, Operator, SimpleAssignmentStatement, Statement, SubscriptExpression, in, len(), print(), range()]"
py_loan2,"[Addition, ArithmeticOperation, AssigningVariable, CallingFunctionCallingFunction, CallingFunctionLibrary, CallingOOPMethod, CallingStandardFunction, CreatingObject, DefiningClass, DefiningFunctionCallingFunction, DefiningOOPMethod, DefiningStandardFunction, Division, FormattingString, HandlingFloat, HandlingFunction, HandlingFunctionCallingFunction, HandlingInput, HandlingInteger, HandlingObjectOrientedProgramming, HandlingStandardFunction, HandlingString, ManagingVariable, Multiplication, NestedFunctionCall, Power, Printing, Python, Substraction, TransformingToFloatType, TransformingToIntType, UpdatingVariable]","[*, **, /, =, ArithmeticExpression, ArtithmeticOperator, AssignmentStatement, BinaryOperation, BuiltInFunction, Call, ClassDefinition, ClassMethod, DefinitionStatement, ExpressionStatement, FloatLiteral, FunctionCall, FunctionDefinition, IntegerLiteral, JumpStatement, Literal, NumericLiteral, Operator, ReturnStatement, SimpleAssignmentStatement, Statement, StringLiteral, StringMethod, __init()__, float(), format(), input(), int(), print()]"
py_nested_if_max_of_three,"[ArithmeticOperation, AssigningVariable, BooleanEvaluating, CallingFunctionLibrary, CallingStandardFunction, CheckingCondition, CreatingString, FindMaximum, HandlingFunction, HandlingInput, HandlingInteger, HandlingStandardFunction, HandlingString, IfElseChecking, ManagingVariable, NestedIfChecking, Printing, Python, TransformingToIntType, TransformingToStringType]","[=, ArithmeticExpression, AssignmentStatement, BinaryOperation, BooleanExpression, BuiltInFunction, Call, ComparisonExpression, ComparisonOperator, ConditionalStatement, ExpressionStatement, FunctionCall, IfElseStatement, Larger, Literal, LogicalExpression, Operator, SimpleAssignmentStatement, Statement, StringLiteral, input(), int(), print()]"
py_nested_if_min_max,"[ArithmeticOperation, AssigningVariable, BooleanEvaluating, CallingFunctionLibrary, CallingStandardFunction, CheckingCondition, CreatingString, FindMinimum, HandlingFunction, HandlingInput, HandlingInteger, HandlingStandardFunction, HandlingString, IfChecking, IfElseChecking, ManagingVariable, NestedIfChecking, Printing, Python, TransformingToIntType]","[=, ArithmeticExpression, AssignmentStatement, BinaryOperation, BooleanExpression, BuiltInFunction, Call, ComparisonExpression, ComparisonOperator, ConditionalStatement, ExpressionStatement, FunctionCall, IfElseStatement, Less, Literal, LogicalExpression, Operator, SimpleAssignmentStatement, Statement, StringLiteral, input(), int(), print()]"
py_nested_if_temperature,"[AssigningVariable, BooleanEvaluating, CallingFunctionLibrary, CallingStandardFunction, CheckingCondition, CreatingString, HandlingFloat, HandlingFunction, HandlingInput, HandlingInteger, HandlingStandardFunction, HandlingString, IfElseChecking, ManagingVariable, NestedIfChecking, Printing, Python, TransformingToFloatType, TransformingToIntType]","[=, ArithmeticExpression, AssignmentStatement, BinaryOperation, BooleanExpression, BuiltInFunction, Call, ComparisonExpression, ComparisonOperator, ConditionalStatement, ExpressionStatement, FunctionCall, IfElseStatement, Larger, Less, Literal, LogicalExpression, Operator, SimpleAssignmentStatement, Statement, StringLiteral, float(), input(), print()]"
py_nested_if_temperature2,"[AssigningVariable, BooleanEvaluating, CallingFunctionLibrary, CallingStandardFunction, CheckingCondition, HandlingFloat, HandlingFunction, HandlingInput, HandlingStandardFunction, IfChecking, IfElifElseChecking, IfElseChecking, ManagingVariable, NestedIfChecking, Printing, Python, TransformingToFloatType]","[=, ArithmeticExpression, AssignmentStatement, BinaryOperation, BooleanExpression, BuiltInFunction, Call, ComparisonExpression, ComparisonOperator, ConditionalStatement, ExpressionStatement, FunctionCall, IfElifElseStatement, IfElifStatement, IfElseStatement, IfStatement, Larger, Less, Literal, LogicalExpression, Operator, SimpleAssignmentStatement, Statement, StringLiteral, float(), input(), print()]"
objects_classes_account,"[Addition, ArithmeticOperation, AssigningVariable, BooleanEvaluating, CallingFunctionLibrary, CallingOOPMethod, CallingStandardFunction, CheckingCondition, CreatingObject, CreatingString, DefiningClass, DefiningOOPMethod, DefiningStandardFunction, FormattingString, HandlingFunction, HandlingObjectOrientedProgramming, HandlingStandardFunction, HandlingString, IfChecking, IfElseChecking, ManagingVariable, Multiplication, NestedFunctionCall, Printing, Python, Substraction, UpdatingVariable]","[*, +, -, =, ArithmeticExpression, ArtithmeticOperator, AssignmentStatement, AugmentedAssignmentStatement, BinaryOperation, BooleanExpression, BuiltInFunction, Call, ClassDefinition, ClassMethod, ComparisonExpression, ComparisonOperator, ConditionalStatement, DefinitionStatement, ExpressionStatement, FloatLiteral, FunctionCall, FunctionDefinition, IfStatement, IntegerLiteral, JumpStatement, Larger, LargerOrEqual, Less, Literal, LogicalExpression, LogicalOperator, NumericLiteral, Operator, ReturnStatement, SimpleAssignmentStatement, Statement, StringLiteral, StringMethod, __init()__, and, format(), print()]"
py_phone_age,"[AssigningVariable, BooleanEvaluating, CallingFunctionLibrary, CallingStandardFunction, CheckingCondition, HandlingFunction, HandlingInput, HandlingInteger, HandlingStandardFunction, IfElseChecking, ManagingVariable, Printing, Python, TransformingToIntType]","[=, ==, ArithmeticExpression, AssignmentStatement, BinaryOperation, BooleanExpression, BooleanLiteral, BuiltInFunction, Call, ComparisonExpression, ComparisonOperator, ConditionalStatement, ExpressionStatement, FunctionCall, IfElseStatement, IntegerLiteral, LargerOrEqual, Literal, LogicalExpression, LogicalOperator, NumericLiteral, Operator, SimpleAssignmentStatement, Statement, StringLiteral, input(), int(), or, print()]"
py_phone_age2,"[AssigningVariable, BooleanEvaluating, CallingFunctionLibrary, CallingStandardFunction, CheckingCondition, CreatingString, HandlingFunction, HandlingInput, HandlingInteger, HandlingStandardFunction, HandlingString, IfElseChecking, ManagingVariable, Printing, Python, TransformingToIntType, UpdatingVariable]","[=, ==, AssignmentStatement, BooleanExpression, BooleanLiteral, BuiltInFunction, Call, ComparisonExpression, ComparisonOperator, ConditionalStatement, ExpressionStatement, FunctionCall, IfElseStatement, IntegerLiteral, Literal, LogicalExpression, LogicalOperator, NumericLiteral, Operator, SimpleAssignmentStatement, Statement, StringLiteral, input(), int(), not, or, print()]"
py_point2,"[Addition, ArithmeticOperation, AssigningVariable, CallingFunctionLibrary, CallingStandardFunction, Concatenation, CreatingObject, DefiningClass, DefiningOOPMethod, DefiningStandardFunction, HandlingFloat, HandlingFunction, HandlingObjectOrientedProgramming, HandlingStandardFunction, HandlingString, ManagingVariable, Multiplication, NestedFunctionCall, Power, Printing, Python, TransformingToFloatType, TransformingToStringType, UpdatingVariable]","[*, **, =, ArithmeticExpression, ArtithmeticOperator, AssignmentStatement, BinaryOperation, BuiltInFunction, Call, ClassDefinition, DefinitionStatement, ExpressionStatement, FloatLiteral, FunctionCall, FunctionDefinition, IntegerLiteral, JumpStatement, Literal, NumericLiteral, Operator, ReturnStatement, SimpleAssignmentStatement, Statement, StringLiteral, UnaryOperation, print(), str()]"
py_print_medals,"[Addition, ArithmeticOperation, AssigningVariable, CallingFunctionLibrary, CallingOOPMethod, CallingStandardFunction, Concatenation, Create2DArray, CreatingList, CreatingString, FindingLength, ForLoopWith+=, ForLoopWithListIndexing, ForLoopWithUpdate, FormattingString, HandlingFunction, HandlingList, HandlingObjectOrientedProgramming, HandlingStandardFunction, HandlingString, Indexing2DArray, IndexingList, IndexingString, ManagingVariable, MixedNestedLoopIteration, NestedForLoopIteration, NestedLoopIteration, Printing, Python, TwoDimensionalArrayTask, UpdatingVariable]","[+, =, ArithmeticExpression, ArtithmeticOperator, AssignmentStatement, AugmentedAssignmentStatement, BinaryOperation, BuiltInFunction, Call, ExpressionStatement, ForStatement, FunctionCall, IndexingExpression, IntegerLiteral, IterationStatement, ListLiteral, Literal, LiteralCollection, NumericLiteral, Operator, SimpleAssignmentStatement, Statement, StringLiteral, StringMethod, SubscriptExpression, format(), len(), list(), print(), range()]"
py_print_medals_row_column_total,"[Addition, ArithmeticOperation, AssigningVariable, CallingFunctionLibrary, CallingOOPMethod, CallingStandardFunction, Concatenation, Create2DArray, CreatingList, CreatingString, FindingLength, ForLoopWith+=, ForLoopWithListIndexing, ForLoopWithUpdate, FormattingString, HandlingFunction, HandlingList, HandlingObjectOrientedProgramming, HandlingStandardFunction, HandlingString, HandlingTuple, Indexing2DArray, IndexingList, IndexingString, IndexingTuple, ManagingVariable, NestedForLoopIteration, NestedFunctionCall, NestedLoopIteration, NonNestedIteration, Printing, Python, ReplacingListElement, SingleForLoopIteration, SlicingTuple, TwoDimensionalArrayTask, UpdatingVariable]","[*, +, =, ArithmeticExpression, ArtithmeticOperator, AssignmentStatement, AugmentedAssignmentStatement, BinaryOperation, BuiltInFunction, Call, ExpressionStatement, ForStatement, FunctionCall, IndexingExpression, IntegerLiteral, IterationStatement, ListLiteral, Literal, LiteralCollection, NumericLiteral, Operator, SimpleAssignmentStatement, Statement, StringLiteral, StringMethod, SubscriptExpression, format(), len(), print(), range()]"
py_pythagorean_theorem,"[Addition, ArithmeticOperation, AssigningVariable, CallingFunctionLibrary, CallingStandardFunction, Concatenation, CreatingString, HandlingFloat, HandlingFunction, HandlingInput, HandlingInteger, HandlingStandardFunction, HandlingString, ManagingVariable, Power, Printing, Python, TransformingToFloatType, TransformingToIntType, TransformingToStringType]","[**, +, =, ArithmeticExpression, ArtithmeticOperator, AssignmentStatement, BinaryOperation, BuiltInFunction, Call, ExpressionStatement, FloatLiteral, FunctionCall, IntegerLiteral, Literal, NumericLiteral, Operator, SimpleAssignmentStatement, Statement, StringLiteral, float(), input(), print()]"
py_pythagorean_theorem2,"[ArithmeticOperation, AssigningVariable, CallingFunctionLibrary, CallingStandardFunction, Concatenation, CreatingString, HandlingFloat, HandlingFunction, HandlingInput, HandlingInteger, HandlingStandardFunction, HandlingString, ManagingVariable, Power, Printing, Python, Substraction, TransformingToFloatType, TransformingToIntType, UpdatingVariable]","[**, -, =, ArithmeticExpression, ArtithmeticOperator, AssignmentStatement, BinaryOperation, BuiltInFunction, Call, ExpressionStatement, FloatLiteral, FunctionCall, IntegerLiteral, Literal, NumericLiteral, Operator, SimpleAssignmentStatement, Statement, StringLiteral, UnaryOperation, float(), input(), print()]"
py_range1_2,"[AssigningVariable, CallingFunctionLibrary, CallingStandardFunction, HandlingFunction, HandlingStandardFunction, ManagingVariable, NonNestedIteration, Printing, Python, SingleForLoopIteration]","[BuiltInFunction, Call, ExpressionStatement, ForStatement, FunctionCall, IntegerLiteral, IterationStatement, MembershipOperator, NumericLiteral, Statement, in, print(), range()]"
py_range2_2,"[AssigningVariable, CallingFunctionLibrary, CallingStandardFunction, HandlingFunction, HandlingStandardFunction, ManagingVariable, NonNestedIteration, Printing, Python, SingleForLoopIteration]","[BuiltInFunction, Call, ExpressionStatement, ForStatement, FunctionCall, IntegerLiteral, IterationStatement, MembershipOperator, NumericLiteral, Statement, in, print(), range()]"
py_range3_2,"[AssigningVariable, CallingFunctionLibrary, CallingStandardFunction, HandlingFunction, HandlingStandardFunction, ManagingVariable, NonNestedIteration, Printing, Python, SingleForLoopIteration]","[BuiltInFunction, Call, ExpressionStatement, ForStatement, FunctionCall, IntegerLiteral, IterationStatement, MembershipOperator, NumericLiteral, Statement, in, print(), range()]"
py_range_one,"[AssigningVariable, CallingFunctionLibrary, CallingStandardFunction, HandlingFunction, HandlingStandardFunction, ManagingVariable, NonNestedIteration, Printing, Python, SingleForLoopIteration]","[BuiltInFunction, Call, ExpressionStatement, ForStatement, FunctionCall, IntegerLiteral, IterationStatement, MembershipOperator, NumericLiteral, Statement, in, print(), range()]"
py_range_three,"[Addition, ArithmeticOperation, AssigningVariable, CallingFunctionLibrary, CallingStandardFunction, ForLoopWith+=, ForLoopWithUpdate, HandlingFunction, HandlingStandardFunction, ManagingVariable, NonNestedIteration, Printing, Python, SingleForLoopIteration]","[BuiltInFunction, Call, ExpressionStatement, ForStatement, FunctionCall, IntegerLiteral, IterationStatement, MembershipOperator, NumericLiteral, Statement, in, print(), range()]"
py_range_two,"[AssigningVariable, CallingFunctionLibrary, CallingStandardFunction, HandlingFunction, HandlingStandardFunction, ManagingVariable, NonNestedIteration, Printing, Python, SingleForLoopIteration]","[BuiltInFunction, Call, ExpressionStatement, ForStatement, FunctionCall, IntegerLiteral, IterationStatement, MembershipOperator, NumericLiteral, Statement, in, print(), range()]"
py_rent_car,"[AssigningVariable, BooleanEvaluating, CallingFunctionLibrary, CallingStandardFunction, CheckingCondition, CreatingString, HandlingFloat, HandlingFunction, HandlingInput, HandlingInteger, HandlingStandardFunction, HandlingString, IfElseChecking, ManagingVariable, Printing, Python, TransformingToFloatType, TransformingToIntType]","[=, ==, ArithmeticExpression, AssignmentStatement, BinaryOperation, BooleanExpression, BooleanLiteral, BuiltInFunction, Call, ComparisonExpression, ComparisonOperator, ConditionalStatement, ExpressionStatement, FunctionCall, IfElseStatement, IntegerLiteral, LargerOrEqual, Literal, LogicalExpression, LogicalOperator, NumericLiteral, Operator, SimpleAssignmentStatement, Statement, StringLiteral, and, input(), int(), print()]"
py_rent_car2,"[AssigningVariable, BooleanEvaluating, CallingFunctionLibrary, CallingStandardFunction, CheckingCondition, HandlingFunction, HandlingInput, HandlingInteger, HandlingStandardFunction, IfElseChecking, ManagingVariable, Printing, Python, TransformingToIntType, UpdatingVariable]","[=, ==, ArithmeticExpression, AssignmentStatement, BinaryOperation, BooleanExpression, BooleanLiteral, BuiltInFunction, Call, ComparisonExpression, ComparisonOperator, ConditionalStatement, ExpressionStatement, FunctionCall, IfElseStatement, IntegerLiteral, LargerOrEqual, Literal, LogicalExpression, LogicalOperator, NumericLiteral, Operator, SimpleAssignmentStatement, Statement, StringLiteral, UnaryOperation, and, input(), int(), not, print()]"
py_rent_car3,"[AssigningVariable, BooleanEvaluating, CallingFunctionLibrary, CallingStandardFunction, CheckingCondition, HandlingFunction, HandlingInput, HandlingInteger, HandlingStandardFunction, IfElseChecking, ManagingVariable, Printing, Python, TransformingToIntType, UpdatingVariable]","[=, ==, ArithmeticExpression, AssignmentStatement, BinaryOperation, BooleanExpression, BooleanLiteral, BuiltInFunction, Call, ComparisonExpression, ComparisonOperator, ConditionalStatement, ExpressionStatement, FunctionCall, IfElseStatement, IntegerLiteral, LargerOrEqual, Literal, LogicalExpression, LogicalOperator, NumericLiteral, Operator, SimpleAssignmentStatement, Statement, StringLiteral, and, input(), int(), or, print()]"
py_repeated_sequence,"[AssigningVariable, CallingFunctionLibrary, CallingStandardFunction, HandlingFunction, HandlingInput, HandlingInteger, HandlingStandardFunction, ManagingVariable, NestedForLoopIteration, NestedFunctionCall, NestedLoopIteration, Printing, Python, TransformingToIntType]","[+, =, ArithmeticExpression, ArtithmeticOperator, AssignmentStatement, BinaryOperation, BuiltInFunction, Call, ExpressionStatement, ForStatement, FunctionCall, IntegerLiteral, IterationStatement, Literal, NumericLiteral, Operator, SimpleAssignmentStatement, Statement, StringLiteral, input(), int(), print(), range()]"
py_repeated_sequence2,"[AssigningVariable, CallingFunctionLibrary, CallingStandardFunction, HandlingFunction, HandlingInput, HandlingInteger, HandlingStandardFunction, ManagingVariable, NestedForLoopIteration, NestedFunctionCall, NestedLoopIteration, Printing, Python, TransformingToIntType]","[=, ArithmeticExpression, AssignmentStatement, BinaryOperation, BuiltInFunction, Call, ComparisonOperator, ExpressionStatement, ForStatement, FunctionCall, IntegerLiteral, IterationStatement, LessOrEqual, Literal, MembershipOperator, NumericLiteral, Operator, SimpleAssignmentStatement, Statement, StringLiteral, in, input(), int(), print(), range()]"
py_reverse_number,"[Addition, ArithmeticOperation, AssigningVariable, BooleanEvaluating, CallingFunctionLibrary, CallingStandardFunction, CheckingCondition, Division, FindRemainder, HandlingFunction, HandlingStandardFunction, ManagingVariable, Multiplication, NonNestedIteration, Printing, Python, SingleWhileLoopIteration, UpdatingVariable, WhileLoopWith*=, WhileLoopWith+=, WhileLoopWithUpdate]","[*, +, //, =, ArithmeticExpression, ArtithmeticOperator, AssignmentStatement, BinaryOperation, BooleanExpression, BuiltInFunction, Call, ComparisonExpression, ComparisonOperator, ExpressionStatement, FunctionCall, IntegerLiteral, IterationStatement, Larger, Literal, LogicalExpression, Modulus, NumericLiteral, Operator, SimpleAssignmentStatement, Statement, StringLiteral, WhileStatement, print()]"
py_score_dict2,"[AccessingDictionary, AddingItemToDictionary, Addition, ArithmeticOperation, AssigningVariable, CallingFunctionCallingFunction, CallingFunctionLibrary, CallingOOPMethod, CallingStandardFunction, CheckingCondition, CheckingForItem, CheckingInForLoop, CreatingDictionary, CreatingList, DefiningStandardFunction, Division, FindingLength, ForLoopWith+=, ForLoopWithListIndexing, ForLoopWithUpdate, HandlingDictionary, HandlingFunction, HandlingFunctionCallingFunction, HandlingList, HandlingObjectOrientedProgramming, HandlingStandardFunction, HandlingString, IfElseChecking, IfElseCheckingInForLoop, IndexingDictionary, IndexingList, IndexingString, ManagingVariable, NestedFunctionCall, NonNestedIteration, Printing, Python, ReplacingDictionaryElement, SingleForLoopIteration, UpdatingVariable]","[+, /, =, ArithmeticExpression, ArtithmeticOperator, AssignmentStatement, AugmentedAssignmentStatement, BinaryOperation, BooleanExpression, BuiltInFunction, Call, ComparisonExpression, ConditionalStatement, DefinitionStatement, DictLiteral, ExpressionStatement, ForStatement, FunctionCall, FunctionDefinition, IfElseStatement, IndexingExpression, IntegerLiteral, IterationStatement, JumpStatement, ListLiteral, ListMethod, Literal, LiteralCollection, LogicalExpression, MembershipOperator, NumericLiteral, Operator, ReturnStatement, SimpleAssignmentStatement, Statement, StringLiteral, SubscriptExpression, append(), in, len(), print(), range()]"
py_search_list,"[AssigningVariable, BooleanEvaluating, CallingFunctionLibrary, CallingStandardFunction, CheckingCondition, CheckingForItem, CheckingInForLoop, CreatingList, DefiningStandardFunction, HandlingFunction, HandlingList, HandlingStandardFunction, IfCheckingInForLoop, IndexingList, ManagingVariable, NonNestedIteration, Printing, Python, SingleForLoopIteration]","[=, AssignmentStatement, BooleanExpression, BuiltInFunction, Call, ComparisonExpression, ConditionalStatement, DefinitionStatement, ExpressionStatement, FloatLiteral, ForStatement, FunctionCall, FunctionDefinition, IfStatement, IntegerLiteral, IterationStatement, ListLiteral, Literal, LiteralCollection, LogicalExpression, MembershipOperator, NumericLiteral, Operator, SimpleAssignmentStatement, Statement, StringLiteral, in, print()]"
py_search_list_count_each,"[Addition, ArithmeticOperation, AssigningVariable, BooleanEvaluating, CallingFunctionCallingFunction, CallingFunctionLibrary, CallingOOPMethod, CheckingCondition, CheckingInForLoop, CreatingList, FindingLength, ForLoopWith+=, ForLoopWithListIndexing, ForLoopWithUpdate, HandlingFunction, HandlingFunctionCallingFunction, HandlingList, HandlingObjectOrientedProgramming, HandlingString, IfCheckingInForLoop, IndexingList, IndexingString, ManagingVariable, NestedForLoopIteration, NestedLoopIteration, Printing, Python, ReplacingListElement, UpdatingVariable]","[*, +, =, ==, ArithmeticExpression, ArtithmeticOperator, AssignmentStatement, AugmentedAssignmentStatement, BinaryOperation, BuiltInFunction, Call, ComparisonExpression, ComparisonOperator, ConditionalStatement, DefinitionStatement, ExpressionStatement, FloatLiteral, ForStatement, FunctionCall, FunctionDefinition, IfStatement, IndexingExpression, IntegerLiteral, IterationStatement, ListLiteral, Literal, LiteralCollection, LogicalExpression, NumericLiteral, Operator, SimpleAssignmentStatement, Statement, StringLiteral, SubscriptExpression, len(), list(), print()]"
py_search_list_total_count,"[Addition, ArithmeticOperation, AssigningVariable, BooleanEvaluating, CallingFunctionLibrary, CheckingCondition, CheckingInForLoop, CreatingList, ForLoopWith+=, ForLoopWithUpdate, HandlingFunction, HandlingList, IfCheckingInForLoop, IndexingList, ManagingVariable, NestedForLoopIteration, NestedLoopIteration, Printing, Python, UpdatingVariable]","[=, ==, ArithmeticExpression, AssignmentStatement, AugmentedAssignmentStatement, BinaryOperation, BooleanExpression, BuiltInFunction, Call, ComparisonExpression, ComparisonOperator, ConditionalStatement, DefinitionStatement, ExpressionStatement, FloatLiteral, ForStatement, FunctionCall, FunctionDefinition, IfStatement, IntegerLiteral, IterationStatement, ListLiteral, Literal, LiteralCollection, LogicalExpression, NumericLiteral, Operator, SimpleAssignmentStatement, Statement, StringLiteral, print()]"
py_soda_survey,"[ArithmeticOperation, AssigningVariable, BooleanEvaluating, CallingFunctionLibrary, CheckingCondition, CheckingInForLoop, Create2DArray, CreatingList, FindMaximum, FindingLength, ForLoopWithListIndexing, ForLoopWithUpdate, FormattingString, HandlingFunction, HandlingList, HandlingString, IfCheckingInForLoop, Indexing2DArray, IndexingList, IndexingString, ManagingVariable, NestedForLoopIteration, NestedFunctionCall, NestedLoopIteration, NonNestedIteration, Printing, Python, ReplacingListElement, SingleForLoopIteration, TwoDimensionalArrayTask, UpdatingVariable]","[=, ArithmeticExpression, AssignmentStatement, BinaryOperation, BooleanExpression, BuiltInFunction, Call, ComparisonExpression, ComparisonOperator, ConditionalStatement, ExpressionStatement, ForStatement, FunctionCall, IfStatement, IndexingExpression, IntegerLiteral, IterationStatement, Larger, ListLiteral, Literal, LiteralCollection, LogicalExpression, NumericLiteral, Operator, SimpleAssignmentStatement, Statement, StringLiteral, StringMethod, SubscriptExpression, format(), len(), list(), print(), range()]"
py_soda_survey_soda_avg,"[Addition, ArithmeticOperation, AssigningVariable, CallingFunctionLibrary, CallingOOPMethod, Create2DArray, CreatingList, Division, FindingLength, ForLoopWith+=, ForLoopWithListIndexing, ForLoopWithUpdate, HandlingFunction, HandlingList, HandlingObjectOrientedProgramming, HandlingString, Indexing2DArray, IndexingList, IndexingString, ManagingVariable, NestedForLoopIteration, NestedFunctionCall, NestedLoopIteration, NonNestedIteration, Printing, Python, SingleForLoopIteration, TwoDimensionalArrayTask, UpdatingVariable]","[+, /, =, ArithmeticExpression, ArtithmeticOperator, AssignmentStatement, AugmentedAssignmentStatement, BinaryOperation, BuiltInFunction, Call, ExpressionStatement, FloatLiteral, ForStatement, FunctionCall, IndexingExpression, IntegerLiteral, IterationStatement, ListLiteral, Literal, LiteralCollection, NumericLiteral, Operator, SimpleAssignmentStatement, Statement, StringLiteral, StringMethod, SubscriptExpression, format(), len(), list(), print(), range()]"
py_soda_survey_soda_respondent_avg,"[Addition, ArithmeticOperation, AssigningVariable, CallingFunctionLibrary, CallingOOPMethod, Concatenation, Create2DArray, CreatingList, CreatingString, Division, FindingLength, ForLoopWith+=, ForLoopWithListIndexing, ForLoopWithUpdate, FormattingString, HandlingFloat, HandlingFunction, HandlingList, HandlingObjectOrientedProgramming, HandlingString, Indexing2DArray, IndexingList, IndexingString, ManagingVariable, NestedForLoopIteration, NestedFunctionCall, NestedLoopIteration, NonNestedIteration, Printing, Python, ReplacingListElement, SingleForLoopIteration, TransformingToFloatType, TwoDimensionalArrayTask, UpdatingVariable]","[+, /, =, ArithmeticExpression, ArtithmeticOperator, AssignmentStatement, AugmentedAssignmentStatement, BinaryOperation, BuiltInFunction, Call, ExpressionStatement, FloatLiteral, ForStatement, FunctionCall, IndexingExpression, IntegerLiteral, IterationStatement, ListLiteral, Literal, LiteralCollection, NumericLiteral, Operator, SimpleAssignmentStatement, Statement, StringLiteral, StringMethod, SubscriptExpression, format(), len(), print(), range()]"
py_squares,"[ArithmeticOperation, AssigningVariable, CallingFunctionLibrary, CallingStandardFunction, ForLoopWith+=, ForLoopWithUpdate, HandlingFunction, HandlingStandardFunction, ManagingVariable, Multiplication, NonNestedIteration, Printing, Python, SingleForLoopIteration]","[*, =, ArithmeticExpression, ArtithmeticOperator, BinaryOperation, BuiltInFunction, Call, ExpressionStatement, ForStatement, FunctionCall, IntegerLiteral, IterationStatement, Literal, NumericLiteral, Operator, Statement, StringLiteral, print(), range()]"
py_star_patterns,"[AssigningVariable, CallingFunctionLibrary, CallingStandardFunction, Concatenation, CreatingString, HandlingFunction, HandlingInput, HandlingInteger, HandlingStandardFunction, HandlingString, ManagingVariable, NestedForLoopIteration, NestedLoopIteration, Printing, Python, ReplacingStringContent, TransformingToIntType, UpdatingVariable]","[+, =, ArithmeticExpression, ArtithmeticOperator, AssignmentStatement, BinaryOperation, BuiltInFunction, Call, ComparisonOperator, ExpressionStatement, ForStatement, FunctionCall, IntegerLiteral, IterationStatement, LessOrEqual, Literal, NumericLiteral, Operator, SimpleAssignmentStatement, Statement, StringLiteral, input(), int(), print(), range()]"
py_stars_2,"[Addition, ArithmeticOperation, AssigningVariable, CallingFunctionLibrary, CallingStandardFunction, Concatenation, CreatingString, HandlingFunction, HandlingInput, HandlingInteger, HandlingStandardFunction, HandlingString, ManagingVariable, NestedForLoopIteration, NestedFunctionCall, NestedLoopIteration, Printing, Python, ReplacingStringContent, Substraction, TransformingToIntType, UpdatingVariable]","[+, -, =, ArithmeticExpression, ArtithmeticOperator, AssignmentStatement, BinaryOperation, BuiltInFunction, Call, ExpressionStatement, ForStatement, FunctionCall, IntegerLiteral, IterationStatement, Literal, NumericLiteral, Operator, SimpleAssignmentStatement, Statement, StringLiteral, input(), int(), print(), range()]"
py_str_count,"[Addition, ArithmeticOperation, AssigningVariable, BooleanEvaluating, CallingFunctionCallingFunction, CallingFunctionLibrary, CallingOOPMethod, CallingStandardFunction, CheckingCondition, CheckingInForLoop, ConvertStringToLowerCase, CreatingString, FindingLength, ForLoopWith+=, ForLoopWithListIndexing, ForLoopWithUpdate, HandlingFunction, HandlingFunctionCallingFunction, HandlingObjectOrientedProgramming, HandlingStandardFunction, HandlingString, IfCheckingInForLoop, IfElseChecking, IndexingString, ManagingVariable, ModifyingStringCase, NestedFunctionCall, NonNestedIteration, Printing, Python, SingleForLoopIteration, SlicingString, TransformingToStringType, UpdatingVariable]","[+, -, =, ==, ArithmeticExpression, ArtithmeticOperator, AssignmentStatement, AugmentedAssignmentStatement, BinaryOperation, BooleanExpression, BuiltInFunction, Call, ComparisonExpression, ComparisonOperator, ConditionalStatement, DefinitionStatement, ExpressionStatement, ForStatement, FunctionCall, FunctionDefinition, IfStatement, IndexingExpression, IntegerLiteral, IterationStatement, JumpStatement, Literal, LogicalExpression, NumericLiteral, Operator, ReturnStatement, SimpleAssignmentStatement, SlicingExpression, Statement, StringLiteral, StringMethod, SubscriptExpression, len(), lower(), print(), range()]"
py_str_count2,"[Addition, ArithmeticOperation, AssigningVariable, BooleanEvaluating, CallingFunctionCallingFunction, CallingFunctionLibrary, CallingOOPMethod, CallingStandardFunction, CheckingCondition, CheckingInForLoop, ConvertStringToLowerCase, CreatingString, DefiningStandardFunction, FindingLength, ForLoopWith+=, ForLoopWithUpdate, HandlingFunction, HandlingFunctionCallingFunction, HandlingObjectOrientedProgramming, HandlingStandardFunction, HandlingString, IfCheckingInForLoop, IfElseChecking, IndexingString, ManagingVariable, ModifyingStringCase, NestedFunctionCall, NonNestedIteration, Printing, Python, SingleForLoopIteration, SlicingString, Substraction, TransformingToStringType, UpdatingVariable]","[+, -, =, ==, ArithmeticExpression, ArtithmeticOperator, AssignmentStatement, AugmentedAssignmentStatement, BinaryOperation, BooleanExpression, BuiltInFunction, Call, ComparisonExpression, ComparisonOperator, ConditionalStatement, DefinitionStatement, ExpressionStatement, ForStatement, FunctionCall, FunctionDefinition, IfStatement, IndexingExpression, IntegerLiteral, IterationStatement, JumpStatement, Literal, LogicalExpression, LogicalOperator, NumericLiteral, Operator, ReturnStatement, SimpleAssignmentStatement, SlicingExpression, Statement, StringLiteral, StringMethod, SubscriptExpression, and, len(), lower(), print(), range()]"
py_str_repeat2,"[ArithmeticOperation, AssigningVariable, CallingFunctionLibrary, Concatenation, CreatingString, FindingLength, ForLoopWith+=, ForLoopWithListIndexing, ForLoopWithUpdate, HandlingFunction, HandlingString, IndexingString, ManagingVariable, Multiplication, NonNestedIteration, Printing, Python, ReplacingStringContent, SingleForLoopIteration, UpdatingVariable]","[*, +, =, ArithmeticExpression, ArtithmeticOperator, AssignmentStatement, AugmentedAssignmentStatement, BinaryOperation, BuiltInFunction, Call, DefinitionStatement, ForStatement, FunctionCall, FunctionDefinition, IndexingExpression, IntegerLiteral, IterationStatement, Literal, NumericLiteral, Operator, SimpleAssignmentStatement, StringLiteral, SubscriptExpression, len(), print(), range(), str()]"
py_str_repeat_chars,"[ArithmeticOperation, AssigningVariable, Concatenation, CreatingString, DefiningStandardFunction, ForLoopWith+=, ForLoopWithUpdate, HandlingStandardFunction, HandlingString, ManagingVariable, Multiplication, NonNestedIteration, Printing, Python, ReplacingStringContent, SingleForLoopIteration, UpdatingVariable]","[*, +, =, ArithmeticExpression, ArtithmeticOperator, AssignmentStatement, AugmentedAssignmentStatement, BinaryOperation, BuiltInFunction, Call, DefinitionStatement, ExpressionStatement, ForStatement, FunctionCall, FunctionDefinition, IntegerLiteral, IterationStatement, Literal, NumericLiteral, Operator, SimpleAssignmentStatement, Statement, StringLiteral, print()]"
py_student_score,"[AccessingDictionary, AddingItemToDictionary, AssigningVariable, BooleanEvaluating, CallingFunctionLibrary, CallingOOPMethod, CheckingCondition, CheckingForItem, CheckingInForLoop, CreatingDictionary, CreatingList, FindingLength, ForLoopWithListIndexing, ForLoopWithUpdate, HandlingDictionary, HandlingFunction, HandlingList, HandlingObjectOrientedProgramming, HandlingString, IfElseChecking, IfElseCheckingInForLoop, IndexingList, IndexingString, ManagingVariable, NonNestedIteration, Printing, Python, SingleForLoopIteration, UpdatingVariable]","[=, AssignmentStatement, BooleanExpression, BuiltInFunction, Call, ComparisonExpression, ConditionalStatement, DefinitionStatement, DictLiteral, ExpressionStatement, ForStatement, FunctionCall, FunctionDefinition, IfElseStatement, IndexingExpression, IntegerLiteral, IterationStatement, JumpStatement, ListLiteral, ListMethod, Literal, LiteralCollection, LogicalExpression, MembershipOperator, NumericLiteral, Operator, ReturnStatement, SimpleAssignmentStatement, Statement, StringLiteral, SubscriptExpression, append(), in, len(), print(), range()]"
py_sum_digits,"[Addition, ArithmeticOperation, AssigningVariable, BooleanEvaluating, CallingFunctionLibrary, CallingStandardFunction, CheckingCondition, Division, FindRemainder, HandlingFunction, HandlingStandardFunction, ManagingVariable, NonNestedIteration, Printing, Python, SingleWhileLoopIteration, UpdatingVariable, WhileLoopWith+=, WhileLoopWithUpdate]","[+, //, =, ArithmeticExpression, ArtithmeticOperator, AssignmentStatement, BinaryOperation, BooleanExpression, BuiltInFunction, Call, ComparisonExpression, ComparisonOperator, ExpressionStatement, FunctionCall, IntegerLiteral, IterationStatement, Larger, Literal, LogicalExpression, Modulus, NumericLiteral, Operator, SimpleAssignmentStatement, Statement, StringLiteral, WhileStatement, print()]"
py_temperature,"[AddingListElement, AddingListElementWithAppend, Addition, ArithmeticOperation, AssigningVariable, BooleanEvaluating, CallingFunctionLibrary, CheckingCondition, CheckingInForLoop, CreatingList, Division, ForLoopWith+=, ForLoopWithListIndexing, ForLoopWithUpdate, HandlingFloat, HandlingFunction, HandlingInput, HandlingInteger, HandlingList, IfChecking, IfCheckingInForLoop, IfElseChecking, IndexingList, ManagingVariable, NonNestedIteration, Printing, Python, SingleForLoopIteration, TransformingToFloatType, TransformingToIntType, UpdatingVariable]","[+, /, =, ==, ArithmeticExpression, ArtithmeticOperator, AssignmentStatement, AugmentedAssignmentStatement, BinaryOperation, BooleanExpression, BuiltInFunction, Call, ComparisonExpression, ComparisonOperator, ConditionalStatement, ExpressionStatement, ForStatement, FunctionCall, IfElseStatement, IfStatement, IntegerLiteral, IterationStatement, Larger, ListLiteral, ListMethod, Literal, LiteralCollection, LogicalExpression, MembershipOperator, NumericLiteral, Operator, SimpleAssignmentStatement, Statement, StringLiteral, append(), float(), in, input(), int(), print(), range()]"
py_temperature_list_days_above_threshold,"[AddingListElement, AddingListElementWithAppend, Addition, ArithmeticOperation, AssigningVariable, BooleanEvaluating, CallingFunctionLibrary, CallingStandardFunction, CheckingCondition, CheckingInForLoop, Concatenation, CreatingList, CreatingString, FindingLength, ForLoopWithListIndexing, ForLoopWithUpdate, HandlingFloat, HandlingFunction, HandlingInput, HandlingInteger, HandlingList, HandlingStandardFunction, HandlingString, IfCheckingInForLoop, IndexingList, IndexingString, ManagingVariable, NonNestedIteration, Printing, Python, SingleForLoopIteration, TransformingToFloatType, TransformingToIntType, TransformingToStringType, UpdatingVariable]","[+, =, ArithmeticExpression, ArtithmeticOperator, AssignmentStatement, BinaryOperation, BooleanExpression, BuiltInFunction, Call, ComparisonExpression, ComparisonOperator, ConditionalStatement, ExpressionStatement, FloatLiteral, ForStatement, FunctionCall, IfStatement, IndexingExpression, IntegerLiteral, IterationStatement, Larger, ListLiteral, ListMethod, Literal, LiteralCollection, LogicalExpression, NumericLiteral, Operator, SimpleAssignmentStatement, Statement, StringLiteral, SubscriptExpression, append(), float(), input(), int(), len(), print(), range(), str()]"
py_three_boolean,"[AssigningVariable, BooleanEvaluating, CallingFunctionLibrary, CallingStandardFunction, CheckingCondition, HandlingFunction, HandlingInput, HandlingInteger, HandlingStandardFunction, IfElseChecking, ManagingVariable, Printing, Python, TransformingToIntType]","[=, ==, AssignmentStatement, BooleanExpression, BooleanLiteral, BuiltInFunction, Call, ComparisonExpression, ComparisonOperator, ConditionalStatement, ExpressionStatement, FunctionCall, IfElseStatement, IntegerLiteral, Literal, LogicalExpression, LogicalOperator, NumericLiteral, Operator, SimpleAssignmentStatement, Statement, StringLiteral, input(), int(), or, print()]"
py_three_boolean2,"[AssigningVariable, BooleanEvaluating, CallingFunctionLibrary, CallingStandardFunction, CheckingCondition, HandlingFunction, HandlingInput, HandlingInteger, HandlingStandardFunction, IfElseChecking, ManagingVariable, Printing, Python, TransformingToIntType, UpdatingVariable]","[=, ==, AssignmentStatement, BooleanExpression, BooleanLiteral, BuiltInFunction, Call, ComparisonExpression, ComparisonOperator, ConditionalStatement, ExpressionStatement, FunctionCall, IfElseStatement, IntegerLiteral, Literal, LogicalExpression, LogicalOperator, NumericLiteral, Operator, SimpleAssignmentStatement, Statement, StringLiteral, and, input(), int(), not, print()]"
py_three_boolean3,"[AssigningVariable, BooleanEvaluating, CallingStandardFunction, CheckingCondition, HandlingInput, HandlingInteger, HandlingStandardFunction, IfChecking, IfElseChecking, ManagingVariable, Printing, Python, TransformingToIntType, UpdatingVariable]","[=, ==, AssignmentStatement, BooleanExpression, BooleanLiteral, BuiltInFunction, Call, ComparisonExpression, ComparisonOperator, ConditionalStatement, ExpressionStatement, FunctionCall, IfElseStatement, IntegerLiteral, Literal, LogicalExpression, LogicalOperator, NumericLiteral, Operator, SimpleAssignmentStatement, Statement, StringLiteral, and, input(), int(), print()]"
py_time_conversion,"[ArithmeticOperation, AssigningVariable, CallingFunctionLibrary, CallingStandardFunction, CreatingString, Division, FindRemainder, HandlingFunction, HandlingInput, HandlingInteger, HandlingStandardFunction, HandlingString, ManagingVariable, Printing, Python, TransformingToIntType]","[//, =, ArithmeticExpression, ArtithmeticOperator, AssignmentStatement, BinaryOperation, BuiltInFunction, Call, ExpressionStatement, FunctionCall, IntegerLiteral, Literal, Modulus, NumericLiteral, Operator, SimpleAssignmentStatement, Statement, StringLiteral, input(), int(), print()]"
py_tv2,"[Addition, ArithmeticOperation, AssigningVariable, BooleanEvaluating, CallingFunctionLibrary, CallingStandardFunction, CheckingCondition, Concatenation, CreatingObject, DefiningClass, DefiningOOPMethod, DefiningStandardFunction, HandlingFunction, HandlingObjectOrientedProgramming, HandlingStandardFunction, IfChecking, ManagingVariable, Printing, Python, Substraction, UpdatingVariable]","[+, -, =, ArithmeticExpression, ArtithmeticOperator, AssignmentStatement, AugmentedAssignmentStatement, BinaryOperation, BooleanExpression, BooleanLiteral, BuiltInFunction, Call, ClassDefinition, ClassMethod, ComparisonExpression, ComparisonOperator, ConditionalStatement, DefinitionStatement, ExpressionStatement, FunctionCall, FunctionDefinition, IfStatement, IntegerLiteral, JumpStatement, Larger, LargerOrEqual, Less, LessOrEqual, Literal, LogicalExpression, LogicalOperator, NumericLiteral, Operator, ReturnStatement, SimpleAssignmentStatement, Statement, StringLiteral, __init()__, and, print(), str()]"
py_vending_machine,"[ArithmeticOperation, AssigningVariable, CallingFunctionLibrary, Division, FindRemainder, HandlingFunction, HandlingInput, HandlingInteger, ManagingVariable, Multiplication, Printing, Python, Substraction, TransformingToIntType, UpdatingVariable]","[*, -, //, =, ArithmeticExpression, ArtithmeticOperator, AssignmentStatement, BinaryOperation, BuiltInFunction, Call, ExpressionStatement, FunctionCall, IntegerLiteral, Literal, Modulus, NumericLiteral, Operator, SimpleAssignmentStatement, Statement, StringLiteral, input(), int(), print()]"
py_vending_machine2,"[ArithmeticOperation, AssigningVariable, CallingFunctionLibrary, CallingStandardFunction, CreatingString, FindRemainder, HandlingFunction, HandlingInput, HandlingInteger, HandlingStandardFunction, HandlingString, ManagingVariable, Multiplication, Printing, Python, Substraction, TransformingToIntType, UpdatingVariable]","[*, -, //, =, ArithmeticExpression, ArtithmeticOperator, AssignmentStatement, BinaryOperation, BuiltInFunction, Call, ExpressionStatement, FunctionCall, IntegerLiteral, Literal, Modulus, NumericLiteral, Operator, SimpleAssignmentStatement, Statement, StringLiteral, input(), int(), print()]"
py_win_percentage,"[ArithmeticOperation, AssigningVariable, BooleanEvaluating, CallingFunctionLibrary, CallingStandardFunction, CheckingCondition, Division, HandlingFloat, HandlingFunction, HandlingInput, HandlingInteger, HandlingStandardFunction, ManagingVariable, NonNestedIteration, Printing, Python, SingleWhileLoopIteration, TransformingToFloatType, TransformingToIntType, UpdatingVariable]","[/, =, ArithmeticExpression, ArtithmeticOperator, AssignmentStatement, BinaryOperation, BooleanExpression, BuiltInFunction, Call, ComparisonExpression, ComparisonOperator, ExpressionStatement, FunctionCall, IntegerLiteral, IterationStatement, Larger, Less, Literal, LogicalExpression, LogicalOperator, NumericLiteral, Operator, SimpleAssignmentStatement, Statement, StringLiteral, WhileStatement, input(), int(), or, print()]"
py_win_percentage_input,"[ArithmeticOperation, AssigningVariable, BooleanEvaluating, CallingFunctionLibrary, CallingStandardFunction, CheckingCondition, CreatingString, Division, HandlingFunction, HandlingInput, HandlingInteger, HandlingStandardFunction, HandlingString, ManagingVariable, NonNestedIteration, Printing, Python, SingleWhileLoopIteration, TransformingToIntType, UpdatingVariable]","[/, =, ArithmeticExpression, ArtithmeticOperator, AssignmentStatement, BinaryOperation, BooleanExpression, BuiltInFunction, Call, ComparisonExpression, ComparisonOperator, ExpressionStatement, FunctionCall, IntegerLiteral, IterationStatement, Larger, Less, LessOrEqual, Literal, LogicalExpression, LogicalOperator, NumericLiteral, Operator, SimpleAssignmentStatement, Statement, StringLiteral, WhileStatement, input(), int(), or, print()]"
py_win_percentage_won_equal,"[Addition, ArithmeticOperation, AssigningVariable, BooleanEvaluating, CallingFunctionLibrary, CallingStandardFunction, CheckingCondition, CreatingString, Division, HandlingFunction, HandlingInput, HandlingInteger, HandlingStandardFunction, HandlingString, ManagingVariable, NonNestedIteration, Printing, Python, SingleWhileLoopIteration, TransformingToIntType, UpdatingVariable]","[+, /, //, =, ArithmeticExpression, ArtithmeticOperator, AssignmentStatement, BinaryOperation, BooleanExpression, BuiltInFunction, Call, ComparisonExpression, ComparisonOperator, ExpressionStatement, FunctionCall, IntegerLiteral, IterationStatement, Larger, Less, Literal, LogicalExpression, LogicalOperator, NumericLiteral, Operator, SimpleAssignmentStatement, Statement, StringLiteral, WhileStatement, input(), int(), or, print()]"
py_work_hours,"[Addition, ArithmeticOperation, AssigningVariable, CallingFunctionLibrary, CallingOOPMethod, CallingStandardFunction, ClosingFile, CreatingList, CreatingString, DefiningStandardFunction, FindingLength, ForLoopWith+=, ForLoopWithListIndexing, ForLoopWithUpdate, HandlingError, HandlingFile, HandlingFloat, HandlingFunction, HandlingInput, HandlingList, HandlingObjectOrientedProgramming, HandlingSpecificError, HandlingStandardFunction, HandlingString, HandlingTuple, IndexingList, IndexingString, IndexingTuple, ManagingVariable, NestedForLoopIteration, NestedLoopIteration, OpeningFile, Printing, Python, ReadingLine, SplittingString, TransformingToFloatType, TransformingToStringType, UpdatingVariable]","[+, =, ArithmeticExpression, ArtithmeticOperator, AssignmentStatement, AugmentedAssignmentStatement, BinaryOperation, BuiltInFunction, Call, DefinitionStatement, Error, ExceptionHandlingStatement, ExpressionStatement, FileMethod, FileNotFoundError, FloatLiteral, ForStatement, FunctionCall, FunctionDefinition, IOError, IndexingExpression, IntegerLiteral, IterationStatement, Literal, NumericLiteral, Operator, SimpleAssignmentStatement, Statement, StringLiteral, StringMethod, SubscriptExpression, TryStatement, ValueError, close(), float(), input(), len(), open(), print(), range(), split(), str()]"
py_work_hours2,"[Addition, ArithmeticOperation, AssigningVariable, CallingFunctionCallingFunction, CallingFunctionLibrary, CallingOOPMethod, CallingStandardFunction, ClosingFile, Concatenation, CreatingList, CreatingString, DefiningStandardFunction, FindingLength, ForLoopWith+=, ForLoopWithListIndexing, ForLoopWithUpdate, HandlingError, HandlingFile, HandlingFloat, HandlingFunction, HandlingFunctionCallingFunction, HandlingInput, HandlingInteger, HandlingList, HandlingObjectOrientedProgramming, HandlingSpecificError, HandlingStandardFunction, HandlingString, HandlingTuple, IndexingList, IndexingString, IndexingTuple, ManagingVariable, NestedFunctionCall, NonNestedIteration, OpeningFile, Printing, Python, ReadingLine, SingleForLoopIteration, SlicingList, SlicingTuple, SplittingString, TransformingToFloatType, TransformingToIntType, TransformingToStringType, UpdatingVariable]","[+, =, ArithmeticExpression, ArtithmeticOperator, AssignmentStatement, AugmentedAssignmentStatement, BinaryOperation, BuiltInFunction, Call, DefinitionStatement, Error, ExceptionHandlingStatement, ExpressionStatement, FileMethod, FileNotFoundError, FloatLiteral, ForStatement, FunctionCall, FunctionDefinition, IOError, IndexingExpression, IntegerLiteral, IterationStatement, Literal, NumericLiteral, Operator, SimpleAssignmentStatement, Statement, StringLiteral, StringMethod, SubscriptExpression, TryStatement, ValueError, close(), float(), input(), int(), len(), open(), print(), range(), split(), str()]"
py_write_squares_odd,"[ArithmeticOperation, AssigningVariable, CallingFunctionLibrary, CallingStandardFunction, HandlingFunction, HandlingStandardFunction, ManagingVariable, Multiplication, NonNestedIteration, Printing, Python, SingleForLoopIteration]","[*, ArithmeticExpression, ArtithmeticOperator, BinaryOperation, BuiltInFunction, Call, ExpressionStatement, ForStatement, FunctionCall, IntegerLiteral, IterationStatement, Literal, MembershipOperator, NumericLiteral, Statement, StringLiteral, in, print(), range()]"
py_write_squares_range,"[ArithmeticOperation, AssigningVariable, CallingFunctionLibrary, CallingStandardFunction, HandlingFunction, HandlingStandardFunction, ManagingVariable, Multiplication, NonNestedIteration, Printing, Python, SingleForLoopIteration]","[*, =, ArithmeticExpression, ArtithmeticOperator, BinaryOperation, BuiltInFunction, Call, ExpressionStatement, ForStatement, FunctionCall, IntegerLiteral, IterationStatement, Literal, MembershipOperator, NumericLiteral, Operator, Statement, StringLiteral, in, print(), range()]"
q_py_topic_dictionary:q_py_dict_access1,"[AccessingDictionary, AssigningVariable, CallingFunctionLibrary, CallingStandardFunction, CreatingDictionary, HandlingDictionary, HandlingFunction, HandlingStandardFunction, IndexingDictionary, ManagingVariable, Printing, Python]","[=, AssignmentStatement, BuiltInFunction, Call, DictLiteral, DictionaryMethod, ExpressionStatement, FunctionCall, IndexingExpression, IntegerLiteral, Literal, LiteralCollection, NumericLiteral, Operator, SimpleAssignmentStatement, Statement, StringLiteral, SubscriptExpression, get(), print()]"
q_py_topic_dictionary:q_py_dict_access2,"[AccessingDictionary, AddingItemToDictionary, Addition, ArithmeticOperation, AssigningVariable, CallingFunctionLibrary, CallingStandardFunction, CreatingDictionary, FindingLength, HandlingDictionary, HandlingFunction, HandlingStandardFunction, IndexingDictionary, ManagingVariable, Printing, Python, ReplacingDictionaryElement, Substraction, UpdatingVariable]","[+, -, =, ArithmeticExpression, ArtithmeticOperator, AssignmentStatement, BinaryOperation, BuiltInFunction, Call, DictLiteral, ExpressionStatement, FunctionCall, IndexingExpression, IntegerLiteral, Literal, LiteralCollection, NumericLiteral, Operator, SimpleAssignmentStatement, Statement, StringLiteral, SubscriptExpression, len(), print()]"
q_py_topic_exceptions:q_py_exception_assertion,"[Addition, ArithmeticOperation, AssertChecking, AssigningVariable, CallingFunctionLibrary, CallingOOPMethod, CheckingCondition, CreatingList, ForLoopWith+=, ForLoopWithUpdate, HandlingError, HandlingFunction, HandlingList, HandlingObjectOrientedProgramming, HandlingSpecificError, IndexingList, ManagingVariable, Printing, Python, UpdatingVariable]","[=, AssertStatement, AssertionError, AssignmentStatement, AugmentedAssignmentStatement, BooleanExpression, BuiltInFunction, Call, DefinitionStatement, Error, ExceptionHandlingStatement, ExpressionStatement, ForStatement, FunctionCall, FunctionDefinition, IntegerLiteral, IterationStatement, ListLiteral, ListMethod, Literal, LiteralCollection, LogicalExpression, NumericLiteral, Operator, SimpleAssignmentStatement, Statement, StringLiteral, TryStatement, append(), print()]"
q_py_topic_exceptions:q_py_exceptions_addarr,"[Addition, ArithmeticOperation, AssigningVariable, CallingFunctionLibrary, CallingStandardFunction, CreatingList, CreatingString, DefiningStandardFunction, Division, ForLoopWith+=, ForLoopWithUpdate, HandlingError, HandlingFunction, HandlingList, HandlingSpecificError, HandlingStandardFunction, HandlingString, ManagingVariable, NonNestedIteration, Printing, Python, SingleForLoopIteration, UpdatingVariable]","[+, //, =, ArithmeticExpression, ArtithmeticOperator, AssignmentStatement, AugmentedAssignmentStatement, BinaryOperation, BuiltInFunction, Call, DefinitionStatement, Error, ExceptionHandlingStatement, ExpressionStatement, ForStatement, FunctionCall, FunctionDefinition, IntegerLiteral, IterationStatement, JumpStatement, ListLiteral, Literal, LiteralCollection, NumericLiteral, Operator, ReturnStatement, SimpleAssignmentStatement, Statement, StringLiteral, TryStatement, TypeError, len(), print()]"
q_py_topic_exceptions:q_py_list_except1,"[Addition, ArithmeticOperation, AssigningVariable, CallingFunctionLibrary, CallingStandardFunction, CreatingTuple, ForLoopWith+=, ForLoopWithListIndexing, ForLoopWithUpdate, HandlingError, HandlingFunction, HandlingGeneralError, HandlingStandardFunction, HandlingString, HandlingTuple, IndexingString, IndexingTuple, ManagingVariable, NonNestedIteration, Printing, Python, SingleForLoopIteration, UpdatingVariable]","[+, =, ArithmeticExpression, ArtithmeticOperator, AssignmentStatement, AugmentedAssignmentStatement, BinaryOperation, BuiltInFunction, Call, Error, ExceptionHandlingStatement, ExpressionStatement, ForStatement, FunctionCall, IndexError, IndexingExpression, IntegerLiteral, IterationStatement, LiteralCollection, NumericLiteral, Operator, SimpleAssignmentStatement, Statement, SubscriptExpression, TryStatement, TupleLiteral, print(), range()]"
q_py_topic_exceptions:q_py_value_except1,"[AssigningVariable, CallingFunctionCallingFunction, CallingFunctionLibrary, CallingStandardFunction, CreatingList, HandlingError, HandlingFunction, HandlingFunctionCallingFunction, HandlingInteger, HandlingList, HandlingSpecificError, HandlingStandardFunction, HandlingString, IndexingList, IndexingString, ManagingVariable, Printing, Python, TransformingToIntType]","[=, AssignmentStatement, BuiltInFunction, Call, DefinitionStatement, Error, ExceptionHandlingStatement, ExpressionStatement, FunctionCall, FunctionDefinition, IndexingExpression, IntegerLiteral, ListLiteral, Literal, LiteralCollection, NumericLiteral, Operator, SimpleAssignmentStatement, Statement, StringLiteral, SubscriptExpression, TryStatement, ValueError, int(), print()]"
q_py_topic_file_processing:q_py_file1,"[AssigningVariable, CallingFunctionLibrary, CallingOOPMethod, CallingStandardFunction, CreatingObject, HandlingFile, HandlingFunction, HandlingInput, HandlingObjectOrientedProgramming, HandlingStandardFunction, Importing, ManagingVariable, OpeningFile, Printing, Python, ReadingLine]","[=, AssignmentStatement, BuiltInFunction, Call, ExpressionStatement, FileMethod, FunctionCall, Import, ImportStatement, IntegerLiteral, Literal, NumericLiteral, Operator, SimpleAssignmentStatement, Statement, StringLiteral, open(), print(), read()]"
q_py_topic_functions:q_py_fun_car1,"[Addition, ArithmeticOperation, AssigningVariable, CallingFunctionLibrary, FindMinimum, HandlingFunction, ManagingVariable, Printing, Python, Substraction, UpdatingVariable]","[+, -, =, ArithmeticExpression, ArtithmeticOperator, AssignmentStatement, BinaryOperation, BuiltInFunction, Call, DefinitionStatement, ExpressionStatement, FunctionCall, FunctionDefinition, IntegerLiteral, JumpStatement, NumericLiteral, Operator, ReturnStatement, SimpleAssignmentStatement, Statement, min(), print()]"
q_py_topic_functions:q_py_fun_car2,"[Addition, ArithmeticOperation, AssigningVariable, BooleanEvaluating, CallingFunctionLibrary, CallingStandardFunction, CheckingCondition, DefiningStandardFunction, FindMinimum, HandlingFunction, HandlingStandardFunction, IfElseChecking, ManagingVariable, Printing, Python, Substraction, UpdatingVariable]","[+, -, =, ArithmeticExpression, ArtithmeticOperator, AssignmentStatement, BinaryOperation, BooleanExpression, BuiltInFunction, Call, ComparisonExpression, ComparisonOperator, ConditionalStatement, DefinitionStatement, ExpressionStatement, FunctionCall, FunctionDefinition, IfElseStatement, IntegerLiteral, JumpStatement, Less, LogicalExpression, NumericLiteral, Operator, ReturnStatement, SimpleAssignmentStatement, Statement, min(), print()]"
q_py_topic_if_statement:q_py_if_elif1,"[ArithmeticOperation, AssigningVariable, BooleanEvaluating, CallingFunctionLibrary, CallingStandardFunction, CheckingCondition, FindRemainder, HandlingFunction, HandlingStandardFunction, IfElifChecking, IfElifElseChecking, ManagingVariable, Printing, Python]","[-, =, ==, ArithmeticExpression, ArtithmeticOperator, AssignmentStatement, BinaryOperation, BooleanExpression, BuiltInFunction, Call, ComparisonExpression, ComparisonOperator, ConditionalStatement, ExpressionStatement, FunctionCall, IfElifElseStatement, IntegerLiteral, Literal, LogicalExpression, Modulus, NumericLiteral, Operator, SimpleAssignmentStatement, Statement, StringLiteral, UnaryOperation, print()]"
q_py_topic_if_statement:q_py_nested_if1,"[AssigningVariable, BooleanEvaluating, CallingFunctionLibrary, CallingStandardFunction, CheckingCondition, CreatingTuple, HandlingFunction, HandlingStandardFunction, HandlingTuple, IfElseChecking, ManagingVariable, NestedIfChecking, Printing, Python]","[=, ArithmeticExpression, AssignmentStatement, BinaryOperation, BooleanExpression, BuiltInFunction, Call, ComparisonExpression, ComparisonOperator, ConditionalStatement, ExpressionStatement, FunctionCall, IfElseStatement, IfStatement, IntegerLiteral, Larger, Less, LiteralCollection, LogicalExpression, NumericLiteral, Operator, SimpleAssignmentStatement, Statement, TupleLiteral, print()]"
q_py_topic_if_statement:q_py_nested_if_elif1,"[ArithmeticOperation, AssigningVariable, CallingFunctionLibrary, CallingStandardFunction, CheckingCondition, FindMaximum, FindRemainder, HandlingFunction, HandlingStandardFunction, IfElseChecking, ManagingVariable, NestedIfChecking, Printing, Python]","[=, ==, ArithmeticExpression, ArtithmeticOperator, AssignmentStatement, BinaryOperation, BuiltInFunction, Call, ComparisonExpression, ComparisonOperator, ConditionalStatement, ExpressionStatement, FunctionCall, IfElseStatement, IfStatement, IntegerLiteral, LargerOrEqual, Literal, LogicalExpression, Modulus, NumericLiteral, Operator, SimpleAssignmentStatement, Statement, StringLiteral, print()]"
q_py_topic_if_statement:q_py_nested_if_elif2,"[Addition, ArithmeticOperation, AssigningVariable, BooleanEvaluating, CallingFunctionLibrary, CallingStandardFunction, CheckingCondition, HandlingFunction, HandlingStandardFunction, IfChecking, IfElifElseChecking, IfElseChecking, ManagingVariable, NestedIfChecking, Printing, Python]","[+, =, ==, ArithmeticExpression, ArtithmeticOperator, AssignmentStatement, BinaryOperation, BooleanExpression, BuiltInFunction, Call, ComparisonExpression, ComparisonOperator, ConditionalStatement, ExpressionStatement, FunctionCall, IfElifElseStatement, IfStatement, IntegerLiteral, Larger, Literal, LogicalExpression, LogicalOperator, NotEqual, NumericLiteral, Operator, SimpleAssignmentStatement, Statement, StringLiteral, and, or, print()]"
q_py_topic_lists:q_py_add_two_lists1,"[AddingListElement, AddingListElementWithAppend, Addition, ArithmeticOperation, AssigningVariable, CallingFunctionLibrary, CallingOOPMethod, CallingStandardFunction, Concatenation, CreatingList, FindingLength, ForLoopWithListIndexing, ForLoopWithUpdate, HandlingFunction, HandlingList, HandlingObjectOrientedProgramming, HandlingStandardFunction, HandlingString, IndexingList, IndexingString, ManagingVariable, NestedFunctionCall, Printing, Python, UpdatingVariable]","[+, =, ArithmeticExpression, ArtithmeticOperator, AssignmentStatement, BinaryOperation, BuiltInFunction, Call, ExpressionStatement, ForStatement, FunctionCall, IndexingExpression, IntegerLiteral, IterationStatement, ListLiteral, ListMethod, LiteralCollection, NumericLiteral, Operator, SimpleAssignmentStatement, Statement, SubscriptExpression, append(), len(), print(), range()]"
q_py_topic_lists:q_py_list_access1,"[AssigningVariable, CallingFunctionLibrary, CallingStandardFunction, CreatingList, HandlingFunction, HandlingList, HandlingStandardFunction, IndexingList, ManagingVariable, Printing, Python, ReplacingListElement, UpdatingVariable]","[=, AssignmentStatement, BuiltInFunction, Call, ExpressionStatement, FunctionCall, IndexingExpression, IntegerLiteral, ListLiteral, LiteralCollection, NumericLiteral, Operator, SimpleAssignmentStatement, Statement, SubscriptExpression, print()]"
q_py_topic_lists:q_py_list_access2,"[ArithmeticOperation, AssigningVariable, CallingFunctionLibrary, CallingStandardFunction, CreatingList, FindingLength, ForLoopWith*=, ForLoopWithListIndexing, ForLoopWithUpdate, HandlingFunction, HandlingList, HandlingStandardFunction, HandlingString, IndexingList, IndexingString, ManagingVariable, Multiplication, NestedFunctionCall, NonNestedIteration, Printing, Python, ReplacingListElement, SingleForLoopIteration, UpdatingVariable]","[*, =, ArithmeticExpression, ArtithmeticOperator, AssignmentStatement, BinaryOperation, BuiltInFunction, Call, ExpressionStatement, ForStatement, FunctionCall, IndexingExpression, IntegerLiteral, IterationStatement, ListLiteral, LiteralCollection, MembershipOperator, NumericLiteral, Operator, SimpleAssignmentStatement, Statement, SubscriptExpression, in, len(), print(), range()]"
q_py_topic_lists:q_py_list_append1,"[AddingListElement, AddingListElementWithAppend, Addition, ArithmeticOperation, AssigningVariable, CallingFunctionLibrary, CallingOOPMethod, CallingStandardFunction, CreatingList, FindingLength, ForLoopWith+=, ForLoopWithUpdate, HandlingFunction, HandlingList, HandlingObjectOrientedProgramming, HandlingStandardFunction, HandlingString, IndexingList, IndexingString, ManagingVariable, Printing, Python, UpdatingVariable]","[+, =, ArithmeticExpression, ArtithmeticOperator, AssignmentStatement, BinaryOperation, BuiltInFunction, Call, ExpressionStatement, ForStatement, FunctionCall, IndexingExpression, IntegerLiteral, IterationStatement, ListLiteral, ListMethod, LiteralCollection, NumericLiteral, Operator, SimpleAssignmentStatement, Statement, SubscriptExpression, append(), len(), print(), range()]"
q_py_topic_lists:q_py_list_remove1,"[AssigningVariable, CallingFunctionLibrary, CallingStandardFunction, CreatingList, DeletingListElement, HandlingFunction, HandlingList, HandlingStandardFunction, ManagingVariable, Printing, Python, UpdatingVariable]","[-, =, ArtithmeticOperator, AssignmentStatement, BuiltInFunction, Call, ExpressionStatement, FunctionCall, IndexingExpression, IntegerLiteral, ListLiteral, ListMethod, LiteralCollection, NumericLiteral, Operator, SimpleAssignmentStatement, Statement, SubscriptExpression, pop(), print()]"
q_py_topic_logical_operators:q_py_account_logic1,"[Addition, ArithmeticOperation, AssigningVariable, BooleanEvaluating, CheckingCondition, ManagingVariable, Substraction, UpdatingVariable]","[+, -, =, ArithmeticExpression, ArtithmeticOperator, AssignmentStatement, BinaryOperation, BooleanExpression, ComparisonExpression, ComparisonOperator, ExpressionStatement, IntegerLiteral, Larger, LargerOrEqual, LogicalExpression, LogicalOperator, NumericLiteral, Operator, SimpleAssignmentStatement, Statement, or]"
q_py_topic_logical_operators:q_py_comparison_logic1,"[AssigningVariable, BooleanEvaluating, CallingFunctionLibrary, CallingStandardFunction, CheckingCondition, HandlingFunction, HandlingStandardFunction, ManagingVariable, Printing, Python]","[=, AssignmentStatement, BooleanExpression, BuiltInFunction, Call, ComparisonExpression, ComparisonOperator, ExpressionStatement, FunctionCall, IntegerLiteral, Less, LogicalExpression, NotEqual, NumericLiteral, Operator, SimpleAssignmentStatement, Statement, print()]"
q_py_topic_loops:q_py_for_loop1,"[Addition, ArithmeticOperation, AssigningVariable, CallingFunctionLibrary, CallingStandardFunction, HandlingFunction, HandlingStandardFunction, ManagingVariable, Printing, Python, UpdatingVariable]","[+, =, ArithmeticExpression, ArtithmeticOperator, AssignmentStatement, BinaryOperation, BuiltInFunction, Call, ExpressionStatement, ForStatement, FunctionCall, IntegerLiteral, IterationStatement, MembershipOperator, NumericLiteral, Operator, SimpleAssignmentStatement, Statement, in, print(), range()]"
q_py_topic_loops:q_py_nested_while1,"[Addition, ArithmeticOperation, AssigningVariable, CallingFunctionLibrary, HandlingFunction, ManagingVariable, NestedLoopIteration, NestedWhileLoopIteration, Printing, Python, UpdatingVariable, WhileLoopWith+=, WhileLoopWithUpdate]","[+, =, ArithmeticExpression, ArtithmeticOperator, AssignmentStatement, BinaryOperation, BooleanExpression, BuiltInFunction, Call, ComparisonExpression, ComparisonOperator, ExpressionStatement, FunctionCall, IntegerLiteral, IterationStatement, Less, LogicalExpression, NumericLiteral, Operator, SimpleAssignmentStatement, Statement, WhileStatement, print()]"
q_py_topic_loops:q_py_while_loop1,"[Addition, ArithmeticOperation, AssigningVariable, CallingFunctionLibrary, CallingStandardFunction, HandlingFunction, HandlingStandardFunction, ManagingVariable, NonNestedIteration, Printing, Python, SingleWhileLoopIteration, UpdatingVariable, WhileLoopWith+=, WhileLoopWithUpdate]","[+, =, ArithmeticExpression, ArtithmeticOperator, AssignmentStatement, BinaryOperation, BooleanExpression, BuiltInFunction, Call, ComparisonExpression, ComparisonOperator, FunctionCall, IntegerLiteral, IterationStatement, Less, LogicalExpression, NumericLiteral, Operator, SimpleAssignmentStatement, WhileStatement, print()]"
q_py_topic_loops:q_py_while_loop2,"[Addition, ArithmeticOperation, AssigningVariable, CallingFunctionLibrary, CallingStandardFunction, HandlingFunction, HandlingStandardFunction, ManagingVariable, NonNestedIteration, Printing, Python, SingleWhileLoopIteration, UpdatingVariable, WhileLoopWith+=, WhileLoopWithUpdate]","[+, =, ArithmeticExpression, ArtithmeticOperator, AssignmentStatement, BinaryOperation, BooleanExpression, BuiltInFunction, Call, ComparisonExpression, ComparisonOperator, ExpressionStatement, FunctionCall, IntegerLiteral, IterationStatement, Less, LogicalExpression, NumericLiteral, Operator, SimpleAssignmentStatement, Statement, WhileStatement, print()]"
q_py_topic_output_formatting:q_py_output1,"[ArithmeticOperation, CallingFunctionCallingFunction, CallingFunctionLibrary, CallingOOPMethod, CallingStandardFunction, CreatingString, FormattingString, HandlingFunction, HandlingFunctionCallingFunction, HandlingObjectOrientedProgramming, HandlingStandardFunction, HandlingString, NestedFunctionCall, Printing, Python, Round]","[BuiltInFunction, Call, ExpressionStatement, FloatLiteral, FunctionCall, IndexingExpression, Literal, NumericLiteral, Statement, StringLiteral, StringMethod, SubscriptExpression, format(), print()]"
q_py_topic_output_formatting:q_py_output2,"[ArithmeticOperation, CallingFunctionCallingFunction, CallingFunctionLibrary, CallingOOPMethod, CallingStandardFunction, FormattingString, HandlingFunction, HandlingFunctionCallingFunction, HandlingObjectOrientedProgramming, HandlingStandardFunction, HandlingString, NestedFunctionCall, Printing, Python, Round]","[BuiltInFunction, Call, ExpressionStatement, FloatLiteral, FunctionCall, IndexingExpression, Literal, NumericLiteral, Statement, StringLiteral, StringMethod, SubscriptExpression, format(), print()]"
q_py_topic_output_formatting:q_py_output3,"[Addition, ArithmeticOperation, AssigningVariable, FormattingString, HandlingString, ManagingVariable, Multiplication, Printing, Python]","[*, +, -, =, ArithmeticExpression, ArtithmeticOperator, AssignmentStatement, BinaryOperation, BuiltInFunction, Call, ExpressionStatement, FunctionCall, IndexingExpression, IntegerLiteral, Literal, NumericLiteral, Operator, SimpleAssignmentStatement, Statement, StringLiteral, StringMethod, SubscriptExpression, UnaryOperation, format(), print()]"
q_py_topic_output_formatting:q_py_output4,"[CallingFunctionCallingFunction, CallingFunctionLibrary, CallingOOPMethod, CallingStandardFunction, FormattingString, HandlingFunction, HandlingFunctionCallingFunction, HandlingObjectOrientedProgramming, HandlingStandardFunction, HandlingString, NestedFunctionCall, Printing, Python]","[BuiltInFunction, Call, ExpressionStatement, FloatLiteral, FunctionCall, IndexingExpression, IntegerLiteral, Literal, NumericLiteral, Statement, StringLiteral, StringMethod, SubscriptExpression, float(), format(), int(), print(), str()]"
q_py_topic_references:q_py_int_ref1,"[ArithmeticOperation, AssigningVariable, CallingFunctionCallingFunction, CallingFunctionLibrary, CallingStandardFunction, DefiningFunctionCallingFunction, DefiningStandardFunction, HandlingFunction, HandlingFunctionCallingFunction, HandlingStandardFunction, ManagingVariable, Multiplication, Printing, Python]","[*, =, ArithmeticExpression, ArtithmeticOperator, AssignmentStatement, BinaryOperation, BuiltInFunction, Call, DefinitionStatement, ExpressionStatement, FunctionCall, FunctionDefinition, IntegerLiteral, JumpStatement, NumericLiteral, Operator, ReturnStatement, SimpleAssignmentStatement, Statement, print()]"
q_py_topic_references:q_py_list_int_ref1,"[Addition, ArithmeticOperation, AssigningVariable, CallingFunctionLibrary, CallingStandardFunction, CreatingList, DefiningStandardFunction, HandlingFunction, HandlingList, HandlingStandardFunction, HandlingString, IndexingList, IndexingString, ListReferencing, ManagingVariable, Printing, Python, ReplacingListElement, UpdatingVariable]","[+, =, ArithmeticExpression, ArtithmeticOperator, AssignmentStatement, BinaryOperation, BuiltInFunction, Call, DefinitionStatement, ExpressionStatement, FunctionCall, FunctionDefinition, IndexingExpression, IntegerLiteral, ListLiteral, LiteralCollection, NumericLiteral, Operator, SimpleAssignmentStatement, Statement, SubscriptExpression, list(), print()]"
q_py_topic_references:q_py_list_str_ref1,"[AssigningVariable, CallingFunctionLibrary, CallingOOPMethod, CreatingList, HandlingFunction, HandlingList, HandlingObjectOrientedProgramming, HandlingString, IndexingList, IndexingString, ListReferencing, ManagingVariable, NestedFunctionCall, Printing, Python, ReplacingListElement, ReplacingStringContent, UpdatingVariable]","[=, AssignmentStatement, BuiltInFunction, Call, DefinitionStatement, ExpressionStatement, FunctionCall, FunctionDefinition, IndexingExpression, IntegerLiteral, JumpStatement, ListLiteral, Literal, LiteralCollection, NumericLiteral, Operator, ReturnStatement, SimpleAssignmentStatement, Statement, StringLiteral, StringMethod, SubscriptExpression, list(), print(), replace()]"
q_py_topic_references:q_py_str_ref1,"[AssigningVariable, CallingFunctionLibrary, CallingStandardFunction, CreatingString, DefiningStandardFunction, HandlingFunction, HandlingStandardFunction, HandlingString, ManagingVariable, Printing, Python, ReplacingStringContent, TransformingToStringType, UpdatingVariable]","[=, AssignmentStatement, BuiltInFunction, Call, DefinitionStatement, ExpressionStatement, FunctionCall, FunctionDefinition, JumpStatement, Literal, Operator, ReturnStatement, SimpleAssignmentStatement, Statement, StringLiteral, StringMethod, print(), replace()]"
q_py_topic_strings:q_py_concat_strings1,"[AssigningVariable, CallingFunctionLibrary, CallingStandardFunction, Concatenation, CreatingString, HandlingFunction, HandlingStandardFunction, HandlingString, ManagingVariable, NonNestedIteration, Printing, Python, ReplacingStringContent, SingleWhileLoopIteration, UpdatingVariable, WhileLoopWith+=, WhileLoopWithUpdate]","[+, =, ArithmeticExpression, ArtithmeticOperator, AssignmentStatement, AugmentedAssignmentStatement, BinaryOperation, BuiltInFunction, Call, ComparisonExpression, ComparisonOperator, ExpressionStatement, FunctionCall, IntegerLiteral, IterationStatement, Less, Literal, LogicalExpression, NumericLiteral, Operator, Statement, StringLiteral, WhileStatement, print()]"
q_py_topic_strings:q_py_substring1,"[AssigningVariable, CallingFunctionLibrary, CallingStandardFunction, CreatingString, HandlingFunction, HandlingStandardFunction, HandlingString, HandlingTuple, ManagingVariable, Printing, Python, SlicingString, SlicingTuple]","[+, =, ArithmeticExpression, ArtithmeticOperator, AssignmentStatement, BinaryOperation, BuiltInFunction, Call, ExpressionStatement, FunctionCall, IntegerLiteral, Literal, NumericLiteral, Operator, SimpleAssignmentStatement, SlicingExpression, Statement, StringLiteral, SubscriptExpression, print()]"
q_py_topic_two_dimensional_array:q_py_2d_arrays1,"[Addition, ArithmeticOperation, AssigningVariable, Create2DArray, CreatingList, HandlingList, HandlingString, Indexing2DArray, IndexingList, IndexingString, ManagingVariable, TwoDimensionalArrayTask]","[=, ArithmeticExpression, AssignmentStatement, BinaryOperation, BuiltInFunction, IndexingExpression, IntegerLiteral, ListLiteral, LiteralCollection, NumericLiteral, Operator, SimpleAssignmentStatement, SubscriptExpression, list()]"
q_py_topic_two_dimensional_array:q_py_2d_arrays2,"[Addition, ArithmeticOperation, AssigningVariable, CallingFunctionLibrary, Create2DArray, CreatingList, FindingLength, ForLoopWithListIndexing, ForLoopWithUpdate, HandlingFunction, HandlingList, HandlingString, Indexing2DArray, IndexingList, IndexingString, ManagingVariable, NestedForLoopIteration, NestedLoopIteration, Python, ReplacingListElement, Substraction, TwoDimensionalArrayTask, UpdatingVariable]","[=, AssignmentStatement, BuiltInFunction, Operator, SimpleAssignmentStatement, len(), list(), range()]"
q_py_topic_two_dimensional_array:q_py_2d_arrays3,"[Addition, ArithmeticOperation, AssigningVariable, CallingFunctionLibrary, Create2DArray, CreatingList, ForLoopWithListIndexing, ForLoopWithUpdate, HandlingFunction, HandlingList, HandlingString, Indexing2DArray, IndexingList, IndexingString, ManagingVariable, Multiplication, NestedForLoopIteration, NestedLoopIteration, Printing, Python, ReplacingElement2DArray, ReplacingListElement, Substraction, TwoDimensionalArrayTask, UpdatingVariable]","[*, +, -, =, ArithmeticExpression, ArtithmeticOperator, AssignmentStatement, BinaryOperation, BuiltInFunction, Call, ExpressionStatement, ForStatement, FunctionCall, IndexingExpression, IntegerLiteral, IterationStatement, ListLiteral, LiteralCollection, MembershipOperator, NumericLiteral, Operator, SimpleAssignmentStatement, Statement, SubscriptExpression, in, print(), range()]"
q_py_topic_two_dimensional_array:q_py_2d_arrays4,"[Addition, ArithmeticOperation, AssigningVariable, BooleanEvaluating, CallingFunctionLibrary, CheckingCondition, CheckingInForLoop, Create2DArray, CreatingList, FindingLength, ForLoopWith+=, ForLoopWithListIndexing, ForLoopWithUpdate, HandlingFunction, HandlingList, HandlingString, IfCheckingInForLoop, Indexing2DArray, IndexingList, IndexingString, ManagingVariable, NestedForLoopIteration, NestedLoopIteration, Python, TwoDimensionalArrayTask, UpdatingVariable]","[=, ArithmeticExpression, AssignmentStatement, AugmentedAssignmentStatement, BinaryOperation, BooleanExpression, BuiltInFunction, Call, ComparisonExpression, ComparisonOperator, FunctionCall, IndexingExpression, IntegerLiteral, Larger, Less, ListLiteral, LiteralCollection, LogicalExpression, NumericLiteral, Operator, SimpleAssignmentStatement, SubscriptExpression, len(), list(), range()]"
q_py_topic_variables:q_py_arithmetic1,"[ArithmeticOperation, AssigningVariable, CallingFunctionLibrary, CallingStandardFunction, Division, HandlingFunction, HandlingInteger, HandlingStandardFunction, ManagingVariable, Printing, Python, Substraction, TransformingToIntType]","[-, //, =, ArithmeticExpression, ArtithmeticOperator, AssignmentStatement, BinaryOperation, BuiltInFunction, Call, ExpressionStatement, FunctionCall, IntegerLiteral, NumericLiteral, Operator, SimpleAssignmentStatement, Statement, print()]"
q_py_topic_variables:q_py_arithmetic2,"[Addition, ArithmeticOperation, AssigningVariable, ManagingVariable, Multiplication, Power]","[*, **, +, =, ArithmeticExpression, ArtithmeticOperator, AssignmentStatement, BinaryOperation, ExpressionStatement, IntegerLiteral, NumericLiteral, Operator, SimpleAssignmentStatement, Statement]"
q_py_topic_variables:q_py_exchange1,"[ArithmeticOperation, AssigningVariable, ManagingVariable, Multiplication, Substraction]","[*, -, =, ArithmeticExpression, ArtithmeticOperator, AssignmentStatement, BinaryOperation, ExpressionStatement, FloatLiteral, IntegerLiteral, NumericLiteral, Operator, SimpleAssignmentStatement, Statement]"
q_py_topic_variables:q_py_exchange2,"[ArithmeticOperation, AssigningVariable, CallingFunctionLibrary, CallingStandardFunction, Division, HandlingFloat, HandlingFunction, HandlingInteger, HandlingStandardFunction, ManagingVariable, Substraction, TransformingToFloatType, TransformingToIntType]","[-, /, =, ArithmeticExpression, ArtithmeticOperator, AssignmentStatement, BinaryOperation, BuiltInFunction, Call, ExpressionStatement, FloatLiteral, FunctionCall, IntegerLiteral, NumericLiteral, Operator, SimpleAssignmentStatement, Statement, int()]"
q_py_topic_variables:q_py_swap1,"[Addition, ArithmeticOperation, AssigningVariable, CallingFunctionLibrary, CallingStandardFunction, HandlingFunction, HandlingStandardFunction, ManagingVariable, Printing, Python, SwappingVariablesValue, UpdatingVariable]","[+, =, ArithmeticExpression, ArtithmeticOperator, AssignmentStatement, BinaryOperation, BuiltInFunction, Call, ExpressionStatement, FunctionCall, IntegerLiteral, NumericLiteral, Operator, SimpleAssignmentStatement, Statement, print()]"
q_topic_classes_objects:q_py_inheritance_animal1,"[ArithmeticOperation, AssigningVariable, CallingFunctionLibrary, CallingOOPMethod, CallingStandardFunction, CreatingObject, DefiningClass, DefiningOOPMethod, DefiningStandardFunction, HandlingFunction, HandlingObjectOrientedProgramming, HandlingStandardFunction, ManagingVariable, Multiplication, Printing, Python]","[*, =, ArithmeticExpression, ArtithmeticOperator, AssignmentStatement, BinaryOperation, BuiltInFunction, Call, ClassDefinition, DefinitionStatement, ExpressionStatement, FunctionCall, FunctionDefinition, IntegerLiteral, JumpStatement, Literal, NumericLiteral, Operator, ReturnStatement, SimpleAssignmentStatement, Statement, StringLiteral, print()]"
q_topic_classes_objects:q_py_obj_account1,"[AddingItemToDictionary, Addition, ArithmeticOperation, AssigningVariable, CallingFunctionLibrary, CallingOOPMethod, CallingStandardFunction, Concatenation, CreatingDictionary, CreatingObject, DefiningClass, DefiningOOPMethod, DefiningStandardFunction, HandlingDictionary, HandlingFunction, HandlingObjectOrientedProgramming, HandlingStandardFunction, HandlingString, IndexingDictionary, IndexingString, ManagingVariable, Printing, Python, Substraction, UpdatingVariable]","[=, AssignmentStatement, AugmentedAssignmentStatement, BuiltInFunction, Call, ClassDefinition, ClassMethod, DefinitionStatement, FunctionCall, FunctionDefinition, IndexingExpression, Operator, SimpleAssignmentStatement, SubscriptExpression, __init()__, dict(), print()]"
q_topic_classes_objects:q_py_obj_bus1,"[Addition, ArithmeticOperation, AssigningVariable, BooleanEvaluating, CallingFunctionLibrary, CallingOOPMethod, CallingStandardFunction, CheckingCondition, CreatingObject, DefiningClass, DefiningOOPMethod, DefiningStandardFunction, FindMinimum, HandlingFunction, HandlingObjectOrientedProgramming, HandlingStandardFunction, IfChecking, IfElseChecking, ManagingVariable, Printing, Python, Substraction, UpdatingVariable]","[+, -, =, ArithmeticExpression, ArtithmeticOperator, AssignmentStatement, BinaryOperation, BooleanExpression, BooleanLiteral, BuiltInFunction, Call, ClassDefinition, ClassMethod, ComparisonExpression, ComparisonOperator, ConditionalStatement, DefinitionStatement, ExpressionStatement, FunctionCall, FunctionDefinition, IfStatement, IntegerLiteral, JumpStatement, Larger, Literal, LogicalExpression, NumericLiteral, Operator, ReturnStatement, SimpleAssignmentStatement, Statement, __init()__, min(), print()]"
q_topic_classes_objects:q_py_obj_car1,"[Addition, ArithmeticOperation, AssigningVariable, CallingFunctionLibrary, CallingOOPMethod, CallingStandardFunction, CheckingCondition, CreatingObject, DefiningClass, DefiningOOPMethod, DefiningStandardFunction, FindMinimum, HandlingFunction, HandlingObjectOrientedProgramming, HandlingStandardFunction, IfChecking, ManagingVariable, Printing, Python, Substraction, UpdatingVariable]","[+, -, =, ArithmeticExpression, ArtithmeticOperator, AssignmentStatement, BinaryOperation, BooleanLiteral, BuiltInFunction, Call, ClassDefinition, ClassMethod, ComparisonExpression, ComparisonOperator, ConditionalStatement, DefinitionStatement, ExpressionStatement, FunctionCall, FunctionDefinition, IfStatement, IntegerLiteral, JumpStatement, Less, Literal, LogicalExpression, NumericLiteral, Operator, ReturnStatement, SimpleAssignmentStatement, Statement, __init()__, min(), print()]"
q_topic_classes_objects:q_py_obj_car2,"[Addition, ArithmeticOperation, AssigningVariable, BooleanEvaluating, CallingFunctionLibrary, CallingOOPMethod, CallingStandardFunction, CheckingCondition, CreatingObject, DefiningClass, DefiningOOPMethod, DefiningStandardFunction, FindMaximum, FindMinimum, HandlingFunction, HandlingObjectOrientedProgramming, HandlingStandardFunction, IfChecking, ManagingVariable, Printing, Python, Substraction, UpdatingVariable]","[+, -, =, ArithmeticExpression, ArtithmeticOperator, AssignmentStatement, BinaryOperation, BooleanExpression, BooleanLiteral, BuiltInFunction, Call, ClassDefinition, ClassMethod, ComparisonExpression, ComparisonOperator, ConditionalStatement, DefinitionStatement, ExpressionStatement, FunctionCall, FunctionDefinition, IfElseStatement, IfStatement, IntegerLiteral, JumpStatement, Larger, Less, Literal, LogicalExpression, NumericLiteral, Operator, ReturnStatement, SimpleAssignmentStatement, Statement, __init()__, min(), print()]"
q_topic_classes_objects:q_py_obj_point1,"[ArithmeticOperation, BooleanEvaluating, CheckingCondition, CreatingObject, DefiningClass, DefiningOOPMethod, HandlingObjectOrientedProgramming, IfElifElseChecking, IfElseChecking, Printing, Python, Substraction]","[-, =, ArtithmeticOperator, AssignmentStatement, BooleanExpression, BuiltInFunction, Call, ClassDefinition, ClassMethod, ComparisonExpression, ComparisonOperator, ConditionalStatement, DefinitionStatement, ExpressionStatement, FunctionCall, FunctionDefinition, IfElifElseStatement, IntegerLiteral, JumpStatement, Larger, Literal, LogicalExpression, NumericLiteral, Operator, ReturnStatement, SimpleAssignmentStatement, Statement, StringLiteral, __init()__, print()]"
q_topic_classes_objects:q_py_obj_student1,"[AddingListElement, AddingListElementWithAppend, Addition, ArithmeticOperation, BooleanEvaluating, CallingOOPMethod, CheckingCondition, CheckingInForLoop, CreatingList, CreatingObject, DefiningClass, Division, FindMaximum, FindingLength, ForLoopWithListIndexing, ForLoopWithUpdate, HandlingFloat, HandlingInteger, HandlingList, HandlingObjectOrientedProgramming, HandlingString, IfCheckingInForLoop, IndexingList, IndexingString, NonNestedIteration, Printing, Python, SingleForLoopIteration, Substraction, TransformingToFloatType, TransformingToIntType]","[+, /, =, ArithmeticExpression, ArtithmeticOperator, AssignmentStatement, BinaryOperation, BuiltInFunction, Call, ClassDefinition, ClassMethod, ComparisonExpression, ComparisonOperator, ConditionalStatement, DefinitionStatement, ExpressionStatement, FloatLiteral, ForStatement, FunctionCall, FunctionDefinition, IfStatement, IndexingExpression, IntegerLiteral, IterationStatement, JumpStatement, Larger, ListLiteral, ListMethod, Literal, LiteralCollection, LogicalExpression, NumericLiteral, Operator, ReturnStatement, SimpleAssignmentStatement, Statement, StringLiteral, SubscriptExpression, __init()__, append(), float(), int(), len(), list(), print(), range()]"
